country_name,country_qid,entity,label,type,latitude,longitude
People's Republic of China,Q148,http://www.wikidata.org/entity/Q14423633,Huanghe Hydropower Golmud Solar Park,Solar power station,36.4,95.125
People's Republic of China,Q148,http://www.wikidata.org/entity/Q126737179,Ürümqi Solar Farm,Solar power station,,
People's Republic of China,Q148,http://www.wikidata.org/entity/Q7267821,Qinghai Golmud Solar Park,Solar power station,36.33777778,95.22166667
People's Republic of China,Q148,http://www.wikidata.org/entity/Q23021244,Q23021244,Solar power station,32.5053,80.1325
People's Republic of China,Q148,http://www.wikidata.org/entity/Q39059038,Sungrow Huainan Solar Farm,Solar power station,32.581821,116.594645
People's Republic of China,Q148,http://www.wikidata.org/entity/Q31908028,Q31908028,Solar power station,39.975,113.485
People's Republic of China,Q148,http://www.wikidata.org/entity/Q65119771,Golmud CPV Solar Park,Solar power station,36.328611,94.801944
People's Republic of China,Q148,http://www.wikidata.org/entity/Q5896022,Hongsibu Solar Park,Solar power station,37.303333333,105.951944444
People's Republic of China,Q148,http://www.wikidata.org/entity/Q47490940,Wuhai solar updraft power plant,Solar power station,39.76716,106.82983
People's Republic of China,Q148,http://www.wikidata.org/entity/Q5208786,Dahe Solar Park,Solar power station,41.06666667,114.38333333
People's Republic of China,Q148,http://www.wikidata.org/entity/Q5521504,Gansu Dunhuang Solar Park,Solar power station,40.06666667,94.5
People's Republic of China,Q148,http://www.wikidata.org/entity/Q54509739,Tengger Desert Solar Park,Solar power station,37.562,105.0413
People's Republic of China,Q148,http://www.wikidata.org/entity/Q6191972,Jiayuguan Solar Park,Solar power station,39.68333333,99.0
People's Republic of China,Q148,http://www.wikidata.org/entity/Q107450009,Q107450009,Solar power station,,
People's Republic of China,Q148,http://www.wikidata.org/entity/Q123503891,Longyangxia Dam Solar Park,Solar power station,36.1297,100.5567
People's Republic of China,Q148,http://www.wikidata.org/entity/Q8044787,Xitieshan Solar Park,Solar power station,37.3094,95.4847
People's Republic of China,Q148,http://www.wikidata.org/entity/Q8048547,Yangbajing Solar Park,Solar power station,30.0833,90.5333
People's Republic of China,Q148,http://www.wikidata.org/entity/Q5925425,Huaneng Geermu Solar Park,Solar power station,36.38333333,95.1
People's Republic of China,Q148,http://www.wikidata.org/entity/Q2944622,Shigatse Photovoltaic Power Plant,Solar power station,29.3008,88.8544
Japan,Q17,http://www.wikidata.org/entity/Q96913124,Q96913124,Solar power station,43.037666666,144.437611111
Japan,Q17,http://www.wikidata.org/entity/Q11428112,Q11428112,Solar power station,,
Japan,Q17,http://www.wikidata.org/entity/Q11503609,Q11503609,Solar power station,,
Japan,Q17,http://www.wikidata.org/entity/Q40719125,SoftBank Tomatoh Abira Solar Park,Solar power station,42.719444444,141.792222222
Japan,Q17,http://www.wikidata.org/entity/Q11529307,Masaki Solar Power Station,Solar power station,33.802083,132.691194
Japan,Q17,http://www.wikidata.org/entity/Q17218989,Q17218989,Solar power station,,
Japan,Q17,http://www.wikidata.org/entity/Q17223804,Q17223804,Solar power station,,
Japan,Q17,http://www.wikidata.org/entity/Q17229953,Q17229953,Solar power station,,
Japan,Q17,http://www.wikidata.org/entity/Q39219516,Q39219516,Solar power station,42.910555555,143.964166666
Japan,Q17,http://www.wikidata.org/entity/Q22118783,Q22118783,Solar power station,,
Japan,Q17,http://www.wikidata.org/entity/Q22119879,Q22119879,Solar power station,,
Japan,Q17,http://www.wikidata.org/entity/Q22120063,Q22120063,Solar power station,,
Japan,Q17,http://www.wikidata.org/entity/Q24871950,Q24871950,Solar power station,,
Japan,Q17,http://www.wikidata.org/entity/Q11592020,Fukuyama solar power station,Solar power station,,
Japan,Q17,http://www.wikidata.org/entity/Q20043716,Q20043716,Solar power station,35.06208333,134.74219444
Japan,Q17,http://www.wikidata.org/entity/Q16892660,Ukujima Mega Solar Plant,Solar power station,,
Japan,Q17,http://www.wikidata.org/entity/Q17193619,Iyotetsu Tōon Solar Power Station,Solar power station,,
Japan,Q17,http://www.wikidata.org/entity/Q6428293,Komekurayama Solar Power Plant,Solar power station,35.58333333,138.56666667
Japan,Q17,http://www.wikidata.org/entity/Q39219286,Q39219286,Solar power station,42.993055555,144.185833333
Japan,Q17,http://www.wikidata.org/entity/Q7080072,Ogishima Solar Power Plant,Solar power station,35.48861111,139.72722222
Japan,Q17,http://www.wikidata.org/entity/Q40719421,Q40719421,Solar power station,42.655555555,141.675555555
Japan,Q17,http://www.wikidata.org/entity/Q105109804,Q105109804,Solar power station,42.301361111,140.2685
Japan,Q17,http://www.wikidata.org/entity/Q17210815,Q17210815,Solar power station,33.33844444,130.38202778
Japan,Q17,http://www.wikidata.org/entity/Q11529797,Matsuyama Solar Power Station,Solar power station,33.9,132.73
Japan,Q17,http://www.wikidata.org/entity/Q17228576,Q17228576,Solar power station,33.944396,133.210179
Japan,Q17,http://www.wikidata.org/entity/Q11558514,Ukishima Solar Power Plant,Solar power station,35.515555555,139.777777777
Japan,Q17,http://www.wikidata.org/entity/Q65064841,Setouchi Kirei Mega Solar Power Plant,Solar power station,,
Japan,Q17,http://www.wikidata.org/entity/Q109599744,Q109599744,Solar power station,,
Japan,Q17,http://www.wikidata.org/entity/Q39219909,Q39219909,Solar power station,42.796666666,143.488055555
Japan,Q17,http://www.wikidata.org/entity/Q55611179,Eurus Rokkasho Solar Park,Solar power station,40.9277,141.3623
Japan,Q17,http://www.wikidata.org/entity/Q40719694,Q40719694,Solar power station,42.695833333,141.772222222
Iran,Q794,http://www.wikidata.org/entity/Q16053591,Q16053591,Solar power station,,
Iran,Q794,http://www.wikidata.org/entity/Q28713316,Q28713316,Solar power station,,
Iran,Q794,http://www.wikidata.org/entity/Q30224493,Q30224493,Solar power station,,
Iran,Q794,http://www.wikidata.org/entity/Q30224501,Q30224501,Solar power station,,
Iran,Q794,http://www.wikidata.org/entity/Q31069601,Q31069601,Solar power station,,
Iran,Q794,http://www.wikidata.org/entity/Q40466738,Q40466738,Solar power station,,
Iran,Q794,http://www.wikidata.org/entity/Q25423378,Tabriz Solar Power Plant,Solar power station,,
Iran,Q794,http://www.wikidata.org/entity/Q7498338,Shiraz solar power plant,Solar power station,,
Iran,Q794,http://www.wikidata.org/entity/Q30224498,Amir Kabir Solar Power Plant,Solar power station,34.9672116,48.5657298
Iran,Q794,http://www.wikidata.org/entity/Q7267336,Qazvin hydrogen power plant,Solar power station,36.13333333,50.56666667
Iran,Q794,http://www.wikidata.org/entity/Q23645777,Mashhad Solar Power Plant,Solar power station,36.355638888,59.450805555
United States,Q30,http://www.wikidata.org/entity/Q116719821,Lakeland Solar Energy LLC,Solar power station,31.026944,-83.055
United States,Q30,http://www.wikidata.org/entity/Q116719859,"Franklin Solar, LLC",Solar power station,36.0975,-78.16778
United States,Q30,http://www.wikidata.org/entity/Q116719902,Division 3,Solar power station,34.708333,-118.1306
United States,Q30,http://www.wikidata.org/entity/Q116719900,Rockland Solar CSG,Solar power station,42.089167,-70.89778
United States,Q30,http://www.wikidata.org/entity/Q116719849,Blue Sky One,Solar power station,36.907778,-105.9853
United States,Q30,http://www.wikidata.org/entity/Q116719787,CU Solar Plant,Solar power station,39.741944,-83.81694
United States,Q30,http://www.wikidata.org/entity/Q116719847,Dartmouth,Solar power station,41.676111,-70.99694
United States,Q30,http://www.wikidata.org/entity/Q116719888,Technology Drive Solar,Solar power station,42.876111,-72.56583
United States,Q30,http://www.wikidata.org/entity/Q116719889,Henrietta Solar Project,Solar power station,36.218806,-119.8058
United States,Q30,http://www.wikidata.org/entity/Q116719767,Quittacas Pond Solar,Solar power station,41.781944,-70.91333
United States,Q30,http://www.wikidata.org/entity/Q116719839,Waihonu North Solar,Solar power station,21.470556,-158.0133
United States,Q30,http://www.wikidata.org/entity/Q116719773,Gridley Main Two,Solar power station,39.373333,-121.6817
United States,Q30,http://www.wikidata.org/entity/Q116719886,Butler Solar Power Project,Solar power station,38.27,-94.35
United States,Q30,http://www.wikidata.org/entity/Q116719901,Division 2,Solar power station,34.708333,-118.1306
United States,Q30,http://www.wikidata.org/entity/Q116719850,Ayrshire,Solar power station,35.283056,-81.61528
United States,Q30,http://www.wikidata.org/entity/Q116719772,Gridley Main,Solar power station,39.373333,-121.6842
United States,Q30,http://www.wikidata.org/entity/Q116719880,Delilah Road Landfill,Solar power station,39.416111,-74.54389
United States,Q30,http://www.wikidata.org/entity/Q116719796,RE Gillespie 1 LLC,Solar power station,33.026389,-112.6658
United States,Q30,http://www.wikidata.org/entity/Q116719905,Chauncey Farm LLC,Solar power station,34.3375,-78.52194
United States,Q30,http://www.wikidata.org/entity/Q116719835,North Brookfield,Solar power station,42.278056,-72.05306
United States,Q30,http://www.wikidata.org/entity/Q116719906,Mount Olive Farm,Solar power station,35.201944,-78.08167
United States,Q30,http://www.wikidata.org/entity/Q116719857,"AC Criminal Courts Complex SPE2, LLC",Solar power station,39.4375,-74.69056
United States,Q30,http://www.wikidata.org/entity/Q116719799,Livingston Solar Canopies,Solar power station,40.5275,-74.43833
United States,Q30,http://www.wikidata.org/entity/Q116719865,Shasta Solar Farm,Solar power station,41.031389,-121.4225
United States,Q30,http://www.wikidata.org/entity/Q116719871,Oakboro Farm,Solar power station,34.795833,-79.53833
United States,Q30,http://www.wikidata.org/entity/Q116719806,Cornerstone Power Vineland I LLC,Solar power station,39.439722,-75.04389
United States,Q30,http://www.wikidata.org/entity/Q116719804,Kettleman Solar Project,Solar power station,38.12139,-121.1412
United States,Q30,http://www.wikidata.org/entity/Q116719838,Jersey Gardens Phase 2,Solar power station,40.660833,-74.17333
United States,Q30,http://www.wikidata.org/entity/Q116719837,Jersey Gardens Phase 1,Solar power station,40.660833,-74.17333
United States,Q30,http://www.wikidata.org/entity/Q116719883,BearPond Solar Center LLC,Solar power station,36.276111,-78.37722
United States,Q30,http://www.wikidata.org/entity/Q116719856,"Valparaiso Solar, LLC",Solar power station,41.502222,-87.16111
United States,Q30,http://www.wikidata.org/entity/Q116719822,Milford Flat Solar Plant,Solar power station,38.291389,-113.0083
United States,Q30,http://www.wikidata.org/entity/Q116719800,Chuckawalla Solar,Solar power station,33.568333,-114.9181
United States,Q30,http://www.wikidata.org/entity/Q116719776,Corcoran Solar,Solar power station,36.138333,-119.5733
United States,Q30,http://www.wikidata.org/entity/Q116719803,Vintner Solar,Solar power station,35.55795,-120.6829
United States,Q30,http://www.wikidata.org/entity/Q116719825,Sacramento Fairbain Water Treatment Plant,Solar power station,38.554802,-121.4168
United States,Q30,http://www.wikidata.org/entity/Q116719820,Lake Pleasant WTP,Solar power station,33.820556,-112.24
United States,Q30,http://www.wikidata.org/entity/Q116719884,Shankle Solar Center LLC,Solar power station,34.943889,-79.19583
United States,Q30,http://www.wikidata.org/entity/Q116719794,Maryland Solar,Solar power station,39.563056,-77.72028
United States,Q30,http://www.wikidata.org/entity/Q116719813,Otero Solar,Solar power station,32.976389,-105.9711
United States,Q30,http://www.wikidata.org/entity/Q116719852,Storrie Lake Solar Project,Solar power station,35.656944,-105.1839
United States,Q30,http://www.wikidata.org/entity/Q116719809,Chattanooga Metropolitan Airport Solar,Solar power station,35.024583,-85.20862
United States,Q30,http://www.wikidata.org/entity/Q116719864,Rams Horn Solar Center LLC,Solar power station,35.64,-77.31611
United States,Q30,http://www.wikidata.org/entity/Q116719810,Union HS at Casa Grande,Solar power station,32.936944,-111.7386
United States,Q30,http://www.wikidata.org/entity/Q116719875,Halifax,Solar power station,36.441944,-77.71139
United States,Q30,http://www.wikidata.org/entity/Q116719904,Kettering Solar 2,Solar power station,34.700278,-118.1236
United States,Q30,http://www.wikidata.org/entity/Q116719816,Neuse River Solar Farm,Solar power station,35.714444,-78.49889
United States,Q30,http://www.wikidata.org/entity/Q116719872,Patriots Stadium,Solar power station,40.560556,-74.55139
United States,Q30,http://www.wikidata.org/entity/Q116719771,Atwell Island,Solar power station,35.895,-119.5108
United States,Q30,http://www.wikidata.org/entity/Q116719861,Albemarle Solar Center LLC,Solar power station,35.293056,-77.55694
United States,Q30,http://www.wikidata.org/entity/Q116719783,Bryan Solar Field,Solar power station,41.476389,-84.58611
United States,Q30,http://www.wikidata.org/entity/Q116719897,"Cottonwood Solar, LLC (Goose Lake)",Solar power station,35.593611,-119.58
United States,Q30,http://www.wikidata.org/entity/Q116719862,Boseman Solar Center LLC,Solar power station,36.008056,-77.81
United States,Q30,http://www.wikidata.org/entity/Q116719797,Livingston Solar Farm,Solar power station,40.523611,-74.43
United States,Q30,http://www.wikidata.org/entity/Q116719833,Port Richmond WWT Solar,Solar power station,40.638056,-74.12611
United States,Q30,http://www.wikidata.org/entity/Q116719778,Oakley Solar Project,Solar power station,38.001667,-121.7478
United States,Q30,http://www.wikidata.org/entity/Q116719882,"Rockville Solar II, LLC",Solar power station,39.766944,-86.3
United States,Q30,http://www.wikidata.org/entity/Q116719899,Calipatria Solar Farm,Solar power station,33.165833,-115.5322
United States,Q30,http://www.wikidata.org/entity/Q116719802,Bear Creek Solar,Solar power station,38.136389,-121.1489
United States,Q30,http://www.wikidata.org/entity/Q116719870,"Gato Montes Solar, LLC",Solar power station,32.102778,-110.8197
United States,Q30,http://www.wikidata.org/entity/Q116719831,Rockford Solar Farm,Solar power station,42.175278,-89.08833
United States,Q30,http://www.wikidata.org/entity/Q116719844,Turkey Branch Solar LLC,Solar power station,34.524444,-79.10444
United States,Q30,http://www.wikidata.org/entity/Q116719858,"Arba Solar, LLC",Solar power station,35.396389,-77.70361
United States,Q30,http://www.wikidata.org/entity/Q116719885,Graham Solar Center LLC,Solar power station,34.309722,-79.01444
United States,Q30,http://www.wikidata.org/entity/Q116719795,SEV NM Phase 2,Solar power station,33.351111,-104.5069
United States,Q30,http://www.wikidata.org/entity/Q116719908,Warsaw II,Solar power station,35.01,-78.05
United States,Q30,http://www.wikidata.org/entity/Q116719789,IND Community Solar Farm 1st Phase,Solar power station,39.695209,-86.31553
United States,Q30,http://www.wikidata.org/entity/Q116719863,Littlefield Solar Center LLC,Solar power station,35.433889,-77.43806
United States,Q30,http://www.wikidata.org/entity/Q116719887,Oregon University System OIT Klamath Falls,Solar power station,42.254167,-121.785
United States,Q30,http://www.wikidata.org/entity/Q116719786,Northbridge Solar,Solar power station,42.166389,-71.64556
United States,Q30,http://www.wikidata.org/entity/Q116719898,"Cottonwood Solar, LLC (City of Corcoran)",Solar power station,36.134444,-119.5544
United States,Q30,http://www.wikidata.org/entity/Q116719829,KRS II Koloa Solar,Solar power station,21.900833,-159.45
United States,Q30,http://www.wikidata.org/entity/Q116719854,"Waterloo Solar, LLC",Solar power station,41.433889,-85.04389
United States,Q30,http://www.wikidata.org/entity/Q116719830,Tulare 1 and 2,Solar power station,36.2,-119.42
United States,Q30,http://www.wikidata.org/entity/Q116719869,"Kenansville Solar Farm, LLC",Solar power station,34.97,-77.97611
United States,Q30,http://www.wikidata.org/entity/Q116719769,Tissington Solar,Solar power station,41.200278,-74.49194
United States,Q30,http://www.wikidata.org/entity/Q116719828,KRS I Anahola Solar Hybrid,Solar power station,22.131667,-159.3031
United States,Q30,http://www.wikidata.org/entity/Q116719834,Montgomery Solar LLC,Solar power station,35.344444,-79.76833
United States,Q30,http://www.wikidata.org/entity/Q116719762,Black Cap Solar Plant,Solar power station,42.17505,-120.3626
United States,Q30,http://www.wikidata.org/entity/Q116719860,"Samarcand Solar Farm, LLC",Solar power station,35.311667,-79.695
United States,Q30,http://www.wikidata.org/entity/Q116719841,Aloha Solar Energy Fund 1 PK1,Solar power station,21.406944,-158.1514
United States,Q30,http://www.wikidata.org/entity/Q116719836,Kalaeloa Renewable Energy Park,Solar power station,21.328056,-158.04
United States,Q30,http://www.wikidata.org/entity/Q116719811,Vista Grande HS at Casa Grande,Solar power station,32.891389,-111.7131
United States,Q30,http://www.wikidata.org/entity/Q116719851,JMB Mcguire-Dix-Lakehurst Solar Project,Solar power station,39.992818,-74.63693
United States,Q30,http://www.wikidata.org/entity/Q116719866,Apple One,Solar power station,35.629444,-81.15694
United States,Q30,http://www.wikidata.org/entity/Q116719775,White River Solar,Solar power station,35.871389,-119.4625
United States,Q30,http://www.wikidata.org/entity/Q116719903,Berry Plastics Solar,Solar power station,40.698333,-75.15194
United States,Q30,http://www.wikidata.org/entity/Q116719907,Yanceyville Farm 2 LLC,Solar power station,36.413889,-79.31694
United States,Q30,http://www.wikidata.org/entity/Q116719812,Alethea I,Solar power station,40.000556,-74.735
United States,Q30,http://www.wikidata.org/entity/Q116719892,"RE Kent South, LLC",Solar power station,36.226111,-119.9053
United States,Q30,http://www.wikidata.org/entity/Q116719793,Bellingham PV,Solar power station,42.075,-71.70306
United States,Q30,http://www.wikidata.org/entity/Q116719881,Dessie Solar Center LLC,Solar power station,34.302778,-78.83583
United States,Q30,http://www.wikidata.org/entity/Q116719819,North Carolina Solar Bethea I,Solar power station,34.704722,-79.52583
United States,Q30,http://www.wikidata.org/entity/Q116719840,Waihonu South Solar,Solar power station,21.468889,-158.0164
United States,Q30,http://www.wikidata.org/entity/Q116719853,"Hobart Solar, LLC",Solar power station,41.529444,-87.30833
United States,Q30,http://www.wikidata.org/entity/Q116719867,Red Horse 2,Solar power station,32.286111,-110.0881
United States,Q30,http://www.wikidata.org/entity/Q116719807,Ironwood Solar LLC,Solar power station,33.565,-114.9181
United States,Q30,http://www.wikidata.org/entity/Q116719879,Cloverdale Solar I,Solar power station,38.773056,-123.0178
United States,Q30,http://www.wikidata.org/entity/Q116719808,Desert Hot Springs Solar,Solar power station,33.923056,-116.53
United States,Q30,http://www.wikidata.org/entity/Q116719818,Garnet Solar Generation Station I LLC,Solar power station,33.8906,-116.5431
United States,Q30,http://www.wikidata.org/entity/Q116720675,IMPA Washington Solar Park,Solar power station,38.653455,-87.20922
United States,Q30,http://www.wikidata.org/entity/Q116720658,HXNAir Solar One,Solar power station,36.348734,-77.63151
United States,Q30,http://www.wikidata.org/entity/Q116720638,Dulles,Solar power station,34.030119,-117.5178
United States,Q30,http://www.wikidata.org/entity/Q116720694,Southbridge Solar,Solar power station,42.090932,-72.01167
United States,Q30,http://www.wikidata.org/entity/Q116720622,"Floyd Solar, LLC",Solar power station,34.509128,-79.13588
United States,Q30,http://www.wikidata.org/entity/Q116720751,"Boulder Solar Power, LLC",Solar power station,35.348,-114.97
United States,Q30,http://www.wikidata.org/entity/Q116720709,Montana Solar Facility,Solar power station,31.813061,-106.2189
United States,Q30,http://www.wikidata.org/entity/Q116720688,Sharon Station,Solar power station,40.182623,-74.539
United States,Q30,http://www.wikidata.org/entity/Q116720695,Antelope Big Sky Ranch,Solar power station,34.694839,-118.2877
United States,Q30,http://www.wikidata.org/entity/Q116720703,Jester Solar,Solar power station,35.36118,-77.8861
United States,Q30,http://www.wikidata.org/entity/Q116720717,"Howell Midland Farm, LLC",Solar power station,35.225669,-80.54309
United States,Q30,http://www.wikidata.org/entity/Q116720720,Midway Solar Farm III,Solar power station,33.154761,-115.5449
United States,Q30,http://www.wikidata.org/entity/Q116720647,"TWE New Bern Solar Project, LLC",Solar power station,35.154273,-77.13432
United States,Q30,http://www.wikidata.org/entity/Q116720718,"Augustus Farm, LLC",Solar power station,35.599685,-77.63911
United States,Q30,http://www.wikidata.org/entity/Q116720677,Weymouth Solar Plant,Solar power station,34.108618,-117.7822
United States,Q30,http://www.wikidata.org/entity/Q116720653,"County Home Solar Center, LLC",Solar power station,35.263255,-81.50868
United States,Q30,http://www.wikidata.org/entity/Q116720629,Shelter Solar,Solar power station,34.983772,-79.26803
United States,Q30,http://www.wikidata.org/entity/Q116720654,"Laurinburg Solar, LLC (Heelstone)",Solar power station,34.707644,-79.29538
United States,Q30,http://www.wikidata.org/entity/Q116720644,Conetoe Solar,Solar power station,35.825182,-77.45777
United States,Q30,http://www.wikidata.org/entity/Q116720750,"Solar Las Vegas MB 2, LLC",Solar power station,36.087426,-115.1754
United States,Q30,http://www.wikidata.org/entity/Q116720682,Playa Solar 2,Solar power station,36.408,-114.908
United States,Q30,http://www.wikidata.org/entity/Q116720734,"Railroad Solar Center, LLC",Solar power station,43.998019,-117.1012
United States,Q30,http://www.wikidata.org/entity/Q116720704,Trinity Solar,Solar power station,35.87025,-79.9282
United States,Q30,http://www.wikidata.org/entity/Q116720710,Holloman Solar Facility,Solar power station,32.921261,-106.0724
United States,Q30,http://www.wikidata.org/entity/Q116720657,"Long Farm 46 Solar, LLC",Solar power station,36.467021,-77.61796
United States,Q30,http://www.wikidata.org/entity/Q116720705,St. Matthews Solar,Solar power station,33.6867,-80.7586
United States,Q30,http://www.wikidata.org/entity/Q116720670,Conn Mun Electric Energy Coop,Solar power station,41.538324,-72.12254
United States,Q30,http://www.wikidata.org/entity/Q116720669,BJ's Wholesale Club Inc Dist Center,Solar power station,40.098458,-74.82593
United States,Q30,http://www.wikidata.org/entity/Q116720667,CMEEC - Bozrah,Solar power station,41.570584,-72.15861
United States,Q30,http://www.wikidata.org/entity/Q116720725,Jeffco Community Solar Gardens LLC,Solar power station,39.859564,-105.1497
United States,Q30,http://www.wikidata.org/entity/Q116720690,"CED Westfield Solar, LLC",Solar power station,42.175625,-72.75518
United States,Q30,http://www.wikidata.org/entity/Q116720630,Heedeh Solar,Solar power station,34.308744,-78.22148
United States,Q30,http://www.wikidata.org/entity/Q116720721,Scott Solar Farm,Solar power station,37.523,-77.934
United States,Q30,http://www.wikidata.org/entity/Q116720648,Whitethorn Solar LLC,Solar power station,37.691,-121.717
United States,Q30,http://www.wikidata.org/entity/Q116720716,"Portal Ridge Solar C, LLC",Solar power station,34.71412,-118.2739
United States,Q30,http://www.wikidata.org/entity/Q116720744,Sudbury Solar,Solar power station,43.833,-73.192
United States,Q30,http://www.wikidata.org/entity/Q116720671,Orange County Solar Farm (NY),Solar power station,41.404879,-74.3595
United States,Q30,http://www.wikidata.org/entity/Q116720641,Solverde 1,Solar power station,34.655694,-118.2982
United States,Q30,http://www.wikidata.org/entity/Q116720643,Antelope DSR 2,Solar power station,34.686944,-118.3117
United States,Q30,http://www.wikidata.org/entity/Q116720697,Central Antelope Dry Ranch B LLC,Solar power station,34.705549,-118.3014
United States,Q30,http://www.wikidata.org/entity/Q116720645,Sugar Run Solar,Solar power station,36.437752,-76.59783
United States,Q30,http://www.wikidata.org/entity/Q116720726,"Willow Spring Solar, LLC",Solar power station,34.826697,-118.3352
United States,Q30,http://www.wikidata.org/entity/Q116720713,Sumrall I Solar Farm,Solar power station,31.403531,-89.49764
United States,Q30,http://www.wikidata.org/entity/Q116720627,Building G,Solar power station,33.912917,-118.0506
United States,Q30,http://www.wikidata.org/entity/Q116720742,Wal-Mart Truth or Consequences PV,Solar power station,33.1526,-107.2498
United States,Q30,http://www.wikidata.org/entity/Q116720642,Antelope DSR 1,Solar power station,34.655556,-118.2807
United States,Q30,http://www.wikidata.org/entity/Q116720631,Tate Solar,Solar power station,36.066109,-78.02961
United States,Q30,http://www.wikidata.org/entity/Q116720634,Cash Solar,Solar power station,36.02818,-77.92331
United States,Q30,http://www.wikidata.org/entity/Q116720757,Gastonia Solar Center,Solar power station,35.229033,-81.18908
United States,Q30,http://www.wikidata.org/entity/Q116720715,"Portal Ridge Solar B, LLC",Solar power station,34.71647,-118.2821
United States,Q30,http://www.wikidata.org/entity/Q116720679,Alta Luna,Solar power station,32.572022,-107.4865
United States,Q30,http://www.wikidata.org/entity/Q116720687,Cedar Branch,Solar power station,39.503337,-74.96448
United States,Q30,http://www.wikidata.org/entity/Q116720728,East Amwell,Solar power station,40.443266,-74.87637
United States,Q30,http://www.wikidata.org/entity/Q116720672,Estrella Mountain PV,Solar power station,33.409803,-112.3403
United States,Q30,http://www.wikidata.org/entity/Q116720632,Eagle Solar,Solar power station,36.458327,-78.15509
United States,Q30,http://www.wikidata.org/entity/Q116720696,Summer Solar LLC,Solar power station,34.714703,-118.311
United States,Q30,http://www.wikidata.org/entity/Q116720635,Daystar Solar,Solar power station,35.035589,-77.20245
United States,Q30,http://www.wikidata.org/entity/Q116720747,Turrill Solar Farm,Solar power station,43.034739,-83.30889
United States,Q30,http://www.wikidata.org/entity/Q116720758,Wortham Solar Farm,Solar power station,36.352489,-78.37634
United States,Q30,http://www.wikidata.org/entity/Q116720731,"Grove Solar Center, LLC",Solar power station,43.936687,-117.3812
United States,Q30,http://www.wikidata.org/entity/Q116720628,Buidling L,Solar power station,33.912917,-118.0419
United States,Q30,http://www.wikidata.org/entity/Q116720736,"Vale Air Solar Center, LLC",Solar power station,43.965031,-117.2581
United States,Q30,http://www.wikidata.org/entity/Q116720633,Robin Solar,Solar power station,35.264418,-78.08139
United States,Q30,http://www.wikidata.org/entity/Q116720738,Providence Solar,Solar power station,35.578333,-89.04778
United States,Q30,http://www.wikidata.org/entity/Q116720733,"Open Range Solar Center, LLC",Solar power station,43.796766,-117.0653
United States,Q30,http://www.wikidata.org/entity/Q116720737,Midway Solar Farm 1,Solar power station,33.176627,-115.5728
United States,Q30,http://www.wikidata.org/entity/Q116720652,Rio Communities Solar Energy Center,Solar power station,34.582598,-106.683
United States,Q30,http://www.wikidata.org/entity/Q116720699,Organ Church Solar,Solar power station,35.525584,-80.45113
United States,Q30,http://www.wikidata.org/entity/Q116720714,"Mesquite Solar 3, LLC",Solar power station,33.347583,-112.9368
United States,Q30,http://www.wikidata.org/entity/Q116720621,"Cohen Farm Solar, LLC",Solar power station,35.557224,-79.19579
United States,Q30,http://www.wikidata.org/entity/Q116720668,"Rancho Seco Solar, LLC",Solar power station,38.339857,-121.1145
United States,Q30,http://www.wikidata.org/entity/Q116720732,"Hyline Solar Center, LLC",Solar power station,44.151256,-117.0001
United States,Q30,http://www.wikidata.org/entity/Q116720639,Freeway Springs,Solar power station,33.892614,-118.0376
United States,Q30,http://www.wikidata.org/entity/Q116720662,Strata Roof 1,Solar power station,38.643527,-121.5055
United States,Q30,http://www.wikidata.org/entity/Q116720712,Sumrall II Solar Farm,Solar power station,31.397089,-89.48588
United States,Q30,http://www.wikidata.org/entity/Q116720624,Cornell Geneva Solar Farm,Solar power station,42.866,-77.031
United States,Q30,http://www.wikidata.org/entity/Q116720698,SR Mavericks,Solar power station,40.23,-105.03
United States,Q30,http://www.wikidata.org/entity/Q116720701,Willard Solar,Solar power station,34.70249,-77.9697
United States,Q30,http://www.wikidata.org/entity/Q116720637,Grove Solar,Solar power station,35.16922,-77.1182
United States,Q30,http://www.wikidata.org/entity/Q116720686,Junction Road,Solar power station,40.5237,-74.8434
United States,Q30,http://www.wikidata.org/entity/Q116720693,Castor Solar,Solar power station,35.211044,-119.3873
United States,Q30,http://www.wikidata.org/entity/Q116720656,Hemlock Solar,Solar power station,36.469089,-77.59752
United States,Q30,http://www.wikidata.org/entity/Q116720623,"Innovative Solar 43, LLC",Solar power station,34.529956,-78.30481
United States,Q30,http://www.wikidata.org/entity/Q116720650,Santa Fe Solar Energy Center,Solar power station,35.587795,-106.0609
United States,Q30,http://www.wikidata.org/entity/Q116720636,Kathleen Solar,Solar power station,35.513769,-78.80238
United States,Q30,http://www.wikidata.org/entity/Q116720723,Woodland Solar Farm,Solar power station,36.89,-76.611
United States,Q30,http://www.wikidata.org/entity/Q116720618,"Baltimore Church Solar, LLC",Solar power station,34.466688,-79.15244
United States,Q30,http://www.wikidata.org/entity/Q116720752,Cecil County CCVT HS,Solar power station,39.651002,-75.80833
United States,Q30,http://www.wikidata.org/entity/Q116720625,Building F,Solar power station,33.914356,-118.0502
United States,Q30,http://www.wikidata.org/entity/Q116720646,HMW Minster PV I,Solar power station,40.390362,-84.4016
United States,Q30,http://www.wikidata.org/entity/Q116720649,South Valley Solar Energy Center,Solar power station,34.986073,-106.7361
United States,Q30,http://www.wikidata.org/entity/Q116720702,Ajax Solar,Solar power station,34.83091,-79.1194
United States,Q30,http://www.wikidata.org/entity/Q116720746,Demille Solar Farm,Solar power station,43.040011,-83.33325
United States,Q30,http://www.wikidata.org/entity/Q116720735,"Thunderegg Solar Center, LLC",Solar power station,43.93097,-116.9876
United States,Q30,http://www.wikidata.org/entity/Q116720724,Whitehouse Solar Farm,Solar power station,38.023,-77.972
United States,Q30,http://www.wikidata.org/entity/Q116720707,"Pine Valley Solar Farm, LLC",Solar power station,35.21812,-79.52933
United States,Q30,http://www.wikidata.org/entity/Q116720651,Santolina Solar Energy Center,Solar power station,35.029719,-106.8555
United States,Q30,http://www.wikidata.org/entity/Q116720691,Westside Solar Power PV1,Solar power station,36.219,-119.907
United States,Q30,http://www.wikidata.org/entity/Q116720748,O'Shea Solar Farm,Solar power station,42.378001,-83.20006
United States,Q30,http://www.wikidata.org/entity/Q116720655,CES Cherry Hill Solar,Solar power station,39.941853,-75.02621
United States,Q30,http://www.wikidata.org/entity/Q116719935,Bridgeport Disposal Solar Farm,Solar power station,39.7875,-75.35083
United States,Q30,http://www.wikidata.org/entity/Q116720067,Town of Cary,Solar power station,34.823889,-77.96972
United States,Q30,http://www.wikidata.org/entity/Q116719960,East Wayne Solar LLC,Solar power station,35.441667,-77.85
United States,Q30,http://www.wikidata.org/entity/Q116720058,Engelhard Solar LLC,Solar power station,40.33,-74.4625
United States,Q30,http://www.wikidata.org/entity/Q116719973,OCI Alamo 3 LLC,Solar power station,29.479167,-98.29722
United States,Q30,http://www.wikidata.org/entity/Q116720001,Beverly,Solar power station,42.59,-70.91194
United States,Q30,http://www.wikidata.org/entity/Q116720080,Searchlight Solar,Solar power station,35.479722,-114.9361
United States,Q30,http://www.wikidata.org/entity/Q116720059,Westborough Solar LLC,Solar power station,42.263333,-71.60917
United States,Q30,http://www.wikidata.org/entity/Q116719939,Jakana Solar,Solar power station,35.875278,-77.08111
United States,Q30,http://www.wikidata.org/entity/Q116719998,Eagle Springs Solar LLC,Solar power station,39.526111,-107.6961
United States,Q30,http://www.wikidata.org/entity/Q116719977,Clipperton Holdings LLC,Solar power station,34.966944,-78.35444
United States,Q30,http://www.wikidata.org/entity/Q116719948,Franklin 1,Solar power station,42.040556,-71.39361
United States,Q30,http://www.wikidata.org/entity/Q116720036,Marlboro Mushrooms Solar Field,Solar power station,39.882778,-75.82944
United States,Q30,http://www.wikidata.org/entity/Q116719947,Winton Solar,Solar power station,36.375,-76.93889
United States,Q30,http://www.wikidata.org/entity/Q116719996,Lone Valley Solar Park II LLC,Solar power station,34.408333,-116.8625
United States,Q30,http://www.wikidata.org/entity/Q116720032,Sacramento (SMUD),Solar power station,38.587222,-121.4578
United States,Q30,http://www.wikidata.org/entity/Q116720064,Old Mill Solar,Solar power station,42.203333,-121.0464
United States,Q30,http://www.wikidata.org/entity/Q116719972,Farmersville,Solar power station,36.19,-119.12
United States,Q30,http://www.wikidata.org/entity/Q116719975,Alamo 6,Solar power station,30.993056,-102.2708
United States,Q30,http://www.wikidata.org/entity/Q116719949,Franklin 2,Solar power station,42.054167,-71.39167
United States,Q30,http://www.wikidata.org/entity/Q116720017,Hollister Solar LLC,Solar power station,36.8625,-121.4289
United States,Q30,http://www.wikidata.org/entity/Q116719929,Carter PV1,Solar power station,35.021111,-78.7875
United States,Q30,http://www.wikidata.org/entity/Q116720050,SCE-Snowline-Duncan Road (South),Solar power station,34.471389,-117.5622
United States,Q30,http://www.wikidata.org/entity/Q116719974,OCI Alamo 5 LLC,Solar power station,29.216667,-99.71611
United States,Q30,http://www.wikidata.org/entity/Q116720079,Shaffer,Solar power station,42.594167,-71.24944
United States,Q30,http://www.wikidata.org/entity/Q116720018,Victor Mesa Linda B2,Solar power station,34.512778,-117.3872
United States,Q30,http://www.wikidata.org/entity/Q116720005,CCMUA,Solar power station,39.923056,-75.1275
United States,Q30,http://www.wikidata.org/entity/Q116719944,Lewiston Solar,Solar power station,36.141111,-77.21111
United States,Q30,http://www.wikidata.org/entity/Q116719923,Pamlico Partners Solar,Solar power station,35.501111,-76.87
United States,Q30,http://www.wikidata.org/entity/Q116720065,Rose Hill,Solar power station,34.823889,-77.96972
United States,Q30,http://www.wikidata.org/entity/Q116720069,"Wildwood Solar I, LLC",Solar power station,35.615833,-119.5783
United States,Q30,http://www.wikidata.org/entity/Q116720015,Merced Solar LLC,Solar power station,37.267778,-120.4844
United States,Q30,http://www.wikidata.org/entity/Q116719911,Methuen Landfill,Solar power station,42.744722,-71.175
United States,Q30,http://www.wikidata.org/entity/Q116719909,Martin Creek Farm LLC,Solar power station,36.286389,-78.38611
United States,Q30,http://www.wikidata.org/entity/Q116720049,SCE-Snowline-Duncan Road (North),Solar power station,34.473889,-117.5628
United States,Q30,http://www.wikidata.org/entity/Q116719934,Elm City Solar Facility,Solar power station,35.781111,-77.84694
United States,Q30,http://www.wikidata.org/entity/Q116720007,Rio Bravo Solar II LLC,Solar power station,35.4225,-119.6292
United States,Q30,http://www.wikidata.org/entity/Q116720074,True North,Solar power station,42.8475,-70.89833
United States,Q30,http://www.wikidata.org/entity/Q116720060,4 Applegate Solar LLC,Solar power station,40.196389,-74.58361
United States,Q30,http://www.wikidata.org/entity/Q116719919,Madera Community Hospital,Solar power station,36.941111,-120.0467
United States,Q30,http://www.wikidata.org/entity/Q116720043,"Catalina Solar 2, LLC",Solar power station,34.812222,-118.3528
United States,Q30,http://www.wikidata.org/entity/Q116720061,12 Applegate Solar LLC,Solar power station,40.200278,-74.57611
United States,Q30,http://www.wikidata.org/entity/Q116720031,Pumpjack Solar I,Solar power station,35.305556,-119.6225
United States,Q30,http://www.wikidata.org/entity/Q116719924,"Dogwood Solar, LLC",Solar power station,36.125,-77.40917
United States,Q30,http://www.wikidata.org/entity/Q116719957,West Pemberton,Solar power station,40.006667,-74.73028
United States,Q30,http://www.wikidata.org/entity/Q116720046,Quinto Solar PV Project,Solar power station,37.130278,-121.0522
United States,Q30,http://www.wikidata.org/entity/Q116719955,Mulberry Farm LLC,Solar power station,35.131944,-88.58667
United States,Q30,http://www.wikidata.org/entity/Q116719936,Lancaster Solar 1,Solar power station,34.715,-118.095
United States,Q30,http://www.wikidata.org/entity/Q116720054,Plainfield One Solar LLC,Solar power station,40.605,-74.43944
United States,Q30,http://www.wikidata.org/entity/Q116719978,Tiburon Holdings,Solar power station,35.903333,-80.41694
United States,Q30,http://www.wikidata.org/entity/Q116719979,Porterville 6 and 7,Solar power station,36.05,-119.02
United States,Q30,http://www.wikidata.org/entity/Q116720009,Wildwood Solar II,Solar power station,35.63,-119.5739
United States,Q30,http://www.wikidata.org/entity/Q116719941,Belmont,Solar power station,39.72,-86.19306
United States,Q30,http://www.wikidata.org/entity/Q116719933,Highland Solar Center LLC,Solar power station,35.363889,-77.45194
United States,Q30,http://www.wikidata.org/entity/Q116720030,Rock Solid,Solar power station,40.229725,-74.22582
United States,Q30,http://www.wikidata.org/entity/Q116719963,Soluga Farms 2 LLC,Solar power station,34.500008,-78.68917
United States,Q30,http://www.wikidata.org/entity/Q116720000,Brockelman,Solar power station,42.481389,-71.71694
United States,Q30,http://www.wikidata.org/entity/Q116719937,Avalon Solar 1 & 2,Solar power station,32.0374,-110.959
United States,Q30,http://www.wikidata.org/entity/Q116720021,Beacon Solar Plant Site 2,Solar power station,35.265833,-117.9992
United States,Q30,http://www.wikidata.org/entity/Q116720033,MCCo Solar Generating Facility,Solar power station,41.516389,-81.59722
United States,Q30,http://www.wikidata.org/entity/Q116719922,Kirkwall Holdings,Solar power station,34.988889,-78.1375
United States,Q30,http://www.wikidata.org/entity/Q116719942,Bethel Solar,Solar power station,35.794328,-77.38454
United States,Q30,http://www.wikidata.org/entity/Q116719910,Kinston,Solar power station,35.370556,-77.60833
United States,Q30,http://www.wikidata.org/entity/Q116720077,Grafton Solar,Solar power station,42.199167,-71.67917
United States,Q30,http://www.wikidata.org/entity/Q116719931,Langley PV1,Solar power station,35.801944,-77.84889
United States,Q30,http://www.wikidata.org/entity/Q116720057,G&S Wantage Solar LLC,Solar power station,41.189167,-74.59167
United States,Q30,http://www.wikidata.org/entity/Q116719930,Pecan PV1,Solar power station,34.909167,-79.82944
United States,Q30,http://www.wikidata.org/entity/Q116719938,Lancaster Solar 2,Solar power station,34.710556,-118.1661
United States,Q30,http://www.wikidata.org/entity/Q116720006,Rio Bravo Solar 1 LLC,Solar power station,35.416111,-119.6825
United States,Q30,http://www.wikidata.org/entity/Q116719953,Hesperia,Solar power station,34.435,-117.3781
United States,Q30,http://www.wikidata.org/entity/Q116719956,Jacobstown,Solar power station,40.063743,-74.58243
United States,Q30,http://www.wikidata.org/entity/Q116719962,Soluga Farms 1,Solar power station,35.243056,-78.38694
United States,Q30,http://www.wikidata.org/entity/Q116720028,Hecate Energy Beacon Solar 4,Solar power station,35.253611,-118.0269
United States,Q30,http://www.wikidata.org/entity/Q116719940,Windsor Solar,Solar power station,36.016944,-76.88306
United States,Q30,http://www.wikidata.org/entity/Q116719954,"CID Solar, LLC",Solar power station,36.138056,-119.5647
United States,Q30,http://www.wikidata.org/entity/Q116719928,Shawboro PV1,Solar power station,36.433333,-76.08722
United States,Q30,http://www.wikidata.org/entity/Q116719969,Mesa PV1,Solar power station,39.0672,-108.5091
United States,Q30,http://www.wikidata.org/entity/Q116720048,Devens,Solar power station,42.559173,-71.62588
United States,Q30,http://www.wikidata.org/entity/Q116720026,Hecate Energy Beacon Solar 1,Solar power station,35.269444,-118.0144
United States,Q30,http://www.wikidata.org/entity/Q116720014,Lancaster Little Rock,Solar power station,34.599444,-117.9328
United States,Q30,http://www.wikidata.org/entity/Q116719950,Marion Solar LNG,Solar power station,39.913056,-86.23806
United States,Q30,http://www.wikidata.org/entity/Q116720056,24 Applegate Solar LLC,Solar power station,40.205833,-74.57972
United States,Q30,http://www.wikidata.org/entity/Q116720045,Harrell's Hill Solar Center LLC,Solar power station,35.211944,-78.10083
United States,Q30,http://www.wikidata.org/entity/Q116719976,OCI Alamo 7 LLC,Solar power station,33.04,-99.5525
United States,Q30,http://www.wikidata.org/entity/Q116719968,Sterling PV 3,Solar power station,40.6316,-103.1947
United States,Q30,http://www.wikidata.org/entity/Q116720066,Dunn,Solar power station,35.475,-78.54861
United States,Q30,http://www.wikidata.org/entity/Q116719946,Williamston Solar,Solar power station,35.801111,-77.06306
United States,Q30,http://www.wikidata.org/entity/Q116720016,Mission Solar LLC,Solar power station,37.267778,-120.4825
United States,Q30,http://www.wikidata.org/entity/Q116720029,North Run,Solar power station,40.069601,-74.58484
United States,Q30,http://www.wikidata.org/entity/Q116719959,Selmer Farm LLC,Solar power station,35.149722,-88.55528
United States,Q30,http://www.wikidata.org/entity/Q116720042,Faison Solar,Solar power station,35.069722,-78.11611
United States,Q30,http://www.wikidata.org/entity/Q116719927,Bradley PV1,Solar power station,36.260556,-77.07639
United States,Q30,http://www.wikidata.org/entity/Q116720008,Caprock Solar 1 LLC,Solar power station,34.982778,-103.3783
United States,Q30,http://www.wikidata.org/entity/Q116719961,Vickers,Solar power station,35.823333,-79.08028
United States,Q30,http://www.wikidata.org/entity/Q116720051,Browne Solar LLC,Solar power station,42.200833,-72.32222
United States,Q30,http://www.wikidata.org/entity/Q116720052,Indian Hill Solar LLC,Solar power station,42.200833,-72.32222
United States,Q30,http://www.wikidata.org/entity/Q116720053,State Street Solar LLC,Solar power station,42.200833,-72.32222
United States,Q30,http://www.wikidata.org/entity/Q116720027,Hecate Energy Beacon Solar 3,Solar power station,35.253056,-118.0147
United States,Q30,http://www.wikidata.org/entity/Q116719932,Mariposa Solar Center LLC,Solar power station,35.373889,-81.08694
United States,Q30,http://www.wikidata.org/entity/Q116719945,Woodland Solar,Solar power station,36.341944,-77.22111
United States,Q30,http://www.wikidata.org/entity/Q116720775,"Exum Farm Solar, LLC",Solar power station,35.370441,-77.4549
United States,Q30,http://www.wikidata.org/entity/Q116720781,"South Winston Farm, LLC",Solar power station,36.0288,-80.302
United States,Q30,http://www.wikidata.org/entity/Q116720839,Westport MA 1 Community Solar,Solar power station,41.621068,-71.05696
United States,Q30,http://www.wikidata.org/entity/Q116720842,Westport MA 2 Community Solar,Solar power station,41.621068,-71.05696
United States,Q30,http://www.wikidata.org/entity/Q116720843,Bethlehem - East,Solar power station,42.539006,-73.8243
United States,Q30,http://www.wikidata.org/entity/Q116720844,Bethlehem - West,Solar power station,42.539006,-73.8243
United States,Q30,http://www.wikidata.org/entity/Q116720816,Pavant Solar II LLC,Solar power station,39.1625,-112.343
United States,Q30,http://www.wikidata.org/entity/Q116720864,Two Mile Desert Project,Solar power station,36.22,-76.46
United States,Q30,http://www.wikidata.org/entity/Q116720867,Richland,Solar power station,32.088982,-84.66353
United States,Q30,http://www.wikidata.org/entity/Q116720868,Vidalia Water Treatment Plant,Solar power station,31.050322,-83.39466
United States,Q30,http://www.wikidata.org/entity/Q116720764,Monroe Solar Facility,Solar power station,34.929945,-80.62562
United States,Q30,http://www.wikidata.org/entity/Q116720853,Redwood 4 Solar Farm,Solar power station,35.314198,-118.8119
United States,Q30,http://www.wikidata.org/entity/Q116720865,Clear Spring Ranch PV Project,Solar power station,38.602102,-104.6947
United States,Q30,http://www.wikidata.org/entity/Q116720879,Lake Pulaski Solar,Solar power station,45.195854,-93.81214
United States,Q30,http://www.wikidata.org/entity/Q116720877,Hastings Solar,Solar power station,44.759275,-92.82488
United States,Q30,http://www.wikidata.org/entity/Q116720787,"Maxton Solar, LLC",Solar power station,34.71472,-79.31463
United States,Q30,http://www.wikidata.org/entity/Q116720830,Greene County Meter #1,Solar power station,42.294823,-74.00076
United States,Q30,http://www.wikidata.org/entity/Q116720823,Oneida - West,Solar power station,43.169617,-75.40487
United States,Q30,http://www.wikidata.org/entity/Q116720852,Hamilton Solar-Crosswicks,Solar power station,40.168958,-74.6301
United States,Q30,http://www.wikidata.org/entity/Q116720805,Whitakers Farm (Fisher Rd),Solar power station,36.115542,-77.72515
United States,Q30,http://www.wikidata.org/entity/Q116720848,"Williamston West Farm, LLC",Solar power station,35.836544,-77.10804
United States,Q30,http://www.wikidata.org/entity/Q116720869,NLP Granger,Solar power station,33.2704,-117.0588
United States,Q30,http://www.wikidata.org/entity/Q116720801,Three Peaks Power,Solar power station,37.827082,-113.1371
United States,Q30,http://www.wikidata.org/entity/Q116720794,West Bridgewater AB CSG,Solar power station,42.0253,-71.0336
United States,Q30,http://www.wikidata.org/entity/Q116720840,"Bayshore Solar B, LLC",Solar power station,34.678305,-118.3026
United States,Q30,http://www.wikidata.org/entity/Q116720788,Modlin Solar Farm,Solar power station,35.85028,-77.11023
United States,Q30,http://www.wikidata.org/entity/Q116720759,"White Farm Solar, LLC",Solar power station,36.34764,-77.22244
United States,Q30,http://www.wikidata.org/entity/Q116720822,Oneida - South,Solar power station,43.166353,-75.38687
United States,Q30,http://www.wikidata.org/entity/Q116720770,Tamworth Holdings,Solar power station,34.745617,-78.42119
United States,Q30,http://www.wikidata.org/entity/Q116720821,Houghton,Solar power station,42.426731,-78.15659
United States,Q30,http://www.wikidata.org/entity/Q116720802,Crane Solar Facility,Solar power station,38.8164,-86.8842
United States,Q30,http://www.wikidata.org/entity/Q116720785,Bonnybrooke PV,Solar power station,33.053,-111.34
United States,Q30,http://www.wikidata.org/entity/Q116720873,Annandale Solar,Solar power station,45.247009,-94.10693
United States,Q30,http://www.wikidata.org/entity/Q116720797,CoServ Community Solar Station,Solar power station,33.2706,-96.97917
United States,Q30,http://www.wikidata.org/entity/Q116720872,Albany Solar,Solar power station,45.641268,-94.59925
United States,Q30,http://www.wikidata.org/entity/Q116720761,Vulcraft Solar,Solar power station,42.005874,-76.61935
United States,Q30,http://www.wikidata.org/entity/Q116720796,RCWD PV Project,Solar power station,33.5226,-117.1815
United States,Q30,http://www.wikidata.org/entity/Q116720771,MC1 Solar,Solar power station,35.8748,-77.1397
United States,Q30,http://www.wikidata.org/entity/Q116720763,"Snow Camp Solar, LLC",Solar power station,35.86267,-79.42346
United States,Q30,http://www.wikidata.org/entity/Q116720786,"Hardison Farm Solar, LLC",Solar power station,35.83079,-77.02194
United States,Q30,http://www.wikidata.org/entity/Q116720820,"Cummins, Inc",Solar power station,42.08124,-79.36125
United States,Q30,http://www.wikidata.org/entity/Q116720776,"CB Bladen Solar, LLC",Solar power station,34.822869,-78.62428
United States,Q30,http://www.wikidata.org/entity/Q116720809,Carver MA 1 Community Solar,Solar power station,41.942796,-70.76114
United States,Q30,http://www.wikidata.org/entity/Q116720886,"Saluda Solar, LLC",Solar power station,33.96839,-81.7829
United States,Q30,http://www.wikidata.org/entity/Q116720803,East Pecos Solar,Solar power station,31.000883,-102.2817
United States,Q30,http://www.wikidata.org/entity/Q116720817,Corcoran,Solar power station,36.102307,-119.5665
United States,Q30,http://www.wikidata.org/entity/Q116720871,Stafford Hill Solar Hybrid,Solar power station,43.619444,-72.95028
United States,Q30,http://www.wikidata.org/entity/Q116720806,Sellers Farm Solar,Solar power station,34.881973,-79.66535
United States,Q30,http://www.wikidata.org/entity/Q116720874,Atwater Solar,Solar power station,45.140869,-94.76973
United States,Q30,http://www.wikidata.org/entity/Q116720783,"Coventry Photovoltaic, LLC",Solar power station,44.910152,-72.21975
United States,Q30,http://www.wikidata.org/entity/Q116720798,CA Dept of Public Health at Richmond,Solar power station,37.92,-122.344
United States,Q30,http://www.wikidata.org/entity/Q116720846,"Bayshore Solar A, LLC",Solar power station,34.667817,-118.2981
United States,Q30,http://www.wikidata.org/entity/Q116720773,Innovative Solar 65,Solar power station,34.7587,-79.5
United States,Q30,http://www.wikidata.org/entity/Q116720883,Waseca Solar,Solar power station,44.092414,-93.53098
United States,Q30,http://www.wikidata.org/entity/Q116720766,RE Barren Ridge 1,Solar power station,35.20473,-118.0688
United States,Q30,http://www.wikidata.org/entity/Q116720800,Tompkins Cortland Community College,Solar power station,42.5025,-76.2865
United States,Q30,http://www.wikidata.org/entity/Q116720878,Lake Emily Solar,Solar power station,44.320364,-93.90317
United States,Q30,http://www.wikidata.org/entity/Q116720884,West Faribault Solar,Solar power station,44.274932,-93.31063
United States,Q30,http://www.wikidata.org/entity/Q116720813,E&B Resources,Solar power station,35.534584,-119.06
United States,Q30,http://www.wikidata.org/entity/Q116720849,"Longboat Solar, LLC",Solar power station,34.541,-117.061
United States,Q30,http://www.wikidata.org/entity/Q116720881,Paynesville Solar,Solar power station,45.392905,-94.72123
United States,Q30,http://www.wikidata.org/entity/Q116720885,West Waconia Solar,Solar power station,44.789894,-93.90129
United States,Q30,http://www.wikidata.org/entity/Q116720828,The Clorox Company,Solar power station,39.472128,-76.20134
United States,Q30,http://www.wikidata.org/entity/Q116720835,Solar Glynn,Solar power station,31.25,-81.433
United States,Q30,http://www.wikidata.org/entity/Q116720777,"Currin Solar, LLC",Solar power station,36.289625,-78.63328
United States,Q30,http://www.wikidata.org/entity/Q116720861,Broome County,Solar power station,42.104731,-75.93073
United States,Q30,http://www.wikidata.org/entity/Q116720841,"Bayshore Solar C, LLC",Solar power station,34.681338,-118.3141
United States,Q30,http://www.wikidata.org/entity/Q116720854,Rail Trail,Solar power station,42.243134,-73.36385
United States,Q30,http://www.wikidata.org/entity/Q116720784,Munro Valley Solar,Solar power station,36.2647,-117.9955
United States,Q30,http://www.wikidata.org/entity/Q116720833,Red Rock,Solar power station,32.551026,-111.2892
United States,Q30,http://www.wikidata.org/entity/Q116720829,Onondaga County- Clearwater,Solar power station,43.429317,-76.51572
United States,Q30,http://www.wikidata.org/entity/Q116720793,Fairhaven C CSG,Solar power station,41.66303,-70.86323
United States,Q30,http://www.wikidata.org/entity/Q116720880,Lawrence Creek Solar,Solar power station,45.401289,-92.69373
United States,Q30,http://www.wikidata.org/entity/Q116720838,CPS 1 Community Solar,Solar power station,29.377966,-98.26922
United States,Q30,http://www.wikidata.org/entity/Q116720819,Calverton,Solar power station,40.921086,-72.7437
United States,Q30,http://www.wikidata.org/entity/Q116720818,Brookside,Solar power station,41.987579,-71.58396
United States,Q30,http://www.wikidata.org/entity/Q116720804,Bernards Solar,Solar power station,40.70266,-74.58158
United States,Q30,http://www.wikidata.org/entity/Q116720882,Pine Island Solar,Solar power station,44.206624,-92.66365
United States,Q30,http://www.wikidata.org/entity/Q116720782,"Sullivan Solar, LLC",Solar power station,39.13199,-87.41383
United States,Q30,http://www.wikidata.org/entity/Q116720795,Skidmore College,Solar power station,43.093682,-73.81132
United States,Q30,http://www.wikidata.org/entity/Q116720825,Hardwick-Athol & Eagle Hill,Solar power station,42.308391,-72.18958
United States,Q30,http://www.wikidata.org/entity/Q116720780,"Nash 97 Solar, LLC",Solar power station,35.84927,-78.21152
United States,Q30,http://www.wikidata.org/entity/Q116720768,SJA Solar LLC-Solterra Monastery CSG,Solar power station,42.283439,-72.00847
United States,Q30,http://www.wikidata.org/entity/Q116720772,"Kennedy Solar, LLC",Solar power station,35.012282,-78.09219
United States,Q30,http://www.wikidata.org/entity/Q116720807,McGrigor Farm Solar,Solar power station,35.019771,-78.35009
United States,Q30,http://www.wikidata.org/entity/Q116720792,Morgan's Corner,Solar power station,36.421064,-76.36424
United States,Q30,http://www.wikidata.org/entity/Q116720799,Tides Lane Farm,Solar power station,36.06936,-78.2988
United States,Q30,http://www.wikidata.org/entity/Q116720779,"Chaves Solar, LLC",Solar power station,33.45,-104.456
United States,Q30,http://www.wikidata.org/entity/Q116720812,ID Solar,Solar power station,43.444,-116.333
United States,Q30,http://www.wikidata.org/entity/Q116720815,Valdosta,Solar power station,30.81012,-83.22596
United States,Q30,http://www.wikidata.org/entity/Q116720875,Chisago Solar,Solar power station,45.452479,-92.90195
United States,Q30,http://www.wikidata.org/entity/Q116720863,Valley Center,Solar power station,33.2503,-117.0226
United States,Q30,http://www.wikidata.org/entity/Q116720814,Presbyterian Senior Living Service,Solar power station,39.4476,-76.51632
United States,Q30,http://www.wikidata.org/entity/Q116720856,Hartz Way,Solar power station,40.782829,-74.07278
United States,Q30,http://www.wikidata.org/entity/Q116720876,Dodge Center Solar,Solar power station,44.026007,-92.88155
United States,Q30,http://www.wikidata.org/entity/Q116720774,"Lincoln Solar, LLC (NC)",Solar power station,35.379505,-81.81758
United States,Q30,http://www.wikidata.org/entity/Q116720845,"Germantown Solar, LLC",Solar power station,36.24634,-80.25463
United States,Q30,http://www.wikidata.org/entity/Q116720851,"River Road Solar, LLC",Solar power station,36.351,-76.842
United States,Q30,http://www.wikidata.org/entity/Q116720810,Wareham MA 1 Community Solar,Solar power station,41.80167,-70.70463
United States,Q30,http://www.wikidata.org/entity/Q116720832,Chesapeake College,Solar power station,38.953389,-76.08324
United States,Q30,http://www.wikidata.org/entity/Q116722701,Crawfordsville 3 Solar Park,Solar power station,40.078126,-86.89681
United States,Q30,http://www.wikidata.org/entity/Q116722703,Flowers Solar LLC,Solar power station,35.41218,-78.60309
United States,Q30,http://www.wikidata.org/entity/Q116722721,County Route 11 Community Solar Farm,Solar power station,44.935,-73.677
United States,Q30,http://www.wikidata.org/entity/Q116722767,Badger,Solar power station,34.83896,-77.22878
United States,Q30,http://www.wikidata.org/entity/Q116722686,Cove Mountain Solar 2,Solar power station,37.638602,-113.6371
United States,Q30,http://www.wikidata.org/entity/Q116722748,Preferred Freezer San Leandro,Solar power station,37.711995,-122.1507
United States,Q30,http://www.wikidata.org/entity/Q116722798,McCullough Road Solar Farm,Solar power station,40.757615,-74.95816
United States,Q30,http://www.wikidata.org/entity/Q116722750,Tolland Solar NG LLC,Solar power station,42.089484,-73.06143
United States,Q30,http://www.wikidata.org/entity/Q116722724,Frey Rd #2 Community Solar Farm,Solar power station,43.099893,-77.3435
United States,Q30,http://www.wikidata.org/entity/Q116722662,Westminster,Solar power station,43.0864,-72.4554
United States,Q30,http://www.wikidata.org/entity/Q116722712,Telegraph Rd #1 Community Solar Farm,Solar power station,42.561672,-78.17953
United States,Q30,http://www.wikidata.org/entity/Q116722789,APG Old Bayside,Solar power station,39.498961,-76.14606
United States,Q30,http://www.wikidata.org/entity/Q116722770,Bloomfield Municipal Utilities Solar,Solar power station,40.75,-92.45
United States,Q30,http://www.wikidata.org/entity/Q116722707,Okeechobee Solar,Solar power station,27.630392,-80.79478
United States,Q30,http://www.wikidata.org/entity/Q116722696,Burritt Rd Community Solar Farm,Solar power station,43.275,-77.764
United States,Q30,http://www.wikidata.org/entity/Q116722702,CMR Solar LLC,Solar power station,41.561847,-74.34591
United States,Q30,http://www.wikidata.org/entity/Q116722647,Lady Slipper Solar Array CSG,Solar power station,44.554384,-92.66169
United States,Q30,http://www.wikidata.org/entity/Q116722751,Tanglewood Circle Solar 1 LLC,Solar power station,42.252046,-73.10996
United States,Q30,http://www.wikidata.org/entity/Q116722772,Commerce Solar,Solar power station,29.43445,-98.61765
United States,Q30,http://www.wikidata.org/entity/Q116722763,Connell East LLC,Solar power station,40.666976,-74.40781
United States,Q30,http://www.wikidata.org/entity/Q116722776,Kinder Morgan Fordham,Solar power station,40.542557,-74.23658
United States,Q30,http://www.wikidata.org/entity/Q116722762,Rio De Oro Solar Energy Center,Solar power station,34.692,-106.688
United States,Q30,http://www.wikidata.org/entity/Q116722640,UMCES Ground Mount,Solar power station,38.583064,-76.13475
United States,Q30,http://www.wikidata.org/entity/Q116722658,Heller 400M,Solar power station,40.4987,-74.3878
United States,Q30,http://www.wikidata.org/entity/Q116722792,Blue Heron Solar,Solar power station,26.701639,-81.12916
United States,Q30,http://www.wikidata.org/entity/Q116722637,Bell Bay Solar Farm,Solar power station,33.667675,-78.91799
United States,Q30,http://www.wikidata.org/entity/Q116722644,Waynesboro Community Solar,Solar power station,33.170593,-81.82394
United States,Q30,http://www.wikidata.org/entity/Q116722648,West of the Pecos Solar,Solar power station,31.4308,-103.7289
United States,Q30,http://www.wikidata.org/entity/Q116722652,Prairie State Solar Project,Solar power station,38.208333,-89.57917
United States,Q30,http://www.wikidata.org/entity/Q116722719,Frey Rd #1 Community Solar Farm,Solar power station,43.099866,-77.34513
United States,Q30,http://www.wikidata.org/entity/Q116722732,"Roadrunner, LLC Hybrid",Solar power station,31.219444,-102.1922
United States,Q30,http://www.wikidata.org/entity/Q116722790,APG New Chesapeake,Solar power station,39.493704,-76.1467
United States,Q30,http://www.wikidata.org/entity/Q116722699,Taygete Energy Project LLC,Solar power station,31.165245,-103.1259
United States,Q30,http://www.wikidata.org/entity/Q116722761,Sabattus Solar LLC,Solar power station,35.819,-78.135
United States,Q30,http://www.wikidata.org/entity/Q116722683,Vista Solar Energy Center,Solar power station,34.741,-106.655
United States,Q30,http://www.wikidata.org/entity/Q116722766,Starr,Solar power station,35.015398,-78.3508
United States,Q30,http://www.wikidata.org/entity/Q116722693,Dryden Rd #2 Community Solar Farm CSG,Solar power station,42.487821,-76.31998
United States,Q30,http://www.wikidata.org/entity/Q116722635,USS Eggo Solar CSG,Solar power station,44.72,-93.788
United States,Q30,http://www.wikidata.org/entity/Q116722718,Winchendon Landfill Solar,Solar power station,42.689687,-72.08567
United States,Q30,http://www.wikidata.org/entity/Q116722793,Cattle Ranch,Solar power station,27.321884,-81.80908
United States,Q30,http://www.wikidata.org/entity/Q116722689,Washington St Community Solar Farm #3,Solar power station,43.172,-77.844
United States,Q30,http://www.wikidata.org/entity/Q116722799,Manchester Community College East,Solar power station,41.763257,-72.55714
United States,Q30,http://www.wikidata.org/entity/Q116722788,Wadesboro 4,Solar power station,35.102174,-80.12202
United States,Q30,http://www.wikidata.org/entity/Q116722726,Villa Roma Rd #1,Solar power station,41.757083,-74.96096
United States,Q30,http://www.wikidata.org/entity/Q116722752,DG Florham Park Solar LLC,Solar power station,40.777783,-74.42724
United States,Q30,http://www.wikidata.org/entity/Q116722695,Woodoak Drive Community Solar Farm CSG,Solar power station,41.594,-75.027
United States,Q30,http://www.wikidata.org/entity/Q116722690,Gaskill Rd Community Solar Farm CSG,Solar power station,42.116,-76.183
United States,Q30,http://www.wikidata.org/entity/Q116722785,Arborgate Solar,Solar power station,35.717391,-79.11946
United States,Q30,http://www.wikidata.org/entity/Q116722778,CCG Marketing,Solar power station,40.859343,-74.30296
United States,Q30,http://www.wikidata.org/entity/Q116722657,SR Arlington I,Solar power station,31.402919,-84.83681
United States,Q30,http://www.wikidata.org/entity/Q116722729,Kearsarge Montague,Solar power station,42.586363,-72.56349
United States,Q30,http://www.wikidata.org/entity/Q116722775,CBP Solar,Solar power station,41.266188,-73.94688
United States,Q30,http://www.wikidata.org/entity/Q116722684,Music City Community Solar,Solar power station,36.248832,-86.74678
United States,Q30,http://www.wikidata.org/entity/Q116722720,G.S.E. One LLC,Solar power station,33.500378,-96.14649
United States,Q30,http://www.wikidata.org/entity/Q116722639,Sage Solar I-III,Solar power station,41.77,-111.06
United States,Q30,http://www.wikidata.org/entity/Q116722774,USAA Black Bear Energy,Solar power station,40.313573,-74.4847
United States,Q30,http://www.wikidata.org/entity/Q116722797,Milford Solar Farm (NJ) LLC,Solar power station,40.614955,-75.15649
United States,Q30,http://www.wikidata.org/entity/Q116722722,Furnace Rd Community Solar Farm,Solar power station,43.241,-77.27
United States,Q30,http://www.wikidata.org/entity/Q116722687,Washington St Community Solar Farm #4,Solar power station,43.175,-77.849
United States,Q30,http://www.wikidata.org/entity/Q116722659,Owens Corning,Solar power station,39.838784,-75.053
United States,Q30,http://www.wikidata.org/entity/Q116722727,Kearsarge Johnstown 1 CSG,Solar power station,43.066012,-74.36018
United States,Q30,http://www.wikidata.org/entity/Q116722646,Ellis Solar,Solar power station,42.444628,-76.43324
United States,Q30,http://www.wikidata.org/entity/Q116722642,Anne Arundel County Public Schools,Solar power station,39.13728,-76.49804
United States,Q30,http://www.wikidata.org/entity/Q116722773,PFMG Solar Grossmont Helix LLC,Solar power station,32.753281,-117.0352
United States,Q30,http://www.wikidata.org/entity/Q116722764,Cookstown,Solar power station,35.436844,-77.97375
United States,Q30,http://www.wikidata.org/entity/Q116722706,Echo River Solar,Solar power station,30.296207,-82.86433
United States,Q30,http://www.wikidata.org/entity/Q116722777,ALDI DC 2,Solar power station,41.865827,-72.57396
United States,Q30,http://www.wikidata.org/entity/Q116722692,Big Tree Community Solar Farm,Solar power station,42.766,-78.559
United States,Q30,http://www.wikidata.org/entity/Q116722709,Southfork Solar,Solar power station,27.573193,-82.19142
United States,Q30,http://www.wikidata.org/entity/Q116722643,Fort Indiantown Gap,Solar power station,40.427558,-76.57313
United States,Q30,http://www.wikidata.org/entity/Q116722641,City of Gallup Solar,Solar power station,35.52236,-108.7788
United States,Q30,http://www.wikidata.org/entity/Q116722685,Cove Mountain Solar,Solar power station,37.623123,-113.6192
United States,Q30,http://www.wikidata.org/entity/Q116722673,Lakewood Cheddar School,Solar power station,40.0709,-74.1808
United States,Q30,http://www.wikidata.org/entity/Q116722759,Ruff Solar LLC,Solar power station,35.32062,-81.7634
United States,Q30,http://www.wikidata.org/entity/Q116722654,Assembly Solar Project,Solar power station,43.02268,-83.94527
United States,Q30,http://www.wikidata.org/entity/Q116722682,Little Bear 5,Solar power station,36.716,-120.415
United States,Q30,http://www.wikidata.org/entity/Q116722680,Little Bear 3,Solar power station,36.716,-120.415
United States,Q30,http://www.wikidata.org/entity/Q116722681,Little Bear 4,Solar power station,36.716,-120.415
United States,Q30,http://www.wikidata.org/entity/Q116722714,Telegraph Rd #2 Community Solar Farm,Solar power station,42.559475,-78.17941
United States,Q30,http://www.wikidata.org/entity/Q116722688,Washington St Community Solar Farm #1,Solar power station,43.173,-77.846
United States,Q30,http://www.wikidata.org/entity/Q116722779,Searcy Solar Hybrid,Solar power station,35.233,-91.69
United States,Q30,http://www.wikidata.org/entity/Q116722717,Route 19 #2 Community Solar Farm,Solar power station,42.533807,-78.15377
United States,Q30,http://www.wikidata.org/entity/Q116722765,Changeup,Solar power station,35.74901,-79.78553
United States,Q30,http://www.wikidata.org/entity/Q116722716,Route 19 #1 Community Solar Farm,Solar power station,42.534,-78.151
United States,Q30,http://www.wikidata.org/entity/Q116722731,Airport Solar,Solar power station,42.170176,-120.4023
United States,Q30,http://www.wikidata.org/entity/Q116722725,Route 22 Community Solar Farm CSG,Solar power station,44.725076,-73.46703
United States,Q30,http://www.wikidata.org/entity/Q116722796,NVSS-II,Solar power station,36.275051,-115.9723
United States,Q30,http://www.wikidata.org/entity/Q116722728,Kearsarge Johnstown 2 CSG,Solar power station,43.064422,-74.36022
United States,Q30,http://www.wikidata.org/entity/Q116722794,Twin Lakes,Solar power station,29.612188,-81.84453
United States,Q30,http://www.wikidata.org/entity/Q116722667,Lapetus,Solar power station,32.460054,-102.6728
United States,Q30,http://www.wikidata.org/entity/Q116722670,Rantoul Solar,Solar power station,40.286726,-88.1328
United States,Q30,http://www.wikidata.org/entity/Q116722760,Wendell Solar Farm LLC,Solar power station,35.734581,-78.355
United States,Q30,http://www.wikidata.org/entity/Q116722711,Palmer Solar,Solar power station,38.6299,-104.6526
United States,Q30,http://www.wikidata.org/entity/Q116722783,Achilles Solar,Solar power station,35.359674,-79.91142
United States,Q30,http://www.wikidata.org/entity/Q116722730,Kearsarge Wilmington,Solar power station,42.561264,-71.13686
United States,Q30,http://www.wikidata.org/entity/Q116722679,Muscle Shoals,Solar power station,34.76973,-87.90454
United States,Q30,http://www.wikidata.org/entity/Q116722636,USS DVL Solar CSG,Solar power station,44.818,-93.785
United States,Q30,http://www.wikidata.org/entity/Q116722738,"GD Richmond Buttonwoods I, LLC",Solar power station,41.522911,-71.68409
United States,Q30,http://www.wikidata.org/entity/Q116722795,Babcock Preserve,Solar power station,26.857879,-81.75965
United States,Q30,http://www.wikidata.org/entity/Q116722700,Crawfordsville 2 Solar Park,Solar power station,40.055753,-86.88841
United States,Q30,http://www.wikidata.org/entity/Q116722030,Titan Solar,Solar power station,39.68646,-104.014
United States,Q30,http://www.wikidata.org/entity/Q116722117,"Cumblerland Land Holdings, LLC",Solar power station,34.94974,-86.86805
United States,Q30,http://www.wikidata.org/entity/Q116722113,"Frontenac Holdco LLC, CSG",Solar power station,44.501673,-92.35871
United States,Q30,http://www.wikidata.org/entity/Q116722018,Lavio Solar,Solar power station,38.194599,-122.6634
United States,Q30,http://www.wikidata.org/entity/Q116721997,Gore Mountain Solar II,Solar power station,43.543378,-73.32307
United States,Q30,http://www.wikidata.org/entity/Q116722043,O'Fallon Renewable Energy Center,Solar power station,38.826648,-90.67812
United States,Q30,http://www.wikidata.org/entity/Q116722051,Soboba Community Solar Project,Solar power station,33.767061,-116.9059
United States,Q30,http://www.wikidata.org/entity/Q116722037,IKEA Conshohocken Rooftop PV System,Solar power station,40.095176,-75.30637
United States,Q30,http://www.wikidata.org/entity/Q116721989,Rotor Clip,Solar power station,40.539051,-74.53238
United States,Q30,http://www.wikidata.org/entity/Q116722017,Stage Gulch Solar,Solar power station,38.216841,-122.5429
United States,Q30,http://www.wikidata.org/entity/Q116722096,Blydenburgh Solar Project,Solar power station,40.815331,-73.18241
United States,Q30,http://www.wikidata.org/entity/Q116722073,Dignity - San Martin,Solar power station,36.057181,-115.2721
United States,Q30,http://www.wikidata.org/entity/Q116721975,Barrett Farm Solar - Phase I,Solar power station,41.946333,-71.8838
United States,Q30,http://www.wikidata.org/entity/Q116722083,Bartow Solar Energy LLC,Solar power station,27.925984,-81.8191
United States,Q30,http://www.wikidata.org/entity/Q116721994,Covington Solar Farm,Solar power station,36.31792,-97.58589
United States,Q30,http://www.wikidata.org/entity/Q116722074,"Dix Solar, L.L.C",Solar power station,39.977433,-74.62186
United States,Q30,http://www.wikidata.org/entity/Q116722008,Edenton Solar,Solar power station,36.054,-76.544
United States,Q30,http://www.wikidata.org/entity/Q116722066,Morgan Solar Center,Solar power station,43.951376,-117.0748
United States,Q30,http://www.wikidata.org/entity/Q116722052,Grand Ronde Solar,Solar power station,45.054,-123.61
United States,Q30,http://www.wikidata.org/entity/Q116722058,SeaWorld Aquatica,Solar power station,32.586536,-117.0049
United States,Q30,http://www.wikidata.org/entity/Q116722026,DG AMP Solar Piqua Staunton,Solar power station,40.140866,-84.23148
United States,Q30,http://www.wikidata.org/entity/Q116722115,Sunlight Beacon,Solar power station,41.494632,-73.98164
United States,Q30,http://www.wikidata.org/entity/Q116722036,DG AMP Solar Brewster,Solar power station,40.702397,-81.58983
United States,Q30,http://www.wikidata.org/entity/Q116722050,Freedom Solar,Solar power station,34.287,-79.148
United States,Q30,http://www.wikidata.org/entity/Q116722031,"Ranchland Solar, LLC",Solar power station,36.472591,-76.15409
United States,Q30,http://www.wikidata.org/entity/Q116722112,"Blackville Solar Farm, LLC",Solar power station,33.342619,-81.25893
United States,Q30,http://www.wikidata.org/entity/Q116722000,Interstate Solar Energy Center,Solar power station,27.5,-80.44
United States,Q30,http://www.wikidata.org/entity/Q116722044,Dayton Cutoff Solar,Solar power station,45.17,-123.135
United States,Q30,http://www.wikidata.org/entity/Q116722028,Hamilton Solar Power Plant,Solar power station,30.444324,-83.18694
United States,Q30,http://www.wikidata.org/entity/Q116722108,Susquehanna University Solar,Solar power station,40.795166,-76.88253
United States,Q30,http://www.wikidata.org/entity/Q116721988,"Southern Current One, LLC",Solar power station,32.947262,-81.21594
United States,Q30,http://www.wikidata.org/entity/Q116722046,Silverton Solar,Solar power station,45.014,-122.807
United States,Q30,http://www.wikidata.org/entity/Q116722049,Interstate Solar,Solar power station,45.129,-122.899
United States,Q30,http://www.wikidata.org/entity/Q116722024,DG AMP Solar Smyrna,Solar power station,39.279702,-75.62242
United States,Q30,http://www.wikidata.org/entity/Q116722082,John A Logan College Solar,Solar power station,37.750571,-89.0853
United States,Q30,http://www.wikidata.org/entity/Q116722056,"Hope Farm Solar, LLC",Solar power station,41.7479,-71.5263
United States,Q30,http://www.wikidata.org/entity/Q116722103,"Stratford Solar Center, LLC",Solar power station,36.660483,-76.56093
United States,Q30,http://www.wikidata.org/entity/Q116722057,"Sun Farm VI, LLC",Solar power station,36.114444,-76.50778
United States,Q30,http://www.wikidata.org/entity/Q116722078,Bronson,Solar power station,29.537482,-95.96955
United States,Q30,http://www.wikidata.org/entity/Q116721978,"Solten Plainville 6000, LLC",Solar power station,42.041166,-71.29328
United States,Q30,http://www.wikidata.org/entity/Q116722087,Staunton,Solar power station,39.45746,-87.20824
United States,Q30,http://www.wikidata.org/entity/Q116721990,Quincy II Solar Garden,Solar power station,39.638409,-104.6625
United States,Q30,http://www.wikidata.org/entity/Q116722121,Saint Albans Solar,Solar power station,44.779729,-73.10582
United States,Q30,http://www.wikidata.org/entity/Q116722048,Colton Solar,Solar power station,45.17,-122.473
United States,Q30,http://www.wikidata.org/entity/Q116721977,MA Solar Storage 1 Hybrid,Solar power station,42.450729,-71.74263
United States,Q30,http://www.wikidata.org/entity/Q116722019,Heyer CSG,Solar power station,44.227172,-93.42173
United States,Q30,http://www.wikidata.org/entity/Q116722025,City of Rochester Solar,Solar power station,43.176918,-77.67851
United States,Q30,http://www.wikidata.org/entity/Q116722061,Broadalbin,Solar power station,43.061306,-74.15489
United States,Q30,http://www.wikidata.org/entity/Q116721973,Onyx - Saratoga Springs Landfill Solar CSG,Solar power station,43.096874,-73.74486
United States,Q30,http://www.wikidata.org/entity/Q116722101,Phoebe Solar,Solar power station,31.843422,-102.8683
United States,Q30,http://www.wikidata.org/entity/Q116722086,Kearney NPPD Solar Project,Solar power station,40.721688,-99.0412
United States,Q30,http://www.wikidata.org/entity/Q116722067,Vale Solar Center,Solar power station,44.157874,-117.4443
United States,Q30,http://www.wikidata.org/entity/Q116722095,Toyota HQ Plan,Solar power station,33.084219,-96.84113
United States,Q30,http://www.wikidata.org/entity/Q116721992,"East Acres Solar NG, LLC",Solar power station,42.487476,-73.24233
United States,Q30,http://www.wikidata.org/entity/Q116722029,Chisum,Solar power station,33.63291,-95.39071
United States,Q30,http://www.wikidata.org/entity/Q116722023,Rensselaer Solar Site 2,Solar power station,40.949786,-87.14817
United States,Q30,http://www.wikidata.org/entity/Q116722097,Holtsville Solar Project,Solar power station,40.797667,-73.03398
United States,Q30,http://www.wikidata.org/entity/Q116722089,Fort Bliss (DEA EPIC),Solar power station,31.829986,-106.3729
United States,Q30,http://www.wikidata.org/entity/Q116722022,Prairie Sky Solar Farm,Solar power station,37.751716,-97.0745
United States,Q30,http://www.wikidata.org/entity/Q116722001,Syncarpha Hancock II CSG,Solar power station,42.426866,-73.347
United States,Q30,http://www.wikidata.org/entity/Q116722094,National Raisin,Solar power station,36.624512,-119.6731
United States,Q30,http://www.wikidata.org/entity/Q116722084,Morning View,Solar power station,35.546315,-79.74284
United States,Q30,http://www.wikidata.org/entity/Q116721984,GWCC PV Solar Farm,Solar power station,39.017238,-76.909
United States,Q30,http://www.wikidata.org/entity/Q116722079,Lampwick,Solar power station,30.872228,-99.53726
United States,Q30,http://www.wikidata.org/entity/Q116722109,Bowie State Solar,Solar power station,39.019083,-76.75948
United States,Q30,http://www.wikidata.org/entity/Q116722100,Amsterdam South,Solar power station,42.948957,-74.12616
United States,Q30,http://www.wikidata.org/entity/Q116721999,Pioneer Trail Solar Energy Center,Solar power station,29.08,-81.1
United States,Q30,http://www.wikidata.org/entity/Q116722055,FECC Solar Benton,Solar power station,34.638429,-92.57835
United States,Q30,http://www.wikidata.org/entity/Q116722122,WHA Southbridge Solar Park CSG,Solar power station,39.723644,-75.54598
United States,Q30,http://www.wikidata.org/entity/Q116722032,Kearsarge Concord II,Solar power station,42.449306,-71.42043
United States,Q30,http://www.wikidata.org/entity/Q116722034,IKEA Oak Creek Rooftop PV System,Solar power station,42.902949,-87.93545
United States,Q30,http://www.wikidata.org/entity/Q116722035,Big Lake Project CSG,Solar power station,45.334,-93.792
United States,Q30,http://www.wikidata.org/entity/Q116722045,Valley Creek Solar,Solar power station,45.033,-123.094
United States,Q30,http://www.wikidata.org/entity/Q116721996,Sherburne North Project CSG,Solar power station,45.4978,-94.1143
United States,Q30,http://www.wikidata.org/entity/Q116722099,Amsterdam North,Solar power station,42.953622,-74.1198
United States,Q30,http://www.wikidata.org/entity/Q116721979,Randolph,Solar power station,42.177563,-71.07739
United States,Q30,http://www.wikidata.org/entity/Q116722039,IKEA Jacksonville Rooftop PV System,Solar power station,30.23,-81.51
United States,Q30,http://www.wikidata.org/entity/Q116721986,Gratis Road Solar Facility,Solar power station,33.844621,-83.69736
United States,Q30,http://www.wikidata.org/entity/Q116722059,Brush Solar Center,Solar power station,44.465334,-118.2041
United States,Q30,http://www.wikidata.org/entity/Q116722042,Dignity - Siena Campus,Solar power station,36.004293,-115.1153
United States,Q30,http://www.wikidata.org/entity/Q116722080,Cascade Solar (TX),Solar power station,29.205355,-96.02338
United States,Q30,http://www.wikidata.org/entity/Q116722011,Camilla Solar Energy Project,Solar power station,31.26955,-84.22872
United States,Q30,http://www.wikidata.org/entity/Q116722016,"Shaw Creek Solar, LLC",Solar power station,33.674689,-81.75444
United States,Q30,http://www.wikidata.org/entity/Q116722102,Springfield Solar Project,Solar power station,40.032087,-74.64739
United States,Q30,http://www.wikidata.org/entity/Q116722002,Syncarpha Hancock III CSG,Solar power station,42.428054,-73.33262
United States,Q30,http://www.wikidata.org/entity/Q116722111,Kearsarge Oppenheim CSG,Solar power station,43.060223,-74.73642
United States,Q30,http://www.wikidata.org/entity/Q116722070,Ontario Solar Center,Solar power station,44.112841,-117.0281
United States,Q30,http://www.wikidata.org/entity/Q116722098,Sharon Springs,Solar power station,42.775105,-74.56715
United States,Q30,http://www.wikidata.org/entity/Q116722077,Bovine,Solar power station,29.631324,-96.07689
United States,Q30,http://www.wikidata.org/entity/Q116722033,Kearsarge Granby,Solar power station,42.222962,-72.50833
United States,Q30,http://www.wikidata.org/entity/Q116721976,Richmond Solar Site 2,Solar power station,39.833452,-84.81621
United States,Q30,http://www.wikidata.org/entity/Q116722085,Copperfield,Solar power station,35.340067,-79.99116
United States,Q30,http://www.wikidata.org/entity/Q116722047,Sheep Solar,Solar power station,44.826,-122.949
United States,Q30,http://www.wikidata.org/entity/Q116721980,Haywood Solar,Solar power station,35.5775,-89.28694
United States,Q30,http://www.wikidata.org/entity/Q116722006,North 301 Solar,Solar power station,36.213,-77.624
United States,Q30,http://www.wikidata.org/entity/Q116722041,RPUWD Scheuer Well Solar Project,Solar power station,34.11193,-117.2733
United States,Q30,http://www.wikidata.org/entity/Q116722020,Gateway Solar,Solar power station,38.376941,-75.2742
United States,Q30,http://www.wikidata.org/entity/Q116721974,Onyx - Brockton Thatcher Landfill Solar CSG,Solar power station,42.066369,-70.98345
United States,Q30,http://www.wikidata.org/entity/Q116722063,Danville,Solar power station,36.660591,-79.29906
United States,Q30,http://www.wikidata.org/entity/Q116722088,Bar D,Solar power station,39.923679,-108.4627
United States,Q30,http://www.wikidata.org/entity/Q116720082,Facile Solar,Solar power station,36.098889,-79.49389
United States,Q30,http://www.wikidata.org/entity/Q116720207,Sandoval Solar Energy Center,Solar power station,35.283611,-106.8128
United States,Q30,http://www.wikidata.org/entity/Q116720193,Innovative Solar 6,Solar power station,35.6575,-82.71028
United States,Q30,http://www.wikidata.org/entity/Q116720190,Coronus Adelanto West 1,Solar power station,34.548056,-117.4644
United States,Q30,http://www.wikidata.org/entity/Q116720191,Coronus Adelanto West 2,Solar power station,34.548056,-117.4644
United States,Q30,http://www.wikidata.org/entity/Q116720214,Ashley Solar Farm,Solar power station,36.126111,-80.79889
United States,Q30,http://www.wikidata.org/entity/Q116720154,IMPA Peru Solar Park,Solar power station,40.767778,-86.04556
United States,Q30,http://www.wikidata.org/entity/Q116720096,SCE-Snowline-White Road (South),Solar power station,34.413056,-117.4708
United States,Q30,http://www.wikidata.org/entity/Q116720208,Springer Solar 1,Solar power station,36.398056,-104.5942
United States,Q30,http://www.wikidata.org/entity/Q116720202,"Innovative Solar 14, LLC",Solar power station,35.368889,-82.3575
United States,Q30,http://www.wikidata.org/entity/Q116720205,Dalton 2,Solar power station,34.718056,-84.93194
United States,Q30,http://www.wikidata.org/entity/Q116720178,Porter Solar,Solar power station,35.2167,-77.0743
United States,Q30,http://www.wikidata.org/entity/Q116720084,Shafter Solar LLC,Solar power station,35.393333,-119.1278
United States,Q30,http://www.wikidata.org/entity/Q116720107,Duke Building 87,Solar power station,39.890833,-86.25556
United States,Q30,http://www.wikidata.org/entity/Q116720086,"Rudy Solar, LLC",Solar power station,34.766389,-117.3236
United States,Q30,http://www.wikidata.org/entity/Q116720189,SR Hazlehurst,Solar power station,31.810278,-82.575
United States,Q30,http://www.wikidata.org/entity/Q116720151,IMPA Richmond Solar Park,Solar power station,39.801111,-84.895
United States,Q30,http://www.wikidata.org/entity/Q116720172,Candace Solar,Solar power station,35.487,-78.1922
United States,Q30,http://www.wikidata.org/entity/Q116720140,Sullivan Solar,Solar power station,41.655,-70.95639
United States,Q30,http://www.wikidata.org/entity/Q116720197,"Everetts Wildcat Solar, LLC",Solar power station,35.847222,-77.11139
United States,Q30,http://www.wikidata.org/entity/Q116720109,Duke Building 129,Solar power station,39.910833,-86.24528
United States,Q30,http://www.wikidata.org/entity/Q116720210,Eastover Farm,Solar power station,34.742222,-79.46306
United States,Q30,http://www.wikidata.org/entity/Q116720203,"Innovative Solar 15, LLC",Solar power station,35.319444,-81.76417
United States,Q30,http://www.wikidata.org/entity/Q116720120,Desert Star Hybrid,Solar power station,33.145,-112.66
United States,Q30,http://www.wikidata.org/entity/Q116720097,SCE-Snowline-White Road (North),Solar power station,34.4175,-117.4697
United States,Q30,http://www.wikidata.org/entity/Q116720143,KS Solar Six LLC,Solar power station,42.470833,-72.045
United States,Q30,http://www.wikidata.org/entity/Q116720094,Anaheim Solar Energy Plant,Solar power station,33.8025,-117.9197
United States,Q30,http://www.wikidata.org/entity/Q116720106,Sierra Solar Greenworks,Solar power station,34.703611,-118.3342
United States,Q30,http://www.wikidata.org/entity/Q116720179,Sun Devil Solar,Solar power station,36.432,-77.9703
United States,Q30,http://www.wikidata.org/entity/Q116720157,"Hadley Solar NG, LLC",Solar power station,42.352085,-72.53885
United States,Q30,http://www.wikidata.org/entity/Q116720145,Cornell Snyder Road Solar Array,Solar power station,42.4975,-76.46
United States,Q30,http://www.wikidata.org/entity/Q116720173,Sarah Solar,Solar power station,36.139444,-78.14694
United States,Q30,http://www.wikidata.org/entity/Q116720156,IMPA Crawfordsville Solar Park,Solar power station,40.053056,-86.88722
United States,Q30,http://www.wikidata.org/entity/Q116720149,Clarendon Solar Farm,Solar power station,43.539722,-72.95583
United States,Q30,http://www.wikidata.org/entity/Q116720188,Princeton,Solar power station,35.504444,-78.19222
United States,Q30,http://www.wikidata.org/entity/Q116720194,Springfield Solar LLC,Solar power station,39.893889,-83.80556
United States,Q30,http://www.wikidata.org/entity/Q116720102,Two Mile Solar,Solar power station,36.223056,-76.46194
United States,Q30,http://www.wikidata.org/entity/Q116720186,Solar Oasis LLC,Solar power station,34.648889,-118.0767
United States,Q30,http://www.wikidata.org/entity/Q116720174,Nitro Solar,Solar power station,35.486944,-78.31389
United States,Q30,http://www.wikidata.org/entity/Q116720180,Quincy Solar,Solar power station,35.0717,-78.8078
United States,Q30,http://www.wikidata.org/entity/Q116720204,Vega Solar,Solar power station,36.925833,-120.82
United States,Q30,http://www.wikidata.org/entity/Q116720144,Alamo Solar,Solar power station,34.682222,-117.3475
United States,Q30,http://www.wikidata.org/entity/Q116720147,Apple Data Center PV3,Solar power station,35.715,-81.15
United States,Q30,http://www.wikidata.org/entity/Q116720175,Melinda Solar,Solar power station,36.2487,-78.3475
United States,Q30,http://www.wikidata.org/entity/Q116720198,Putah Creek Solar Farm,Solar power station,38.521111,-121.9939
United States,Q30,http://www.wikidata.org/entity/Q116720184,Giffen Solar Park,Solar power station,36.544722,-120.3161
United States,Q30,http://www.wikidata.org/entity/Q116720121,St. Albans SPEED Project,Solar power station,44.787778,-73.08861
United States,Q30,http://www.wikidata.org/entity/Q116720108,Duke Building 98,Solar power station,39.904722,-86.26
United States,Q30,http://www.wikidata.org/entity/Q116720195,Beaver Solar LLC,Solar power station,40.691389,-80.32389
United States,Q30,http://www.wikidata.org/entity/Q116720085,"Madelyn Solar, LLC",Solar power station,34.768333,-117.3236
United States,Q30,http://www.wikidata.org/entity/Q116720155,IMPA Tell City Solar Park,Solar power station,37.946111,-86.7375
United States,Q30,http://www.wikidata.org/entity/Q116720119,"TA-Acacia, LLC",Solar power station,34.689167,-118.3247
United States,Q30,http://www.wikidata.org/entity/Q116720200,"FLS Solar 170, LLC",Solar power station,34.6,-78.97
United States,Q30,http://www.wikidata.org/entity/Q116720122,Cranbury,Solar power station,40.314722,-74.49917
United States,Q30,http://www.wikidata.org/entity/Q116720139,Monson Solar,Solar power station,42.124444,-72.3325
United States,Q30,http://www.wikidata.org/entity/Q116720126,CBC Solar Energy Gen Fac Phase 2,Solar power station,35.674444,-78.52611
United States,Q30,http://www.wikidata.org/entity/Q116720187,Pasquotank,Solar power station,36.264722,-76.30611
United States,Q30,http://www.wikidata.org/entity/Q116720199,"FLS Solar 200, LLC",Solar power station,34.581944,-78.94
United States,Q30,http://www.wikidata.org/entity/Q116720168,Antares-GRE 314 East Lyme LLC,Solar power station,41.416944,-72.23444
United States,Q30,http://www.wikidata.org/entity/Q116720105,Solar Las Vegas MB-1,Solar power station,36.088611,-115.1778
United States,Q30,http://www.wikidata.org/entity/Q116720099,IND Solar Farm (Phase IIA),Solar power station,39.694722,-86.32167
United States,Q30,http://www.wikidata.org/entity/Q116720159,Lanier Solar,Solar power station,34.898889,-77.80889
United States,Q30,http://www.wikidata.org/entity/Q116720130,Tech Park Solar,Solar power station,32.097884,-110.8157
United States,Q30,http://www.wikidata.org/entity/Q116720160,Highwater Solar I,Solar power station,35.433889,-77.99
United States,Q30,http://www.wikidata.org/entity/Q116720101,GKS Solar,Solar power station,36.248333,-76.50194
United States,Q30,http://www.wikidata.org/entity/Q116720083,Newman Solar,Solar power station,31.978333,-106.4275
United States,Q30,http://www.wikidata.org/entity/Q116720081,Diamond Valley Solar Project,Solar power station,33.713056,-117.0725
United States,Q30,http://www.wikidata.org/entity/Q116720153,IMPA Rensselaer Solar Park,Solar power station,40.946111,-87.13639
United States,Q30,http://www.wikidata.org/entity/Q116720181,Husky Solar,Solar power station,36.2847,-79.5667
United States,Q30,http://www.wikidata.org/entity/Q116720088,Algonquin SKIC20 Solar LLC,Solar power station,35.126111,-119.2433
United States,Q30,http://www.wikidata.org/entity/Q116720124,Decatur County Solar Project,Solar power station,30.965,-84.62611
United States,Q30,http://www.wikidata.org/entity/Q116720137,Denver Intl Airport IV Solar,Solar power station,39.900556,-104.6694
United States,Q30,http://www.wikidata.org/entity/Q116720087,"Mitchell Solar, LLC",Solar power station,34.765,-117.3236
United States,Q30,http://www.wikidata.org/entity/Q116720115,"Adelanto Solar II, LLC",Solar power station,34.557222,-117.3775
United States,Q30,http://www.wikidata.org/entity/Q116720117,"Adelanto Solar, LLC",Solar power station,34.557222,-117.3775
United States,Q30,http://www.wikidata.org/entity/Q116720171,Tracy Solar,Solar power station,35.7998,-78.1398
United States,Q30,http://www.wikidata.org/entity/Q116720213,Keen Farm,Solar power station,35.426667,-78.39998
United States,Q30,http://www.wikidata.org/entity/Q116720211,Foxfire Solar Farm,Solar power station,35.220556,-79.55194
United States,Q30,http://www.wikidata.org/entity/Q116720192,Park Meridian #1,Solar power station,33.896111,-117.2836
United States,Q30,http://www.wikidata.org/entity/Q116720212,Hutchinson Farm,Solar power station,35.260833,-81.51583
United States,Q30,http://www.wikidata.org/entity/Q116720161,Bearford Solar II,Solar power station,34.611944,-77.92889
United States,Q30,http://www.wikidata.org/entity/Q116720092,Atwell Island West Solar,Solar power station,35.815,-119.4597
United States,Q30,http://www.wikidata.org/entity/Q116720176,Jacob Solar,Solar power station,36.2922,-79.6214
United States,Q30,http://www.wikidata.org/entity/Q116720183,Baker PV 1,Solar power station,36.270278,-77.06028
United States,Q30,http://www.wikidata.org/entity/Q116720158,"265 Pleasant Solar NG, LLC",Solar power station,42.581389,-71.76222
United States,Q30,http://www.wikidata.org/entity/Q116720185,Whitakers,Solar power station,36.127222,-77.73444
United States,Q30,http://www.wikidata.org/entity/Q116720209,Crockett Farm,Solar power station,35.230833,-77.5525
United States,Q30,http://www.wikidata.org/entity/Q116720152,IMPA Frankton Solar Park,Solar power station,40.216389,-85.77472
United States,Q30,http://www.wikidata.org/entity/Q116720162,Anthony Wayne Solar #1,Solar power station,41.627222,-83.57472
United States,Q30,http://www.wikidata.org/entity/Q116720104,Downs Farm Solar,Solar power station,36.361944,-76.91694
United States,Q30,http://www.wikidata.org/entity/Q116720146,Apple Campus 2 PV,Solar power station,37.33,-122.01
United States,Q30,http://www.wikidata.org/entity/Q116720098,SCE-Snowline-White Rd (Central),Solar power station,34.415278,-117.47
United States,Q30,http://www.wikidata.org/entity/Q116720125,"Decatur Parkway Solar Project, LLC",Solar power station,30.991944,-84.63389
United States,Q30,http://www.wikidata.org/entity/Q116720134,Hickory Ridge Landfill Solar Project,Solar power station,33.665,-84.33611
United States,Q30,http://www.wikidata.org/entity/Q116720150,Claire Solar Farm,Solar power station,44.426111,-73.15639
United States,Q30,http://www.wikidata.org/entity/Q116720138,Ayers Village Solar,Solar power station,42.791944,-71.1775
United States,Q30,http://www.wikidata.org/entity/Q116720091,Corcoran Solar 2,Solar power station,36.141944,-119.5817
United States,Q30,http://www.wikidata.org/entity/Q116720170,Andrew Solar,Solar power station,35.1608,-77.1099
United States,Q30,http://www.wikidata.org/entity/Q116720141,Winchendon Solar,Solar power station,42.659444,-71.99167
United States,Q30,http://www.wikidata.org/entity/Q116720129,Valencia Solar,Solar power station,32.145833,-110.8669
United States,Q30,http://www.wikidata.org/entity/Q116720953,DG AMP Solar Bowling Green,Solar power station,41.396,-83.582
United States,Q30,http://www.wikidata.org/entity/Q116720975,"North Nash Farm, LLC",Solar power station,36.070336,-78.03832
United States,Q30,http://www.wikidata.org/entity/Q116720960,Blue Lake Solar,Solar power station,44.79642,-93.42959
United States,Q30,http://www.wikidata.org/entity/Q116720995,"Nixa Solar, LLC",Solar power station,37.043903,-93.33897
United States,Q30,http://www.wikidata.org/entity/Q116721020,Marshall Solar Farm (MO),Solar power station,39.0948,-93.2104
United States,Q30,http://www.wikidata.org/entity/Q116720961,"Gainey Solar, LLC",Solar power station,34.499,-78.653
United States,Q30,http://www.wikidata.org/entity/Q116721009,WakeSun LLC,Solar power station,45.472889,-94.40642
United States,Q30,http://www.wikidata.org/entity/Q116720986,Archdiocese of Baltimore J,Solar power station,39.445,-76.217
United States,Q30,http://www.wikidata.org/entity/Q116720987,Archdiocese of Baltimore L,Solar power station,39.445,-76.217
United States,Q30,http://www.wikidata.org/entity/Q116720976,Dickinson Solar Array,Solar power station,45.11444,-93.8138
United States,Q30,http://www.wikidata.org/entity/Q116721019,Waynesville Solar Farm (MO),Solar power station,37.8041,-92.2535
United States,Q30,http://www.wikidata.org/entity/Q116720938,Old Pageland Monroe Road Solar Farm,Solar power station,34.95233,-80.48191
United States,Q30,http://www.wikidata.org/entity/Q116721015,Rincon Solar I,Solar power station,32.292879,-81.2844
United States,Q30,http://www.wikidata.org/entity/Q116720895,GMP Solar - Richmond,Solar power station,44.42691,-73.00849
United States,Q30,http://www.wikidata.org/entity/Q116721004,Canyon Del Oro High School Solar,Solar power station,32.374,-110.974
United States,Q30,http://www.wikidata.org/entity/Q116720966,Cork Oak Solar,Solar power station,36.371,-77.571
United States,Q30,http://www.wikidata.org/entity/Q116720940,Wayne Solar I LLC,Solar power station,35.221083,-78.01903
United States,Q30,http://www.wikidata.org/entity/Q116721026,Victor Mesa Linda E2,Solar power station,34.508056,-117.3872
United States,Q30,http://www.wikidata.org/entity/Q116720901,Southerland Farm Solar,Solar power station,36.265611,-78.36781
United States,Q30,http://www.wikidata.org/entity/Q116720999,ANAD Solar Array,Solar power station,33.626728,-85.96948
United States,Q30,http://www.wikidata.org/entity/Q116720967,Sunflower Solar,Solar power station,36.395,-77.593
United States,Q30,http://www.wikidata.org/entity/Q116721024,Victor Mesa Linda C2,Solar power station,34.511389,-117.3872
United States,Q30,http://www.wikidata.org/entity/Q116720894,KIUC Kapaia PV and BA Storage Project Hybrid,Solar power station,21.997272,-159.3792
United States,Q30,http://www.wikidata.org/entity/Q116720917,HQC Rock River Solar Power Gen Station,Solar power station,42.578831,-89.03302
United States,Q30,http://www.wikidata.org/entity/Q116720958,"Perkins Solar, LLC",Solar power station,36.43741,-78.97198
United States,Q30,http://www.wikidata.org/entity/Q116720943,CMEEC - Rogers Rd Solar,Solar power station,41.538324,-72.12254
United States,Q30,http://www.wikidata.org/entity/Q116721018,Rolla Solar Farm (MO),Solar power station,37.9853,-91.7169
United States,Q30,http://www.wikidata.org/entity/Q116720892,158th Fighter Wing Solar Farm,Solar power station,44.477705,-73.15341
United States,Q30,http://www.wikidata.org/entity/Q116720925,Upton County Solar,Solar power station,31.241808,-102.2903
United States,Q30,http://www.wikidata.org/entity/Q116721025,Victor Mesa Linda D2,Solar power station,34.509444,-117.3872
United States,Q30,http://www.wikidata.org/entity/Q116720920,Wadesboro Farm 3,Solar power station,34.969356,-80.05103
United States,Q30,http://www.wikidata.org/entity/Q116721023,Stone Hill Solar CSG,Solar power station,42.059104,-71.08916
United States,Q30,http://www.wikidata.org/entity/Q116720990,Baltimore City F,Solar power station,39.436,-76.22
United States,Q30,http://www.wikidata.org/entity/Q116720991,Baltimore City G,Solar power station,39.436,-76.22
United States,Q30,http://www.wikidata.org/entity/Q116720988,Baltimore City B,Solar power station,39.436,-76.22
United States,Q30,http://www.wikidata.org/entity/Q116720989,Baltimore City D,Solar power station,39.436,-76.22
United States,Q30,http://www.wikidata.org/entity/Q116720992,City of Havre De Grace C,Solar power station,39.436,-76.22
United States,Q30,http://www.wikidata.org/entity/Q116721021,Havre de Grace II - E at Perryman,Solar power station,39.436,-76.22
United States,Q30,http://www.wikidata.org/entity/Q116720993,Sod Run WTP A,Solar power station,39.436,-76.22
United States,Q30,http://www.wikidata.org/entity/Q116720959,Empire Solar,Solar power station,44.66438,-93.10881
United States,Q30,http://www.wikidata.org/entity/Q116720904,Selmer II,Solar power station,35.166111,-88.64667
United States,Q30,http://www.wikidata.org/entity/Q116720919,Wadesboro Farm 2,Solar power station,35.023406,-80.09319
United States,Q30,http://www.wikidata.org/entity/Q116720931,"Golden Fields Solar I, LLC",Solar power station,34.839012,-118.3868
United States,Q30,http://www.wikidata.org/entity/Q116720932,"Solar Star California, XLI, LLC",Solar power station,34.839012,-118.3868
United States,Q30,http://www.wikidata.org/entity/Q116720970,"Solar Mule, LLC",Solar power station,44.557725,-69.67136
United States,Q30,http://www.wikidata.org/entity/Q116720921,Hector Farm,Solar power station,35.376236,-79.90972
United States,Q30,http://www.wikidata.org/entity/Q116720957,BRE NC Solar 3,Solar power station,36.383,-78.612
United States,Q30,http://www.wikidata.org/entity/Q116720905,Solar Blythe 2,Solar power station,33.618678,-114.6962
United States,Q30,http://www.wikidata.org/entity/Q116721001,Pearl Solar,Solar power station,30.98784,-102.2683
United States,Q30,http://www.wikidata.org/entity/Q116720926,LaFayette Solar Farm,Solar power station,32.876313,-85.38821
United States,Q30,http://www.wikidata.org/entity/Q116720944,CMEEC - Polaris Park Solar Hybrid,Solar power station,41.381256,-72.07689
United States,Q30,http://www.wikidata.org/entity/Q116720998,Fort Rucker Solar Array,Solar power station,31.331148,-85.73019
United States,Q30,http://www.wikidata.org/entity/Q116720947,CMEEC - Norwich Stott St Solar Hybrid,Solar power station,41.576946,-72.10461
United States,Q30,http://www.wikidata.org/entity/Q116720897,"ZV Solar 3, LLC",Solar power station,34.816182,-79.20022
United States,Q30,http://www.wikidata.org/entity/Q116720888,Limerick Road Solar Farm,Solar power station,44.368889,-73.24708
United States,Q30,http://www.wikidata.org/entity/Q116720890,Innovative Solar 31,Solar power station,34.539425,-78.75539
United States,Q30,http://www.wikidata.org/entity/Q116721022,IFF Hazlet,Solar power station,40.43819,-74.16015
United States,Q30,http://www.wikidata.org/entity/Q116720935,Wayne Solar III LLC,Solar power station,35.324377,-77.87123
United States,Q30,http://www.wikidata.org/entity/Q116720952,Worcester Landfill,Solar power station,42.219,-71.791
United States,Q30,http://www.wikidata.org/entity/Q116720908,GMP Solar - Panton Hybrid,Solar power station,44.085795,-73.19539
United States,Q30,http://www.wikidata.org/entity/Q116720955,Fox Creek Solar,Solar power station,36.126912,-78.27311
United States,Q30,http://www.wikidata.org/entity/Q116720941,Jacobson 5 MW Solar,Solar power station,35.304528,-114.0118
United States,Q30,http://www.wikidata.org/entity/Q116720902,Hazlehurst II,Solar power station,31.819444,-82.60222
United States,Q30,http://www.wikidata.org/entity/Q116720900,Hattiesburg Solar Farm,Solar power station,31.275828,-89.30116
United States,Q30,http://www.wikidata.org/entity/Q116720946,CMEEC - Navy NE Trident,Solar power station,41.39546,-72.07919
United States,Q30,http://www.wikidata.org/entity/Q116721000,"Annapolis Solar Park, LLC",Solar power station,38.992144,-76.57377
United States,Q30,http://www.wikidata.org/entity/Q116720963,"Creech Solar 2, LLC",Solar power station,35.72196,-78.60434
United States,Q30,http://www.wikidata.org/entity/Q116720922,Kojak Farm,Solar power station,35.79915,-78.10218
United States,Q30,http://www.wikidata.org/entity/Q116720982,Moffett Solar Project,Solar power station,32.620653,-80.99599
United States,Q30,http://www.wikidata.org/entity/Q116721017,Trenton Solar Farm (MO),Solar power station,40.1155,-93.6122
United States,Q30,http://www.wikidata.org/entity/Q116720956,Renew Canal 1 CSG LLC,Solar power station,41.766987,-70.52117
United States,Q30,http://www.wikidata.org/entity/Q116720937,Duplin Solar I LLC (160 Houston Lane),Solar power station,34.960083,-77.98039
United States,Q30,http://www.wikidata.org/entity/Q116721003,Amphitheater High School Solar,Solar power station,32.269,-110.975
United States,Q30,http://www.wikidata.org/entity/Q116720978,Townsite Solar Project Hybrid,Solar power station,35.937336,-114.884
United States,Q30,http://www.wikidata.org/entity/Q116720889,"Langdon Solar Farm, LLC",Solar power station,35.447278,-78.41348
United States,Q30,http://www.wikidata.org/entity/Q116720996,Tannery Road Landfill,Solar power station,43.239004,-75.53459
United States,Q30,http://www.wikidata.org/entity/Q116720972,"West Brookfield Solar, LLC",Solar power station,42.222798,-72.12953
United States,Q30,http://www.wikidata.org/entity/Q116721027,SEPV Palmdale East,Solar power station,34.613056,-117.9389
United States,Q30,http://www.wikidata.org/entity/Q116720896,"NorWest Energy 2, LLC",Solar power station,44.06803,-121.2284
United States,Q30,http://www.wikidata.org/entity/Q116720954,Brantley Solar,Solar power station,35.890485,-78.15515
United States,Q30,http://www.wikidata.org/entity/Q116720939,Bay Branch Solar,Solar power station,35.4745,-77.1191
United States,Q30,http://www.wikidata.org/entity/Q116720929,Pleasant Valley Solar,Solar power station,33.7368,-83.6971
United States,Q30,http://www.wikidata.org/entity/Q116720964,"Bunn Level Farm, LLC",Solar power station,35.308639,-78.77433
United States,Q30,http://www.wikidata.org/entity/Q116721008,Tanager Holdings,Solar power station,35.7527,-79.78463
United States,Q30,http://www.wikidata.org/entity/Q116720923,Meriwether Farm,Solar power station,36.288911,-78.60459
United States,Q30,http://www.wikidata.org/entity/Q116720942,Wye Mills VNEM CSG,Solar power station,38.94037,-76.04566
United States,Q30,http://www.wikidata.org/entity/Q116720949,Southern Sky Renew Energy Berkley LLC,Solar power station,41.83777,-71.0913
United States,Q30,http://www.wikidata.org/entity/Q116720936,Wayne Solar II LLC,Solar power station,35.31556,-78.07948
United States,Q30,http://www.wikidata.org/entity/Q116720962,"Auten Road Farm, LLC",Solar power station,35.30498,-81.13735
United States,Q30,http://www.wikidata.org/entity/Q116720977,Belchertown,Solar power station,42.259548,-72.40043
United States,Q30,http://www.wikidata.org/entity/Q116720983,Ridgeland Solar Project,Solar power station,32.465,-80.961
United States,Q30,http://www.wikidata.org/entity/Q116720928,Mount Vernon Solar,Solar power station,33.8388,-83.638
United States,Q30,http://www.wikidata.org/entity/Q116720997,San Joaquin Solar,Solar power station,36.527,-120.149
United States,Q30,http://www.wikidata.org/entity/Q116720924,Soluga Farms III,Solar power station,35.219272,-78.67333
United States,Q30,http://www.wikidata.org/entity/Q116721005,Pierre Solar,Solar power station,44.388753,-100.307
United States,Q30,http://www.wikidata.org/entity/Q116721010,BentonSun LLC,Solar power station,44.766167,-93.85794
United States,Q30,http://www.wikidata.org/entity/Q116720927,Oceana Solar,Solar power station,36.789753,-76.05142
United States,Q30,http://www.wikidata.org/entity/Q116720906,Millington Solar Farm,Solar power station,35.351533,-89.85473
United States,Q30,http://www.wikidata.org/entity/Q116720950,BC Solar,Solar power station,42.175,-120.3598
United States,Q30,http://www.wikidata.org/entity/Q116720903,Selmer I,Solar power station,35.140556,-88.55111
United States,Q30,http://www.wikidata.org/entity/Q116722132,Pelzer Solar I,Solar power station,34.657642,-82.50196
United States,Q30,http://www.wikidata.org/entity/Q116722219,Savoy Solar PV,Solar power station,42.56,-73.05
United States,Q30,http://www.wikidata.org/entity/Q116722137,Vincent Solar,Solar power station,34.091583,-80.10831
United States,Q30,http://www.wikidata.org/entity/Q116722128,Bond Solar,Solar power station,33.617189,-80.363
United States,Q30,http://www.wikidata.org/entity/Q116722157,Blackville Solar II,Solar power station,33.344319,-81.26177
United States,Q30,http://www.wikidata.org/entity/Q116722237,Schultz CSG,Solar power station,44.5576,-93.376
United States,Q30,http://www.wikidata.org/entity/Q116722171,USS Good Solar CSG,Solar power station,45.436226,-92.94066
United States,Q30,http://www.wikidata.org/entity/Q116722177,Gibbon Solar,Solar power station,44.520923,-94.52436
United States,Q30,http://www.wikidata.org/entity/Q116722193,Rollingstone Holdco CSG,Solar power station,44.114425,-91.79125
United States,Q30,http://www.wikidata.org/entity/Q116722168,Citrus Ridge Solar,Solar power station,28.40078,-81.61632
United States,Q30,http://www.wikidata.org/entity/Q116722214,Hampton MN GRE,Solar power station,44.548799,-93.0205
United States,Q30,http://www.wikidata.org/entity/Q116722226,Pima Community College,Solar power station,32.166494,-110.8167
United States,Q30,http://www.wikidata.org/entity/Q116722233,Becker Solar 2 CSG,Solar power station,45.174612,-93.68409
United States,Q30,http://www.wikidata.org/entity/Q116722150,"Quakertown Solar Farm, LLC",Solar power station,40.522818,-74.94417
United States,Q30,http://www.wikidata.org/entity/Q116722147,Atood II,Solar power station,35.030303,-81.80847
United States,Q30,http://www.wikidata.org/entity/Q116722218,Hinsdale Solar PV,Solar power station,42.44,-73.11
United States,Q30,http://www.wikidata.org/entity/Q116722190,Nautilus Winsted Solar (CSG),Solar power station,44.948882,-94.08566
United States,Q30,http://www.wikidata.org/entity/Q116722129,Gary Solar,Solar power station,34.199094,-80.22168
United States,Q30,http://www.wikidata.org/entity/Q116722155,Corcoran CSG,Solar power station,45.095757,-93.64501
United States,Q30,http://www.wikidata.org/entity/Q116722183,Page Solar,Solar power station,35.533191,-78.63946
United States,Q30,http://www.wikidata.org/entity/Q116722191,Baer Road CSG,Solar power station,41.797,-75.068
United States,Q30,http://www.wikidata.org/entity/Q116722225,"Bd of Educ of Queen Anne's Cnty, Cnty HS",Solar power station,39.035986,-76.05432
United States,Q30,http://www.wikidata.org/entity/Q116722163,Columbia Solar Power Plant,Solar power station,29.882644,-82.69615
United States,Q30,http://www.wikidata.org/entity/Q116722203,USS Dubhe Solar CSG,Solar power station,45.492616,-92.90445
United States,Q30,http://www.wikidata.org/entity/Q116722234,Becker Solar 3 CSG,Solar power station,45.174942,-93.68365
United States,Q30,http://www.wikidata.org/entity/Q116722235,Becker Solar 4 CSG,Solar power station,45.175662,-93.67973
United States,Q30,http://www.wikidata.org/entity/Q116722222,Camas Solar Project,Solar power station,46.95931,-120.5091
United States,Q30,http://www.wikidata.org/entity/Q116722221,Penstemon Solar Project,Solar power station,46.95931,-120.5091
United States,Q30,http://www.wikidata.org/entity/Q116722182,UC Riverside Lots 30 & 32,Solar power station,33.97036,-117.331
United States,Q30,http://www.wikidata.org/entity/Q116722138,Watauga Solar,Solar power station,34.523944,-79.84462
United States,Q30,http://www.wikidata.org/entity/Q116722199,USS Solar Dawn CSG,Solar power station,45.491799,-92.84171
United States,Q30,http://www.wikidata.org/entity/Q116722131,Jessamine Solar,Solar power station,34.230544,-79.39061
United States,Q30,http://www.wikidata.org/entity/Q116722125,Bani Solar,Solar power station,33.953775,-79.93713
United States,Q30,http://www.wikidata.org/entity/Q116722187,Caldwell Wastewater Treatment Plant Hybrid,Solar power station,40.838568,-74.31248
United States,Q30,http://www.wikidata.org/entity/Q116722186,Jefferson Solar,Solar power station,41.656,-72.162
United States,Q30,http://www.wikidata.org/entity/Q116722181,Mustang Two,Solar power station,36.216806,-119.8964
United States,Q30,http://www.wikidata.org/entity/Q116722184,Stanford Campus Solar,Solar power station,37.43434,-122.1608
United States,Q30,http://www.wikidata.org/entity/Q116722213,East Longmeadow Solar PV,Solar power station,42.046767,-72.45912
United States,Q30,http://www.wikidata.org/entity/Q116722215,Anoka County MN CONX,Solar power station,45.234722,-93.48296
United States,Q30,http://www.wikidata.org/entity/Q116722228,Blue Shld Of Cal- El Dorado Hlls Mtr B,Solar power station,38.650627,-121.0741
United States,Q30,http://www.wikidata.org/entity/Q116722192,Sartell Holdco CSG,Solar power station,45.36443,-94.12329
United States,Q30,http://www.wikidata.org/entity/Q116722159,Edison Solar,Solar power station,33.244191,-81.38616
United States,Q30,http://www.wikidata.org/entity/Q116722209,Wareham Solar PV,Solar power station,41.78,-70.75
United States,Q30,http://www.wikidata.org/entity/Q116722140,Willis Solar,Solar power station,33.984625,-79.56498
United States,Q30,http://www.wikidata.org/entity/Q116722160,Peony Solar,Solar power station,33.502,-81.254
United States,Q30,http://www.wikidata.org/entity/Q116722161,Pinesage,Solar power station,35.220823,-79.51909
United States,Q30,http://www.wikidata.org/entity/Q116722136,South Solar,Solar power station,33.995392,-79.60606
United States,Q30,http://www.wikidata.org/entity/Q116722148,Gaston II,Solar power station,33.778378,-81.11025
United States,Q30,http://www.wikidata.org/entity/Q116722210,Lancaster,Solar power station,34.743383,-117.9722
United States,Q30,http://www.wikidata.org/entity/Q116722227,Town of Branford,Solar power station,41.28114,-72.81028
United States,Q30,http://www.wikidata.org/entity/Q116722166,Colonial Trail West,Solar power station,37.138889,-76.90222
United States,Q30,http://www.wikidata.org/entity/Q116722123,1634 Solar,Solar power station,34.3368,-80.08149
United States,Q30,http://www.wikidata.org/entity/Q116722133,Redwing Solar,Solar power station,34.274414,-79.8875
United States,Q30,http://www.wikidata.org/entity/Q116722124,Ace Solar,Solar power station,34.722882,-82.5258
United States,Q30,http://www.wikidata.org/entity/Q116722130,Goldenrod Solar,Solar power station,33.962884,-79.56289
United States,Q30,http://www.wikidata.org/entity/Q116722212,Hazlehurst III,Solar power station,31.832474,-82.60214
United States,Q30,http://www.wikidata.org/entity/Q116722200,USS Norelius Solar CSG,Solar power station,45.473642,-92.88658
United States,Q30,http://www.wikidata.org/entity/Q116722126,Blacktip Solar,Solar power station,33.900481,-79.75596
United States,Q30,http://www.wikidata.org/entity/Q116722204,USS Brockway Solar CSG,Solar power station,45.682305,-94.21133
United States,Q30,http://www.wikidata.org/entity/Q116722206,Citizens Imperial Solar,Solar power station,33.191661,-115.4338
United States,Q30,http://www.wikidata.org/entity/Q116722202,USS JJ Solar CSG,Solar power station,45.636126,-94.05036
United States,Q30,http://www.wikidata.org/entity/Q116722173,USS Rockpoint Solar CSG,Solar power station,45.439639,-92.92206
United States,Q30,http://www.wikidata.org/entity/Q116722142,Delta Solar Power II,Solar power station,42.707,-84.7
United States,Q30,http://www.wikidata.org/entity/Q116722146,"Coolidge Solar 1, LLC",Solar power station,43.424817,-72.66534
United States,Q30,http://www.wikidata.org/entity/Q116722236,Becker Solar 5 CSG,Solar power station,45.175654,-93.67935
United States,Q30,http://www.wikidata.org/entity/Q116722208,Alpha Value Solar,Solar power station,36.157401,-76.48956
United States,Q30,http://www.wikidata.org/entity/Q116722167,West Loch Solar One,Solar power station,21.340339,-158.0151
United States,Q30,http://www.wikidata.org/entity/Q116722170,UC Merced Solar Hybrid,Solar power station,37.365688,-120.4322
United States,Q30,http://www.wikidata.org/entity/Q116722223,Springfield Solar PV,Solar power station,42.134453,-72.54969
United States,Q30,http://www.wikidata.org/entity/Q116722232,Southwick Solar PV,Solar power station,42.05,-72.75
United States,Q30,http://www.wikidata.org/entity/Q116722135,Sapphire Solar,Solar power station,33.887786,-79.78368
United States,Q30,http://www.wikidata.org/entity/Q116722145,Broadalbin-Perth Solar,Solar power station,43.018029,-74.19184
United States,Q30,http://www.wikidata.org/entity/Q116722158,Diamond Solar,Solar power station,33.786193,-81.27363
United States,Q30,http://www.wikidata.org/entity/Q116722134,River Solar,Solar power station,34.107849,-80.12811
United States,Q30,http://www.wikidata.org/entity/Q116722185,Franklin Solar,Solar power station,41.656,-72.159
United States,Q30,http://www.wikidata.org/entity/Q116722176,San Pablo Raceway,Solar power station,34.723748,-118.2803
United States,Q30,http://www.wikidata.org/entity/Q116722220,Urtica Solar Project,Solar power station,47.10754,-120.6897
United States,Q30,http://www.wikidata.org/entity/Q116722172,USS Kasch Solar CSG,Solar power station,45.623423,-94.05927
United States,Q30,http://www.wikidata.org/entity/Q116722180,Highlander Solar Energy Station 1,Solar power station,38.247123,-77.78622
United States,Q30,http://www.wikidata.org/entity/Q116722178,Pleinmont Solar 1,Solar power station,38.247123,-77.78622
United States,Q30,http://www.wikidata.org/entity/Q116722179,Pleinmont Solar 2,Solar power station,38.247123,-77.78622
United States,Q30,http://www.wikidata.org/entity/Q116722127,Bloom Solar,Solar power station,33.610454,-80.33661
United States,Q30,http://www.wikidata.org/entity/Q116722188,Enfield Community Solar,Solar power station,42.453307,-76.59481
United States,Q30,http://www.wikidata.org/entity/Q116722198,First Baptist Church of Glenarden,Solar power station,38.82,-76.87
United States,Q30,http://www.wikidata.org/entity/Q116722139,Whitt Solar,Solar power station,34.721613,-82.52432
United States,Q30,http://www.wikidata.org/entity/Q116722141,Delta Solar Power I,Solar power station,42.7,-84.701
United States,Q30,http://www.wikidata.org/entity/Q116722201,USS Nillie Corn Solar CSG,Solar power station,45.456657,-92.89758
United States,Q30,http://www.wikidata.org/entity/Q116722238,"Panda Solar NC 1, LLC",Solar power station,34.436698,-79.09021
United States,Q30,http://www.wikidata.org/entity/Q116722197,USS Solar Rapids CSG,Solar power station,45.590952,-94.13863
United States,Q30,http://www.wikidata.org/entity/Q116722224,Hampden Solar PV,Solar power station,42.04565,-72.45927
United States,Q30,http://www.wikidata.org/entity/Q116722149,Holstein 1 Solar Farm,Solar power station,32.104125,-100.1624
United States,Q30,http://www.wikidata.org/entity/Q116722207,Syncarpha Dodge 1 CSG,Solar power station,44.044978,-92.88071
United States,Q30,http://www.wikidata.org/entity/Q116722164,Cottage Grove Project CSG,Solar power station,44.7907,-92.8727
United States,Q30,http://www.wikidata.org/entity/Q116722152,"Chisago Holdco LLC, CSG",Solar power station,45.386802,-92.80124
United States,Q30,http://www.wikidata.org/entity/Q116722195,Becker Solar CSG,Solar power station,45.175532,-93.68388
United States,Q30,http://www.wikidata.org/entity/Q116722196,Cuyahoga County Landfill,Solar power station,41.443122,-81.75153
United States,Q30,http://www.wikidata.org/entity/Q116722217,Greenfield Solar PV,Solar power station,42.64,-72.58
United States,Q30,http://www.wikidata.org/entity/Q116722156,Richardson Solar,Solar power station,33.27774,-81.35173
United States,Q30,http://www.wikidata.org/entity/Q116722216,Athens MN CONX,Solar power station,45.459021,-93.26571
United States,Q30,http://www.wikidata.org/entity/Q116722162,Syncarpha Prinsburg CSG (Ledeboer),Solar power station,44.931794,-95.18842
United States,Q30,http://www.wikidata.org/entity/Q116722828,"TPE Pennsylvania Solar 1, LLC",Solar power station,40.198529,-76.16159
United States,Q30,http://www.wikidata.org/entity/Q116723014,"Stony Knoll Solar, LLC",Solar power station,36.288,-80.656
United States,Q30,http://www.wikidata.org/entity/Q116722961,Crawfordsville Solar Park 4,Solar power station,40.049684,-86.88082
United States,Q30,http://www.wikidata.org/entity/Q116722951,Columbia City Solar Park,Solar power station,41.175519,-85.5053
United States,Q30,http://www.wikidata.org/entity/Q116722821,Crooked Run,Solar power station,34.67704,-77.9775
United States,Q30,http://www.wikidata.org/entity/Q116722971,"10 Briggs Solar NG, LLC (East)",Solar power station,41.63269,-71.49625
United States,Q30,http://www.wikidata.org/entity/Q116722896,"Solar Star Palo Alto I, LLC",Solar power station,37.411011,-122.1489
United States,Q30,http://www.wikidata.org/entity/Q116722956,"BT Cooke Solar, LLC",Solar power station,33.5493,-97.1798
United States,Q30,http://www.wikidata.org/entity/Q116722817,"Pecan Grove Solar, LLC",Solar power station,35.067661,-77.18521
United States,Q30,http://www.wikidata.org/entity/Q116722805,Northern Preserve Solar,Solar power station,30.2473,-82.22691
United States,Q30,http://www.wikidata.org/entity/Q116722835,Chowan Jehu Solar,Solar power station,36.283778,-76.6023
United States,Q30,http://www.wikidata.org/entity/Q116722849,Walcott Solar CSG,Solar power station,44.235164,-93.27501
United States,Q30,http://www.wikidata.org/entity/Q116722986,Crawfordsville 5 Solar Park,Solar power station,40.017668,-86.85987
United States,Q30,http://www.wikidata.org/entity/Q116722966,Hecate Energy Blair Road LLC,Solar power station,30.286,-81.834
United States,Q30,http://www.wikidata.org/entity/Q116722825,Noland Wastewater Treatment Plant Hybrid,Solar power station,36.082301,-94.06715
United States,Q30,http://www.wikidata.org/entity/Q116722851,Warsaw Solar CSG,Solar power station,44.225457,-93.39953
United States,Q30,http://www.wikidata.org/entity/Q116722875,"Chester Woods Point Solar, LLC CSG",Solar power station,38.94843,-76.30044
United States,Q30,http://www.wikidata.org/entity/Q116722838,FastSun 2 CSG,Solar power station,44.531686,-92.9792
United States,Q30,http://www.wikidata.org/entity/Q116722826,Westside Wastewater Treatment Plant Hybrid,Solar power station,36.04135,-94.14008
United States,Q30,http://www.wikidata.org/entity/Q116722832,Guadalupe Solar Farm,Solar power station,37.269039,-121.8611
United States,Q30,http://www.wikidata.org/entity/Q116722848,Helen Solar CSG,Solar power station,44.789369,-94.06001
United States,Q30,http://www.wikidata.org/entity/Q116722800,Manchester Community College North,Solar power station,41.763592,-72.56329
United States,Q30,http://www.wikidata.org/entity/Q116722814,Hunter Solar LLC (UT),Solar power station,39.142217,-111.0511
United States,Q30,http://www.wikidata.org/entity/Q116722954,Coniglio Solar,Solar power station,33.404486,-96.08247
United States,Q30,http://www.wikidata.org/entity/Q116722976,Malone Solar Site,Solar power station,44.870858,-74.30725
United States,Q30,http://www.wikidata.org/entity/Q116723007,Milford Solar 1,Solar power station,38.490667,-113.0183
United States,Q30,http://www.wikidata.org/entity/Q116722890,MHG Wallingford,Solar power station,43.476875,-72.98269
United States,Q30,http://www.wikidata.org/entity/Q116722887,Homer Street West,Solar power station,42.098128,-78.44229
United States,Q30,http://www.wikidata.org/entity/Q116722892,Desper Solar,Solar power station,38.015735,-78.04313
United States,Q30,http://www.wikidata.org/entity/Q116722862,DSM Nutritional Products Solar,Solar power station,40.836806,-75.06547
United States,Q30,http://www.wikidata.org/entity/Q116722907,KDC Solar ASGM,Solar power station,39.409744,-75.21855
United States,Q30,http://www.wikidata.org/entity/Q116722833,Shiloh Hwy Solar,Solar power station,36.27,-76.033
United States,Q30,http://www.wikidata.org/entity/Q116722818,Epic Verona,Solar power station,42.996838,-89.56875
United States,Q30,http://www.wikidata.org/entity/Q116722999,Greasewood Solar,Solar power station,31.030996,-102.4882
United States,Q30,http://www.wikidata.org/entity/Q116722909,"MSC-Empire01, LLC",Solar power station,44.67413,-93.11627
United States,Q30,http://www.wikidata.org/entity/Q116722912,Arcadia Solar,Solar power station,44.243436,-91.45824
United States,Q30,http://www.wikidata.org/entity/Q116722852,Nationals,Solar power station,38.874155,-77.00668
United States,Q30,http://www.wikidata.org/entity/Q116723002,Shelter Creek Condominiums Solar,Solar power station,37.61909,-122.4289
United States,Q30,http://www.wikidata.org/entity/Q116722881,Steel Sun 2: 2303-III-4 Hamburg Tpke,Solar power station,42.811146,-78.85422
United States,Q30,http://www.wikidata.org/entity/Q116722830,Malech Solar Farm,Solar power station,37.228736,-121.7386
United States,Q30,http://www.wikidata.org/entity/Q116722824,CED Champaign Solar LLC,Solar power station,40.138283,-88.29125
United States,Q30,http://www.wikidata.org/entity/Q116722981,Tell City Solar Park,Solar power station,37.965852,-86.73733
United States,Q30,http://www.wikidata.org/entity/Q116722958,Kellam Solar,Solar power station,32.4744,-95.7156
United States,Q30,http://www.wikidata.org/entity/Q116722983,Richmond Solar Park 4,Solar power station,39.862889,-84.92966
United States,Q30,http://www.wikidata.org/entity/Q116722964,Ulster County Solar,Solar power station,41.961896,-73.98123
United States,Q30,http://www.wikidata.org/entity/Q116722995,Wabasha Solar,Solar power station,44.363109,-92.02167
United States,Q30,http://www.wikidata.org/entity/Q116722943,Carver CSG,Solar power station,41.905958,-70.81047
United States,Q30,http://www.wikidata.org/entity/Q116722823,Garfield Solar,Solar power station,40.888632,-74.12223
United States,Q30,http://www.wikidata.org/entity/Q116722944,Westtown CSG,Solar power station,41.345,-74.561
United States,Q30,http://www.wikidata.org/entity/Q116722969,"Rappahannock Solar, LLC",Solar power station,37.657039,-76.38323
United States,Q30,http://www.wikidata.org/entity/Q116722834,Sandy Solar,Solar power station,36.33,-76.058
United States,Q30,http://www.wikidata.org/entity/Q116723015,"Speedway Solar NC, LLC",Solar power station,35.218,-80.536
United States,Q30,http://www.wikidata.org/entity/Q116723017,"Broad River Solar, LLC",Solar power station,35.188,-81.751
United States,Q30,http://www.wikidata.org/entity/Q116722903,Phoenix Solar South Farms LLC Solar Farm,Solar power station,40.081738,-88.2445
United States,Q30,http://www.wikidata.org/entity/Q116722929,RC Energy AA LLC Solar Facility,Solar power station,35.152721,-106.5472
United States,Q30,http://www.wikidata.org/entity/Q116722815,DWW Solar ll,Solar power station,41.541596,-72.47502
United States,Q30,http://www.wikidata.org/entity/Q116723020,GSPP Terrawatt Westfield LLC CSG,Solar power station,42.177501,-72.72702
United States,Q30,http://www.wikidata.org/entity/Q116722858,Burlington Coat Factory Solar,Solar power station,40.09283,-74.80769
United States,Q30,http://www.wikidata.org/entity/Q116722806,Washburn Road Solar,Solar power station,41.777159,-70.96525
United States,Q30,http://www.wikidata.org/entity/Q116722819,IKEA Canton Rooftop PV System,Solar power station,42.32345,-83.42888
United States,Q30,http://www.wikidata.org/entity/Q116722916,KDC Solar CSCP LLC,Solar power station,40.237803,-74.31442
United States,Q30,http://www.wikidata.org/entity/Q116722993,Winona Solar,Solar power station,44.124097,-91.901
United States,Q30,http://www.wikidata.org/entity/Q116722831,Hellyer Solar Farm,Solar power station,37.286958,-121.8151
United States,Q30,http://www.wikidata.org/entity/Q116722985,DG AMP Solar Piqua Manier,Solar power station,40.13043,-84.25545
United States,Q30,http://www.wikidata.org/entity/Q116722953,Richmond Solar Park 3,Solar power station,39.83901,-84.82559
United States,Q30,http://www.wikidata.org/entity/Q116723019,"GSPP Devens, LLC",Solar power station,42.544219,-71.58597
United States,Q30,http://www.wikidata.org/entity/Q116723009,Grasshopper Solar,Solar power station,36.85,-78.45
United States,Q30,http://www.wikidata.org/entity/Q116722948,Scottsburg Solar Park,Solar power station,38.661999,-85.78554
United States,Q30,http://www.wikidata.org/entity/Q116722829,American Canyon Solar,Solar power station,38.160858,-122.214
United States,Q30,http://www.wikidata.org/entity/Q116722927,Prospero Solar,Solar power station,32.287873,-102.8404
United States,Q30,http://www.wikidata.org/entity/Q116723000,Bloomington Solar I,Solar power station,37.043828,-113.6275
United States,Q30,http://www.wikidata.org/entity/Q116722878,Steel Sun 2: 2303-III-9 Hamburg Tpke,Solar power station,42.81849,-78.85538
United States,Q30,http://www.wikidata.org/entity/Q116722873,Mesa CSG 1 Murdock,Solar power station,39.108785,-108.6439
United States,Q30,http://www.wikidata.org/entity/Q116722870,Mesa CSG 2 Massicotte,Solar power station,39.044814,-108.4197
United States,Q30,http://www.wikidata.org/entity/Q116722836,CED Northampton Solar LLC Hybrid,Solar power station,42.3057,-72.71064
United States,Q30,http://www.wikidata.org/entity/Q116722975,Franklin Solar Site,Solar power station,44.86832,-74.30652
United States,Q30,http://www.wikidata.org/entity/Q116722988,Centerville Solar Park,Solar power station,39.828501,-85.00377
United States,Q30,http://www.wikidata.org/entity/Q116722810,Happy Hollow CSG Hybrid,Solar power station,42.606995,-72.04529
United States,Q30,http://www.wikidata.org/entity/Q116722884,Steel Sun 2: 2303-III-2 Hamburg Tpke,Solar power station,42.809003,-78.85337
United States,Q30,http://www.wikidata.org/entity/Q116722919,Little Manatee River Solar,Solar power station,27.679868,-82.41064
United States,Q30,http://www.wikidata.org/entity/Q116723010,Sadler Solar,Solar power station,36.6867,-77.558
United States,Q30,http://www.wikidata.org/entity/Q116722893,Middleton Airport Solar,Solar power station,43.11626,-89.53245
United States,Q30,http://www.wikidata.org/entity/Q116722949,Gas City Solar Park,Solar power station,40.481168,-85.57028
United States,Q30,http://www.wikidata.org/entity/Q116722968,Novel Martin Solar One LLC (McLeod) CSG,Solar power station,44.90295,-94.02864
United States,Q30,http://www.wikidata.org/entity/Q116722822,Palmetto Plains,Solar power station,33.340179,-80.69734
United States,Q30,http://www.wikidata.org/entity/Q116722803,AZ State University - Tempe Campus Solar,Solar power station,33.424279,-111.9282
United States,Q30,http://www.wikidata.org/entity/Q116722809,Haven Solar Project CSG,Solar power station,45.518,-94.122
United States,Q30,http://www.wikidata.org/entity/Q116722992,Fern Solar LLC,Solar power station,36.003272,-77.69644
United States,Q30,http://www.wikidata.org/entity/Q116722850,Northfield Solar CSG,Solar power station,44.417131,-93.15306
United States,Q30,http://www.wikidata.org/entity/Q116722934,Greenville CSG,Solar power station,41.356,-74.622
United States,Q30,http://www.wikidata.org/entity/Q116722813,HL Solar,Solar power station,40.373,-120.262
United States,Q30,http://www.wikidata.org/entity/Q116722888,Homer Street East,Solar power station,42.099342,-78.44095
United States,Q30,http://www.wikidata.org/entity/Q116722978,"Thanksgiving Fire Solar Farm, LLC",Solar power station,35.701,-78.327
United States,Q30,http://www.wikidata.org/entity/Q116722980,Sugarhill Road - Solitude Solar CSG,Solar power station,42.822572,-73.84853
United States,Q30,http://www.wikidata.org/entity/Q116723005,"RIT Henrietta Solar 1, LLC",Solar power station,43.076198,-77.66724
United States,Q30,http://www.wikidata.org/entity/Q116722960,Wildberry,Solar power station,35.058165,-89.36862
United States,Q30,http://www.wikidata.org/entity/Q116722932,Meherrin Solar,Solar power station,36.59,-77.65
United States,Q30,http://www.wikidata.org/entity/Q116722936,Hopkinton CSG,Solar power station,42.203492,-71.53153
United States,Q30,http://www.wikidata.org/entity/Q116722938,Chester CSG,Solar power station,41.339,-74.288
United States,Q30,http://www.wikidata.org/entity/Q116722808,SFDK Solar,Solar power station,38.132245,-122.232
United States,Q30,http://www.wikidata.org/entity/Q116722331,Valley Sanitary District WTP Solar,Solar power station,33.708661,-116.1989
United States,Q30,http://www.wikidata.org/entity/Q116722311,East Bridgewater Solar,Solar power station,42.059895,-70.98175
United States,Q30,http://www.wikidata.org/entity/Q116722354,"Cotten Farm, LLC",Solar power station,35.528489,-79.19848
United States,Q30,http://www.wikidata.org/entity/Q116722353,Apache Solar 1,Solar power station,32.068141,-109.8904
United States,Q30,http://www.wikidata.org/entity/Q116722280,Minisink Community Solar 2 LLC,Solar power station,41.319351,-74.51528
United States,Q30,http://www.wikidata.org/entity/Q116722243,Quarter Horse Solar,Solar power station,34.437,-77.642
United States,Q30,http://www.wikidata.org/entity/Q116722247,Hammer CSG,Solar power station,45.4176,-94.0094
United States,Q30,http://www.wikidata.org/entity/Q116722324,Sullivan County - Adult Care Solar,Solar power station,41.7966,-74.70808
United States,Q30,http://www.wikidata.org/entity/Q116722320,"Red Toad 5840 Buffalo Road, LLC",Solar power station,35.572873,-78.3023
United States,Q30,http://www.wikidata.org/entity/Q116722245,Ludlow Site 72 - Conti,Solar power station,42.164561,-72.44625
United States,Q30,http://www.wikidata.org/entity/Q116722355,Lind Solar CSG,Solar power station,44.802355,-93.90872
United States,Q30,http://www.wikidata.org/entity/Q116722333,"Sun Streams, LLC",Solar power station,33.34884,-112.8348
United States,Q30,http://www.wikidata.org/entity/Q116722340,Big Lake Holdco Solar CSG,Solar power station,45.334575,-93.77558
United States,Q30,http://www.wikidata.org/entity/Q116722346,Westar Cities Solar,Solar power station,38.0194,-97.9753
United States,Q30,http://www.wikidata.org/entity/Q116722279,Minisink Solar 1 LLC,Solar power station,41.321224,-74.51408
United States,Q30,http://www.wikidata.org/entity/Q116722242,East Springfield Solar PV,Solar power station,42.14,-72.55
United States,Q30,http://www.wikidata.org/entity/Q116722341,"Goya Foods, Inc- Jersey City Solar",Solar power station,40.760069,-74.06539
United States,Q30,http://www.wikidata.org/entity/Q116722275,Barone CSG,Solar power station,44.944513,-94.0739
United States,Q30,http://www.wikidata.org/entity/Q116722298,Ballston Solar LLC,Solar power station,45.077,-123.395
United States,Q30,http://www.wikidata.org/entity/Q116722361,Kinston Davis Farm,Solar power station,35.2184,-77.64259
United States,Q30,http://www.wikidata.org/entity/Q116722290,Sacket Lake Rd #1 Community Solar Farm,Solar power station,41.38251,-74.43526
United States,Q30,http://www.wikidata.org/entity/Q116722252,Lane Solar,Solar power station,35.395,-78.051
United States,Q30,http://www.wikidata.org/entity/Q116722360,Fisher Solar Farm - NC,Solar power station,35.24125,-80.03465
United States,Q30,http://www.wikidata.org/entity/Q116722294,Meridian III,Solar power station,32.453955,-88.54948
United States,Q30,http://www.wikidata.org/entity/Q116722268,"Panda Solar NC 11, LLC",Solar power station,34.908589,-78.91248
United States,Q30,http://www.wikidata.org/entity/Q116722261,"WED GW Solar, LLC",Solar power station,41.937033,-71.48757
United States,Q30,http://www.wikidata.org/entity/Q116722352,Red Maple Solar,Solar power station,44.3194,-93.899
United States,Q30,http://www.wikidata.org/entity/Q116722240,Hatfield Solar PV,Solar power station,42.41,-72.57
United States,Q30,http://www.wikidata.org/entity/Q116722336,Farmington Holdco Solar,Solar power station,44.623117,-93.134
United States,Q30,http://www.wikidata.org/entity/Q116722351,Violet Solar,Solar power station,35.401091,-80.4185
United States,Q30,http://www.wikidata.org/entity/Q116722319,"Monson Solar, LLC",Solar power station,42.098292,-72.29007
United States,Q30,http://www.wikidata.org/entity/Q116722291,Turner Rd Community Solar Project,Solar power station,42.09305,-76.67848
United States,Q30,http://www.wikidata.org/entity/Q116722276,Huneke II CSG,Solar power station,44.297154,-92.74155
United States,Q30,http://www.wikidata.org/entity/Q116722321,"Nickelson Solar, LLC",Solar power station,34.747103,-77.98738
United States,Q30,http://www.wikidata.org/entity/Q116722316,Dudley Solar CSG,Solar power station,42.0539,-71.9229
United States,Q30,http://www.wikidata.org/entity/Q116722289,Breesport Road Community Solar Farm,Solar power station,42.088,-76.713
United States,Q30,http://www.wikidata.org/entity/Q116722334,Webster Holdco Solar CSG,Solar power station,44.529703,-93.41062
United States,Q30,http://www.wikidata.org/entity/Q116722313,"Ashby Solar, LLC CSG",Solar power station,42.630163,-71.79872
United States,Q30,http://www.wikidata.org/entity/Q116722343,NES Rutgers Solar,Solar power station,40.070879,-74.16115
United States,Q30,http://www.wikidata.org/entity/Q116722328,Weber State University - Davis Campus PV,Solar power station,41.098957,-111.9822
United States,Q30,http://www.wikidata.org/entity/Q116722308,Bolduan CSG,Solar power station,43.906161,-93.48935
United States,Q30,http://www.wikidata.org/entity/Q116722295,Snipesville,Solar power station,31.715814,-82.74946
United States,Q30,http://www.wikidata.org/entity/Q116722278,MSC-GreyCloud01 Community Solar,Solar power station,44.802017,-92.99688
United States,Q30,http://www.wikidata.org/entity/Q116722332,Colgreen North Shore Solar Farm,Solar power station,33.540124,-115.9748
United States,Q30,http://www.wikidata.org/entity/Q116722248,Warrenton I Solar,Solar power station,36.412,-78.178
United States,Q30,http://www.wikidata.org/entity/Q116722338,Hwy 14 Holdco Solar CSG,Solar power station,44.021848,-92.59219
United States,Q30,http://www.wikidata.org/entity/Q116722299,Labish Solar LLC,Solar power station,45.023,-122.922
United States,Q30,http://www.wikidata.org/entity/Q116722239,Sunderland Solar PV,Solar power station,42.429126,-72.53989
United States,Q30,http://www.wikidata.org/entity/Q116722302,SR Jonesborough,Solar power station,36.252039,-82.52092
United States,Q30,http://www.wikidata.org/entity/Q116722359,Delco Farm,Solar power station,34.318997,-78.20905
United States,Q30,http://www.wikidata.org/entity/Q116722305,"Desert Harvest, LLC",Solar power station,33.8,-115.38
United States,Q30,http://www.wikidata.org/entity/Q116722270,"Red Toad 4451 Buffalo Road, LLC",Solar power station,35.557397,-78.29734
United States,Q30,http://www.wikidata.org/entity/Q116722263,"Panda Solar NC 5, LLC",Solar power station,35.047153,-78.81048
United States,Q30,http://www.wikidata.org/entity/Q116722274,Eichtens II CSG,Solar power station,45.396581,-92.78263
United States,Q30,http://www.wikidata.org/entity/Q116722246,Tiller CSG,Solar power station,45.435,-94.0403
United States,Q30,http://www.wikidata.org/entity/Q116722306,CNMEC Solar Energy Center,Solar power station,34.783205,-106.0511
United States,Q30,http://www.wikidata.org/entity/Q116722345,Strawberry Point DPC Solar,Solar power station,42.6786,-91.5452
United States,Q30,http://www.wikidata.org/entity/Q116722253,Monticello Project CSG,Solar power station,45.2722,-93.8278
United States,Q30,http://www.wikidata.org/entity/Q116722262,"Panda Solar NC 4, LLC",Solar power station,34.519408,-78.52434
United States,Q30,http://www.wikidata.org/entity/Q116722296,County Home Solar LLC,Solar power station,34.925452,-79.72285
United States,Q30,http://www.wikidata.org/entity/Q116722250,Sadiebrook NC Solar,Solar power station,34.44,-78.658
United States,Q30,http://www.wikidata.org/entity/Q116722287,Hospital Rd Community Solar Farm CSG,Solar power station,41.774772,-75.03607
United States,Q30,http://www.wikidata.org/entity/Q116722337,Dodge Holdco Solar CSG,Solar power station,44.022374,-92.75697
United States,Q30,http://www.wikidata.org/entity/Q116722249,Bladenboro Solar 2,Solar power station,34.536,-78.799
United States,Q30,http://www.wikidata.org/entity/Q116722322,Hibiscus Solar Energy Center,Solar power station,26.7601,-80.3065
United States,Q30,http://www.wikidata.org/entity/Q116722267,"Panda Solar NC 10, LLC",Solar power station,34.909631,-78.913
United States,Q30,http://www.wikidata.org/entity/Q116722286,Kelly Bridge Road Community Solar Farm,Solar power station,41.775422,-74.77646
United States,Q30,http://www.wikidata.org/entity/Q116722348,Nesvold Watertown Solar,Solar power station,44.937098,-93.82867
United States,Q30,http://www.wikidata.org/entity/Q116722312,"Griffin Road Solar, LLC CSG",Solar power station,42.146633,-72.00438
United States,Q30,http://www.wikidata.org/entity/Q116722307,Winegar CSG,Solar power station,44.11283,-93.50726
United States,Q30,http://www.wikidata.org/entity/Q116722315,Hillcrest Solar,Solar power station,39.076972,-83.90605
United States,Q30,http://www.wikidata.org/entity/Q116722339,Pine Island Solar CSG,Solar power station,44.220122,-92.65432
United States,Q30,http://www.wikidata.org/entity/Q116722264,"Panda Solar NC 6, LLC",Solar power station,34.353586,-78.7874
United States,Q30,http://www.wikidata.org/entity/Q116722266,"Panda Solar NC 9, LLC",Solar power station,34.910856,-78.9136
United States,Q30,http://www.wikidata.org/entity/Q116722241,Montague Site 36-Grosolar,Solar power station,42.5,-72.5
United States,Q30,http://www.wikidata.org/entity/Q116722288,Pool Brook Rd Community Solar Farm,Solar power station,42.542175,-75.08338
United States,Q30,http://www.wikidata.org/entity/Q116722297,Church Road Solar LLC,Solar power station,35.523663,-78.62535
United States,Q30,http://www.wikidata.org/entity/Q116722277,Rambler,Solar power station,31.517,-100.6
United States,Q30,http://www.wikidata.org/entity/Q116722283,Syncarpha Eagle Nest,Solar power station,36.544166,-105.2772
United States,Q30,http://www.wikidata.org/entity/Q116722326,Jefferson-Lewis BOCES Solar,Solar power station,43.970958,-75.96981
United States,Q30,http://www.wikidata.org/entity/Q116722356,Whitney Point Solar,Solar power station,36.376889,-120.1385
United States,Q30,http://www.wikidata.org/entity/Q116722265,"Panda Solar NC 8, LLC",Solar power station,35.420931,-79.70596
United States,Q30,http://www.wikidata.org/entity/Q116722342,Bird Machine Solar Farm,Solar power station,42.109564,-71.26674
United States,Q30,http://www.wikidata.org/entity/Q116722318,Williamsburg,Solar power station,42.425855,-72.769
United States,Q30,http://www.wikidata.org/entity/Q116722330,South Sioux City Solar,Solar power station,42.45847,-96.43969
United States,Q30,http://www.wikidata.org/entity/Q116722282,Goose Lake MN DPC-GM,Solar power station,43.667563,-93.29402
United States,Q30,http://www.wikidata.org/entity/Q116722327,Montgomery County Correctional Facility,Solar power station,39.237945,-77.29322
United States,Q30,http://www.wikidata.org/entity/Q116722310,"Hadley 2 Solar, LLC CSG",Solar power station,42.351237,-72.55651
United States,Q30,http://www.wikidata.org/entity/Q116722284,Chaffey College Rancho Cucamonga Campus,Solar power station,34.148139,-117.5704
United States,Q30,http://www.wikidata.org/entity/Q116722362,Laurinburg Farm,Solar power station,34.764403,-79.44297
United States,Q30,http://www.wikidata.org/entity/Q116722344,VEC Magee Hill Solar,Solar power station,44.3682,-73.0608
United States,Q30,http://www.wikidata.org/entity/Q116722329,Intel - Ocotillo Campus Solar,Solar power station,33.243261,-111.8924
United States,Q30,http://www.wikidata.org/entity/Q116722244,Atkinson Solar II,Solar power station,34.897,-77.792
United States,Q30,http://www.wikidata.org/entity/Q116722273,"Arthur Solar, LLC",Solar power station,34.16087,-78.84663
United States,Q30,http://www.wikidata.org/entity/Q116722347,Sand Lake DPC Solar,Solar power station,45.4455,-92.549
United States,Q30,http://www.wikidata.org/entity/Q116722309,Guse CSG,Solar power station,44.092021,-93.70776
United States,Q30,http://www.wikidata.org/entity/Q116722272,Palmer,Solar power station,42.20382,-72.32536
United States,Q30,http://www.wikidata.org/entity/Q116722325,Oswego County - Fulton Solar,Solar power station,43.342437,-76.34325
United States,Q30,http://www.wikidata.org/entity/Q116722285,IKEA Live Oak Rooftop PV System,Solar power station,29.48,-98.25
United States,Q30,http://www.wikidata.org/entity/Q116722357,"Florence Solar W3-080, LLC",Solar power station,40.095611,-74.78761
United States,Q30,http://www.wikidata.org/entity/Q116697597,Green Lakes Solar,Solar power station,43.05,-75.95
United States,Q30,http://www.wikidata.org/entity/Q116697596,North Eagle Village Solar,Solar power station,43.05,-75.95
United States,Q30,http://www.wikidata.org/entity/Q116697604,SR Greenville I,Solar power station,36.294811,-82.69888
United States,Q30,http://www.wikidata.org/entity/Q116697660,Cosper Creek Solar (CSG),Solar power station,45.058,-123.499
United States,Q30,http://www.wikidata.org/entity/Q116697612,Niagara Bottling - Rialto,Solar power station,34.126094,-117.4185
United States,Q30,http://www.wikidata.org/entity/Q116697621,Cattail (CSG),Solar power station,41.822595,-90.13117
United States,Q30,http://www.wikidata.org/entity/Q116697613,TES Rowtier,Solar power station,42.541925,-71.8567
United States,Q30,http://www.wikidata.org/entity/Q116697614,DRPA Lindenwold Station Solar Project,Solar power station,39.831654,-74.99923
United States,Q30,http://www.wikidata.org/entity/Q116696469,North Ninth Street,Solar power station,41.9093,-89.0498
United States,Q30,http://www.wikidata.org/entity/Q116697600,MN CSG 2019-38 DE LLC,Solar power station,44.316403,-93.89424
United States,Q30,http://www.wikidata.org/entity/Q116697603,Foster Solar,Solar power station,41.84242,-71.71459
United States,Q30,http://www.wikidata.org/entity/Q116697622,Edwards Sanborn E1B,Solar power station,35.992392,-118.1026
United States,Q30,http://www.wikidata.org/entity/Q116697708,Blue Hen Solar,Solar power station,39.18568,-75.68538
United States,Q30,http://www.wikidata.org/entity/Q116697714,NY - Mines Press,Solar power station,41.27803,-73.86612
United States,Q30,http://www.wikidata.org/entity/Q116697632,KSU Trumbull,Solar power station,41.27874,-80.83665
United States,Q30,http://www.wikidata.org/entity/Q116697655,Rockford CS 1,Solar power station,42.17606,-89.08479
United States,Q30,http://www.wikidata.org/entity/Q116697656,Rockford CS 2,Solar power station,42.17606,-89.08479
United States,Q30,http://www.wikidata.org/entity/Q116697665,East Fishkill CSG,Solar power station,41.571,-73.829
United States,Q30,http://www.wikidata.org/entity/Q116697639,POM Juice Solar,Solar power station,36.392479,-119.3511
United States,Q30,http://www.wikidata.org/entity/Q116697586,BBARWA,Solar power station,34.267795,-116.8154
United States,Q30,http://www.wikidata.org/entity/Q116697658,"Canal Energy S23, LLC",Solar power station,36.1761,-119.5604
United States,Q30,http://www.wikidata.org/entity/Q116697650,Pendleton Solar 1,Solar power station,43.09723,-78.75382
United States,Q30,http://www.wikidata.org/entity/Q116697664,Sesqui-C Solar (CSG),Solar power station,45.32543,-123.1769
United States,Q30,http://www.wikidata.org/entity/Q116697611,Brockelman Road Solar 2,Solar power station,42.48392,-71.71081
United States,Q30,http://www.wikidata.org/entity/Q116697693,Ventura Solar,Solar power station,34.39919,-118.902
United States,Q30,http://www.wikidata.org/entity/Q116697584,JB-Tobin 2,Solar power station,41.6896,-73.8105
United States,Q30,http://www.wikidata.org/entity/Q116697651,Montgomery County Community Solar Center,Solar power station,38.890697,-91.42322
United States,Q30,http://www.wikidata.org/entity/Q116697654,BE Solar LLC,Solar power station,39.910303,-84.54551
United States,Q30,http://www.wikidata.org/entity/Q116697666,ELP Greenport CSG,Solar power station,42.237,-73.782
United States,Q30,http://www.wikidata.org/entity/Q116697624,Edwards Sanborn S4,Solar power station,35.012467,-118.1193
United States,Q30,http://www.wikidata.org/entity/Q116697631,Kearsarge Acushnet,Solar power station,41.715626,-70.9035
United States,Q30,http://www.wikidata.org/entity/Q116697641,POM Beverage Solar,Solar power station,36.39026,-119.3579
United States,Q30,http://www.wikidata.org/entity/Q116697697,Alden Road Harvard Solar 1,Solar power station,42.40028,-88.4988
United States,Q30,http://www.wikidata.org/entity/Q116697670,ELP Saugerties CSG,Solar power station,42.04,-74.074
United States,Q30,http://www.wikidata.org/entity/Q116697704,"Bishopville Solar II, LLC",Solar power station,34.2081,-80.22832
United States,Q30,http://www.wikidata.org/entity/Q116697647,RT405 Westerlo Solar 2,Solar power station,42.44506,-74.01609
United States,Q30,http://www.wikidata.org/entity/Q116697694,Big Bend Agrivoltaics,Solar power station,27.782731,-82.4008
United States,Q30,http://www.wikidata.org/entity/Q116697645,Griffin Road Solar 2,Solar power station,42.14611,-71.99873
United States,Q30,http://www.wikidata.org/entity/Q116697583,Snowden River CSG,Solar power station,39.175364,-76.83737
United States,Q30,http://www.wikidata.org/entity/Q116697602,Dartmouth Farms Solar,Solar power station,41.6628,-71.00347
United States,Q30,http://www.wikidata.org/entity/Q116697662,Kaiser Creek Solar (CSG),Solar power station,45.143,-122.609
United States,Q30,http://www.wikidata.org/entity/Q116697605,SR Greenville II,Solar power station,36.1905,-82.74005
United States,Q30,http://www.wikidata.org/entity/Q116697585,Orange Coast College PH2 Solar Project,Solar power station,33.672565,-117.9125
United States,Q30,http://www.wikidata.org/entity/Q116697668,ELP Myer CSG,Solar power station,42.041,-73.978
United States,Q30,http://www.wikidata.org/entity/Q116697588,ER Sand Hill,Solar power station,43.60689,-73.18995
United States,Q30,http://www.wikidata.org/entity/Q116697706,1639 RT 29 Solar 1,Solar power station,43.04296,-74.24935
United States,Q30,http://www.wikidata.org/entity/Q116697707,1639 RT 29 Solar 2,Solar power station,43.04296,-74.24935
United States,Q30,http://www.wikidata.org/entity/Q116697702,"Hickson Solar, LLC",Solar power station,34.69382,-79.82006
United States,Q30,http://www.wikidata.org/entity/Q116697671,Putnam Erikson 2,Solar power station,33.276821,-83.29845
United States,Q30,http://www.wikidata.org/entity/Q116697623,Calverton Solar Energy Center,Solar power station,40.91367,-72.75036
United States,Q30,http://www.wikidata.org/entity/Q116697646,Woodland Avenue Solar 1,Solar power station,41.8884,-71.31839
United States,Q30,http://www.wikidata.org/entity/Q116697626,Kohler Solar,Solar power station,43.744414,-87.74864
United States,Q30,http://www.wikidata.org/entity/Q116697587,Gunnison Solar,Solar power station,39.16743,-111.801
United States,Q30,http://www.wikidata.org/entity/Q116697592,Absegami,Solar power station,39.48,-74.516
United States,Q30,http://www.wikidata.org/entity/Q116697689,Dover Dairy,Solar power station,36.415526,-119.5537
United States,Q30,http://www.wikidata.org/entity/Q116697627,Laurel Oaks Solar,Solar power station,27.924942,-87.07121
United States,Q30,http://www.wikidata.org/entity/Q116697652,Statesboro Solar LLC,Solar power station,32.468039,-81.80372
United States,Q30,http://www.wikidata.org/entity/Q96374871,Chevron Solarmine,Solar power station,35.183777777,-119.539555555
United States,Q30,http://www.wikidata.org/entity/Q116697663,Sandy River Solar (CSG),Solar power station,45.431055,-122.2952
United States,Q30,http://www.wikidata.org/entity/Q116697667,ELP Kinderhook CSG,Solar power station,42.464,-73.691
United States,Q30,http://www.wikidata.org/entity/Q116697643,Long Plain Solar,Solar power station,42.4457,-72.59714
United States,Q30,http://www.wikidata.org/entity/Q116697594,Union Springs 40,Solar power station,42.85,-76.65
United States,Q30,http://www.wikidata.org/entity/Q116697595,Union Springs 963,Solar power station,42.85,-76.65
United States,Q30,http://www.wikidata.org/entity/Q116697649,LR Wheatfield Solar 1,Solar power station,43.12163,-78.91409
United States,Q30,http://www.wikidata.org/entity/Q116697609,Castleton,Solar power station,42.523,-73.703
United States,Q30,http://www.wikidata.org/entity/Q116697620,Ventura,Solar power station,41.668886,-70.99138
United States,Q30,http://www.wikidata.org/entity/Q116697616,Nebula Solar,Solar power station,26.090103,-97.79845
United States,Q30,http://www.wikidata.org/entity/Q116697617,Vancourt Solar Interconnections,Solar power station,26.090103,-97.79845
United States,Q30,http://www.wikidata.org/entity/Q116697599,"Pisgah Ridge Solar, LLC",Solar power station,31.896737,-96.46733
United States,Q30,http://www.wikidata.org/entity/Q116697610,Croton Solar,Solar power station,41.280404,-73.86758
United States,Q30,http://www.wikidata.org/entity/Q116470934,Badger Hollow Solar Farm,Solar power station,42.940277777,-90.312222222
United States,Q30,http://www.wikidata.org/entity/Q116697669,ELP Rockdale CSG,Solar power station,39.625,-77.873
United States,Q30,http://www.wikidata.org/entity/Q116697659,Carnes Creek Solar (CSG),Solar power station,45.075205,-122.9277
United States,Q30,http://www.wikidata.org/entity/Q116697625,City of Sheboygan Solar,Solar power station,43.703082,-87.72052
United States,Q30,http://www.wikidata.org/entity/Q116697608,SR Jackson II,Solar power station,35.607757,-88.91705
United States,Q30,http://www.wikidata.org/entity/Q116697606,SR Bolivar,Solar power station,35.256656,-89.02028
United States,Q30,http://www.wikidata.org/entity/Q116697698,Cream Street Solar,Solar power station,41.75596,-73.87539
United States,Q30,http://www.wikidata.org/entity/Q116697703,"Ogburn Solar, LLC",Solar power station,34.66565,-80.39065
United States,Q30,http://www.wikidata.org/entity/Q116697630,Kearsarge Ludlow LLC,Solar power station,42.20128,-72.49416
United States,Q30,http://www.wikidata.org/entity/Q116697644,Settlers Solar,Solar power station,42.60734,-71.76125
United States,Q30,http://www.wikidata.org/entity/Q116697593,Cedar Creek,Solar power station,39.551,-74.627
United States,Q30,http://www.wikidata.org/entity/Q116697590,456 Lower,Solar power station,41.311,-74.522
United States,Q30,http://www.wikidata.org/entity/Q116697695,Big Bend Floating Solar I,Solar power station,27.78822,-82.39541
United States,Q30,http://www.wikidata.org/entity/Q116697619,East Windsor Solar One,Solar power station,41.89,-72.518
United States,Q30,http://www.wikidata.org/entity/Q116697701,"Jackpot Solar, LLC",Solar power station,42.189,-114.6218
United States,Q30,http://www.wikidata.org/entity/Q116697709,Corvias - Fort Riley II,Solar power station,39.08557,-96.81503
United States,Q30,http://www.wikidata.org/entity/Q116697700,Little Falls Solar 1,Solar power station,43.05414,-74.85455
United States,Q30,http://www.wikidata.org/entity/Q116697589,100 Lower,Solar power station,41.294,-74.539
United States,Q30,http://www.wikidata.org/entity/Q116697648,Webster Solar,Solar power station,42.0281,-71.85031
United States,Q30,http://www.wikidata.org/entity/Q116697629,Riverside Solar,Solar power station,27.676065,-82.45616
United States,Q30,http://www.wikidata.org/entity/Q116697615,ENGIE 2020 ProjectCo-WI1 LLC,Solar power station,43.735027,-88.47378
United States,Q30,http://www.wikidata.org/entity/Q116312159,Two Creeks Solar Park,Solar power station,44.247777777,-87.543333333
United States,Q30,http://www.wikidata.org/entity/Q116697705,Wonderful Nursery,Solar power station,35.617738,-119.3924
United States,Q30,http://www.wikidata.org/entity/Q116697661,Fruitland Creek Solar (CSG),Solar power station,44.93013,-122.9375
United States,Q30,http://www.wikidata.org/entity/Q116697607,SR Paris,Solar power station,36.445894,-88.32769
United States,Q30,http://www.wikidata.org/entity/Q116697618,Faunce Corner Community Solar,Solar power station,41.672831,-70.9895
United States,Q30,http://www.wikidata.org/entity/Q116697653,Rockmart,Solar power station,34.014833,-85.02224
United States,Q30,http://www.wikidata.org/entity/Q116697598,Judd Road Solar,Solar power station,43.15,-75.35
United States,Q30,http://www.wikidata.org/entity/Q109051088,Sayreville Floating Solar Array,Solar power station,40.438,-74.336
United States,Q30,http://www.wikidata.org/entity/Q116697699,Little Falls Solar,Solar power station,43.05899,-74.88603
United States,Q30,http://www.wikidata.org/entity/Q116720244,"Maricopa West Solar PV, LLC",Solar power station,35.115278,-119.3178
United States,Q30,http://www.wikidata.org/entity/Q116720309,Framingham State University Plant,Solar power station,42.297949,-71.43607
United States,Q30,http://www.wikidata.org/entity/Q116720335,UMES (MD) - Princess Anne,Solar power station,38.20257,-75.6764
United States,Q30,http://www.wikidata.org/entity/Q116720242,Vicksburg Solar,Solar power station,36.325,-78.34306
United States,Q30,http://www.wikidata.org/entity/Q116720255,Twiss Street Solar,Solar power station,42.148333,-72.74806
United States,Q30,http://www.wikidata.org/entity/Q116720231,Schell Solar Farm,Solar power station,36.435556,-77.56639
United States,Q30,http://www.wikidata.org/entity/Q116720286,Main Street Solar Project,Solar power station,43.626389,-72.97556
United States,Q30,http://www.wikidata.org/entity/Q116720300,BRE,Solar power station,36.372546,-78.59851
United States,Q30,http://www.wikidata.org/entity/Q116720258,Harmony,Solar power station,40.755289,-75.17096
United States,Q30,http://www.wikidata.org/entity/Q116720237,Tropico Solar PV Plant,Solar power station,35.831944,-119.0561
United States,Q30,http://www.wikidata.org/entity/Q116720297,"Pavant Solar, LLC",Solar power station,38.960519,-112.3633
United States,Q30,http://www.wikidata.org/entity/Q116720311,Seville 1,Solar power station,33.1125,-116.0139
United States,Q30,http://www.wikidata.org/entity/Q116720319,SEPV 18,Solar power station,34.613602,-117.9344
United States,Q30,http://www.wikidata.org/entity/Q116720264,Kettleman Solar -Centaurus,Solar power station,36.050833,-119.9475
United States,Q30,http://www.wikidata.org/entity/Q116720338,Lakeland Electric Co. (FL) - Airport II,Solar power station,27.991144,-82.0473
United States,Q30,http://www.wikidata.org/entity/Q116720298,"Cottonwood Solar, LLC Cottonwood Carport",Solar power station,38.129759,-122.5682
United States,Q30,http://www.wikidata.org/entity/Q116720272,Gaston Solar,Solar power station,36.514722,-77.65611
United States,Q30,http://www.wikidata.org/entity/Q116720318,Macon Solar Power Project,Solar power station,39.76,-92.46
United States,Q30,http://www.wikidata.org/entity/Q116720262,Imclone Solar Electric Facility,Solar power station,40.555,-74.70944
United States,Q30,http://www.wikidata.org/entity/Q116720249,Meadow Lake Solar Energy Center,Solar power station,34.81,-106.52
United States,Q30,http://www.wikidata.org/entity/Q116720336,Bourne (MA) - Holliston I,Solar power station,42.177876,-71.45463
United States,Q30,http://www.wikidata.org/entity/Q116720257,Chicopee Granby Road Solar,Solar power station,42.158056,-72.59583
United States,Q30,http://www.wikidata.org/entity/Q116720215,Bearford Farm Solar Project,Solar power station,34.61,-77.92417
United States,Q30,http://www.wikidata.org/entity/Q116720230,Rutherford Farm,Solar power station,35.257778,-81.83056
United States,Q30,http://www.wikidata.org/entity/Q116720284,Innovative Solar 44,Solar power station,34.859,-79.108
United States,Q30,http://www.wikidata.org/entity/Q116720227,Wellons Farm,Solar power station,35.511698,-78.29113
United States,Q30,http://www.wikidata.org/entity/Q116720247,Town of Williamson Landfill PV,Solar power station,43.244444,-77.17472
United States,Q30,http://www.wikidata.org/entity/Q116720263,Midwest Energy Community Solar Array,Solar power station,39.406944,-101.0394
United States,Q30,http://www.wikidata.org/entity/Q116720281,Innovative Solar 48,Solar power station,34.711628,-79.30235
United States,Q30,http://www.wikidata.org/entity/Q116720240,Walters Solar (FLS 260),Solar power station,34.496944,-79.04889
United States,Q30,http://www.wikidata.org/entity/Q116720330,Chimes West Friendship (Nixon Farms),Solar power station,39.296749,-76.95741
United States,Q30,http://www.wikidata.org/entity/Q116720299,Steel Sun,Solar power station,42.812811,-78.84531
United States,Q30,http://www.wikidata.org/entity/Q116720273,Seaboard Solar LLC,Solar power station,36.476944,-77.46778
United States,Q30,http://www.wikidata.org/entity/Q116720333,River Mountains Solar,Solar power station,36.031616,-114.9294
United States,Q30,http://www.wikidata.org/entity/Q116720254,Clarkson Solar,Solar power station,44.671944,-74.94944
United States,Q30,http://www.wikidata.org/entity/Q116720221,Millikan Farm,Solar power station,35.81771,-79.77109
United States,Q30,http://www.wikidata.org/entity/Q116720246,"LKL BLBD, LLC",Solar power station,28.066389,-82.0175
United States,Q30,http://www.wikidata.org/entity/Q116720301,Franklinton Solar,Solar power station,36.08,-78.35
United States,Q30,http://www.wikidata.org/entity/Q116720282,Innovative Solar 54,Solar power station,35.213697,-77.71241
United States,Q30,http://www.wikidata.org/entity/Q116720302,St. Paul Intl Airport Red & Blue Parking,Solar power station,44.88,-93.21
United States,Q30,http://www.wikidata.org/entity/Q116720339,Chester Power Partners,Solar power station,43.280929,-72.59757
United States,Q30,http://www.wikidata.org/entity/Q116720274,Mt Olive Solar 1,Solar power station,35.181111,-78.09694
United States,Q30,http://www.wikidata.org/entity/Q116720241,Stagecoach Solar,Solar power station,36.414722,-78.45972
United States,Q30,http://www.wikidata.org/entity/Q116720216,Whitetail Solar,Solar power station,34.398056,-79.38361
United States,Q30,http://www.wikidata.org/entity/Q116720326,Citizen B,Solar power station,36.723806,-120.4321
United States,Q30,http://www.wikidata.org/entity/Q116720239,L&D Landfill Solar,Solar power station,39.980278,-74.77028
United States,Q30,http://www.wikidata.org/entity/Q116720229,Yadkin 601 Farm,Solar power station,36.199167,-80.69722
United States,Q30,http://www.wikidata.org/entity/Q116720283,Innovative Solar 23,Solar power station,35.259825,-81.41902
United States,Q30,http://www.wikidata.org/entity/Q116720238,Nicolis Solar PV Plant,Solar power station,35.835833,-119.0561
United States,Q30,http://www.wikidata.org/entity/Q116720307,IKEA St. Louis 410,Solar power station,38.634995,-90.24555
United States,Q30,http://www.wikidata.org/entity/Q116720342,"Red Hill Solar Center, LLC",Solar power station,36.404382,-78.14111
United States,Q30,http://www.wikidata.org/entity/Q116720222,Misenheimer Farm,Solar power station,35.468611,-80.29361
United States,Q30,http://www.wikidata.org/entity/Q116720234,Stikeleather Farm,Solar power station,35.902222,-81.10611
United States,Q30,http://www.wikidata.org/entity/Q116720331,Lakeland Electric Co. (FL)-Airport 1,Solar power station,27.988523,-82.0473
United States,Q30,http://www.wikidata.org/entity/Q116720243,Soul City Solar,Solar power station,36.25,-78.25
United States,Q30,http://www.wikidata.org/entity/Q116720265,Sandstone Solar,Solar power station,33.0421,-111.4519
United States,Q30,http://www.wikidata.org/entity/Q116720256,Chicopee River Solar,Solar power station,42.150278,-72.55222
United States,Q30,http://www.wikidata.org/entity/Q116720261,CentraState Medical Center PV Facility,Solar power station,40.236111,-74.32139
United States,Q30,http://www.wikidata.org/entity/Q116720291,Gulf Coast Solar Center I,Solar power station,30.515448,-86.51841
United States,Q30,http://www.wikidata.org/entity/Q116720332,DSH (CA) - Coalinga State Hospital,Solar power station,36.13726,-120.2185
United States,Q30,http://www.wikidata.org/entity/Q116720296,"Aspen Solar, LLC",Solar power station,34.791163,-78.01212
United States,Q30,http://www.wikidata.org/entity/Q116720223,Monroe Moore Farm,Solar power station,34.971944,-80.60194
United States,Q30,http://www.wikidata.org/entity/Q116720310,Charlotte Solar LLC VT,Solar power station,44.321972,-73.19761
United States,Q30,http://www.wikidata.org/entity/Q116720288,Remington Solar Facility,Solar power station,38.548333,-77.77639
United States,Q30,http://www.wikidata.org/entity/Q116720312,Seville 2,Solar power station,33.1101,-116.0059
United States,Q30,http://www.wikidata.org/entity/Q116720327,SEPV Mojave West,Solar power station,35.022903,-118.2827
United States,Q30,http://www.wikidata.org/entity/Q116720217,Mocksville Solar,Solar power station,35.833889,-80.57444
United States,Q30,http://www.wikidata.org/entity/Q116720232,Sedberry Farm,Solar power station,35.243889,-79.32167
United States,Q30,http://www.wikidata.org/entity/Q116720280,Innovative Solar 47,Solar power station,34.801933,-79.33245
United States,Q30,http://www.wikidata.org/entity/Q116720343,"Van Slyke Solar Center, LLC",Solar power station,35.776992,-77.88052
United States,Q30,http://www.wikidata.org/entity/Q116720346,Stetson Road Solar - Barre I,Solar power station,42.4029,-72.1027
United States,Q30,http://www.wikidata.org/entity/Q116720347,Barre II Solar Project,Solar power station,42.362,-72.109
United States,Q30,http://www.wikidata.org/entity/Q116720328,Barton Solar Farm,Solar power station,44.725418,-72.18404
United States,Q30,http://www.wikidata.org/entity/Q116720344,"Broadway Solar Center, LLC",Solar power station,34.309261,-78.83143
United States,Q30,http://www.wikidata.org/entity/Q116720269,Coronal Lost Hills,Solar power station,35.726667,-119.9058
United States,Q30,http://www.wikidata.org/entity/Q116720285,Innovative Solar 64,Solar power station,35.041048,-78.32968
United States,Q30,http://www.wikidata.org/entity/Q116720276,"Forever 21 Retail, Inc.",Solar power station,34.071389,-118.1961
United States,Q30,http://www.wikidata.org/entity/Q116720226,Tart Farm,Solar power station,35.204444,-78.68111
United States,Q30,http://www.wikidata.org/entity/Q116720259,Hanover,Solar power station,40.065278,-74.59056
United States,Q30,http://www.wikidata.org/entity/Q116720320,Templeton,Solar power station,42.521217,-72.06733
United States,Q30,http://www.wikidata.org/entity/Q116720235,"Colton Solar One, LLC",Solar power station,34.093333,-117.3194
United States,Q30,http://www.wikidata.org/entity/Q116720250,Cibola,Solar power station,35.20115,-107.2452
United States,Q30,http://www.wikidata.org/entity/Q116720228,Woodland Church Farm,Solar power station,35.058333,-77.85361
United States,Q30,http://www.wikidata.org/entity/Q116720334,CDCR (CA) - Pleasant Valley State Prison,Solar power station,36.137219,-120.2244
United States,Q30,http://www.wikidata.org/entity/Q116720224,Franklin Solar 2,Solar power station,36.126944,-78.1525
United States,Q30,http://www.wikidata.org/entity/Q116720236,"Colton Solar Two, LLC",Solar power station,34.042222,-117.3617
United States,Q30,http://www.wikidata.org/entity/Q116720218,Tisbury Landfill Solar,Solar power station,41.444722,-70.61306
United States,Q30,http://www.wikidata.org/entity/Q116720233,"Spring Valley Farm 2, LLC",Solar power station,36.371111,-78.41528
United States,Q30,http://www.wikidata.org/entity/Q116720267,Charlton Solar I CSG,Solar power station,42.1275,-71.99639
United States,Q30,http://www.wikidata.org/entity/Q116720308,DD Hay Road Solar 23 LLC,Solar power station,39.736708,-75.51175
United States,Q30,http://www.wikidata.org/entity/Q116720306,Holdrege Solar Center,Solar power station,40.824736,-96.82032
United States,Q30,http://www.wikidata.org/entity/Q116720220,Manway Solar Farm,Solar power station,34.745833,-78.42944
United States,Q30,http://www.wikidata.org/entity/Q116720329,Sunnyside Ranch Community Solar Array,Solar power station,39.415027,-107.1572
United States,Q30,http://www.wikidata.org/entity/Q116720245,"AP North Lake I, LP",Solar power station,33.74,-117.0106
United States,Q30,http://www.wikidata.org/entity/Q116720292,Gulf Coast Solar Center II,Solar power station,30.430766,-86.8952
United States,Q30,http://www.wikidata.org/entity/Q116720271,Garysburg Solar,Solar power station,36.468,-77.592
United States,Q30,http://www.wikidata.org/entity/Q116720337,BlueWave Capital - Grafton (SREC II),Solar power station,42.225492,-71.66265
United States,Q30,http://www.wikidata.org/entity/Q116720325,Aspiration G,Solar power station,36.552186,-120.3525
United States,Q30,http://www.wikidata.org/entity/Q116720225,Stout Farm,Solar power station,36.079167,-79.19972
United States,Q30,http://www.wikidata.org/entity/Q116720251,South Milford Solar Plant,Solar power station,38.311111,-113.0536
United States,Q30,http://www.wikidata.org/entity/Q116721072,"Creswell Alligood Solar, LLC",Solar power station,35.898889,-76.37944
United States,Q30,http://www.wikidata.org/entity/Q116721118,Meadowbrook Solar Farm,Solar power station,35.55543,-80.38589
United States,Q30,http://www.wikidata.org/entity/Q116721086,Innovative Solar 37 LLC,Solar power station,34.838297,-79.94389
United States,Q30,http://www.wikidata.org/entity/Q116721053,Meadows PV 1,Solar power station,35.836944,-77.12694
United States,Q30,http://www.wikidata.org/entity/Q116721171,"Flint Hill Solar, LLC",Solar power station,35.40274,-79.55308
United States,Q30,http://www.wikidata.org/entity/Q116721142,CED Ducor 3,Solar power station,35.845378,-119.057
United States,Q30,http://www.wikidata.org/entity/Q116721153,Midway Solar Farm II,Solar power station,33.162056,-115.5317
United States,Q30,http://www.wikidata.org/entity/Q116721155,"Pastime Farm, LLC",Solar power station,39.52086,-87.18155
United States,Q30,http://www.wikidata.org/entity/Q116721144,AVS Lancaster 1,Solar power station,34.748894,-117.9736
United States,Q30,http://www.wikidata.org/entity/Q116721115,Kinston Solar,Solar power station,35.351436,-77.47228
United States,Q30,http://www.wikidata.org/entity/Q116721132,"Innovative Solar 18, LLC",Solar power station,35.378187,-81.79505
United States,Q30,http://www.wikidata.org/entity/Q116721136,Innovative Solar 16,Solar power station,35.363863,-82.35
United States,Q30,http://www.wikidata.org/entity/Q116721030,Leavenworth Greenworks LLC,Solar power station,40.925278,-72.76333
United States,Q30,http://www.wikidata.org/entity/Q116721140,Fisher Road Solar,Solar power station,41.593314,-71.01805
United States,Q30,http://www.wikidata.org/entity/Q116721173,Lamesa Solar,Solar power station,32.715611,-101.9265
United States,Q30,http://www.wikidata.org/entity/Q116721137,"River Bend Solar, LLC",Solar power station,34.831511,-87.8422
United States,Q30,http://www.wikidata.org/entity/Q116721085,"Cornwall Solar Center, LLC",Solar power station,36.366944,-78.62611
United States,Q30,http://www.wikidata.org/entity/Q116721131,Innovative Solar 10,Solar power station,35.473629,-82.89032
United States,Q30,http://www.wikidata.org/entity/Q116721100,"Wilzig Associates, LLC",Solar power station,40.825316,-74.09442
United States,Q30,http://www.wikidata.org/entity/Q116721051,Beetle Solar,Solar power station,35.1785,-81.665
United States,Q30,http://www.wikidata.org/entity/Q116721028,Sutter Greenworks LLC,Solar power station,40.928056,-72.77111
United States,Q30,http://www.wikidata.org/entity/Q116721104,"Advance Stores Company, Inc",Solar power station,42.015023,-72.51189
United States,Q30,http://www.wikidata.org/entity/Q116721112,South Louisburg Solar,Solar power station,36.057,-78.308
United States,Q30,http://www.wikidata.org/entity/Q116721113,"Playa Solar 1, LLC",Solar power station,36.408,-114.908
United States,Q30,http://www.wikidata.org/entity/Q116721092,Sun Harvest Solar NDP1,Solar power station,37.05758,-120.6536
United States,Q30,http://www.wikidata.org/entity/Q116721069,Terra Francesco,Solar power station,34.039722,-117.6067
United States,Q30,http://www.wikidata.org/entity/Q116721056,American Legion PV 1,Solar power station,36.418333,-77.65583
United States,Q30,http://www.wikidata.org/entity/Q116721125,Clarkstown Landfill Solar Facility,Solar power station,41.100409,-73.95159
United States,Q30,http://www.wikidata.org/entity/Q116721098,Lancaster WAD B,Solar power station,34.780192,-118.1933
United States,Q30,http://www.wikidata.org/entity/Q116721078,Nordhoff Place,Solar power station,34.236667,-118.5658
United States,Q30,http://www.wikidata.org/entity/Q116721071,Parlin Solar LLC,Solar power station,40.456667,-74.32889
United States,Q30,http://www.wikidata.org/entity/Q116721091,Lordstown Motor Corp,Solar power station,41.148019,-80.88375
United States,Q30,http://www.wikidata.org/entity/Q116721124,Boykin PV1,Solar power station,35.113386,-78.75042
United States,Q30,http://www.wikidata.org/entity/Q116721170,Battleboro Farm,Solar power station,36.05864,-77.76077
United States,Q30,http://www.wikidata.org/entity/Q116721146,"Kingbird B Solar, LLC",Solar power station,34.824206,-118.4385
United States,Q30,http://www.wikidata.org/entity/Q116721148,Genentech-Oceanside Hybrid,Solar power station,33.211095,-117.2996
United States,Q30,http://www.wikidata.org/entity/Q116721101,Concord Solar Farm,Solar power station,42.444,-71.335
United States,Q30,http://www.wikidata.org/entity/Q116721068,Rancho Cucamonga Dist #1,Solar power station,34.100278,-117.5528
United States,Q30,http://www.wikidata.org/entity/Q116721042,Hanford 1 and 2,Solar power station,36.306667,-119.6292
United States,Q30,http://www.wikidata.org/entity/Q116721035,California PV Energy at ISD WWTP,Solar power station,38.001111,-121.7039
United States,Q30,http://www.wikidata.org/entity/Q116721099,Leominster (MA)-South Street-R&D,Solar power station,42.606184,-71.17722
United States,Q30,http://www.wikidata.org/entity/Q116721165,IMPA Huntingburg Solar Park,Solar power station,38.319623,-86.96807
United States,Q30,http://www.wikidata.org/entity/Q116721138,Lindberg FIeld Solar,Solar power station,32.729238,-117.2077
United States,Q30,http://www.wikidata.org/entity/Q116721055,Benthall Bridge PV 1,Solar power station,36.42,-77.10028
United States,Q30,http://www.wikidata.org/entity/Q116721121,Bakersfield 111,Solar power station,35.317551,-118.9899
United States,Q30,http://www.wikidata.org/entity/Q116721052,Happy Solar,Solar power station,35.3965,-78.5108
United States,Q30,http://www.wikidata.org/entity/Q116721082,"Imperial Valley Solar Co (IVSC) 2, LLC",Solar power station,33.252222,-115.4975
United States,Q30,http://www.wikidata.org/entity/Q116721046,Beacon Solar Plant Site 5,Solar power station,35.248889,-118.0344
United States,Q30,http://www.wikidata.org/entity/Q116721123,Spring Mill Solar RES,Solar power station,38.709545,-86.46968
United States,Q30,http://www.wikidata.org/entity/Q116721070,Acton Solar Landfill,Solar power station,42.473333,-71.43056
United States,Q30,http://www.wikidata.org/entity/Q116721063,Wright Solar Park,Solar power station,37.009444,-120.9572
United States,Q30,http://www.wikidata.org/entity/Q116721060,Little River PV 1,Solar power station,35.538889,-79.80417
United States,Q30,http://www.wikidata.org/entity/Q116721105,Millbrook School,Solar power station,41.84581,-73.61949
United States,Q30,http://www.wikidata.org/entity/Q116721094,"Mt. Home Solar 1, LLC",Solar power station,43.129,-115.752
United States,Q30,http://www.wikidata.org/entity/Q116721119,Morgan Lancaster 1,Solar power station,34.6608,-118.0836
United States,Q30,http://www.wikidata.org/entity/Q116721058,Old Catawba PV 1,Solar power station,35.711667,-81.13417
United States,Q30,http://www.wikidata.org/entity/Q116721117,Fiddler's Canyon 3,Solar power station,37.731338,-113.2166
United States,Q30,http://www.wikidata.org/entity/Q116721143,Fresno Solar,Solar power station,36.616846,-120.1051
United States,Q30,http://www.wikidata.org/entity/Q116721093,Gulf Coast Solar Center III,Solar power station,30.470351,-87.33519
United States,Q30,http://www.wikidata.org/entity/Q116721040,Carrier Clinic,Solar power station,40.47,-74.685
United States,Q30,http://www.wikidata.org/entity/Q116721163,Skylark,Solar power station,40.577889,-104.8948
United States,Q30,http://www.wikidata.org/entity/Q116721120,"Conetoe II Solar, LLC",Solar power station,35.822,-77.481
United States,Q30,http://www.wikidata.org/entity/Q116721054,Flat Meeks PV 1,Solar power station,35.806667,-77.27056
United States,Q30,http://www.wikidata.org/entity/Q116721075,Tarboro Solar,Solar power station,35.858056,-77.49917
United States,Q30,http://www.wikidata.org/entity/Q116721080,City of Truth or Consequences PV,Solar power station,33.121111,-107.2878
United States,Q30,http://www.wikidata.org/entity/Q116721150,RE Garland,Solar power station,34.825267,-118.525
United States,Q30,http://www.wikidata.org/entity/Q116721116,"Vance Solar Farm, LLC",Solar power station,36.258478,-78.41197
United States,Q30,http://www.wikidata.org/entity/Q116721114,Hickory,Solar power station,34.802222,-78.00917
United States,Q30,http://www.wikidata.org/entity/Q116721062,Blackwell Solar Park,Solar power station,35.612,-119.845
United States,Q30,http://www.wikidata.org/entity/Q116721066,Borden Solar Farm,Solar power station,36.941111,-119.96
United States,Q30,http://www.wikidata.org/entity/Q116721149,Onondaga County- Jamesville,Solar power station,42.986644,-76.06422
United States,Q30,http://www.wikidata.org/entity/Q116721048,Kenneth Solar,Solar power station,36.4338,-78.1526
United States,Q30,http://www.wikidata.org/entity/Q116721129,Middlebury Solar,Solar power station,41.6972,-85.6875
United States,Q30,http://www.wikidata.org/entity/Q116721061,Five Points Solar Park,Solar power station,36.386944,-120.2367
United States,Q30,http://www.wikidata.org/entity/Q116721059,Manning PV 1,Solar power station,36.119167,-79.52139
United States,Q30,http://www.wikidata.org/entity/Q116721088,Innovative Solar 55,Solar power station,34.695,-79.216
United States,Q30,http://www.wikidata.org/entity/Q116721074,FLS Solar 230 (Warren),Solar power station,35.016111,-77.82194
United States,Q30,http://www.wikidata.org/entity/Q116721029,Sterlington Greenworks LLC,Solar power station,41.0675,-72.44028
United States,Q30,http://www.wikidata.org/entity/Q116721130,"TWE Chocowinity Solar, LLC",Solar power station,35.501688,-77.10561
United States,Q30,http://www.wikidata.org/entity/Q116721050,Murdock Solar,Solar power station,35.6633,-78.5206
United States,Q30,http://www.wikidata.org/entity/Q116721128,Portage Solar,Solar power station,41.5611,-87.1555
United States,Q30,http://www.wikidata.org/entity/Q116721133,"Innovative Solar 26, LLC",Solar power station,35.70974,-81.41331
United States,Q30,http://www.wikidata.org/entity/Q116721067,4Oaks,Solar power station,35.4325,-78.41167
United States,Q30,http://www.wikidata.org/entity/Q116721106,Oregon University System Rabbit Field,Solar power station,44.573484,-123.317
United States,Q30,http://www.wikidata.org/entity/Q116721158,"Algonquin SKIC 10 Solar, LLC",Solar power station,35.126111,-119.2434
United States,Q30,http://www.wikidata.org/entity/Q116721162,Valley View Solar,Solar power station,40.418786,-104.8919
United States,Q30,http://www.wikidata.org/entity/Q116721031,Medford WWTP,Solar power station,39.922222,-74.80667
United States,Q30,http://www.wikidata.org/entity/Q116721156,"Yanceyville Farm 3, LLC",Solar power station,36.428608,-79.34889
United States,Q30,http://www.wikidata.org/entity/Q116721141,CED Avenal,Solar power station,35.996324,-120.1515
United States,Q30,http://www.wikidata.org/entity/Q116721057,Grandy PV 1,Solar power station,36.233611,-75.88083
United States,Q30,http://www.wikidata.org/entity/Q116721168,Stainback Solar Farm,Solar power station,36.395286,-78.32829
United States,Q30,http://www.wikidata.org/entity/Q116721166,IMPA Anderson Solar Park,Solar power station,40.051556,-85.73713
United States,Q30,http://www.wikidata.org/entity/Q116721087,Innovative Solar 46,Solar power station,34.918194,-78.94355
United States,Q30,http://www.wikidata.org/entity/Q116721049,Chei Solar,Solar power station,35.8918,-78.1823
United States,Q30,http://www.wikidata.org/entity/Q116721126,Murphy Flat Solar,Solar power station,43.213,-116.439
United States,Q30,http://www.wikidata.org/entity/Q116721154,"McDonald Solar Farm, LLC",Solar power station,39.59458,-87.474
United States,Q30,http://www.wikidata.org/entity/Q116721090,Innovative Solar 67,Solar power station,34.623309,-78.00538
United States,Q30,http://www.wikidata.org/entity/Q116721172,Legoland Solar,Solar power station,27.986163,-81.69017
United States,Q30,http://www.wikidata.org/entity/Q116721147,"Blythe Solar 110, LLC",Solar power station,33.68,-114.742
United States,Q30,http://www.wikidata.org/entity/Q116721032,Reeves South,Solar power station,39.926667,-74.81361
United States,Q30,http://www.wikidata.org/entity/Q116722458,L'Oreal Solar - Florence,Solar power station,38.987696,-84.60817
United States,Q30,http://www.wikidata.org/entity/Q116722384,Westmont 300A,Solar power station,33.766067,-118.2889
United States,Q30,http://www.wikidata.org/entity/Q116722496,"Pioneer Solar (CO), LLC",Solar power station,39.761569,-104.459
United States,Q30,http://www.wikidata.org/entity/Q116722413,Vandenberg Solar Project,Solar power station,34.749708,-120.51
United States,Q30,http://www.wikidata.org/entity/Q116722427,DG Foxborough Elm CSG,Solar power station,42.056053,-71.14131
United States,Q30,http://www.wikidata.org/entity/Q116722436,Dundas Solar Holdings LLC CSG,Solar power station,44.439647,-93.19733
United States,Q30,http://www.wikidata.org/entity/Q116722425,DG Crystal Spring CSG,Solar power station,41.679836,-70.49528
United States,Q30,http://www.wikidata.org/entity/Q116722490,Syncarpha Clara City CSG I (Stamer),Solar power station,44.955515,-95.35707
United States,Q30,http://www.wikidata.org/entity/Q116722386,"Haywood Farm Solar, LLC",Solar power station,35.343,-79.915
United States,Q30,http://www.wikidata.org/entity/Q116722370,Pima Community College - East Campus,Solar power station,32.146142,-110.9906
United States,Q30,http://www.wikidata.org/entity/Q116722423,Champion Solar,Solar power station,33.794732,-81.26242
United States,Q30,http://www.wikidata.org/entity/Q116722433,Tuttle,Solar power station,35.266556,-97.84653
United States,Q30,http://www.wikidata.org/entity/Q116722481,BNB Camden Solar,Solar power station,39.93903,-75.10802
United States,Q30,http://www.wikidata.org/entity/Q116722405,Lindstrom Solar CSG,Solar power station,45.319892,-92.7966
United States,Q30,http://www.wikidata.org/entity/Q116722385,USPS PV,Solar power station,33.977922,-118.2587
United States,Q30,http://www.wikidata.org/entity/Q116722418,Monroe County Sites A & B,Solar power station,43.174071,-77.39223
United States,Q30,http://www.wikidata.org/entity/Q116722406,Rengstorf Solar CSG,Solar power station,44.259504,-94.28907
United States,Q30,http://www.wikidata.org/entity/Q116722477,"Hanover Solar, LLC",Solar power station,34.800947,-77.21377
United States,Q30,http://www.wikidata.org/entity/Q116722380,Gulfport Naval Base CSG PV System,Solar power station,30.379866,-89.11923
United States,Q30,http://www.wikidata.org/entity/Q116722390,"Innovative Solar 59, LLC",Solar power station,36.094719,-77.97928
United States,Q30,http://www.wikidata.org/entity/Q116722381,Chillicothe Solar Farm,Solar power station,39.788769,-93.53683
United States,Q30,http://www.wikidata.org/entity/Q116722404,Koppelman Sun CSG,Solar power station,44.182609,-93.87627
United States,Q30,http://www.wikidata.org/entity/Q116722474,Sterling Solar (TX),Solar power station,33.166173,-96.17262
United States,Q30,http://www.wikidata.org/entity/Q116722424,Bakatsias Solar,Solar power station,36.072359,-79.34747
United States,Q30,http://www.wikidata.org/entity/Q116722371,Manteca Land PV,Solar power station,37.84013,-121.2162
United States,Q30,http://www.wikidata.org/entity/Q116722465,Miami Dade Solar Energy Center,Solar power station,25.64,-80.49
United States,Q30,http://www.wikidata.org/entity/Q116722462,Imboden Solar Garden,Solar power station,39.786769,-104.5836
United States,Q30,http://www.wikidata.org/entity/Q116722471,Duanesburg,Solar power station,42.762173,-74.20155
United States,Q30,http://www.wikidata.org/entity/Q116722410,"Southampton Solar, LLC",Solar power station,36.614,-77.166
United States,Q30,http://www.wikidata.org/entity/Q116722489,Cornillie,Solar power station,45.46013,-92.89609
United States,Q30,http://www.wikidata.org/entity/Q116722447,Lake Hancock Solar,Solar power station,27.719139,-82.03389
United States,Q30,http://www.wikidata.org/entity/Q116722435,West Moore Solar II,Solar power station,33.619,-96.627
United States,Q30,http://www.wikidata.org/entity/Q116722452,Madison County,Solar power station,43.028289,-75.70098
United States,Q30,http://www.wikidata.org/entity/Q116722393,Wilson Solar Farm 1,Solar power station,35.7,-77.9
United States,Q30,http://www.wikidata.org/entity/Q116722482,Solean Solar Project,Solar power station,42.086926,-78.44821
United States,Q30,http://www.wikidata.org/entity/Q116722479,Johnstown,Solar power station,42.999179,-74.31479
United States,Q30,http://www.wikidata.org/entity/Q116722415,Elbe Solar Center,Solar power station,44.618,-121.205
United States,Q30,http://www.wikidata.org/entity/Q116722391,Antelope DSR 3,Solar power station,34.736859,-118.3041
United States,Q30,http://www.wikidata.org/entity/Q116722463,Sunshine Gateway Solar Energy Center,Solar power station,30.29,-82.75
United States,Q30,http://www.wikidata.org/entity/Q116722399,Mount Signal Solar Farm II,Solar power station,32.6685,-115.6292
United States,Q30,http://www.wikidata.org/entity/Q116722484,Redstone Arsenal Hybrid,Solar power station,34.610987,-86.61155
United States,Q30,http://www.wikidata.org/entity/Q116722437,Kilroy Solar,Solar power station,32.936137,-117.2342
United States,Q30,http://www.wikidata.org/entity/Q116722400,Amazon - Patterson PV,Solar power station,37.468888,-121.1663
United States,Q30,http://www.wikidata.org/entity/Q116722372,Quichapa 1,Solar power station,37.658223,-113.2167
United States,Q30,http://www.wikidata.org/entity/Q116722389,"Innovative Solar 35, LLC",Solar power station,35.046,-77.825
United States,Q30,http://www.wikidata.org/entity/Q116722374,Wadesboro Solar,Solar power station,34.973863,-80.02899
United States,Q30,http://www.wikidata.org/entity/Q116722412,Montgomery Winsted CSG,Solar power station,44.9517,-94.0556
United States,Q30,http://www.wikidata.org/entity/Q116722367,Railroad Farm 2,Solar power station,34.807903,-78.95049
United States,Q30,http://www.wikidata.org/entity/Q116722494,Spring Grove I,Solar power station,37.173916,-76.91925
United States,Q30,http://www.wikidata.org/entity/Q116722451,"COU Solar I, LLC",Solar power station,44.7,-75.3
United States,Q30,http://www.wikidata.org/entity/Q116722421,DG Camden LLC Holtec,Solar power station,39.910969,-75.1186
United States,Q30,http://www.wikidata.org/entity/Q116722364,Independence Solar Farm,Solar power station,39.117142,-94.28816
United States,Q30,http://www.wikidata.org/entity/Q116722411,DG AMP Solar Versailles,Solar power station,40.2207,-84.4978
United States,Q30,http://www.wikidata.org/entity/Q116722368,Kihei Solar Farm,Solar power station,20.7937,-156.4339
United States,Q30,http://www.wikidata.org/entity/Q116722366,Old Wire Farm,Solar power station,34.817836,-79.51393
United States,Q30,http://www.wikidata.org/entity/Q116722387,"Hood Farm Solar, LLC",Solar power station,35.205,-77.497
United States,Q30,http://www.wikidata.org/entity/Q116722470,Baker City Solar,Solar power station,44.702418,-117.7635
United States,Q30,http://www.wikidata.org/entity/Q116722450,Auriga Community Solar,Solar power station,43.977875,-95.76736
United States,Q30,http://www.wikidata.org/entity/Q116722475,Yellow Jacket,Solar power station,31.933841,-97.65375
United States,Q30,http://www.wikidata.org/entity/Q116722472,Scenic Hill Solar III,Solar power station,35.46715,-93.51517
United States,Q30,http://www.wikidata.org/entity/Q116722379,"Lahr 1, LLC",Solar power station,45.431189,-94.42604
United States,Q30,http://www.wikidata.org/entity/Q116722495,Pacific Ethanol Madera Solar Array,Solar power station,36.916111,-119.9714
United States,Q30,http://www.wikidata.org/entity/Q116722398,Farley Road Community Solar,Solar power station,42.1,-72.0
United States,Q30,http://www.wikidata.org/entity/Q116722473,"Montevideo Solar LLC, CSG",Solar power station,44.899475,-95.69419
United States,Q30,http://www.wikidata.org/entity/Q116722388,"ZV Solar 2, LLC",Solar power station,34.816,-79.2
United States,Q30,http://www.wikidata.org/entity/Q116722383,ACE-Stanton A PV,Solar power station,28.48455,-81.17411
United States,Q30,http://www.wikidata.org/entity/Q116722453,Onyx - Pembroke Landfill Solar,Solar power station,42.049906,-70.80242
United States,Q30,http://www.wikidata.org/entity/Q116722483,Lincoln Ave Solar Project,Solar power station,40.78144,-73.08344
United States,Q30,http://www.wikidata.org/entity/Q116722373,Gamble Solar,Solar power station,35.348375,-81.81736
United States,Q30,http://www.wikidata.org/entity/Q116722430,Marietta,Solar power station,33.943183,-97.10861
United States,Q30,http://www.wikidata.org/entity/Q116722478,Hopewell Friends,Solar power station,35.62845,-79.8727
United States,Q30,http://www.wikidata.org/entity/Q116722431,Pine Ridge,Solar power station,35.013397,-98.44472
United States,Q30,http://www.wikidata.org/entity/Q116722376,St. Pauls Solar 2,Solar power station,34.7691,-78.981
United States,Q30,http://www.wikidata.org/entity/Q116722375,Phelps 158 Solar Farm,Solar power station,36.442636,-77.16151
United States,Q30,http://www.wikidata.org/entity/Q116722422,School Sisters CSG,Solar power station,44.17897,-93.9689
United States,Q30,http://www.wikidata.org/entity/Q116722428,Westmont 401,Solar power station,33.762421,-118.2882
United States,Q30,http://www.wikidata.org/entity/Q116722455,Woods Hill Solar,Solar power station,41.83184,-71.91987
United States,Q30,http://www.wikidata.org/entity/Q116722485,Galloway 1 Solar Farm,Solar power station,31.435932,-99.79661
United States,Q30,http://www.wikidata.org/entity/Q116722464,HGS Solar I,Solar power station,43.543716,-73.32526
United States,Q30,http://www.wikidata.org/entity/Q116722461,Wistaria Ranch Solar,Solar power station,32.676,-115.619
United States,Q30,http://www.wikidata.org/entity/Q116722402,DodgeSun CSG,Solar power station,44.040418,-92.69
United States,Q30,http://www.wikidata.org/entity/Q116722439,West Brookfield Solar - Gilbertsville Rd (CSG),Solar power station,42.272516,-72.21029
United States,Q30,http://www.wikidata.org/entity/Q116722487,Adams Nielson Solar,Solar power station,46.95528,-118.6212
United States,Q30,http://www.wikidata.org/entity/Q116722417,Huneke I CSG,Solar power station,44.726789,-92.66945
United States,Q30,http://www.wikidata.org/entity/Q116722395,Bear Creek Solar Center,Solar power station,44.060814,-121.2372
United States,Q30,http://www.wikidata.org/entity/Q116722488,Abbot Solar,Solar power station,33.678358,-80.24029
United States,Q30,http://www.wikidata.org/entity/Q116722467,Syncarpha Hancock I CSG,Solar power station,42.433031,-73.33609
United States,Q30,http://www.wikidata.org/entity/Q116722476,Eddy II,Solar power station,31.291151,-97.26074
United States,Q30,http://www.wikidata.org/entity/Q116722429,Old Bridge Solar Farm,Solar power station,40.444372,-74.24338
United States,Q30,http://www.wikidata.org/entity/Q116722434,WED Kingstown Solar I - East Array,Solar power station,41.492253,-71.61911
United States,Q30,http://www.wikidata.org/entity/Q116722444,LA3 West Baton Rouge Solar Facility,Solar power station,30.465105,-91.33186
United States,Q30,http://www.wikidata.org/entity/Q116722365,Mills Anson Farm,Solar power station,34.968056,-79.93584
United States,Q30,http://www.wikidata.org/entity/Q116722414,E-Volve Energy Holdings LLC,Solar power station,29.740788,-96.15994
United States,Q30,http://www.wikidata.org/entity/Q116722446,Bonnie Mine Solar,Solar power station,27.89008,-81.98717
United States,Q30,http://www.wikidata.org/entity/Q116722440,DG Tufts Knoll LLC CSG,Solar power station,42.24325,-71.67233
United States,Q30,http://www.wikidata.org/entity/Q116722403,Johnson Solar CSG,Solar power station,43.912138,-96.18703
United States,Q30,http://www.wikidata.org/entity/Q116722392,Gray Hawk Solar,Solar power station,35.346611111,-113.914888888
United States,Q30,http://www.wikidata.org/entity/Q116722397,"Roxboro Solar Farm, LLC",Solar power station,36.326821,-78.62224
United States,Q30,http://www.wikidata.org/entity/Q116722468,"Syncarpha Still River, LLC CSG",Solar power station,42.42075,-71.64153
United States,Q30,http://www.wikidata.org/entity/Q116722394,Wilson Solar Farm 3,Solar power station,35.78,-78.0
United States,Q30,http://www.wikidata.org/entity/Q116723132,East Line Solar,Solar power station,32.84703,-111.5651
United States,Q30,http://www.wikidata.org/entity/Q116723345,Syncarpha Tewksbury Hybrid CSG,Solar power station,42.593706,-71.17749
United States,Q30,http://www.wikidata.org/entity/Q116723365,Wildflower Solar 1,Solar power station,38.705,-121.477
United States,Q30,http://www.wikidata.org/entity/Q116723099,Amazon Denver DEN3,Solar power station,39.885061,-104.9823
United States,Q30,http://www.wikidata.org/entity/Q116723344,Novel Herickhoff Solar CSG,Solar power station,45.847225,-95.14845
United States,Q30,http://www.wikidata.org/entity/Q116723151,MNCPPC Germantown Solar,Solar power station,39.149037,-77.31795
United States,Q30,http://www.wikidata.org/entity/Q116723364,Grossmont HS Solar Project,Solar power station,32.816542,-116.9996
United States,Q30,http://www.wikidata.org/entity/Q116723367,Whitetail Solar 2,Solar power station,39.904211,-77.81422
United States,Q30,http://www.wikidata.org/entity/Q116723111,Telfair Thompson,Solar power station,32.058559,-82.87179
United States,Q30,http://www.wikidata.org/entity/Q116723342,Novel Historical Society Solar CSG,Solar power station,44.787705,-95.36049
United States,Q30,http://www.wikidata.org/entity/Q116723097,Amazon Maryland DCA1,Solar power station,39.222576,-76.46901
United States,Q30,http://www.wikidata.org/entity/Q116723172,Union Springs Solar Center,Solar power station,29.97397,-82.30099
United States,Q30,http://www.wikidata.org/entity/Q116723346,Syncarpha Puddon I Hybrid CSG,Solar power station,42.139492,-71.63313
United States,Q30,http://www.wikidata.org/entity/Q116723024,"Ajax Solar, LLC (MA)",Solar power station,42.018945,-71.05857
United States,Q30,http://www.wikidata.org/entity/Q116723165,Orange Blossom Solar Center,Solar power station,27.59686,-80.57071
United States,Q30,http://www.wikidata.org/entity/Q116723193,Starratt Solar,Solar power station,30.494361,-81.60056
United States,Q30,http://www.wikidata.org/entity/Q116723159,Trailside Solar Center,Solar power station,29.774987,-81.42785
United States,Q30,http://www.wikidata.org/entity/Q116723368,Whitetail Solar 3,Solar power station,39.87817,-77.76914
United States,Q30,http://www.wikidata.org/entity/Q116723357,Turquoise Liberty Solar,Solar power station,39.59,-119.52
United States,Q30,http://www.wikidata.org/entity/Q116723022,"GSPP Raynham TMLP, LLC CSG",Solar power station,41.930445,-71.06043
United States,Q30,http://www.wikidata.org/entity/Q116723032,Hickory Grove #1,Solar power station,42.186827,-76.84506
United States,Q30,http://www.wikidata.org/entity/Q116723153,Kearsarge Gill,Solar power station,42.671105,-72.47749
United States,Q30,http://www.wikidata.org/entity/Q116723078,Elroy Solar,Solar power station,43.732,-90.025
United States,Q30,http://www.wikidata.org/entity/Q116723174,Pelican Solar Center,Solar power station,27.522,-80.54726
United States,Q30,http://www.wikidata.org/entity/Q116723213,Badger Hollow I,Solar power station,42.94556,-90.34942
United States,Q30,http://www.wikidata.org/entity/Q116723161,Rodeo Solar Center,Solar power station,27.32063,-81.81024
United States,Q30,http://www.wikidata.org/entity/Q116723361,Novel Jewison Solar CSG,Solar power station,44.21,-93.66
United States,Q30,http://www.wikidata.org/entity/Q116723140,Milhurst Solar,Solar power station,40.254975,-74.38083
United States,Q30,http://www.wikidata.org/entity/Q116723104,Columbia Bryson,Solar power station,33.429859,-82.196
United States,Q30,http://www.wikidata.org/entity/Q116723158,Magnolia Springs Solar Center,Solar power station,29.89857,-81.69333
United States,Q30,http://www.wikidata.org/entity/Q116723137,Windsor Floating Solar,Solar power station,38.53917,-122.8151
United States,Q30,http://www.wikidata.org/entity/Q116723144,Augusta Solar Farm,Solar power station,41.099995,-74.73103
United States,Q30,http://www.wikidata.org/entity/Q116723114,Troup RC50,Solar power station,32.895935,-84.84948
United States,Q30,http://www.wikidata.org/entity/Q116723341,Novel Reber Solar CSG,Solar power station,45.61,-94.58
United States,Q30,http://www.wikidata.org/entity/Q116723347,Syncarpha Puddon II Hybrid CSG,Solar power station,42.133867,-71.63105
United States,Q30,http://www.wikidata.org/entity/Q116723168,Palm Bay Solar,Solar power station,27.8421,-80.63155
United States,Q30,http://www.wikidata.org/entity/Q116723126,Prairie Wolf Solar LLC,Solar power station,39.544605,-87.97198
United States,Q30,http://www.wikidata.org/entity/Q116723363,Novel Kanewischer Solar CSG,Solar power station,44.05,-93.5
United States,Q30,http://www.wikidata.org/entity/Q116723170,Lakeside Solar Center,Solar power station,27.21421,-80.74458
United States,Q30,http://www.wikidata.org/entity/Q116723353,Syncarpha Northampton Hybrid CSG,Solar power station,42.290526,-72.70944
United States,Q30,http://www.wikidata.org/entity/Q116723338,Whitehorn Solar,Solar power station,36.931378,-79.35874
United States,Q30,http://www.wikidata.org/entity/Q116723142,Day Four Solar LLC,Solar power station,40.053,-74.556
United States,Q30,http://www.wikidata.org/entity/Q116723352,Syncarpha Blandford Hybrid CSG,Solar power station,42.213074,-72.93886
United States,Q30,http://www.wikidata.org/entity/Q116723027,GSPP Held LLC CSG,Solar power station,45.52677,-94.28475
United States,Q30,http://www.wikidata.org/entity/Q116723362,Novel Byron Solar CSG,Solar power station,44.01,-92.62
United States,Q30,http://www.wikidata.org/entity/Q116723073,Chambers Road Solar,Solar power station,42.187443,-76.89439
United States,Q30,http://www.wikidata.org/entity/Q116723343,Novel Herber Solar CSG,Solar power station,44.106728,-91.88734
United States,Q30,http://www.wikidata.org/entity/Q116723360,Novel Pederson Solar CSG,Solar power station,45.61,-94.06
United States,Q30,http://www.wikidata.org/entity/Q116723118,Freeman Avenue,Solar power station,32.182026,-84.14762
United States,Q30,http://www.wikidata.org/entity/Q116723340,Novel Brooten Solar CSG,Solar power station,45.512612,-95.11354
United States,Q30,http://www.wikidata.org/entity/Q116723083,St. Charles Solar,Solar power station,43.976,-92.032
United States,Q30,http://www.wikidata.org/entity/Q116723139,NorthPark Solar,Solar power station,40.257726,-74.44197
United States,Q30,http://www.wikidata.org/entity/Q116723350,Syncarpha Halifax Hybrid CSG,Solar power station,41.983721,-70.85683
United States,Q30,http://www.wikidata.org/entity/Q116723085,Gardner - Otter River Road,Solar power station,42.603029,-72.03918
United States,Q30,http://www.wikidata.org/entity/Q116723035,Hickory Grove #2,Solar power station,42.186,-76.845
United States,Q30,http://www.wikidata.org/entity/Q116723359,Novel Schmoll Farms Solar CSG,Solar power station,43.97,-92.86
United States,Q30,http://www.wikidata.org/entity/Q116723203,Dickinson Solar,Solar power station,40.1976,-77.2197
United States,Q30,http://www.wikidata.org/entity/Q116723207,Bluestone Solar,Solar power station,36.811533,-78.48391
United States,Q30,http://www.wikidata.org/entity/Q116723354,Syncarpha Northbridge I Hybrid(CSG),Solar power station,42.11239,-71.64826
United States,Q30,http://www.wikidata.org/entity/Q116723122,GSPP Boxborough Littleton (MA),Solar power station,42.485559,-71.54086
United States,Q30,http://www.wikidata.org/entity/Q116723133,Somerville Solar,Solar power station,35.22492,-89.35083
United States,Q30,http://www.wikidata.org/entity/Q116723351,Syncarpha Millbury Hybrid (CSG),Solar power station,42.175203,-71.79303
United States,Q30,http://www.wikidata.org/entity/Q116723057,Fennimore Solar,Solar power station,42.971,-90.662
United States,Q30,http://www.wikidata.org/entity/Q116723029,GSPP Imholte CSG,Solar power station,45.557945,-94.16324
United States,Q30,http://www.wikidata.org/entity/Q116723348,Syncarpha Westminster Hybrid CSG,Solar power station,42.593028,-71.86582
United States,Q30,http://www.wikidata.org/entity/Q116723056,ENGIE Long Draw Solar LLC,Solar power station,32.741383,-101.6218
United States,Q30,http://www.wikidata.org/entity/Q116723075,Forest City Solar,Solar power station,43.276,-93.629
United States,Q30,http://www.wikidata.org/entity/Q116723349,Syncarpha Leicester Hybrid CSG,Solar power station,42.254281,-71.88788
United States,Q30,http://www.wikidata.org/entity/Q116723337,DG Infineum,Solar power station,40.640209,-74.23488
United States,Q30,http://www.wikidata.org/entity/Q116723175,Egret Solar Center,Solar power station,30.28251,-82.18378
United States,Q30,http://www.wikidata.org/entity/Q116723356,Novel DeCook Solar CSG,Solar power station,44.012841,-92.62699
United States,Q30,http://www.wikidata.org/entity/Q116723052,Nextsun Energy Littleton,Solar power station,42.551461,-71.51018
United States,Q30,http://www.wikidata.org/entity/Q116723211,Griffin Solar,Solar power station,31.474114,-97.14122
United States,Q30,http://www.wikidata.org/entity/Q116723208,Hawtree Solar,Solar power station,36.533,-78.105
United States,Q30,http://www.wikidata.org/entity/Q116723196,DG AMP 1048 Wadsworth,Solar power station,41.012786,-81.76434
United States,Q30,http://www.wikidata.org/entity/Q116723059,New Lisbon Solar,Solar power station,43.883,-90.136
United States,Q30,http://www.wikidata.org/entity/Q116723070,Cashton Solar,Solar power station,43.737,-90.805
United States,Q30,http://www.wikidata.org/entity/Q116723107,Muscogee Public Works,Solar power station,32.49375,-84.86133
United States,Q30,http://www.wikidata.org/entity/Q116723026,TWE Bowman Solar Project,Solar power station,33.316159,-80.68244
United States,Q30,http://www.wikidata.org/entity/Q116723042,Podunk Road CSG,Solar power station,42.46806,-76.65289
United States,Q30,http://www.wikidata.org/entity/Q116723061,Cumberland Solar,Solar power station,45.511,-92.025
United States,Q30,http://www.wikidata.org/entity/Q116723155,Solar Hagerstown,Solar power station,39.64913,-77.67837
United States,Q30,http://www.wikidata.org/entity/Q116723054,Garnet Solar (NY),Solar power station,43.723851,-74.06238
United States,Q30,http://www.wikidata.org/entity/Q116723179,City of Pratt Solar,Solar power station,37.710556,-98.72093
United States,Q30,http://www.wikidata.org/entity/Q116723180,Oberon IB,Solar power station,31.692358,-102.6974
United States,Q30,http://www.wikidata.org/entity/Q116723205,NASA Wallops Flight Facility Solar,Solar power station,37.938056,-75.47361
United States,Q30,http://www.wikidata.org/entity/Q116723102,McCleskey Cotton,Solar power station,31.825063,-84.38558
United States,Q30,http://www.wikidata.org/entity/Q116723366,Whitetail Solar 1,Solar power station,40.904211,-77.81422
United States,Q30,http://www.wikidata.org/entity/Q116723182,Oberon IA,Solar power station,31.703258,-102.7012
United States,Q30,http://www.wikidata.org/entity/Q116723201,Fighting Jays Solar Project,Solar power station,29.358425,-95.74639
United States,Q30,http://www.wikidata.org/entity/Q116723116,Wilkinson DeFore,Solar power station,32.879593,-83.32099
United States,Q30,http://www.wikidata.org/entity/Q116723130,Town of Burrillville Solar CSG,Solar power station,41.954239,-71.6612
United States,Q30,http://www.wikidata.org/entity/Q116723113,Richmond Hayes Solar,Solar power station,33.364,-82.022
United States,Q30,http://www.wikidata.org/entity/Q116723105,Bibb Jones,Solar power station,32.777747,-83.75616
United States,Q30,http://www.wikidata.org/entity/Q116723355,Syncarpha Northbridge II Hybrid CSG,Solar power station,42.115652,-71.64405
United States,Q30,http://www.wikidata.org/entity/Q116723039,Hastings Community Solar Farm,Solar power station,40.602,-98.437
United States,Q30,http://www.wikidata.org/entity/Q116723194,DG AMP Rittman Rd,Solar power station,41.000755,-81.75074
United States,Q30,http://www.wikidata.org/entity/Q116723339,Kimberly-Clark Solar,Solar power station,33.0,-85.034
United States,Q30,http://www.wikidata.org/entity/Q116723156,Nassau Solar Center,Solar power station,30.50391,-81.88411
United States,Q30,http://www.wikidata.org/entity/Q116723109,Oil Dri 2 Solar,Solar power station,30.991,-84.066
United States,Q30,http://www.wikidata.org/entity/Q116720466,"BG Stewart Solar Farm, LLC",Solar power station,34.970486,-80.38962
United States,Q30,http://www.wikidata.org/entity/Q116720485,Milford 2,Solar power station,38.388243,-112.9908
United States,Q30,http://www.wikidata.org/entity/Q116720377,"Copper Mountain Solar 4, LLC",Solar power station,35.78222,-114.9754
United States,Q30,http://www.wikidata.org/entity/Q116720391,Laurinburg Solar,Solar power station,34.756481,-79.43024
United States,Q30,http://www.wikidata.org/entity/Q116720456,Crestwood Solar Center LLC,Solar power station,36.353533,-78.58421
United States,Q30,http://www.wikidata.org/entity/Q116720380,Concord Farm,Solar power station,35.444235,-80.66364
United States,Q30,http://www.wikidata.org/entity/Q116720393,Newton Grove,Solar power station,35.251628,-78.36744
United States,Q30,http://www.wikidata.org/entity/Q116720465,"Cline Solar Farm, LLC",Solar power station,35.72,-81.417
United States,Q30,http://www.wikidata.org/entity/Q116720409,Watervliet PV,Solar power station,42.19,-86.23
United States,Q30,http://www.wikidata.org/entity/Q116720412,"SoINCPower6, LLC",Solar power station,36.443,-76.581
United States,Q30,http://www.wikidata.org/entity/Q116720361,Upper Blackstone (MA) Treasure Valley,Solar power station,42.332831,-71.98763
United States,Q30,http://www.wikidata.org/entity/Q116720355,Adams Farm Solar,Solar power station,42.6,-72.2
United States,Q30,http://www.wikidata.org/entity/Q116720417,Fort Benning Solar Facility,Solar power station,32.352369,-84.96882
United States,Q30,http://www.wikidata.org/entity/Q116720414,Johnston Solar,Solar power station,41.800906,-71.55947
United States,Q30,http://www.wikidata.org/entity/Q116720400,Georgia Power at Wadley GA,Solar power station,32.883,-82.41
United States,Q30,http://www.wikidata.org/entity/Q116720487,North Lancaster Ranch,Solar power station,34.719538,-118.313
United States,Q30,http://www.wikidata.org/entity/Q116720401,Munich Re Plaza,Solar power station,40.350341,-74.59268
United States,Q30,http://www.wikidata.org/entity/Q116720349,TIA Solar,Solar power station,27.965797,-82.53282
United States,Q30,http://www.wikidata.org/entity/Q116720448,Western Branch High School,Solar power station,36.848105,-76.40714
United States,Q30,http://www.wikidata.org/entity/Q116720382,Hunt Farm Solar,Solar power station,42.553732,-72.29972
United States,Q30,http://www.wikidata.org/entity/Q116720437,Butler Solar Farm 20,Solar power station,32.575542,-84.31655
United States,Q30,http://www.wikidata.org/entity/Q116720425,UC Davis South Campus,Solar power station,38.55,-121.75
United States,Q30,http://www.wikidata.org/entity/Q116720457,Oro Loma,Solar power station,36.876847,-120.6676
United States,Q30,http://www.wikidata.org/entity/Q116720376,Rockfish Solar LLC,Solar power station,38.591545,-76.87486
United States,Q30,http://www.wikidata.org/entity/Q116720419,Kings Bay Solar Facility,Solar power station,30.827627,-81.55624
United States,Q30,http://www.wikidata.org/entity/Q116720410,OlivePV,Solar power station,41.7,-86.49
United States,Q30,http://www.wikidata.org/entity/Q116720442,"Choco Solar, LLC",Solar power station,35.482032,-77.11307
United States,Q30,http://www.wikidata.org/entity/Q116720397,Spring Hill Road,Solar power station,42.419036,-72.18065
United States,Q30,http://www.wikidata.org/entity/Q116720386,Sweetgum Solar,Solar power station,35.458333,-79.18111
United States,Q30,http://www.wikidata.org/entity/Q116720436,"Beaufort Solar, LLC",Solar power station,35.456,-77.134
United States,Q30,http://www.wikidata.org/entity/Q116720471,RE Tranquillity,Solar power station,36.581365,-120.4045
United States,Q30,http://www.wikidata.org/entity/Q116720422,Lockheed Martin Solar System,Solar power station,28.0479,-82.6853
United States,Q30,http://www.wikidata.org/entity/Q116720418,Fort Gordon Solar Facility,Solar power station,33.386625,-82.14012
United States,Q30,http://www.wikidata.org/entity/Q116720432,Windhub Solar A LLC,Solar power station,35.0199,-118.2879
United States,Q30,http://www.wikidata.org/entity/Q116720404,Pikes Peak Solar Garden 1 LLC CSG,Solar power station,38.7745,-104.7458
United States,Q30,http://www.wikidata.org/entity/Q116720483,ESA Selma,Solar power station,35.5262,-78.2898
United States,Q30,http://www.wikidata.org/entity/Q116720453,Philip Morris,Solar power station,37.341838,-77.28703
United States,Q30,http://www.wikidata.org/entity/Q116720390,Royal Solar,Solar power station,35.216,-78.689
United States,Q30,http://www.wikidata.org/entity/Q116720398,General Motors Corp at White Marsh MD,Solar power station,39.3716,-76.4405
United States,Q30,http://www.wikidata.org/entity/Q116720405,Adams Community Solar Garden LLC,Solar power station,39.7876,-104.5859
United States,Q30,http://www.wikidata.org/entity/Q116720388,Sunshine Valley Solar,Solar power station,36.518,-116.497
United States,Q30,http://www.wikidata.org/entity/Q116720367,Kelford,Solar power station,36.154227,-77.2185
United States,Q30,http://www.wikidata.org/entity/Q116720438,Pawpaw Solar Plant,Solar power station,32.572875,-84.25678
United States,Q30,http://www.wikidata.org/entity/Q116720458,SunE- E Philadelphia Ontario,Solar power station,34.03527,-117.5341
United States,Q30,http://www.wikidata.org/entity/Q116720359,Davis Monthan AFB (AZ) West Airfield,Solar power station,32.17356,-110.8997
United States,Q30,http://www.wikidata.org/entity/Q116720441,"SunEnergy1-Scotland Neck, LLC",Solar power station,36.124961,-77.40909
United States,Q30,http://www.wikidata.org/entity/Q116720411,Deer Creek PV,Solar power station,40.51,-85.64
United States,Q30,http://www.wikidata.org/entity/Q116720449,Merck,Solar power station,38.383222,-78.64369
United States,Q30,http://www.wikidata.org/entity/Q116720462,South Campus Solar,Solar power station,39.781498,-75.54839
United States,Q30,http://www.wikidata.org/entity/Q116720364,Fiddler's Canyon #2,Solar power station,37.794678,-113.2837
United States,Q30,http://www.wikidata.org/entity/Q116720486,Western Antelope Blue Sky B,Solar power station,34.73206,-118.3136
United States,Q30,http://www.wikidata.org/entity/Q116720381,Mohave Electric at Fort Mohave,Solar power station,34.9843,-114.5565
United States,Q30,http://www.wikidata.org/entity/Q116720468,Soluga Farms IV,Solar power station,35.21871,-78.66948
United States,Q30,http://www.wikidata.org/entity/Q116720451,Mount Olive Solar,Solar power station,35.18,-78.098
United States,Q30,http://www.wikidata.org/entity/Q116720357,RGS-Rutland VNM SREC II Project (MA),Solar power station,42.43177,-71.97819
United States,Q30,http://www.wikidata.org/entity/Q116720428,Marshall Solar Energy Project,Solar power station,44.475314,-95.66901
United States,Q30,http://www.wikidata.org/entity/Q116720443,Corcoran Solar 3,Solar power station,36.15042,-119.5854
United States,Q30,http://www.wikidata.org/entity/Q116720416,Twin Branch PV,Solar power station,41.69,-86.12
United States,Q30,http://www.wikidata.org/entity/Q116720454,Freemont Solar Center LLC,Solar power station,35.427587,-80.99722
United States,Q30,http://www.wikidata.org/entity/Q116720459,Pollocksville Solar,Solar power station,34.998,-77.219
United States,Q30,http://www.wikidata.org/entity/Q116720444,Albertson Solar LLC,Solar power station,35.093021,-77.81267
United States,Q30,http://www.wikidata.org/entity/Q116720383,205 Sturbridge A,Solar power station,42.109272,-72.17051
United States,Q30,http://www.wikidata.org/entity/Q116720429,Marine Corps Logistics Base Solar,Solar power station,31.560729,-84.09326
United States,Q30,http://www.wikidata.org/entity/Q116720413,"SoINCPower5, LLC",Solar power station,36.052801,-77.76246
United States,Q30,http://www.wikidata.org/entity/Q116720348,Chester Solar Farm,Solar power station,42.312,-72.949
United States,Q30,http://www.wikidata.org/entity/Q116720389,Balsam,Solar power station,35.458889,-79.17389
United States,Q30,http://www.wikidata.org/entity/Q116720365,Fiddler's Canyon #1,Solar power station,37.750268,-113.2537
United States,Q30,http://www.wikidata.org/entity/Q116720406,Adams Community Solar Garden III LLC,Solar power station,39.7867,-104.5877
United States,Q30,http://www.wikidata.org/entity/Q116720350,IMPA Pendleton Solar Park,Solar power station,39.988564,-85.77086
United States,Q30,http://www.wikidata.org/entity/Q116720464,Hunt Road Solar,Solar power station,42.829833,-70.96021
United States,Q30,http://www.wikidata.org/entity/Q116720434,Kings Park Solar I,Solar power station,40.868294,-73.24928
United States,Q30,http://www.wikidata.org/entity/Q116720435,Kings Park Solar II,Solar power station,40.868294,-73.24928
United States,Q30,http://www.wikidata.org/entity/Q116720420,Fort Stewart Solar Facility,Solar power station,31.90474,-81.59537
United States,Q30,http://www.wikidata.org/entity/Q116720461,Lillington Solar,Solar power station,35.368,-78.801
United States,Q30,http://www.wikidata.org/entity/Q116720426,Lowell Solar Landfill,Solar power station,42.626473,-71.35794
United States,Q30,http://www.wikidata.org/entity/Q116720474,SR Camden,Solar power station,33.631538,-92.70361
United States,Q30,http://www.wikidata.org/entity/Q116720407,Great Bay Solar 1,Solar power station,38.168889,-75.6975
United States,Q30,http://www.wikidata.org/entity/Q116720408,North Star Solar Project,Solar power station,45.47,-92.91
United States,Q30,http://www.wikidata.org/entity/Q116720421,Palmer Solar LLC,Solar power station,42.187176,-72.36558
United States,Q30,http://www.wikidata.org/entity/Q116720392,Indy Grocers,Solar power station,39.737936,-86.23773
United States,Q30,http://www.wikidata.org/entity/Q116720351,Jefferson Solar Park,Solar power station,43.0146,-88.7992
United States,Q30,http://www.wikidata.org/entity/Q116720423,Kingbird A Solar LLC,Solar power station,34.819,-118.432
United States,Q30,http://www.wikidata.org/entity/Q116720424,"Little Bear Solar 1, LLC",Solar power station,36.716,-120.415
United States,Q30,http://www.wikidata.org/entity/Q116720399,CNE at Cambridge MD,Solar power station,38.5158,-76.0192
United States,Q30,http://www.wikidata.org/entity/Q116720433,North Rosamond Solar LLC,Solar power station,34.862,-118.38
United States,Q30,http://www.wikidata.org/entity/Q116720469,"Coats Solar Farm, LLC",Solar power station,35.414507,-78.69058
United States,Q30,http://www.wikidata.org/entity/Q116720472,"Great Valley Solar Portfolio Holdings, LLC",Solar power station,36.581182,-120.3796
United States,Q30,http://www.wikidata.org/entity/Q116720358,Eden Solar LLC,Solar power station,35.148503,-79.63637
United States,Q30,http://www.wikidata.org/entity/Q116720427,Richland Solar Center,Solar power station,32.638034,-83.37892
United States,Q30,http://www.wikidata.org/entity/Q116720452,"KDC Solar PR1, LLC",Solar power station,40.136696,-74.43967
United States,Q30,http://www.wikidata.org/entity/Q116720482,ESA Smithfield,Solar power station,35.48835,-78.31975
United States,Q30,http://www.wikidata.org/entity/Q116720384,201 Sturbridge B,Solar power station,42.109143,-72.17119
United States,Q30,http://www.wikidata.org/entity/Q116720460,Nellis Solar PV II,Solar power station,36.206672,-115.0477
United States,Q30,http://www.wikidata.org/entity/Q116720360,New Bedford (MA) Plymouth,Solar power station,41.925352,-70.64903
United States,Q30,http://www.wikidata.org/entity/Q116720478,Five Forks Solar,Solar power station,36.515544,-78.0337
United States,Q30,http://www.wikidata.org/entity/Q116720439,Butler Solar Project 103,Solar power station,32.561944,-84.27583
United States,Q30,http://www.wikidata.org/entity/Q116720440,Taylor County Solar,Solar power station,32.583056,-84.29722
United States,Q30,http://www.wikidata.org/entity/Q116720477,Yadkinville Solar,Solar power station,36.13727,-80.59601
United States,Q30,http://www.wikidata.org/entity/Q116720481,Osceola Solar Facility,Solar power station,28.058078,-81.24168
United States,Q30,http://www.wikidata.org/entity/Q116720385,INDY III,Solar power station,39.722966,-86.31447
United States,Q30,http://www.wikidata.org/entity/Q116721269,Bridgewater Solar CSG,Solar power station,41.964116,-70.97193
United States,Q30,http://www.wikidata.org/entity/Q116721324,Eichtens Community Solar,Solar power station,45.382662,-92.77254
United States,Q30,http://www.wikidata.org/entity/Q116721312,"McGoogan Farm, LLC",Solar power station,34.888736,-79.06271
United States,Q30,http://www.wikidata.org/entity/Q116721321,"PVN Milliken, LLC",Solar power station,34.038433,-117.5658
United States,Q30,http://www.wikidata.org/entity/Q116721275,Wilmington Solar,Solar power station,42.546281,-71.17528
United States,Q30,http://www.wikidata.org/entity/Q116721306,Adams Ave MS and HS,Solar power station,39.411372,-74.53087
United States,Q30,http://www.wikidata.org/entity/Q116721210,Brookfield Solar 2013 LLC,Solar power station,42.25609,-72.06788
United States,Q30,http://www.wikidata.org/entity/Q116721313,Royal Wine Corp Solar Power Plant,Solar power station,40.66362,-74.10018
United States,Q30,http://www.wikidata.org/entity/Q116721256,Paynesville Community Solar,Solar power station,45.402543,-94.71547
United States,Q30,http://www.wikidata.org/entity/Q116721264,Xcel Adams 2 Community Solar Array,Solar power station,39.784937,-104.5834
United States,Q30,http://www.wikidata.org/entity/Q116721272,Brickyard Solar,Solar power station,40.189425,-74.15448
United States,Q30,http://www.wikidata.org/entity/Q116721259,Weld 1 Community Solar Array,Solar power station,40.232146,-104.7919
United States,Q30,http://www.wikidata.org/entity/Q116721201,Innovative Solar 42,Solar power station,34.847627,-78.87736
United States,Q30,http://www.wikidata.org/entity/Q116721252,Chisago Community Solar,Solar power station,45.413357,-92.68296
United States,Q30,http://www.wikidata.org/entity/Q116721298,"Roper Farm, LLC",Solar power station,35.187475,-81.44072
United States,Q30,http://www.wikidata.org/entity/Q116721192,Shirley Water,Solar power station,42.554584,-71.62348
United States,Q30,http://www.wikidata.org/entity/Q116721294,Meadow Solar,Solar power station,42.230095,-71.13334
United States,Q30,http://www.wikidata.org/entity/Q116721286,Seabrook Village,Solar power station,40.234177,-74.08723
United States,Q30,http://www.wikidata.org/entity/Q116721189,Little Bay,Solar power station,41.799201,-71.43605
United States,Q30,http://www.wikidata.org/entity/Q116721253,Ursa Community Solar,Solar power station,44.671581,-93.08256
United States,Q30,http://www.wikidata.org/entity/Q116721318,"Williamston Speight Solar, LLC",Solar power station,35.887545,-77.1642
United States,Q30,http://www.wikidata.org/entity/Q116721301,Victory Solar LLC,Solar power station,39.795,-104.433
United States,Q30,http://www.wikidata.org/entity/Q116721273,Bordentown Solar,Solar power station,40.0389,-74.7766
United States,Q30,http://www.wikidata.org/entity/Q116721287,Simcoe Solar,Solar power station,43.288439,-115.9554
United States,Q30,http://www.wikidata.org/entity/Q116721314,"Barnhill Road Solar, LLC",Solar power station,36.269175,-76.29947
United States,Q30,http://www.wikidata.org/entity/Q116721319,Suwannee Solar Facility,Solar power station,30.376254,-83.17411
United States,Q30,http://www.wikidata.org/entity/Q116721179,Hertford Solar Farm,Solar power station,36.13026,-76.49092
United States,Q30,http://www.wikidata.org/entity/Q116721185,"Bizzell Church Solar 1, LLC",Solar power station,35.549401,-78.17986
United States,Q30,http://www.wikidata.org/entity/Q116721274,Longview Solar,Solar power station,38.394728,-75.67272
United States,Q30,http://www.wikidata.org/entity/Q116721247,Airport 1 Solar (DIA),Solar power station,39.899444,-104.6753
United States,Q30,http://www.wikidata.org/entity/Q116721267,Howell Solar,Solar power station,40.147009,-74.16752
United States,Q30,http://www.wikidata.org/entity/Q116721276,Church Hill,Solar power station,39.100947,-75.95968
United States,Q30,http://www.wikidata.org/entity/Q116721309,Community Foodbank of NJ,Solar power station,40.697259,-74.21224
United States,Q30,http://www.wikidata.org/entity/Q116721296,Freeze Solar,Solar power station,40.376292,-74.52785
United States,Q30,http://www.wikidata.org/entity/Q116721208,Summit Farms Solar,Solar power station,36.4765,-76.136
United States,Q30,http://www.wikidata.org/entity/Q116721199,Eastwood Solar,Solar power station,44.154526,-93.91656
United States,Q30,http://www.wikidata.org/entity/Q116721183,Warbler Holdings,Solar power station,35.318824,-81.62393
United States,Q30,http://www.wikidata.org/entity/Q116721305,Timber Creek HS,Solar power station,39.760172,-75.01479
United States,Q30,http://www.wikidata.org/entity/Q116721244,Colon PV,Solar power station,33.792694,-118.2524
United States,Q30,http://www.wikidata.org/entity/Q116721200,Montrose Solar,Solar power station,45.055628,-93.92281
United States,Q30,http://www.wikidata.org/entity/Q116721290,Gloucester Community College Solar,Solar power station,39.780789,-75.12289
United States,Q30,http://www.wikidata.org/entity/Q116721285,Silvi Gibraltar Rock,Solar power station,40.450916,-74.71708
United States,Q30,http://www.wikidata.org/entity/Q116721193,Westside Avenue,Solar power station,40.814092,-74.02133
United States,Q30,http://www.wikidata.org/entity/Q116721205,CoTAL Solar Farm,Solar power station,30.37926,-84.35394
United States,Q30,http://www.wikidata.org/entity/Q116721279,Pittsgrove Solar,Solar power station,39.539042,-75.17934
United States,Q30,http://www.wikidata.org/entity/Q116721311,"Hew Fulton Farm, LLC",Solar power station,34.784039,-79.47454
United States,Q30,http://www.wikidata.org/entity/Q116721327,South Atlantic Services Solar Farm I,Solar power station,34.290189,-77.97567
United States,Q30,http://www.wikidata.org/entity/Q116721254,Sunrise Community Solar,Solar power station,45.474994,-92.89109
United States,Q30,http://www.wikidata.org/entity/Q116721177,"Shoe Creek Solar, LLC",Solar power station,34.84492,-79.38472
United States,Q30,http://www.wikidata.org/entity/Q116721325,Red Wing Community Solar,Solar power station,44.53509,-92.51608
United States,Q30,http://www.wikidata.org/entity/Q116721295,Cedarville CSG,Solar power station,41.802697,-70.54981
United States,Q30,http://www.wikidata.org/entity/Q116721197,Seminole,Solar power station,31.065112,-84.9317
United States,Q30,http://www.wikidata.org/entity/Q116721308,Deerfield CSG Solar,Solar power station,42.56288,-72.58919
United States,Q30,http://www.wikidata.org/entity/Q116721291,Shirley Landfill,Solar power station,42.54171,-71.67636
United States,Q30,http://www.wikidata.org/entity/Q116721176,NHA at Mansfield NJ,Solar power station,40.76,-74.935
United States,Q30,http://www.wikidata.org/entity/Q116721191,SR Skylark B,Solar power station,40.579472,-104.8957
United States,Q30,http://www.wikidata.org/entity/Q116721329,Catawba Solar LLC,Solar power station,35.61,-80.53
United States,Q30,http://www.wikidata.org/entity/Q116721266,East Orange Solar,Solar power station,40.747582,-74.33576
United States,Q30,http://www.wikidata.org/entity/Q116721202,Tri-County Solar Facility,Solar power station,33.308113,-83.3896
United States,Q30,http://www.wikidata.org/entity/Q116721300,Holland Solar,Solar power station,40.599743,-75.10862
United States,Q30,http://www.wikidata.org/entity/Q116721270,Holliston Solar CSG,Solar power station,42.169641,-71.46822
United States,Q30,http://www.wikidata.org/entity/Q116721292,DDR Shoppers World,Solar power station,42.300745,-71.39623
United States,Q30,http://www.wikidata.org/entity/Q116721243,Ahoskie,Solar power station,36.306369,-76.99314
United States,Q30,http://www.wikidata.org/entity/Q116721302,L'Oreal Franklin,Solar power station,40.487906,-74.52137
United States,Q30,http://www.wikidata.org/entity/Q116721315,"Leggett Solar, LLC",Solar power station,36.058,-77.623
United States,Q30,http://www.wikidata.org/entity/Q116721261,Logan 1 Community Solar Array,Solar power station,40.609968,-103.1451
United States,Q30,http://www.wikidata.org/entity/Q116721211,WYM 1250 Palmer LLC,Solar power station,42.151092,-72.26974
United States,Q30,http://www.wikidata.org/entity/Q116721257,Orion Community Solar,Solar power station,45.587899,-94.40144
United States,Q30,http://www.wikidata.org/entity/Q116721174,ILR Landfill,Solar power station,40.470539,-74.38362
United States,Q30,http://www.wikidata.org/entity/Q116721280,Old Midville Solar,Solar power station,32.820676,-81.98176
United States,Q30,http://www.wikidata.org/entity/Q116721283,SEPV Imperial Dixieland West,Solar power station,32.79411,-115.7793
United States,Q30,http://www.wikidata.org/entity/Q116721262,Conejos 1 Community Solar Array,Solar power station,37.195886,-105.9824
United States,Q30,http://www.wikidata.org/entity/Q116721293,Spartan,Solar power station,40.047769,-74.61646
United States,Q30,http://www.wikidata.org/entity/Q116721263,Arapahoe 3 Community Solar Array,Solar power station,39.638358,-104.6742
United States,Q30,http://www.wikidata.org/entity/Q116721322,SunAnza,Solar power station,33.555267,-116.6396
United States,Q30,http://www.wikidata.org/entity/Q116721187,Rising Paper,Solar power station,42.228622,-73.34446
United States,Q30,http://www.wikidata.org/entity/Q116721304,Lower Cape May HS,Solar power station,38.976718,-74.90651
United States,Q30,http://www.wikidata.org/entity/Q116721209,Morin Solar 2013 LLC,Solar power station,42.166995,-72.1929
United States,Q30,http://www.wikidata.org/entity/Q116721303,L'Oreal Monmouth,Solar power station,40.400273,-74.50469
United States,Q30,http://www.wikidata.org/entity/Q116721184,"St. Pauls Solar 1, LLC",Solar power station,34.7716,-78.9836
United States,Q30,http://www.wikidata.org/entity/Q116721328,"Iron Horse Solar 4, LLC",Solar power station,42.580047,-71.26033
United States,Q30,http://www.wikidata.org/entity/Q116721265,Xcel Adams 1 Community Solar Array,Solar power station,39.765479,-104.5886
United States,Q30,http://www.wikidata.org/entity/Q116721307,Phantom Solar,Solar power station,31.114983,-97.84511
United States,Q30,http://www.wikidata.org/entity/Q116721181,RE Garland A,Solar power station,34.821453,-118.4974
United States,Q30,http://www.wikidata.org/entity/Q116721186,"Roswell Solar, LLC",Solar power station,33.45293,-104.4611
United States,Q30,http://www.wikidata.org/entity/Q116721277,Fall River Solar CSG,Solar power station,41.751347,-71.11454
United States,Q30,http://www.wikidata.org/entity/Q116721188,Hampden,Solar power station,42.044663,-72.43875
United States,Q30,http://www.wikidata.org/entity/Q116721316,Jersey Holdings,Solar power station,34.564307,-79.03748
United States,Q30,http://www.wikidata.org/entity/Q116721284,SEPV Imperial Dixieland East,Solar power station,32.792038,-115.7734
United States,Q30,http://www.wikidata.org/entity/Q116721299,Pfizer Peapack Solar,Solar power station,40.711882,-74.66343
United States,Q30,http://www.wikidata.org/entity/Q116721278,DSM Solar,Solar power station,40.843699,-75.06516
United States,Q30,http://www.wikidata.org/entity/Q116721268,Raritan Solar,Solar power station,40.464221,-74.85788
United States,Q30,http://www.wikidata.org/entity/Q116721178,Sulphur Springs,Solar power station,32.0628,-109.9193
United States,Q30,http://www.wikidata.org/entity/Q116721310,"American Kings Solar, LLC",Solar power station,36.24,-119.898
United States,Q30,http://www.wikidata.org/entity/Q116721196,Greenville,Solar power station,33.045801,-84.71443
United States,Q30,http://www.wikidata.org/entity/Q116721320,Bluebell Solar,Solar power station,31.87,-100.828
United States,Q30,http://www.wikidata.org/entity/Q116721258,Northfield Community Solar,Solar power station,44.475433,-93.19831
United States,Q30,http://www.wikidata.org/entity/Q116721190,MEBA,Solar power station,38.772903,-76.13891
United States,Q30,http://www.wikidata.org/entity/Q116721255,Rosemount Community Solar,Solar power station,44.72241,-93.02291
United States,Q30,http://www.wikidata.org/entity/Q116721271,Frankford Solar,Solar power station,41.166566,-74.70165
United States,Q30,http://www.wikidata.org/entity/Q116722554,"Westminster Renewables, LLC CSG",Solar power station,42.583671,-71.89624
United States,Q30,http://www.wikidata.org/entity/Q116722530,"Maverick Solar, LLC",Solar power station,33.7,-115.38
United States,Q30,http://www.wikidata.org/entity/Q116722599,Founders Homestead Farms Solar,Solar power station,41.57677,-71.2782
United States,Q30,http://www.wikidata.org/entity/Q116722598,Richmond NMCA,Solar power station,41.440191,-71.71539
United States,Q30,http://www.wikidata.org/entity/Q116722498,"Rankin Solar Center, LLC",Solar power station,34.23453,-79.65515
United States,Q30,http://www.wikidata.org/entity/Q116722627,"Aulander Holloman Solar, LLC",Solar power station,36.29116,-77.06656
United States,Q30,http://www.wikidata.org/entity/Q116722605,Tedder Solar,Solar power station,34.301806,-79.92446
United States,Q30,http://www.wikidata.org/entity/Q116722633,Gloversville Landfill Solar,Solar power station,43.052981,-74.30836
United States,Q30,http://www.wikidata.org/entity/Q116722516,"Panda Solar NC 2, LLC",Solar power station,34.4384,-79.0847
United States,Q30,http://www.wikidata.org/entity/Q116722573,Oak Leaf Solar XXVI LLC,Solar power station,39.899,-104.659
United States,Q30,http://www.wikidata.org/entity/Q116722594,"Valentine Solar, LLC",Solar power station,34.90422,-118.3843
United States,Q30,http://www.wikidata.org/entity/Q116722521,Puller Solar,Solar power station,37.57245,-76.46734
United States,Q30,http://www.wikidata.org/entity/Q116722620,Blue Star,Solar power station,39.35,-75.85
United States,Q30,http://www.wikidata.org/entity/Q116722626,USS Kost Trail Solar CSG,Solar power station,45.468,-92.872
United States,Q30,http://www.wikidata.org/entity/Q116722591,Xebec 1,Solar power station,34.224041,-118.3929
United States,Q30,http://www.wikidata.org/entity/Q116722631,IKEA Norfolk Rooftop PV System,Solar power station,36.875877,-76.20094
United States,Q30,http://www.wikidata.org/entity/Q116722601,Woodleaf Solar Facility,Solar power station,35.724427,-80.60845
United States,Q30,http://www.wikidata.org/entity/Q116722540,RJC I CSG,Solar power station,44.125053,-93.27912
United States,Q30,http://www.wikidata.org/entity/Q116722583,Held Solar Project,Solar power station,45.5239,-94.2736
United States,Q30,http://www.wikidata.org/entity/Q116722565,Oak Leaf Solar XXV LLC (CSG),Solar power station,39.637,-104.529
United States,Q30,http://www.wikidata.org/entity/Q116722525,Sacket Lake Rd #2 Community Solar Farm,Solar power station,41.38251,-74.43526
United States,Q30,http://www.wikidata.org/entity/Q116722559,Oak Leaf Solar XXX LLC (CSG),Solar power station,37.453381,-105.878
United States,Q30,http://www.wikidata.org/entity/Q116722613,46 Meadowlands Parkway,Solar power station,40.78976,-74.07152
United States,Q30,http://www.wikidata.org/entity/Q116722546,Felton CSG PV1-5,Solar power station,44.541704,-92.97358
United States,Q30,http://www.wikidata.org/entity/Q116722612,Dynamic - Walpole,Solar power station,42.133208,-71.27195
United States,Q30,http://www.wikidata.org/entity/Q116722582,Plymouth Solar,Solar power station,41.94726,-70.68843
United States,Q30,http://www.wikidata.org/entity/Q116722622,USS Centerfield Solar CSG,Solar power station,44.529,-93.348
United States,Q30,http://www.wikidata.org/entity/Q116722575,Oak Leaf Solar XXIII LLC (CSG),Solar power station,39.80165,-104.6215
United States,Q30,http://www.wikidata.org/entity/Q116722561,NorWest Energy 9 LLC,Solar power station,45.917,-119.343
United States,Q30,http://www.wikidata.org/entity/Q116722570,Oak Leaf Solar XXXII (CSG),Solar power station,39.523,-107.815
United States,Q30,http://www.wikidata.org/entity/Q116722502,Riverhead Solar Farm,Solar power station,40.922992,-72.7645
United States,Q30,http://www.wikidata.org/entity/Q116722617,"Jamesville Road Solar, LLC",Solar power station,35.845354,-76.80149
United States,Q30,http://www.wikidata.org/entity/Q116722629,Weaver Solar,Solar power station,34.069422,-80.07847
United States,Q30,http://www.wikidata.org/entity/Q116722590,Frontier HS Solar Project,Solar power station,35.41824,-119.1489
United States,Q30,http://www.wikidata.org/entity/Q116722566,Target Woodland Solar Project,Solar power station,38.682746,-121.7235
United States,Q30,http://www.wikidata.org/entity/Q116722553,Hunterdon Health System Solar Project,Solar power station,40.652,-74.908
United States,Q30,http://www.wikidata.org/entity/Q116722615,"Synergen Panorama, LLC CSG",Solar power station,38.772107,-76.97338
United States,Q30,http://www.wikidata.org/entity/Q116722537,Porter Way Community Solar Garden,Solar power station,44.851028,-93.7784
United States,Q30,http://www.wikidata.org/entity/Q116722552,Oak Leaf Solar XXVII LLC,Solar power station,40.44,-104.64
United States,Q30,http://www.wikidata.org/entity/Q116722507,Nautilus Lindstrom Solar (CSG),Solar power station,45.336131,-92.81397
United States,Q30,http://www.wikidata.org/entity/Q116722588,Bly Solar Center,Solar power station,42.392193,-121.0245
United States,Q30,http://www.wikidata.org/entity/Q116722544,NIST Solar,Solar power station,39.127,-77.216
United States,Q30,http://www.wikidata.org/entity/Q116722558,Marshall Solar,Solar power station,34.371908,-80.02161
United States,Q30,http://www.wikidata.org/entity/Q116722499,USS Big Lake 1 Solar CSG,Solar power station,45.317071,-93.76493
United States,Q30,http://www.wikidata.org/entity/Q116722551,Warren Solar Farm LLC,Solar power station,35.252,-78.369
United States,Q30,http://www.wikidata.org/entity/Q116722604,IFF Union Beach Project,Solar power station,40.446574,-74.15463
United States,Q30,http://www.wikidata.org/entity/Q116722584,"NorWest Energy 4, LLC",Solar power station,42.695,-121.614
United States,Q30,http://www.wikidata.org/entity/Q116722616,"Mill Pond Solar, LLC",Solar power station,35.829426,-76.79076
United States,Q30,http://www.wikidata.org/entity/Q116722536,CED Foster,Solar power station,41.795,-71.787
United States,Q30,http://www.wikidata.org/entity/Q116722527,Boring Solar LLC,Solar power station,45.431,-122.285
United States,Q30,http://www.wikidata.org/entity/Q116722618,"Camden Dam Solar, LLC",Solar power station,36.311822,-76.12585
United States,Q30,http://www.wikidata.org/entity/Q116722564,Oak Leaf Solar XXXI LLC (CSG),Solar power station,39.145,-108.32
United States,Q30,http://www.wikidata.org/entity/Q116722542,North Gainesville Solar,Solar power station,33.656072,-97.14857
United States,Q30,http://www.wikidata.org/entity/Q116722611,Macy's MD Joppa Solar Project,Solar power station,39.44752,-76.32095
United States,Q30,http://www.wikidata.org/entity/Q116722571,Oak Leaf Solar XXII LLC (CSG),Solar power station,39.904373,-104.6848
United States,Q30,http://www.wikidata.org/entity/Q116722526,Meridian II,Solar power station,32.55332,-88.5804
United States,Q30,http://www.wikidata.org/entity/Q116722506,CSU Long Beach Lots 7 & 14,Solar power station,33.78104,-118.1136
United States,Q30,http://www.wikidata.org/entity/Q116722614,77 Metro Way,Solar power station,40.770516,-74.07224
United States,Q30,http://www.wikidata.org/entity/Q116722562,County of San Diego SBRC,Solar power station,32.63266,-117.0778
United States,Q30,http://www.wikidata.org/entity/Q116722589,Liberty HS Solar Project,Solar power station,35.364408,-119.1275
United States,Q30,http://www.wikidata.org/entity/Q116722568,Misae Solar,Solar power station,34.380532,-100.0996
United States,Q30,http://www.wikidata.org/entity/Q116722548,Gaines Solar,Solar power station,34.192353,-80.21853
United States,Q30,http://www.wikidata.org/entity/Q116722600,Mattas Farms,Solar power station,42.893714,-74.21625
United States,Q30,http://www.wikidata.org/entity/Q116722619,Sol Phoenix,Solar power station,38.85,-76.95
United States,Q30,http://www.wikidata.org/entity/Q116722563,Oak Leaf Solar XXI (CSG),Solar power station,39.638,-104.604
United States,Q30,http://www.wikidata.org/entity/Q116722523,MSC-Scandia01 CSG,Solar power station,45.289314,-92.88472
United States,Q30,http://www.wikidata.org/entity/Q116722580,Pittsfield 44 - M&W PV,Solar power station,42.487419,-73.21583
United States,Q30,http://www.wikidata.org/entity/Q116722508,Nautilus Saint Cloud Solar (CSG),Solar power station,45.495562,-94.11892
United States,Q30,http://www.wikidata.org/entity/Q116722497,Gavilan Community College Solar Project,Solar power station,37.003832,-121.5936
United States,Q30,http://www.wikidata.org/entity/Q116722547,Denmark Solar,Solar power station,33.347128,-81.14284
United States,Q30,http://www.wikidata.org/entity/Q116722593,Francisco St. Solar,Solar power station,33.8482,-118.3055
United States,Q30,http://www.wikidata.org/entity/Q116722512,SR Terrell,Solar power station,31.871387,-84.36195
United States,Q30,http://www.wikidata.org/entity/Q116722504,Hamilton Solar,Solar power station,41.657,-72.161
United States,Q30,http://www.wikidata.org/entity/Q116722634,USS King 2 CSG,Solar power station,44.848,-93.846
United States,Q30,http://www.wikidata.org/entity/Q116722560,"Burgaw Solar, LLC",Solar power station,34.536,-77.91168
United States,Q30,http://www.wikidata.org/entity/Q116722630,Yemassee Solar,Solar power station,32.705139,-80.90328
United States,Q30,http://www.wikidata.org/entity/Q116722608,Antelope Expansion 1B,Solar power station,34.71611,-118.2592
United States,Q30,http://www.wikidata.org/entity/Q116722503,Wilson Solar,Solar power station,41.656,-72.16
United States,Q30,http://www.wikidata.org/entity/Q116722518,"Panda Solar NC 7, LLC",Solar power station,35.121181,-78.20546
United States,Q30,http://www.wikidata.org/entity/Q116722513,Southampton Solar PV,Solar power station,42.2,-72.71
United States,Q30,http://www.wikidata.org/entity/Q116722501,Richmond Spider Solar,Solar power station,38.247123,-77.78622
United States,Q30,http://www.wikidata.org/entity/Q116722541,"Monroe County Sites C, D, & E",Solar power station,43.31879,-77.74021
United States,Q30,http://www.wikidata.org/entity/Q116722628,Trask East Solar,Solar power station,32.470606,-80.74819
United States,Q30,http://www.wikidata.org/entity/Q116722545,Randolph CSG PV1-5,Solar power station,44.527671,-92.97211
United States,Q30,http://www.wikidata.org/entity/Q116722510,Santa Rosa Junior College Petaluma Solar,Solar power station,38.46905,-122.7219
United States,Q30,http://www.wikidata.org/entity/Q116722524,Clif Bar Bakery of Twin Falls,Solar power station,42.540968,-114.4125
United States,Q30,http://www.wikidata.org/entity/Q116722515,University Park Solar,Solar power station,40.817019,-77.84412
United States,Q30,http://www.wikidata.org/entity/Q116722581,Lee Site 31 Solar,Solar power station,42.296872,-73.2275
United States,Q30,http://www.wikidata.org/entity/Q116722505,Adams Solar,Solar power station,41.655,-72.161
United States,Q30,http://www.wikidata.org/entity/Q116722574,Oak Leaf Solar XXVIII LLC (CSG),Solar power station,40.237,-104.779
United States,Q30,http://www.wikidata.org/entity/Q116722624,USS Webster Solar CSG,Solar power station,44.529,-93.395
United States,Q30,http://www.wikidata.org/entity/Q116722625,USS Lake Patterson Solar CSG,Solar power station,44.839,-93.888
United States,Q30,http://www.wikidata.org/entity/Q116722517,"Panda Solar NC 3, LLC",Solar power station,34.631814,-79.09067
United States,Q30,http://www.wikidata.org/entity/Q116722579,Trout Creek Solar,Solar power station,38.8151,-106.1104
United States,Q30,http://www.wikidata.org/entity/Q116722557,Jefferson Solar,Solar power station,34.349567,-80.05812
United States,Q30,http://www.wikidata.org/entity/Q116722606,"North Stonington Solar Center, LLC",Solar power station,41.418331,-71.83673
United States,Q30,http://www.wikidata.org/entity/Q116722602,Tipton Solar Park,Solar power station,40.276073,-86.0769
United States,Q30,http://www.wikidata.org/entity/Q116722572,Oak Leaf Solar XXIV LLC (CSG),Solar power station,39.637,-104.561
United States,Q30,http://www.wikidata.org/entity/Q116722609,Cedar Falls Solar Farm,Solar power station,42.481409,-92.45818
United States,Q30,http://www.wikidata.org/entity/Q116722556,Otis Elevator Company Solar,Solar power station,34.23933,-79.79227
United States,Q30,http://www.wikidata.org/entity/Q116720583,"Rockingham Solar, LLC",Solar power station,34.980661,-79.60373
United States,Q30,http://www.wikidata.org/entity/Q116720564,CED Ducor 2,Solar power station,35.844167,-119.0681
United States,Q30,http://www.wikidata.org/entity/Q116720611,"Morgan Farm, LLC",Solar power station,36.095572,-78.15199
United States,Q30,http://www.wikidata.org/entity/Q116720592,Town of Halfmoon,Solar power station,42.834978,-73.67568
United States,Q30,http://www.wikidata.org/entity/Q116720516,Daytona International Speedway Solar,Solar power station,29.17016,-81.06412
United States,Q30,http://www.wikidata.org/entity/Q116720532,Little Rock Pham Solar,Solar power station,34.600231,-117.9475
United States,Q30,http://www.wikidata.org/entity/Q116720511,Johnson Co. Solar RES,Solar power station,39.518026,-86.06835
United States,Q30,http://www.wikidata.org/entity/Q116720499,"Columbia Solar Energy, LLC",Solar power station,38.019671,-121.8651
United States,Q30,http://www.wikidata.org/entity/Q116720560,Leominster,Solar power station,42.561568,-71.75545
United States,Q30,http://www.wikidata.org/entity/Q116720593,"BJ's Wholesale Club, Inc- Uxbridge",Solar power station,42.019659,-71.60415
United States,Q30,http://www.wikidata.org/entity/Q116720568,US-TOPCO (Soccer Center),Solar power station,34.66072,-118.0812
United States,Q30,http://www.wikidata.org/entity/Q116720561,North Adams Landfill,Solar power station,42.669072,-73.09204
United States,Q30,http://www.wikidata.org/entity/Q116720534,CES VMT Solar,Solar power station,39.680865,-77.72712
United States,Q30,http://www.wikidata.org/entity/Q116720601,Castle Gap Solar Hybrid,Solar power station,31.255,-102.272
United States,Q30,http://www.wikidata.org/entity/Q116720549,"Syncarpha Palmer, LLC",Solar power station,42.222824,-72.30951
United States,Q30,http://www.wikidata.org/entity/Q116720547,"Innovative Solar 63, LLC",Solar power station,35.39169,-77.6204
United States,Q30,http://www.wikidata.org/entity/Q116720545,Shoreham Solar Commons,Solar power station,40.934411,-72.88851
United States,Q30,http://www.wikidata.org/entity/Q116720572,"Blythe Solar III, LLC Hybrid",Solar power station,33.656,-114.742
United States,Q30,http://www.wikidata.org/entity/Q116720613,"Cedar Solar, LLC",Solar power station,34.915767,-77.77574
United States,Q30,http://www.wikidata.org/entity/Q116720579,"Shelby Randolph Road Solar 1, LLC",Solar power station,35.309229,-81.58844
United States,Q30,http://www.wikidata.org/entity/Q116720591,Oneida County- DPW,Solar power station,43.150761,-75.37126
United States,Q30,http://www.wikidata.org/entity/Q116720563,CED Ducor 1,Solar power station,35.856278,-119.0684
United States,Q30,http://www.wikidata.org/entity/Q116720498,"Adapture CA2, LLC",Solar power station,39.69898,-122.1756
United States,Q30,http://www.wikidata.org/entity/Q116720602,Goldfinch,Solar power station,27.982089,-82.04201
United States,Q30,http://www.wikidata.org/entity/Q116720590,Jackson Board of Education-Liberty HS,Solar power station,40.092672,-74.262
United States,Q30,http://www.wikidata.org/entity/Q116720530,Waipio Solar,Solar power station,21.456,-157.982
United States,Q30,http://www.wikidata.org/entity/Q116720605,"Eastern Shore Solar, LLC",Solar power station,37.943895,-75.56956
United States,Q30,http://www.wikidata.org/entity/Q116720552,"Live Oak Solar, LLC",Solar power station,32.423798,-82.10282
United States,Q30,http://www.wikidata.org/entity/Q116720543,"Cuyama Solar, LLC",Solar power station,34.901,-119.596
United States,Q30,http://www.wikidata.org/entity/Q116720535,Pecan Solar,Solar power station,36.481008,-77.48116
United States,Q30,http://www.wikidata.org/entity/Q116720554,"Federal Road Solar 1, LLC CSG",Solar power station,41.806894,-70.72572
United States,Q30,http://www.wikidata.org/entity/Q116720518,Morelos del Sol,Solar power station,35.731362,-119.8187
United States,Q30,http://www.wikidata.org/entity/Q116720541,Frontier Solar LLC,Solar power station,37.379919,-121.1307
United States,Q30,http://www.wikidata.org/entity/Q116720559,Neisler Street Solar,Solar power station,35.289757,-81.56888
United States,Q30,http://www.wikidata.org/entity/Q116720566,"White Oak Solar, LLC",Solar power station,33.036789,-82.11129
United States,Q30,http://www.wikidata.org/entity/Q116720540,Owens Corning Headquarters,Solar power station,41.6447,-83.5364
United States,Q30,http://www.wikidata.org/entity/Q116720599,"HCE Johnston I, LLC",Solar power station,35.560002,-78.59453
United States,Q30,http://www.wikidata.org/entity/Q116720551,Citrus Solar Energy Center Hybrid,Solar power station,27.320919,-81.80686
United States,Q30,http://www.wikidata.org/entity/Q116720616,Lemoore 1,Solar power station,36.257938,-119.7981
United States,Q30,http://www.wikidata.org/entity/Q116720520,American Falls Solar,Solar power station,42.824,-112.752
United States,Q30,http://www.wikidata.org/entity/Q116720521,American Falls Solar II,Solar power station,42.824,-112.752
United States,Q30,http://www.wikidata.org/entity/Q116720550,"Steel Bridge Solar, LLC",Solar power station,45.068,-123.47
United States,Q30,http://www.wikidata.org/entity/Q116720526,Ford World Headquarters,Solar power station,42.317437,-83.20949
United States,Q30,http://www.wikidata.org/entity/Q116720573,"Blythe Solar IV, LLC",Solar power station,33.682,-114.768
United States,Q30,http://www.wikidata.org/entity/Q116720505,Lanesville Solar RES,Solar power station,38.2717,-85.9864
United States,Q30,http://www.wikidata.org/entity/Q116720538,Tequesquite Landfill Solar PV Project,Solar power station,33.97819,-117.3851
United States,Q30,http://www.wikidata.org/entity/Q116720496,RE Astoria,Solar power station,34.844226,-118.4585
United States,Q30,http://www.wikidata.org/entity/Q116720504,New Haven Solar RES,Solar power station,38.1941,-86.9889
United States,Q30,http://www.wikidata.org/entity/Q116720509,Decatur Co. Solar RES (IN),Solar power station,39.337893,-85.5064
United States,Q30,http://www.wikidata.org/entity/Q116720527,Greenwood Solar Farm,Solar power station,43.1056,-82.6964
United States,Q30,http://www.wikidata.org/entity/Q116720574,Town of Chestertown- Chestertown WWTP,Solar power station,39.199453,-76.07669
United States,Q30,http://www.wikidata.org/entity/Q116720594,Western Michigan Solar Gardens,Solar power station,42.2525,-85.64273
United States,Q30,http://www.wikidata.org/entity/Q116720553,"White Pine Solar, LLC",Solar power station,32.506017,-84.25698
United States,Q30,http://www.wikidata.org/entity/Q116720555,BWC Swan Pond River CSG,Solar power station,41.795599,-71.22663
United States,Q30,http://www.wikidata.org/entity/Q116720575,Onondaga County - Metro Water Board,Solar power station,43.183782,-76.22408
United States,Q30,http://www.wikidata.org/entity/Q116720589,Oregon Convention Center,Solar power station,45.528457,-122.6632
United States,Q30,http://www.wikidata.org/entity/Q116720588,Williamsburg Solar LLC VNEM CSG,Solar power station,42.387088,-72.71344
United States,Q30,http://www.wikidata.org/entity/Q116720607,"Red Toad 1425 A Powatan Road, LLC",Solar power station,35.604208,-78.37088
United States,Q30,http://www.wikidata.org/entity/Q116720514,Turkey Creek PV1,Solar power station,36.441359,-77.13558
United States,Q30,http://www.wikidata.org/entity/Q116720562,Palmer Landfill,Solar power station,42.216634,-72.31553
United States,Q30,http://www.wikidata.org/entity/Q116720523,Manatee Solar Energy Center,Solar power station,27.607469,-82.35528
United States,Q30,http://www.wikidata.org/entity/Q116720507,Henryville Solar RES,Solar power station,38.5955,-85.7773
United States,Q30,http://www.wikidata.org/entity/Q116720489,Elevation Solar C,Solar power station,34.730263,-118.3043
United States,Q30,http://www.wikidata.org/entity/Q116720497,RE Astoria 2,Solar power station,34.836649,-118.4802
United States,Q30,http://www.wikidata.org/entity/Q116720525,Domino Farms Solar,Solar power station,42.323377,-83.68025
United States,Q30,http://www.wikidata.org/entity/Q116720500,Mashpee Landfill Solar,Solar power station,41.62996,-70.47785
United States,Q30,http://www.wikidata.org/entity/Q116720533,Adera Solar,Solar power station,37.120586,-120.3249
United States,Q30,http://www.wikidata.org/entity/Q116720582,"Lafayette Solar I, LLC",Solar power station,35.232396,-81.56425
United States,Q30,http://www.wikidata.org/entity/Q116720595,Grand Valley Solar Gardens,Solar power station,42.9531,-85.90117
United States,Q30,http://www.wikidata.org/entity/Q116720556,Grand View Solar Two,Solar power station,42.989614,-116.0934
United States,Q30,http://www.wikidata.org/entity/Q116720612,"Nashville Farms, LLC",Solar power station,36.034354,-78.01061
United States,Q30,http://www.wikidata.org/entity/Q116720506,Ellettsville Solar RES,Solar power station,39.25482,-86.6568
United States,Q30,http://www.wikidata.org/entity/Q116720515,Vaughn Creek PV1,Solar power station,36.451012,-77.1206
United States,Q30,http://www.wikidata.org/entity/Q116720512,Babcock Solar Energy Center Hybrid,Solar power station,26.861592,-81.75101
United States,Q30,http://www.wikidata.org/entity/Q116720539,CCBC-Catonsville,Solar power station,39.2525,-76.735
United States,Q30,http://www.wikidata.org/entity/Q116720585,"SID Solar I, LLC",Solar power station,35.258647,-81.50561
United States,Q30,http://www.wikidata.org/entity/Q116720571,"Blythe Solar II, LLC",Solar power station,33.68,-114.73
United States,Q30,http://www.wikidata.org/entity/Q116720510,Jackson Co. Solar RES,Solar power station,38.881719,-86.03297
United States,Q30,http://www.wikidata.org/entity/Q116720614,"Elm Solar, LLC",Solar power station,35.453828,-79.18953
United States,Q30,http://www.wikidata.org/entity/Q116720519,Orchard Ranch Solar,Solar power station,43.467,-116.285
United States,Q30,http://www.wikidata.org/entity/Q116720603,Kawailoa Solar,Solar power station,21.624,-158.055
United States,Q30,http://www.wikidata.org/entity/Q116720528,Oxford,Solar power station,42.141319,-71.85076
United States,Q30,http://www.wikidata.org/entity/Q116720558,Perry Solar Facility,Solar power station,30.119304,-83.56005
United States,Q30,http://www.wikidata.org/entity/Q116720584,"York Road Solar I, LLC",Solar power station,35.222208,-81.3337
United States,Q30,http://www.wikidata.org/entity/Q116720517,FIU Solar,Solar power station,25.770008,-80.36774
United States,Q30,http://www.wikidata.org/entity/Q116720536,SunE Rochester,Solar power station,34.097728,-117.5445
United States,Q30,http://www.wikidata.org/entity/Q116720577,"Hewlett-Packard (HP) - Andover, MA",Solar power station,42.624687,-71.18291
United States,Q30,http://www.wikidata.org/entity/Q116720609,Durham Solar,Solar power station,36.004941,-78.84848
United States,Q30,http://www.wikidata.org/entity/Q116720502,New Castle Solar RES,Solar power station,39.854126,-85.40342
United States,Q30,http://www.wikidata.org/entity/Q116720488,Central Antelope Dry Ranch C,Solar power station,34.720499,-118.3005
United States,Q30,http://www.wikidata.org/entity/Q116720576,Onondaga County - Oak Orchard WWTP,Solar power station,43.172719,-76.13012
United States,Q30,http://www.wikidata.org/entity/Q116720490,Camp Lejeune Solar and Energy Storage,Solar power station,34.725699,-77.35027
United States,Q30,http://www.wikidata.org/entity/Q116720513,Ouchchy PV1,Solar power station,36.084097,-79.24481
United States,Q30,http://www.wikidata.org/entity/Q116720529,SR Jenkins Ft Lupton,Solar power station,40.081444,-104.7467
United States,Q30,http://www.wikidata.org/entity/Q116720503,Scotland Solar RES,Solar power station,38.9099,-86.9473
United States,Q30,http://www.wikidata.org/entity/Q116720570,Elkton Solar,Solar power station,39.603531,-75.83624
United States,Q30,http://www.wikidata.org/entity/Q116720565,CED Ducor 4,Solar power station,35.850403,-119.027
United States,Q30,http://www.wikidata.org/entity/Q116720544,Buckthorn Westex,Solar power station,30.57552,-102.5513
United States,Q30,http://www.wikidata.org/entity/Q116720587,Town of Needham VNEM CSG,Solar power station,42.276717,-71.25939
United States,Q30,http://www.wikidata.org/entity/Q116720493,Walt Disney World Solar Facility,Solar power station,28.3737,-81.56259
United States,Q30,http://www.wikidata.org/entity/Q116721435,Owens Valley Solar Project 11,Solar power station,36.275144,-118.0122
United States,Q30,http://www.wikidata.org/entity/Q116721338,Sabert Solar,Solar power station,40.475477,-74.32093
United States,Q30,http://www.wikidata.org/entity/Q116721421,New Auburn DPC Solar,Solar power station,45.21,-91.4353
United States,Q30,http://www.wikidata.org/entity/Q116721438,Scott-II Solar LLC,Solar power station,37.526244,-77.94464
United States,Q30,http://www.wikidata.org/entity/Q116721355,Depot Hill Solar CSG,Solar power station,42.153,-71.988
United States,Q30,http://www.wikidata.org/entity/Q116721337,"Summit Water Nexus Mt. Holly, LLC Solar",Solar power station,39.987281,-74.80181
United States,Q30,http://www.wikidata.org/entity/Q116721346,Prudential 80 Livingston Roseland Solar,Solar power station,40.815363,-74.30499
United States,Q30,http://www.wikidata.org/entity/Q116721335,North Bergen Solar,Solar power station,40.818,-74.017
United States,Q30,http://www.wikidata.org/entity/Q116721358,126 Grove Solar LLC,Solar power station,42.076119,-71.42271
United States,Q30,http://www.wikidata.org/entity/Q116721350,US GSA - Sacramento,Solar power station,38.601354,-121.3979
United States,Q30,http://www.wikidata.org/entity/Q116721364,"Bashaw Solar CSG 1, LLC",Solar power station,42.789327,-70.88003
United States,Q30,http://www.wikidata.org/entity/Q116721396,Hartford Landfill Solar EGF,Solar power station,41.7915,-72.6509
United States,Q30,http://www.wikidata.org/entity/Q116721357,Iron Horse Solar I CSG,Solar power station,42.582855,-71.24639
United States,Q30,http://www.wikidata.org/entity/Q116721344,"Goya Foods, Inc- Secaucus Solar",Solar power station,40.77312,-74.0774
United States,Q30,http://www.wikidata.org/entity/Q116721340,Hampshire College Hybrid,Solar power station,42.37686,-72.46914
United States,Q30,http://www.wikidata.org/entity/Q116721385,Liberty Pole DPC Solar,Solar power station,43.49412,-90.9071
United States,Q30,http://www.wikidata.org/entity/Q116721334,Beaver Run,Solar power station,41.152955,-74.63808
United States,Q30,http://www.wikidata.org/entity/Q116721453,SolaireHolman Solar Project,Solar power station,30.45512,-103.4747
United States,Q30,http://www.wikidata.org/entity/Q116721426,Gemini Community Solar,Solar power station,45.300294,-92.80436
United States,Q30,http://www.wikidata.org/entity/Q116721431,"Spartan PV 1, LLC",Solar power station,42.7151,-84.4824
United States,Q30,http://www.wikidata.org/entity/Q116721373,Sutton Solar CSG,Solar power station,42.102447,-71.69771
United States,Q30,http://www.wikidata.org/entity/Q116721362,"Kokomo Solar 1, LLC",Solar power station,40.473,-86.146
United States,Q30,http://www.wikidata.org/entity/Q116721434,West Dubuque Solar,Solar power station,42.491754,-90.79225
United States,Q30,http://www.wikidata.org/entity/Q116721379,"Boulder Solar II, LLC",Solar power station,35.85,-114.944
United States,Q30,http://www.wikidata.org/entity/Q116721370,GMP Solar - Williston,Solar power station,44.465485,-73.10324
United States,Q30,http://www.wikidata.org/entity/Q116721410,Ozarks Natural Energy Community Solar,Solar power station,36.164296,-94.08227
United States,Q30,http://www.wikidata.org/entity/Q116721367,"Solar Star California, XLIV, LLC",Solar power station,34.511889,-117.9228
United States,Q30,http://www.wikidata.org/entity/Q116721348,Genentech Vacaville Meter #1,Solar power station,38.390756,-121.9478
United States,Q30,http://www.wikidata.org/entity/Q116721400,Westmont 300B,Solar power station,33.766067,-118.2847
United States,Q30,http://www.wikidata.org/entity/Q116721336,US Foods Solar,Solar power station,40.534414,-74.27515
United States,Q30,http://www.wikidata.org/entity/Q116721449,Elizabethtown Solar,Solar power station,40.152693,-76.5814
United States,Q30,http://www.wikidata.org/entity/Q116721427,Mapleton Community Solar,Solar power station,43.928851,-93.95606
United States,Q30,http://www.wikidata.org/entity/Q116721339,Cloverdale Solar Center,Solar power station,38.769581,-123.0207
United States,Q30,http://www.wikidata.org/entity/Q116721360,Dept of General Services -FTB,Solar power station,38.565,-121.343
United States,Q30,http://www.wikidata.org/entity/Q116721392,Time Warner Cable - Knowles,Solar power station,42.337435,-77.37532
United States,Q30,http://www.wikidata.org/entity/Q116721441,"OSLH, LLC",Solar power station,44.061,-121.228
United States,Q30,http://www.wikidata.org/entity/Q116721386,Downsville DPC Solar,Solar power station,44.81423,-91.8841
United States,Q30,http://www.wikidata.org/entity/Q116721353,Emmitsburg Solar Arrays,Solar power station,39.69373,-77.31443
United States,Q30,http://www.wikidata.org/entity/Q116721333,"Gemini Technologies Services, Inc. Solar",Solar power station,40.848445,-74.46758
United States,Q30,http://www.wikidata.org/entity/Q116721365,Kearsarge Southwick LLC,Solar power station,42.01627,-72.77524
United States,Q30,http://www.wikidata.org/entity/Q116721381,Sauk DPC Solar,Solar power station,43.59591,-90.3226
United States,Q30,http://www.wikidata.org/entity/Q116721341,Town of Lexington Solar,Solar power station,42.469135,-71.25546
United States,Q30,http://www.wikidata.org/entity/Q116721446,Atkinson Farm Solar,Solar power station,34.896953,-77.79517
United States,Q30,http://www.wikidata.org/entity/Q116721445,NextEra Westside PV,Solar power station,36.381775,-120.1345
United States,Q30,http://www.wikidata.org/entity/Q116721361,Cooperative Solar One,Solar power station,38.027241,-84.25473
United States,Q30,http://www.wikidata.org/entity/Q116721428,Morgan Community Solar,Solar power station,44.413186,-94.90762
United States,Q30,http://www.wikidata.org/entity/Q116721405,Shakopee Met Council WTP,Solar power station,44.796611,-93.43697
United States,Q30,http://www.wikidata.org/entity/Q116721408,Ruskin Solar,Solar power station,35.274,-78.022
United States,Q30,http://www.wikidata.org/entity/Q116721423,Antlia Community Solar,Solar power station,43.906524,-96.13824
United States,Q30,http://www.wikidata.org/entity/Q116721430,Vega Community Solar,Solar power station,45.382813,-95.20374
United States,Q30,http://www.wikidata.org/entity/Q116721450,AIS Solar Project,Solar power station,42.501949,-71.73779
United States,Q30,http://www.wikidata.org/entity/Q116721394,Mt. Tom Solar Project Hybrid,Solar power station,42.2686,-72.603
United States,Q30,http://www.wikidata.org/entity/Q116721425,Centaurus Community Solar,Solar power station,44.949053,-95.51126
United States,Q30,http://www.wikidata.org/entity/Q116721402,"Sussex Drive, LLC",Solar power station,36.940529,-77.41776
United States,Q30,http://www.wikidata.org/entity/Q116721409,Clyde Solar Array,Solar power station,41.319351,-82.98433
United States,Q30,http://www.wikidata.org/entity/Q116721399,Ohio Northern University Solar Site,Solar power station,40.759622,-83.8391
United States,Q30,http://www.wikidata.org/entity/Q116721448,Lindberg Field Solar 2,Solar power station,32.729444,-117.2051
United States,Q30,http://www.wikidata.org/entity/Q116721372,GMP Solar - Williamstown,Solar power station,44.136051,-72.51051
United States,Q30,http://www.wikidata.org/entity/Q116721351,Garrett County - DPU Treatment Plant,Solar power station,39.505187,-79.39299
United States,Q30,http://www.wikidata.org/entity/Q116721343,Wabasha Holdco Solar CSG,Solar power station,44.36714,-92.01928
United States,Q30,http://www.wikidata.org/entity/Q116721388,Medford DPC Solar,Solar power station,45.16305,-90.3729
United States,Q30,http://www.wikidata.org/entity/Q116721369,GMP Solar - Hartford,Solar power station,43.632074,-72.41857
United States,Q30,http://www.wikidata.org/entity/Q116721332,Deutsche Bank- Piscataway Solar,Solar power station,40.545755,-74.4964
United States,Q30,http://www.wikidata.org/entity/Q116721439,Michael Solar,Solar power station,45.667472,-94.70833
United States,Q30,http://www.wikidata.org/entity/Q116721442,CSUF State College,Solar power station,33.87912,-117.8887
United States,Q30,http://www.wikidata.org/entity/Q116721443,CSUF Nutwood Solar,Solar power station,33.87912,-117.8887
United States,Q30,http://www.wikidata.org/entity/Q116721354,Curtis Hill Solar CSG,Solar power station,42.175,-71.986
United States,Q30,http://www.wikidata.org/entity/Q116721371,Eastern Iowa Solar,Solar power station,41.596959,-91.0363
United States,Q30,http://www.wikidata.org/entity/Q116721444,ZV Solar 1,Solar power station,34.8,-79.2
United States,Q30,http://www.wikidata.org/entity/Q116721395,Northampton Landfill Solar PV,Solar power station,42.293717,-72.71401
United States,Q30,http://www.wikidata.org/entity/Q116721380,Pavant Solar III,Solar power station,39.154474,-112.3598
United States,Q30,http://www.wikidata.org/entity/Q116721429,Spica Community Solar,Solar power station,44.936146,-94.8541
United States,Q30,http://www.wikidata.org/entity/Q116721437,Onyx - Lamphear Road CSG,Solar power station,43.18413,-75.47672
United States,Q30,http://www.wikidata.org/entity/Q116721331,ACCC Mays Landing,Solar power station,39.460566,-74.68093
United States,Q30,http://www.wikidata.org/entity/Q116721415,"Red Oak Solar Farm, LLC",Solar power station,35.993015,-77.93352
United States,Q30,http://www.wikidata.org/entity/Q116721420,GRE Marshan Solar,Solar power station,44.6922,-92.8169
United States,Q30,http://www.wikidata.org/entity/Q116721342,Forest Lake Solar CSG,Solar power station,45.253488,-92.89397
United States,Q30,http://www.wikidata.org/entity/Q116721398,Cold River Road Solar,Solar power station,43.5857,-72.952
United States,Q30,http://www.wikidata.org/entity/Q116721384,Warren DPC Solar,Solar power station,44.95963,-92.5182
United States,Q30,http://www.wikidata.org/entity/Q116721375,Stafford MS Ground Mount Community Solar,Solar power station,41.964,-72.309
United States,Q30,http://www.wikidata.org/entity/Q116721401,Correctional Solar LLC,Solar power station,37.471464,-76.84461
United States,Q30,http://www.wikidata.org/entity/Q116721352,Temple Solar Arrays,Solar power station,40.423484,-75.92523
United States,Q30,http://www.wikidata.org/entity/Q116721389,Whistling Winds DPC Solar,Solar power station,43.9721,-90.0719
United States,Q30,http://www.wikidata.org/entity/Q116721387,Mt. Hope DPC Solar,Solar power station,42.97498,-90.8318
United States,Q30,http://www.wikidata.org/entity/Q116721330,"CEC Solar #1117, LLC",Solar power station,38.284425,-104.524
United States,Q30,http://www.wikidata.org/entity/Q116721424,Aries Community Solar,Solar power station,44.044924,-92.98857
United States,Q30,http://www.wikidata.org/entity/Q116721359,VEC Alburgh Array,Solar power station,44.96234,-73.27415
United States,Q30,http://www.wikidata.org/entity/Q116721376,Bernhardt Furniture Solar Farm,Solar power station,35.84995,-81.54086
United States,Q30,http://www.wikidata.org/entity/Q116721403,Buckingham Solar LLC,Solar power station,37.502944,-78.37924
United States,Q30,http://www.wikidata.org/entity/Q116721374,Nexamp Peak CSG,Solar power station,42.562091,-73.28707
United States,Q30,http://www.wikidata.org/entity/Q116721383,Conrath DPC Solar,Solar power station,45.36614,-91.0482
United States,Q30,http://www.wikidata.org/entity/Q116721416,Dublin Solar I,Solar power station,32.581,-82.926
United States,Q30,http://www.wikidata.org/entity/Q116721382,Lafayette DPC Solar,Solar power station,44.88782,-91.3524
United States,Q30,http://www.wikidata.org/entity/Q116721433,Jacumba Solar Farm,Solar power station,32.6212,-116.129
United States,Q30,http://www.wikidata.org/entity/Q116721377,Carl Friedrich Gauss Solar,Solar power station,36.345842,-77.63348
United States,Q30,http://www.wikidata.org/entity/Q116721356,SR Houston,Solar power station,33.926666,-88.99756
United States,Q30,http://www.wikidata.org/entity/Q116721407,Scarlet Solar,Solar power station,35.287803,-77.79506
United States,Q30,http://www.wikidata.org/entity/Q116721347,River Terminal Development Solar,Solar power station,40.7278,-74.1142
United States,Q30,http://www.wikidata.org/entity/Q116721345,Prudential 55 Livingston Roseland Solar,Solar power station,40.814586,-74.2971
United States,Q30,http://www.wikidata.org/entity/Q116721406,Viper Solar,Solar power station,34.934886,-78.96216
United States,Q30,http://www.wikidata.org/entity/Q116723391,Ray Wilson Solar,Solar power station,35.933,-80.376
United States,Q30,http://www.wikidata.org/entity/Q116723408,FastSun 10 CSG,Solar power station,44.291517,-92.71948
United States,Q30,http://www.wikidata.org/entity/Q116723415,FastSun 5 CSG,Solar power station,43.85946,-91.31956
United States,Q30,http://www.wikidata.org/entity/Q116723450,Syncarpha El Rito,Solar power station,36.331724,-106.1901
United States,Q30,http://www.wikidata.org/entity/Q116723370,Johnson Corner Solar 1,Solar power station,37.547002,-101.7992
United States,Q30,http://www.wikidata.org/entity/Q116723387,"Johnstown Solar 1, LLC",Solar power station,43.0724,-74.3228
United States,Q30,http://www.wikidata.org/entity/Q116723482,USS Cougar Solar LLC CSG,Solar power station,44.454726,-94.92642
United States,Q30,http://www.wikidata.org/entity/Q116723448,Sherburne Community Solar One LLC CSG,Solar power station,45.53199,-94.13578
United States,Q30,http://www.wikidata.org/entity/Q116723473,Franklin Solar,Solar power station,40.72,-75.06
United States,Q30,http://www.wikidata.org/entity/Q116723430,Riverview Solar,Solar power station,40.66583,-103.1324
United States,Q30,http://www.wikidata.org/entity/Q116723453,Iris Solar LLC,Solar power station,30.78184,-90.19536
United States,Q30,http://www.wikidata.org/entity/Q116723411,Lane Ave Solar LLC,Solar power station,42.2648,-72.0727
United States,Q30,http://www.wikidata.org/entity/Q116723447,Stearns Community Solar One LLC CSG,Solar power station,45.61804,-94.48596
United States,Q30,http://www.wikidata.org/entity/Q116723472,USS Turkey Solar LLC CSG,Solar power station,45.139302,-94.73952
United States,Q30,http://www.wikidata.org/entity/Q116723459,Hopkins Hill CSG,Solar power station,41.61609,-71.56683
United States,Q30,http://www.wikidata.org/entity/Q116723422,Guildlerland CSG,Solar power station,42.727288,-74.00081
United States,Q30,http://www.wikidata.org/entity/Q116723381,Novel MNDot Solar CSG,Solar power station,44.94625,-92.81039
United States,Q30,http://www.wikidata.org/entity/Q116723379,Novel Bartel Solar CSG,Solar power station,44.043671,-92.67754
United States,Q30,http://www.wikidata.org/entity/Q116723442,Dakota Community Solar One LLC CSG,Solar power station,44.65779,-93.10852
United States,Q30,http://www.wikidata.org/entity/Q116723414,Ryan Road Solar LLC Hybrid(CSG),Solar power station,42.2637,-72.0639
United States,Q30,http://www.wikidata.org/entity/Q116723428,Caden Energix Rives Road LLC,Solar power station,37.177825,-77.33765
United States,Q30,http://www.wikidata.org/entity/Q116723412,FastSun 3 CSG,Solar power station,45.617723,-94.48649
United States,Q30,http://www.wikidata.org/entity/Q116723481,USS Verde Solar LLC CSG,Solar power station,44.427985,-94.93062
United States,Q30,http://www.wikidata.org/entity/Q116723417,W. Orange Rd Solar LLC,Solar power station,42.6026,-72.3418
United States,Q30,http://www.wikidata.org/entity/Q116723373,ESA Four Oaks 2 NC LLC,Solar power station,35.416104,-78.40923
United States,Q30,http://www.wikidata.org/entity/Q116723392,Green Lake Solar,Solar power station,44.77666,-85.69227
United States,Q30,http://www.wikidata.org/entity/Q116723393,TCLP Solar Phase 1,Solar power station,44.77666,-85.69227
United States,Q30,http://www.wikidata.org/entity/Q116723460,Tippecanoe Solar Power Plant,Solar power station,40.421142,-86.94016
United States,Q30,http://www.wikidata.org/entity/Q116723480,USS JJ Clay Solar LLC CSG,Solar power station,47.02945,-96.49989
United States,Q30,http://www.wikidata.org/entity/Q116723416,FastSun 1 CSG,Solar power station,45.072314,-94.30666
United States,Q30,http://www.wikidata.org/entity/Q116723385,"Cronin Road Solar 1, LLC CSG Hybrid",Solar power station,42.1763,-72.154
United States,Q30,http://www.wikidata.org/entity/Q116723449,Syncarpha Taos,Solar power station,36.371326,-105.6602
United States,Q30,http://www.wikidata.org/entity/Q116723397,"Hertford Solar Power, LLC",Solar power station,36.268007,-77.02821
United States,Q30,http://www.wikidata.org/entity/Q116723478,USS Horne North Solar LLC CSG,Solar power station,47.021803,-96.47996
United States,Q30,http://www.wikidata.org/entity/Q116723420,Millican Solar Energy LLC,Solar power station,44.154107,-120.5341
United States,Q30,http://www.wikidata.org/entity/Q116723475,USS Solar Sources LLC CSG,Solar power station,45.231914,-92.88561
United States,Q30,http://www.wikidata.org/entity/Q116723437,Dover CSG,Solar power station,41.680879,-73.57657
United States,Q30,http://www.wikidata.org/entity/Q116723451,Syncarpha Questa,Solar power station,36.810668,-105.5884
United States,Q30,http://www.wikidata.org/entity/Q116723424,CalCity Solar 1,Solar power station,35.141374,-117.9657
United States,Q30,http://www.wikidata.org/entity/Q116723464,USS Sunrise Solar LLC CSG,Solar power station,45.491496,-92.81382
United States,Q30,http://www.wikidata.org/entity/Q116723467,USS Mayhew Solar LLC CSG,Solar power station,45.62512,-94.04987
United States,Q30,http://www.wikidata.org/entity/Q116723399,Mars Solar,Solar power station,27.421553,-98.83496
United States,Q30,http://www.wikidata.org/entity/Q116723465,USS Milkweed Solar LLC CSG,Solar power station,45.43538,-94.64286
United States,Q30,http://www.wikidata.org/entity/Q116723436,Two Creeks Solar,Solar power station,44.249598,-87.54534
United States,Q30,http://www.wikidata.org/entity/Q116723410,FastSun 9 CSG,Solar power station,44.295395,-92.69565
United States,Q30,http://www.wikidata.org/entity/Q116723405,FastSun 13 CSG,Solar power station,45.841655,-95.14804
United States,Q30,http://www.wikidata.org/entity/Q116723382,Novel Winegar Partnership Solar CSG,Solar power station,44.08845,-93.55481
United States,Q30,http://www.wikidata.org/entity/Q116723455,Beals Medina Solar LLC CSG,Solar power station,43.2256,-78.3559
United States,Q30,http://www.wikidata.org/entity/Q116723476,USS Christoffer Solar LLC CSG,Solar power station,44.985518,-95.76655
United States,Q30,http://www.wikidata.org/entity/Q116723471,USS Monarch Solar LLC CSG,Solar power station,45.49896,-95.13979
United States,Q30,http://www.wikidata.org/entity/Q116723374,"Spring Hope Solar 3, LLC",Solar power station,35.905578,-78.19246
United States,Q30,http://www.wikidata.org/entity/Q116723427,Czub CSG,Solar power station,42.91408,-73.59598
United States,Q30,http://www.wikidata.org/entity/Q116723456,West Street Solar 1 LLC,Solar power station,42.595,-72.0446
United States,Q30,http://www.wikidata.org/entity/Q116723413,FastSun 7 CSG,Solar power station,44.71922,-94.49412
United States,Q30,http://www.wikidata.org/entity/Q116723463,USS Westeros Solar LLC CSG,Solar power station,44.681452,-93.76821
United States,Q30,http://www.wikidata.org/entity/Q116723454,Allis Medina Solar LLC CSG,Solar power station,43.2205,-78.3574
United States,Q30,http://www.wikidata.org/entity/Q116723446,Nicollet Community Solar One LLC,Solar power station,44.26035,-94.29093
United States,Q30,http://www.wikidata.org/entity/Q116723462,USS White Cloud LLC CSG,Solar power station,45.52079,-94.13041
United States,Q30,http://www.wikidata.org/entity/Q116723445,McLeod Community Solar One LLC CSG,Solar power station,44.7192,-94.49429
United States,Q30,http://www.wikidata.org/entity/Q116723426,Gifford CSG,Solar power station,42.82395,-74.07086
United States,Q30,http://www.wikidata.org/entity/Q116723402,Gloucester Solar,Solar power station,37.45,-76.45
United States,Q30,http://www.wikidata.org/entity/Q116723369,Goose Pond Solar,Solar power station,42.0077,-72.7807
United States,Q30,http://www.wikidata.org/entity/Q116723394,SCCCD - Clovis Community College,Solar power station,36.885463,-119.7319
United States,Q30,http://www.wikidata.org/entity/Q116723380,Novel Haley Solar CSG,Solar power station,44.09,-93.54
United States,Q30,http://www.wikidata.org/entity/Q116723409,FastSun 8 CSG,Solar power station,44.260517,-94.29076
United States,Q30,http://www.wikidata.org/entity/Q116723390,Carolina Lily Solar,Solar power station,35.956,-80.444
United States,Q30,http://www.wikidata.org/entity/Q116723407,FastSun 11 CSG,Solar power station,44.300868,-92.73624
United States,Q30,http://www.wikidata.org/entity/Q116723452,Drew Solar LLC,Solar power station,32.687195,-115.6656
United States,Q30,http://www.wikidata.org/entity/Q116723383,Novel Peter Solar CSG,Solar power station,44.196124,-93.60872
United States,Q30,http://www.wikidata.org/entity/Q116723461,USS Haven Solar LLC CSG,Solar power station,45.515706,-94.10984
United States,Q30,http://www.wikidata.org/entity/Q116723404,FastSun 18 CSG,Solar power station,43.865428,-91.32751
United States,Q30,http://www.wikidata.org/entity/Q116723483,USS Flower Solar LLC CSG,Solar power station,44.269143,-94.20905
United States,Q30,http://www.wikidata.org/entity/Q116723444,Meeker Community Solar One LLC CSG,Solar power station,45.07106,-94.30718
United States,Q30,http://www.wikidata.org/entity/Q116723375,"25 Ashdown Road Solar, LLC",Solar power station,42.8826,-73.879
United States,Q30,http://www.wikidata.org/entity/Q116723477,USS Buckaroo Solar LLC CSG,Solar power station,46.97727,-96.50078
United States,Q30,http://www.wikidata.org/entity/Q116723479,USS Horne South Solar LLC CSG,Solar power station,47.00414,-96.50004
United States,Q30,http://www.wikidata.org/entity/Q116723406,FastSun 14 CSG,Solar power station,44.178968,-93.86523
United States,Q30,http://www.wikidata.org/entity/Q116723484,USS All In Solar LLC CSG,Solar power station,43.83688,-93.38967
United States,Q30,http://www.wikidata.org/entity/Q116723468,USS Cheyenne Solar LLC CSG,Solar power station,45.347008,-92.92234
United States,Q30,http://www.wikidata.org/entity/Q116723377,"RT 52 Walden Solar 1, LLC Hybrid",Solar power station,41.5841,-74.2163
United States,Q30,http://www.wikidata.org/entity/Q116723418,Wilbur Woods Solar LLC,Solar power station,42.6113,-72.3452
United States,Q30,http://www.wikidata.org/entity/Q116723376,"Finchville Solar, LLC Hybrid CSG",Solar power station,41.4565,-74.5465
United States,Q30,http://www.wikidata.org/entity/Q116723371,Bluewater CDEC 1,Solar power station,35.24102,-107.9523
United States,Q30,http://www.wikidata.org/entity/Q116723425,Howland CSG,Solar power station,43.63481,-76.08921
United States,Q30,http://www.wikidata.org/entity/Q116723469,USS Midtown Solar LLC CSG,Solar power station,45.671603,-94.74898
United States,Q30,http://www.wikidata.org/entity/Q116723421,Hollygrove CSG,Solar power station,43.26034,-76.7217
United States,Q30,http://www.wikidata.org/entity/Q116723440,Sabal Palm Solar Center,Solar power station,26.782655,-80.35262
United States,Q30,http://www.wikidata.org/entity/Q116723439,Discovery Solar Center,Solar power station,28.528933,-80.6789
United States,Q30,http://www.wikidata.org/entity/Q116723466,USS Greenhouse Solar LLC CSG,Solar power station,44.238655,-92.67075
United States,Q30,http://www.wikidata.org/entity/Q116723372,Grants CDEC 2,Solar power station,35.14,-107.821
United States,Q30,http://www.wikidata.org/entity/Q116723419,Prineville Solar Energy LLC,Solar power station,44.163296,-120.5241
United States,Q30,http://www.wikidata.org/entity/Q116723384,Novel Benedix Solar CSG,Solar power station,44.111261,-92.74679
United States,Q30,http://www.wikidata.org/entity/Q116723389,Plott Hound Solar,Solar power station,35.138,-77.092
United States,Q30,http://www.wikidata.org/entity/Q116723403,FastSun 19 CSG,Solar power station,44.655202,-93.11077
United States,Q30,http://www.wikidata.org/entity/Q116723438,Howell CSG,Solar power station,41.265258,-74.31298
United States,Q30,http://www.wikidata.org/entity/Q116723443,Douglas Todd Community Solar One LLC CSG,Solar power station,45.843344,-95.15002
United States,Q30,http://www.wikidata.org/entity/Q116723400,Hardin Solar Energy LLC,Solar power station,40.659506,-83.81371
United States,Q30,http://www.wikidata.org/entity/Q116723429,UC Santa Cruz Solar,Solar power station,36.9911,-122.0532
United States,Q30,http://www.wikidata.org/entity/Q116723474,Pohatcong Solar Farm,Solar power station,40.67,-75.16
United States,Q30,http://www.wikidata.org/entity/Q116723386,"Ransomville Solar 1, LLC",Solar power station,43.1994,-78.94984
United States,Q30,http://www.wikidata.org/entity/Q116723502,"TPE Whitney Solar, LLC",Solar power station,32.05,-97.35
United States,Q30,http://www.wikidata.org/entity/Q116723562,Grand Prix Solar,Solar power station,41.21125,-73.72252
United States,Q30,http://www.wikidata.org/entity/Q116723525,Limelight Solar II LLC,Solar power station,34.99389,-81.87819
United States,Q30,http://www.wikidata.org/entity/Q116723598,"Aulander Hwy 42 Solar, LLC",Solar power station,36.248563,-77.08524
United States,Q30,http://www.wikidata.org/entity/Q116723604,"Hales Mills Solar, LLC",Solar power station,43.01827,-74.32918
United States,Q30,http://www.wikidata.org/entity/Q116723507,Rio Rancho Solar Energy Center,Solar power station,35.10476,-106.4824
United States,Q30,http://www.wikidata.org/entity/Q116723537,Short Hills Mall,Solar power station,40.7397,-74.3642
United States,Q30,http://www.wikidata.org/entity/Q116723547,"Woodsdale Farm, LLC",Solar power station,36.464,-78.95
United States,Q30,http://www.wikidata.org/entity/Q116723541,Plainfield Solar 2,Solar power station,41.679,-71.905
United States,Q30,http://www.wikidata.org/entity/Q116723489,USS Bush Solar LLC CSG,Solar power station,44.12347,-93.26689
United States,Q30,http://www.wikidata.org/entity/Q116723554,"AES Kekaha Solar, LLC Hybrid",Solar power station,22.0006,-159.7621
United States,Q30,http://www.wikidata.org/entity/Q116723559,White Marsh Mall,Solar power station,39.37614,-76.46813
United States,Q30,http://www.wikidata.org/entity/Q116723567,"232 Long Branch 29 Solar I, LLC",Solar power station,35.23222,-81.55972
United States,Q30,http://www.wikidata.org/entity/Q116723521,Woodbury Solar,Solar power station,44.881944,-92.9675
United States,Q30,http://www.wikidata.org/entity/Q116723512,Hopkinton Phase 2,Solar power station,41.443293,-71.79113
United States,Q30,http://www.wikidata.org/entity/Q116723586,"Bellflower Solar, LLC",Solar power station,45.507295,-95.12733
United States,Q30,http://www.wikidata.org/entity/Q116723603,"Granby Solar, LLC CSG",Solar power station,42.22712,-72.5222
United States,Q30,http://www.wikidata.org/entity/Q116723565,Parking Lot Array,Solar power station,39.141852,-84.51074
United States,Q30,http://www.wikidata.org/entity/Q116723574,Alticor Inc - Solar Project,Solar power station,33.878585,-117.9961
United States,Q30,http://www.wikidata.org/entity/Q116723485,AES Tonawanda Solar LLC,Solar power station,42.9971,-78.9017
United States,Q30,http://www.wikidata.org/entity/Q116723585,"Geranium Solar, LLC",Solar power station,44.964569,-95.22951
United States,Q30,http://www.wikidata.org/entity/Q116723568,Hobart & William Smith College Gates Rd.,Solar power station,42.86228,-77.05058
United States,Q30,http://www.wikidata.org/entity/Q116723511,Bio-Rad,Solar power station,38.022486,-122.2737
United States,Q30,http://www.wikidata.org/entity/Q116723490,USS Hancock Solar LLC CSG,Solar power station,44.7025,-93.7858
United States,Q30,http://www.wikidata.org/entity/Q116723578,"Westport Community Solar, LLC",Solar power station,44.939037,-94.90438
United States,Q30,http://www.wikidata.org/entity/Q116723572,Garrett Solar,Solar power station,42.16,-120.4
United States,Q30,http://www.wikidata.org/entity/Q116723519,Rafael Solar,Solar power station,44.859838,-123.0079
United States,Q30,http://www.wikidata.org/entity/Q116723590,"Temperance Solar, LLC",Solar power station,41.753,-83.524
United States,Q30,http://www.wikidata.org/entity/Q116723542,Partridge Hill Solar Hybrid,Solar power station,42.1189,-71.9371
United States,Q30,http://www.wikidata.org/entity/Q116723546,Huntley,Solar power station,33.335583,-80.63417
United States,Q30,http://www.wikidata.org/entity/Q116723540,AC Power,Solar power station,40.049778,-74.93517
United States,Q30,http://www.wikidata.org/entity/Q116723505,Linden 02 CSG,Solar power station,44.591933,-93.84682
United States,Q30,http://www.wikidata.org/entity/Q116723549,Mtn. Solar 1,Solar power station,39.777621,-104.5859
United States,Q30,http://www.wikidata.org/entity/Q116723553,Barneveld Solar,Solar power station,43.251388,-75.17722
United States,Q30,http://www.wikidata.org/entity/Q116723581,"Hyacinth Solar, LLC",Solar power station,44.474147,-93.19928
United States,Q30,http://www.wikidata.org/entity/Q116723588,Titan Solar Project,Solar power station,31.70038,-104.4581
United States,Q30,http://www.wikidata.org/entity/Q116723548,Wagyu,Solar power station,29.242304,-95.65814
United States,Q30,http://www.wikidata.org/entity/Q116723556,DG Amaze ACY1,Solar power station,39.822945,-75.21629
United States,Q30,http://www.wikidata.org/entity/Q116723517,CID Solar (CA),Solar power station,36.140764,-119.5669
United States,Q30,http://www.wikidata.org/entity/Q116723550,Mtn. Solar 2,Solar power station,39.766772,-104.5905
United States,Q30,http://www.wikidata.org/entity/Q116723606,"Owlville Creek Solar, LLC",Solar power station,43.08748,-75.77959
United States,Q30,http://www.wikidata.org/entity/Q116723584,"Kerria Solar, LLC",Solar power station,44.795609,-95.2032
United States,Q30,http://www.wikidata.org/entity/Q116723576,"Allium Community Solar Garden, LLC",Solar power station,45.399701,-94.72314
United States,Q30,http://www.wikidata.org/entity/Q116723500,STAG St. Paul Project CSG,Solar power station,44.885633,-93.02643
United States,Q30,http://www.wikidata.org/entity/Q116723528,Sydney Solar,Solar power station,41.7683,-72.0783
United States,Q30,http://www.wikidata.org/entity/Q116723599,Campus Drive Solar,Solar power station,40.056213,-74.88094
United States,Q30,http://www.wikidata.org/entity/Q116723544,"Meeks Solar, LLC",Solar power station,35.815556,-77.29111
United States,Q30,http://www.wikidata.org/entity/Q116723492,USS KVPV Solar LLC CSG,Solar power station,46.983191,-96.50065
United States,Q30,http://www.wikidata.org/entity/Q116723531,Novel Debra Solar LLC CSG,Solar power station,44.09394,-92.74975
United States,Q30,http://www.wikidata.org/entity/Q116723532,Novel Wayne Solar LLC CSG,Solar power station,44.102341,-92.74648
United States,Q30,http://www.wikidata.org/entity/Q116723527,AGA TAG Solar III LLC,Solar power station,34.99647,-82.0421
United States,Q30,http://www.wikidata.org/entity/Q116723526,ATOOD Solar III LLC,Solar power station,34.99647,-82.0421
United States,Q30,http://www.wikidata.org/entity/Q116723605,"Owlville Creek Solar 2, LLC",Solar power station,43.078888,-75.77222
United States,Q30,http://www.wikidata.org/entity/Q116723494,USS Chariot Solar LLC,Solar power station,44.78883,-95.09562
United States,Q30,http://www.wikidata.org/entity/Q116723487,Whiskey Hill Solar,Solar power station,40.8125,-106.2897
United States,Q30,http://www.wikidata.org/entity/Q116723587,"Iris Solar, LLC (MN)",Solar power station,44.253592,-94.20969
United States,Q30,http://www.wikidata.org/entity/Q116723560,Natick Mall,Solar power station,42.3009,-71.3843
United States,Q30,http://www.wikidata.org/entity/Q116723558,Brass Mill Center,Solar power station,41.5489,-73.0245
United States,Q30,http://www.wikidata.org/entity/Q116723551,CO LI CSG 1 - Kamerra,Solar power station,39.784879,-104.5834
United States,Q30,http://www.wikidata.org/entity/Q116723569,"Barrette Outdoor Living, Inc.",Solar power station,39.4877,-74.60035
United States,Q30,http://www.wikidata.org/entity/Q116723493,USS Kass Solar LLC,Solar power station,44.22443,-95.68949
United States,Q30,http://www.wikidata.org/entity/Q116723570,"Harvest Beulaville, LLC",Solar power station,34.90389,-77.78417
United States,Q30,http://www.wikidata.org/entity/Q116723580,"Lantana Solar, LLC",Solar power station,44.646,-95.358
United States,Q30,http://www.wikidata.org/entity/Q116723564,"Cottonwood Solar, LLC",Solar power station,36.50806,-77.61444
United States,Q30,http://www.wikidata.org/entity/Q116723499,Schwinghamer Project CSG,Solar power station,45.626942,-94.59608
United States,Q30,http://www.wikidata.org/entity/Q116723491,USS Pheasant Solar LLC CSG,Solar power station,44.934706,-95.25133
United States,Q30,http://www.wikidata.org/entity/Q116723520,Case Creek Solar,Solar power station,45.172,-122.912
United States,Q30,http://www.wikidata.org/entity/Q116723498,Prawer Project CSG,Solar power station,45.463678,-94.04508
United States,Q30,http://www.wikidata.org/entity/Q116723510,"FL Solar 4, LLC",Solar power station,30.2354,-84.2233
United States,Q30,http://www.wikidata.org/entity/Q116723597,"Firwood Solar, LLC",Solar power station,45.35,-122.25
United States,Q30,http://www.wikidata.org/entity/Q116723496,Hartmann Project CSG,Solar power station,45.493595,-94.11344
United States,Q30,http://www.wikidata.org/entity/Q116723571,Athos Solar Project,Solar power station,33.751283,-115.355
United States,Q30,http://www.wikidata.org/entity/Q116723595,Aragorn Solar Project,Solar power station,31.719983,-104.4423
United States,Q30,http://www.wikidata.org/entity/Q116723536,2W Permian Solar Project Hybrid,Solar power station,32.116388,-102.5283
United States,Q30,http://www.wikidata.org/entity/Q116723563,100 Brook Hill Drive Solar,Solar power station,41.09305,-73.9828
United States,Q30,http://www.wikidata.org/entity/Q116723501,Linden 01 CSG,Solar power station,44.591619,-93.84539
United States,Q30,http://www.wikidata.org/entity/Q116723529,Dickinson Solar (CT),Solar power station,41.7698,-72.0794
United States,Q30,http://www.wikidata.org/entity/Q116723566,Chicot Solar,Solar power station,33.479,-91.349
United States,Q30,http://www.wikidata.org/entity/Q116723602,"Lansing Renewables, LLC",Solar power station,42.59251,-76.56563
United States,Q30,http://www.wikidata.org/entity/Q116723514,"Bergenmand Solar Partners, LLC Mahwah",Solar power station,41.079073,-74.15001
United States,Q30,http://www.wikidata.org/entity/Q116723591,Bluefin Origination 1,Solar power station,38.73169,-76.82843
United States,Q30,http://www.wikidata.org/entity/Q116723488,USS Reindeer Solar LLC CSG,Solar power station,45.643806,-94.04322
United States,Q30,http://www.wikidata.org/entity/Q116723509,Imeson Solar,Solar power station,30.456753,-81.71486
United States,Q30,http://www.wikidata.org/entity/Q116723582,"Coral Bells Solar, LLC",Solar power station,45.471,-92.891
United States,Q30,http://www.wikidata.org/entity/Q116723596,"Duus Solar, LLC",Solar power station,45.35,-122.35
United States,Q30,http://www.wikidata.org/entity/Q116723513,ACCP NJ 1,Solar power station,40.92635,-74.67509
United States,Q30,http://www.wikidata.org/entity/Q116723543,Penny Hill Solar,Solar power station,35.759,-77.513
United States,Q30,http://www.wikidata.org/entity/Q116723506,Linden 03 CSG,Solar power station,44.592132,-93.84497
United States,Q30,http://www.wikidata.org/entity/Q116723583,"Primrose Solar, LLC",Solar power station,44.205398,-93.9792
United States,Q30,http://www.wikidata.org/entity/Q116723601,"Sutton Solar 2, LLC CSG",Solar power station,42.10252,-71.69795
United States,Q30,http://www.wikidata.org/entity/Q116723504,Monroeville Solar,Solar power station,41.230142,-82.71179
United States,Q30,http://www.wikidata.org/entity/Q116723524,Sherman Solar,Solar power station,41.583,-71.902
United States,Q30,http://www.wikidata.org/entity/Q116723486,Tom Sifers Solar,Solar power station,39.959166,-105.846
United States,Q30,http://www.wikidata.org/entity/Q116723577,"Aster Community Solar Garden, LLC",Solar power station,45.008221,-95.22945
United States,Q30,http://www.wikidata.org/entity/Q116723592,Camp Atterbury Microgrid Hybrid,Solar power station,39.3617,-86.025
United States,Q30,http://www.wikidata.org/entity/Q116723579,"Marigold Community Solar Garden, LLC",Solar power station,44.197311,-93.61527
United States,Q30,http://www.wikidata.org/entity/Q116723534,Cannon Garden Solar,Solar power station,44.24416,-93.26916
United States,Q30,http://www.wikidata.org/entity/Q116723497,E. Goenner Project CSG,Solar power station,45.463956,-94.09101
United States,Q30,http://www.wikidata.org/entity/Q116723589,"Bingham Solar, LLC",Solar power station,43.012,-84.528
United States,Q30,http://www.wikidata.org/entity/Q116723594,Juno Solar Project,Solar power station,32.772889,-101.391
United States,Q30,http://www.wikidata.org/entity/Q116715581,SunEdison LV Sutton Plant Site,Solar power station,34.2867,-77.9814
United States,Q30,http://www.wikidata.org/entity/Q116697733,Hodag Solar,Solar power station,45.61246,-89.44366
United States,Q30,http://www.wikidata.org/entity/Q116715512,Bolthouse S&P and Rowen Farms Solar,Solar power station,34.5644,-117.6933
United States,Q30,http://www.wikidata.org/entity/Q116715569,WWRF Solar Plant,Solar power station,39.522904,-107.8134
United States,Q30,http://www.wikidata.org/entity/Q116697777,Solar Star Urbana Landfill Central,Solar power station,40.12065,-88.17846
United States,Q30,http://www.wikidata.org/entity/Q116715656,Chuckawalla Valley State Prison,Solar power station,33.565329,-114.9036
United States,Q30,http://www.wikidata.org/entity/Q116697748,DRPA Ashland Station Solar Project,Solar power station,39.85853,-75.01035
United States,Q30,http://www.wikidata.org/entity/Q116697717,"233 Randolph 74 Solar I, LLC",Solar power station,35.311944,-81.59056
United States,Q30,http://www.wikidata.org/entity/Q116715538,Warren County Solar,Solar power station,40.788957,-75.10697
United States,Q30,http://www.wikidata.org/entity/Q116697814,Medtronic Solar,Solar power station,18.236289,-65.91161
United States,Q30,http://www.wikidata.org/entity/Q116697716,"Limelight Solar I, LLC",Solar power station,34.94861,-81.98778
United States,Q30,http://www.wikidata.org/entity/Q116697732,"Java Solar, LLC",Solar power station,36.233522,-119.8163
United States,Q30,http://www.wikidata.org/entity/Q116715648,Mariani Packing Vacaville Solar,Solar power station,38.40008,-121.9637
United States,Q30,http://www.wikidata.org/entity/Q116715567,SAS Solar Farm,Solar power station,35.8136,-78.7503
United States,Q30,http://www.wikidata.org/entity/Q116697729,Brookville Smart Bus Depot Microgrid,Solar power station,38.99903,-77.058
United States,Q30,http://www.wikidata.org/entity/Q116715460,Denver Int Airport,Solar power station,39.836789,-104.6971
United States,Q30,http://www.wikidata.org/entity/Q116715609,QVC Inc,Solar power station,35.9222,-77.6731
United States,Q30,http://www.wikidata.org/entity/Q116697840,Janssen Ortho LLC,Solar power station,18.244494,-65.9483
United States,Q30,http://www.wikidata.org/entity/Q116697761,Brazoria County Solar Project (Danciger),Solar power station,29.1779,-95.7612
United States,Q30,http://www.wikidata.org/entity/Q116697804,"GASNA 18P, LLC",Solar power station,18.453211,-66.09242
United States,Q30,http://www.wikidata.org/entity/Q116697736,Timmerman,Solar power station,44.234621,-95.88135
United States,Q30,http://www.wikidata.org/entity/Q116697735,Raptor Ridge,Solar power station,32.146944,-110.8781
United States,Q30,http://www.wikidata.org/entity/Q116697781,Rockford Solar,Solar power station,42.28525,-89.09937
United States,Q30,http://www.wikidata.org/entity/Q116697769,Angelica Solar Site 3,Solar power station,42.301546,-78.07492
United States,Q30,http://www.wikidata.org/entity/Q116697759,3104 Batavia Solar,Solar power station,42.9994,-78.27517
United States,Q30,http://www.wikidata.org/entity/Q116697801,Pfizer Vega Baja,Solar power station,18.450607,-66.35
United States,Q30,http://www.wikidata.org/entity/Q116715458,CSU Fresno Solar Project,Solar power station,36.809841,-119.7417
United States,Q30,http://www.wikidata.org/entity/Q116697741,"Limelight Solar III, LLC",Solar power station,34.956394,-81.97983
United States,Q30,http://www.wikidata.org/entity/Q116697813,Horizon Energy (PR) Hybrid,Solar power station,17.979256,-66.22053
United States,Q30,http://www.wikidata.org/entity/Q116697739,MP CSG 1 LLC,Solar power station,46.619837,-92.38889
United States,Q30,http://www.wikidata.org/entity/Q116715658,SunEdison Walmart Apple Valley DC,Solar power station,34.5975,-117.2
United States,Q30,http://www.wikidata.org/entity/Q116697751,DRPA Ferry Ave Station Solar Project,Solar power station,39.921831,-75.09254
United States,Q30,http://www.wikidata.org/entity/Q116697773,Blacksmith Road Solar 1,Solar power station,41.60169,-70.605
United States,Q30,http://www.wikidata.org/entity/Q116715682,Vaca Dixon Solar Station,Solar power station,38.4106,-121.9264
United States,Q30,http://www.wikidata.org/entity/Q116697738,Harmony Solar,Solar power station,44.98,-69.54635
United States,Q30,http://www.wikidata.org/entity/Q116697772,Marlborough Solar,Solar power station,41.66398,-73.97007
United States,Q30,http://www.wikidata.org/entity/Q116697838,USCG Puerto Rico PV,Solar power station,18.498007,-67.13052
United States,Q30,http://www.wikidata.org/entity/Q116715528,Hall's Warehouse Solar Project,Solar power station,40.573708,-74.39441
United States,Q30,http://www.wikidata.org/entity/Q116715651,SunEdison Ironwood State Prison,Solar power station,33.567268,-114.918
United States,Q30,http://www.wikidata.org/entity/Q116697770,Maple City,Solar power station,43.279547,-92.79127
United States,Q30,http://www.wikidata.org/entity/Q116715553,Atlantic City Convention Center,Solar power station,39.3639,-74.4408
United States,Q30,http://www.wikidata.org/entity/Q116697808,Arecibo Filtration Plant,Solar power station,18.426418,-66.6325
United States,Q30,http://www.wikidata.org/entity/Q116712133,General Electric Aircraft Engines,Solar power station,42.45,-70.9739
United States,Q30,http://www.wikidata.org/entity/Q116697731,Kearsarge West Shore Solar LLC,Solar power station,41.6202,-71.26842
United States,Q30,http://www.wikidata.org/entity/Q116697726,Dynamic Corinth (CSG),Solar power station,45.011548,-69.0267
United States,Q30,http://www.wikidata.org/entity/Q116715649,Walgreens Woodland Distribution Center,Solar power station,38.674894,-121.7134
United States,Q30,http://www.wikidata.org/entity/Q116697778,Lenox Renewables,Solar power station,43.11064,-75.77579
United States,Q30,http://www.wikidata.org/entity/Q116697767,Angelica Solar Site 2,Solar power station,42.304408,-78.07668
United States,Q30,http://www.wikidata.org/entity/Q116697789,PNA Rossford Solar Array,Solar power station,41.614879,-83.55724
United States,Q30,http://www.wikidata.org/entity/Q116715560,Gap Pacific Distribution Center,Solar power station,36.806476,-121.7745
United States,Q30,http://www.wikidata.org/entity/Q116697800,Pfizer Guayama,Solar power station,17.963472,-66.14796
United States,Q30,http://www.wikidata.org/entity/Q116715585,CM10,Solar power station,35.7881,-114.9933
United States,Q30,http://www.wikidata.org/entity/Q116715070,Prescott Airport,Solar power station,34.6584,-112.4008
United States,Q30,http://www.wikidata.org/entity/Q116697754,Clay FC,Solar power station,38.75066,-88.50682
United States,Q30,http://www.wikidata.org/entity/Q116697809,Canovanas Filtration Plant,Solar power station,18.377243,-65.87931
United States,Q30,http://www.wikidata.org/entity/Q116715655,SunEdison Anheuser Busch Fairfield,Solar power station,38.232108,-122.0927
United States,Q30,http://www.wikidata.org/entity/Q116697788,Water Street Solar,Solar power station,44.2424,-69.7543
United States,Q30,http://www.wikidata.org/entity/Q116697768,West Valley Solar,Solar power station,42.449,-78.652
United States,Q30,http://www.wikidata.org/entity/Q116715634,MF Mesa Lane LLC,Solar power station,40.1483,-74.7772
United States,Q30,http://www.wikidata.org/entity/Q116697766,Angelica Solar Site 1,Solar power station,42.30639,-78.07039
United States,Q30,http://www.wikidata.org/entity/Q116715534,Pennsauken Solar,Solar power station,39.9894,-75.04
United States,Q30,http://www.wikidata.org/entity/Q116715638,Solar Photovoltaic Project #02,Solar power station,33.985244,-117.7008
United States,Q30,http://www.wikidata.org/entity/Q116697787,"Cortez Solar 1, LLC",Solar power station,37.361706,-108.5247
United States,Q30,http://www.wikidata.org/entity/Q116697799,Martino,Solar power station,18.05695,-66.57895
United States,Q30,http://www.wikidata.org/entity/Q116715429,CalRenew-1,Solar power station,36.7575,-120.3658
United States,Q30,http://www.wikidata.org/entity/Q116697780,French Road Solar II,Solar power station,42.06052,-88.5451
United States,Q30,http://www.wikidata.org/entity/Q116697758,Sugar Hill Solar 1,Solar power station,42.83259,-73.84255
United States,Q30,http://www.wikidata.org/entity/Q116697774,Electric Avenue Lunenburg Solar 1,Solar power station,42.58617,-71.75287
United States,Q30,http://www.wikidata.org/entity/Q116697779,OE IL Solar 3,Solar power station,42.02005,-89.36263
United States,Q30,http://www.wikidata.org/entity/Q116697763,Salvation Army Solar,Solar power station,39.95526,-75.10218
United States,Q30,http://www.wikidata.org/entity/Q116697837,Fort Buchanan Distributed Generation,Solar power station,18.408354,-66.11616
United States,Q30,http://www.wikidata.org/entity/Q116715654,Kohls San Bernardino Solar Facility,Solar power station,34.094695,-117.2668
United States,Q30,http://www.wikidata.org/entity/Q116697749,DRPA Woodcrest Station Solar Project,Solar power station,39.907271,-75.04693
United States,Q30,http://www.wikidata.org/entity/Q116697785,Putah Creek Solar Farm North,Solar power station,38.521,-122.994
United States,Q30,http://www.wikidata.org/entity/Q116712845,Stillwater Facility,Solar power station,39.547537,-118.5556
United States,Q30,http://www.wikidata.org/entity/Q116697760,3232 Batavia Solar,Solar power station,43.00024,-78.26818
United States,Q30,http://www.wikidata.org/entity/Q116715722,Calpine Vineland Solar LLC,Solar power station,39.4636,-75.0667
United States,Q30,http://www.wikidata.org/entity/Q116697757,IL West Hallock Project1,Solar power station,40.92402,-89.63196
United States,Q30,http://www.wikidata.org/entity/Q116697727,Dynamic Madison,Solar power station,44.791662,-69.7374
United States,Q30,http://www.wikidata.org/entity/Q116697812,"Humacao Solar Project, LLC",Solar power station,18.134597,-65.82234
United States,Q30,http://www.wikidata.org/entity/Q116699342,"Bullock Solar, LLC",Solar power station,36.475369,-78.31508
United States,Q30,http://www.wikidata.org/entity/Q116697719,"VS LADWPGLP Francisco, LLC",Solar power station,33.849,-118.304
United States,Q30,http://www.wikidata.org/entity/Q116715525,Sacramento Soleil LLC,Solar power station,38.44979,-121.1647
United States,Q30,http://www.wikidata.org/entity/Q116697750,Amazon MDW7 Solar Project,Solar power station,41.424123,-87.77283
United States,Q30,http://www.wikidata.org/entity/Q116697715,"Clear Solar I, LLC",Solar power station,35.308314,-81.84183
United States,Q30,http://www.wikidata.org/entity/Q116715375,Lanai Solar-Electric Plant,Solar power station,20.7667,-156.9233
United States,Q30,http://www.wikidata.org/entity/Q116697745,Skalbeck Solar,Solar power station,44.787094,-95.36881
United States,Q30,http://www.wikidata.org/entity/Q116712298,Sunray 3,Solar power station,34.863356,-116.8276
United States,Q30,http://www.wikidata.org/entity/Q116712297,Sunray 2,Solar power station,34.863356,-116.8276
United States,Q30,http://www.wikidata.org/entity/Q116697734,Kankakee 2,Solar power station,41.176011,-87.87952
United States,Q30,http://www.wikidata.org/entity/Q116697762,"Middleton Biogas Solar, LLC",Solar power station,43.1233,-89.5466
United States,Q30,http://www.wikidata.org/entity/Q116697803,Oriana Energy Hybrid,Solar power station,18.475032,-67.04641
United States,Q30,http://www.wikidata.org/entity/Q116697753,IL Sidney Project1,Solar power station,40.0274,-88.04693
United States,Q30,http://www.wikidata.org/entity/Q116697775,Harbor Road Solar 1,Solar power station,42.58967,-73.13016
United States,Q30,http://www.wikidata.org/entity/Q116715652,SunEdison Procter & Gamble Oxnard,Solar power station,34.2089,-119.13
United States,Q30,http://www.wikidata.org/entity/Q116715539,PPL Renewable Energy Merck Solar,Solar power station,40.727386,-74.3783
United States,Q30,http://www.wikidata.org/entity/Q116715647,SunEdison Walgreens Moreno Valley,Solar power station,33.8672,-117.23
United States,Q30,http://www.wikidata.org/entity/Q116697776,Solar Star Urbana Landfill East,Solar power station,40.12078,-88.17688
United States,Q30,http://www.wikidata.org/entity/Q116697807,El Yunque Filtration Plant,Solar power station,18.37739,-65.81755
United States,Q30,http://www.wikidata.org/entity/Q116697730,Hecate Energy Upshur Rural LLC,Solar power station,32.843248,-94.73192
United States,Q30,http://www.wikidata.org/entity/Q116718337,Imperial Valley Solar Company 1 LLC,Solar power station,33.245833,-115.4967
United States,Q30,http://www.wikidata.org/entity/Q116718480,Kent County - Worton Complex,Solar power station,39.280833,-76.09083
United States,Q30,http://www.wikidata.org/entity/Q116718360,BBB Corporate Headquarters,Solar power station,40.697222,-74.305
United States,Q30,http://www.wikidata.org/entity/Q116718466,Milford Solar Farm,Solar power station,38.923056,-75.45333
United States,Q30,http://www.wikidata.org/entity/Q116718489,CBS Television City,Solar power station,34.075,-118.36
United States,Q30,http://www.wikidata.org/entity/Q116718444,RE Victor Phelan Solar One LLC,Solar power station,34.51231,-117.4775
United States,Q30,http://www.wikidata.org/entity/Q116718457,West Greenwich Solar,Solar power station,41.649444,-71.71
United States,Q30,http://www.wikidata.org/entity/Q116718318,Buckeye Union HS District 201,Solar power station,33.419167,-112.5761
United States,Q30,http://www.wikidata.org/entity/Q116718519,Venable Solar 1,Solar power station,33.598889,-114.5717
United States,Q30,http://www.wikidata.org/entity/Q116718517,Freetown Solar,Solar power station,41.766389,-70.98083
United States,Q30,http://www.wikidata.org/entity/Q116718476,Kent County-Kennedyville,Solar power station,39.297222,-75.98222
United States,Q30,http://www.wikidata.org/entity/Q116718468,Tahquitz High School,Solar power station,33.767222,-117.0175
United States,Q30,http://www.wikidata.org/entity/Q116718355,Intel Folsom,Solar power station,38.645119,-121.173
United States,Q30,http://www.wikidata.org/entity/Q116718521,Jewish Community Center PV,Solar power station,33.603056,-111.9247
United States,Q30,http://www.wikidata.org/entity/Q116718446,Grassland 3&4 Solar Project,Solar power station,38.500278,-121.6942
United States,Q30,http://www.wikidata.org/entity/Q116718459,Grassland 1&2 Solar Project,Solar power station,38.500278,-121.6942
United States,Q30,http://www.wikidata.org/entity/Q116718516,Leicester One MA Solar LLC,Solar power station,42.222778,-71.87861
United States,Q30,http://www.wikidata.org/entity/Q116718401,TA-High Desert LLC,Solar power station,34.708889,-118.3047
United States,Q30,http://www.wikidata.org/entity/Q116718293,Alpaugh 50,Solar power station,35.898333,-119.4353
United States,Q30,http://www.wikidata.org/entity/Q116718467,Lincoln Financial Field,Solar power station,39.900833,-75.1675
United States,Q30,http://www.wikidata.org/entity/Q116718364,Green Meadows,Solar power station,41.669444,-70.53194
United States,Q30,http://www.wikidata.org/entity/Q116718323,Black Mountain Solar LLC,Solar power station,35.0227,-114.1627
United States,Q30,http://www.wikidata.org/entity/Q116718363,Bed Bath & Beyond DC Port Reading NJ,Solar power station,40.568333,-74.2425
United States,Q30,http://www.wikidata.org/entity/Q116718477,Kit Carson,Solar power station,36.966667,-105.4381
United States,Q30,http://www.wikidata.org/entity/Q116718499,Badger 1,Solar power station,33.498003,-112.8135
United States,Q30,http://www.wikidata.org/entity/Q116718484,Pierce College,Solar power station,34.183611,-118.5747
United States,Q30,http://www.wikidata.org/entity/Q116718505,Acushnet Hawes Reed Road,Solar power station,41.662222,-71.0425
United States,Q30,http://www.wikidata.org/entity/Q116718346,SEPV 2,Solar power station,34.174167,-116.1528
United States,Q30,http://www.wikidata.org/entity/Q116718300,IKEA Round Rock 027,Solar power station,30.557044,-97.69029
United States,Q30,http://www.wikidata.org/entity/Q116718352,AMP Napoleon Solar Facility,Solar power station,41.406667,-84.11083
United States,Q30,http://www.wikidata.org/entity/Q116718510,Mass Midstate Solar 2,Solar power station,42.170417,-72.20015
United States,Q30,http://www.wikidata.org/entity/Q116718339,Laredo Bus Facility Solar Canopies,Solar power station,33.783333,-84.26778
United States,Q30,http://www.wikidata.org/entity/Q116718522,Paradise Valley H.S. PV,Solar power station,33.6416,-111.9997
United States,Q30,http://www.wikidata.org/entity/Q116718304,Copper Mountain Solar 2,Solar power station,35.786389,-114.9628
United States,Q30,http://www.wikidata.org/entity/Q116718508,Raeford Farm,Solar power station,34.968889,-79.21194
United States,Q30,http://www.wikidata.org/entity/Q116718313,IKEA Tejon 345,Solar power station,34.975278,-118.9469
United States,Q30,http://www.wikidata.org/entity/Q116718317,Riverside Renewable Energy LLC,Solar power station,39.903056,-75.12583
United States,Q30,http://www.wikidata.org/entity/Q116718285,Apple Data Center PV,Solar power station,35.588135,-81.25198
United States,Q30,http://www.wikidata.org/entity/Q116718321,United Stationers Supply Solar Electric,Solar power station,40.320556,-74.50167
United States,Q30,http://www.wikidata.org/entity/Q116718302,IKEA College Park 411,Solar power station,39.021,-76.926
United States,Q30,http://www.wikidata.org/entity/Q116718384,Depot Park Solar System,Solar power station,38.515,-121.3983
United States,Q30,http://www.wikidata.org/entity/Q116718276,SunE EPE2 LLC,Solar power station,32.251667,-106.9133
United States,Q30,http://www.wikidata.org/entity/Q116718424,M. G. Emmett J. Bean Federal Center,Solar power station,39.853056,-86.01444
United States,Q30,http://www.wikidata.org/entity/Q116718297,SunE CPS3 LLC,Solar power station,29.221944,-98.66917
United States,Q30,http://www.wikidata.org/entity/Q116718345,SEPV 1,Solar power station,34.618861,-117.9394
United States,Q30,http://www.wikidata.org/entity/Q116718292,Alpaugh North,Solar power station,35.9025,-119.4428
United States,Q30,http://www.wikidata.org/entity/Q116718343,Mercer Mall,Solar power station,40.290556,-74.68194
United States,Q30,http://www.wikidata.org/entity/Q116718398,SVEP Solar Project Company,Solar power station,42.753611,-73.22611
United States,Q30,http://www.wikidata.org/entity/Q116718399,Williamstown Solar,Solar power station,44.113056,-72.60583
United States,Q30,http://www.wikidata.org/entity/Q116718274,Meridian Vineyards,Solar power station,35.670278,-120.5669
United States,Q30,http://www.wikidata.org/entity/Q116718507,South Robeson Farm,Solar power station,34.561146,-79.28097
United States,Q30,http://www.wikidata.org/entity/Q116718287,Foothills Solar Plant Hybrid,Solar power station,32.6396,-114.4308
United States,Q30,http://www.wikidata.org/entity/Q116718314,Reeves Station Rd East,Solar power station,39.928333,-74.81444
United States,Q30,http://www.wikidata.org/entity/Q116718282,Shrewsbury Solar,Solar power station,42.266111,-71.69583
United States,Q30,http://www.wikidata.org/entity/Q116718284,Boston Scientific Solar,Solar power station,42.293333,-71.03389
United States,Q30,http://www.wikidata.org/entity/Q116718520,Venable Solar 2,Solar power station,33.597222,-114.5717
United States,Q30,http://www.wikidata.org/entity/Q116718362,Harmon DC Totowa NJ,Solar power station,40.903889,-74.24778
United States,Q30,http://www.wikidata.org/entity/Q116718358,Middlesex Apple Orchard Solar,Solar power station,40.426389,-74.49222
United States,Q30,http://www.wikidata.org/entity/Q116718454,NFM Solar Power LLC,Solar power station,42.610833,-72.47417
United States,Q30,http://www.wikidata.org/entity/Q116718514,Millbury Solar,Solar power station,42.164722,-71.795
United States,Q30,http://www.wikidata.org/entity/Q116718485,VA Sepulveda Ambulatory Care Center,Solar power station,34.248889,-118.4833
United States,Q30,http://www.wikidata.org/entity/Q116718361,Christmas Tree Shops DC Burlington NJ,Solar power station,40.104167,-74.81278
United States,Q30,http://www.wikidata.org/entity/Q116718383,La Joya Del Sol,Solar power station,36.678611,-119.7975
United States,Q30,http://www.wikidata.org/entity/Q116718506,Easthampton Landfill-City of Easthampton,Solar power station,42.286944,-72.70139
United States,Q30,http://www.wikidata.org/entity/Q116718515,Lanikuhana Solar LLC,Solar power station,21.4287,-158.0236
United States,Q30,http://www.wikidata.org/entity/Q116718448,West Gates Solar Station,Solar power station,36.142222,-120.1325
United States,Q30,http://www.wikidata.org/entity/Q116718470,SEPV 8,Solar power station,34.171944,-116.1525
United States,Q30,http://www.wikidata.org/entity/Q116718392,Outback Solar At Christmas Valley,Solar power station,43.236944,-120.49
United States,Q30,http://www.wikidata.org/entity/Q116718253,Shore Point Solar,Solar power station,40.245,-74.24333
United States,Q30,http://www.wikidata.org/entity/Q116718330,Jordache Enterprises Solar,Solar power station,40.55569,-74.40836
United States,Q30,http://www.wikidata.org/entity/Q116718387,Wakefern Food Corp,Solar power station,40.51,-74.32833
United States,Q30,http://www.wikidata.org/entity/Q116718298,IKEA Savannah 490,Solar power station,32.177535,-81.17378
United States,Q30,http://www.wikidata.org/entity/Q116718420,Prairie Fire,Solar power station,32.116389,-110.82
United States,Q30,http://www.wikidata.org/entity/Q116718320,Axium Modesto Solar,Solar power station,37.734167,-120.9956
United States,Q30,http://www.wikidata.org/entity/Q116718281,Groveland Solar,Solar power station,42.751111,-71.03722
United States,Q30,http://www.wikidata.org/entity/Q116718492,Los Alamos PV Site,Solar power station,35.875556,-106.31
United States,Q30,http://www.wikidata.org/entity/Q116718348,Edwards Air Force Base,Solar power station,34.9077,-117.9206
United States,Q30,http://www.wikidata.org/entity/Q116718423,Wilson Solar,Solar power station,42.264167,-71.98
United States,Q30,http://www.wikidata.org/entity/Q116718315,Padelford Solar,Solar power station,41.853333,-71.065
United States,Q30,http://www.wikidata.org/entity/Q116718431,180 Raritan Solar,Solar power station,40.516111,-74.34
United States,Q30,http://www.wikidata.org/entity/Q116718263,Butte College Main Campus Solar,Solar power station,39.648056,-121.6442
United States,Q30,http://www.wikidata.org/entity/Q116718413,Slayton Solar,Solar power station,43.980278,-95.76722
United States,Q30,http://www.wikidata.org/entity/Q116718400,RE Kansas South LLC,Solar power station,36.226111,-119.8342
United States,Q30,http://www.wikidata.org/entity/Q116718465,SEPV9 Power Plant,Solar power station,34.192222,-116.0903
United States,Q30,http://www.wikidata.org/entity/Q116718531,Kingsburg Solar,Solar power station,36.505278,-119.5403
United States,Q30,http://www.wikidata.org/entity/Q116718496,Kalaeloa Solar Two,Solar power station,21.32,-158.0869
United States,Q30,http://www.wikidata.org/entity/Q116718456,Saddle Mountain Solar I,Solar power station,33.378333,-113.1808
United States,Q30,http://www.wikidata.org/entity/Q116718498,FAA NorCal TRACON,Solar power station,38.559533,-121.2576
United States,Q30,http://www.wikidata.org/entity/Q116718481,West Valley High School Solar,Solar power station,33.719722,-117.0097
United States,Q30,http://www.wikidata.org/entity/Q116718394,Washington White Post Solar LLC,Solar power station,35.5052,-76.8484
United States,Q30,http://www.wikidata.org/entity/Q116718303,IKEA Westhampton 061,Solar power station,40.013889,-74.85361
United States,Q30,http://www.wikidata.org/entity/Q116718478,Rock Hall,Solar power station,39.144369,-76.23164
United States,Q30,http://www.wikidata.org/entity/Q116718301,IKEA Perryville 460,Solar power station,39.560833,-76.05528
United States,Q30,http://www.wikidata.org/entity/Q116718504,Acushnet AD Makepeace,Solar power station,41.798889,-70.74361
United States,Q30,http://www.wikidata.org/entity/Q116718312,SunE CPS2 LLC,Solar power station,29.245,-98.41833
United States,Q30,http://www.wikidata.org/entity/Q116718341,SunE CPS1 LLC,Solar power station,29.245,-98.41833
United States,Q30,http://www.wikidata.org/entity/Q116718278,SunE EPE1 LLC,Solar power station,32.034383,-106.341
United States,Q30,http://www.wikidata.org/entity/Q116718513,Mass Midstate Solar 1,Solar power station,42.219722,-71.87833
United States,Q30,http://www.wikidata.org/entity/Q116718509,Mass Midstate Solar 3,Solar power station,42.219722,-71.87861
United States,Q30,http://www.wikidata.org/entity/Q116718316,Nickel 1 Solar Facility,Solar power station,35.647295,-119.7165
United States,Q30,http://www.wikidata.org/entity/Q116721538,Quichapa 2,Solar power station,37.666772,-113.189
United States,Q30,http://www.wikidata.org/entity/Q116721526,Tripple State Farm,Solar power station,35.734972,-80.77487
United States,Q30,http://www.wikidata.org/entity/Q116721539,Quichapa 3,Solar power station,37.649816,-113.2369
United States,Q30,http://www.wikidata.org/entity/Q116721576,Argo Navis Community Solar,Solar power station,45.255245,-92.77228
United States,Q30,http://www.wikidata.org/entity/Q116721548,"CF Novel Solar CSG Gardens Two, LLC",Solar power station,43.845905,-93.83675
United States,Q30,http://www.wikidata.org/entity/Q116721543,Salisbury Solar,Solar power station,35.632585,-80.42263
United States,Q30,http://www.wikidata.org/entity/Q116721590,"OR Solar 2, LLC",Solar power station,42.542084,-122.7813
United States,Q30,http://www.wikidata.org/entity/Q116721470,Brook Street Solar 1 CSG,Solar power station,41.955897,-70.78613
United States,Q30,http://www.wikidata.org/entity/Q116721540,Elizabeth Mines Solar 1,Solar power station,43.823611,-72.33111
United States,Q30,http://www.wikidata.org/entity/Q116721560,RB Manufacturing LLC Belle Mead NJ,Solar power station,40.483601,-74.65012
United States,Q30,http://www.wikidata.org/entity/Q116721566,IKEA Miami 327,Solar power station,25.7915,-80.3838
United States,Q30,http://www.wikidata.org/entity/Q116721505,Loggerhead Solar Energy Center,Solar power station,27.237778,-80.54139
United States,Q30,http://www.wikidata.org/entity/Q116721542,Bedford Solar,Solar power station,37.335046,-79.481
United States,Q30,http://www.wikidata.org/entity/Q116721518,Lemond Solar,Solar power station,44.080995,-93.28593
United States,Q30,http://www.wikidata.org/entity/Q116721502,Solar Star Oregon II,Solar power station,44.1843,-120.918
United States,Q30,http://www.wikidata.org/entity/Q116721569,Antares Community Solar,Solar power station,44.226179,-95.6238
United States,Q30,http://www.wikidata.org/entity/Q116721565,EE Waianae Solar Project,Solar power station,21.452002,-158.1879
United States,Q30,http://www.wikidata.org/entity/Q116721469,Redbrook Community Solar 1,Solar power station,41.829117,-70.61484
United States,Q30,http://www.wikidata.org/entity/Q116721536,Bakersfield PV 1,Solar power station,35.324982,-118.9815
United States,Q30,http://www.wikidata.org/entity/Q116721507,IMPA Anderson Solar Park 2,Solar power station,40.138307,-85.69091
United States,Q30,http://www.wikidata.org/entity/Q116721573,Caelum Community Solar,Solar power station,45.662006,-93.93678
United States,Q30,http://www.wikidata.org/entity/Q116721550,WasecaSun,Solar power station,44.051448,-93.38646
United States,Q30,http://www.wikidata.org/entity/Q116721490,Harford Solar Farm,Solar power station,42.448,-76.245
United States,Q30,http://www.wikidata.org/entity/Q116721574,Andromeda Community Solar,Solar power station,44.901926,-94.03163
United States,Q30,http://www.wikidata.org/entity/Q116721468,SCDA Solar 1,Solar power station,38.690186,-121.5865
United States,Q30,http://www.wikidata.org/entity/Q116721570,Corvus Community Solar,Solar power station,44.191352,-93.944
United States,Q30,http://www.wikidata.org/entity/Q116721586,"231 Dixon 74 Solar I, LLC",Solar power station,35.244125,-81.43039
United States,Q30,http://www.wikidata.org/entity/Q116721491,Floyd Road Solar Farm,Solar power station,36.50592,-77.67747
United States,Q30,http://www.wikidata.org/entity/Q116721478,Stafford St 2 Community Solar,Solar power station,42.224044,-71.87065
United States,Q30,http://www.wikidata.org/entity/Q116721479,Stafford St Solar 3 CSG,Solar power station,42.224044,-71.87065
United States,Q30,http://www.wikidata.org/entity/Q116721477,Stafford St Solar 1 CSG,Solar power station,42.224044,-71.87065
United States,Q30,http://www.wikidata.org/entity/Q116721510,Kramer Solar CSG,Solar power station,44.746994,-94.70574
United States,Q30,http://www.wikidata.org/entity/Q116721568,Pegasus Community Solar,Solar power station,45.495453,-95.12468
United States,Q30,http://www.wikidata.org/entity/Q116721472,Bullock Road Solar 1,Solar power station,41.728936,-70.99045
United States,Q30,http://www.wikidata.org/entity/Q116721583,IKEA Joliet Rooftop PV System,Solar power station,41.48,-88.07
United States,Q30,http://www.wikidata.org/entity/Q116721475,Marin Clean Energy Solar One,Solar power station,37.945296,-122.3772
United States,Q30,http://www.wikidata.org/entity/Q116721484,Hollyfield,Solar power station,37.672005,-77.17044
United States,Q30,http://www.wikidata.org/entity/Q116721465,Musgrave East Solar Farm,Solar power station,42.731496,-76.66367
United States,Q30,http://www.wikidata.org/entity/Q116721476,Musgrave West Solar Farm,Solar power station,42.731496,-76.66367
United States,Q30,http://www.wikidata.org/entity/Q116721460,Everett PV1,Solar power station,35.821137,-77.30957
United States,Q30,http://www.wikidata.org/entity/Q116721524,Luning Energy,Solar power station,38.546947,-118.1916
United States,Q30,http://www.wikidata.org/entity/Q116721535,Delano Land 1,Solar power station,35.761217,-119.3444
United States,Q30,http://www.wikidata.org/entity/Q116721553,Intel Folsom Phase 3,Solar power station,38.645961,-121.1626
United States,Q30,http://www.wikidata.org/entity/Q116721504,Barefoot Bay Solar Energy Center,Solar power station,27.865833,-80.52111
United States,Q30,http://www.wikidata.org/entity/Q116721520,Pemberton Road II,Solar power station,39.979936,-74.70192
United States,Q30,http://www.wikidata.org/entity/Q116721480,"Siler 421 Farm, LLC",Solar power station,35.747372,-79.44968
United States,Q30,http://www.wikidata.org/entity/Q116721512,Novel - OYA of Mapleton CSG,Solar power station,43.93,-93.96
United States,Q30,http://www.wikidata.org/entity/Q116721584,IKEA Las Vegas 462,Solar power station,36.068926,-115.2808
United States,Q30,http://www.wikidata.org/entity/Q116721567,Taurus Community Solar,Solar power station,44.95028,-95.69147
United States,Q30,http://www.wikidata.org/entity/Q116721497,Canandaigua Westbrook Solar Array,Solar power station,42.869086,-77.28446
United States,Q30,http://www.wikidata.org/entity/Q116721515,AES Lawai Solar Hybrid,Solar power station,21.90823,-159.492
United States,Q30,http://www.wikidata.org/entity/Q116721471,Spring Street Solar 1 CSG,Solar power station,41.942522,-70.7664
United States,Q30,http://www.wikidata.org/entity/Q116721537,Bakersfield Industrial PV 1,Solar power station,35.330032,-118.9931
United States,Q30,http://www.wikidata.org/entity/Q116721485,Hammock Solar,Solar power station,26.692646,-81.32495
United States,Q30,http://www.wikidata.org/entity/Q116721516,"BWC Wading River One, Two, Three CSG",Solar power station,42.085278,-71.52667
United States,Q30,http://www.wikidata.org/entity/Q116721489,Blue Cypress Solar Energy Center,Solar power station,27.609456,-80.53719
United States,Q30,http://www.wikidata.org/entity/Q116721557,Boaz Farm Solar,Solar power station,35.46777,-79.13444
United States,Q30,http://www.wikidata.org/entity/Q116721525,Stone Solar,Solar power station,34.583119,-79.03184
United States,Q30,http://www.wikidata.org/entity/Q116721577,Pfeffers,Solar power station,39.42757,-76.39356
United States,Q30,http://www.wikidata.org/entity/Q116721530,Battle Mountain Solar Project,Solar power station,40.718433,-117.0614
United States,Q30,http://www.wikidata.org/entity/Q116721587,"Mill Pond Solar Farm, LLC",Solar power station,34.307121,-78.70146
United States,Q30,http://www.wikidata.org/entity/Q116721457,French's Landfill PV,Solar power station,40.109677,-74.1302
United States,Q30,http://www.wikidata.org/entity/Q116721549,"CF Novel Solar CSG Gardens Eleven, LLC",Solar power station,44.24,-93.96
United States,Q30,http://www.wikidata.org/entity/Q116721544,Tolson Solar,Solar power station,35.829572,-77.61587
United States,Q30,http://www.wikidata.org/entity/Q116721498,Canandaigua Solar Array,Solar power station,42.86887,-77.28456
United States,Q30,http://www.wikidata.org/entity/Q116721529,Syncarpha Freetown,Solar power station,41.768919,-70.78649
United States,Q30,http://www.wikidata.org/entity/Q116721541,Nebraska Valley Solar Farm,Solar power station,44.46234,-72.77086
United States,Q30,http://www.wikidata.org/entity/Q116721456,"Darlington Solar, LLC",Solar power station,34.32,-79.917
United States,Q30,http://www.wikidata.org/entity/Q116721506,Greenfield Solar Park,Solar power station,39.793847,-85.81651
United States,Q30,http://www.wikidata.org/entity/Q116721585,"Barker Solar, LLC",Solar power station,34.635599,-78.92866
United States,Q30,http://www.wikidata.org/entity/Q116721563,Columbus Solar Project,Solar power station,31.86673,-107.5875
United States,Q30,http://www.wikidata.org/entity/Q116721572,Carina Community Solar,Solar power station,44.164677,-92.24119
United States,Q30,http://www.wikidata.org/entity/Q116721571,Capella Community Solar,Solar power station,44.0901,-96.1612
United States,Q30,http://www.wikidata.org/entity/Q116721481,Indian River Solar Center,Solar power station,27.573256,-80.57818
United States,Q30,http://www.wikidata.org/entity/Q116721562,Onset West Community Solar Facility,Solar power station,41.757027,-70.65368
United States,Q30,http://www.wikidata.org/entity/Q116721561,Onset East Community Solar Facility,Solar power station,41.757027,-70.65368
United States,Q30,http://www.wikidata.org/entity/Q116721591,"OR Solar 3, LLC",Solar power station,42.022336,-121.4189
United States,Q30,http://www.wikidata.org/entity/Q116721458,Ramona Solar Energy,Solar power station,33.018486,-116.8607
United States,Q30,http://www.wikidata.org/entity/Q116721589,T0588 Phoenix - AZ,Solar power station,33.447225,-112.2177
United States,Q30,http://www.wikidata.org/entity/Q116721579,Century Drive Solar Farm,Solar power station,35.837841,-78.6689
United States,Q30,http://www.wikidata.org/entity/Q116721547,Marmas Solar CSG,Solar power station,45.556056,-94.11711
United States,Q30,http://www.wikidata.org/entity/Q116721483,Coral Farms Solar Energy Center,Solar power station,29.756944,-81.89722
United States,Q30,http://www.wikidata.org/entity/Q116721528,Sampson Solar,Solar power station,34.961039,-78.47054
United States,Q30,http://www.wikidata.org/entity/Q116721508,DG AMP Solar Front Royal,Solar power station,38.929,-78.18
United States,Q30,http://www.wikidata.org/entity/Q116721482,Horizon Solar Energy Center,Solar power station,29.665556,-82.05833
United States,Q30,http://www.wikidata.org/entity/Q116721575,Lyra Community Solar,Solar power station,44.240346,-93.58579
United States,Q30,http://www.wikidata.org/entity/Q116721532,Ku'ia Solar,Solar power station,20.886013,-156.6579
United States,Q30,http://www.wikidata.org/entity/Q116721559,MILL SOLAR 1,Solar power station,35.575,-80.821
United States,Q30,http://www.wikidata.org/entity/Q116721519,Pemberton Road I,Solar power station,39.981764,-74.69737
United States,Q30,http://www.wikidata.org/entity/Q116721545,Lebanon Solar Farm (MO),Solar power station,37.667831,-92.67063
United States,Q30,http://www.wikidata.org/entity/Q116721473,Chestnut Solar,Solar power station,36.18,-77.712
United States,Q30,http://www.wikidata.org/entity/Q116721527,Wadesboro Farm 1,Solar power station,34.99115,-80.09732
United States,Q30,http://www.wikidata.org/entity/Q116721546,Armstrong Solar,Solar power station,45.642252,-95.35635
United States,Q30,http://www.wikidata.org/entity/Q116721461,Underwood PV2,Solar power station,36.419353,-77.04954
United States,Q30,http://www.wikidata.org/entity/Q116721459,Iron Horse Battery Storage Hybrid,Solar power station,32.098492,-110.8191
United States,Q30,http://www.wikidata.org/entity/Q116721455,Northern Cardinal Solar,Solar power station,36.433289,-77.71975
United States,Q30,http://www.wikidata.org/entity/Q116721588,Merck - Upper Gwynedd Solar Array,Solar power station,40.215399,-75.28309
United States,Q30,http://www.wikidata.org/entity/Q116721503,Wildflower Solar Energy Center,Solar power station,27.316187,-81.7839
United States,Q30,http://www.wikidata.org/entity/Q116721558,Bizzell Church Solar 2,Solar power station,35.544405,-78.1772
United States,Q30,http://www.wikidata.org/entity/Q116721511,Novel OYA of Osakis CSG,Solar power station,45.85,-95.15
United States,Q30,http://www.wikidata.org/entity/Q116718242,Walmart Casa Grande,Solar power station,32.866837,-111.7718
United States,Q30,http://www.wikidata.org/entity/Q116718206,Queen Creek Solar Farm,Solar power station,33.2675,-111.6122
United States,Q30,http://www.wikidata.org/entity/Q116718147,RE Bagdad Solar I LLC,Solar power station,34.585833,-113.1772
United States,Q30,http://www.wikidata.org/entity/Q116718093,"CS Murphy Point, LLC",Solar power station,34.989539,-84.1662
United States,Q30,http://www.wikidata.org/entity/Q116716470,ETS Ewing Solar Facility,Solar power station,40.281801,-74.79364
United States,Q30,http://www.wikidata.org/entity/Q116718250,NJ Oak Solar Plant,Solar power station,39.380565,-75.18831
United States,Q30,http://www.wikidata.org/entity/Q116718080,SMUD at Van Conett,Solar power station,38.253056,-121.2789
United States,Q30,http://www.wikidata.org/entity/Q116718058,City & County of Denver at Denver Int'l,Solar power station,39.904133,-104.6542
United States,Q30,http://www.wikidata.org/entity/Q116718110,The City of Vineland at North Vineland,Solar power station,39.505034,-74.9977
United States,Q30,http://www.wikidata.org/entity/Q116718139,RE Kammerer 2 LLC,Solar power station,38.365053,-121.3811
United States,Q30,http://www.wikidata.org/entity/Q116718137,RE Kammerer 1 LLC,Solar power station,38.365053,-121.3811
United States,Q30,http://www.wikidata.org/entity/Q116718141,RE Kammerer 3 LLC,Solar power station,38.365053,-121.3811
United States,Q30,http://www.wikidata.org/entity/Q116718215,Improvement Dst No. 4,Solar power station,35.402778,-119.0386
United States,Q30,http://www.wikidata.org/entity/Q116718108,North Palm Springs 4A,Solar power station,33.909722,-116.5625
United States,Q30,http://www.wikidata.org/entity/Q116718176,Dinuba Wastewater Treatment Plant,Solar power station,36.538056,-119.4264
United States,Q30,http://www.wikidata.org/entity/Q116718055,500 Virginia Solar,Solar power station,40.139167,-75.19167
United States,Q30,http://www.wikidata.org/entity/Q116718153,Golden Springs Building C-1,Solar power station,33.914167,-118.0536
United States,Q30,http://www.wikidata.org/entity/Q116718087,"Murphy Farm Power, LLC",Solar power station,34.999167,-84.15725
United States,Q30,http://www.wikidata.org/entity/Q116718081,SMUD at Fleshman,Solar power station,38.237778,-121.3375
United States,Q30,http://www.wikidata.org/entity/Q116716464,Albuquerque Solar Energy Center,Solar power station,35.168957,-106.6001
United States,Q30,http://www.wikidata.org/entity/Q116718132,Palo Verde College,Solar power station,33.661667,-114.6517
United States,Q30,http://www.wikidata.org/entity/Q116718243,Town of Uxbridge MA at Commerce Dr,Solar power station,42.043889,-71.6175
United States,Q30,http://www.wikidata.org/entity/Q116718111,FedEx Field Solar Facility,Solar power station,38.907778,-76.86444
United States,Q30,http://www.wikidata.org/entity/Q116718238,Douglas Solar,Solar power station,42.06,-71.73
United States,Q30,http://www.wikidata.org/entity/Q116718193,Green Acres Solar Facility 1,Solar power station,38.282021,-121.4647
United States,Q30,http://www.wikidata.org/entity/Q116718072,McGraw Hill Solar,Solar power station,40.279722,-74.55639
United States,Q30,http://www.wikidata.org/entity/Q116718152,RE Ajo 1 LLC,Solar power station,32.367013,-112.8314
United States,Q30,http://www.wikidata.org/entity/Q116718069,Vineland Mays Landing Solar,Solar power station,39.4175,-74.97389
United States,Q30,http://www.wikidata.org/entity/Q116718166,Titusville Solar,Solar power station,40.292778,-74.84722
United States,Q30,http://www.wikidata.org/entity/Q116718114,Maple Solar,Solar power station,39.4875,-74.98083
United States,Q30,http://www.wikidata.org/entity/Q116718068,"Temescal Canyon RV, LLC",Solar power station,33.826389,-117.5117
United States,Q30,http://www.wikidata.org/entity/Q116718135,FedEx Woodbridge,Solar power station,40.506358,-74.32352
United States,Q30,http://www.wikidata.org/entity/Q116718115,SMUD at Lawrence,Solar power station,38.338868,-121.4313
United States,Q30,http://www.wikidata.org/entity/Q116718186,Dartmouth II Solar,Solar power station,41.680556,-71.03083
United States,Q30,http://www.wikidata.org/entity/Q116718063,Regulus Solar Project,Solar power station,35.3,-118.8519
United States,Q30,http://www.wikidata.org/entity/Q116718237,Solar Star California II LLC,Solar power station,38.516389,-121.4753
United States,Q30,http://www.wikidata.org/entity/Q116718189,ISH Solar Hospital Downey,Solar power station,33.921667,-118.1244
United States,Q30,http://www.wikidata.org/entity/Q116716461,La Senita,Solar power station,35.241675,-114.0046
United States,Q30,http://www.wikidata.org/entity/Q116718131,Perdue Bridgeville Photovoltaic,Solar power station,38.757689,-75.60203
United States,Q30,http://www.wikidata.org/entity/Q116718214,Gates Solar Station,Solar power station,36.176389,-120.1142
United States,Q30,http://www.wikidata.org/entity/Q116718097,Aerojet I,Solar power station,38.613508,-121.1629
United States,Q30,http://www.wikidata.org/entity/Q116716467,Los Lunas Solar Energy Center,Solar power station,34.833136,-106.7724
United States,Q30,http://www.wikidata.org/entity/Q116718059,McCormick & Co. Inc. at Belcamp,Solar power station,39.4836,-76.2292
United States,Q30,http://www.wikidata.org/entity/Q116718060,"Toys R Us- DE, Inc. at Mt. Olive, NJ",Solar power station,40.818888,-74.71861
United States,Q30,http://www.wikidata.org/entity/Q116718156,"ISH Solar Central, LLC",Solar power station,40.2675,-74.27861
United States,Q30,http://www.wikidata.org/entity/Q116718098,Aerojet II,Solar power station,38.6086,-121.1703
United States,Q30,http://www.wikidata.org/entity/Q116718194,Green Acres Solar Facility 2,Solar power station,38.28357,-121.4613
United States,Q30,http://www.wikidata.org/entity/Q116718090,City of Madera WWTP,Solar power station,36.9408,-120.1572
United States,Q30,http://www.wikidata.org/entity/Q116716473,Las Vegas Solar Energy Center,Solar power station,35.643333,-105.2067
United States,Q30,http://www.wikidata.org/entity/Q116716441,GSK York RDC Solar Facility,Solar power station,40.043856,-76.73547
United States,Q30,http://www.wikidata.org/entity/Q116718203,Perdue Salisbury Photovoltaic,Solar power station,38.373611,-75.53528
United States,Q30,http://www.wikidata.org/entity/Q116716471,Deming Solar Energy Center,Solar power station,32.165833,-107.7506
United States,Q30,http://www.wikidata.org/entity/Q116718064,Adobe Solar,Solar power station,35.102778,-118.9544
United States,Q30,http://www.wikidata.org/entity/Q116718071,Manalapan Village Solar,Solar power station,40.256667,-74.34972
United States,Q30,http://www.wikidata.org/entity/Q116718010,Robert O Schulz Solar Farm,Solar power station,37.8583,-120.8917
United States,Q30,http://www.wikidata.org/entity/Q116718065,Yamhill Solar LLC,Solar power station,45.108889,-123.2786
United States,Q30,http://www.wikidata.org/entity/Q116716457,Giffen,Solar power station,36.530278,-120.3161
United States,Q30,http://www.wikidata.org/entity/Q116716449,Taylorsville Solar LLC,Solar power station,35.909074,-81.1525
United States,Q30,http://www.wikidata.org/entity/Q116718184,L-8 Solar Project,Solar power station,34.654347,-117.9731
United States,Q30,http://www.wikidata.org/entity/Q116718244,Town of Norfolk MA at Medway Branch,Solar power station,42.127778,-71.34028
United States,Q30,http://www.wikidata.org/entity/Q116718083,Macys Goodyear,Solar power station,33.409063,-112.4146
United States,Q30,http://www.wikidata.org/entity/Q116718167,RE McKenzie 1 LLC,Solar power station,38.302594,-121.2958
United States,Q30,http://www.wikidata.org/entity/Q116718170,RE McKenzie 4 LLC,Solar power station,38.302594,-121.2958
United States,Q30,http://www.wikidata.org/entity/Q116718171,RE McKenzie 5 LLC,Solar power station,38.302594,-121.2958
United States,Q30,http://www.wikidata.org/entity/Q116718168,RE McKenzie 2 LLC,Solar power station,38.302594,-121.2958
United States,Q30,http://www.wikidata.org/entity/Q116718169,RE McKenzie 3 LLC,Solar power station,38.302594,-121.2958
United States,Q30,http://www.wikidata.org/entity/Q116718172,RE McKenzie 6 LLC,Solar power station,38.302594,-121.2958
United States,Q30,http://www.wikidata.org/entity/Q116718086,Silver Lake Solar Photovoltaic Facility,Solar power station,42.4525,-73.2403
United States,Q30,http://www.wikidata.org/entity/Q116718084,Indian Orchard PV Facility,Solar power station,42.151389,-72.49889
United States,Q30,http://www.wikidata.org/entity/Q116716433,Morgantown Solar Park,Solar power station,40.152069,-75.86592
United States,Q30,http://www.wikidata.org/entity/Q116718213,Guernsey Solar Station,Solar power station,36.163889,-119.6506
United States,Q30,http://www.wikidata.org/entity/Q116718236,Holyoke Solar Cooperative at Mueller,Solar power station,42.190909,-72.68242
United States,Q30,http://www.wikidata.org/entity/Q116718134,Kingman 1,Solar power station,35.145833,-114.0675
United States,Q30,http://www.wikidata.org/entity/Q116718140,RE Dillard 3 LLC,Solar power station,38.461944,-121.1803
United States,Q30,http://www.wikidata.org/entity/Q116718161,RE Dillard 4 LLC,Solar power station,38.461944,-121.1803
United States,Q30,http://www.wikidata.org/entity/Q116718089,City of Boulder WWTP,Solar power station,40.048025,-105.1803
United States,Q30,http://www.wikidata.org/entity/Q116718188,ISH Solar Hospital SDMC,Solar power station,32.791667,-117.0953
United States,Q30,http://www.wikidata.org/entity/Q116716446,Dow Jones South Brunswick Solar,Solar power station,40.369772,-74.58685
United States,Q30,http://www.wikidata.org/entity/Q116718142,RE Bruceville 1 LLC,Solar power station,38.3475,-121.4128
United States,Q30,http://www.wikidata.org/entity/Q116718143,RE Bruceville 2 LLC,Solar power station,38.3475,-121.4128
United States,Q30,http://www.wikidata.org/entity/Q116718144,RE Bruceville 3 LLC,Solar power station,38.3475,-121.4128
United States,Q30,http://www.wikidata.org/entity/Q116718124,Arizona Western College PV,Solar power station,32.687778,-114.4961
United States,Q30,http://www.wikidata.org/entity/Q116718222,San Antonio West Solar Rooftop,Solar power station,33.965617,-117.6591
United States,Q30,http://www.wikidata.org/entity/Q116718136,RE Dillard 1 LLC,Solar power station,38.468611,-121.1819
United States,Q30,http://www.wikidata.org/entity/Q116718138,RE Dillard 2 LLC,Solar power station,38.466111,-121.1778
United States,Q30,http://www.wikidata.org/entity/Q116718018,Matrix Stults Road Solar Facility,Solar power station,40.3622,-74.4797
United States,Q30,http://www.wikidata.org/entity/Q116718179,Heliocentric,Solar power station,34.65434,-117.971
United States,Q30,http://www.wikidata.org/entity/Q116718154,Golden Springs Building D,Solar power station,33.911944,-118.0522
United States,Q30,http://www.wikidata.org/entity/Q116718078,CASD Solar,Solar power station,40.2142,-77.2061
United States,Q30,http://www.wikidata.org/entity/Q116718077,Seabrook Solar Plant,Solar power station,39.485,-75.215
United States,Q30,http://www.wikidata.org/entity/Q116718079,SMUD at Grundman,Solar power station,38.364722,-121.4128
United States,Q30,http://www.wikidata.org/entity/Q116718091,"Staples La Mirada, CA",Solar power station,33.881667,-118.0175
United States,Q30,http://www.wikidata.org/entity/Q116718067,Bakersfield College Solar 01,Solar power station,35.411817,-118.9686
United States,Q30,http://www.wikidata.org/entity/Q116718127,Longwood Gardens,Solar power station,39.866667,-75.66778
United States,Q30,http://www.wikidata.org/entity/Q116716437,Bellevue Solar Project,Solar power station,45.112222,-123.2347
United States,Q30,http://www.wikidata.org/entity/Q116718160,William Paterson University,Solar power station,40.952084,-74.1955
United States,Q30,http://www.wikidata.org/entity/Q116718109,The City of Vineland at West Vineland,Solar power station,39.462376,-75.07004
United States,Q30,http://www.wikidata.org/entity/Q116718192,WC Landfill Energy LLC,Solar power station,40.831012,-75.01578
United States,Q30,http://www.wikidata.org/entity/Q116718235,FRB Solar Farm,Solar power station,32.108147,-110.8247
United States,Q30,http://www.wikidata.org/entity/Q116718227,Grand Ridge Solar Farm,Solar power station,41.143421,-88.75834
United States,Q30,http://www.wikidata.org/entity/Q116724575,Brazoria West,Solar power station,29.191,-95.663
United States,Q30,http://www.wikidata.org/entity/Q116724572,Golden Solar,Solar power station,44.43415,-71.97124
United States,Q30,http://www.wikidata.org/entity/Q116724625,Fort Green Solar Power Plant,Solar power station,27.641125,-81.94158
United States,Q30,http://www.wikidata.org/entity/Q116724606,Novel David Solar LLC CSG,Solar power station,44.000397,-93.50162
United States,Q30,http://www.wikidata.org/entity/Q116724609,Medin 2 Community Solar LLC CSG,Solar power station,45.479972,-92.77639
United States,Q30,http://www.wikidata.org/entity/Q116724565,Point Beach Solar,Solar power station,44.28337,-87.55533
United States,Q30,http://www.wikidata.org/entity/Q116724653,Minisink CSG,Solar power station,41.353476,-74.51541
United States,Q30,http://www.wikidata.org/entity/Q116724619,Old Cedar Solar Energy Storage,Solar power station,35.713,-79.788
United States,Q30,http://www.wikidata.org/entity/Q116724635,Bright Hill Solar LLC(CSG),Solar power station,42.46723,-77.70378
United States,Q30,http://www.wikidata.org/entity/Q116724631,Riverstart Solar Park LLC,Solar power station,40.046244,-85.04509
United States,Q30,http://www.wikidata.org/entity/Q116724568,Rounseville Solar,Solar power station,41.738381,-70.82853
United States,Q30,http://www.wikidata.org/entity/Q116724611,Hall Solar Energy Storage,Solar power station,34.799,-77.947
United States,Q30,http://www.wikidata.org/entity/Q116724580,"13 Mile Solar, LLC",Solar power station,42.326656,-85.04858
United States,Q30,http://www.wikidata.org/entity/Q116724544,California State Univ at Channel Islands,Solar power station,34.162058,-119.0434
United States,Q30,http://www.wikidata.org/entity/Q116724585,"Jack Francis Solar, LLC",Solar power station,43.149282,-83.67917
United States,Q30,http://www.wikidata.org/entity/Q116724645,"Letts Creek Solar, LLC",Solar power station,42.274575,-84.13528
United States,Q30,http://www.wikidata.org/entity/Q116724557,Elm Street,Solar power station,41.791718,-71.14182
United States,Q30,http://www.wikidata.org/entity/Q116724577,Rosemond Solar Community Solar,Solar power station,41.71133,-74.54163
United States,Q30,http://www.wikidata.org/entity/Q116724636,River Valley LLC (NY) (CSG),Solar power station,42.06724,-78.47783
United States,Q30,http://www.wikidata.org/entity/Q116724603,Arlington Energy Center II,Solar power station,33.69088,-114.7749
United States,Q30,http://www.wikidata.org/entity/Q116724642,Arlington Energy Center III,Solar power station,33.69088,-114.7749
United States,Q30,http://www.wikidata.org/entity/Q116724564,Wilmot Energy Center LLC,Solar power station,32.043502,-110.8927
United States,Q30,http://www.wikidata.org/entity/Q116724559,Sunvestment Energy Group NY 63 LLC,Solar power station,43.0447,-76.0419
United States,Q30,http://www.wikidata.org/entity/Q116724627,Corazon Energy LLC,Solar power station,27.634677,-99.25833
United States,Q30,http://www.wikidata.org/entity/Q116724556,Big Bear,Solar power station,34.015287,-118.1929
United States,Q30,http://www.wikidata.org/entity/Q116724620,Atascadero State Hospital,Solar power station,35.463333,-120.634
United States,Q30,http://www.wikidata.org/entity/Q116724550,Gold Mine,Solar power station,34.0726,-82.2263
United States,Q30,http://www.wikidata.org/entity/Q116724555,Wilbraham,Solar power station,42.10391,-72.38129
United States,Q30,http://www.wikidata.org/entity/Q116724576,"Grissom Solar, LLC",Solar power station,36.23891,-77.89755
United States,Q30,http://www.wikidata.org/entity/Q116724578,Volney II,Solar power station,43.341,-76.354
United States,Q30,http://www.wikidata.org/entity/Q116724626,Camden Solar LLC,Solar power station,36.30786,-76.14449
United States,Q30,http://www.wikidata.org/entity/Q116724652,Mendon,Solar power station,42.09749,-71.50187
United States,Q30,http://www.wikidata.org/entity/Q116724588,"Workman Road Solar Farm, LLC",Solar power station,44.273592,-85.21202
United States,Q30,http://www.wikidata.org/entity/Q116724646,Arnold Cochran,Solar power station,32.399366,-83.34378
United States,Q30,http://www.wikidata.org/entity/Q116724587,"Stoneheart Solar, LLC",Solar power station,43.50677,-83.99659
United States,Q30,http://www.wikidata.org/entity/Q116724648,Coody Cochran,Solar power station,32.367009,-83.37428
United States,Q30,http://www.wikidata.org/entity/Q116724632,Bright Field Solar LLC(CSG),Solar power station,42.46,-77.73832
United States,Q30,http://www.wikidata.org/entity/Q116724560,GSPP Onyx New Brunswick LLC,Solar power station,40.48071,-74.48185
United States,Q30,http://www.wikidata.org/entity/Q116724593,"Tower Road Solar, LLC CSG",Solar power station,41.805224,-88.92519
United States,Q30,http://www.wikidata.org/entity/Q116724574,Arlington Microgrid,Solar power station,48.15614,-122.1502
United States,Q30,http://www.wikidata.org/entity/Q116724582,"Coldwater Solar, LLC",Solar power station,43.093344,-83.77707
United States,Q30,http://www.wikidata.org/entity/Q116724654,Slate Hill(CSG),Solar power station,41.363,-74.503
United States,Q30,http://www.wikidata.org/entity/Q116724647,Columbia Substation,Solar power station,33.567718,-82.29907
United States,Q30,http://www.wikidata.org/entity/Q116724602,Rice Two Solar CSG,Solar power station,44.22012,-93.45757
United States,Q30,http://www.wikidata.org/entity/Q116724573,City of Paris Solar,Solar power station,35.301,-93.734
United States,Q30,http://www.wikidata.org/entity/Q116724622,Raboth - Marion Drive,Solar power station,41.96951,-70.72541
United States,Q30,http://www.wikidata.org/entity/Q116724552,Pontiac,Solar power station,40.91806,-88.625
United States,Q30,http://www.wikidata.org/entity/Q116724657,"Pullman Solar, LLC",Solar power station,42.471622,-86.09686
United States,Q30,http://www.wikidata.org/entity/Q116724658,Shawnee - GA,Solar power station,33.107648,-81.98075
United States,Q30,http://www.wikidata.org/entity/Q116724650,Joe Jenny,Solar power station,42.10357,-71.81539
United States,Q30,http://www.wikidata.org/entity/Q116724644,"Central Line Solar, LLC",Solar power station,32.834322,-111.568
United States,Q30,http://www.wikidata.org/entity/Q116724612,Ludie Brown Solar Energy Storage,Solar power station,34.831,-77.77
United States,Q30,http://www.wikidata.org/entity/Q116724628,Coxsackie Solar,Solar power station,42.33337,-73.8475
United States,Q30,http://www.wikidata.org/entity/Q116724569,Town of Ware - Canadian Tree(CSG),Solar power station,42.263482,-72.29553
United States,Q30,http://www.wikidata.org/entity/Q116724579,"Merrimack Solar Farm, LLC",Solar power station,42.811381,-71.50117
United States,Q30,http://www.wikidata.org/entity/Q116724614,Lowe Solar Energy Storage,Solar power station,35.718429,-79.90948
United States,Q30,http://www.wikidata.org/entity/Q116724617,Spencer Meadow Solar Energy Storage,Solar power station,35.718429,-79.90948
United States,Q30,http://www.wikidata.org/entity/Q116724597,Norman Solar,Solar power station,35.226913,-97.36035
United States,Q30,http://www.wikidata.org/entity/Q116724610,Cokato CSG,Solar power station,45.087225,-94.21561
United States,Q30,http://www.wikidata.org/entity/Q116724607,Novel Huneke Solar LLC CSG,Solar power station,44.267319,-92.66487
United States,Q30,http://www.wikidata.org/entity/Q116724551,Schull CSG,Solar power station,43.91635,-93.93038
United States,Q30,http://www.wikidata.org/entity/Q116724548,Anderson (SC),Solar power station,34.493707,-82.67614
United States,Q30,http://www.wikidata.org/entity/Q116724633,Bright Oak Solar LLC(CSG),Solar power station,43.033,-78.24481
United States,Q30,http://www.wikidata.org/entity/Q116724553,Rockford CSG,Solar power station,42.16572,-89.03686
United States,Q30,http://www.wikidata.org/entity/Q116724595,Berry Road Solar,Solar power station,34.639249,-82.32869
United States,Q30,http://www.wikidata.org/entity/Q116724594,"Interchange Solar, LLC",Solar power station,43.099899,-83.771
United States,Q30,http://www.wikidata.org/entity/Q116724655,Broadway 2 - UC Riverside,Solar power station,33.97034,-117.331
United States,Q30,http://www.wikidata.org/entity/Q116724591,Lukuc B Community Solar LLC CSG,Solar power station,37.836165,-89.04242
United States,Q30,http://www.wikidata.org/entity/Q116724601,Novel Handeland Solar LLC (CSG),Solar power station,44.782077,-95.78581
United States,Q30,http://www.wikidata.org/entity/Q116724641,Novel Stein Solar LLC CSG,Solar power station,45.389128,-92.67606
United States,Q30,http://www.wikidata.org/entity/Q116724615,Department of Justice,Solar power station,38.548056,-121.4486
United States,Q30,http://www.wikidata.org/entity/Q116724554,Sandoval,Solar power station,38.589905,-89.14935
United States,Q30,http://www.wikidata.org/entity/Q116724630,"Smithfield Solar Farm, LLC",Solar power station,41.92237,-71.52037
United States,Q30,http://www.wikidata.org/entity/Q116724589,"Clendenin A Community Solar, LLC CSG",Solar power station,37.829241,-89.01148
United States,Q30,http://www.wikidata.org/entity/Q116724600,"1034 Catherine Lake Solar, LLC",Solar power station,34.78471,-77.49876
United States,Q30,http://www.wikidata.org/entity/Q116724605,Novel Sunnyfield Farms Solar LLC CSG,Solar power station,44.245884,-92.54621
United States,Q30,http://www.wikidata.org/entity/Q116724586,"May Shannon Solar, LLC",Solar power station,43.151133,-83.69089
United States,Q30,http://www.wikidata.org/entity/Q116724623,Flatwood Farm,Solar power station,35.588,-79.0323
United States,Q30,http://www.wikidata.org/entity/Q116724643,Apalachicola,Solar power station,33.33632,-82.06055
United States,Q30,http://www.wikidata.org/entity/Q116724616,Centinela State Prison,Solar power station,32.825833,-115.7829
United States,Q30,http://www.wikidata.org/entity/Q116724566,Breckenridge Solar,Solar power station,42.17406,-72.3158
United States,Q30,http://www.wikidata.org/entity/Q116724621,SoCore Clovis 1,Solar power station,34.423035,-103.2541
United States,Q30,http://www.wikidata.org/entity/Q116724590,"Kern A Community Solar, LLC CSG",Solar power station,37.897506,-88.9524
United States,Q30,http://www.wikidata.org/entity/Q116724570,Wilmarth Solar,Solar power station,42.025049,-71.35355
United States,Q30,http://www.wikidata.org/entity/Q116724651,Westport Community Solar Garden,Solar power station,41.68994,-71.09383
United States,Q30,http://www.wikidata.org/entity/Q116724656,Broadway 2 - Tucson Phase II,Solar power station,32.24817,-111.2611
United States,Q30,http://www.wikidata.org/entity/Q116724608,Novel Denzer Solar LLC CSG,Solar power station,44.101108,-91.76288
United States,Q30,http://www.wikidata.org/entity/Q116724618,Calipatria State Prison,Solar power station,33.163055,-115.4848
United States,Q30,http://www.wikidata.org/entity/Q116724637,Wallingford Solar,Solar power station,41.44175,-72.83737
United States,Q30,http://www.wikidata.org/entity/Q116724604,Novel Stavem Solar LLC CSG,Solar power station,45.66683,-95.40195
United States,Q30,http://www.wikidata.org/entity/Q116724581,"Captain Solar, LLC",Solar power station,43.100538,-83.78162
United States,Q30,http://www.wikidata.org/entity/Q116724649,Dudley,Solar power station,42.054345,-71.97885
United States,Q30,http://www.wikidata.org/entity/Q116724638,Tioga Solar South(CSG),Solar power station,42.14134,-76.28797
United States,Q30,http://www.wikidata.org/entity/Q116724639,Tioga Solar North(CSG),Solar power station,42.14134,-76.28797
United States,Q30,http://www.wikidata.org/entity/Q116724545,Mesa Carport PV,Solar power station,33.347,-111.602
United States,Q30,http://www.wikidata.org/entity/Q116724584,"Geddes 1 Solar, LLC",Solar power station,43.433775,-84.11866
United States,Q30,http://www.wikidata.org/entity/Q116724598,"Swansboro Solar, LLC",Solar power station,34.810913,-77.21041
United States,Q30,http://www.wikidata.org/entity/Q116724549,Delanco,Solar power station,40.04936,-74.9353
United States,Q30,http://www.wikidata.org/entity/Q116724640,Washingtonville(CSG),Solar power station,41.424,-74.167
United States,Q30,http://www.wikidata.org/entity/Q116724599,"Suncaster, LLC",Solar power station,35.504069,-77.96955
United States,Q30,http://www.wikidata.org/entity/Q116715839,Solar Photovoltaic Project #06,Solar power station,34.041389,-117.5731
United States,Q30,http://www.wikidata.org/entity/Q116715980,WEA Texas Bayonne,Solar power station,40.6772,-74.0919
United States,Q30,http://www.wikidata.org/entity/Q116716370,ELACC Photovoltaic Power Facility,Solar power station,34.040278,-118.1481
United States,Q30,http://www.wikidata.org/entity/Q116716036,"Martins Creek Solar NC, LLC",Solar power station,35.020415,-84.01568
United States,Q30,http://www.wikidata.org/entity/Q116716416,Mililani South Solar Farm,Solar power station,21.427916,-158.0199
United States,Q30,http://www.wikidata.org/entity/Q116715914,Adelanto Solar Project,Solar power station,34.550833,-117.4353
United States,Q30,http://www.wikidata.org/entity/Q116715882,NEDC Solar Site,Solar power station,42.105237,-71.70298
United States,Q30,http://www.wikidata.org/entity/Q116716053,Chittenden County Solar Partners,Solar power station,44.436111,-73.14528
United States,Q30,http://www.wikidata.org/entity/Q116716081,Carson Solar I,Solar power station,38.7228,-104.7817
United States,Q30,http://www.wikidata.org/entity/Q116716430,Dover Sun Park,Solar power station,39.183611,-75.50444
United States,Q30,http://www.wikidata.org/entity/Q116716032,145 Talmadge Solar,Solar power station,40.535787,-74.39127
United States,Q30,http://www.wikidata.org/entity/Q116716048,Murray Hill Solar,Solar power station,40.684444,-74.40444
United States,Q30,http://www.wikidata.org/entity/Q116715964,Sand Drag LLC,Solar power station,35.982778,-120.1103
United States,Q30,http://www.wikidata.org/entity/Q116715938,DE Solar 1725 Drywall Dr,Solar power station,35.3261,-80.9967
United States,Q30,http://www.wikidata.org/entity/Q116715843,Solar Photovoltaic Project #09,Solar power station,34.042778,-117.5717
United States,Q30,http://www.wikidata.org/entity/Q116716112,Sunset Reservoir North Basin,Solar power station,37.750894,-122.4818
United States,Q30,http://www.wikidata.org/entity/Q116715837,Solar Photovoltaic Project #05,Solar power station,34.086276,-117.2306
United States,Q30,http://www.wikidata.org/entity/Q116715970,Pocono Solar Project,Solar power station,41.061022,-75.51492
United States,Q30,http://www.wikidata.org/entity/Q116716408,Solar Photovoltaic Project #23,Solar power station,34.080833,-117.5203
United States,Q30,http://www.wikidata.org/entity/Q116715977,Linden Solar Farm,Solar power station,40.62,-74.2144
United States,Q30,http://www.wikidata.org/entity/Q116715952,Trenton Solar Farm,Solar power station,40.2314,-74.7539
United States,Q30,http://www.wikidata.org/entity/Q116716423,Poseidon Solar,Solar power station,33.160601,-111.484
United States,Q30,http://www.wikidata.org/entity/Q116715851,Solar Photovoltaic Project #16,Solar power station,34.085556,-117.2336
United States,Q30,http://www.wikidata.org/entity/Q116716049,Dartmouth Solar,Solar power station,41.715804,-70.97445
United States,Q30,http://www.wikidata.org/entity/Q116715941,Silver Lake Solar Farm,Solar power station,40.494804,-74.39951
United States,Q30,http://www.wikidata.org/entity/Q116716068,Stroud Solar Station,Solar power station,36.531389,-120.1069
United States,Q30,http://www.wikidata.org/entity/Q116716066,Masser Farms Realty Solar,Solar power station,40.640556,-76.60542
United States,Q30,http://www.wikidata.org/entity/Q116716079,RV CSU Power II LLC,Solar power station,40.592841,-105.1471
United States,Q30,http://www.wikidata.org/entity/Q116716087,Trexlertown Solar Array North and South,Solar power station,40.556211,-75.59387
United States,Q30,http://www.wikidata.org/entity/Q116716114,Chino Solar Valley,Solar power station,34.71843,-112.429
United States,Q30,http://www.wikidata.org/entity/Q116715917,Maclay Solar Project,Solar power station,34.319722,-118.4308
United States,Q30,http://www.wikidata.org/entity/Q116715984,UASTP I,Solar power station,32.096973,-110.8106
United States,Q30,http://www.wikidata.org/entity/Q116715814,Exelon Solar Chicago,Solar power station,41.6758,-87.6514
United States,Q30,http://www.wikidata.org/entity/Q116715961,Avenal Park,Solar power station,35.989722,-120.11
United States,Q30,http://www.wikidata.org/entity/Q116716127,Alamogordo Solar Energy Center,Solar power station,32.86571,-105.9998
United States,Q30,http://www.wikidata.org/entity/Q116716060,Frenchtown II Solar,Solar power station,40.514444,-74.97694
United States,Q30,http://www.wikidata.org/entity/Q116716089,Cantua Solar Station,Solar power station,36.425085,-120.3435
United States,Q30,http://www.wikidata.org/entity/Q116715841,Solar Photovoltaic Project #08,Solar power station,34.041944,-117.565
United States,Q30,http://www.wikidata.org/entity/Q116716121,Hyder II Hybrid,Solar power station,33.02566,-113.344
United States,Q30,http://www.wikidata.org/entity/Q116715940,Roadrunner Solar,Solar power station,31.792778,-106.6733
United States,Q30,http://www.wikidata.org/entity/Q116716402,PSEG Hackettstown,Solar power station,40.860629,-74.82294
United States,Q30,http://www.wikidata.org/entity/Q116715840,Solar Photovoltaic Project #07,Solar power station,34.086111,-117.2275
United States,Q30,http://www.wikidata.org/entity/Q116716104,AFA Solar Farm,Solar power station,38.957901,-104.8066
United States,Q30,http://www.wikidata.org/entity/Q116715847,Solar Photovoltaic Project #12,Solar power station,34.042222,-117.5617
United States,Q30,http://www.wikidata.org/entity/Q116716098,Solar Photovoltaic Project #32,Solar power station,34.031667,-117.5719
United States,Q30,http://www.wikidata.org/entity/Q116715781,RV CSU Power LLC,Solar power station,40.591099,-105.1459
United States,Q30,http://www.wikidata.org/entity/Q116715881,Haverhill Solar Power Project,Solar power station,42.781056,-71.09256
United States,Q30,http://www.wikidata.org/entity/Q116715848,Solar Photovoltaic Project #13,Solar power station,34.083499,-117.2356
United States,Q30,http://www.wikidata.org/entity/Q116715866,PA Solar Park,Solar power station,40.860142,-75.85221
United States,Q30,http://www.wikidata.org/entity/Q116715978,Yardville Solar Farm,Solar power station,40.168811,-74.65672
United States,Q30,http://www.wikidata.org/entity/Q116716061,Lebanon Solar,Solar power station,40.675833,-74.91222
United States,Q30,http://www.wikidata.org/entity/Q116716400,Jacksonville Solar,Solar power station,30.320748,-81.95638
United States,Q30,http://www.wikidata.org/entity/Q116716041,Romark PA Solar,Solar power station,40.936111,-76.03889
United States,Q30,http://www.wikidata.org/entity/Q116715936,DE Solar 657 Brigham Rd,Solar power station,36.1053,-79.9692
United States,Q30,http://www.wikidata.org/entity/Q116716429,DE Solar 10240 Old Dowd Rd,Solar power station,35.2458,-80.9967
United States,Q30,http://www.wikidata.org/entity/Q116716116,Cotton Center Solar Hybrid,Solar power station,33.034722,-112.6617
United States,Q30,http://www.wikidata.org/entity/Q116716092,Roger Road WWTP,Solar power station,32.2894,-111.0331
United States,Q30,http://www.wikidata.org/entity/Q116715916,Pine Tree Solar Project,Solar power station,35.229635,-118.1957
United States,Q30,http://www.wikidata.org/entity/Q116715846,Solar Photovoltaic Project #11,Solar power station,34.075833,-117.2414
United States,Q30,http://www.wikidata.org/entity/Q116716409,Solar Photovoltaic Project #22,Solar power station,34.08,-117.2114
United States,Q30,http://www.wikidata.org/entity/Q116715923,Los Angeles Harbor College,Solar power station,33.783102,-118.2849
United States,Q30,http://www.wikidata.org/entity/Q116715921,Metro Support Services Center Solar,Solar power station,34.0578,-118.2297
United States,Q30,http://www.wikidata.org/entity/Q116715966,510 REPP One,Solar power station,36.4972,-77.6058
United States,Q30,http://www.wikidata.org/entity/Q116715962,Sun City Project LLC,Solar power station,35.983056,-120.1103
United States,Q30,http://www.wikidata.org/entity/Q116716071,Westside Solar Station,Solar power station,36.378726,-120.1249
United States,Q30,http://www.wikidata.org/entity/Q116715834,Crayola Solar Project,Solar power station,40.760545,-75.23845
United States,Q30,http://www.wikidata.org/entity/Q116716020,"Solar Park Gainesville, LLC",Solar power station,29.700407,-82.33783
United States,Q30,http://www.wikidata.org/entity/Q116715919,Pacific Cruise Ship Terminals Berth 93,Solar power station,33.7331,-118.2772
United States,Q30,http://www.wikidata.org/entity/Q116715928,Mayberry Solar LLC,Solar power station,36.476667,-80.60111
United States,Q30,http://www.wikidata.org/entity/Q116716070,Five Points Solar Station,Solar power station,36.400278,-120.1033
United States,Q30,http://www.wikidata.org/entity/Q116716091,Huron Solar Station,Solar power station,36.181389,-120.0306
United States,Q30,http://www.wikidata.org/entity/Q116716426,Kent County Wastewater Treatment Solar,Solar power station,38.993056,-75.4375
United States,Q30,http://www.wikidata.org/entity/Q116715836,Solar Photovoltaic Project #03,Solar power station,34.094279,-117.4001
United States,Q30,http://www.wikidata.org/entity/Q116716002,Yolo County Solar Project,Solar power station,38.659722,-121.7294
United States,Q30,http://www.wikidata.org/entity/Q116715877,Dorchester Solar Site,Solar power station,42.300802,-71.04717
United States,Q30,http://www.wikidata.org/entity/Q116716419,Solar Photovoltaic Project #27,Solar power station,34.131111,-117.4217
United States,Q30,http://www.wikidata.org/entity/Q116715821,Shelby Solar Energy Generation Facility,Solar power station,35.2536,-81.5956
United States,Q30,http://www.wikidata.org/entity/Q116716123,"RP-Orlando, LLC",Solar power station,28.488889,-81.18222
United States,Q30,http://www.wikidata.org/entity/Q116715853,Solar Photovoltaic Project #17,Solar power station,34.072778,-117.5033
United States,Q30,http://www.wikidata.org/entity/Q116716406,Solar Photovoltaic Project #18,Solar power station,34.083333,-117.5164
United States,Q30,http://www.wikidata.org/entity/Q116715996,Knouse Solar Project 1,Solar power station,40.0264,-77.2344
United States,Q30,http://www.wikidata.org/entity/Q116715981,Matrix Buildings A&B (Perth Amboy) Solar,Solar power station,40.534393,-74.27
United States,Q30,http://www.wikidata.org/entity/Q116715850,Solar Photovoltaic Project #15,Solar power station,34.079167,-117.5167
United States,Q30,http://www.wikidata.org/entity/Q116716015,Solar Star North Carolina II LLC,Solar power station,36.425,-77.064
United States,Q30,http://www.wikidata.org/entity/Q116716099,Solar Photovoltaic Project #33,Solar power station,34.0325,-117.5692
United States,Q30,http://www.wikidata.org/entity/Q116716422,1420 Coil Av #C,Solar power station,33.794283,-118.2414
United States,Q30,http://www.wikidata.org/entity/Q116715906,Alpine Solar,Solar power station,34.7892,-118.5047
United States,Q30,http://www.wikidata.org/entity/Q116716078,FRV SI Transport Solar LP,Solar power station,38.4869,-121.3911
United States,Q30,http://www.wikidata.org/entity/Q116716420,Solar Photovoltaic Project #28,Solar power station,34.094167,-117.2742
United States,Q30,http://www.wikidata.org/entity/Q116715826,CM48,Solar power station,35.7814,-114.9933
United States,Q30,http://www.wikidata.org/entity/Q116716059,Flemington Solar,Solar power station,40.483888,-74.85667
United States,Q30,http://www.wikidata.org/entity/Q116716038,Napoleon Solar I,Solar power station,41.388431,-84.09584
United States,Q30,http://www.wikidata.org/entity/Q116715856,Solar Photovoltaic Project #26,Solar power station,34.131214,-117.4253
United States,Q30,http://www.wikidata.org/entity/Q116715931,Luke Solar,Solar power station,33.526111,-112.3794
United States,Q30,http://www.wikidata.org/entity/Q116715920,Occidental College Solar Project,Solar power station,34.1283,-118.2069
United States,Q30,http://www.wikidata.org/entity/Q116715844,Solar Photovoltaic Project #10,Solar power station,34.075,-117.5169
United States,Q30,http://www.wikidata.org/entity/Q116716029,Solar Borrego I,Solar power station,33.298889,-116.3508
United States,Q30,http://www.wikidata.org/entity/Q116716021,Solar Photovoltaic Project #42,Solar power station,36.028056,-119.0747
United States,Q30,http://www.wikidata.org/entity/Q116716094,Kapaa Photovoltaic Project,Solar power station,22.080416,-159.3316
United States,Q30,http://www.wikidata.org/entity/Q116715887,Aqua Ingrams Mill,Solar power station,39.9647,-75.6578
United States,Q30,http://www.wikidata.org/entity/Q116718633,Rutan,Solar power station,34.643889,-118.1631
United States,Q30,http://www.wikidata.org/entity/Q116718543,Railroad Farm,Solar power station,34.82,-78.97083
United States,Q30,http://www.wikidata.org/entity/Q116718632,Nunn,Solar power station,34.509167,-117.1544
United States,Q30,http://www.wikidata.org/entity/Q116718536,Porterville Solar,Solar power station,36.102778,-119.0397
United States,Q30,http://www.wikidata.org/entity/Q116718572,AM Best Farm,Solar power station,35.418889,-77.98556
United States,Q30,http://www.wikidata.org/entity/Q116718608,Victor Dry Farm Ranch B,Solar power station,34.497778,-117.4711
United States,Q30,http://www.wikidata.org/entity/Q116718567,Roxboro Farm,Solar power station,36.4797,-78.91736
United States,Q30,http://www.wikidata.org/entity/Q116718670,"Ararat Rock Solar, LLC",Solar power station,36.461111,-80.60056
United States,Q30,http://www.wikidata.org/entity/Q116718616,West Tennessee Solar Farm,Solar power station,35.408611,-89.3875
United States,Q30,http://www.wikidata.org/entity/Q116718559,Haynes Farm,Solar power station,35.525833,-81.23528
United States,Q30,http://www.wikidata.org/entity/Q116718570,Wilson Farm 1,Solar power station,35.803611,-77.87361
United States,Q30,http://www.wikidata.org/entity/Q116718692,Silver City WWTP PV Project,Solar power station,32.713889,-108.2481
United States,Q30,http://www.wikidata.org/entity/Q116718586,Atlantic Coast Freezers Solar Facility,Solar power station,39.519935,-75.02904
United States,Q30,http://www.wikidata.org/entity/Q116718676,RE Rosamond One LLC,Solar power station,34.9,-118.2469
United States,Q30,http://www.wikidata.org/entity/Q116718677,RE Rosamond Two LLC,Solar power station,34.900278,-118.2383
United States,Q30,http://www.wikidata.org/entity/Q116718661,"Azalea Solar, LLC",Solar power station,32.980833,-82.59167
United States,Q30,http://www.wikidata.org/entity/Q116718595,Volkswagen Solar System,Solar power station,35.0975,-85.12694
United States,Q30,http://www.wikidata.org/entity/Q116718561,Lenoir Farm 2,Solar power station,35.350081,-77.47511
United States,Q30,http://www.wikidata.org/entity/Q116718538,Chadbourn Farm,Solar power station,34.324656,-78.7649
United States,Q30,http://www.wikidata.org/entity/Q116718587,Williams-Sonoma Solar Facility,Solar power station,40.387778,-74.45528
United States,Q30,http://www.wikidata.org/entity/Q116718576,Two Lines Farm,Solar power station,35.629167,-81.32667
United States,Q30,http://www.wikidata.org/entity/Q116718638,Watts 3115,Solar power station,34.600833,-117.6422
United States,Q30,http://www.wikidata.org/entity/Q116718596,Solar Star New Jersey NJ LLC,Solar power station,40.401528,-74.6697
United States,Q30,http://www.wikidata.org/entity/Q116718680,RE Columbia 3 LLC,Solar power station,35.024722,-118.1642
United States,Q30,http://www.wikidata.org/entity/Q116718682,Manzano Solar,Solar power station,34.746667,-106.6544
United States,Q30,http://www.wikidata.org/entity/Q116718631,Arrache 8083,Solar power station,34.647778,-118.0611
United States,Q30,http://www.wikidata.org/entity/Q116718688,Pickering Solar,Solar power station,40.120556,-75.48806
United States,Q30,http://www.wikidata.org/entity/Q116718540,Mocksville Farm,Solar power station,35.878611,-80.54194
United States,Q30,http://www.wikidata.org/entity/Q116718566,New Bern Farm,Solar power station,35.209564,-77.05673
United States,Q30,http://www.wikidata.org/entity/Q116718584,North Jersey Media Group Solar Facility,Solar power station,40.924167,-74.49472
United States,Q30,http://www.wikidata.org/entity/Q116718683,City of Hayward WWTP,Solar power station,37.633526,-122.1397
United States,Q30,http://www.wikidata.org/entity/Q116718602,Orange PV,Solar power station,42.585,-72.29389
United States,Q30,http://www.wikidata.org/entity/Q116718672,"Progress Solar II, LLC",Solar power station,34.476111,-79.0975
United States,Q30,http://www.wikidata.org/entity/Q116718542,Arndt Farm,Solar power station,35.779167,-81.17556
United States,Q30,http://www.wikidata.org/entity/Q116718667,Spectrum Solar PV Power Project,Solar power station,36.23,-114.87
United States,Q30,http://www.wikidata.org/entity/Q116718581,Radiance Solar 5,Solar power station,34.665556,-118.2869
United States,Q30,http://www.wikidata.org/entity/Q116718577,Bolton Farm,Solar power station,36.421617,-78.13231
United States,Q30,http://www.wikidata.org/entity/Q116718669,"Sandy Cross Solar, LLC",Solar power station,35.868333,-77.95417
United States,Q30,http://www.wikidata.org/entity/Q116718671,"Progress Solar 1, LLC",Solar power station,35.948056,-78.25083
United States,Q30,http://www.wikidata.org/entity/Q116718687,Westford Solar Park,Solar power station,42.636389,-71.41944
United States,Q30,http://www.wikidata.org/entity/Q116718574,Dibrell Farm,Solar power station,36.471667,-79.52806
United States,Q30,http://www.wikidata.org/entity/Q116718684,Crown Cooling Facility,Solar power station,32.967222,-115.5325
United States,Q30,http://www.wikidata.org/entity/Q116718611,Southbridge PV,Solar power station,42.047361,-71.99287
United States,Q30,http://www.wikidata.org/entity/Q116718678,RE Rio Grande Solar LLC,Solar power station,35.00745,-118.1645
United States,Q30,http://www.wikidata.org/entity/Q116718660,CSU Pueblo,Solar power station,38.306111,-104.58
United States,Q30,http://www.wikidata.org/entity/Q116718578,McCallum Farm,Solar power station,34.543889,-79.30219
United States,Q30,http://www.wikidata.org/entity/Q116718691,PCSP3 Airport,Solar power station,36.288056,-78.98611
United States,Q30,http://www.wikidata.org/entity/Q116718568,White Cross Farm,Solar power station,35.907144,-79.1883
United States,Q30,http://www.wikidata.org/entity/Q116718657,Las Vegas WPCF Solar Plant,Solar power station,36.134444,-115.0353
United States,Q30,http://www.wikidata.org/entity/Q116718659,Plymouth Solar LLC,Solar power station,35.875,-76.71056
United States,Q30,http://www.wikidata.org/entity/Q116718665,Granville Solar PV Power Project,Solar power station,36.411667,-78.59389
United States,Q30,http://www.wikidata.org/entity/Q116718556,UMMS at Pocomoke,Solar power station,38.098056,-75.61111
United States,Q30,http://www.wikidata.org/entity/Q116718685,Progress Manis I,Solar power station,34.756389,-79.44722
United States,Q30,http://www.wikidata.org/entity/Q116718689,Cornerstone Power Holmdel LLC,Solar power station,40.352222,-74.18778
United States,Q30,http://www.wikidata.org/entity/Q116718630,Arrache 4013,Solar power station,34.650556,-118.0519
United States,Q30,http://www.wikidata.org/entity/Q116718664,Picture Rocks Solar,Solar power station,32.369722,-111.2428
United States,Q30,http://www.wikidata.org/entity/Q116718601,Marshfield PV,Solar power station,42.111667,-70.70944
United States,Q30,http://www.wikidata.org/entity/Q116718545,Farrington Farm,Solar power station,35.832778,-79.025
United States,Q30,http://www.wikidata.org/entity/Q116718629,Arrache 4006,Solar power station,34.655,-118.0511
United States,Q30,http://www.wikidata.org/entity/Q116718565,Moorings Farm,Solar power station,35.305833,-77.82917
United States,Q30,http://www.wikidata.org/entity/Q116718673,"Progress Solar III, LLC",Solar power station,34.714167,-79.35389
United States,Q30,http://www.wikidata.org/entity/Q116718571,Yanceyville Farm,Solar power station,36.439444,-79.27889
United States,Q30,http://www.wikidata.org/entity/Q116718563,Mile Farm,Solar power station,36.230561,-78.94959
United States,Q30,http://www.wikidata.org/entity/Q116718593,Heber Solar,Solar power station,32.7125,-115.5406
United States,Q30,http://www.wikidata.org/entity/Q116718533,Exeter Solar,Solar power station,36.2675,-119.1286
United States,Q30,http://www.wikidata.org/entity/Q116718539,Warrenton Farm,Solar power station,36.415,-78.17111
United States,Q30,http://www.wikidata.org/entity/Q116718653,Bruce A Henry Solar Farm,Solar power station,38.663992,-75.40054
United States,Q30,http://www.wikidata.org/entity/Q116718635,Ma,Solar power station,34.695278,-118.0625
United States,Q30,http://www.wikidata.org/entity/Q116718585,Corning Pharmaceutical Glass,Solar power station,39.496667,-75.01861
United States,Q30,http://www.wikidata.org/entity/Q116718666,"Bryan Solar, LLC",Solar power station,29.6,-104.3
United States,Q30,http://www.wikidata.org/entity/Q116718607,Victor Dry Farm Ranch A,Solar power station,34.501111,-117.4667
United States,Q30,http://www.wikidata.org/entity/Q116718663,Upson Rocky Creek Solar Plant,Solar power station,32.920833,-84.34306
United States,Q30,http://www.wikidata.org/entity/Q116718544,Watts Farm,Solar power station,34.726944,-79.33528
United States,Q30,http://www.wikidata.org/entity/Q116718550,Shannon Farm,Solar power station,34.8475,-79.12889
United States,Q30,http://www.wikidata.org/entity/Q116718534,Ivanhoe Solar,Solar power station,36.3875,-119.255
United States,Q30,http://www.wikidata.org/entity/Q116718589,CES Sterling LLC,Solar power station,42.441944,-71.72222
United States,Q30,http://www.wikidata.org/entity/Q116718647,Herbert Farm Solar,Solar power station,38.545556,-76.79944
United States,Q30,http://www.wikidata.org/entity/Q116718580,Radiance Solar 4,Solar power station,34.665556,-118.2881
United States,Q30,http://www.wikidata.org/entity/Q116718558,Fuquay Farm,Solar power station,35.564354,-78.71026
United States,Q30,http://www.wikidata.org/entity/Q116718564,Moore Solar Farm,Solar power station,36.273192,-79.7592
United States,Q30,http://www.wikidata.org/entity/Q116718562,Marshville Farm,Solar power station,34.988889,-80.38361
United States,Q30,http://www.wikidata.org/entity/Q116718634,Vinam,Solar power station,34.668889,-118.0614
United States,Q30,http://www.wikidata.org/entity/Q116718694,"Gilbert Solar Facility I, LLC",Solar power station,33.355862,-111.8024
United States,Q30,http://www.wikidata.org/entity/Q116718606,Lone Valley Solar Park I LLC,Solar power station,34.398059,-116.8655
United States,Q30,http://www.wikidata.org/entity/Q116718575,Rock Farm,Solar power station,34.965556,-79.60972
United States,Q30,http://www.wikidata.org/entity/Q116718535,Lindsay Solar,Solar power station,36.211944,-119.1339
United States,Q30,http://www.wikidata.org/entity/Q116718674,Lincoln Solar,Solar power station,41.462778,-87.26028
United States,Q30,http://www.wikidata.org/entity/Q116718627,Martin Limestone Solar Array,Solar power station,40.107778,-76.06167
United States,Q30,http://www.wikidata.org/entity/Q116718693,SunGen Sharon 1 LLC,Solar power station,43.79,-72.49
United States,Q30,http://www.wikidata.org/entity/Q116718637,Dixon Dairy Road Solar,Solar power station,35.199167,-81.41083
United States,Q30,http://www.wikidata.org/entity/Q116718582,The Lawrenceville School Solar Facility,Solar power station,40.301409,-74.72212
United States,Q30,http://www.wikidata.org/entity/Q116718560,Lenoir Farm,Solar power station,35.331667,-77.66639
United States,Q30,http://www.wikidata.org/entity/Q116718532,PCIP Solar,Solar power station,36.3125,-78.9675
United States,Q30,http://www.wikidata.org/entity/Q116718690,OCI Alamo Solar I Hybrid,Solar power station,29.271667,-98.44472
United States,Q30,http://www.wikidata.org/entity/Q116718583,Amazon,Solar power station,40.566389,-74.22139
United States,Q30,http://www.wikidata.org/entity/Q116718541,Belwood Farm,Solar power station,35.47,-81.50833
United States,Q30,http://www.wikidata.org/entity/Q116718610,CSU Northridge Plant,Solar power station,34.243333,-118.5306
United States,Q30,http://www.wikidata.org/entity/Q116718603,Maynard PV,Solar power station,42.428333,-71.43556
United States,Q30,http://www.wikidata.org/entity/Q116718636,Horn,Solar power station,34.708889,-118.2742
United States,Q30,http://www.wikidata.org/entity/Q116718573,Mt Olive Farm 2,Solar power station,35.218056,-78.06972
United States,Q30,http://www.wikidata.org/entity/Q116723703,Lang Solar Farm,Solar power station,35.19587,-77.50276
United States,Q30,http://www.wikidata.org/entity/Q116723644,Vermillion River_MN_GRE DEA-GM,Solar power station,44.599804,-93.13611
United States,Q30,http://www.wikidata.org/entity/Q116723608,"Scotch Bonnet Solar, LLC",Solar power station,34.53827,-77.90811
United States,Q30,http://www.wikidata.org/entity/Q116723704,Chenango Solar,Solar power station,42.198167,-75.92728
United States,Q30,http://www.wikidata.org/entity/Q116723627,Shelby Solar Array,Solar power station,40.896042,-82.6724
United States,Q30,http://www.wikidata.org/entity/Q116723678,Leven Garden Solar,Solar power station,45.71693,-95.26357
United States,Q30,http://www.wikidata.org/entity/Q116723607,Starvation,Solar power station,43.50222,-119.1485
United States,Q30,http://www.wikidata.org/entity/Q116723634,Loon Garden,Solar power station,44.08968,-93.55615
United States,Q30,http://www.wikidata.org/entity/Q116723618,Wapello Solar LLC,Solar power station,41.153697,-91.1771
United States,Q30,http://www.wikidata.org/entity/Q116723698,1001 Ebenezer Church Solar,Solar power station,36.283819,-80.84342
United States,Q30,http://www.wikidata.org/entity/Q116723730,Frederick County - Landfill,Solar power station,39.373263,-77.34985
United States,Q30,http://www.wikidata.org/entity/Q116723631,Falls Creek Garden,Solar power station,44.1757,-93.14274
United States,Q30,http://www.wikidata.org/entity/Q116723724,Cycz Solar Project CSG Hybrid,Solar power station,42.218,-71.9761
United States,Q30,http://www.wikidata.org/entity/Q116723615,Saratoga Solar LLC,Solar power station,43.07377,-73.90395
United States,Q30,http://www.wikidata.org/entity/Q116723731,Calabro Airport North Solar Project,Solar power station,40.8224,-72.875
United States,Q30,http://www.wikidata.org/entity/Q116723691,Maston Garden Solar,Solar power station,44.04334,-92.69045
United States,Q30,http://www.wikidata.org/entity/Q116723670,Fresno Bullard High School Hybrid,Solar power station,36.818646,-119.8104
United States,Q30,http://www.wikidata.org/entity/Q116723699,1009 Yadkin Solar,Solar power station,36.14749,-80.65611
United States,Q30,http://www.wikidata.org/entity/Q116723628,City of Rio Rancho WWTP,Solar power station,35.179889,-106.8066
United States,Q30,http://www.wikidata.org/entity/Q116723617,"ESA Hamlet NC , LLC",Solar power station,34.879581,-79.67328
United States,Q30,http://www.wikidata.org/entity/Q116723610,OE_AZ1,Solar power station,33.776667,-113.6561
United States,Q30,http://www.wikidata.org/entity/Q116723726,West A&B Solar Project Hybrid CSG,Solar power station,42.0748,-72.0038
United States,Q30,http://www.wikidata.org/entity/Q116723719,Drift Creek Solar,Solar power station,44.970572,-122.8035
United States,Q30,http://www.wikidata.org/entity/Q116723729,Durrance,Solar power station,27.78,-81.98
United States,Q30,http://www.wikidata.org/entity/Q116723657,LTMUA,Solar power station,39.00776,-74.93556
United States,Q30,http://www.wikidata.org/entity/Q116723738,Mohonasen Central School District,Solar power station,42.767228,-73.95685
United States,Q30,http://www.wikidata.org/entity/Q116723741,California City,Solar power station,35.157,-117.981
United States,Q30,http://www.wikidata.org/entity/Q116723652,Bennett,Solar power station,42.9352,-77.47107
United States,Q30,http://www.wikidata.org/entity/Q116723665,Goodhue Community Solar Three LLC CSG,Solar power station,44.29725,-92.74543
United States,Q30,http://www.wikidata.org/entity/Q116723609,"Cubera Solar, LLC",Solar power station,35.330022,-78.61009
United States,Q30,http://www.wikidata.org/entity/Q116723654,"Greenwich Solar 1, LLC CSG",Solar power station,43.0783,-73.5331
United States,Q30,http://www.wikidata.org/entity/Q116723672,Fresno Hoover High School Hybrid,Solar power station,36.817816,-119.7707
United States,Q30,http://www.wikidata.org/entity/Q116723700,1073 Onslow Solar,Solar power station,34.773578,-77.18577
United States,Q30,http://www.wikidata.org/entity/Q116723623,Castaic Lake Phase II,Solar power station,34.433332,-118.5108
United States,Q30,http://www.wikidata.org/entity/Q116723613,Allied Beverages Elizabeth,Solar power station,40.665678,-74.17523
United States,Q30,http://www.wikidata.org/entity/Q116723612,Bluebell Solar II,Solar power station,31.888,-100.825
United States,Q30,http://www.wikidata.org/entity/Q116723720,Bighorn Solar,Solar power station,44.965702,-122.9542
United States,Q30,http://www.wikidata.org/entity/Q116723650,Williamson,Solar power station,43.1401,-77.0908
United States,Q30,http://www.wikidata.org/entity/Q116723701,1008 Matthews Solar,Solar power station,36.21669,-80.55247
United States,Q30,http://www.wikidata.org/entity/Q116723629,DEC Phase II at Georgetown,Solar power station,38.664989,-75.39944
United States,Q30,http://www.wikidata.org/entity/Q116723642,Pearl II,Solar power station,42.981336,-78.29042
United States,Q30,http://www.wikidata.org/entity/Q116723706,Solvay Solar,Solar power station,39.846549,-75.21202
United States,Q30,http://www.wikidata.org/entity/Q116723683,"IGS CC, LLC",Solar power station,38.936172,-76.96819
United States,Q30,http://www.wikidata.org/entity/Q116723686,Chub Garden Solar,Solar power station,44.48595,-93.21279
United States,Q30,http://www.wikidata.org/entity/Q116723621,"ATOOD Solar IV, LLC",Solar power station,34.27532,-78.06102
United States,Q30,http://www.wikidata.org/entity/Q116723736,Cherry Blossom Solar LLC,Solar power station,33.762185,-79.45801
United States,Q30,http://www.wikidata.org/entity/Q116723673,Fresno Sunnyside High School Hybrid,Solar power station,36.734014,-119.7178
United States,Q30,http://www.wikidata.org/entity/Q116723684,Erin Garden Solar,Solar power station,44.67524,-94.01007
United States,Q30,http://www.wikidata.org/entity/Q116723695,Sun Streams 2,Solar power station,33.320406,-112.8168
United States,Q30,http://www.wikidata.org/entity/Q116723681,Mud Garden Solar,Solar power station,44.54328,-94.2226
United States,Q30,http://www.wikidata.org/entity/Q116723728,PSREC/SIAD Solar,Solar power station,40.15006,-120.1234
United States,Q30,http://www.wikidata.org/entity/Q116723639,New Munich Solar,Solar power station,45.654086,-94.75565
United States,Q30,http://www.wikidata.org/entity/Q116723742,Santa Fe Solar Power Plant,Solar power station,29.52147,-82.43277
United States,Q30,http://www.wikidata.org/entity/Q116723635,Kearsarge Amesbury Hybrid,Solar power station,42.837376,-70.93867
United States,Q30,http://www.wikidata.org/entity/Q116723638,Olinda Trail Solar,Solar power station,45.31593,-92.80411
United States,Q30,http://www.wikidata.org/entity/Q116723619,Mtn. Solar 3 CSG,Solar power station,40.280904,-103.6191
United States,Q30,http://www.wikidata.org/entity/Q116723732,Choctaw Nation Solar Farm,Solar power station,33.968856,-96.43458
United States,Q30,http://www.wikidata.org/entity/Q116723745,PA Solar Park II,Solar power station,40.86159,-75.84656
United States,Q30,http://www.wikidata.org/entity/Q116723668,DGS Central California Womens Facility,Solar power station,37.089701,-120.15
United States,Q30,http://www.wikidata.org/entity/Q116723680,Zumbro Solar Garden,Solar power station,44.04603,-92.75999
United States,Q30,http://www.wikidata.org/entity/Q116723697,Thomas Creek Solar,Solar power station,45.131407,-122.6195
United States,Q30,http://www.wikidata.org/entity/Q116723620,"Railroad Solar Farm, LLC",Solar power station,34.68056,-79.185
United States,Q30,http://www.wikidata.org/entity/Q116723734,Lakehurst Solar,Solar power station,40.024,-74.312
United States,Q30,http://www.wikidata.org/entity/Q116723716,"Mohea Solar Energy Center, LLC",Solar power station,35.08849,-81.62438
United States,Q30,http://www.wikidata.org/entity/Q116723718,Minke Solar,Solar power station,45.172332,-122.6227
United States,Q30,http://www.wikidata.org/entity/Q116723708,Wollan Garden Solar,Solar power station,45.637121,-95.5309
United States,Q30,http://www.wikidata.org/entity/Q116723614,Ticket Network South Windsor,Solar power station,41.821518,-72.50738
United States,Q30,http://www.wikidata.org/entity/Q116723633,Buffalo Garden,Solar power station,44.00036,-93.49681
United States,Q30,http://www.wikidata.org/entity/Q116723636,Galesburg Solar Array,Solar power station,40.9199,-90.9484
United States,Q30,http://www.wikidata.org/entity/Q116723722,Alicea Solar Project Hybrid CSG,Solar power station,42.0686,-72.0062
United States,Q30,http://www.wikidata.org/entity/Q116723723,McDougle-Mitchell Solar Project Hybrid CSG,Solar power station,42.1649,-72.0014
United States,Q30,http://www.wikidata.org/entity/Q116723744,CED Crane Solar,Solar power station,31.254361,-102.3117
United States,Q30,http://www.wikidata.org/entity/Q116723717,Brush Creek Solar,Solar power station,44.984217,-122.8131
United States,Q30,http://www.wikidata.org/entity/Q116723710,St Louis Solar,Solar power station,45.11994,-122.9361
United States,Q30,http://www.wikidata.org/entity/Q116723721,Hurteau Solar Project Hybrid,Solar power station,42.0248,-71.5925
United States,Q30,http://www.wikidata.org/entity/Q116723737,Walnut Unified School District Walnut HS Hybrid,Solar power station,34.02188,-117.8505
United States,Q30,http://www.wikidata.org/entity/Q116723702,1045 Tomlin Mill Solar,Solar power station,35.916178,-80.83549
United States,Q30,http://www.wikidata.org/entity/Q116723667,DGS Wasco State Prison,Solar power station,35.593903,-119.4072
United States,Q30,http://www.wikidata.org/entity/Q116723625,Oxy Renewable Energy - Goldsmith,Solar power station,31.982702,-102.3406
United States,Q30,http://www.wikidata.org/entity/Q116723611,OE_GA3,Solar power station,31.196185,-84.14754
United States,Q30,http://www.wikidata.org/entity/Q116723676,Straight Garden Solar,Solar power station,44.25271,-93.27304
United States,Q30,http://www.wikidata.org/entity/Q116723743,Twin Rivers Solar Power Plant,Solar power station,30.466428,-82.96872
United States,Q30,http://www.wikidata.org/entity/Q116723705,"Monroe Solar Farm, LLC",Solar power station,40.312,-74.425
United States,Q30,http://www.wikidata.org/entity/Q116723641,Thermo Fisher,Solar power station,40.5737,-74.62947
United States,Q30,http://www.wikidata.org/entity/Q116723715,Pika Solar,Solar power station,45.089244,-122.7705
United States,Q30,http://www.wikidata.org/entity/Q116723735,"Copper Mountain Solar 5, LLC",Solar power station,35.776286,-114.9737
United States,Q30,http://www.wikidata.org/entity/Q116723740,Moonlight Packing - Phase 2,Solar power station,36.585794,-119.47
United States,Q30,http://www.wikidata.org/entity/Q116723646,Macedon,Solar power station,43.058633,-77.34604
United States,Q30,http://www.wikidata.org/entity/Q116723659,IOS II-LAX9,Solar power station,34.09,-117.45
United States,Q30,http://www.wikidata.org/entity/Q116723648,Whittier,Solar power station,43.150002,-77.8614
United States,Q30,http://www.wikidata.org/entity/Q116723663,Sierra Pacific Industries (2042-RD),Solar power station,40.121389,-122.1919
United States,Q30,http://www.wikidata.org/entity/Q116723637,Stearns Solar I,Solar power station,45.650158,-94.55754
United States,Q30,http://www.wikidata.org/entity/Q116723640,Clara City Solar,Solar power station,44.94664,-95.35024
United States,Q30,http://www.wikidata.org/entity/Q116723709,RE-VFO LLC,Solar power station,36.353675,-119.4008
United States,Q30,http://www.wikidata.org/entity/Q116723616,CP Middletown Solar II LLC,Solar power station,41.548826,-72.70688
United States,Q30,http://www.wikidata.org/entity/Q116723632,Star Garden,Solar power station,45.65063,-95.53088
United States,Q30,http://www.wikidata.org/entity/Q116723662,"Middletown Solar 1, LLC Hybrid CSG",Solar power station,41.3902,-74.5199
United States,Q30,http://www.wikidata.org/entity/Q116723624,"Rancho Seco Solar II, LLC",Solar power station,38.346814,-121.1198
United States,Q30,http://www.wikidata.org/entity/Q116723714,Bonefish Solar,Solar power station,33.720936,-80.19082
United States,Q30,http://www.wikidata.org/entity/Q116723739,Wor-Wic Community College - Offsite,Solar power station,38.413274,-75.69012
United States,Q30,http://www.wikidata.org/entity/Q116723866,Red Lake Falls Community Hybrid,Solar power station,47.870581,-96.31859
United States,Q30,http://www.wikidata.org/entity/Q116723912,"Platteville Solar CSG, LLC",Solar power station,40.22833,-104.7747
United States,Q30,http://www.wikidata.org/entity/Q116723869,"PG Solar, LLC",Solar power station,35.167164,-78.01781
United States,Q30,http://www.wikidata.org/entity/Q116723781,"Dudley River 2 Solar, LLC CSG",Solar power station,42.07239,-71.99706
United States,Q30,http://www.wikidata.org/entity/Q116723872,"Holly Swamp Solar, LLC",Solar power station,34.662627,-79.13293
United States,Q30,http://www.wikidata.org/entity/Q116723856,MSAP 13,Solar power station,42.698335,-73.67174
United States,Q30,http://www.wikidata.org/entity/Q116723873,Westmoreland County Solar Project,Solar power station,38.007488,-76.74403
United States,Q30,http://www.wikidata.org/entity/Q116723806,"Paynesville CSG1, LLC",Solar power station,45.401833,-94.72278
United States,Q30,http://www.wikidata.org/entity/Q116723802,Nutmeg Solar,Solar power station,41.974794,-72.51083
United States,Q30,http://www.wikidata.org/entity/Q116723783,"Ledeaux Solar, LLC CSG",Solar power station,42.241,-72.104
United States,Q30,http://www.wikidata.org/entity/Q116723788,FastSun 21 CSG,Solar power station,45.498092,-94.11472
United States,Q30,http://www.wikidata.org/entity/Q116723750,Spruce - WCMD - Creek,Solar power station,39.67185,-77.82329
United States,Q30,http://www.wikidata.org/entity/Q116723837,North Kern State Prison Phase II,Solar power station,35.780407,-119.3088
United States,Q30,http://www.wikidata.org/entity/Q116723752,Lafayette 2 - Internal Services Dept,Solar power station,34.05,-118.18
United States,Q30,http://www.wikidata.org/entity/Q116723807,"Plato CSG1, LLC",Solar power station,44.790278,-94.08283
United States,Q30,http://www.wikidata.org/entity/Q116723787,FastSun 4 CSG,Solar power station,45.190434,-92.95902
United States,Q30,http://www.wikidata.org/entity/Q116723905,"Ventura Solar, LLC",Solar power station,35.878809,-81.17712
United States,Q30,http://www.wikidata.org/entity/Q116723774,"ISM Solar Dighton 2, LLC CSG",Solar power station,41.816858,-71.16894
United States,Q30,http://www.wikidata.org/entity/Q116723766,Water Strider Solar,Solar power station,37.016375,-79.02706
United States,Q30,http://www.wikidata.org/entity/Q116723747,Hickory Park Solar Hybrid,Solar power station,31.269676,-84.17632
United States,Q30,http://www.wikidata.org/entity/Q116723794,Taylor Creek Solar,Solar power station,28.503469,-81.04833
United States,Q30,http://www.wikidata.org/entity/Q116723777,"Woodchuck Solar, LLC CSG",Solar power station,42.258218,-71.97519
United States,Q30,http://www.wikidata.org/entity/Q116723756,Houston/Winona Community Solar One LLC,Solar power station,43.866327,-91.32235
United States,Q30,http://www.wikidata.org/entity/Q116723836,Flodquist Community Solar LLC CSG,Solar power station,45.489436,-92.85702
United States,Q30,http://www.wikidata.org/entity/Q116723771,"Boutillier Solar, LLC CSG",Solar power station,42.219,-71.891
United States,Q30,http://www.wikidata.org/entity/Q116723874,Cranberry Solar,Solar power station,41.871955,-70.90779
United States,Q30,http://www.wikidata.org/entity/Q116723772,"Barton Acres Solar, LLC CSG",Solar power station,42.572,-72.164
United States,Q30,http://www.wikidata.org/entity/Q116723765,Lily Solar,Solar power station,33.094931,-81.43484
United States,Q30,http://www.wikidata.org/entity/Q116723846,Mt Hope Solar,Solar power station,45.12795,-122.6138
United States,Q30,http://www.wikidata.org/entity/Q116723804,"Buffalo Lake CSG1, LLC",Solar power station,44.732611,-94.62303
United States,Q30,http://www.wikidata.org/entity/Q116723770,"St. Joseph's Solar, LLC CSG",Solar power station,42.143586,-71.97211
United States,Q30,http://www.wikidata.org/entity/Q116723894,Augusta Solar,Solar power station,34.124,-82.13
United States,Q30,http://www.wikidata.org/entity/Q116723790,Britton Solar Energy Center,Solar power station,35.016,-106.098
United States,Q30,http://www.wikidata.org/entity/Q116723867,Oak Street Solar,Solar power station,42.148611,-72.49694
United States,Q30,http://www.wikidata.org/entity/Q116723901,Taos Mesa Energy Facility Hybrid,Solar power station,36.44,-105.62
United States,Q30,http://www.wikidata.org/entity/Q116723897,Hayfield Solar I LLC CSG,Solar power station,43.894113,-92.86719
United States,Q30,http://www.wikidata.org/entity/Q116723840,CED Peoria Solar,Solar power station,40.57629,-89.70355
United States,Q30,http://www.wikidata.org/entity/Q116723762,Lange Solar,Solar power station,44.028216,-92.63908
United States,Q30,http://www.wikidata.org/entity/Q116723797,SR Skylark C,Solar power station,40.575118,-104.8958
United States,Q30,http://www.wikidata.org/entity/Q116723809,"Sacred Heart CSG1, LLC",Solar power station,44.783167,-95.36108
United States,Q30,http://www.wikidata.org/entity/Q116723892,ISM Solar Cranston CSG,Solar power station,41.735147,-71.46304
United States,Q30,http://www.wikidata.org/entity/Q116723824,Fort Rock I,Solar power station,43.320081,-121.0035
United States,Q30,http://www.wikidata.org/entity/Q116723805,"Lowry CSG2, LLC",Solar power station,45.669611,-95.51053
United States,Q30,http://www.wikidata.org/entity/Q116723902,CES Marbletown Solar,Solar power station,41.885716,-74.10272
United States,Q30,http://www.wikidata.org/entity/Q116723799,"Palombo Solar, LLC CSG",Solar power station,42.025,-71.599
United States,Q30,http://www.wikidata.org/entity/Q116723810,"Stewart CSG1, LLC",Solar power station,44.725639,-94.49508
United States,Q30,http://www.wikidata.org/entity/Q116723900,Slate Hybrid,Solar power station,36.226955,-119.8948
United States,Q30,http://www.wikidata.org/entity/Q116723847,Williams Acres Solar,Solar power station,45.137,-122.799
United States,Q30,http://www.wikidata.org/entity/Q116723782,"Dudley River Solar, LLC CSG",Solar power station,42.070934,-71.99966
United States,Q30,http://www.wikidata.org/entity/Q116723753,Jersey City DWP,Solar power station,40.690025,-74.08743
United States,Q30,http://www.wikidata.org/entity/Q116723904,"Eros Solar, LLC",Solar power station,35.16513,-78.08025
United States,Q30,http://www.wikidata.org/entity/Q116723860,Oak Leaf Solar XXXIII LLC (Lantz),Solar power station,38.5357,-106.0753
United States,Q30,http://www.wikidata.org/entity/Q116723868,"Hunker Solar River, LLC",Solar power station,40.216382,-79.64711
United States,Q30,http://www.wikidata.org/entity/Q116723842,Bowden Solar LLC,Solar power station,42.109156,-72.33813
United States,Q30,http://www.wikidata.org/entity/Q116723898,Hayfield Solar III LLC CSG,Solar power station,43.919214,-92.86126
United States,Q30,http://www.wikidata.org/entity/Q116723769,Mohave Electric Cooperative at Joy Lane,Solar power station,34.9843,-114.5565
United States,Q30,http://www.wikidata.org/entity/Q116723754,Pima Community College NW,Solar power station,32.343491,-111.0279
United States,Q30,http://www.wikidata.org/entity/Q116723911,Underhill,Solar power station,41.716281,-73.88426
United States,Q30,http://www.wikidata.org/entity/Q116723776,"JH Solar, LLC CSG",Solar power station,42.243,-72.1
United States,Q30,http://www.wikidata.org/entity/Q116723759,Assembly Solar II LLC,Solar power station,43.043718,-83.95998
United States,Q30,http://www.wikidata.org/entity/Q116723751,Spruce - WCMD - Resh I,Solar power station,39.68185,-77.80145
United States,Q30,http://www.wikidata.org/entity/Q116723893,Elora Solar,Solar power station,35.06,-86.34
United States,Q30,http://www.wikidata.org/entity/Q116723829,Dunn Road Solar,Solar power station,45.431,-122.286
United States,Q30,http://www.wikidata.org/entity/Q116723748,Spruce - WCMD - Rubble II,Solar power station,39.62143,-77.82543
United States,Q30,http://www.wikidata.org/entity/Q116723841,Siems Solar Project CSG,Solar power station,44.272392,-92.55696
United States,Q30,http://www.wikidata.org/entity/Q116723755,Winona Community Solar One LLC,Solar power station,43.858524,-91.32198
United States,Q30,http://www.wikidata.org/entity/Q116723848,River Valley Solar,Solar power station,45.128,-122.828
United States,Q30,http://www.wikidata.org/entity/Q116723773,"Cherry Valley Solar, LLC CSG",Solar power station,42.229961,-71.89155
United States,Q30,http://www.wikidata.org/entity/Q116723821,"Scenic Hill Solar IV, LLC",Solar power station,35.47056,-93.4464
United States,Q30,http://www.wikidata.org/entity/Q116723895,Cool Springs Solar (Hybrid),Solar power station,30.747916,-84.68049
United States,Q30,http://www.wikidata.org/entity/Q116723793,Harmony Solar,Solar power station,28.155322,-81.10833
United States,Q30,http://www.wikidata.org/entity/Q116723749,Spruce - WCMD - Rubble I,Solar power station,39.61849,-77.82332
United States,Q30,http://www.wikidata.org/entity/Q116723854,Lakeville Solar,Solar power station,41.865224,-70.95826
United States,Q30,http://www.wikidata.org/entity/Q116723858,Laurel Village (CSG),Solar power station,45.083808,-94.17968
United States,Q30,http://www.wikidata.org/entity/Q116723757,Solar BESS Hybrid,Solar power station,33.979348,-84.55613
United States,Q30,http://www.wikidata.org/entity/Q116723843,M72 West Solar,Solar power station,44.776787,-85.70136
United States,Q30,http://www.wikidata.org/entity/Q116723896,Rawhide Prairie Solar Hybrid,Solar power station,40.857978,-105.0156
United States,Q30,http://www.wikidata.org/entity/Q116723796,SR Kersey II,Solar power station,40.386223,-104.554
United States,Q30,http://www.wikidata.org/entity/Q116723903,"ESA Buies Creek, LLC",Solar power station,35.41424,-78.71433
United States,Q30,http://www.wikidata.org/entity/Q116723857,Paulson Community (CSG),Solar power station,44.335686,-93.91702
United States,Q30,http://www.wikidata.org/entity/Q116723861,Hammer Community (CSG),Solar power station,45.414071,-94.00571
United States,Q30,http://www.wikidata.org/entity/Q116723800,"Palombo B Solar, LLC CSG",Solar power station,42.028,-71.596
United States,Q30,http://www.wikidata.org/entity/Q116723914,Ballenger Road Solar A,Solar power station,35.04354,-82.11284
United States,Q30,http://www.wikidata.org/entity/Q116723822,Pleasanton - Amador Valley High School,Solar power station,37.662431,-121.8747
United States,Q30,http://www.wikidata.org/entity/Q116723780,"Dudley River 3 Solar, LLC CSG",Solar power station,42.071255,-71.99822
United States,Q30,http://www.wikidata.org/entity/Q116723899,Pipestone City Solar LLC CSG,Solar power station,44.015972,-96.31751
United States,Q30,http://www.wikidata.org/entity/Q116723778,HWY 158 PV,Solar power station,36.423222,-77.07384
United States,Q30,http://www.wikidata.org/entity/Q116723803,"Brooten CSG1, LLC",Solar power station,45.498798,-95.16223
United States,Q30,http://www.wikidata.org/entity/Q116723850,Sanford Solar,Solar power station,43.4569,-70.7803
United States,Q30,http://www.wikidata.org/entity/Q116723910,USS Viceroy Solar LLC CSG,Solar power station,45.49776,-95.16451
United States,Q30,http://www.wikidata.org/entity/Q116723871,"Butler Solar, LLC",Solar power station,45.101804,-123.4101
United States,Q30,http://www.wikidata.org/entity/Q116723859,Hertzberg Community (CSG),Solar power station,45.410876,-94.70206
United States,Q30,http://www.wikidata.org/entity/Q116723875,Galloway Landfill,Solar power station,40.172415,-74.02324
United States,Q30,http://www.wikidata.org/entity/Q116723838,Sheriff Road,Solar power station,38.911287,-76.89488
United States,Q30,http://www.wikidata.org/entity/Q116723764,Chevron - Lost Hills Hybrid,Solar power station,35.62,-119.69
United States,Q30,http://www.wikidata.org/entity/Q116723870,"Freight Line Solar, LLC",Solar power station,34.96885,-77.76236
United States,Q30,http://www.wikidata.org/entity/Q116723775,"Incom Solar, LLC CSG",Solar power station,42.107929,-72.01723
United States,Q30,http://www.wikidata.org/entity/Q116723851,"University Solar, LLC",Solar power station,41.6133,-71.6593
United States,Q30,http://www.wikidata.org/entity/Q116723758,Amazon DEN2 Solar Project,Solar power station,39.75,-104.75
United States,Q30,http://www.wikidata.org/entity/Q116723784,"Cohasse Solar, LLC CSG",Solar power station,42.056,-72.045
United States,Q30,http://www.wikidata.org/entity/Q116724716,"Clifton Park Solar 2, LLC",Solar power station,42.84037,-73.83546
United States,Q30,http://www.wikidata.org/entity/Q116724759,Amazon PSP1,Solar power station,33.92624,-116.9944
United States,Q30,http://www.wikidata.org/entity/Q116724680,Kearsarge Montague BD(CSG),Solar power station,42.585933,-72.55801
United States,Q30,http://www.wikidata.org/entity/Q116724697,P52ES Raphel Rd Community Solar LLC,Solar power station,39.4167,-76.403
United States,Q30,http://www.wikidata.org/entity/Q116724778,Hermsdorf Solar,Solar power station,43.0596,-89.2609
United States,Q30,http://www.wikidata.org/entity/Q116724700,"Bulldog Solar One, LLC",Solar power station,38.9152,-76.6972
United States,Q30,http://www.wikidata.org/entity/Q116724668,"Kirby Road Solar, LLC",Solar power station,38.77897,-76.9237
United States,Q30,http://www.wikidata.org/entity/Q116724693,Big Bend II Solar,Solar power station,27.781988,-82.39045
United States,Q30,http://www.wikidata.org/entity/Q116724739,Alton Road Solar,Solar power station,41.407547,-71.74833
United States,Q30,http://www.wikidata.org/entity/Q116724692,Hot Springs Energy Storage & Microgrid,Solar power station,35.89071,-82.82513
United States,Q30,http://www.wikidata.org/entity/Q116724701,Pivot Solar 4 LLC (CSG),Solar power station,40.228419,-104.777
United States,Q30,http://www.wikidata.org/entity/Q116724725,"Blue Prairie Solar, LLC",Solar power station,44.285255,-90.9158
United States,Q30,http://www.wikidata.org/entity/Q116724699,Pittman Solar One LLC,Solar power station,39.68753,-78.108
United States,Q30,http://www.wikidata.org/entity/Q116724714,"Hamlin Solar 1, LLC",Solar power station,43.30141,-77.94429
United States,Q30,http://www.wikidata.org/entity/Q116724671,"TPE Hopkins Solar Holdings1, LLC",Solar power station,41.61609,-71.56683
United States,Q30,http://www.wikidata.org/entity/Q116724717,Adams,Solar power station,34.695185,-82.52828
United States,Q30,http://www.wikidata.org/entity/Q116724742,West Haydenville PJ Community Solar,Solar power station,42.3831,-72.7111
United States,Q30,http://www.wikidata.org/entity/Q116724669,"TPE King Solar Holdings1, LLC (CSG)",Solar power station,41.979212,-71.58131
United States,Q30,http://www.wikidata.org/entity/Q116724751,Holliday Creek Solar,Solar power station,42.56867,-94.10277
United States,Q30,http://www.wikidata.org/entity/Q116724788,OER Checkerspot,Solar power station,38.783572,-76.57415
United States,Q30,http://www.wikidata.org/entity/Q116724670,MNCPPC Randall Farm,Solar power station,38.831624,-76.80315
United States,Q30,http://www.wikidata.org/entity/Q116724810,FELPS 1 - Calaveras,Solar power station,29.220361,-98.25087
United States,Q30,http://www.wikidata.org/entity/Q116724762,Blue Springs,Solar power station,30.782897,-85.07869
United States,Q30,http://www.wikidata.org/entity/Q116724663,Dover,Solar power station,42.22737,-71.24891
United States,Q30,http://www.wikidata.org/entity/Q116724813,FELPS 3 - Floresville South,Solar power station,29.129219,-98.1063
United States,Q30,http://www.wikidata.org/entity/Q116724741,Williams Rd,Solar power station,43.204,-78.943
United States,Q30,http://www.wikidata.org/entity/Q116724710,Van Buren,Solar power station,34.984045,-78.5275
United States,Q30,http://www.wikidata.org/entity/Q116724673,"Hostetter Solar One, LLC",Solar power station,39.66448,-77.70058
United States,Q30,http://www.wikidata.org/entity/Q116724734,Main Rd Community Solar,Solar power station,42.9976,-78.5047
United States,Q30,http://www.wikidata.org/entity/Q116724679,Kearsarge Haverhill,Solar power station,42.75288,-71.04697
United States,Q30,http://www.wikidata.org/entity/Q116724745,Maple(CSG),Solar power station,42.062793,-71.26433
United States,Q30,http://www.wikidata.org/entity/Q116724728,Fairhaven MA 2,Solar power station,41.666,-70.87831
United States,Q30,http://www.wikidata.org/entity/Q116724709,Acton,Solar power station,43.543731,-70.91275
United States,Q30,http://www.wikidata.org/entity/Q116724740,Townline Community Solar,Solar power station,43.0421,-78.1337
United States,Q30,http://www.wikidata.org/entity/Q116724748,Dodds (CSG),Solar power station,42.379459,-89.84296
United States,Q30,http://www.wikidata.org/entity/Q116724779,Kearsarge Fogland,Solar power station,41.555955,-71.18822
United States,Q30,http://www.wikidata.org/entity/Q116724687,"Rabbitbrush Solar, LLC",Solar power station,34.83,-118.32
United States,Q30,http://www.wikidata.org/entity/Q116724661,Harris Shiloh,Solar power station,32.797582,-84.69659
United States,Q30,http://www.wikidata.org/entity/Q116724812,FELPS 2 - Calaveras,Solar power station,29.220942,-98.25167
United States,Q30,http://www.wikidata.org/entity/Q116724727,"Stanly Solar, LLC",Solar power station,35.289722,-80.23556
United States,Q30,http://www.wikidata.org/entity/Q116724660,Fountain Folkston,Solar power station,30.916375,-81.96023
United States,Q30,http://www.wikidata.org/entity/Q116724815,FELPS 5- Floresville South,Solar power station,29.128151,-98.10734
United States,Q30,http://www.wikidata.org/entity/Q116724781,Long John CSG,Solar power station,41.69398,-88.65309
United States,Q30,http://www.wikidata.org/entity/Q116724694,P52ES 1755 Henryton Rd Phase 1 LLC CSG,Solar power station,39.32015,-76.92965
United States,Q30,http://www.wikidata.org/entity/Q116724695,P52ES 1755 Henryton Rd Phase 2 LLC,Solar power station,39.32015,-76.92965
United States,Q30,http://www.wikidata.org/entity/Q116724743,Brookwood Drive Community Solar,Solar power station,41.59,-71.0942
United States,Q30,http://www.wikidata.org/entity/Q116724756,Goldman Sachs Carports Solar,Solar power station,42.76573,-73.75055
United States,Q30,http://www.wikidata.org/entity/Q116724666,Bellisario Solar 3,Solar power station,42.452956,-76.13176
United States,Q30,http://www.wikidata.org/entity/Q116724659,Westberry Jesup,Solar power station,31.602803,-81.93258
United States,Q30,http://www.wikidata.org/entity/Q116724786,Freehold(CSG),Solar power station,42.370433,-74.03805
United States,Q30,http://www.wikidata.org/entity/Q116724807,Connexus Solar Stanford 1STF,Solar power station,45.41715,-93.38854
United States,Q30,http://www.wikidata.org/entity/Q116724738,Rowe (CSG),Solar power station,42.0687,-78.3752
United States,Q30,http://www.wikidata.org/entity/Q116724780,Kearsarge East Providence,Solar power station,41.833746,-71.36975
United States,Q30,http://www.wikidata.org/entity/Q116724720,MD - PR97 (CSG),Solar power station,38.934666,-76.71482
United States,Q30,http://www.wikidata.org/entity/Q116724809,"Broadway Road Solar, LLC",Solar power station,34.458665,-79.09595
United States,Q30,http://www.wikidata.org/entity/Q116724735,Redman North Community Solar,Solar power station,43.2752,-77.966
United States,Q30,http://www.wikidata.org/entity/Q116724689,Big River Solar,Solar power station,38.050141,-88.29553
United States,Q30,http://www.wikidata.org/entity/Q116724814,FELPS 4 - Floresville South,Solar power station,29.128666,-98.10704
United States,Q30,http://www.wikidata.org/entity/Q116724808,AEC- Santa Rosa Solar,Solar power station,33.5293,-116.5477
United States,Q30,http://www.wikidata.org/entity/Q116724674,Amazon MDW6 Solar Project,Solar power station,41.6721,-88.11549
United States,Q30,http://www.wikidata.org/entity/Q116724688,Jamison Solar (FL),Solar power station,27.806645,-81.95568
United States,Q30,http://www.wikidata.org/entity/Q116724698,Mason Solar One LLC,Solar power station,39.69196,-75.91848
United States,Q30,http://www.wikidata.org/entity/Q116724811,"Wyse Fork Solar Farm, LLC",Solar power station,35.21377,-77.50322
United States,Q30,http://www.wikidata.org/entity/Q116724703,Magnolia Solar,Solar power station,27.55325,-82.3049
United States,Q30,http://www.wikidata.org/entity/Q116724737,Knapp West(CSG),Solar power station,43.0148,-78.4609
United States,Q30,http://www.wikidata.org/entity/Q116724664,O'Brien Solar Fields,Solar power station,42.997665,-89.45895
United States,Q30,http://www.wikidata.org/entity/Q116724721,Todd Solar,Solar power station,38.613328,-75.83521
United States,Q30,http://www.wikidata.org/entity/Q116724715,"Clifton Park Solar 1, LLC",Solar power station,42.839013,-73.83472
United States,Q30,http://www.wikidata.org/entity/Q116724750,Wolfcastle,Solar power station,41.9506,-88.8308
United States,Q30,http://www.wikidata.org/entity/Q116724749,Olmstead II CSG,Solar power station,42.371669,-89.79629
United States,Q30,http://www.wikidata.org/entity/Q116724787,Moraine CSG,Solar power station,40.379212,-88.84341
United States,Q30,http://www.wikidata.org/entity/Q116724785,Viking Solar CSG,Solar power station,39.405457,-89.99571
United States,Q30,http://www.wikidata.org/entity/Q116724744,IL17021 Brush Creek I CSG,Solar power station,42.452243,-89.63881
United States,Q30,http://www.wikidata.org/entity/Q116724806,"Energix Leatherwood, LLC",Solar power station,36.687071,-79.70947
United States,Q30,http://www.wikidata.org/entity/Q116724722,Dos Palos,Solar power station,36.981755,-120.6254
United States,Q30,http://www.wikidata.org/entity/Q116724685,Slidematic at Rockford,Solar power station,42.206076,-89.07438
United States,Q30,http://www.wikidata.org/entity/Q116724746,Segunda II (CSG),Solar power station,41.117733,-88.86371
United States,Q30,http://www.wikidata.org/entity/Q116724767,Redwood Coast Airport Microgrid,Solar power station,40.967222,-124.1044
United States,Q30,http://www.wikidata.org/entity/Q116724777,IGS Frankfort 2 CSG,Solar power station,41.49563,-87.7876
United States,Q30,http://www.wikidata.org/entity/Q116724686,JM Huber at Quincy,Solar power station,39.859083,-91.39969
United States,Q30,http://www.wikidata.org/entity/Q116724712,Ryland Road Solar,Solar power station,36.27585,-76.64867
United States,Q30,http://www.wikidata.org/entity/Q116724752,Morgan Solar 1 CSG,Solar power station,39.82245,-90.55519
United States,Q30,http://www.wikidata.org/entity/Q116724711,Naples,Solar power station,43.970601,-70.57696
United States,Q30,http://www.wikidata.org/entity/Q116724665,Bellisario Solar 1,Solar power station,42.449783,-76.12112
United States,Q30,http://www.wikidata.org/entity/Q116724784,Hurricane Creek CSG,Solar power station,37.789506,-89.05871
United States,Q30,http://www.wikidata.org/entity/Q116724683,Hudson - High Desert Hybrid,Solar power station,34.6365,-117.3724
United States,Q30,http://www.wikidata.org/entity/Q116724723,"Dunstable Solar 1, LLC",Solar power station,42.6656,-71.5168
United States,Q30,http://www.wikidata.org/entity/Q116724761,Arbor Hill Solar,Solar power station,41.4669,-94.26271
United States,Q30,http://www.wikidata.org/entity/Q116724667,Prologis L.P,Solar power station,37.725044,-121.5298
United States,Q30,http://www.wikidata.org/entity/Q116724733,Knapp East (CSG),Solar power station,43.0134,-78.4601
United States,Q30,http://www.wikidata.org/entity/Q116724754,Morgan Solar 1b CSG,Solar power station,39.82215,-90.55457
United States,Q30,http://www.wikidata.org/entity/Q116724732,Rice Lake Solar Array,Solar power station,45.526558,-91.75693
United States,Q30,http://www.wikidata.org/entity/Q116724713,Windsor Hwy 17 Solar,Solar power station,36.021253,-76.87244
United States,Q30,http://www.wikidata.org/entity/Q116724662,Polk Cedartown,Solar power station,34.019643,-85.28088
United States,Q30,http://www.wikidata.org/entity/Q116724684,Blodgett Solar CSG,Solar power station,42.678889,-71.44511
United States,Q30,http://www.wikidata.org/entity/Q116724724,Swan Garden,Solar power station,45.7204,-95.2653
United States,Q30,http://www.wikidata.org/entity/Q116724736,Glenmere Lake,Solar power station,41.3698,-74.366
United States,Q30,http://www.wikidata.org/entity/Q116724678,Kearsarge William Way,Solar power station,42.081919,-71.49245
United States,Q30,http://www.wikidata.org/entity/Q116724782,Woodlawn CSG,Solar power station,41.392408,-87.59463
United States,Q30,http://www.wikidata.org/entity/Q116724747,Woodlawn II (CSG),Solar power station,41.392408,-87.59482
United States,Q30,http://www.wikidata.org/entity/Q116721630,Wilson Solar Farm 4,Solar power station,35.7,-78.0
United States,Q30,http://www.wikidata.org/entity/Q116721681,WyEast Solar,Solar power station,45.5846,-120.5999
United States,Q30,http://www.wikidata.org/entity/Q116721602,Green Beanworks D PV,Solar power station,34.654976,-118.0822
United States,Q30,http://www.wikidata.org/entity/Q116721609,"350 Clark Solar, NG, LLC",Solar power station,40.894197,-74.73016
United States,Q30,http://www.wikidata.org/entity/Q116721649,IKEA Grand Prairie Rooftop PV System,Solar power station,32.82,-97.05
United States,Q30,http://www.wikidata.org/entity/Q116721651,Walton 1 Solar Facility,Solar power station,38.85018,-84.59226
United States,Q30,http://www.wikidata.org/entity/Q116721652,Walton 2 Solar Facility,Solar power station,38.85018,-84.59226
United States,Q30,http://www.wikidata.org/entity/Q116721637,"River Bend Solar, LLC",Solar power station,45.703779,-109.5652
United States,Q30,http://www.wikidata.org/entity/Q116721664,Barnwell Solar,Solar power station,33.237,-81.351
United States,Q30,http://www.wikidata.org/entity/Q116721716,Georgia Power at Jakin GA PV,Solar power station,31.138,-85.031
United States,Q30,http://www.wikidata.org/entity/Q116721597,Finger Lakes Solar I,Solar power station,42.814025,-77.04563
United States,Q30,http://www.wikidata.org/entity/Q116721672,"Black Eagle Solar, LLC",Solar power station,47.547466,-111.254
United States,Q30,http://www.wikidata.org/entity/Q116721684,Westmont 400A,Solar power station,33.764227,-118.2889
United States,Q30,http://www.wikidata.org/entity/Q116721708,St. Cloud Solar CSG,Solar power station,45.477397,-94.12131
United States,Q30,http://www.wikidata.org/entity/Q116721663,Cameron Solar II,Solar power station,33.567,-80.699
United States,Q30,http://www.wikidata.org/entity/Q116721627,Biltmore Solar Fields,Solar power station,35.561156,-82.58844
United States,Q30,http://www.wikidata.org/entity/Q116721644,Pleasantdale Road Community Solar,Solar power station,42.322246,-71.98702
United States,Q30,http://www.wikidata.org/entity/Q116721616,ACE-Stanton PV,Solar power station,28.47735,-81.18036
United States,Q30,http://www.wikidata.org/entity/Q116721705,Hecate Energy Clarke County LLC,Solar power station,39.06485,-78.13821
United States,Q30,http://www.wikidata.org/entity/Q116721647,Peterson Road Solar,Solar power station,42.1,-72.3
United States,Q30,http://www.wikidata.org/entity/Q116721654,SR Kersey,Solar power station,40.386197,-104.551
United States,Q30,http://www.wikidata.org/entity/Q116721631,Wilson Solar Farm 5,Solar power station,35.68,-77.87
United States,Q30,http://www.wikidata.org/entity/Q116721632,Wilson Solar Farm 6,Solar power station,35.68,-77.87
United States,Q30,http://www.wikidata.org/entity/Q116721653,BPU Solar Farm,Solar power station,39.166436,-94.69689
United States,Q30,http://www.wikidata.org/entity/Q116721713,Letchworth Solar Project,Solar power station,42.618969,-78.17952
United States,Q30,http://www.wikidata.org/entity/Q116721689,Princeton Solar Project,Solar power station,40.379736,-74.62569
United States,Q30,http://www.wikidata.org/entity/Q116721683,Long Henry Solar,Solar power station,35.195302,-77.89513
United States,Q30,http://www.wikidata.org/entity/Q116721645,Hatfield Renewables Community Solar,Solar power station,42.3,-72.7
United States,Q30,http://www.wikidata.org/entity/Q116721604,"Broadridge Solar, LLC",Solar power station,34.522942,-78.95721
United States,Q30,http://www.wikidata.org/entity/Q116721704,Kearsarge Bellingham PV,Solar power station,42.071176,-71.45856
United States,Q30,http://www.wikidata.org/entity/Q116721668,SR Innovation - NIKE PV,Solar power station,35.300066,-89.96299
United States,Q30,http://www.wikidata.org/entity/Q116721677,Grafton PV,Solar power station,42.225504,-71.66261
United States,Q30,http://www.wikidata.org/entity/Q116721596,Sacramento Regional County Sanitation PV,Solar power station,38.448604,-121.4637
United States,Q30,http://www.wikidata.org/entity/Q116721643,Upton Community Solar,Solar power station,42.1,-71.7
United States,Q30,http://www.wikidata.org/entity/Q116721613,Old Wardour Solar,Solar power station,42.237578,-72.03745
United States,Q30,http://www.wikidata.org/entity/Q116721615,Vuelta Solar,Solar power station,42.237578,-72.03745
United States,Q30,http://www.wikidata.org/entity/Q116721721,Pikeville Farm,Solar power station,35.478155,-77.97917
United States,Q30,http://www.wikidata.org/entity/Q116721686,MDFA Devens-Saratoga,Solar power station,42.544134,-71.59881
United States,Q30,http://www.wikidata.org/entity/Q116721642,Theodore Drive Community Solar,Solar power station,42.5,-71.8
United States,Q30,http://www.wikidata.org/entity/Q116721693,IGS Solar I - BWI5,Solar power station,39.27,-76.548
United States,Q30,http://www.wikidata.org/entity/Q116721700,Midway Solar - TX,Solar power station,30.995503,-102.2235
United States,Q30,http://www.wikidata.org/entity/Q116721650,Crittenden Solar Facility,Solar power station,38.751822,-84.61326
United States,Q30,http://www.wikidata.org/entity/Q116721720,Deep Branch Farm,Solar power station,34.670842,-79.19938
United States,Q30,http://www.wikidata.org/entity/Q116721694,IGS Solar I - EWR5,Solar power station,40.582,-74.255
United States,Q30,http://www.wikidata.org/entity/Q116721638,"South Mills Solar, LLC",Solar power station,45.730113,-107.6326
United States,Q30,http://www.wikidata.org/entity/Q116721685,Westmont 400B,Solar power station,33.764227,-118.2847
United States,Q30,http://www.wikidata.org/entity/Q116721641,Belchertown Renewables Community Solar,Solar power station,42.3,-72.3
United States,Q30,http://www.wikidata.org/entity/Q116721635,"Lux Solar, LLC",Solar power station,35.241145,-81.42943
United States,Q30,http://www.wikidata.org/entity/Q116721673,"Magpie Solar, LLC",Solar power station,46.291439,-108.9379
United States,Q30,http://www.wikidata.org/entity/Q116721658,Port of LA Solar FiT Project,Solar power station,33.727977,-118.28
United States,Q30,http://www.wikidata.org/entity/Q116721671,"Great Divide Solar, LLC",Solar power station,46.805739,-112.249
United States,Q30,http://www.wikidata.org/entity/Q116721601,Green Beanworks C PV,Solar power station,34.597,-117.931
United States,Q30,http://www.wikidata.org/entity/Q116721722,"Moorings Farm 2, LLC",Solar power station,35.305747,-77.82889
United States,Q30,http://www.wikidata.org/entity/Q116721661,Odyssey Solar,Solar power station,33.79,-81.266
United States,Q30,http://www.wikidata.org/entity/Q116721636,"Sun Farm V, LLC",Solar power station,36.160629,-76.48936
United States,Q30,http://www.wikidata.org/entity/Q116721718,Ashby Duffy CSG Solar Farm,Solar power station,42.68,-71.83
United States,Q30,http://www.wikidata.org/entity/Q116721674,Mill Creek Solar (OR),Solar power station,45.16964,-123.1363
United States,Q30,http://www.wikidata.org/entity/Q116721703,Centaurus Solar - MA,Solar power station,42.253,-71.426
United States,Q30,http://www.wikidata.org/entity/Q116721660,Saluda Solar II,Solar power station,34.011,-81.739
United States,Q30,http://www.wikidata.org/entity/Q116721702,Walnut Springs Solar,Solar power station,32.07868,-97.76846
United States,Q30,http://www.wikidata.org/entity/Q116721717,Canis Major Solar Farm,Solar power station,42.009,-72.65
United States,Q30,http://www.wikidata.org/entity/Q116721618,"Innovative Solar 60, LLC",Solar power station,36.091,-77.992
United States,Q30,http://www.wikidata.org/entity/Q116721594,Onyx - Allen Harim,Solar power station,38.717509,-75.28879
United States,Q30,http://www.wikidata.org/entity/Q116721670,Volkman Road Solar Array Hybrid,Solar power station,38.1492,-87.54821
United States,Q30,http://www.wikidata.org/entity/Q116721634,"Bladenboro Solar, LLC",Solar power station,34.547761,-78.81765
United States,Q30,http://www.wikidata.org/entity/Q116721656,Higginsville Solar Farm,Solar power station,39.002139,-93.72683
United States,Q30,http://www.wikidata.org/entity/Q116721676,Next Generation Solar Farm,Solar power station,44.084824,-73.22665
United States,Q30,http://www.wikidata.org/entity/Q116721593,Bandera Electric Coop PV,Solar power station,29.681032,-99.76221
United States,Q30,http://www.wikidata.org/entity/Q116721687,Bear Creek Solar,Solar power station,35.540344,-79.44905
United States,Q30,http://www.wikidata.org/entity/Q116721699,Smith & Wesson at Springfield MA PV,Solar power station,42.13794,-72.5509
United States,Q30,http://www.wikidata.org/entity/Q116721648,Sampson Road Community Solar,Solar power station,42.1,-72.0
United States,Q30,http://www.wikidata.org/entity/Q116721655,Golden Hills Solar,Solar power station,42.4,-72.0
United States,Q30,http://www.wikidata.org/entity/Q116721592,Mount Signal Solar Farm V,Solar power station,32.678805,-115.5672
United States,Q30,http://www.wikidata.org/entity/Q116721688,Bondi Solar,Solar power station,35.134054,-77.53849
United States,Q30,http://www.wikidata.org/entity/Q116721662,Hampton Solar I,Solar power station,32.879,-81.133
United States,Q30,http://www.wikidata.org/entity/Q116721682,RE Maplewood,Solar power station,30.976638,-102.2578
United States,Q30,http://www.wikidata.org/entity/Q116721598,IKEA Memphis 508,Solar power station,35.189991,-89.7993
United States,Q30,http://www.wikidata.org/entity/Q116721617,Glopak Solar PV Power Plant,Solar power station,40.575378,-74.39281
United States,Q30,http://www.wikidata.org/entity/Q116721629,Wilson Solar Farm 2,Solar power station,35.683,-78.016
United States,Q30,http://www.wikidata.org/entity/Q116721614,Shuman Solar,Solar power station,42.114918,-71.06604
United States,Q30,http://www.wikidata.org/entity/Q116721669,Oak Hill Solar Array,Solar power station,37.99,-87.53
United States,Q30,http://www.wikidata.org/entity/Q116721666,Delphinus Community Solar,Solar power station,45.618565,-94.08876
United States,Q30,http://www.wikidata.org/entity/Q116721605,"Kelly Solar, LLC",Solar power station,36.391194,-78.44902
United States,Q30,http://www.wikidata.org/entity/Q116721665,Crater Community Solar,Solar power station,44.798733,-95.50833
United States,Q30,http://www.wikidata.org/entity/Q116721701,Sweetwater Solar,Solar power station,41.629056,-109.6835
United States,Q30,http://www.wikidata.org/entity/Q116721633,Wilson Solar Farm 7,Solar power station,35.75,-78.0
United States,Q30,http://www.wikidata.org/entity/Q116721707,Cedar Creek PV,Solar power station,40.64889,-73.50667
United States,Q30,http://www.wikidata.org/entity/Q116721675,Green Beanworks B PV,Solar power station,34.688042,-117.9895
United States,Q30,http://www.wikidata.org/entity/Q116721706,Hecate Energy Cherrydale LLC,Solar power station,37.37,-75.91717
United States,Q30,http://www.wikidata.org/entity/Q116721620,Stuttgart Solar,Solar power station,34.439722,-91.44
United States,Q30,http://www.wikidata.org/entity/Q116721695,IGS Solar I - EWR6,Solar power station,40.583,-74.257
United States,Q30,http://www.wikidata.org/entity/Q116721606,"Spencer Farm, LLC",Solar power station,35.712886,-80.40785
United States,Q30,http://www.wikidata.org/entity/Q116721622,Antelope Expansion 2,Solar power station,34.744977,-118.3092
United States,Q30,http://www.wikidata.org/entity/Q116721657,Mt. Jackson Solar,Solar power station,38.739621,-78.66016
United States,Q30,http://www.wikidata.org/entity/Q116721697,Equuleus Community Solar Gardens,Solar power station,44.726098,-93.02269
United States,Q30,http://www.wikidata.org/entity/Q116721639,"Green Meadow Solar, LLC",Solar power station,46.694488,-112.0636
United States,Q30,http://www.wikidata.org/entity/Q116721712,AEP Jacksonville Solar Project,Solar power station,30.523647,-81.68644
United States,Q30,http://www.wikidata.org/entity/Q116721678,Barrett PV,Solar power station,42.162207,-71.86446
United States,Q30,http://www.wikidata.org/entity/Q116721640,Jackson Solar Farm,Solar power station,35.75,-77.83
United States,Q30,http://www.wikidata.org/entity/Q116721610,"433 Purchase Solar NG, LLC",Solar power station,41.809353,-71.19224
United States,Q30,http://www.wikidata.org/entity/Q116718816,"OCI Alamo 2, LLC",Solar power station,29.469444,-98.33194
United States,Q30,http://www.wikidata.org/entity/Q116718842,Summer Solar B2,Solar power station,34.723056,-118.2897
United States,Q30,http://www.wikidata.org/entity/Q116718843,Summer Solar C2,Solar power station,34.723056,-118.2897
United States,Q30,http://www.wikidata.org/entity/Q116718841,Summer Solar A2,Solar power station,34.723056,-118.2897
United States,Q30,http://www.wikidata.org/entity/Q116718844,Summer Solar D2,Solar power station,34.723056,-118.2897
United States,Q30,http://www.wikidata.org/entity/Q116718845,Summer North Solar,Solar power station,34.723056,-118.2897
United States,Q30,http://www.wikidata.org/entity/Q116718782,Gates Solar LLC,Solar power station,36.450833,-76.80361
United States,Q30,http://www.wikidata.org/entity/Q116718749,Industry Solar Power Generation Station 1 LLC,Solar power station,34.553056,-117.4569
United States,Q30,http://www.wikidata.org/entity/Q116718719,GSE NM1,Solar power station,33.3,-104.4
United States,Q30,http://www.wikidata.org/entity/Q116718829,Milo Solar,Solar power station,36.148889,-79.34889
United States,Q30,http://www.wikidata.org/entity/Q116718760,Sol Orchard El Centro PV,Solar power station,32.803333,-115.5464
United States,Q30,http://www.wikidata.org/entity/Q116718776,Mauka FIT One,Solar power station,21.679722,-157.9844
United States,Q30,http://www.wikidata.org/entity/Q116718812,Lost Hills/Blackwell,Solar power station,35.62,-119.85
United States,Q30,http://www.wikidata.org/entity/Q116718766,Western Antelope Dry Ranch,Solar power station,34.688889,-118.3203
United States,Q30,http://www.wikidata.org/entity/Q116718863,Brentwood Solar,Solar power station,40.781389,-73.24389
United States,Q30,http://www.wikidata.org/entity/Q116718703,"Indy Solar II, LLC",Solar power station,39.662778,-85.98556
United States,Q30,http://www.wikidata.org/entity/Q116718701,"Indy Solar I, LLC",Solar power station,39.662778,-85.98556
United States,Q30,http://www.wikidata.org/entity/Q116718712,Cottage Street Solar Facility,Solar power station,42.145278,-72.53833
United States,Q30,http://www.wikidata.org/entity/Q116718725,Forbes Street Solar,Solar power station,41.773056,-71.33889
United States,Q30,http://www.wikidata.org/entity/Q116718740,Beryl Solar Plant,Solar power station,37.639167,-113.6458
United States,Q30,http://www.wikidata.org/entity/Q116718865,Dennison,Solar power station,40.763056,-73.32361
United States,Q30,http://www.wikidata.org/entity/Q116718773,Lancaster Baptist Church,Solar power station,34.695833,-118.0589
United States,Q30,http://www.wikidata.org/entity/Q116718745,Granite Peak Solar Plant,Solar power station,38.402778,-112.9889
United States,Q30,http://www.wikidata.org/entity/Q116718780,Rockwell Solar LLC,Solar power station,35.541667,-80.47472
United States,Q30,http://www.wikidata.org/entity/Q116718770,Queen Anne's County,Solar power station,39.031667,-76.01639
United States,Q30,http://www.wikidata.org/entity/Q116718854,Maywood Photovoltaic Project,Solar power station,39.743889,-86.21806
United States,Q30,http://www.wikidata.org/entity/Q116718779,Biscoe Solar LLC,Solar power station,35.383889,-79.77028
United States,Q30,http://www.wikidata.org/entity/Q116718818,Orion Solar I,Solar power station,35.150694,-118.875
United States,Q30,http://www.wikidata.org/entity/Q116718803,Axio Green LLC,Solar power station,42.576111,-72.61
United States,Q30,http://www.wikidata.org/entity/Q116718732,Rio Rancho High School,Solar power station,35.264444,-106.6678
United States,Q30,http://www.wikidata.org/entity/Q116718799,Mira Loma,Solar power station,34.013056,-117.5375
United States,Q30,http://www.wikidata.org/entity/Q116718721,Sonora 1,Solar power station,37.889753,-120.5287
United States,Q30,http://www.wikidata.org/entity/Q116718837,Lancaster Dry Farm Ranch B,Solar power station,34.716944,-118.2894
United States,Q30,http://www.wikidata.org/entity/Q116718765,Western Antelope Blue Sky Ranch A,Solar power station,34.681667,-118.3247
United States,Q30,http://www.wikidata.org/entity/Q116718750,Navajo Solar Power Generation Station 1 LLC,Solar power station,34.551111,-117.1911
United States,Q30,http://www.wikidata.org/entity/Q116718802,Apple Data Center - PV2,Solar power station,35.738889,-81.20778
United States,Q30,http://www.wikidata.org/entity/Q116718752,Otoe Solar Power Generation Station 1 LLC,Solar power station,34.545,-117.1919
United States,Q30,http://www.wikidata.org/entity/Q116718828,Buddy Solar,Solar power station,35.541944,-80.36333
United States,Q30,http://www.wikidata.org/entity/Q116718723,Oltmans SCE at Champagne,Solar power station,34.043889,-117.5311
United States,Q30,http://www.wikidata.org/entity/Q116718824,Flash Solar,Solar power station,35.758056,-81.22944
United States,Q30,http://www.wikidata.org/entity/Q116718835,North Bay Solar 1,Solar power station,38.300556,-121.9664
United States,Q30,http://www.wikidata.org/entity/Q116718698,Port Allen Solar,Solar power station,21.901944,-159.5817
United States,Q30,http://www.wikidata.org/entity/Q116718710,Frenchtown III Solar,Solar power station,40.4825,-75.01806
United States,Q30,http://www.wikidata.org/entity/Q116718767,Simon Solar Farm LLC,Solar power station,33.678056,-83.67583
United States,Q30,http://www.wikidata.org/entity/Q116718699,Owens Corning at Bethlehem,Solar power station,42.586944,-73.865
United States,Q30,http://www.wikidata.org/entity/Q116718731,Sue Cleveland High School,Solar power station,35.313333,-106.6578
United States,Q30,http://www.wikidata.org/entity/Q116718848,Expressway Solar C2,Solar power station,34.584444,-117.3414
United States,Q30,http://www.wikidata.org/entity/Q116718859,Sonne One,Solar power station,35.437222,-77.83361
United States,Q30,http://www.wikidata.org/entity/Q116718821,Orion Solar II,Solar power station,35.150694,-118.8753
United States,Q30,http://www.wikidata.org/entity/Q116718811,Barilla Solar,Solar power station,30.96,-103.35
United States,Q30,http://www.wikidata.org/entity/Q116718833,Sophie Solar,Solar power station,35.305,-81.69694
United States,Q30,http://www.wikidata.org/entity/Q116718778,"Celina Solar Project #1, LLC",Solar power station,40.540556,-84.59056
United States,Q30,http://www.wikidata.org/entity/Q116718830,Minnie Solar,Solar power station,35.948056,-79.36194
United States,Q30,http://www.wikidata.org/entity/Q116718826,Angel Solar,Solar power station,35.651111,-81.20861
United States,Q30,http://www.wikidata.org/entity/Q116718697,SMPA Solar 1 Community Solar,Solar power station,38.2725,-108.7856
United States,Q30,http://www.wikidata.org/entity/Q116718741,Cedar Valley Solar Plant,Solar power station,37.807778,-113.09
United States,Q30,http://www.wikidata.org/entity/Q116718758,Butler Plaza,Solar power station,29.623056,-82.38
United States,Q30,http://www.wikidata.org/entity/Q116718808,Phoenix Airport East Economy Lot,Solar power station,33.4345,-111.9842
United States,Q30,http://www.wikidata.org/entity/Q116718864,Deer Park,Solar power station,40.760833,-73.19389
United States,Q30,http://www.wikidata.org/entity/Q116718839,Rodeo Solar C2,Solar power station,34.713333,-118.2894
United States,Q30,http://www.wikidata.org/entity/Q116718840,Rodeo Solar D2,Solar power station,34.713333,-118.2894
United States,Q30,http://www.wikidata.org/entity/Q116718707,Merrimac Solar,Solar power station,42.833056,-70.99194
United States,Q30,http://www.wikidata.org/entity/Q116718762,Holstein Plant,Solar power station,34.774167,-79.34083
United States,Q30,http://www.wikidata.org/entity/Q116718695,Community Solar 1,Solar power station,32.982778,-115.4819
United States,Q30,http://www.wikidata.org/entity/Q116718836,Tihonet Solar,Solar power station,41.7875,-70.72333
United States,Q30,http://www.wikidata.org/entity/Q116718781,Selma Solar LLC,Solar power station,35.576389,-78.18333
United States,Q30,http://www.wikidata.org/entity/Q116718742,Buckhorn Solar Plant,Solar power station,38.023333,-112.7317
United States,Q30,http://www.wikidata.org/entity/Q116718763,Berkshire 1,Solar power station,42.114444,-73.40528
United States,Q30,http://www.wikidata.org/entity/Q116718733,Cascade Solar,Solar power station,34.157222,-116.2344
United States,Q30,http://www.wikidata.org/entity/Q116718823,Elliana Solar,Solar power station,36.131111,-79.3325
United States,Q30,http://www.wikidata.org/entity/Q116718785,Pearl City Peninsula Solar Park,Solar power station,21.375556,-157.9681
United States,Q30,http://www.wikidata.org/entity/Q116718801,Colleton Solar Farm,Solar power station,32.913333,-80.6925
United States,Q30,http://www.wikidata.org/entity/Q116718847,Expressway Solar B,Solar power station,34.583333,-117.3403
United States,Q30,http://www.wikidata.org/entity/Q116718784,Chocowinity Solar LLC,Solar power station,35.515,-77.09
United States,Q30,http://www.wikidata.org/entity/Q116718751,Powhatan Solar Power Generation Station 1 LLC,Solar power station,34.496944,-117.145
United States,Q30,http://www.wikidata.org/entity/Q116718702,"Indy Solar III, LLC",Solar power station,39.659444,-86.25972
United States,Q30,http://www.wikidata.org/entity/Q116718825,Amethyst Solar,Solar power station,35.316944,-81.92639
United States,Q30,http://www.wikidata.org/entity/Q116718804,Lenape II,Solar power station,39.776667,-86.04278
United States,Q30,http://www.wikidata.org/entity/Q116718813,North Star Solar,Solar power station,36.73,-120.41
United States,Q30,http://www.wikidata.org/entity/Q116718832,Owen Solar,Solar power station,35.586111,-81.31528
United States,Q30,http://www.wikidata.org/entity/Q116718746,Blueberry One,Solar power station,35.313889,-78.15417
United States,Q30,http://www.wikidata.org/entity/Q116718809,Phoenix Airport Rental Car Center,Solar power station,33.43042,-112.0448
United States,Q30,http://www.wikidata.org/entity/Q116718827,Audrey Solar,Solar power station,35.328056,-81.62194
United States,Q30,http://www.wikidata.org/entity/Q116718729,Town of East Bridgewater CSG,Solar power station,42.051111,-70.95583
United States,Q30,http://www.wikidata.org/entity/Q116718817,"OCI Alamo 4, LLC",Solar power station,29.328889,-100.3839
United States,Q30,http://www.wikidata.org/entity/Q116718822,Charlotte Solar,Solar power station,35.261944,-81.82167
United States,Q30,http://www.wikidata.org/entity/Q116718754,Indianapolis Motor Speedway Solar PV,Solar power station,39.79,-86.23361
United States,Q30,http://www.wikidata.org/entity/Q116718831,Nick Solar,Solar power station,35.991111,-79.54806
United States,Q30,http://www.wikidata.org/entity/Q116718713,Paradise Solar Energy Center,Solar power station,39.835833,-75.2225
United States,Q30,http://www.wikidata.org/entity/Q116718735,Solar Gen 2 Solar Facility,Solar power station,33.08,-115.47
United States,Q30,http://www.wikidata.org/entity/Q116718772,Monterey Regional Water Pollution Control Agency,Solar power station,36.721111,-121.7878
United States,Q30,http://www.wikidata.org/entity/Q116718743,Laho Solar Plant,Solar power station,38.291389,-113.0356
United States,Q30,http://www.wikidata.org/entity/Q116718755,Westlands Solar PV Farm,Solar power station,36.138056,-120.0758
United States,Q30,http://www.wikidata.org/entity/Q116718846,Expressway Solar A,Solar power station,34.582222,-117.3417
United States,Q30,http://www.wikidata.org/entity/Q116718771,Actus Lend Lease DMAFB,Solar power station,32.1825,-110.8633
United States,Q30,http://www.wikidata.org/entity/Q116718783,Cirrus Solar LLC,Solar power station,35.969444,-78.265
United States,Q30,http://www.wikidata.org/entity/Q116718788,Braley Road 2,Solar power station,41.751667,-70.96694
United States,Q30,http://www.wikidata.org/entity/Q116718791,Kapolei Solar Energy Park,Solar power station,21.321111,-158.1175
United States,Q30,http://www.wikidata.org/entity/Q116718724,Oltmans SCE at Jurupa,Solar power station,34.05,-117.5961
United States,Q30,http://www.wikidata.org/entity/Q116718744,Greenville Solar Plant,Solar power station,38.256111,-112.7358
United States,Q30,http://www.wikidata.org/entity/Q116719756,Oberlin Spear Point Solar One,Solar power station,41.302761,-82.22705
United States,Q30,http://www.wikidata.org/entity/Q116719714,SPS2 Jal,Solar power station,32.183611,-103.1831
United States,Q30,http://www.wikidata.org/entity/Q116719734,L'Oreal Piscataway,Solar power station,40.554341,-74.46801
United States,Q30,http://www.wikidata.org/entity/Q116719078,Moncure Farm LLC,Solar power station,35.568333,-79.0325
United States,Q30,http://www.wikidata.org/entity/Q116719071,Anderson Farm LLC,Solar power station,34.975556,-78.51667
United States,Q30,http://www.wikidata.org/entity/Q116719086,EAFB - North Base,Solar power station,34.9325,-117.9072
United States,Q30,http://www.wikidata.org/entity/Q116719718,Vineland Headquarters,Solar power station,39.490271,-75.03739
United States,Q30,http://www.wikidata.org/entity/Q116719068,West Salisbury Farm LLC,Solar power station,35.668333,-80.52361
United States,Q30,http://www.wikidata.org/entity/Q116719747,IKEA Tampa 042,Solar power station,27.953889,-82.4325
United States,Q30,http://www.wikidata.org/entity/Q116719080,Bailey Farm LLC,Solar power station,35.7875,-78.13972
United States,Q30,http://www.wikidata.org/entity/Q116719100,Green Farm,Solar power station,35.831667,-77.26972
United States,Q30,http://www.wikidata.org/entity/Q116719730,Stockton Athletic Center,Solar power station,39.488443,-74.53526
United States,Q30,http://www.wikidata.org/entity/Q116719085,Dartmouth Landfill,Solar power station,41.581111,-70.99806
United States,Q30,http://www.wikidata.org/entity/Q116719064,Market Farm,Solar power station,36.390278,-79.64722
United States,Q30,http://www.wikidata.org/entity/Q116719719,North Palm Springs 1A,Solar power station,33.924167,-116.5933
United States,Q30,http://www.wikidata.org/entity/Q116719094,EDF Lancaster,Solar power station,42.529167,-71.66528
United States,Q30,http://www.wikidata.org/entity/Q116719717,SPS5 Hopi,Solar power station,32.345556,-104.2347
United States,Q30,http://www.wikidata.org/entity/Q116719093,SDCWA - Twin Oaks,Solar power station,33.21,-117.1706
United States,Q30,http://www.wikidata.org/entity/Q116719744,Solar Photovoltaic Project #48,Solar power station,34.081111,-117.2281
United States,Q30,http://www.wikidata.org/entity/Q116719736,Castle Rock Vineyards,Solar power station,35.801111,-119.1106
United States,Q30,http://www.wikidata.org/entity/Q116719089,Ludlow Landfill,Solar power station,42.182222,-72.5075
United States,Q30,http://www.wikidata.org/entity/Q116719102,RE Mustang LLC,Solar power station,36.221667,-119.9031
United States,Q30,http://www.wikidata.org/entity/Q116719079,Daniel Farm LLC,Solar power station,35.848889,-80.55361
United States,Q30,http://www.wikidata.org/entity/Q116719104,Watson Seed Farm PV1,Solar power station,36.129722,-77.72139
United States,Q30,http://www.wikidata.org/entity/Q116719745,Salt Palace Solar Gen Plant,Solar power station,40.767222,-111.895
United States,Q30,http://www.wikidata.org/entity/Q116719746,WSMR I,Solar power station,32.395833,-106.4772
United States,Q30,http://www.wikidata.org/entity/Q116719082,Acushnet- High Hill,Solar power station,41.714444,-70.99722
United States,Q30,http://www.wikidata.org/entity/Q116719098,XPF Solar Field,Solar power station,35.911667,-78.87333
United States,Q30,http://www.wikidata.org/entity/Q116719729,McKee City Solar Phase 2,Solar power station,39.421944,-74.63917
United States,Q30,http://www.wikidata.org/entity/Q116719707,Mill Creek Solar,Solar power station,40.031388,-74.82472
United States,Q30,http://www.wikidata.org/entity/Q116719076,Acushnet-Braley Road 1,Solar power station,41.751667,-70.97056
United States,Q30,http://www.wikidata.org/entity/Q116719749,Constellation New Energy Inc,Solar power station,39.928889,-74.81806
United States,Q30,http://www.wikidata.org/entity/Q116719052,Chatham Landfill,Solar power station,41.686111,-70.00611
United States,Q30,http://www.wikidata.org/entity/Q116719062,Dragstrip Farm,Solar power station,35.758056,-81.41611
United States,Q30,http://www.wikidata.org/entity/Q116719063,Fremont Farm LLC,Solar power station,35.531944,-77.96917
United States,Q30,http://www.wikidata.org/entity/Q116719702,NJMC Landfill,Solar power station,40.750833,-74.11
United States,Q30,http://www.wikidata.org/entity/Q116719088,Easton Landfill,Solar power station,42.010278,-71.09222
United States,Q30,http://www.wikidata.org/entity/Q116719722,Mount Saint Mary's,Solar power station,39.675,-77.345
United States,Q30,http://www.wikidata.org/entity/Q116719061,Kettering Solar 1,Solar power station,34.700278,-118.1236
United States,Q30,http://www.wikidata.org/entity/Q116719735,Heller Industrial Parks,Solar power station,40.373898,-74.48924
United States,Q30,http://www.wikidata.org/entity/Q116719715,SPS3 Lea,Solar power station,32.469722,-103.3233
United States,Q30,http://www.wikidata.org/entity/Q116719053,Harwich Landfill,Solar power station,41.696111,-70.09194
United States,Q30,http://www.wikidata.org/entity/Q116719709,Benjamin Moore & Co. Solar,Solar power station,40.825556,-74.71472
United States,Q30,http://www.wikidata.org/entity/Q116719077,Enerparc CA1 LLC,Solar power station,36.831667,-121.4042
United States,Q30,http://www.wikidata.org/entity/Q116719092,SDCCD - Miramar,Solar power station,32.906111,-117.1214
United States,Q30,http://www.wikidata.org/entity/Q116719101,Simons Farm,Solar power station,36.306389,-76.99722
United States,Q30,http://www.wikidata.org/entity/Q116719753,Keystone Solar,Solar power station,39.861111,-76.22111
United States,Q30,http://www.wikidata.org/entity/Q116719057,Barnstable Landfill,Solar power station,41.659722,-70.39556
United States,Q30,http://www.wikidata.org/entity/Q116719096,Brighton PV Solar Plant,Solar power station,39.9825,-104.9408
United States,Q30,http://www.wikidata.org/entity/Q116719091,Plymouth Site 1,Solar power station,41.96,-70.77861
United States,Q30,http://www.wikidata.org/entity/Q116719070,Redmon Solar Farm LLC,Solar power station,35.710833,-80.66583
United States,Q30,http://www.wikidata.org/entity/Q116719724,Univ of California San Diego Solar,Solar power station,32.874379,-117.2389
United States,Q30,http://www.wikidata.org/entity/Q116719726,Industry MetroLink PV 1,Solar power station,34.008661,-117.8456
United States,Q30,http://www.wikidata.org/entity/Q116719065,Snow Hill Solar 2 LLC,Solar power station,35.444167,-77.64944
United States,Q30,http://www.wikidata.org/entity/Q116719083,CSD 2- Freedom High,Solar power station,37.969722,-121.7194
United States,Q30,http://www.wikidata.org/entity/Q116719737,2555 E Olympic Bl,Solar power station,34.026944,-118.2242
United States,Q30,http://www.wikidata.org/entity/Q116719058,Dennis Landfill,Solar power station,41.693056,-70.145
United States,Q30,http://www.wikidata.org/entity/Q116719723,Naval Air Weapons Station China Lake,Solar power station,35.68771,-117.6814
United States,Q30,http://www.wikidata.org/entity/Q116719066,Spicewood Solar Farm LLC,Solar power station,35.3025,-79.70167
United States,Q30,http://www.wikidata.org/entity/Q116719060,Division 1,Solar power station,34.708333,-118.1306
United States,Q30,http://www.wikidata.org/entity/Q116719056,Nunnepog,Solar power station,41.358889,-70.505
United States,Q30,http://www.wikidata.org/entity/Q116719704,Summit Associates,Solar power station,40.5003,-74.3536
United States,Q30,http://www.wikidata.org/entity/Q116719710,Cherry Hill,Solar power station,39.876111,-75.00861
United States,Q30,http://www.wikidata.org/entity/Q116719075,Warsaw I,Solar power station,35.01,-78.11
United States,Q30,http://www.wikidata.org/entity/Q116719069,West Siler,Solar power station,35.720841,-79.50375
United States,Q30,http://www.wikidata.org/entity/Q116719084,CSD 2 - Heritage High,Solar power station,37.921944,-121.7556
United States,Q30,http://www.wikidata.org/entity/Q116719713,SPS1 Dollarhide,Solar power station,32.12743,-103.1378
United States,Q30,http://www.wikidata.org/entity/Q116719059,Lepomis PV Energy LLC,Solar power station,41.857222,-70.55833
United States,Q30,http://www.wikidata.org/entity/Q116719705,BlackRock-Matrix,Solar power station,40.3622,-74.4797
United States,Q30,http://www.wikidata.org/entity/Q116719761,Prescott Solar Plant,Solar power station,34.649444,-112.4275
United States,Q30,http://www.wikidata.org/entity/Q116719716,SPS4 Monument,Solar power station,32.681944,-103.3036
United States,Q30,http://www.wikidata.org/entity/Q116719087,EAFB - South Base,Solar power station,34.917222,-117.9003
United States,Q30,http://www.wikidata.org/entity/Q116719700,"Johnson Matthey, Inc. Solar",Solar power station,39.825278,-75.21972
United States,Q30,http://www.wikidata.org/entity/Q116719055,Katama Farm,Solar power station,41.361111,-70.51694
United States,Q30,http://www.wikidata.org/entity/Q116719103,Thornton PV1,Solar power station,35.395833,-77.66167
United States,Q30,http://www.wikidata.org/entity/Q116719073,DD Fayetteville Solar NC LLC,Solar power station,34.834444,-78.84361
United States,Q30,http://www.wikidata.org/entity/Q116719067,Springfield Solar 1 LLC,Solar power station,37.246389,-93.16639
United States,Q30,http://www.wikidata.org/entity/Q116718880,Redcrest Solar Farm,Solar power station,35.321944,-118.8128
United States,Q30,http://www.wikidata.org/entity/Q116718959,Gardner Solar 1,Solar power station,42.586389,-72.03083
United States,Q30,http://www.wikidata.org/entity/Q116718920,County College of Morris,Solar power station,40.856667,-74.58139
United States,Q30,http://www.wikidata.org/entity/Q116719031,Kenansville,Solar power station,34.96,-78.04
United States,Q30,http://www.wikidata.org/entity/Q116719017,Whately Solar,Solar power station,42.446111,-72.62361
United States,Q30,http://www.wikidata.org/entity/Q116719050,Brewster Landfill,Solar power station,41.745556,-70.10306
United States,Q30,http://www.wikidata.org/entity/Q116718956,"Integrys MA Solar, LLC - Ashburnham Site",Solar power station,42.599444,-71.94194
United States,Q30,http://www.wikidata.org/entity/Q116718915,Fusion Solar Center LLC,Solar power station,41.623889,-72.04306
United States,Q30,http://www.wikidata.org/entity/Q116718909,Bladenboro Farm,Solar power station,34.535,-78.81306
United States,Q30,http://www.wikidata.org/entity/Q116718946,Copper Mountain Solar 3,Solar power station,35.889419,-114.9579
United States,Q30,http://www.wikidata.org/entity/Q116718896,McKenzie Farm,Solar power station,34.323889,-78.69194
United States,Q30,http://www.wikidata.org/entity/Q116719030,Wallace,Solar power station,34.75813,-77.97173
United States,Q30,http://www.wikidata.org/entity/Q116718980,"RE Kansas Solar, LLC",Solar power station,36.247778,-119.8339
United States,Q30,http://www.wikidata.org/entity/Q116718904,Waco Farm,Solar power station,35.352222,-81.42611
United States,Q30,http://www.wikidata.org/entity/Q116718981,"RE Old River One, LLC",Solar power station,35.223333,-119.0889
United States,Q30,http://www.wikidata.org/entity/Q116718871,Upchurch Solar Center LLC,Solar power station,35.781944,-77.88389
United States,Q30,http://www.wikidata.org/entity/Q116718933,Prosperity Energy Storage Facility Hybrid,Solar power station,35.001944,-106.6372
United States,Q30,http://www.wikidata.org/entity/Q116718950,2097 Helton Solar Project,Solar power station,37.352222,-120.5069
United States,Q30,http://www.wikidata.org/entity/Q116718914,Dement Farm LLC,Solar power station,36.27,-78.34833
United States,Q30,http://www.wikidata.org/entity/Q116718866,North County,Solar power station,40.763056,-73.32361
United States,Q30,http://www.wikidata.org/entity/Q116718893,"Windsor Cooper HIill Solar, LLC",Solar power station,35.981944,-76.91778
United States,Q30,http://www.wikidata.org/entity/Q116718902,Wagstaff Farm 1,Solar power station,36.458658,-78.95674
United States,Q30,http://www.wikidata.org/entity/Q116718996,Macho Springs,Solar power station,32.57,-107.48
United States,Q30,http://www.wikidata.org/entity/Q116718979,"RE Adams East, LLC",Solar power station,36.6175,-120.2908
United States,Q30,http://www.wikidata.org/entity/Q116718919,North Carolina Solar III LLC,Solar power station,34.766667,-79.55972
United States,Q30,http://www.wikidata.org/entity/Q116718943,Santa Fe Springs Rooftop Solar BLDG M,Solar power station,33.910833,-118.0444
United States,Q30,http://www.wikidata.org/entity/Q116718944,Santa Fe Springs Rooftop Solar BLDG H,Solar power station,33.910833,-118.0444
United States,Q30,http://www.wikidata.org/entity/Q116718938,Valley Center 1,Solar power station,33.234167,-117.0017
United States,Q30,http://www.wikidata.org/entity/Q116718939,Valley Center 2,Solar power station,33.234167,-117.0017
United States,Q30,http://www.wikidata.org/entity/Q116719016,EBZ Solar,Solar power station,42.570556,-71.625
United States,Q30,http://www.wikidata.org/entity/Q116718971,White River Solar 2,Solar power station,35.874722,-119.0461
United States,Q30,http://www.wikidata.org/entity/Q116719040,Raritan ITS,Solar power station,40.574444,-74.65417
United States,Q30,http://www.wikidata.org/entity/Q116718868,Cohalan,Solar power station,40.762465,-73.19444
United States,Q30,http://www.wikidata.org/entity/Q116718878,Sonne Two,Solar power station,35.656667,-81.18361
United States,Q30,http://www.wikidata.org/entity/Q116719026,Rio Rico Solar,Solar power station,31.5,-111.0081
United States,Q30,http://www.wikidata.org/entity/Q116719021,Battleground,Solar power station,35.22,-81.33
United States,Q30,http://www.wikidata.org/entity/Q116719033,Fairmont-FLS 100,Solar power station,34.52,-79.13
United States,Q30,http://www.wikidata.org/entity/Q116718912,Berkley East Solar LLC,Solar power station,41.823889,-71.04139
United States,Q30,http://www.wikidata.org/entity/Q116718891,Washington Airport Solar LLC,Solar power station,35.565278,-77.05361
United States,Q30,http://www.wikidata.org/entity/Q116718901,Sigmon Catawba Farm,Solar power station,35.612222,-81.24333
United States,Q30,http://www.wikidata.org/entity/Q116718927,Beringer,Solar power station,38.510833,-122.4797
United States,Q30,http://www.wikidata.org/entity/Q116718942,Ramona 2,Solar power station,33.012222,-116.875
United States,Q30,http://www.wikidata.org/entity/Q116718941,Ramona 1,Solar power station,33.012222,-116.875
United States,Q30,http://www.wikidata.org/entity/Q116718970,Fort Huachuca Solar PV Project,Solar power station,31.555278,-110.35
United States,Q30,http://www.wikidata.org/entity/Q116718958,Walpole Solar 2,Solar power station,42.117222,-71.26583
United States,Q30,http://www.wikidata.org/entity/Q116718905,Sunfish Farm,Solar power station,35.558056,-78.73583
United States,Q30,http://www.wikidata.org/entity/Q116718908,Angier Farm,Solar power station,35.516389,-78.75
United States,Q30,http://www.wikidata.org/entity/Q116718876,Sheldon Solar,Solar power station,44.910556,-72.97944
United States,Q30,http://www.wikidata.org/entity/Q116719029,Whitcomb Solar Farm,Solar power station,44.485556,-73.13694
United States,Q30,http://www.wikidata.org/entity/Q116719022,Beulaville,Solar power station,34.9,-77.78
United States,Q30,http://www.wikidata.org/entity/Q116718978,RE Camelot LLC,Solar power station,35.026667,-118.1856
United States,Q30,http://www.wikidata.org/entity/Q116718982,"RE Columbia Two, LLC",Solar power station,35.026667,-118.1856
United States,Q30,http://www.wikidata.org/entity/Q116718888,Sudbury Landfill,Solar power station,42.363889,-71.385
United States,Q30,http://www.wikidata.org/entity/Q116718948,2081 Terzian Solar Project,Solar power station,36.67,-119.4158
United States,Q30,http://www.wikidata.org/entity/Q116719014,Chicopee Solar,Solar power station,42.185556,-72.5825
United States,Q30,http://www.wikidata.org/entity/Q116719012,Agawam Solar,Solar power station,42.081944,-72.61444
United States,Q30,http://www.wikidata.org/entity/Q116718930,Camp Solar Plant,Solar power station,32.964722,-84.54389
United States,Q30,http://www.wikidata.org/entity/Q116718870,Flemming Solar Center LLC,Solar power station,35.668889,-77.38389
United States,Q30,http://www.wikidata.org/entity/Q116718989,Parkland Landfill Solar,Solar power station,40.1275,-74.71083
United States,Q30,http://www.wikidata.org/entity/Q116718947,Tioga Solar Morris County 1 LLC,Solar power station,40.815278,-74.47583
United States,Q30,http://www.wikidata.org/entity/Q116719024,Ellerbe,Solar power station,35.1,-79.73
United States,Q30,http://www.wikidata.org/entity/Q116719003,East Chicago,Solar power station,41.632222,-87.46917
United States,Q30,http://www.wikidata.org/entity/Q116719015,Route 57 Solar,Solar power station,42.058889,-72.66417
United States,Q30,http://www.wikidata.org/entity/Q116718869,"Kenansville Solar 2, LLC",Solar power station,34.957778,-77.98167
United States,Q30,http://www.wikidata.org/entity/Q116719001,Stow PV,Solar power station,42.436944,-71.50611
United States,Q30,http://www.wikidata.org/entity/Q116718963,Rockville Solar I LLC,Solar power station,39.763056,-86.30111
United States,Q30,http://www.wikidata.org/entity/Q116718890,"Bethel Price Solar, LLC",Solar power station,35.794722,-77.38111
United States,Q30,http://www.wikidata.org/entity/Q116718895,Castalia Solar,Solar power station,36.0939,-77.78333
United States,Q30,http://www.wikidata.org/entity/Q116718949,2127 Harris Solar Project,Solar power station,39.291667,-121.6697
United States,Q30,http://www.wikidata.org/entity/Q116718957,Open View Solar Farm,Solar power station,44.139444,-73.20389
United States,Q30,http://www.wikidata.org/entity/Q116718899,Pate Farm,Solar power station,34.816667,-79.19944
United States,Q30,http://www.wikidata.org/entity/Q116718999,Scituate PV,Solar power station,42.1775,-70.74056
United States,Q30,http://www.wikidata.org/entity/Q116718894,Warsaw Farm,Solar power station,35.005556,-78.12583
United States,Q30,http://www.wikidata.org/entity/Q116718921,Mercer County Community College,Solar power station,40.255833,-74.64528
United States,Q30,http://www.wikidata.org/entity/Q116719041,Waste Water Treatment Plant,Solar power station,42.41,-73.24
United States,Q30,http://www.wikidata.org/entity/Q116718897,Nash 58 Farm,Solar power station,36.047222,-78.03083
United States,Q30,http://www.wikidata.org/entity/Q116718907,Garrell Solar Farm,Solar power station,34.325278,-78.79306
United States,Q30,http://www.wikidata.org/entity/Q116718917,Duplin Solar LLC,Solar power station,35.011944,-78.07833
United States,Q30,http://www.wikidata.org/entity/Q116718892,"Washington Millfield Solar, LLC",Solar power station,35.499444,-76.83361
United States,Q30,http://www.wikidata.org/entity/Q116718916,Kinsley Landfill Solar,Solar power station,39.793333,-75.10639
United States,Q30,http://www.wikidata.org/entity/Q116719000,Bolton PV,Solar power station,42.449722,-71.64306
United States,Q30,http://www.wikidata.org/entity/Q116719013,Rehoboth Solar,Solar power station,41.901667,-71.2425
United States,Q30,http://www.wikidata.org/entity/Q116719004,Griffith,Solar power station,41.521389,-87.43611
United States,Q30,http://www.wikidata.org/entity/Q116719038,Skillman,Solar power station,40.574444,-74.64806
United States,Q30,http://www.wikidata.org/entity/Q116718898,Nash 64 Farm,Solar power station,35.949444,-78.0925
United States,Q30,http://www.wikidata.org/entity/Q116718972,Fairview Farms Solar,Solar power station,42.459722,-72.61028
United States,Q30,http://www.wikidata.org/entity/Q116718882,Cogenra - TEP,Solar power station,32.101944,-110.8133
United States,Q30,http://www.wikidata.org/entity/Q116718994,Woodmere Solar Farm,Solar power station,35.323056,-118.8214
United States,Q30,http://www.wikidata.org/entity/Q116718967,Las Virgenes Municipal Water District,Solar power station,34.136111,-118.7019
United States,Q30,http://www.wikidata.org/entity/Q116719039,Vacaville,Solar power station,38.399444,-121.9603
United States,Q30,http://www.wikidata.org/entity/Q116718875,Millville City Sewer Auth WTP,Solar power station,39.376389,-75.03306
United States,Q30,http://www.wikidata.org/entity/Q116719028,651 Chase Solar NG,Solar power station,42.626667,-71.74278
United States,Q30,http://www.wikidata.org/entity/Q116718929,Camilla Solar Plant,Solar power station,31.183889,-84.13194
United States,Q30,http://www.wikidata.org/entity/Q116718867,Riverhead,Solar power station,40.826111,-73.23222
United States,Q30,http://www.wikidata.org/entity/Q116718995,Hayworth Solar,Solar power station,35.325278,-118.8786
United States,Q30,http://www.wikidata.org/entity/Q116718900,Erwin Farm,Solar power station,35.333333,-78.66139
United States,Q30,http://www.wikidata.org/entity/Q116718964,Intel Folsom Phase 2,Solar power station,38.643611,-121.1639
United States,Q30,http://www.wikidata.org/entity/Q116719002,Carol Jean Solar,Solar power station,36.316111,-80.14444
United States,Q30,http://www.wikidata.org/entity/Q116719025,West Davisville Solar,Solar power station,41.603611,-71.47722
United States,Q30,http://www.wikidata.org/entity/Q116718926,ASTI,Solar power station,38.761389,-122.9753
United States,Q30,http://www.wikidata.org/entity/Q116721811,Antanavica Solar,Solar power station,42.250771,-71.94888
United States,Q30,http://www.wikidata.org/entity/Q116721746,SCE&G Curie CSG,Solar power station,32.89,-81.106
United States,Q30,http://www.wikidata.org/entity/Q116721839,Woodline Solar,Solar power station,42.236443,-121.5777
United States,Q30,http://www.wikidata.org/entity/Q116721785,"SunE Feely 1 CSG, LLC",Solar power station,44.655217,-93.1104
United States,Q30,http://www.wikidata.org/entity/Q116721828,"CGSun, LLC Community Solar",Solar power station,44.847916,-92.87499
United States,Q30,http://www.wikidata.org/entity/Q116721799,Hampton Solar 2,Solar power station,32.881,-81.136
United States,Q30,http://www.wikidata.org/entity/Q116721734,One Ten Partners PV,Solar power station,34.615622,-117.9366
United States,Q30,http://www.wikidata.org/entity/Q116721794,Estill Solar,Solar power station,32.763843,-81.24215
United States,Q30,http://www.wikidata.org/entity/Q116721747,SCE&G Nimitz CSG,Solar power station,32.497759,-80.95608
United States,Q30,http://www.wikidata.org/entity/Q116721816,Mustang Solar,Solar power station,35.416167,-79.57597
United States,Q30,http://www.wikidata.org/entity/Q116721821,Braintree Landfill Solar,Solar power station,42.207264,-70.99778
United States,Q30,http://www.wikidata.org/entity/Q116721741,Richmond CSG,Solar power station,45.458606,-94.51385
United States,Q30,http://www.wikidata.org/entity/Q116721791,SL Babylon,Solar power station,40.730844,-73.37583
United States,Q30,http://www.wikidata.org/entity/Q116721743,Big George PV CSG,Solar power station,41.902312,-70.71613
United States,Q30,http://www.wikidata.org/entity/Q116721833,Fort Detrick Solar PV,Solar power station,39.44,-77.45
United States,Q30,http://www.wikidata.org/entity/Q116721725,Canis Minor Solar Farm,Solar power station,41.892997,-72.98595
United States,Q30,http://www.wikidata.org/entity/Q116721807,Swamp Fox Solar,Solar power station,33.791505,-81.25617
United States,Q30,http://www.wikidata.org/entity/Q116721775,City of Lexington,Solar power station,40.757,-99.734
United States,Q30,http://www.wikidata.org/entity/Q116721814,Gaston Solar I - SC,Solar power station,33.774657,-81.11055
United States,Q30,http://www.wikidata.org/entity/Q116721789,"SunE Stolee CSG, LLC",Solar power station,44.173879,-93.35047
United States,Q30,http://www.wikidata.org/entity/Q116721781,Hopewell Valley High School Hybrid,Solar power station,40.328005,-74.8049
United States,Q30,http://www.wikidata.org/entity/Q116721764,B.R. Sauk Rapids CSG,Solar power station,45.6236,-94.0782
United States,Q30,http://www.wikidata.org/entity/Q116721749,DG AMP Solar Coldwater,Solar power station,41.934117,-84.99724
United States,Q30,http://www.wikidata.org/entity/Q116721841,Bladen Solar,Solar power station,34.823522,-78.62345
United States,Q30,http://www.wikidata.org/entity/Q116721763,B.R. Sartell CSG,Solar power station,45.665,-94.2254
United States,Q30,http://www.wikidata.org/entity/Q116721834,Klamath Falls Solar 2 CSG,Solar power station,42.183,-121.764
United States,Q30,http://www.wikidata.org/entity/Q116721798,Adams Solar Center,Solar power station,44.675,-121.122
United States,Q30,http://www.wikidata.org/entity/Q116721773,IGS Solar I - BWI2,Solar power station,39.267,-76.548
United States,Q30,http://www.wikidata.org/entity/Q116721830,"CF Novel Solar CSG Gardens Seven, LLC",Solar power station,45.430807,-94.02188
United States,Q30,http://www.wikidata.org/entity/Q116721771,SR Platte Solar Farm,Solar power station,40.181742,-104.6921
United States,Q30,http://www.wikidata.org/entity/Q116721751,DG AMP Solar Jackson Center,Solar power station,40.444969,-84.04725
United States,Q30,http://www.wikidata.org/entity/Q116721744,"OR Solar 6, LLC",Solar power station,42.208988,-120.3678
United States,Q30,http://www.wikidata.org/entity/Q116721835,Comer Solar,Solar power station,34.0942,-83.1439
United States,Q30,http://www.wikidata.org/entity/Q116721723,Essex Solar Center,Solar power station,37.834094,-76.79997
United States,Q30,http://www.wikidata.org/entity/Q116721817,Old Caroleen Solar Farm,Solar power station,35.297715,-81.81205
United States,Q30,http://www.wikidata.org/entity/Q116721820,Weston Landfill Solar,Solar power station,42.374553,-71.2825
United States,Q30,http://www.wikidata.org/entity/Q116721778,Call Farms 1,Solar power station,43.037794,-78.1873
United States,Q30,http://www.wikidata.org/entity/Q116721808,Haley Solar,Solar power station,33.023402,-81.29337
United States,Q30,http://www.wikidata.org/entity/Q116721793,Cameron Solar,Solar power station,33.574,-80.707
United States,Q30,http://www.wikidata.org/entity/Q116721829,"WrightSun CSG, LLC",Solar power station,45.21643,-93.71838
United States,Q30,http://www.wikidata.org/entity/Q116721779,Call Farms 3,Solar power station,43.023046,-78.17859
United States,Q30,http://www.wikidata.org/entity/Q116721831,DG Haverhill CSG,Solar power station,42.817023,-71.11679
United States,Q30,http://www.wikidata.org/entity/Q116721827,"LeSun CSG, LLC",Solar power station,44.213446,-93.55242
United States,Q30,http://www.wikidata.org/entity/Q116721819,Wakefield Solar,Solar power station,35.814236,-78.3124
United States,Q30,http://www.wikidata.org/entity/Q116721770,North Smithfield Solar Power 1,Solar power station,41.9759,-71.586
United States,Q30,http://www.wikidata.org/entity/Q116721727,Whitesboro Solar,Solar power station,33.616526,-96.86872
United States,Q30,http://www.wikidata.org/entity/Q116721726,Highway 56 Solar,Solar power station,33.614436,-96.69045
United States,Q30,http://www.wikidata.org/entity/Q116721759,Farmington Solar Farm,Solar power station,37.755333,-90.42774
United States,Q30,http://www.wikidata.org/entity/Q116721736,Madera 1 PV,Solar power station,37.056468,-120.167
United States,Q30,http://www.wikidata.org/entity/Q116721750,DG AMP Solar Orrville 3,Solar power station,40.856428,-81.75946
United States,Q30,http://www.wikidata.org/entity/Q116721758,Gaskell West 1 Solar Facility,Solar power station,34.832786,-118.5636
United States,Q30,http://www.wikidata.org/entity/Q116721776,Valdosta Prison,Solar power station,30.9,-83.3
United States,Q30,http://www.wikidata.org/entity/Q116721826,"CF Novel Solar CSG Gardens Five, LLC",Solar power station,44.093763,-93.40168
United States,Q30,http://www.wikidata.org/entity/Q116721818,Statesville Solar,Solar power station,35.739704,-80.71241
United States,Q30,http://www.wikidata.org/entity/Q116721805,Baker Point,Solar power station,39.570338,-77.36342
United States,Q30,http://www.wikidata.org/entity/Q116721804,301 Chestnut Solar NG,Solar power station,42.055179,-72.52178
United States,Q30,http://www.wikidata.org/entity/Q116721780,San Luis Solar Garden,Solar power station,37.068132,-106.0189
United States,Q30,http://www.wikidata.org/entity/Q116721825,"PopeSun CSG, LLC",Solar power station,45.643438,-95.52617
United States,Q30,http://www.wikidata.org/entity/Q116721777,Lichtenthal,Solar power station,43.020053,-78.15818
United States,Q30,http://www.wikidata.org/entity/Q116721809,Whitewright Solar,Solar power station,33.498186,-96.37889
United States,Q30,http://www.wikidata.org/entity/Q116721753,Denver Braswell PV,Solar power station,31.3,-83.8
United States,Q30,http://www.wikidata.org/entity/Q116721728,Whitesboro Solar II,Solar power station,33.624853,-96.86747
United States,Q30,http://www.wikidata.org/entity/Q116721815,Leon Solar,Solar power station,33.16114,-96.23974
United States,Q30,http://www.wikidata.org/entity/Q116721840,Eagle Point Solar,Solar power station,42.400814,-122.8292
United States,Q30,http://www.wikidata.org/entity/Q116721797,Carver Gladden CSG,Solar power station,44.8071,-93.8717
United States,Q30,http://www.wikidata.org/entity/Q116721742,Taylors Falls CSG,Solar power station,45.391842,-92.68435
United States,Q30,http://www.wikidata.org/entity/Q116721735,Merced 1 PV,Solar power station,36.989475,-120.8781
United States,Q30,http://www.wikidata.org/entity/Q116721774,IOS - ERW9,Solar power station,40.595,-74.225
United States,Q30,http://www.wikidata.org/entity/Q116721838,Facebook 3 Solar Energy Center,Solar power station,35.075,-106.865
United States,Q30,http://www.wikidata.org/entity/Q116721768,Georgia Power at Swainsboro,Solar power station,32.605,-82.321
United States,Q30,http://www.wikidata.org/entity/Q116721810,ABD Farms,Solar power station,35.728738,-79.74827
United States,Q30,http://www.wikidata.org/entity/Q116721767,Martin Solar Center,Solar power station,37.88051,-78.04919
United States,Q30,http://www.wikidata.org/entity/Q116721837,Facebook 2 Solar Energy Center,Solar power station,35.08,-106.865
United States,Q30,http://www.wikidata.org/entity/Q116721822,GELD Solar Farm,Solar power station,42.262269,-71.5
United States,Q30,http://www.wikidata.org/entity/Q116721806,Rosewood Solar,Solar power station,35.4375,-78.10709
United States,Q30,http://www.wikidata.org/entity/Q116721740,Gopher CSG,Solar power station,45.398562,-92.67916
United States,Q30,http://www.wikidata.org/entity/Q116721813,Estill Solar II,Solar power station,32.727842,-81.25345
United States,Q30,http://www.wikidata.org/entity/Q116721800,Krause CSG,Solar power station,44.795624,-95.20972
United States,Q30,http://www.wikidata.org/entity/Q116721760,Northfield Holdco CSG,Solar power station,44.457874,-93.12465
United States,Q30,http://www.wikidata.org/entity/Q116721748,SCE&G Springfield CSG,Solar power station,33.491,-81.297
United States,Q30,http://www.wikidata.org/entity/Q116721812,Bayboro Solar Farm,Solar power station,35.148339,-76.81023
United States,Q30,http://www.wikidata.org/entity/Q116721729,Latitude Solar Center,Solar power station,35.306387,-89.16754
United States,Q30,http://www.wikidata.org/entity/Q116721790,"Wyoming 2 CSG, LLC",Solar power station,45.35,-92.95
United States,Q30,http://www.wikidata.org/entity/Q116721738,"OR Solar 8, LLC",Solar power station,42.238888,-121.5858
United States,Q30,http://www.wikidata.org/entity/Q116721824,Town of Rocky Hill PV CSG,Solar power station,41.643223,-72.63301
United States,Q30,http://www.wikidata.org/entity/Q116721766,Palmer Solar Center,Solar power station,37.96724,-78.23096
United States,Q30,http://www.wikidata.org/entity/Q116721733,Valencia 1 Solar CA,Solar power station,33.04358,-115.6278
United States,Q30,http://www.wikidata.org/entity/Q116721787,"Cottage Grove CSG, LLC",Solar power station,44.842124,-92.87366
United States,Q30,http://www.wikidata.org/entity/Q116721737,"OR Solar 5, LLC",Solar power station,42.030332,-121.6116
United States,Q30,http://www.wikidata.org/entity/Q116721761,Waterford Holdco CSG,Solar power station,44.475467,-93.19859
United States,Q30,http://www.wikidata.org/entity/Q116721739,Coyote Ridge Community Solar,Solar power station,40.500969,-105.1314
United States,Q30,http://www.wikidata.org/entity/Q116721836,Facebook 1 Solar Energy Center,Solar power station,34.831,-106.762
United States,Q30,http://www.wikidata.org/entity/Q116721796,Wright Cuddyer CSG,Solar power station,45.1831,-93.7341
United States,Q30,http://www.wikidata.org/entity/Q116721788,"Fox CSG, LLC",Solar power station,45.392643,-92.68132
United States,Q30,http://www.wikidata.org/entity/Q116721801,DG New Jersey Solar RLS Logistics,Solar power station,39.575217,-75.01415
United States,Q30,http://www.wikidata.org/entity/Q116721752,Panasonic Carport Solar Hybrid,Solar power station,39.808719,-104.7815
United States,Q30,http://www.wikidata.org/entity/Q116721762,B.R. Corcoran CSG,Solar power station,45.0695,-93.6432
United States,Q30,http://www.wikidata.org/entity/Q116721731,West Boylston Community Shared Solar,Solar power station,42.331362,-71.77114
United States,Q30,http://www.wikidata.org/entity/Q116721769,IOS - MEW Phase 1,Solar power station,44.804,-69.838
United States,Q30,http://www.wikidata.org/entity/Q116721803,Marlin Solar,Solar power station,31.286739,-96.87721
United States,Q30,http://www.wikidata.org/entity/Q116723957,MSC-Rice01 LLC CSG,Solar power station,44.239015,-93.39266
United States,Q30,http://www.wikidata.org/entity/Q116723934,Moody Air Force Base Solar,Solar power station,30.9574,-83.2229
United States,Q30,http://www.wikidata.org/entity/Q116723966,Aquamarine,Solar power station,36.189722,-119.9042
United States,Q30,http://www.wikidata.org/entity/Q116723996,Clover Creek Solar Community Solar,Solar power station,39.840652,-111.8877
United States,Q30,http://www.wikidata.org/entity/Q116723938,GMP Solar/Storage-Ferrisburgh Hybrid,Solar power station,44.133411,-73.14406
United States,Q30,http://www.wikidata.org/entity/Q116724003,Reed Road Solar,Solar power station,42.110925,-88.24025
United States,Q30,http://www.wikidata.org/entity/Q116724029,USS Water City Solar LLC CSG,Solar power station,44.21782,-93.58042
United States,Q30,http://www.wikidata.org/entity/Q116723993,Mereand CSG,Solar power station,43.96414,-75.98679
United States,Q30,http://www.wikidata.org/entity/Q116723969,Kearsarge SKSC1 LLC,Solar power station,41.471571,-71.49445
United States,Q30,http://www.wikidata.org/entity/Q116723980,"1047 Little Mountain Solar, LLC",Solar power station,36.197067,-80.80673
United States,Q30,http://www.wikidata.org/entity/Q116723971,Kearsarge SKSC2 LLC,Solar power station,41.498281,-71.53341
United States,Q30,http://www.wikidata.org/entity/Q116723982,Gilcrest Solar,Solar power station,40.289366,-104.7836
United States,Q30,http://www.wikidata.org/entity/Q116723972,"GD West Greenwich Victory I, LLC",Solar power station,41.657866,-71.68748
United States,Q30,http://www.wikidata.org/entity/Q116723925,BWC Gibbs Brook,Solar power station,41.774864,-70.69593
United States,Q30,http://www.wikidata.org/entity/Q116723987,Gaston Solar Power Plant,Solar power station,35.3224,-81.1343
United States,Q30,http://www.wikidata.org/entity/Q116723979,"1025 Traveller Solar, LLC",Solar power station,35.427308,-79.12632
United States,Q30,http://www.wikidata.org/entity/Q116723976,Newfield Community Solar LLC,Solar power station,42.39131,-76.56424
United States,Q30,http://www.wikidata.org/entity/Q116723940,Pasto Solar,Solar power station,42.210028,-76.52376
United States,Q30,http://www.wikidata.org/entity/Q116724009,"Twittys Creek Solar, LLC",Solar power station,37.018427,-78.58127
United States,Q30,http://www.wikidata.org/entity/Q116723942,Atlanta Falcons Solar,Solar power station,33.755421,-84.40093
United States,Q30,http://www.wikidata.org/entity/Q116724032,NY 26 Carthage CSG,Solar power station,43.955471,-75.61807
United States,Q30,http://www.wikidata.org/entity/Q116723955,MSC-Scott01 LLC,Solar power station,44.669475,-93.5042
United States,Q30,http://www.wikidata.org/entity/Q116723937,GMP Solar/Storage-Milton Hybrid,Solar power station,44.392141,-73.10233
United States,Q30,http://www.wikidata.org/entity/Q116724012,Caden Energix Hickory LLC,Solar power station,36.624113,-76.19427
United States,Q30,http://www.wikidata.org/entity/Q116724031,Impact Solar 1,Solar power station,33.467803,-95.37086
United States,Q30,http://www.wikidata.org/entity/Q116723924,BWC Origination 18,Solar power station,41.679081,-70.83639
United States,Q30,http://www.wikidata.org/entity/Q116723950,Villa Roma Rd #4 CSG,Solar power station,41.754435,-74.95863
United States,Q30,http://www.wikidata.org/entity/Q116723946,Daum Solar,Solar power station,42.760799,-77.24733
United States,Q30,http://www.wikidata.org/entity/Q116723915,White Horse Solar A,Solar power station,34.786327,-82.39844
United States,Q30,http://www.wikidata.org/entity/Q116724006,Reedley Community College Solar,Solar power station,36.60563,-119.4577
United States,Q30,http://www.wikidata.org/entity/Q116724018,Strauss CSG,Solar power station,42.891451,-76.99392
United States,Q30,http://www.wikidata.org/entity/Q116723945,Runway Solar Farm,Solar power station,33.667675,-78.91799
United States,Q30,http://www.wikidata.org/entity/Q116723951,Boas Rd #1 Community Solar Farm,Solar power station,44.934274,-73.67238
United States,Q30,http://www.wikidata.org/entity/Q116724025,Middleton Solar Park,Solar power station,42.581678,-70.99867
United States,Q30,http://www.wikidata.org/entity/Q116724007,Upper Marlboro 1 CSG,Solar power station,38.789216,-76.80091
United States,Q30,http://www.wikidata.org/entity/Q116723921,Wright Kirby 1-5 CSG,Solar power station,45.259,-93.791
United States,Q30,http://www.wikidata.org/entity/Q116724015,Gibbons CSG,Solar power station,38.115402,-75.21486
United States,Q30,http://www.wikidata.org/entity/Q116723968,Kearsarge GB,Solar power station,42.192495,-73.40786
United States,Q30,http://www.wikidata.org/entity/Q116724013,White CSG,Solar power station,39.205804,-76.48045
United States,Q30,http://www.wikidata.org/entity/Q116723963,Trenton Solar Power Plant,Solar power station,29.635051,-82.84309
United States,Q30,http://www.wikidata.org/entity/Q116723990,Antelope Expansion 3A,Solar power station,34.728902,-118.3221
United States,Q30,http://www.wikidata.org/entity/Q116724023,Battle Creek Solar,Solar power station,42.9133,-73.2142
United States,Q30,http://www.wikidata.org/entity/Q116723992,Skipjack Solar Center,Solar power station,37.437106,-77.15874
United States,Q30,http://www.wikidata.org/entity/Q116723933,Grazing Yak Solar,Solar power station,38.977759,-104.2527
United States,Q30,http://www.wikidata.org/entity/Q116724001,Harmony Road Solar,Solar power station,42.164,-88.4625
United States,Q30,http://www.wikidata.org/entity/Q116723984,Sigurd Solar LLC,Solar power station,38.850544,-112.0052
United States,Q30,http://www.wikidata.org/entity/Q116724026,USS Dot Com Solar LLC CSG,Solar power station,44.422314,-94.92664
United States,Q30,http://www.wikidata.org/entity/Q116723962,Debary Solar Power Plant,Solar power station,28.899548,-81.33086
United States,Q30,http://www.wikidata.org/entity/Q116723965,Renew Solar ABC Sacramento LLC,Solar power station,38.39945,-121.2932
United States,Q30,http://www.wikidata.org/entity/Q116723956,MSC-Chisago01 LLC CSG,Solar power station,45.492389,-92.78794
United States,Q30,http://www.wikidata.org/entity/Q116723939,GMP Solar/Storage-Essex Hybrid,Solar power station,44.285937,-73.02337
United States,Q30,http://www.wikidata.org/entity/Q116723944,Jamison Solar Farm,Solar power station,33.57398,-80.83711
United States,Q30,http://www.wikidata.org/entity/Q116724030,USS Steamboat Solar LLC CSG,Solar power station,44.41301,-94.9858
United States,Q30,http://www.wikidata.org/entity/Q116723961,Lake Placid Solar Power Plant,Solar power station,27.331136,-81.36402
United States,Q30,http://www.wikidata.org/entity/Q116723949,Villa Roma Rd #3 CSG,Solar power station,41.754421,-74.96152
United States,Q30,http://www.wikidata.org/entity/Q116723929,BWC Pocasset River,Solar power station,41.782181,-70.68773
United States,Q30,http://www.wikidata.org/entity/Q116723932,"Dougherty County Solar, LLC",Solar power station,31.512003,-84.0445
United States,Q30,http://www.wikidata.org/entity/Q116723919,Barre Solar III LLC,Solar power station,42.419331,-72.1139
United States,Q30,http://www.wikidata.org/entity/Q116724000,SCCCD - Fresno Community College,Solar power station,36.76655,-119.7986
United States,Q30,http://www.wikidata.org/entity/Q116723977,Quitman Solar,Solar power station,30.849005,-83.64328
United States,Q30,http://www.wikidata.org/entity/Q116723941,Guyton Community Solar,Solar power station,32.412773,-81.44285
United States,Q30,http://www.wikidata.org/entity/Q116723928,BWC Harlow Brook,Solar power station,41.782854,-70.69072
United States,Q30,http://www.wikidata.org/entity/Q116723943,Sweetbay Solar Center,Solar power station,27.060112,-80.47449
United States,Q30,http://www.wikidata.org/entity/Q116723959,HCE Moore I,Solar power station,35.13432,-79.41952
United States,Q30,http://www.wikidata.org/entity/Q116723923,SR Arlington II,Solar power station,31.415531,-84.83071
United States,Q30,http://www.wikidata.org/entity/Q116724033,AGA TAG Solar IV LLC,Solar power station,34.27355,-78.06444
United States,Q30,http://www.wikidata.org/entity/Q116724005,Mooseheart School Solar,Solar power station,41.8233,-88.3378
United States,Q30,http://www.wikidata.org/entity/Q116723975,Route 14A CDG Solar North and South LLC,Solar power station,42.815086,-77.04613
United States,Q30,http://www.wikidata.org/entity/Q116723994,Aegis CSG,Solar power station,42.764688,-77.34388
United States,Q30,http://www.wikidata.org/entity/Q116724019,Ellsworth I CSG,Solar power station,42.899313,-73.7098
United States,Q30,http://www.wikidata.org/entity/Q116724024,Sheridan School Corporation Solar,Solar power station,40.140278,-86.21528
United States,Q30,http://www.wikidata.org/entity/Q116724022,Samson Solar Energy,Solar power station,33.25102,-95.19343
United States,Q30,http://www.wikidata.org/entity/Q116723970,Kearsarge Uxbridge,Solar power station,42.103499,-71.59759
United States,Q30,http://www.wikidata.org/entity/Q116723981,"Ennis Solar, LLC",Solar power station,35.421964,-78.72168
United States,Q30,http://www.wikidata.org/entity/Q116723960,Three Bridge,Solar power station,34.6705,-79.2001
United States,Q30,http://www.wikidata.org/entity/Q116723927,BWC Wareham River,Solar power station,41.783733,-70.69324
United States,Q30,http://www.wikidata.org/entity/Q116724014,Frog Hollow CSG,Solar power station,41.739327,-74.49671
United States,Q30,http://www.wikidata.org/entity/Q116723958,MSC-Chisago02 LLC,Solar power station,45.48776,-92.77549
United States,Q30,http://www.wikidata.org/entity/Q116724020,Kale Patch Solar,Solar power station,45.083,-122.904
United States,Q30,http://www.wikidata.org/entity/Q116723964,Wilkinson Solar LLC,Solar power station,35.596814,-76.76385
United States,Q30,http://www.wikidata.org/entity/Q116724010,Eagle Creek,Solar power station,35.214023,-119.3952
United States,Q30,http://www.wikidata.org/entity/Q116723991,Antelope Expansion 3B,Solar power station,34.720162,-118.3225
United States,Q30,http://www.wikidata.org/entity/Q116723952,Boas Rd #2 Community Solar Farm,Solar power station,44.933177,-73.67122
United States,Q30,http://www.wikidata.org/entity/Q116723995,Pearl CSG,Solar power station,42.981335,-78.29042
United States,Q30,http://www.wikidata.org/entity/Q116723989,Nautilus Goat Island Solar LLC (CSG),Solar power station,41.941786,-71.66204
United States,Q30,http://www.wikidata.org/entity/Q116723983,Quincy Solar,Solar power station,39.63838,-104.5626
United States,Q30,http://www.wikidata.org/entity/Q116724008,Gutenberg Solar,Solar power station,36.486428,-77.53483
United States,Q30,http://www.wikidata.org/entity/Q116723986,Maiden Creek Solar Power Plant,Solar power station,35.593,-81.167
United States,Q30,http://www.wikidata.org/entity/Q116724028,USS Water Town Solar LLC CSG,Solar power station,44.19777,-93.58484
United States,Q30,http://www.wikidata.org/entity/Q116724004,Kingsville CSG,Solar power station,39.41805,-76.39772
United States,Q30,http://www.wikidata.org/entity/Q116723954,Boas Rd #4 Community Solar Farm,Solar power station,44.928987,-73.66651
United States,Q30,http://www.wikidata.org/entity/Q116723997,Fort Valley State University Solar,Solar power station,32.501558,-83.88339
United States,Q30,http://www.wikidata.org/entity/Q116723974,Plainfield Community Solar LLC,Solar power station,42.5205,-72.9191
United States,Q30,http://www.wikidata.org/entity/Q116723931,JBAB - Washington DC,Solar power station,38.852655,-77.00929
United States,Q30,http://www.wikidata.org/entity/Q116723953,Boas Rd #3 Community Solar Farm,Solar power station,44.933525,-73.66933
United States,Q30,http://www.wikidata.org/entity/Q116723985,Lafayette Horizon Solar CSG LLC,Solar power station,39.981606,-105.0637
United States,Q30,http://www.wikidata.org/entity/Q116724002,Square Barn Solar,Solar power station,42.164,-88.383
United States,Q30,http://www.wikidata.org/entity/Q116723948,Villa Roma Rd #2,Solar power station,41.756217,-74.96119
United States,Q30,http://www.wikidata.org/entity/Q116723935,CFW Solar X LLC - Vaughn,Solar power station,34.277355,-118.4298
United States,Q30,http://www.wikidata.org/entity/Q116724027,USS B&B Solar LLC CSG,Solar power station,44.413,-95.009
United States,Q30,http://www.wikidata.org/entity/Q116724921,USS Rosebud Solar LLC,Solar power station,44.472694,-94.92089
United States,Q30,http://www.wikidata.org/entity/Q116724934,Gardy's Mill Solar,Solar power station,38.006741,-76.60696
United States,Q30,http://www.wikidata.org/entity/Q116724882,Stockton (MN),Solar power station,44.04105,-91.7669
United States,Q30,http://www.wikidata.org/entity/Q116724928,MN CSG 2019-16 LLC,Solar power station,44.214681,-93.96006
United States,Q30,http://www.wikidata.org/entity/Q116724920,USS Prokosch Solar LLC,Solar power station,44.772867,-94.91052
United States,Q30,http://www.wikidata.org/entity/Q116724954,Pitkin County Solar,Solar power station,39.247705,-106.8768
United States,Q30,http://www.wikidata.org/entity/Q116724817,FELPS 7- Floresville West,Solar power station,29.133613,-98.19275
United States,Q30,http://www.wikidata.org/entity/Q116724958,IGS KSBD,Solar power station,34.10535,-117.2348
United States,Q30,http://www.wikidata.org/entity/Q116724932,Marengo Solar,Solar power station,42.25974,-88.63587
United States,Q30,http://www.wikidata.org/entity/Q116724929,Albertsons at Melrose Park,Solar power station,41.916874,-87.85621
United States,Q30,http://www.wikidata.org/entity/Q116724869,Brighter Future Solar,Solar power station,35.816094,-81.37166
United States,Q30,http://www.wikidata.org/entity/Q116724825,"SR Cedar Springs, LLC",Solar power station,31.2453,-85.08698
United States,Q30,http://www.wikidata.org/entity/Q116724833,Strobus,Solar power station,44.4332,-90.85707
United States,Q30,http://www.wikidata.org/entity/Q116724967,River Road,Solar power station,44.74111,-69.76286
United States,Q30,http://www.wikidata.org/entity/Q116724822,Catalina Express,Solar power station,33.749947,-118.2785
United States,Q30,http://www.wikidata.org/entity/Q116724831,Billings Road,Solar power station,44.52344,-72.36986
United States,Q30,http://www.wikidata.org/entity/Q116724820,"Brightwood Solar, LLC",Solar power station,45.384949,-122.0844
United States,Q30,http://www.wikidata.org/entity/Q116724940,Cotton Creek Solar Energy Center,Solar power station,30.841873,-87.34398
United States,Q30,http://www.wikidata.org/entity/Q116724964,Jicarilla Solar 2,Solar power station,36.141053,-107.1712
United States,Q30,http://www.wikidata.org/entity/Q116724938,Sun Mountain Solar 1,Solar power station,38.180331,-104.5185
United States,Q30,http://www.wikidata.org/entity/Q116724965,Ridgeback,Solar power station,35.86546,-79.57982
United States,Q30,http://www.wikidata.org/entity/Q116724911,"Torrington Solar One, LLC",Solar power station,41.83019,-73.07802
United States,Q30,http://www.wikidata.org/entity/Q116724847,Edwards Sanborn E2,Solar power station,34.941507,-118.129
United States,Q30,http://www.wikidata.org/entity/Q116724957,Stromland Solar,Solar power station,44.19955,-91.80897
United States,Q30,http://www.wikidata.org/entity/Q116724906,Bullis Road Solar (CSG),Solar power station,42.836293,-78.57279
United States,Q30,http://www.wikidata.org/entity/Q116724960,154 D Fisher,Solar power station,41.87476,-70.83984
United States,Q30,http://www.wikidata.org/entity/Q116724937,Bissell Solar and Battery Generator,Solar power station,43.007,-85.724
United States,Q30,http://www.wikidata.org/entity/Q116724970,NY8 - Puckett Solar,Solar power station,42.252664,-75.83408
United States,Q30,http://www.wikidata.org/entity/Q116724973,City of Bowie,Solar power station,38.904641,-76.68877
United States,Q30,http://www.wikidata.org/entity/Q116724956,Shamrock Solar LLC,Solar power station,44.17659,-90.84654
United States,Q30,http://www.wikidata.org/entity/Q116724945,Elder Branch,Solar power station,27.5966,-82.25272
United States,Q30,http://www.wikidata.org/entity/Q116724846,Edwards Sanborn E1A,Solar power station,34.961922,-118.1242
United States,Q30,http://www.wikidata.org/entity/Q116724941,Sawgrass Solar Energy Center,Solar power station,26.381386,-81.05372
United States,Q30,http://www.wikidata.org/entity/Q116724848,Venture 1 - 1A CSG,Solar power station,39.752297,-104.6674
United States,Q30,http://www.wikidata.org/entity/Q116724876,"GE-Hitachi Solar - Morris, IL",Solar power station,41.381481,-88.27241
United States,Q30,http://www.wikidata.org/entity/Q116724842,PG Solar 1,Solar power station,40.481959,-80.25307
United States,Q30,http://www.wikidata.org/entity/Q116724966,Thunderhead,Solar power station,35.75101,-79.78992
United States,Q30,http://www.wikidata.org/entity/Q116724914,West Plains Solar I,Solar power station,36.785338,-91.8674
United States,Q30,http://www.wikidata.org/entity/Q116724933,ASD Wallum MA Solar LLC(CSG),Solar power station,42.011623,-71.76049
United States,Q30,http://www.wikidata.org/entity/Q116724823,Marina South,Solar power station,33.717993,-118.2756
United States,Q30,http://www.wikidata.org/entity/Q116724952,Fremont CA AutoFactory,Solar power station,37.49254,-121.9446
United States,Q30,http://www.wikidata.org/entity/Q116724925,"BigBeau Solar, LLC",Solar power station,34.907041,-118.3441
United States,Q30,http://www.wikidata.org/entity/Q116724907,Barron Solar Array,Solar power station,45.396196,-91.82757
United States,Q30,http://www.wikidata.org/entity/Q116724824,"SR Clay, LLC",Solar power station,31.544831,-84.90057
United States,Q30,http://www.wikidata.org/entity/Q116724924,Cornillie Solar CSG,Solar power station,45.459283,-92.89781
United States,Q30,http://www.wikidata.org/entity/Q116724942,Ghost Orchid Solar Energy Center,Solar power station,26.417212,-81.03531
United States,Q30,http://www.wikidata.org/entity/Q116724944,Immokalee,Solar power station,26.474576,-81.43347
United States,Q30,http://www.wikidata.org/entity/Q116724923,Johnson CSG 1,Solar power station,45.485222,-92.81564
United States,Q30,http://www.wikidata.org/entity/Q116724955,Bremen,Solar power station,41.46303,-86.16353
United States,Q30,http://www.wikidata.org/entity/Q116724821,Oak Leaf Solar XVIII LLC,Solar power station,39.89939,-104.6613
United States,Q30,http://www.wikidata.org/entity/Q116724959,115 G Fisher,Solar power station,41.877476,-70.83984
United States,Q30,http://www.wikidata.org/entity/Q116724883,Rushford Village,Solar power station,43.8066,-91.79159
United States,Q30,http://www.wikidata.org/entity/Q116724873,"NorthropGrummanSolar(Rolling Meadows,IL)",Solar power station,42.09972,-88.03104
United States,Q30,http://www.wikidata.org/entity/Q116724832,Deer Creek 2,Solar power station,38.628,-120.984
United States,Q30,http://www.wikidata.org/entity/Q116724962,Mt Arlington Solar 1 LLC,Solar power station,40.93207,-74.62377
United States,Q30,http://www.wikidata.org/entity/Q116724917,Johnson County Hills Solar,Solar power station,41.57232,-91.54302
United States,Q30,http://www.wikidata.org/entity/Q116724826,"SR Turkey Creek, LLC",Solar power station,37.592994,-84.56797
United States,Q30,http://www.wikidata.org/entity/Q116724866,Hazel,Solar power station,43.78177,-91.94974
United States,Q30,http://www.wikidata.org/entity/Q116724927,SSI West Riverside Landfill LLC,Solar power station,33.980601,-117.3755
United States,Q30,http://www.wikidata.org/entity/Q116724837,Helen CSG 1 LLC,Solar power station,44.7893,-94.05075
United States,Q30,http://www.wikidata.org/entity/Q116724951,Buffalo NY GigaFactory,Solar power station,42.859297,-78.8418
United States,Q30,http://www.wikidata.org/entity/Q116724910,Spooner Solar Array,Solar power station,45.919047,-91.86248
United States,Q30,http://www.wikidata.org/entity/Q116724827,"SR Washington I, LLC",Solar power station,36.347384,-82.5984
United States,Q30,http://www.wikidata.org/entity/Q116724843,276 Federal Rd(CSG),Solar power station,41.805144,-70.72524
United States,Q30,http://www.wikidata.org/entity/Q116724867,Fountain,Solar power station,43.74609,-92.12943
United States,Q30,http://www.wikidata.org/entity/Q116724839,USS Danube Solar LLC,Solar power station,44.795592,-95.10302
United States,Q30,http://www.wikidata.org/entity/Q116724909,Prophet CSG,Solar power station,41.721815,-89.80473
United States,Q30,http://www.wikidata.org/entity/Q116724943,Sundew,Solar power station,27.264113,-80.54685
United States,Q30,http://www.wikidata.org/entity/Q116724930,Bear Creek,Solar power station,43.198512,-90.23282
United States,Q30,http://www.wikidata.org/entity/Q116724971,AES Belleville Solar LLC,Solar power station,38.4872,-90.0135
United States,Q30,http://www.wikidata.org/entity/Q116724868,Luciana,Solar power station,35.823716,-119.0623
United States,Q30,http://www.wikidata.org/entity/Q116724953,Halifax Solar,Solar power station,41.99527,-70.84382
United States,Q30,http://www.wikidata.org/entity/Q116724845,Edwards Sanborn E3,Solar power station,34.946324,-118.1265
United States,Q30,http://www.wikidata.org/entity/Q116724922,Medin CSG,Solar power station,45.488101,-92.78473
United States,Q30,http://www.wikidata.org/entity/Q116724968,196 Tremont St(CSG),Solar power station,41.842933,-70.7307
United States,Q30,http://www.wikidata.org/entity/Q116724926,Sacramento Point West Medical Offices,Solar power station,38.596314,-121.428
United States,Q30,http://www.wikidata.org/entity/Q116724918,Franklin County Solar,Solar power station,42.72084,-93.20609
United States,Q30,http://www.wikidata.org/entity/Q116724912,"Bristol Solar One, LLC",Solar power station,41.69097,-72.97855
United States,Q30,http://www.wikidata.org/entity/Q116724838,USS Quail Solar LLC,Solar power station,45.260208,-93.79173
United States,Q30,http://www.wikidata.org/entity/Q116724908,59 Federal Rd(CSG),Solar power station,41.828475,-70.72121
United States,Q30,http://www.wikidata.org/entity/Q116724935,Briel Solar Farm,Solar power station,37.52364,-77.26358
United States,Q30,http://www.wikidata.org/entity/Q116724816,FELPS 6- Floresville West,Solar power station,29.13398,-98.19335
United States,Q30,http://www.wikidata.org/entity/Q116724931,Wood County,Solar power station,44.27361,-89.8335
United States,Q30,http://www.wikidata.org/entity/Q116724905,Rock Island Road Solar Community Solar,Solar power station,44.369913,-75.457
United States,Q30,http://www.wikidata.org/entity/Q116724849,NMSU Solar and Storage,Solar power station,32.286048,-106.7445
United States,Q30,http://www.wikidata.org/entity/Q116724836,Keeversville Solar CSG,Solar power station,41.25559,-88.21848
United States,Q30,http://www.wikidata.org/entity/Q116724835,USS Wildcat Solar LLC,Solar power station,44.394128,-92.60628
United States,Q30,http://www.wikidata.org/entity/Q116724874,FedEx Chicago Solar Facility,Solar power station,41.753932,-87.78942
United States,Q30,http://www.wikidata.org/entity/Q116724961,Jackson Legler Solar 1 LLC,Solar power station,40.06451,-74.35037
United States,Q30,http://www.wikidata.org/entity/Q116724828,Prairie,Solar power station,34.239244,-118.5836
United States,Q30,http://www.wikidata.org/entity/Q116724834,ER Salvage Yard,Solar power station,44.54628,-72.61194
United States,Q30,http://www.wikidata.org/entity/Q116724919,USS Foley Solar LLC,Solar power station,45.68047,-93.9248
United States,Q30,http://www.wikidata.org/entity/Q116724857,"TPE Erath Solar, LLC",Solar power station,32.26246,-98.20754
United States,Q30,http://www.wikidata.org/entity/Q116724865,Mt. Morris Solar CSG,Solar power station,42.063506,-89.49618
United States,Q30,http://www.wikidata.org/entity/Q116724916,Waterloo Solar (IA),Solar power station,42.54389,-92.35535
United States,Q30,http://www.wikidata.org/entity/Q116724949,160 Tihonet Rd Hybrid(CSG),Solar power station,41.793414,-70.71267
United States,Q30,http://www.wikidata.org/entity/Q116724881,Edwards Sanborn S3,Solar power station,35.01644,-118.1225
United States,Q30,http://www.wikidata.org/entity/Q116724969,NY8 - Branscomb Solar,Solar power station,42.962972,-73.58674
United States,Q30,http://www.wikidata.org/entity/Q116724864,"Cuba 2.5ac, LLC",Solar power station,36.017438,-106.946
United States,Q30,http://www.wikidata.org/entity/Q116724947,Blythe Mesa Solar II,Solar power station,33.640813,-114.6803
United States,Q30,http://www.wikidata.org/entity/Q116724042,Altamonte Mall,Solar power station,28.66633,-81.3781
United States,Q30,http://www.wikidata.org/entity/Q116724128,Harry Allen Solar Energy LLC,Solar power station,36.43395,-114.9471
United States,Q30,http://www.wikidata.org/entity/Q116724163,Illinois PV Fulton 1 CSG,Solar power station,40.698522,-89.96794
United States,Q30,http://www.wikidata.org/entity/Q116724122,Bluestone,Solar power station,41.987467,-74.03019
United States,Q30,http://www.wikidata.org/entity/Q116724059,Catlin Solar 1 LLC,Solar power station,42.285942,-76.95398
United States,Q30,http://www.wikidata.org/entity/Q116724129,San Miguel I Solar Energy Center,Solar power station,35.63457,-105.1784
United States,Q30,http://www.wikidata.org/entity/Q116724149,Black Bear Solar 1,Solar power station,32.196971,-86.32734
United States,Q30,http://www.wikidata.org/entity/Q116724119,Fogarty CSG,Solar power station,41.508729,-74.35
United States,Q30,http://www.wikidata.org/entity/Q116724115,USS Bluff Country Solar CSG,Solar power station,44.111881,-91.84355
United States,Q30,http://www.wikidata.org/entity/Q116724151,Briar Creek Solar 1,Solar power station,32.067483,-96.58514
United States,Q30,http://www.wikidata.org/entity/Q116724058,Hope Solar Farm LLC,Solar power station,42.726428,-73.60213
United States,Q30,http://www.wikidata.org/entity/Q116724072,Roberds Garden CSG,Solar power station,44.29946,-93.23909
United States,Q30,http://www.wikidata.org/entity/Q116724098,USS Goodrich Solar,Solar power station,41.076,-88.06491
United States,Q30,http://www.wikidata.org/entity/Q116724064,Malmedal Solar Garden,Solar power station,45.65736,-95.51856
United States,Q30,http://www.wikidata.org/entity/Q116724148,Elm Branch Solar 1,Solar power station,32.23256,-96.70612
United States,Q30,http://www.wikidata.org/entity/Q116724147,CES Agawam Tuckahoe Solar Hybrid,Solar power station,42.059,-72.691
United States,Q30,http://www.wikidata.org/entity/Q116724077,Wister Solar,Solar power station,33.269426,-115.503
United States,Q30,http://www.wikidata.org/entity/Q116724089,"Blair Wire Village Solar, LLC CSG",Solar power station,42.259,-71.975
United States,Q30,http://www.wikidata.org/entity/Q116724145,Soscol Ferry Solar,Solar power station,38.237422,-122.2752
United States,Q30,http://www.wikidata.org/entity/Q116724088,Woodfields Solar,Solar power station,34.188925,-82.13433
United States,Q30,http://www.wikidata.org/entity/Q116724081,Chickasaw Nation Solar Farm,Solar power station,34.47741,-97.10524
United States,Q30,http://www.wikidata.org/entity/Q116724150,Elk Hill Solar 2,Solar power station,39.799589,-77.81156
United States,Q30,http://www.wikidata.org/entity/Q116724055,Strandness Garden,Solar power station,45.65727,-95.52985
United States,Q30,http://www.wikidata.org/entity/Q116724152,Bighorn Solar 1,Solar power station,38.207518,-104.5967
United States,Q30,http://www.wikidata.org/entity/Q116724118,"TWE Myrtle Solar Farm, LLC",Solar power station,36.79,-76.67
United States,Q30,http://www.wikidata.org/entity/Q116724160,NY- CSG- Johnstown 2,Solar power station,43.04232,-74.37876
United States,Q30,http://www.wikidata.org/entity/Q116724164,Sobania Community Solar LLC,Solar power station,45.42,-94.02
United States,Q30,http://www.wikidata.org/entity/Q116724146,Silveira Ranch Road Solar,Solar power station,38.153474,-122.5657
United States,Q30,http://www.wikidata.org/entity/Q116724036,Brookfield Wire Company,Solar power station,42.21694,-72.12208
United States,Q30,http://www.wikidata.org/entity/Q116724125,Kroger La Habra,Solar power station,33.917918,-117.9398
United States,Q30,http://www.wikidata.org/entity/Q116724043,Pembroke Lakes Mall,Solar power station,26.0106,-80.3046
United States,Q30,http://www.wikidata.org/entity/Q116724048,Colonial Pipeline Allentown Chesterfield,Solar power station,40.152302,-74.65775
United States,Q30,http://www.wikidata.org/entity/Q116724076,Gohman Community Solar (CSG),Solar power station,45.435683,-94.0448
United States,Q30,http://www.wikidata.org/entity/Q116724117,"Greensville County Solar Project, LLC",Solar power station,36.64,-77.57
United States,Q30,http://www.wikidata.org/entity/Q116724133,USS Water Fowl Solar LLC CSG,Solar power station,44.9066,-94.16044
United States,Q30,http://www.wikidata.org/entity/Q116724161,NY- CSG- Livingston 4,Solar power station,42.9199,-77.7642
United States,Q30,http://www.wikidata.org/entity/Q116724120,Mount Hope West,Solar power station,41.466974,-74.50942
United States,Q30,http://www.wikidata.org/entity/Q116724052,Niagara Bottling Stockton,Solar power station,37.894817,-121.2489
United States,Q30,http://www.wikidata.org/entity/Q116724085,Amazon BDL3 Solar Project,Solar power station,41.45,-72.85
United States,Q30,http://www.wikidata.org/entity/Q116724153,Adirondack Solar,Solar power station,44.893641,-73.84173
United States,Q30,http://www.wikidata.org/entity/Q116724049,Colonial Pipeline Woodbury West Deptford,Solar power station,39.817319,-75.19687
United States,Q30,http://www.wikidata.org/entity/Q116724038,Old Court Rd Solar,Solar power station,39.34167,-76.8351
United States,Q30,http://www.wikidata.org/entity/Q116724045,"Strider Solar, LLC",Solar power station,35.6,-79.79
United States,Q30,http://www.wikidata.org/entity/Q116724083,Lund Hill Solar,Solar power station,45.888,-120.355
United States,Q30,http://www.wikidata.org/entity/Q116724123,Grabinski,Solar power station,41.578731,-74.17967
United States,Q30,http://www.wikidata.org/entity/Q116724044,Becton Canaan,Solar power station,42.01,-73.335
United States,Q30,http://www.wikidata.org/entity/Q116724154,Elk Hill Solar 1,Solar power station,39.849241,-77.92915
United States,Q30,http://www.wikidata.org/entity/Q116724165,Svihel Community Solar LLC CSG,Solar power station,45.678,-93.919
United States,Q30,http://www.wikidata.org/entity/Q116724130,San Miguel II Solar Energy Center,Solar power station,35.63471,-105.1732
United States,Q30,http://www.wikidata.org/entity/Q116724067,Randall Solar Project Hybrid,Solar power station,42.3921,-71.6611
United States,Q30,http://www.wikidata.org/entity/Q116724054,435A Bergen Avenue,Solar power station,40.751938,-74.13126
United States,Q30,http://www.wikidata.org/entity/Q116724037,O'Neill Creek Solar,Solar power station,45.472,-123.129
United States,Q30,http://www.wikidata.org/entity/Q116724062,Goodhue Community Solar One LLC CSG,Solar power station,44.29741,-92.64087
United States,Q30,http://www.wikidata.org/entity/Q116724063,Tickle Creek Solar,Solar power station,45.375,-122.265
United States,Q30,http://www.wikidata.org/entity/Q116724105,Crown,Solar power station,34.648205,-80.71988
United States,Q30,http://www.wikidata.org/entity/Q116724135,"GSPP Gilman, LLC",Solar power station,44.414773,-71.71448
United States,Q30,http://www.wikidata.org/entity/Q116724112,Carlson Community (CSG),Solar power station,45.483155,-92.81518
United States,Q30,http://www.wikidata.org/entity/Q116724057,GSSP Schneider LLC,Solar power station,45.529535,-94.29745
United States,Q30,http://www.wikidata.org/entity/Q116724097,USS Solar Brick,Solar power station,39.35009,-89.79322
United States,Q30,http://www.wikidata.org/entity/Q116724069,Alcalde Solar Array,Solar power station,36.091143,-106.0409
United States,Q30,http://www.wikidata.org/entity/Q116724137,D'Arrigo Brothers - Phase 4,Solar power station,36.616,-121.636
United States,Q30,http://www.wikidata.org/entity/Q116724131,Caden Energix Pamplin LLC,Solar power station,37.32936,-78.76591
United States,Q30,http://www.wikidata.org/entity/Q116724041,Francis Scott Key Mall,Solar power station,39.38588,-77.40947
United States,Q30,http://www.wikidata.org/entity/Q116724155,Mount Kisco Landfill Solar & Storage CSG,Solar power station,41.195478,-73.73606
United States,Q30,http://www.wikidata.org/entity/Q116724100,Lafayette 2 - MLK Jr. Hospital (MLK),Solar power station,33.92,-118.24
United States,Q30,http://www.wikidata.org/entity/Q116724121,Mount Hope East,Solar power station,41.467654,-74.50965
United States,Q30,http://www.wikidata.org/entity/Q116724102,"IGS FE Trenton, LLC",Solar power station,40.18933,-74.65676
United States,Q30,http://www.wikidata.org/entity/Q116724142,Omtanke Solar,Solar power station,33.133705,-80.25372
United States,Q30,http://www.wikidata.org/entity/Q116724066,Annese Solar Project Hybrid CSG,Solar power station,42.0755,-72.0052
United States,Q30,http://www.wikidata.org/entity/Q116724084,Goodhue Community Solar Two LLC,Solar power station,44.293907,-92.7236
United States,Q30,http://www.wikidata.org/entity/Q116724162,Ben Moreell Solar Farm,Solar power station,40.28,-74.1
United States,Q30,http://www.wikidata.org/entity/Q116724056,Riley Road LLC,Solar power station,41.469132,-74.07837
United States,Q30,http://www.wikidata.org/entity/Q116724035,Knaggs Brothers Farm,Solar power station,42.73035,-73.9691
United States,Q30,http://www.wikidata.org/entity/Q116724047,Chanel Piscataway Rooftop,Solar power station,40.550342,-74.48297
United States,Q30,http://www.wikidata.org/entity/Q116724158,"Suntex Solar, LLC",Solar power station,43.56149,-119.6862
United States,Q30,http://www.wikidata.org/entity/Q116724166,Studenski Community Solar LLC CSG,Solar power station,45.63,-94.05
United States,Q30,http://www.wikidata.org/entity/Q116724140,Dedeaux,Solar power station,34.013113,-118.2419
United States,Q30,http://www.wikidata.org/entity/Q116724046,"Honeysuckle Solar, LLC",Solar power station,44.907623,-94.02715
United States,Q30,http://www.wikidata.org/entity/Q116724086,Enter Solar,Solar power station,44.141576,-93.7077
United States,Q30,http://www.wikidata.org/entity/Q116724111,Brenda Luhman - CSG,Solar power station,44.291838,-92.72945
United States,Q30,http://www.wikidata.org/entity/Q116724124,Gulf Power Blue Indigo Energy,Solar power station,30.877262,-85.40065
United States,Q30,http://www.wikidata.org/entity/Q116724040,Jackson Solar (CT),Solar power station,41.583,-71.904
United States,Q30,http://www.wikidata.org/entity/Q116724134,Brightside,Solar power station,28.430988,-97.88956
United States,Q30,http://www.wikidata.org/entity/Q116724116,USS Hubers Solar LLC CSG,Solar power station,44.45692,-93.12447
United States,Q30,http://www.wikidata.org/entity/Q116724060,CP Middletown Solar I LLC,Solar power station,41.548826,-72.70688
United States,Q30,http://www.wikidata.org/entity/Q116724109,Schueler Community Solar,Solar power station,45.306139,-94.08831
United States,Q30,http://www.wikidata.org/entity/Q116724061,Phelan Pinon Hills CSD Solar,Solar power station,34.57654,-117.5828
United States,Q30,http://www.wikidata.org/entity/Q116724157,Pinson Solar Farm,Solar power station,34.72,-82.06
United States,Q30,http://www.wikidata.org/entity/Q116724050,Corbin Russwin Phase 3 Berlin,Solar power station,41.642322,-72.74091
United States,Q30,http://www.wikidata.org/entity/Q116724141,USS Solar Way LLC CSG,Solar power station,43.82563,-93.43378
United States,Q30,http://www.wikidata.org/entity/Q116724065,Selective Insurance,Solar power station,41.152222,-74.74444
United States,Q30,http://www.wikidata.org/entity/Q116724099,USS Sycamore Solar (CSG),Solar power station,41.96455,-88.66696
United States,Q30,http://www.wikidata.org/entity/Q116724073,Clear Garden CSG,Solar power station,44.035361,-93.49489
United States,Q30,http://www.wikidata.org/entity/Q116724080,Calabro Airport South Solar Project,Solar power station,40.811524,-72.85705
United States,Q30,http://www.wikidata.org/entity/Q116724127,Bethlehem Solar,Solar power station,42.601145,-73.88742
United States,Q30,http://www.wikidata.org/entity/Q116724051,Medline Ind. Phase 2 Tracy,Solar power station,37.734761,-121.5089
United States,Q30,http://www.wikidata.org/entity/Q116724034,Manheim New Jersey,Solar power station,40.11359,-74.70629
United States,Q30,http://www.wikidata.org/entity/Q116724159,"Rock Garden Solar, LLC",Solar power station,43.39691,-120.9304
United States,Q30,http://www.wikidata.org/entity/Q116724104,"Hydra Community Solar Garden, LLC (CSG)",Solar power station,44.416723,-93.21986
United States,Q30,http://www.wikidata.org/entity/Q116724068,Saint Solar,Solar power station,32.866276,-111.5024
United States,Q30,http://www.wikidata.org/entity/Q116721862,"Tumbleweed Solar, LLC",Solar power station,44.192575,-121.2331
United States,Q30,http://www.wikidata.org/entity/Q116721960,Libra Community Solar,Solar power station,45.671231,-95.38851
United States,Q30,http://www.wikidata.org/entity/Q116721908,Altair Community Solar Garden,Solar power station,43.924981,-93.48583
United States,Q30,http://www.wikidata.org/entity/Q116721956,Aquila Community Solar,Solar power station,45.651056,-95.3401
United States,Q30,http://www.wikidata.org/entity/Q116721912,Capricornus Community Solar Garden,Solar power station,45.398742,-94.71743
United States,Q30,http://www.wikidata.org/entity/Q116721919,Lithia Solar,Solar power station,27.753272,-82.16466
United States,Q30,http://www.wikidata.org/entity/Q116721882,UMASS,Solar power station,42.391306,-72.5325
United States,Q30,http://www.wikidata.org/entity/Q116721895,CDCR (CA) - Corcoran State Prison,Solar power station,36.06502,-119.5576
United States,Q30,http://www.wikidata.org/entity/Q116721889,NC 102 Project LLC,Solar power station,35.2925,-80.4975
United States,Q30,http://www.wikidata.org/entity/Q116721915,"Cougar Solar, LLC",Solar power station,35.462405,-79.18065
United States,Q30,http://www.wikidata.org/entity/Q116721866,Scandia CSG,Solar power station,45.2528,-92.8766
United States,Q30,http://www.wikidata.org/entity/Q116721936,USG 1,Solar power station,32.79278,-115.8573
United States,Q30,http://www.wikidata.org/entity/Q116721877,Tyngsborough Solar,Solar power station,42.669744,-71.44648
United States,Q30,http://www.wikidata.org/entity/Q116721891,WED Stilson Solar,Solar power station,41.518751,-71.68646
United States,Q30,http://www.wikidata.org/entity/Q116721967,"IRE Solar I, LLC",Solar power station,44.3,-75.5
United States,Q30,http://www.wikidata.org/entity/Q116721948,Johnson II Community Solar,Solar power station,45.491965,-92.85417
United States,Q30,http://www.wikidata.org/entity/Q116721944,"Depot Solar Center, LLC",Solar power station,37.276278,-79.11651
United States,Q30,http://www.wikidata.org/entity/Q116721872,Town of Foxborough - Landfill (SREC II) CSG,Solar power station,42.059675,-71.13541
United States,Q30,http://www.wikidata.org/entity/Q116721857,Time Warner Cable Enterprises - Martino,Solar power station,43.183689,-75.43048
United States,Q30,http://www.wikidata.org/entity/Q116721914,Grange Hall Solar,Solar power station,27.681278,-82.16466
United States,Q30,http://www.wikidata.org/entity/Q116721890,"WED Kingstown Solar I, LLC - West",Solar power station,41.49175,-71.62458
United States,Q30,http://www.wikidata.org/entity/Q116721949,Twiggs Solar,Solar power station,32.604997,-83.49124
United States,Q30,http://www.wikidata.org/entity/Q116721901,DG Dighton LLC CSG,Solar power station,41.801491,-71.14484
United States,Q30,http://www.wikidata.org/entity/Q116721887,Montgomery County Solar,Solar power station,39.113,-77.236
United States,Q30,http://www.wikidata.org/entity/Q116721921,Payne Creek Solar,Solar power station,27.664583,-81.96422
United States,Q30,http://www.wikidata.org/entity/Q116721955,Sikorsky Aircraft CHP,Solar power station,41.250009,-73.09865
United States,Q30,http://www.wikidata.org/entity/Q116721950,Lamesa II,Solar power station,32.713326,-101.8852
United States,Q30,http://www.wikidata.org/entity/Q116721879,"New Road Solar, LLC",Solar power station,40.403238,-74.56779
United States,Q30,http://www.wikidata.org/entity/Q116721854,Zumbro Community Solar Garden,Solar power station,44.319478,-92.67034
United States,Q30,http://www.wikidata.org/entity/Q116721903,Denison Solar Array,Solar power station,40.073337,-82.51796
United States,Q30,http://www.wikidata.org/entity/Q116721875,Citizens Agawam Landfill Solar,Solar power station,42.092988,-72.59721
United States,Q30,http://www.wikidata.org/entity/Q116721959,Sagitta Community Solar,Solar power station,44.948328,-95.38619
United States,Q30,http://www.wikidata.org/entity/Q116721886,Stenner Creek Solar,Solar power station,35.32,-120.691
United States,Q30,http://www.wikidata.org/entity/Q116721920,Mountain View Solar (FL),Solar power station,28.39799,-82.22043
United States,Q30,http://www.wikidata.org/entity/Q116721893,Hinton,Solar power station,35.494656,-98.38566
United States,Q30,http://www.wikidata.org/entity/Q116721934,Tatanka Wi,Solar power station,45.210766,-93.88427
United States,Q30,http://www.wikidata.org/entity/Q116721892,Cyril,Solar power station,34.8981,-98.22787
United States,Q30,http://www.wikidata.org/entity/Q116721910,Robins Air Force Base Solar,Solar power station,32.681222,-83.61639
United States,Q30,http://www.wikidata.org/entity/Q116721965,Deneb Community Solar,Solar power station,45.404139,-94.83108
United States,Q30,http://www.wikidata.org/entity/Q116721926,RJC II Community Solar Garden,Solar power station,44.138851,-93.25715
United States,Q30,http://www.wikidata.org/entity/Q116721968,Aerolease,Solar power station,34.189857,-118.4514
United States,Q30,http://www.wikidata.org/entity/Q116721962,Cassiopeia Community Solar,Solar power station,45.647342,-95.32866
United States,Q30,http://www.wikidata.org/entity/Q116721966,Kaus Community Solar,Solar power station,44.050383,-92.96137
United States,Q30,http://www.wikidata.org/entity/Q116721953,PowerFin Kingsbery,Solar power station,30.265877,-97.68486
United States,Q30,http://www.wikidata.org/entity/Q116721880,Raritan Solar - 53 Highway,Solar power station,40.453864,-74.86303
United States,Q30,http://www.wikidata.org/entity/Q116721874,Flambeau Solar Partners,Solar power station,45.7368,-90.471
United States,Q30,http://www.wikidata.org/entity/Q116721870,Independence II Solar Farm,Solar power station,39.04,-94.27
United States,Q30,http://www.wikidata.org/entity/Q116721945,IVC Solar,Solar power station,32.83186,-115.5066
United States,Q30,http://www.wikidata.org/entity/Q116721958,Canopus Community Solar,Solar power station,45.428308,-94.82325
United States,Q30,http://www.wikidata.org/entity/Q116721846,El Dorado Springs Solar Farm,Solar power station,37.858706,-94.00263
United States,Q30,http://www.wikidata.org/entity/Q116721861,St. Lawrence University - Sutton,Solar power station,43.932397,-75.87226
United States,Q30,http://www.wikidata.org/entity/Q116721850,Veseli Community Solar Garden,Solar power station,44.526806,-93.36649
United States,Q30,http://www.wikidata.org/entity/Q116721946,Buckleberry Solar,Solar power station,35.380683,-77.40599
United States,Q30,http://www.wikidata.org/entity/Q116721900,DG Tufts Science LLC CSG,Solar power station,42.237583,-71.68607
United States,Q30,http://www.wikidata.org/entity/Q116721940,Johnson 1 Community Solar,Solar power station,45.483155,-92.81518
United States,Q30,http://www.wikidata.org/entity/Q116721855,Anheuser-Busch Baldwinsville,Solar power station,43.151537,-76.41484
United States,Q30,http://www.wikidata.org/entity/Q116721947,Lockheed Martin Solar,Solar power station,28.539415,-81.21637
United States,Q30,http://www.wikidata.org/entity/Q116721885,Vilas Solar Array,Solar power station,37.384,-102.466
United States,Q30,http://www.wikidata.org/entity/Q116721969,"CJ Solar I, LLC",Solar power station,44.7,-75.3
United States,Q30,http://www.wikidata.org/entity/Q116721863,"Davis Lane Solar, LLC",Solar power station,36.107345,-76.52924
United States,Q30,http://www.wikidata.org/entity/Q116721942,Grimm Community Solar,Solar power station,44.731404,-94.60934
United States,Q30,http://www.wikidata.org/entity/Q116721913,Balm Solar,Solar power station,27.769667,-82.23397
United States,Q30,http://www.wikidata.org/entity/Q116721897,Waterville CSG Solar Holdings LLC,Solar power station,44.197103,-93.57117
United States,Q30,http://www.wikidata.org/entity/Q116721951,Folsom SP and CSP Sacramento,Solar power station,38.687,-121.16
United States,Q30,http://www.wikidata.org/entity/Q116721856,Columbia University - Johnson Farms,Solar power station,41.379107,-74.2638
United States,Q30,http://www.wikidata.org/entity/Q116721933,Pinal Central Energy Center Hybrid,Solar power station,32.87555,-111.54961
United States,Q30,http://www.wikidata.org/entity/Q116721869,WaveSun Community Solar,Solar power station,45.060844,-93.98023
United States,Q30,http://www.wikidata.org/entity/Q116721937,USG 2,Solar power station,32.790403,-115.8632
United States,Q30,http://www.wikidata.org/entity/Q116721957,Acturus Community Solar,Solar power station,44.283211,-93.95442
United States,Q30,http://www.wikidata.org/entity/Q116721876,Norton Landfill Solar,Solar power station,41.959582,-71.15052
United States,Q30,http://www.wikidata.org/entity/Q116721852,Lake Waconia Community Solar Garden,Solar power station,44.874961,-93.81501
United States,Q30,http://www.wikidata.org/entity/Q116721853,Lake Waconia IV Community Solar Garden,Solar power station,44.874961,-93.81501
United States,Q30,http://www.wikidata.org/entity/Q116721922,Peace Creek Solar,Solar power station,27.913306,-81.81011
United States,Q30,http://www.wikidata.org/entity/Q116721881,CED Chicopee Solar,Solar power station,42.203921,-72.55103
United States,Q30,http://www.wikidata.org/entity/Q116721896,CDCR (CA) - Wasco State Prison,Solar power station,35.60053,-119.4037
United States,Q30,http://www.wikidata.org/entity/Q116721843,Denver Metro Solar,Solar power station,39.759298,-104.6211
United States,Q30,http://www.wikidata.org/entity/Q116721902,DG Webster LLC CSG,Solar power station,42.41389,-71.51356
United States,Q30,http://www.wikidata.org/entity/Q116721894,CDCR (CA) - Solano State Prison,Solar power station,38.32272,-121.9706
United States,Q30,http://www.wikidata.org/entity/Q116721873,Westmont 301,Solar power station,33.763012,-118.2866
United States,Q30,http://www.wikidata.org/entity/Q116721842,Falmouth Landfill Solar,Solar power station,41.610106,-70.59861
United States,Q30,http://www.wikidata.org/entity/Q116721952,Otarre Solar Park,Solar power station,33.9324,-81.0514
United States,Q30,http://www.wikidata.org/entity/Q116721884,San Luis Valley Solar Array,Solar power station,37.777,-106.22
United States,Q30,http://www.wikidata.org/entity/Q116721928,Sherburne Community Solar,Solar power station,45.438123,-94.04417
United States,Q30,http://www.wikidata.org/entity/Q116721867,MontSun Community Solar,Solar power station,45.060283,-93.90466
United States,Q30,http://www.wikidata.org/entity/Q116721899,"Chiloquin Solar, LLC",Solar power station,42.610732,-121.8612
United States,Q30,http://www.wikidata.org/entity/Q116721918,Carrizozo Solar,Solar power station,33.610306,-105.7478
United States,Q30,http://www.wikidata.org/entity/Q116721923,Wimauma Solar,Solar power station,27.736389,-82.27172
United States,Q30,http://www.wikidata.org/entity/Q116721961,Aquarius Community Solar,Solar power station,44.229142,-95.62011
United States,Q30,http://www.wikidata.org/entity/Q116721964,Leo Community Solar,Solar power station,43.978197,-95.85078
United States,Q30,http://www.wikidata.org/entity/Q116721927,Betcher Community Solar Garden,Solar power station,44.392415,-92.59595
United States,Q30,http://www.wikidata.org/entity/Q116721909,New Orleans Solar Power Plant,Solar power station,30.011409,-90.02397
United States,Q30,http://www.wikidata.org/entity/Q116721883,Camden CSD Solar Array,Solar power station,43.312306,-75.69526
United States,Q30,http://www.wikidata.org/entity/Q116721925,Scandia Community Solar Garden,Solar power station,45.28718,-92.8125
United States,Q30,http://www.wikidata.org/entity/Q116721954,Seabrook Solar,Solar power station,32.56445,-80.74205
United States,Q30,http://www.wikidata.org/entity/Q116721963,Crux Community Solar,Solar power station,44.04006,-92.69318
United States,Q30,http://www.wikidata.org/entity/Q116721851,New Germany Community Solar Garden,Solar power station,44.905428,-94.00085
United States,Q30,http://www.wikidata.org/entity/Q116721859,Columbia University - Minisink,Solar power station,41.293747,-74.55445
United States,Q30,http://www.wikidata.org/entity/Q116721898,William G Mennen Sports Solar,Solar power station,40.814851,-74.47586
United States,Q30,http://www.wikidata.org/entity/Q116721935,Middle Daisy,Solar power station,32.978636,-103.3713
United States,Q30,http://www.wikidata.org/entity/Q116721943,Foreman's Hill Community Solar,Solar power station,44.553337,-92.63686
United States,Q30,http://www.wikidata.org/entity/Q116724250,"SSD Marion 5, LLC",Solar power station,45.11601,-122.7938
United States,Q30,http://www.wikidata.org/entity/Q116724167,Stevens Community Solar LLC,Solar power station,45.662,-93.94
United States,Q30,http://www.wikidata.org/entity/Q116724214,Camp San Luis Obispo,Solar power station,35.322043,-120.7323
United States,Q30,http://www.wikidata.org/entity/Q116724182,"Hinterland CSG, LLC",Solar power station,45.416,-94.01
United States,Q30,http://www.wikidata.org/entity/Q116724224,Augusta PV - BD Solar Augusta LLC,Solar power station,44.328,-69.731
United States,Q30,http://www.wikidata.org/entity/Q116724173,Partridgeville Hybrid CSG,Solar power station,42.571449,-72.25739
United States,Q30,http://www.wikidata.org/entity/Q116724240,CED Spring Creek Solar,Solar power station,41.108211,-87.72611
United States,Q30,http://www.wikidata.org/entity/Q116724249,"SSD Marion 3, LLC",Solar power station,44.985,-122.938
United States,Q30,http://www.wikidata.org/entity/Q116724174,Williamsville Hybrid CSG,Solar power station,42.469505,-72.06978
United States,Q30,http://www.wikidata.org/entity/Q116724245,Easthampton CSG,Solar power station,42.24781,-72.67984
United States,Q30,http://www.wikidata.org/entity/Q116724212,Logansport Solar,Solar power station,40.760083,-86.38829
United States,Q30,http://www.wikidata.org/entity/Q116724267,Duette Solar Power Plant,Solar power station,27.585836,-82.06196
United States,Q30,http://www.wikidata.org/entity/Q116724215,Kern Valley SP,Solar power station,35.764049,-119.3138
United States,Q30,http://www.wikidata.org/entity/Q116724227,Cornillie 2 Community (CSG),Solar power station,45.45942,-92.89476
United States,Q30,http://www.wikidata.org/entity/Q116724222,"GD Hopkinton Main I, LLC",Solar power station,41.438293,-71.78109
United States,Q30,http://www.wikidata.org/entity/Q116724234,Dodge Flat,Solar power station,40.713024,-119.4672
United States,Q30,http://www.wikidata.org/entity/Q116724176,"Centerfield Cooper Solar, LLC",Solar power station,34.708762,-80.11884
United States,Q30,http://www.wikidata.org/entity/Q116724232,SulusSolar17,Solar power station,45.34891,-122.4335
United States,Q30,http://www.wikidata.org/entity/Q116724236,"Blackhorse Farm Solar, LLC CSG",Solar power station,41.7186,-71.2342
United States,Q30,http://www.wikidata.org/entity/Q116724264,"Harrison Solar, LLC",Solar power station,34.984262,-78.52454
United States,Q30,http://www.wikidata.org/entity/Q116724207,Westtown NY 2,Solar power station,41.345455,-74.52377
United States,Q30,http://www.wikidata.org/entity/Q116724226,Oxford PV - BD Solar Oxford LLC,Solar power station,44.151,-70.476
United States,Q30,http://www.wikidata.org/entity/Q116724241,Cortland,Solar power station,41.92219,-88.68876
United States,Q30,http://www.wikidata.org/entity/Q116724221,Lily Solar Hybrid,Solar power station,32.533273,-96.42899
United States,Q30,http://www.wikidata.org/entity/Q116724205,Medusa NY 1,Solar power station,42.466286,-74.09953
United States,Q30,http://www.wikidata.org/entity/Q116724188,CED Hilltop Solar,Solar power station,42.339141,-89.19802
United States,Q30,http://www.wikidata.org/entity/Q116724263,"Hayes Solar, LLC",Solar power station,36.388216,-80.73741
United States,Q30,http://www.wikidata.org/entity/Q116724199,Midlands,Solar power station,33.648979,-80.94282
United States,Q30,http://www.wikidata.org/entity/Q116724231,"Turquoise Nevada, LLC",Solar power station,39.57395,-119.5242
United States,Q30,http://www.wikidata.org/entity/Q116724185,"Huneke CSG 1, LLC",Solar power station,44.297,-92.736
United States,Q30,http://www.wikidata.org/entity/Q116724208,Middletown NY 1,Solar power station,41.40888,-74.5098
United States,Q30,http://www.wikidata.org/entity/Q116724257,FastSun12 CSG,Solar power station,44.220125,-93.45697
United States,Q30,http://www.wikidata.org/entity/Q116724253,"SSD Clackamas 4, LLC",Solar power station,45.102,-122.662
United States,Q30,http://www.wikidata.org/entity/Q116724230,Azure Sky Solar,Solar power station,32.998948,-99.5985
United States,Q30,http://www.wikidata.org/entity/Q116724242,Erving CSG,Solar power station,42.603717,-72.47116
United States,Q30,http://www.wikidata.org/entity/Q116724239,DGS Valley State Prison,Solar power station,37.10117,-120.1531
United States,Q30,http://www.wikidata.org/entity/Q116724219,"ESIL-PFCHICAGO 2, LLC",Solar power station,41.817,-87.735
United States,Q30,http://www.wikidata.org/entity/Q116724238,"Vermilion Solar 1, LLC CSG",Solar power station,40.12437,-87.6292
United States,Q30,http://www.wikidata.org/entity/Q116724244,Ridge Farm,Solar power station,39.88821,-87.68593
United States,Q30,http://www.wikidata.org/entity/Q116724256,"Danville Farm, LLC",Solar power station,36.591,-79.302
United States,Q30,http://www.wikidata.org/entity/Q116724272,Rialto - High School,Solar power station,34.090318,-117.3556
United States,Q30,http://www.wikidata.org/entity/Q116724179,"Gunsight Solar, LLC",Solar power station,33.761136,-81.06671
United States,Q30,http://www.wikidata.org/entity/Q116724258,Charter Durabar at Woodstock,Solar power station,42.2899,-88.40712
United States,Q30,http://www.wikidata.org/entity/Q116724283,Pine Hill,Solar power station,41.821004,-71.5625
United States,Q30,http://www.wikidata.org/entity/Q116724243,Lena,Solar power station,42.35681,-89.88398
United States,Q30,http://www.wikidata.org/entity/Q116724168,"Alkali Solar, LLC",Solar power station,43.31942,-121.0035
United States,Q30,http://www.wikidata.org/entity/Q116724175,"Sugar Solar, LLC",Solar power station,36.1607,-80.6574
United States,Q30,http://www.wikidata.org/entity/Q116724278,Vulcan,Solar power station,41.10341,-87.97498
United States,Q30,http://www.wikidata.org/entity/Q116724273,Novel Martens Solar LLC(CSG),Solar power station,44.442361,-94.38725
United States,Q30,http://www.wikidata.org/entity/Q116724200,"Trent River Solar, LLC",Solar power station,34.9915,-77.2514
United States,Q30,http://www.wikidata.org/entity/Q116724192,Conagra Foods at St. Elmo,Solar power station,39.0106,-88.8443
United States,Q30,http://www.wikidata.org/entity/Q116724211,Encino Solar Energy Center,Solar power station,35.354,-106.858
United States,Q30,http://www.wikidata.org/entity/Q116724195,Bluebird Solar SC LLC,Solar power station,34.599083,-82.73922
United States,Q30,http://www.wikidata.org/entity/Q116724186,"Huneke CSG 2, LLC",Solar power station,44.263,-92.669
United States,Q30,http://www.wikidata.org/entity/Q116724210,"Golden Field Solar III, LLC",Solar power station,34.847,-118.395
United States,Q30,http://www.wikidata.org/entity/Q116724198,"Lane II Solar, LLC",Solar power station,35.39977,-78.05327
United States,Q30,http://www.wikidata.org/entity/Q116724276,Kish CSG,Solar power station,42.215163,-88.92064
United States,Q30,http://www.wikidata.org/entity/Q116724280,Firebaugh-CCS-PV-1,Solar power station,36.734667,-120.6128
United States,Q30,http://www.wikidata.org/entity/Q116724268,315 Vinson Road,Solar power station,35.629398,-78.38589
United States,Q30,http://www.wikidata.org/entity/Q116724255,"SSD Marion 1, LLC",Solar power station,45.139507,-122.9045
United States,Q30,http://www.wikidata.org/entity/Q116724209,Westerlo NY 1,Solar power station,42.43822,-74.01589
United States,Q30,http://www.wikidata.org/entity/Q116724169,"West Hines Solar I, LLC",Solar power station,43.50259,-119.1471
United States,Q30,http://www.wikidata.org/entity/Q116724259,The GSI Group LLC at Assumption,Solar power station,39.51303,-89.03734
United States,Q30,http://www.wikidata.org/entity/Q116724275,Peterman II,Solar power station,41.070396,-87.78887
United States,Q30,http://www.wikidata.org/entity/Q116724206,Walden NY 1,Solar power station,41.552749,-74.14547
United States,Q30,http://www.wikidata.org/entity/Q116724180,SR Odom,Solar power station,31.06987,-83.59618
United States,Q30,http://www.wikidata.org/entity/Q116724177,"Lick Creek Solar, LLC",Solar power station,36.283056,-80.12827
United States,Q30,http://www.wikidata.org/entity/Q116724260,7185 13th Pl. NW,Solar power station,38.977175,-77.03141
United States,Q30,http://www.wikidata.org/entity/Q116724248,"Day Hill Solar, LLC",Solar power station,45.26866,-122.3294
United States,Q30,http://www.wikidata.org/entity/Q116724225,Fairfield PV - BD Solar Fairfield LLC,Solar power station,44.634,-69.597
United States,Q30,http://www.wikidata.org/entity/Q116724251,"SSD Marion 6, LLC",Solar power station,45.254,-122.806
United States,Q30,http://www.wikidata.org/entity/Q116724223,Milo PV - BD Solar 1 LLC,Solar power station,45.267,-68.991
United States,Q30,http://www.wikidata.org/entity/Q116724178,"Highest Power Solar, LLC",Solar power station,36.12,-78.25
United States,Q30,http://www.wikidata.org/entity/Q116724196,"Pilot Mountain Solar, LLC",Solar power station,36.27066,-80.37635
United States,Q30,http://www.wikidata.org/entity/Q116724261,CCUA Solar,Solar power station,39.415336,-75.23566
United States,Q30,http://www.wikidata.org/entity/Q116724265,Bay Tree,Solar power station,34.70414,-78.39336
United States,Q30,http://www.wikidata.org/entity/Q116724181,"RJC CSG, LLC",Solar power station,44.125,-93.277
United States,Q30,http://www.wikidata.org/entity/Q116724216,Samson Solar Energy III LLC,Solar power station,33.426498,-95.35745
United States,Q30,http://www.wikidata.org/entity/Q116724246,Mendota,Solar power station,41.54863,-89.15986
United States,Q30,http://www.wikidata.org/entity/Q116724170,NY - CSG - Ellsworth II,Solar power station,42.899691,-73.70747
United States,Q30,http://www.wikidata.org/entity/Q116724218,"ESIL-PFCHICAGO 3, LLC",Solar power station,41.849,-87.669
United States,Q30,http://www.wikidata.org/entity/Q116724187,CED Beecher Sun Solar,Solar power station,41.327123,-87.61052
United States,Q30,http://www.wikidata.org/entity/Q116724254,"SSD Clackamas 7, LLC",Solar power station,45.182,-122.591
United States,Q30,http://www.wikidata.org/entity/Q116724217,East Brookfield Main Street Solar LLC CSG,Solar power station,42.2323,-72.0294
United States,Q30,http://www.wikidata.org/entity/Q116724184,"Betcher CSG 1, LLC",Solar power station,44.392,-92.595
United States,Q30,http://www.wikidata.org/entity/Q116724233,Bluegrass Solar,Solar power station,39.178761,-75.96091
United States,Q30,http://www.wikidata.org/entity/Q116724279,FTF-PackingShed,Solar power station,36.546901,-119.4302
United States,Q30,http://www.wikidata.org/entity/Q116724277,Nostrand,Solar power station,41.207388,-87.83782
United States,Q30,http://www.wikidata.org/entity/Q116724228,Pinesburg Solar LLC,Solar power station,39.625172,-77.8609
United States,Q30,http://www.wikidata.org/entity/Q116724189,Lineage Logistics Solar,Solar power station,41.455,-87.752
United States,Q30,http://www.wikidata.org/entity/Q116724213,IBM Solar,Solar power station,40.038266,-105.2449
United States,Q30,http://www.wikidata.org/entity/Q116724197,"Benson Solar, LLC",Solar power station,35.3962,-78.56223
United States,Q30,http://www.wikidata.org/entity/Q116724202,Fort Calhoun Community Solar,Solar power station,41.456612,-96.00477
United States,Q30,http://www.wikidata.org/entity/Q116724237,Clinton Solar 4 LLC CSG,Solar power station,38.59587,-89.2751
United States,Q30,http://www.wikidata.org/entity/Q116724252,"SSD Clackamas 1, LLC",Solar power station,45.42,-122.333
United States,Q30,http://www.wikidata.org/entity/Q116724262,Cardinal Solar LLC,Solar power station,34.199824,-79.38585
United States,Q30,http://www.wikidata.org/entity/Q116724229,Timonium Fairgrounds,Solar power station,39.447,-76.63
United States,Q30,http://www.wikidata.org/entity/Q116724247,"Palmer Creek Solar, LLC",Solar power station,45.18484,-123.1018
United States,Q30,http://www.wikidata.org/entity/Q116724271,Charlie Creek Solar Power Plant,Solar power station,27.639778,-81.65437
United States,Q30,http://www.wikidata.org/entity/Q116724171,St. Joseph Solar,Solar power station,41.7311,-86.1083
United States,Q30,http://www.wikidata.org/entity/Q116724985,"ER Center Road Solar, LLC",Solar power station,44.50819,-72.34633
United States,Q30,http://www.wikidata.org/entity/Q116725108,Gilead Oceanside Solar Project,Solar power station,33.213138,-117.3042
United States,Q30,http://www.wikidata.org/entity/Q116724996,West Village Solar - Array 1Community Solar,Solar power station,38.542791,-121.7775
United States,Q30,http://www.wikidata.org/entity/Q116725021,Venture 3 - 1C,Solar power station,39.750499,-104.6673
United States,Q30,http://www.wikidata.org/entity/Q116725027,Chambers 4 - Sacramento SMF1,Solar power station,38.68251,-121.5743
United States,Q30,http://www.wikidata.org/entity/Q116725014,South Goshen Community Solar,Solar power station,41.3927,-74.3478
United States,Q30,http://www.wikidata.org/entity/Q116725056,Sun Valley Solar Project,Solar power station,31.86976,-97.01498
United States,Q30,http://www.wikidata.org/entity/Q116725069,Shakes Solar,Solar power station,28.44208,-99.75582
United States,Q30,http://www.wikidata.org/entity/Q116724989,Cranberry Highway Solar LLC,Solar power station,41.787462,-70.74522
United States,Q30,http://www.wikidata.org/entity/Q116725030,Lineage MS,Solar power station,32.254379,-90.15538
United States,Q30,http://www.wikidata.org/entity/Q116725072,Lyons Road,Solar power station,42.965793,-84.14286
United States,Q30,http://www.wikidata.org/entity/Q116725017,Red Prairie Solar,Solar power station,45.087389,-123.4174
United States,Q30,http://www.wikidata.org/entity/Q116725053,DOCCS Eastern,Solar power station,41.738928,-74.36863
United States,Q30,http://www.wikidata.org/entity/Q116725067,"8500 Balboa PV, LLC",Solar power station,34.22379,-118.4997
United States,Q30,http://www.wikidata.org/entity/Q116725042,Noble Solar,Solar power station,33.261505,-97.23806
United States,Q30,http://www.wikidata.org/entity/Q116725098,Holland Solar Farm,Solar power station,40.619,-75.155
United States,Q30,http://www.wikidata.org/entity/Q116725047,Bomber CSG,Solar power station,39.59902,-76.8526
United States,Q30,http://www.wikidata.org/entity/Q116725055,DOCCS Greenhaven,Solar power station,41.578415,-73.72058
United States,Q30,http://www.wikidata.org/entity/Q116725088,SR Snipesville II,Solar power station,31.708821,-82.71572
United States,Q30,http://www.wikidata.org/entity/Q116725114,"SCS Galena 012589 Peoria, LLC",Solar power station,40.765278,-89.56913
United States,Q30,http://www.wikidata.org/entity/Q116724988,Van der Kooi Dairy Solary Array,Solar power station,36.29169,-120.0224
United States,Q30,http://www.wikidata.org/entity/Q116725078,OER Monarch CSG,Solar power station,38.799594,-76.78948
United States,Q30,http://www.wikidata.org/entity/Q116725023,Chambers 4 - Eastvale LGB3,Solar power station,33.99848,-117.5529
United States,Q30,http://www.wikidata.org/entity/Q116725085,Linden Hawk Rise Solar CSG,Solar power station,40.60395,-74.24549
United States,Q30,http://www.wikidata.org/entity/Q116725113,"SCS Plainfield 011755 Naperville, LLC",Solar power station,41.69963,-88.16644
United States,Q30,http://www.wikidata.org/entity/Q116724993,Holliston LLC,Solar power station,42.21179,-71.41335
United States,Q30,http://www.wikidata.org/entity/Q116725094,Lincoln WWTF Hybrid,Solar power station,38.859,-121.346
United States,Q30,http://www.wikidata.org/entity/Q116725075,General Dynamics,Solar power station,33.602,-92.541
United States,Q30,http://www.wikidata.org/entity/Q116724982,UMass PV Lot 22,Solar power station,42.381,-72.533
United States,Q30,http://www.wikidata.org/entity/Q116725063,Fort Powhatan Solar,Solar power station,37.26,-77.08
United States,Q30,http://www.wikidata.org/entity/Q116725065,Hollins Ferry CSG,Solar power station,39.225752,-76.68808
United States,Q30,http://www.wikidata.org/entity/Q116725060,Caden Energix Wytheville LLC,Solar power station,36.964279,-81.04986
United States,Q30,http://www.wikidata.org/entity/Q116724977,"ER Bone Hill Solar, LLC",Solar power station,44.1257,-72.65681
United States,Q30,http://www.wikidata.org/entity/Q116725080,Shepherds Mill CSG,Solar power station,39.562305,-77.16177
United States,Q30,http://www.wikidata.org/entity/Q116724992,CSP Los Angeles,Solar power station,34.694314,-118.2278
United States,Q30,http://www.wikidata.org/entity/Q116725015,County Road 17 (CSG),Solar power station,42.27842,-75.5415
United States,Q30,http://www.wikidata.org/entity/Q116725097,Airport Road Solar (CSG),Solar power station,41.42827,-74.39665
United States,Q30,http://www.wikidata.org/entity/Q116724990,"ENGIE 2019 ProjectCo-MA1, LLC",Solar power station,42.041614,-72.65322
United States,Q30,http://www.wikidata.org/entity/Q116724997,West Village Solar - Array 2 Community Solar,Solar power station,38.542747,-121.7766
United States,Q30,http://www.wikidata.org/entity/Q116725073,"Mulligan Solar, LLC",Solar power station,40.09393,-89.4204
United States,Q30,http://www.wikidata.org/entity/Q116725046,601 Doremus CDG,Solar power station,40.731966,-74.12049
United States,Q30,http://www.wikidata.org/entity/Q116725031,Wapakoneta-Pratt,Solar power station,40.544,-84.187
United States,Q30,http://www.wikidata.org/entity/Q116725019,Chambers 3 - Lewis County,Solar power station,43.78013,-75.49986
United States,Q30,http://www.wikidata.org/entity/Q116725020,Chambers 3 - Erie County Alden,Solar power station,42.93284,-78.55716
United States,Q30,http://www.wikidata.org/entity/Q116725028,Chambers 4 - Eastvale DCA2,Solar power station,33.99347,-117.5539
United States,Q30,http://www.wikidata.org/entity/Q116725112,"SCS West Fairchild 011958 Danville, LLC",Solar power station,40.140564,-87.65049
United States,Q30,http://www.wikidata.org/entity/Q116725066,Mount Laurel Solar,Solar power station,39.975579,-74.88872
United States,Q30,http://www.wikidata.org/entity/Q116725061,Maplewood Solar,Solar power station,36.89,-79.32
United States,Q30,http://www.wikidata.org/entity/Q116725018,OK Produce Fresno Carport,Solar power station,36.723488,-119.7744
United States,Q30,http://www.wikidata.org/entity/Q116725079,OER Patuxent CSG,Solar power station,38.838642,-76.68309
United States,Q30,http://www.wikidata.org/entity/Q116724995,Broadway 3 - UCSB Lot 38,Solar power station,34.41974,-119.8564
United States,Q30,http://www.wikidata.org/entity/Q116725089,OYA Robinson Road,Solar power station,44.26323,-75.99105
United States,Q30,http://www.wikidata.org/entity/Q116725068,"20333 Normandie PV, LLC",Solar power station,33.84614,-118.3002
United States,Q30,http://www.wikidata.org/entity/Q116725096,Rancho Cordova Medical Offices,Solar power station,38.576571,-121.291
United States,Q30,http://www.wikidata.org/entity/Q116725101,Beloit Solar LLC,Solar power station,39.450445,-98.10475
United States,Q30,http://www.wikidata.org/entity/Q116725054,DOCCS Wende,Solar power station,42.929982,-78.55481
United States,Q30,http://www.wikidata.org/entity/Q116725102,Neal Energy Center Solar,Solar power station,42.33304,-96.34822
United States,Q30,http://www.wikidata.org/entity/Q116725076,MacKinnon Solar,Solar power station,43.5786,-72.9573
United States,Q30,http://www.wikidata.org/entity/Q116725016,"Ameresco Danville Solar, LLC",Solar power station,40.10351,-87.64977
United States,Q30,http://www.wikidata.org/entity/Q116725077,McHenry Solar,Solar power station,41.77,-72.0802
United States,Q30,http://www.wikidata.org/entity/Q116725086,BWC Maces Pond LLC,Solar power station,44.17362,-69.12333
United States,Q30,http://www.wikidata.org/entity/Q116724991,Donaghy-Stockton,Solar power station,37.909523,-121.1949
United States,Q30,http://www.wikidata.org/entity/Q116725049,5601 Westside CDG,Solar power station,40.77957,-74.04182
United States,Q30,http://www.wikidata.org/entity/Q116725099,Midway Green Solar,Solar power station,34.421,-81.393
United States,Q30,http://www.wikidata.org/entity/Q116725057,ENGIE Solidago Solar Project - Hybrid,Solar power station,39.395187,-75.7535
United States,Q30,http://www.wikidata.org/entity/Q116725045,Fairhaven E,Solar power station,42.642,-72.896
United States,Q30,http://www.wikidata.org/entity/Q116725091,OYA State Route 122,Solar power station,44.922,-74.265
United States,Q30,http://www.wikidata.org/entity/Q116725026,Chambers 4 - Rialto LGB8,Solar power station,34.12937,-117.4055
United States,Q30,http://www.wikidata.org/entity/Q116725070,MD - CS - Potomac Edison Co - GA25 TPE (Community Solar),Solar power station,39.608072,-79.32824
United States,Q30,http://www.wikidata.org/entity/Q116725022,Venture 4 - 1D,Solar power station,39.752334,-104.6673
United States,Q30,http://www.wikidata.org/entity/Q116725044,Wonderful Huller & Shellling,Solar power station,35.57609,-119.7889
United States,Q30,http://www.wikidata.org/entity/Q116725029,Chambers 4 - San Bernardino SNA7,Solar power station,34.07752,-117.2726
United States,Q30,http://www.wikidata.org/entity/Q116724981,UMass PV Lot 49,Solar power station,42.393,-72.52
United States,Q30,http://www.wikidata.org/entity/Q116725109,Gilead Foster City Solar Project,Solar power station,37.568597,-122.278
United States,Q30,http://www.wikidata.org/entity/Q116725025,Chambers 4 - Riverside LGB6,Solar power station,33.88102,-117.3004
United States,Q30,http://www.wikidata.org/entity/Q116725083,Danell Bros Inc,Solar power station,36.267574,-119.6316
United States,Q30,http://www.wikidata.org/entity/Q116725093,Allie L.L.C.,Solar power station,44.78879,-95.20154
United States,Q30,http://www.wikidata.org/entity/Q116725013,Woburn,Solar power station,42.5113,-71.13911
United States,Q30,http://www.wikidata.org/entity/Q116725062,Rochambeau Solar,Solar power station,37.35,-76.76
United States,Q30,http://www.wikidata.org/entity/Q116725024,Chambers 4 - Redland LGB4,Solar power station,34.08041,-117.2014
United States,Q30,http://www.wikidata.org/entity/Q116724984,Orioles Community Solar,Solar power station,42.426,-73.817
United States,Q30,http://www.wikidata.org/entity/Q116725064,Bedford Solar,Solar power station,36.7,-76.1647
United States,Q30,http://www.wikidata.org/entity/Q116725043,USS Peach Solar LLC,Solar power station,44.17107,-93.90887
United States,Q30,http://www.wikidata.org/entity/Q116725105,Antioch Central Utility Plant,Solar power station,37.949488,-121.7754
United States,Q30,http://www.wikidata.org/entity/Q116724980,Clinton Solar,Solar power station,41.5825,-71.9018
United States,Q30,http://www.wikidata.org/entity/Q116725115,"Monroe 009452 SCS Cozad, LLC",Solar power station,40.872664,-99.97858
United States,Q30,http://www.wikidata.org/entity/Q116725111,"Northern Cardinal Solar SCS IL 1, LLC",Solar power station,40.07,-88.243
United States,Q30,http://www.wikidata.org/entity/Q116724974,Fremont - Kato Rd,Solar power station,37.479188,-121.9323
United States,Q30,http://www.wikidata.org/entity/Q116725071,Macbeth Solar,Solar power station,43.437,-86.353
United States,Q30,http://www.wikidata.org/entity/Q116724994,Broadway 3 - UC Merced 1,Solar power station,37.36448,-120.4311
United States,Q30,http://www.wikidata.org/entity/Q116724976,Benning Road,Solar power station,38.89829,-76.95561
United States,Q30,http://www.wikidata.org/entity/Q116724975,University of the Pacific,Solar power station,37.980054,-121.3124
United States,Q30,http://www.wikidata.org/entity/Q116724986,Hudson County Solar,Solar power station,40.72762,-74.10803
United States,Q30,http://www.wikidata.org/entity/Q116725116,"SCS COUNTY 012631 Champaign, LLC",Solar power station,40.318985,-89.17737
United States,Q30,http://www.wikidata.org/entity/Q116725107,LGE-KU Solar Share Facility Simpsonville,Solar power station,38.216484,-85.39143
United States,Q30,http://www.wikidata.org/entity/Q116725095,Bodega Avenue Solar LLC,Solar power station,38.26147,-122.7373
United States,Q30,http://www.wikidata.org/entity/Q116725110,"Airport 009239 SCS Lexington, LLC",Solar power station,40.785402,-99.76802
United States,Q30,http://www.wikidata.org/entity/Q116724987,Five H Farms Solar Array,Solar power station,37.120446,-120.2928
United States,Q30,http://www.wikidata.org/entity/Q116725052,DOCCS Midstate,Solar power station,43.164033,-75.30409
United States,Q30,http://www.wikidata.org/entity/Q116725059,Sunnybrook Solar Project - Hybrid,Solar power station,36.798717,-78.83961
United States,Q30,http://www.wikidata.org/entity/Q116725129,SolarClub 28 LLC,Solar power station,44.543,-94.226
United States,Q30,http://www.wikidata.org/entity/Q116725166,Kalish Farm Solar,Solar power station,35.308176,-79.72054
United States,Q30,http://www.wikidata.org/entity/Q116725281,Elara Solar,Solar power station,28.883196,-99.17861
United States,Q30,http://www.wikidata.org/entity/Q116725134,"Laredo Detention Facility - Solar 2, 3",Solar power station,35.510942,-119.1099
United States,Q30,http://www.wikidata.org/entity/Q116725263,SELCO Community Solar,Solar power station,42.26564,-71.68807
United States,Q30,http://www.wikidata.org/entity/Q116725150,Graniterock Quarry,Solar power station,36.878164,-121.6028
United States,Q30,http://www.wikidata.org/entity/Q116725238,Severson Garden,Solar power station,44.00057,-93.49594
United States,Q30,http://www.wikidata.org/entity/Q116725137,Pennsauken Brownfield Solar,Solar power station,39.96307,-75.07949
United States,Q30,http://www.wikidata.org/entity/Q116725162,Trent River Farm,Solar power station,35.059582,-77.18659
United States,Q30,http://www.wikidata.org/entity/Q116725262,Whiteside Solar 1 CSG,Solar power station,41.85691,-90.15885
United States,Q30,http://www.wikidata.org/entity/Q116725163,Tinker (NC),Solar power station,35.688268,-79.13692
United States,Q30,http://www.wikidata.org/entity/Q116725258,T Luhman CSG,Solar power station,44.282,-92.682
United States,Q30,http://www.wikidata.org/entity/Q116725118,OYA Wayside Drive,Solar power station,44.017,-75.922
United States,Q30,http://www.wikidata.org/entity/Q116725135,Cinnaminson Landfill Solar,Solar power station,40.01583,-74.98355
United States,Q30,http://www.wikidata.org/entity/Q116725237,Titan Solar 1 (CA),Solar power station,33.101555,-116.01
United States,Q30,http://www.wikidata.org/entity/Q116725165,Henry Farm,Solar power station,35.859618,-79.57791
United States,Q30,http://www.wikidata.org/entity/Q116725173,Calibrant Bakersfield LLC,Solar power station,35.442085,-119.0932
United States,Q30,http://www.wikidata.org/entity/Q116725143,"GDIM 1, LLC",Solar power station,41.966678,-71.52599
United States,Q30,http://www.wikidata.org/entity/Q116725268,BD Solar Hancock LLC,Solar power station,44.535671,-68.35473
United States,Q30,http://www.wikidata.org/entity/Q116725257,Wonderful Orchards - New Columbia,Solar power station,36.8249,-120.3179
United States,Q30,http://www.wikidata.org/entity/Q116725127,SolarClub 20 LLC,Solar power station,44.368,-92.028
United States,Q30,http://www.wikidata.org/entity/Q116725235,Troy Solar,Solar power station,38.015372,-86.79159
United States,Q30,http://www.wikidata.org/entity/Q116725234,Vacaville Hospital,Solar power station,38.38867,-121.9386
United States,Q30,http://www.wikidata.org/entity/Q116725191,"Cruise Solar, LLC",Solar power station,34.69193,-77.54356
United States,Q30,http://www.wikidata.org/entity/Q116725283,Baxley,Solar power station,31.877717,-82.33389
United States,Q30,http://www.wikidata.org/entity/Q116725241,Lyman Garden,Solar power station,44.47637,-93.15309
United States,Q30,http://www.wikidata.org/entity/Q116725132,Hartland Solar,Solar power station,44.85045,-69.45384
United States,Q30,http://www.wikidata.org/entity/Q116725232,Fort Rock IV,Solar power station,43.38988,-120.9561
United States,Q30,http://www.wikidata.org/entity/Q116725275,Dane County Airport Solar,Solar power station,43.160591,-89.3295
United States,Q30,http://www.wikidata.org/entity/Q116725140,Cummins Whitakers PV Arrays,Solar power station,36.089369,-77.72681
United States,Q30,http://www.wikidata.org/entity/Q116725270,BD Solar Ellsworth LLC,Solar power station,44.534547,-68.37879
United States,Q30,http://www.wikidata.org/entity/Q116725273,Pittsfield Solar LLC,Solar power station,44.814009,-69.44956
United States,Q30,http://www.wikidata.org/entity/Q116725172,Robin NJ,Solar power station,40.19247,-74.56597
United States,Q30,http://www.wikidata.org/entity/Q116725161,Truman (NC),Solar power station,35.713283,-78.32689
United States,Q30,http://www.wikidata.org/entity/Q116725169,Seagrove,Solar power station,35.532427,-79.78763
United States,Q30,http://www.wikidata.org/entity/Q116725194,Wachusett Solar,Solar power station,42.48392,-71.71081
United States,Q30,http://www.wikidata.org/entity/Q116725246,Sunpin Blandford,Solar power station,42.17337,-73.0247
United States,Q30,http://www.wikidata.org/entity/Q116725146,"GDIM 3, LLC",Solar power station,41.963066,-71.51693
United States,Q30,http://www.wikidata.org/entity/Q116725147,"GDIM 4, LLC",Solar power station,41.963066,-71.51693
United States,Q30,http://www.wikidata.org/entity/Q116725180,Verizon Hidden Ridge Solar Project,Solar power station,32.87662,-96.95372
United States,Q30,http://www.wikidata.org/entity/Q116725264,"Hecate Energy West Newberry, LLC",Solar power station,34.249814,-81.64895
United States,Q30,http://www.wikidata.org/entity/Q116725126,NY - PANYNJ - LaGuardia - Rooftop,Solar power station,40.77707,-73.87346
United States,Q30,http://www.wikidata.org/entity/Q116725190,"Richlands Solar, LLC",Solar power station,34.784644,-77.63794
United States,Q30,http://www.wikidata.org/entity/Q116725117,"SCS Randolph 012175 Somerset, LLC",Solar power station,40.54009,-74.5588
United States,Q30,http://www.wikidata.org/entity/Q116725244,Central 40,Solar power station,37.246,-121.104
United States,Q30,http://www.wikidata.org/entity/Q116725193,Whatley Renewables,Solar power station,42.44577,-71.61095
United States,Q30,http://www.wikidata.org/entity/Q116725240,Silver Lake Garden,Solar power station,44.00789,-93.49541
United States,Q30,http://www.wikidata.org/entity/Q116725253,Kenmare - Sullivan Community College,Solar power station,41.772796,-74.66672
United States,Q30,http://www.wikidata.org/entity/Q116725164,Sneads Grove,Solar power station,34.79217,-79.46581
United States,Q30,http://www.wikidata.org/entity/Q116725286,Madison Solar,Solar power station,42.0305,-72.50395
United States,Q30,http://www.wikidata.org/entity/Q116725142,"GD Johnson Scituate I, LLC",Solar power station,41.807129,-71.50538
United States,Q30,http://www.wikidata.org/entity/Q116725139,Sealed Air Madera Solar Project,Solar power station,36.945582,-120.056
United States,Q30,http://www.wikidata.org/entity/Q116725223,DC Water Solar,Solar power station,38.819244,-77.01894
United States,Q30,http://www.wikidata.org/entity/Q116725175,Bradford Solar,Solar power station,42.751153,-71.09445
United States,Q30,http://www.wikidata.org/entity/Q116725133,Unity Solar,Solar power station,44.598,-69.357
United States,Q30,http://www.wikidata.org/entity/Q116725239,Marion Garden,Solar power station,44.25009,-93.27397
United States,Q30,http://www.wikidata.org/entity/Q116725119,OYA Pulaski,Solar power station,43.583,-76.18
United States,Q30,http://www.wikidata.org/entity/Q116725280,Montross Solar,Solar power station,38.077,-76.786
United States,Q30,http://www.wikidata.org/entity/Q116725178,Gilead Sciences La Verne Rooftop Solar,Solar power station,34.09623,-117.7819
United States,Q30,http://www.wikidata.org/entity/Q116725176,Smith Solar Farm,Solar power station,34.775083,-79.55841
United States,Q30,http://www.wikidata.org/entity/Q116725272,"Route 66 Energy Center, LLC",Solar power station,35.098417,-107.6146
United States,Q30,http://www.wikidata.org/entity/Q116725128,SolarClub 23 LLC,Solar power station,43.866,-91.323
United States,Q30,http://www.wikidata.org/entity/Q116725167,Kendall Farm,Solar power station,35.850341,-79.55502
United States,Q30,http://www.wikidata.org/entity/Q116725288,Wonderful Orchards - Westside,Solar power station,35.73277,-119.7452
United States,Q30,http://www.wikidata.org/entity/Q116725179,West Valley Mission CCD Solar Project,Solar power station,37.264377,-122.006
United States,Q30,http://www.wikidata.org/entity/Q116725289,Wonderful Orchards - Belridge,Solar power station,35.50012,-119.7494
United States,Q30,http://www.wikidata.org/entity/Q116725120,OYA Main Street,Solar power station,42.875,-77.877
United States,Q30,http://www.wikidata.org/entity/Q116725265,Palmyra PV - BD Solar Palmyra LLC,Solar power station,44.84,-69.31
United States,Q30,http://www.wikidata.org/entity/Q116725271,Camp Ripley Solar,Solar power station,46.091,-94.34
United States,Q30,http://www.wikidata.org/entity/Q116725285,Blair Solar,Solar power station,42.02956,-72.50324
United States,Q30,http://www.wikidata.org/entity/Q116725277,Blanchard Road 1 Community Solar,Solar power station,44.25479,-76.01178
United States,Q30,http://www.wikidata.org/entity/Q116725248,SulusSolar35,Solar power station,45.140551,-122.6497
United States,Q30,http://www.wikidata.org/entity/Q116725124,SolarClub 10 LLC,Solar power station,45.273,-93.83
United States,Q30,http://www.wikidata.org/entity/Q116725171,Truck Stop,Solar power station,42.341063,-73.39668
United States,Q30,http://www.wikidata.org/entity/Q116725249,28 Livermore Hill Road Solar,Solar power station,42.55151,-71.95111
United States,Q30,http://www.wikidata.org/entity/Q116725231,Riley,Solar power station,43.5559,-119.6852
United States,Q30,http://www.wikidata.org/entity/Q116725122,USS Verbena Solar LLC,Solar power station,44.43296,-94.29423
United States,Q30,http://www.wikidata.org/entity/Q116725287,Few Solar,Solar power station,42.03107,-72.50438
United States,Q30,http://www.wikidata.org/entity/Q116725274,CatanSolar,Solar power station,28.871642,-97.69694
United States,Q30,http://www.wikidata.org/entity/Q116725138,Highland Park Borough Solar,Solar power station,40.4966,-74.41746
United States,Q30,http://www.wikidata.org/entity/Q116725261,2662 Freeport Solar 1 CSG,Solar power station,42.339696,-89.63272
United States,Q30,http://www.wikidata.org/entity/Q116725121,USS Itasca Clean Energy Solar LLC,Solar power station,47.21051,-93.51823
United States,Q30,http://www.wikidata.org/entity/Q116725131,OYA Church Road,Solar power station,43.19133,-76.38954
United States,Q30,http://www.wikidata.org/entity/Q116725276,Sunflower County,Solar power station,33.757767,-90.53647
United States,Q30,http://www.wikidata.org/entity/Q116725130,SolarClub 35 LLC,Solar power station,44.101,-94.077
United States,Q30,http://www.wikidata.org/entity/Q116725290,Burt County Solar Hybrid,Solar power station,41.863778,-96.23217
United States,Q30,http://www.wikidata.org/entity/Q116725254,Olney Solar II CSG,Solar power station,38.721601,-88.12679
United States,Q30,http://www.wikidata.org/entity/Q116725152,Baldwin,Solar power station,43.79322,-70.75685
United States,Q30,http://www.wikidata.org/entity/Q116725243,Union Garden,Solar power station,44.46936,-93.13565
United States,Q30,http://www.wikidata.org/entity/Q116725242,Nicollet Garden,Solar power station,44.25364,-94.27067
United States,Q30,http://www.wikidata.org/entity/Q116725168,Peake Road,Solar power station,36.271819,-78.654
United States,Q30,http://www.wikidata.org/entity/Q116725269,Winslow PV - BD Solar 2 LLC,Solar power station,44.56,-69.59
United States,Q30,http://www.wikidata.org/entity/Q116725136,Kinsley II Landfill Solar System,Solar power station,39.79271,-75.11138
United States,Q30,http://www.wikidata.org/entity/Q116725278,North Providence,Solar power station,41.869826,-71.47649
United States,Q30,http://www.wikidata.org/entity/Q116725125,SolarClub 15 LLC,Solar power station,45.43,-94.026
United States,Q30,http://www.wikidata.org/entity/Q116725284,Auburn Solar Project,Solar power station,42.13,-71.87
United States,Q30,http://www.wikidata.org/entity/Q116725250,Edwardsville Solar II,Solar power station,38.814542,-89.9973
United States,Q30,http://www.wikidata.org/entity/Q116725144,"GDIM 2, LLC",Solar power station,41.967314,-71.51961
United States,Q30,http://www.wikidata.org/entity/Q116725177,Google Moffett Park Solar Project,Solar power station,37.405313,-122.0175
United States,Q30,http://www.wikidata.org/entity/Q116725170,Nolan,Solar power station,42.238649,-73.36162
United States,Q30,http://www.wikidata.org/entity/Q116724390,Novel Shelly Solar LLC (CSG),Solar power station,44.613956,-95.64267
United States,Q30,http://www.wikidata.org/entity/Q116724342,"Maverick Solar 6, LLC",Solar power station,33.7,-115.38
United States,Q30,http://www.wikidata.org/entity/Q116724343,"Maverick Solar 7, LLC",Solar power station,33.7,-115.38
United States,Q30,http://www.wikidata.org/entity/Q116724341,"Maverick Solar 4, LLC",Solar power station,33.7,-115.38
United States,Q30,http://www.wikidata.org/entity/Q116724338,"Mid-River PA, LLC (ABE4)",Solar power station,40.73998,-75.27774
United States,Q30,http://www.wikidata.org/entity/Q116724337,"Morgan Solar 4, LLC CSG",Solar power station,39.61409,-90.22076
United States,Q30,http://www.wikidata.org/entity/Q116724411,Graphite Solar I,Solar power station,39.54844,-110.7121
United States,Q30,http://www.wikidata.org/entity/Q116724359,"Marlow Solar, LLC CSG",Solar power station,38.315279,-88.75638
United States,Q30,http://www.wikidata.org/entity/Q116724315,SulusSolar25,Solar power station,45.27,-122.82
United States,Q30,http://www.wikidata.org/entity/Q116724382,Fish Springs,Solar power station,40.074741,-119.9742
United States,Q30,http://www.wikidata.org/entity/Q116724378,"Harts Mill Solar, LLC",Solar power station,35.9,-77.64
United States,Q30,http://www.wikidata.org/entity/Q116724339,GE 19th Hole,Solar power station,42.985644,-74.31309
United States,Q30,http://www.wikidata.org/entity/Q116724300,"Energix Buckingham, LLC",Solar power station,37.5064,-78.381
United States,Q30,http://www.wikidata.org/entity/Q116724380,Sandy Creek Solar Power Plant,Solar power station,30.103137,-85.41039
United States,Q30,http://www.wikidata.org/entity/Q116724299,Somonauk Road Solar 1,Solar power station,41.758266,-88.65629
United States,Q30,http://www.wikidata.org/entity/Q116724406,MD - CS - Potomac Edison Co - GA29 TPE,Solar power station,39.59535,-79.3879
United States,Q30,http://www.wikidata.org/entity/Q116724303,Altavista Solar,Solar power station,37.148199,-79.3475
United States,Q30,http://www.wikidata.org/entity/Q116724316,Powatan Road Solar,Solar power station,35.602063,-78.37209
United States,Q30,http://www.wikidata.org/entity/Q116724318,Wappinger 9D Solar,Solar power station,41.56544,-73.93797
United States,Q30,http://www.wikidata.org/entity/Q116724389,Novel Novak Solar LLC CSG,Solar power station,45.659361,-93.93175
United States,Q30,http://www.wikidata.org/entity/Q116724366,East Brookfield Adams Road Solar LLC CSG,Solar power station,42.196032,-72.03084
United States,Q30,http://www.wikidata.org/entity/Q116724352,Carver,Solar power station,41.915338,-70.80165
United States,Q30,http://www.wikidata.org/entity/Q116724292,SulusSolar28,Solar power station,45.1,-123.52
United States,Q30,http://www.wikidata.org/entity/Q116724334,Electric City Solar,Solar power station,41.75,-85.45
United States,Q30,http://www.wikidata.org/entity/Q116724365,Ware Palmer Road Solar LLC CSG,Solar power station,42.247172,-72.27493
United States,Q30,http://www.wikidata.org/entity/Q116724286,Amaterasu LLC,Solar power station,42.519282,-71.6734
United States,Q30,http://www.wikidata.org/entity/Q116724397,"BWC Muddy Brook, LLC Hybrid",Solar power station,42.0966,-71.5054
United States,Q30,http://www.wikidata.org/entity/Q116724369,Kenmare - Mansfield Branch Street,Solar power station,42.015873,-71.20313
United States,Q30,http://www.wikidata.org/entity/Q116724307,"Monte Vista Solar 2 CSG, LLC",Solar power station,37.57176,-106.0999
United States,Q30,http://www.wikidata.org/entity/Q116724392,Mechanicsville Solar,Solar power station,37.665975,-77.20773
United States,Q30,http://www.wikidata.org/entity/Q116724393,"Morgan Solar 2, LLC CSG",Solar power station,39.606529,-90.2271
United States,Q30,http://www.wikidata.org/entity/Q116724335,Tesla Reno GigaFactory,Solar power station,39.539511,-119.4392
United States,Q30,http://www.wikidata.org/entity/Q116724362,Podunque Road CSG,Solar power station,42.415067,-78.23753
United States,Q30,http://www.wikidata.org/entity/Q116724407,"BWC Lake Lashaway, LLC Hybrid",Solar power station,42.24,-72.0555
United States,Q30,http://www.wikidata.org/entity/Q116724301,Brick Church Solar,Solar power station,42.755594,-73.58003
United States,Q30,http://www.wikidata.org/entity/Q116724409,ZPD-PT Solar Project 2017-044 LLC CSG,Solar power station,42.2782,-72.0071
United States,Q30,http://www.wikidata.org/entity/Q116724410,ZPD-PT Solar Project 2017-023 LLC Hybrid CSG,Solar power station,42.07,-72.01
United States,Q30,http://www.wikidata.org/entity/Q116724344,Canton,Solar power station,42.145126,-71.13092
United States,Q30,http://www.wikidata.org/entity/Q116724399,Lotus,Solar power station,36.13621,-79.53957
United States,Q30,http://www.wikidata.org/entity/Q116724355,Nash 97 Solar 2,Solar power station,35.8503,-78.2162
United States,Q30,http://www.wikidata.org/entity/Q116724309,"ANSON Solar Center, LLC",Solar power station,32.811041,-99.91749
United States,Q30,http://www.wikidata.org/entity/Q116724396,Albemarle Beach Solar,Solar power station,35.928188,-76.62045
United States,Q30,http://www.wikidata.org/entity/Q116724358,Siler City Solar 2,Solar power station,35.688107,-79.46541
United States,Q30,http://www.wikidata.org/entity/Q116724351,A Street 1,Solar power station,41.797953,-71.54678
United States,Q30,http://www.wikidata.org/entity/Q116724312,Bauer Solar CSG,Solar power station,45.273478,-94.23195
United States,Q30,http://www.wikidata.org/entity/Q116724347,Hudson,Solar power station,42.404047,-71.54136
United States,Q30,http://www.wikidata.org/entity/Q116724308,"101 Carnegie Center Solar, LLC",Solar power station,40.32312,-74.64512
United States,Q30,http://www.wikidata.org/entity/Q116724294,MilfordSolar OR,Solar power station,45.57,-123.05
United States,Q30,http://www.wikidata.org/entity/Q116724364,Townsend Road(CSG),Solar power station,42.350101,-76.93801
United States,Q30,http://www.wikidata.org/entity/Q116724402,Charlie,Solar power station,35.97485,-79.60948
United States,Q30,http://www.wikidata.org/entity/Q116724400,Big Boy,Solar power station,36.07767,-79.63377
United States,Q30,http://www.wikidata.org/entity/Q116724306,"10 Finderne Avenue Solar, LLC",Solar power station,40.55812,-74.57594
United States,Q30,http://www.wikidata.org/entity/Q116724381,ZPD-PT Solar Project 2017-038 Hybrid LLC,Solar power station,42.516,-71.6734
United States,Q30,http://www.wikidata.org/entity/Q116724320,Off Airport Road - West,Solar power station,41.785648,-74.22904
United States,Q30,http://www.wikidata.org/entity/Q116724354,Meadowlark Solar,Solar power station,35.551944,-79.02306
United States,Q30,http://www.wikidata.org/entity/Q116724331,Moore Road Community Solar,Solar power station,43.213,-78.903
United States,Q30,http://www.wikidata.org/entity/Q116724394,Newton Rumford Landfill,Solar power station,42.356341,-71.24459
United States,Q30,http://www.wikidata.org/entity/Q116724340,Desert Harvest II LLC,Solar power station,33.8,-115.38
United States,Q30,http://www.wikidata.org/entity/Q116724333,Samuel Mickle School,Solar power station,39.78736,-75.24615
United States,Q30,http://www.wikidata.org/entity/Q116724353,Plainfield Pike,Solar power station,41.793111,-71.55348
United States,Q30,http://www.wikidata.org/entity/Q116724314,GreenparkSolar,Solar power station,44.879414,-122.9375
United States,Q30,http://www.wikidata.org/entity/Q116724287,"Camellia Solar, LLC",Solar power station,45.642745,-95.35327
United States,Q30,http://www.wikidata.org/entity/Q116724349,Berkley,Solar power station,41.841454,-71.01833
United States,Q30,http://www.wikidata.org/entity/Q116724401,Beth,Solar power station,35.975586,-79.61837
United States,Q30,http://www.wikidata.org/entity/Q116724297,Bainbridge Solar,Solar power station,30.967159,-84.62554
United States,Q30,http://www.wikidata.org/entity/Q116724291,SulusSolar33,Solar power station,45.08,-123.4
United States,Q30,http://www.wikidata.org/entity/Q116724346,Ravenbrook,Solar power station,41.919675,-70.81942
United States,Q30,http://www.wikidata.org/entity/Q116724311,San Diego - EMDF at San Diego,Solar power station,32.590258,-116.9195
United States,Q30,http://www.wikidata.org/entity/Q116724387,SR Rattlesnake,Solar power station,40.105427,-104.4131
United States,Q30,http://www.wikidata.org/entity/Q116724329,Blanchard Road 2 Community Solar,Solar power station,44.25479,-76.01178
United States,Q30,http://www.wikidata.org/entity/Q116724332,Great Lakes Seaway Community Solar,Solar power station,44.25479,-76.01178
United States,Q30,http://www.wikidata.org/entity/Q116724330,NYS Rte 12 Community Solar,Solar power station,44.25479,-76.01178
United States,Q30,http://www.wikidata.org/entity/Q116724325,San Diego - NCRC at Vista,Solar power station,33.190283,-117.2556
United States,Q30,http://www.wikidata.org/entity/Q116724363,County Road 16,Solar power station,42.3771,-76.9022
United States,Q30,http://www.wikidata.org/entity/Q116724319,Montague Road Solar,Solar power station,42.421721,-72.53686
United States,Q30,http://www.wikidata.org/entity/Q116724386,SR Perry,Solar power station,32.39597,-83.7629
United States,Q30,http://www.wikidata.org/entity/Q116724295,BristolSolar,Solar power station,45.15,-122.79
United States,Q30,http://www.wikidata.org/entity/Q116724296,"Energix Hollyfield, LLC",Solar power station,37.671,-77.17
United States,Q30,http://www.wikidata.org/entity/Q116724345,Gold Meadow Farms,Solar power station,41.734903,-71.52818
United States,Q30,http://www.wikidata.org/entity/Q116724385,Lancaster Solar GA,Solar power station,31.766506,-84.79721
United States,Q30,http://www.wikidata.org/entity/Q116724304,Alden Solar CSG LLC,Solar power station,40.45633,-104.5811
United States,Q30,http://www.wikidata.org/entity/Q116724357,Chicopee,Solar power station,42.181057,-72.51071
United States,Q30,http://www.wikidata.org/entity/Q116724373,"BWC Stony Brook, LLC Hybrid",Solar power station,42.6375,-71.4036
United States,Q30,http://www.wikidata.org/entity/Q116724350,Kilvert,Solar power station,41.727505,-71.44961
United States,Q30,http://www.wikidata.org/entity/Q116724317,Apple Canyon Lake Solar,Solar power station,42.436665,-90.17958
United States,Q30,http://www.wikidata.org/entity/Q116724321,Fitchburg Renewables,Solar power station,42.604396,-71.79571
United States,Q30,http://www.wikidata.org/entity/Q116724288,"Buttercup Solar, LLC",Solar power station,34.82354,-77.97275
United States,Q30,http://www.wikidata.org/entity/Q116724356,Nickelson Solar 2,Solar power station,34.7457,-77.988
United States,Q30,http://www.wikidata.org/entity/Q116724348,A Street 2,Solar power station,41.797544,-71.54593
United States,Q30,http://www.wikidata.org/entity/Q116724305,SulusSolar22,Solar power station,44.97,-122.78
United States,Q30,http://www.wikidata.org/entity/Q116724368,Grassfield Solar,Solar power station,36.65,-76.35
United States,Q30,http://www.wikidata.org/entity/Q116724405,IA - City of Ames - Airport Road,Solar power station,42.003,-93.617
United States,Q30,http://www.wikidata.org/entity/Q116724313,"Fremont CO 1, LLC",Solar power station,38.46446,-105.2125
United States,Q30,http://www.wikidata.org/entity/Q116724298,"Energix Nokesville, LLC",Solar power station,38.672,-77.593
United States,Q30,http://www.wikidata.org/entity/Q116724324,SulusSolar29,Solar power station,45.46,-122.29
United States,Q30,http://www.wikidata.org/entity/Q116724336,Tweite Community Solar LLC,Solar power station,44.025148,-92.67449
United States,Q30,http://www.wikidata.org/entity/Q116724302,Route 76 Boone Solar 1,Solar power station,42.41894,-88.84614
United States,Q30,http://www.wikidata.org/entity/Q116724361,IGS Stockton DG CSG,Solar power station,42.348183,-90.01124
United States,Q30,http://www.wikidata.org/entity/Q116724322,6140 Route 209 - North,Solar power station,41.787555,-74.28889
United States,Q30,http://www.wikidata.org/entity/Q116724379,Bay Trail Solar Power Plant,Solar power station,28.99999,-82.67224
United States,Q30,http://www.wikidata.org/entity/Q116725330,"Geddes 2 Solar, LLC",Solar power station,43.428036,-84.11933
United States,Q30,http://www.wikidata.org/entity/Q116725296,Roger Williams - Melville at Portsmouth,Solar power station,41.579508,-71.27308
United States,Q30,http://www.wikidata.org/entity/Q116725415,580 River Solar,Solar power station,42.680766,-72.0761
United States,Q30,http://www.wikidata.org/entity/Q116725345,Burns Solar One LLC,Solar power station,39.47653,-76.85446
United States,Q30,http://www.wikidata.org/entity/Q116725344,County of San Diego COC Hybrid,Solar power station,32.833645,-117.1311
United States,Q30,http://www.wikidata.org/entity/Q116725309,"ESA Boston Solar, LLC",Solar power station,36.486008,-78.92177
United States,Q30,http://www.wikidata.org/entity/Q116725407,"Watertown Solar One, LLC",Solar power station,41.61968,-73.14844
United States,Q30,http://www.wikidata.org/entity/Q116725448,"Longbow Solar, LLC",Solar power station,29.289809,-95.29861
United States,Q30,http://www.wikidata.org/entity/Q116725295,Hot Springs 2020,Solar power station,34.421,-93.19485
United States,Q30,http://www.wikidata.org/entity/Q116725328,"Hendershot Solar, LLC",Solar power station,41.982616,-83.88852
United States,Q30,http://www.wikidata.org/entity/Q116725316,EMWD - Moreno Valley RWRF,Solar power station,33.868252,-117.2141
United States,Q30,http://www.wikidata.org/entity/Q116725321,"Pine Road Solar, LLC CSG",Solar power station,41.674386,-88.66445
United States,Q30,http://www.wikidata.org/entity/Q116725361,"El Dorado Solar, LLC",Solar power station,38.637,-121.059
United States,Q30,http://www.wikidata.org/entity/Q116725427,Venture 2 - 1B,Solar power station,39.752244,-104.6651
United States,Q30,http://www.wikidata.org/entity/Q116725410,77 Farm to Market Rd Hybrid(CSG),Solar power station,41.79455,-70.72339
United States,Q30,http://www.wikidata.org/entity/Q116725357,"Clark Road Solar 1, LLC",Solar power station,42.59613,-72.02024
United States,Q30,http://www.wikidata.org/entity/Q116725327,Byron Highway Solar,Solar power station,37.847114,-121.6173
United States,Q30,http://www.wikidata.org/entity/Q116725339,Adirondack A+B Community Solar Garden,Solar power station,41.679012,-71.11106
United States,Q30,http://www.wikidata.org/entity/Q116725311,"Western Meadowlark Solar SCS NE 1, LLC",Solar power station,41.889,-103.649
United States,Q30,http://www.wikidata.org/entity/Q116725359,Van der Hoek Solar Array/ Dairy,Solar power station,36.504015,-120.0981
United States,Q30,http://www.wikidata.org/entity/Q116725413,Linton,Solar power station,39.04355,-87.13619
United States,Q30,http://www.wikidata.org/entity/Q116725451,Augusta,Solar power station,44.36124,-69.79636
United States,Q30,http://www.wikidata.org/entity/Q116725333,7448 Candlewood Road,Solar power station,39.16,-76.7
United States,Q30,http://www.wikidata.org/entity/Q116725300,Lafayette 2 - Kankakee Yonke,Solar power station,41.097265,-87.86929
United States,Q30,http://www.wikidata.org/entity/Q116725445,Dodge Renewables 2,Solar power station,44.02037,-92.86973
United States,Q30,http://www.wikidata.org/entity/Q116725422,Broadway 4 - Target Shafter,Solar power station,35.46331,-119.1891
United States,Q30,http://www.wikidata.org/entity/Q116725314,Plainfield Solar 1,Solar power station,41.68,-71.901
United States,Q30,http://www.wikidata.org/entity/Q116725419,Mtn. Solar 4 (CSG),Solar power station,39.727586,-105.1131
United States,Q30,http://www.wikidata.org/entity/Q116725325,"County of Dutchess, NY (Airport)",Solar power station,41.631398,-73.87685
United States,Q30,http://www.wikidata.org/entity/Q116725324,Mt Pleasant Community Center,Solar power station,41.09999,-73.77155
United States,Q30,http://www.wikidata.org/entity/Q116725441,Gladstone Farm,Solar power station,35.213491,-79.55714
United States,Q30,http://www.wikidata.org/entity/Q116725298,Willow Solar Energy Center,Solar power station,27.448142,-82.08069
United States,Q30,http://www.wikidata.org/entity/Q116725439,Belafonte,Solar power station,35.161492,-78.09015
United States,Q30,http://www.wikidata.org/entity/Q116725291,Dodge County Solar Hybrid,Solar power station,41.612,-96.752
United States,Q30,http://www.wikidata.org/entity/Q116725305,NSE Camber Solar PS13 LLC (CSG),Solar power station,40.619084,-103.1589
United States,Q30,http://www.wikidata.org/entity/Q116725440,Gilead,Solar power station,35.198537,-80.01325
United States,Q30,http://www.wikidata.org/entity/Q116725363,Dusenberry,Solar power station,42.7677,-73.6247
United States,Q30,http://www.wikidata.org/entity/Q116725412,Walkerton,Solar power station,41.455468,-86.48736
United States,Q30,http://www.wikidata.org/entity/Q116725312,"Trojan Solar, LLC",Solar power station,34.312472,-78.20425
United States,Q30,http://www.wikidata.org/entity/Q116725360,Fredonia Solar LLC,Solar power station,42.453047,-79.3408
United States,Q30,http://www.wikidata.org/entity/Q116725391,Capital Hill Solar LLC,Solar power station,42.685295,-73.82494
United States,Q30,http://www.wikidata.org/entity/Q116725442,Mendota Rich Dev CSG,Solar power station,41.541339,-89.14808
United States,Q30,http://www.wikidata.org/entity/Q116725337,Troupsburg,Solar power station,42.0121,-77.3751
United States,Q30,http://www.wikidata.org/entity/Q116725369,Kearsarge Westerly,Solar power station,41.385761,-71.7322
United States,Q30,http://www.wikidata.org/entity/Q116725318,Dresser Hill CSG,Solar power station,42.081793,-72.00652
United States,Q30,http://www.wikidata.org/entity/Q116725340,Westport B Community Solar Garden,Solar power station,41.70463,-71.08973
United States,Q30,http://www.wikidata.org/entity/Q116725404,Pretzel CSG,Solar power station,42.307119,-89.5981
United States,Q30,http://www.wikidata.org/entity/Q116725331,"Bullhead Solar, LLC",Solar power station,41.96019,-84.67383
United States,Q30,http://www.wikidata.org/entity/Q116725301,TCI France,Solar power station,29.984166,-90.02889
United States,Q30,http://www.wikidata.org/entity/Q116725336,CA Institute for Women,Solar power station,33.949722,-117.6364
United States,Q30,http://www.wikidata.org/entity/Q116725433,"Washington Avenue Solar, LLC",Solar power station,42.821552,-73.94991
United States,Q30,http://www.wikidata.org/entity/Q116725444,Dodge Renewables 1,Solar power station,44.01862,-92.86606
United States,Q30,http://www.wikidata.org/entity/Q116725351,Pivot Solar 15 LLC,Solar power station,40.266856,-103.6594
United States,Q30,http://www.wikidata.org/entity/Q116725416,Foothill Sanitary Landfill - Solar Array,Solar power station,38.042352,-120.9338
United States,Q30,http://www.wikidata.org/entity/Q116725358,Lake Herman,Solar power station,38.0971,-122.1417
United States,Q30,http://www.wikidata.org/entity/Q116725306,NSE Camber Solar PS6 LLC CSG,Solar power station,40.260736,-104.8242
United States,Q30,http://www.wikidata.org/entity/Q116725420,Norton LLC,Solar power station,41.98309,-71.21461
United States,Q30,http://www.wikidata.org/entity/Q116725326,"CSG Mt. Morris 2, LLC",Solar power station,42.065653,-89.43314
United States,Q30,http://www.wikidata.org/entity/Q116725380,0 Hammond St CSG,Solar power station,41.808547,-70.72668
United States,Q30,http://www.wikidata.org/entity/Q116725438,Beaker,Solar power station,35.597904,-77.60944
United States,Q30,http://www.wikidata.org/entity/Q116725362,Connexus Solar Baldwin 1BDN,Solar power station,45.546415,-93.59368
United States,Q30,http://www.wikidata.org/entity/Q116725347,Pivot Solar 1 LLC (CSG),Solar power station,39.414671,-108.0907
United States,Q30,http://www.wikidata.org/entity/Q116725353,Pivot Solar 3 LLC (CSG),Solar power station,39.414671,-108.0907
United States,Q30,http://www.wikidata.org/entity/Q116725293,Blue Goose Solar CSG,Solar power station,41.769376,-89.84333
United States,Q30,http://www.wikidata.org/entity/Q116725346,SEPV Sierra,Solar power station,34.733011,-118.1385
United States,Q30,http://www.wikidata.org/entity/Q116725414,Everson Garden,Solar power station,44.08963,-93.5531
United States,Q30,http://www.wikidata.org/entity/Q116725308,"SCS American Bottoms 009885 Sauget, LLC",Solar power station,38.591745,-90.18329
United States,Q30,http://www.wikidata.org/entity/Q116725390,Edwards Sanborn S1,Solar power station,35.02769,-118.1328
United States,Q30,http://www.wikidata.org/entity/Q116725334,Palmer Community Solar LLC CSG,Solar power station,45.491444,-92.79367
United States,Q30,http://www.wikidata.org/entity/Q116725403,SV Gardner 1 (Lutz) CSG,Solar power station,41.19504,-88.30134
United States,Q30,http://www.wikidata.org/entity/Q116725354,Pivot Solar 8 LLC (CSG),Solar power station,40.241166,-104.7714
United States,Q30,http://www.wikidata.org/entity/Q116725428,Charlemont A,Solar power station,42.642,-72.896
United States,Q30,http://www.wikidata.org/entity/Q116725348,Pivot Solar 14 LLC,Solar power station,40.266898,-103.6575
United States,Q30,http://www.wikidata.org/entity/Q116725349,Pivot Solar 2 LLC,Solar power station,40.266898,-103.6575
United States,Q30,http://www.wikidata.org/entity/Q116725418,"WW-DC Solar 1, LLC",Solar power station,38.82568,-77.00205
United States,Q30,http://www.wikidata.org/entity/Q116725409,71 Charlotte Furnace Rd Hybrid(CSG),Solar power station,41.797106,-70.7416
United States,Q30,http://www.wikidata.org/entity/Q116725406,Park St,Solar power station,43.596913,-72.97043
United States,Q30,http://www.wikidata.org/entity/Q116725319,Vallecitos Water District,Solar power station,33.212535,-117.177
United States,Q30,http://www.wikidata.org/entity/Q116725297,Fort Drum Energy Center,Solar power station,27.607892,-80.75812
United States,Q30,http://www.wikidata.org/entity/Q116725352,Pivot Solar 7 LLC (CSG),Solar power station,39.523107,-107.8153
United States,Q30,http://www.wikidata.org/entity/Q116725332,"Angola Solar, LLC",Solar power station,41.834826,-85.0074
United States,Q30,http://www.wikidata.org/entity/Q116725304,"IGS East Central, LLC",Solar power station,41.471715,-88.04373
United States,Q30,http://www.wikidata.org/entity/Q116725430,Wonderful Lost Hills,Solar power station,35.66934,-119.8766
United States,Q30,http://www.wikidata.org/entity/Q116725411,299 Farm to Market Rd Hybrid(CSG),Solar power station,41.795092,-70.72704
United States,Q30,http://www.wikidata.org/entity/Q116725343,Bellisario Solar 2,Solar power station,42.451944,-76.12112
United States,Q30,http://www.wikidata.org/entity/Q116725299,Lafayette 2 - McHenry Franks 2,Solar power station,42.214828,-88.49191
United States,Q30,http://www.wikidata.org/entity/Q116725417,NY8 - Regan Solar,Solar power station,42.95474,-74.31312
United States,Q30,http://www.wikidata.org/entity/Q116725431,Barrow Solar,Solar power station,42.03263,-72.50491
United States,Q30,http://www.wikidata.org/entity/Q116725310,"SCS Beltway 011754 Rock Falls, LLC",Solar power station,41.767012,-89.67033
United States,Q30,http://www.wikidata.org/entity/Q116725435,Garden 1 Solar Park,Solar power station,45.796239,-86.53461
United States,Q30,http://www.wikidata.org/entity/Q116725421,Broadway 3 - Tucson Phase I,Solar power station,32.24817,-111.2611
United States,Q30,http://www.wikidata.org/entity/Q116725313,"Zuma Solar, LLC",Solar power station,36.510939,-79.43789
United States,Q30,http://www.wikidata.org/entity/Q116725364,Redman South Community Solar,Solar power station,43.2743,-77.965
United States,Q30,http://www.wikidata.org/entity/Q116725322,Valencia 3,Solar power station,32.88567,-115.5377
United States,Q30,http://www.wikidata.org/entity/Q116725405,Gala (CSG),Solar power station,42.356266,-89.83697
United States,Q30,http://www.wikidata.org/entity/Q116725449,CA - Fresno County - Juvenile Hall,Solar power station,36.661113,-119.726
United States,Q30,http://www.wikidata.org/entity/Q116725408,North Rock,Solar power station,42.810873,-89.10154
United States,Q30,http://www.wikidata.org/entity/Q116725447,Vasquez V CSG,Solar power station,40.231806,-104.7989
United States,Q30,http://www.wikidata.org/entity/Q116725329,"Hazel Solar, LLC",Solar power station,43.402157,-85.4535
United States,Q30,http://www.wikidata.org/entity/Q116725307,"American Goldfinch SCS ACY2 NJ, LLC",Solar power station,40.08556,-74.84089
United States,Q30,http://www.wikidata.org/entity/Q116724441,Anderson 4,Solar power station,40.082667,-85.63608
United States,Q30,http://www.wikidata.org/entity/Q116724500,"AES Griggs Solar, LLC",Solar power station,41.19128,-87.66646
United States,Q30,http://www.wikidata.org/entity/Q116724496,Prospero Solar II,Solar power station,32.275814,-102.8448
United States,Q30,http://www.wikidata.org/entity/Q116724461,Greene Durham,Solar power station,33.631459,-83.09349
United States,Q30,http://www.wikidata.org/entity/Q116724453,Valencia 2,Solar power station,33.0218,-115.5264
United States,Q30,http://www.wikidata.org/entity/Q116724532,TruStile Doors - Denver,Solar power station,39.825708,-104.9731
United States,Q30,http://www.wikidata.org/entity/Q116724468,Troup RC50 II,Solar power station,32.898784,-84.89617
United States,Q30,http://www.wikidata.org/entity/Q116724486,"Sun Farm VIII, LLC",Solar power station,36.06,-77.75
United States,Q30,http://www.wikidata.org/entity/Q116724421,"Horn Rapids Solar, Storage and Training",Solar power station,46.3529,-119.3222
United States,Q30,http://www.wikidata.org/entity/Q116724520,Norwich Solar and Energy Storage CSG,Solar power station,42.552861,-75.52957
United States,Q30,http://www.wikidata.org/entity/Q116724445,Kent School Road Solar 1,Solar power station,42.312841,-89.90344
United States,Q30,http://www.wikidata.org/entity/Q116724543,El Dorado County,Solar power station,38.698145,-120.8283
United States,Q30,http://www.wikidata.org/entity/Q116724498,EDF Ph1 Toms River,Solar power station,39.984,-74.238
United States,Q30,http://www.wikidata.org/entity/Q116724458,"Sweet Tea Solar, LLC",Solar power station,35.160889,-77.1333
United States,Q30,http://www.wikidata.org/entity/Q116724514,"NSE Camber BH CSG 2, LLC",Solar power station,38.209158,-103.7473
United States,Q30,http://www.wikidata.org/entity/Q116724481,TCI Alvar,Solar power station,29.992222,-90.02861
United States,Q30,http://www.wikidata.org/entity/Q116724438,Anderson 5,Solar power station,40.085942,-85.63218
United States,Q30,http://www.wikidata.org/entity/Q116724521,Tranquillity ID,Solar power station,36.648026,-120.2459
United States,Q30,http://www.wikidata.org/entity/Q116724463,Lowndes Tycor Farms,Solar power station,30.688193,-83.16715
United States,Q30,http://www.wikidata.org/entity/Q116724524,Ridgecrest,Solar power station,38.84683,-76.97592
United States,Q30,http://www.wikidata.org/entity/Q116724511,Amazon JFK8 Solar Project,Solar power station,40.618892,-74.18752
United States,Q30,http://www.wikidata.org/entity/Q116724542,CSU San Jose State University,Solar power station,37.334,-121.884
United States,Q30,http://www.wikidata.org/entity/Q116724502,Cedarville Road,Solar power station,42.37195,-89.80797
United States,Q30,http://www.wikidata.org/entity/Q116724517,Cortlandville I Solar CSG,Solar power station,42.606794,-76.15449
United States,Q30,http://www.wikidata.org/entity/Q116724434,"Acme Solar, LLC",Solar power station,34.324366,-78.99615
United States,Q30,http://www.wikidata.org/entity/Q116724422,Jack's Solar Garden,Solar power station,40.122552,-105.1303
United States,Q30,http://www.wikidata.org/entity/Q116724423,"McDonough Solar 1, LLC CSG",Solar power station,40.555424,-90.85113
United States,Q30,http://www.wikidata.org/entity/Q116724460,Franklin Milliken,Solar power station,34.442071,-83.09912
United States,Q30,http://www.wikidata.org/entity/Q116724444,Pickford Solar,Solar power station,46.189254,-84.34545
United States,Q30,http://www.wikidata.org/entity/Q116724459,Bulloch Neville Farms,Solar power station,32.384398,-81.67292
United States,Q30,http://www.wikidata.org/entity/Q116724425,Prosperity Solar Farm CSG,Solar power station,37.127139,-94.43369
United States,Q30,http://www.wikidata.org/entity/Q116724433,"Solar Lee, LLC",Solar power station,35.184704,-78.08459
United States,Q30,http://www.wikidata.org/entity/Q116724539,EMWD - Sun City RWRF,Solar power station,33.696146,-117.2186
United States,Q30,http://www.wikidata.org/entity/Q116724436,Sullivan B Community Solar LLC,Solar power station,40.469681,-90.64108
United States,Q30,http://www.wikidata.org/entity/Q116724540,EMWD - San Jacinto RES BCT,Solar power station,33.802869,-117.0236
United States,Q30,http://www.wikidata.org/entity/Q116724483,"Dissigno Healdsburg FPV, LLC",Solar power station,38.584405,-122.8662
United States,Q30,http://www.wikidata.org/entity/Q116724525,Cascades,Solar power station,40.55879,-74.45646
United States,Q30,http://www.wikidata.org/entity/Q116724470,Ware Avra II,Solar power station,31.196314,-82.32236
United States,Q30,http://www.wikidata.org/entity/Q116724469,Ware Avra I,Solar power station,31.196314,-82.32236
United States,Q30,http://www.wikidata.org/entity/Q116724466,Putnam Erickson,Solar power station,33.317653,-83.39233
United States,Q30,http://www.wikidata.org/entity/Q116724530,Gilcrest V CSG,Solar power station,40.317966,-104.7707
United States,Q30,http://www.wikidata.org/entity/Q116724536,ZPD-PT Solar Project 2017-006 LLC Hybrid,Solar power station,42.23,-72.21
United States,Q30,http://www.wikidata.org/entity/Q116724414,SR Lumpkin,Solar power station,32.025,-84.7325
United States,Q30,http://www.wikidata.org/entity/Q116724439,Peru 2,Solar power station,40.758183,-86.10501
United States,Q30,http://www.wikidata.org/entity/Q116724447,Forrest City- Prison Site,Solar power station,34.97953,-90.80602
United States,Q30,http://www.wikidata.org/entity/Q116724454,Lawrence Brook,Solar power station,44.51701,-72.62542
United States,Q30,http://www.wikidata.org/entity/Q116724437,Anderson 3,Solar power station,40.081698,-85.64203
United States,Q30,http://www.wikidata.org/entity/Q116724442,Anderson 6,Solar power station,40.085081,-85.74671
United States,Q30,http://www.wikidata.org/entity/Q116724427,Curry Solar,Solar power station,32.038819,-82.14032
United States,Q30,http://www.wikidata.org/entity/Q116724412,ZPD-PT Solar Project 2017-021 LLC Hybrid CSG,Solar power station,42.1,-72.47
United States,Q30,http://www.wikidata.org/entity/Q116724449,Las Virgenes,Solar power station,34.1265,-118.704
United States,Q30,http://www.wikidata.org/entity/Q116724440,Richmond 5,Solar power station,39.805613,-84.87455
United States,Q30,http://www.wikidata.org/entity/Q116724416,Moore Solar,Solar power station,36.38427,-79.48112
United States,Q30,http://www.wikidata.org/entity/Q116724419,701 Carnegie Center,Solar power station,40.32358,-74.64994
United States,Q30,http://www.wikidata.org/entity/Q116724418,510 Carnegie Center,Solar power station,40.3147,-74.65551
United States,Q30,http://www.wikidata.org/entity/Q116724424,"Dressor Plains Solar, LLC",Solar power station,39.186321,-89.03123
United States,Q30,http://www.wikidata.org/entity/Q116724472,"SE Athos II, LLC",Solar power station,33.751283,-115.355
United States,Q30,http://www.wikidata.org/entity/Q116724535,Branch Solar Farm,Solar power station,35.306183,-93.92576
United States,Q30,http://www.wikidata.org/entity/Q116724415,Bo Biggs Solar,Solar power station,34.58125,-78.94951
United States,Q30,http://www.wikidata.org/entity/Q116724471,Renewable Energy Center at BJH,Solar power station,38.636459,-90.2582
United States,Q30,http://www.wikidata.org/entity/Q116724465,Murray Treadwell Farms,Solar power station,34.769747,-84.81328
United States,Q30,http://www.wikidata.org/entity/Q116724457,"1051 Lucky Solar, LLC",Solar power station,36.148986,-80.81965
United States,Q30,http://www.wikidata.org/entity/Q116724467,Terrell Riles Stovall,Solar power station,31.785503,-84.44841
United States,Q30,http://www.wikidata.org/entity/Q116724451,Alamosa Solar South CSG,Solar power station,37.4512,-105.8592
United States,Q30,http://www.wikidata.org/entity/Q116724413,Waipio Peninsula,Solar power station,21.363514,-157.9856
United States,Q30,http://www.wikidata.org/entity/Q116724432,Hadley 3 Solar (South),Solar power station,42.355782,-72.5426
United States,Q30,http://www.wikidata.org/entity/Q116724509,6685 Santa Barbara Ct,Solar power station,39.189589,-76.74301
United States,Q30,http://www.wikidata.org/entity/Q116724448,Forrest City- Eldridge Road,Solar power station,35.03789,-90.80707
United States,Q30,http://www.wikidata.org/entity/Q116724456,"ESCA-LL-COLTON, LLC",Solar power station,34.03925,-117.3606
United States,Q30,http://www.wikidata.org/entity/Q116724455,Kankakee Solar 4 LLC,Solar power station,41.119258,-87.82652
United States,Q30,http://www.wikidata.org/entity/Q116724464,Meriwether Jackson,Solar power station,32.877496,-84.64437
United States,Q30,http://www.wikidata.org/entity/Q116724531,Quinebaug Solar,Solar power station,41.749867,-71.93248
United States,Q30,http://www.wikidata.org/entity/Q116724482,New Orleans Solar Station,Solar power station,30.015,-89.92
United States,Q30,http://www.wikidata.org/entity/Q116724519,Clay Solar CSG,Solar power station,43.194525,-76.21195
United States,Q30,http://www.wikidata.org/entity/Q116724533,Niagara Bottling - Seguin,Solar power station,29.589139,-97.9772
United States,Q30,http://www.wikidata.org/entity/Q116724420,Assembly Solar III,Solar power station,43.022705,-83.94273
United States,Q30,http://www.wikidata.org/entity/Q116724462,Lowndes IDA,Solar power station,30.835452,-83.22752
United States,Q30,http://www.wikidata.org/entity/Q116724501,SV CSG Lily Lake 2 LLC,Solar power station,41.954902,-88.47837
United States,Q30,http://www.wikidata.org/entity/Q116724446,Schulte 2 Community Solar,Solar power station,41.032235,-89.40522
United States,Q30,http://www.wikidata.org/entity/Q116724534,Firestone Walker Brewery - Phase 1,Solar power station,35.595877,-120.6943
United States,Q30,http://www.wikidata.org/entity/Q116724537,EMWD - Perris Valley RWRF,Solar power station,33.75998,-117.1877
United States,Q30,http://www.wikidata.org/entity/Q116724504,"WED Coventry Seven, LLC",Solar power station,41.697563,-71.72227
United States,Q30,http://www.wikidata.org/entity/Q116724506,Quitman II Solar,Solar power station,30.86205,-83.65165
United States,Q30,http://www.wikidata.org/entity/Q116724529,Gliden (Op Zone),Solar power station,36.30161,-76.60357
United States,Q30,http://www.wikidata.org/entity/Q116724431,Hadley 3 Solar (North),Solar power station,42.35885,-72.5426
United States,Q30,http://www.wikidata.org/entity/Q116724515,NSE Camber Solar PS5 LLC (CSG),Solar power station,40.250222,-104.8395
United States,Q30,http://www.wikidata.org/entity/Q116724443,Peru 3,Solar power station,40.755338,-86.10572
United States,Q30,http://www.wikidata.org/entity/Q116724480,Lafayette 2 - McHenry Franks 1,Solar power station,42.251568,-88.59671
United States,Q30,http://www.wikidata.org/entity/Q116724450,Rock Creek 2 CSG,Solar power station,37.39955,-105.9034
United States,Q30,http://www.wikidata.org/entity/Q116724428,"Alexis Solar, LLC",Solar power station,26.88913,-98.23332
United States,Q30,http://www.wikidata.org/entity/Q116724508,Farmington Solar,Solar power station,44.654659,-70.10084
United States,Q30,http://www.wikidata.org/entity/Q116724429,Iroquois Solar 1B LLC CSG,Solar power station,40.774047,-87.75437
United States,Q30,http://www.wikidata.org/entity/Q116724512,Mtn Solar 6 LLC (CSG),Solar power station,40.613557,-103.2337
United States,Q30,http://www.wikidata.org/entity/Q116724513,NSE Camber Solar PS11 LLC (CSG),Solar power station,40.613557,-103.2337
United States,Q30,http://www.wikidata.org/entity/Q116724516,Pivot Solar 12 LLC(CSG),Solar power station,40.613557,-103.2337
United States,Q30,http://www.wikidata.org/entity/Q116724538,EMWD - San Jacinto RWRF NEM,Solar power station,33.798547,-117.0166
United States,Q30,http://www.wikidata.org/entity/Q116724541,BYU - Hawaii,Solar power station,21.640774,-157.9251
United States,Q30,http://www.wikidata.org/entity/Q116724505,"GD Glocester White Oak I, LLC",Solar power station,41.861544,-71.59624
United States,Q30,http://www.wikidata.org/entity/Q116724485,Corning Riverview (CSG),Solar power station,43.001066,-78.91407
United States,Q30,http://www.wikidata.org/entity/Q116724518,Sangerfield Solar CSG,Solar power station,42.924419,-75.42005
United States,Q30,http://www.wikidata.org/entity/Q124464425,Gila Bend Hybrid Solar Farm,Solar power station,32.949,-112.7702
United States,Q30,http://www.wikidata.org/entity/Q123561984,Fox Squirrel Solar,Solar power station,,
United States,Q30,http://www.wikidata.org/entity/Q116740382,Solar Star 2,Solar power station,34.848611,-118.3528
United States,Q30,http://www.wikidata.org/entity/Q117100858,Colleton Solar Farm,Solar power station,32.910833333,-80.696666666
United States,Q30,http://www.wikidata.org/entity/Q124464123,Red Horse III,Solar power station,32.2618,-110.1569
United States,Q30,http://www.wikidata.org/entity/Q116740394,"Escalante Solar III, LLC",Solar power station,38.497778,-112.9869
United States,Q30,http://www.wikidata.org/entity/Q116740338,"Granite Mountain Solar East, LLC",Solar power station,37.77509,-113.2264
United States,Q30,http://www.wikidata.org/entity/Q116725465,Sierra Pacific Chinese Camp,Solar power station,37.883393,-120.4544
United States,Q30,http://www.wikidata.org/entity/Q8000678,Wild Horse Wind and Solar Facility,Solar power station,47.0185,-120.216
United States,Q30,http://www.wikidata.org/entity/Q116725462,Truman Solar,Solar power station,38.956,-92.243
United States,Q30,http://www.wikidata.org/entity/Q124464492,Sulphur Springs Solar,Solar power station,32.0664,-109.9213
United States,Q30,http://www.wikidata.org/entity/Q124464143,Kayenta Solar Project,Solar power station,36.7893,-110.2383
United States,Q30,http://www.wikidata.org/entity/Q116725471,MO33 CSG,Solar power station,39.187812,-77.11986
United States,Q30,http://www.wikidata.org/entity/Q116740341,"Mesquite Solar 2, LLC",Solar power station,33.332777,-112.9114
United States,Q30,http://www.wikidata.org/entity/Q116734285,Star Solar,Solar power station,36.08,-78.82389
United States,Q30,http://www.wikidata.org/entity/Q116740346,Techren Solar I LLC,Solar power station,35.851336,-114.9744
United States,Q30,http://www.wikidata.org/entity/Q116740348,Techren Solar II LLC,Solar power station,35.867258,-114.9564
United States,Q30,http://www.wikidata.org/entity/Q116740393,"Escalante Solar I, LLC",Solar power station,38.524167,-113.0339
United States,Q30,http://www.wikidata.org/entity/Q116740400,Springbok 3 Solar Farm Hybrid,Solar power station,35.171153,-118.0017
United States,Q30,http://www.wikidata.org/entity/Q116740335,"Escalante Solar II, LLC",Solar power station,38.500833,-113.03
United States,Q30,http://www.wikidata.org/entity/Q116725464,Garden 2 Solar Park,Solar power station,45.797967,-86.53443
United States,Q30,http://www.wikidata.org/entity/Q116740381,Solar Star 1,Solar power station,34.8181,-118.4036
United States,Q30,http://www.wikidata.org/entity/Q116725455,Wedge,Solar power station,35.416191,-77.9192
United States,Q30,http://www.wikidata.org/entity/Q116725470,MO32 (CSG),Solar power station,39.119391,-76.95976
United States,Q30,http://www.wikidata.org/entity/Q124472447,McFarland Solar,Solar power station,32.9378,-113.4652
United States,Q30,http://www.wikidata.org/entity/Q116740395,Springbok Solar Farm 1,Solar power station,35.249167,-117.9553
United States,Q30,http://www.wikidata.org/entity/Q116740378,"Desert Sunlight 300, LLC",Solar power station,33.823056,-115.3939
United States,Q30,http://www.wikidata.org/entity/Q116734322,Kelford,Solar power station,36.148056,-77.21194
United States,Q30,http://www.wikidata.org/entity/Q116740349,Techren Solar III LLC,Solar power station,35.844106,-114.9713
United States,Q30,http://www.wikidata.org/entity/Q116740354,Techren Solar V,Solar power station,35.899694,-114.9263
United States,Q30,http://www.wikidata.org/entity/Q116740350,Techren Solar IV LLC,Solar power station,35.892658,-114.9365
United States,Q30,http://www.wikidata.org/entity/Q116725469,Gilcrest Sun CSG,Solar power station,40.293752,-104.8062
United States,Q30,http://www.wikidata.org/entity/Q116734323,Wilkinson DeFore,Solar power station,32.8813,-83.3029
United States,Q30,http://www.wikidata.org/entity/Q6980457,Natural Bridges National Monument Solar Power System,Solar power station,37.6079,-109.977
United States,Q30,http://www.wikidata.org/entity/Q116740337,"Iron Springs Solar, LLC",Solar power station,37.7212,-113.1516
United States,Q30,http://www.wikidata.org/entity/Q116740396,Springbok Solar Farm 2,Solar power station,35.250031,-117.9768
United States,Q30,http://www.wikidata.org/entity/Q124464314,Bonnybrooke Solar,Solar power station,33.0543,-111.341
United States,Q30,http://www.wikidata.org/entity/Q116725457,Amazon TUS2,Solar power station,32.129416,-110.8389
United States,Q30,http://www.wikidata.org/entity/Q116740370,Mesquite Solar 1,Solar power station,33.341833,-112.904
United States,Q30,http://www.wikidata.org/entity/Q124464354,Red Rock Solar Plant,Solar power station,32.5541,-111.2829
United States,Q30,http://www.wikidata.org/entity/Q116740398,"Granite Mountain Solar West, LLC",Solar power station,37.7989,-113.322
United States,Q30,http://www.wikidata.org/entity/Q124472362,Badger 1 Solar,Solar power station,33.4976,-112.8132
United States,Q30,http://www.wikidata.org/entity/Q116740383,"Desert Sunlight 250, LLC",Solar power station,33.8055,-115.3947
United States,Q30,http://www.wikidata.org/entity/Q116725458,Briarwood,Solar power station,34.08475,-82.10133
United States,Q30,http://www.wikidata.org/entity/Q116725468,"CEC, LLC Westtown B",Solar power station,41.345272,-74.56133
United States,Q30,http://www.wikidata.org/entity/Q28669136,Coalinga Solar Power Plant,Solar power station,36.1764392,-120.3861826
United States,Q30,http://www.wikidata.org/entity/Q116734289,DG Iron Mountain,Solar power station,40.52132,-74.34739
United States,Q30,http://www.wikidata.org/entity/Q116734291,Grove,Solar power station,27.580883,-80.65271
United States,Q30,http://www.wikidata.org/entity/Q124464449,Copper Crossing Solar Ranch,Solar power station,33.15901,-111.48191
United States,Q30,http://www.wikidata.org/entity/Q116725452,Monmouth,Solar power station,44.192188,-70.02169
United States,Q30,http://www.wikidata.org/entity/Q124472108,Paloma Solar Hybrid,Solar power station,33.0209,-112.6616
United States,Q30,http://www.wikidata.org/entity/Q122932326,Morris Ridge Solar project,Solar power station,42.65999,-77.88913
United States,Q30,http://www.wikidata.org/entity/Q116725467,RT32 Westerlo Solar 1,Solar power station,42.44623,-74.01607
United States,Q30,http://www.wikidata.org/entity/Q116740339,"CA Flats Solar 130, LLC",Solar power station,35.615573,-120.4044
United States,Q30,http://www.wikidata.org/entity/Q116740399,"CA Flats Solar 150, LLC",Solar power station,35.615573,-120.4044
United States,Q30,http://www.wikidata.org/entity/Q38251293,Imperial Solar Energy Center West,Solar power station,32.775,-115.785
United States,Q30,http://www.wikidata.org/entity/Q61772517,San Isabel Solar Energy Center,Solar power station,37.3675,-104.467778
United States,Q30,http://www.wikidata.org/entity/Q65074038,Greater Sandhill Solar Plant,Solar power station,37.685556,-105.890833
United States,Q30,http://www.wikidata.org/entity/Q4930886,Blythe Photovoltaic Power Plant,Solar power station,33.59,-114.74
United States,Q30,http://www.wikidata.org/entity/Q24966469,Boardman Hill Solar Farm,Solar power station,43.583941,-73.021632
United States,Q30,http://www.wikidata.org/entity/Q16900329,Somers Solar Center,Solar power station,41.9568381,-72.4528959
United States,Q30,http://www.wikidata.org/entity/Q6895013,Mojave Solar Project,Solar power station,35.0111,-117.325
United States,Q30,http://www.wikidata.org/entity/Q5241647,Davidson County Solar Farm,Solar power station,35.7514,-80.2905
United States,Q30,http://www.wikidata.org/entity/Q16934775,Imperial Solar Energy Center South,Solar power station,32.78333333,-115.7
United States,Q30,http://www.wikidata.org/entity/Q14683300,McCoy Solar Energy Project,Solar power station,33.7167,-114.75
United States,Q30,http://www.wikidata.org/entity/Q5120102,Cimarron Solar Facility,Solar power station,36.4667,-104.633
United States,Q30,http://www.wikidata.org/entity/Q3532062,Topaz Solar Farm,Solar power station,35.3833,-120.067
United States,Q30,http://www.wikidata.org/entity/Q116712301,SEGS IX,Solar power station,35.033,-117.338
United States,Q30,http://www.wikidata.org/entity/Q60770963,Crafton Hills College Solar Farm,Solar power station,34.043055555,-117.098888888
United States,Q30,http://www.wikidata.org/entity/Q16911917,Campo Verde Solar Project,Solar power station,32.75,-115.7166667
United States,Q30,http://www.wikidata.org/entity/Q7572303,Space Coast Next Generation Solar Energy Center,Solar power station,28.4853,-80.6814
United States,Q30,http://www.wikidata.org/entity/Q8039453,Wyandot Solar Facility,Solar power station,40.8803,-83.3158
United States,Q30,http://www.wikidata.org/entity/Q27643254,Sandstone Solar Energy Project,Solar power station,37.9,-116.7
United States,Q30,http://www.wikidata.org/entity/Q7989027,Westlands Solar Park,Solar power station,36.1667,-119.933
United States,Q30,http://www.wikidata.org/entity/Q6006932,Imperial Valley Solar Project,Solar power station,32.7761,-115.881
United States,Q30,http://www.wikidata.org/entity/Q7808531,Tinton Falls Solar Farm,Solar power station,40.2485,-74.1011
United States,Q30,http://www.wikidata.org/entity/Q1078408,Solar Energy Generating Systems,Solar power station,34.86305556,-116.82694444
United States,Q30,http://www.wikidata.org/entity/Q7414775,San Luis Valley Solar Ranch,Solar power station,37.6917,-105.917
United States,Q30,http://www.wikidata.org/entity/Q18787650,Frenchtown Solar,Solar power station,40.522,-75.012
United States,Q30,http://www.wikidata.org/entity/Q65121485,Roserock Solar,Solar power station,30.960278,-103.306667
United States,Q30,http://www.wikidata.org/entity/Q5351197,El Dorado Solar Power Plant,Solar power station,35.7853,-114.997
United States,Q30,http://www.wikidata.org/entity/Q65083179,Fort Churchill Solar Array,Solar power station,39.128056,-119.14
United States,Q30,http://www.wikidata.org/entity/Q116740332,Ivanpah 2,Solar power station,35.556111,-115.4686
United States,Q30,http://www.wikidata.org/entity/Q4930024,Blue Wing Solar Project,Solar power station,29.3069,-98.4042
United States,Q30,http://www.wikidata.org/entity/Q22078087,Mountain View Solar Energy Project,Solar power station,36.2,-115.11666667
United States,Q30,http://www.wikidata.org/entity/Q14705987,Hatch Solar Energy Center,Solar power station,32.6261,-107.259
United States,Q30,http://www.wikidata.org/entity/Q19612918,Solar Star,Solar power station,34.8211056,-118.4058465
United States,Q30,http://www.wikidata.org/entity/Q59305398,Baldock Solar Power Station,Solar power station,45.269722222,-122.771944444
United States,Q30,http://www.wikidata.org/entity/Q5046472,Carrizo Energy Solar Farm,Solar power station,,
United States,Q30,http://www.wikidata.org/entity/Q5168756,Copper Mountain Solar Facility,Solar power station,35.7833,-114.992
United States,Q30,http://www.wikidata.org/entity/Q65091780,Questa Solar Facility,Solar power station,36.716944,-105.609444
United States,Q30,http://www.wikidata.org/entity/Q7193891,Pilesgrove Solar Farm,Solar power station,39.6138,-75.3087
United States,Q30,http://www.wikidata.org/entity/Q18395409,Arlington Valley Solar Energy II,Solar power station,33.305,-112.833888
United States,Q30,http://www.wikidata.org/entity/Q7335278,Rio Mesa Solar Electric Generating Facility,Solar power station,33.4583,-114.775
United States,Q30,http://www.wikidata.org/entity/Q7555685,Solana Generating Station,Solar power station,32.9167,-112.967
United States,Q30,http://www.wikidata.org/entity/Q5019877,Calico Solar Energy Project,Solar power station,34.7833,-116.367
United States,Q30,http://www.wikidata.org/entity/Q60768967,Newberry Springs CPV Power Plant,Solar power station,34.853611,-116.683056
United States,Q30,http://www.wikidata.org/entity/Q65074422,Bison Solar Plant,Solar power station,40.860556,-105.010556
United States,Q30,http://www.wikidata.org/entity/Q17026828,RV Apex Solar,Solar power station,36.393,-114.965
United States,Q30,http://www.wikidata.org/entity/Q65091702,University of Arizona CPV Array,Solar power station,32.108056,-110.824722
United States,Q30,http://www.wikidata.org/entity/Q5060157,Centinela Solar Energy Project,Solar power station,32.6819,-115.661
United States,Q30,http://www.wikidata.org/entity/Q6672729,Long Island Solar Farm,Solar power station,40.8667,-72.85
United States,Q30,http://www.wikidata.org/entity/Q65119076,Moapa Southern Paiute Solar Project,Solar power station,36.53,-114.770278
United States,Q30,http://www.wikidata.org/entity/Q3964193,The Solar Project,Solar power station,34.8719,-116.834
United States,Q30,http://www.wikidata.org/entity/Q7516402,Silver State North Solar Project,Solar power station,35.6167,-115.333
United States,Q30,http://www.wikidata.org/entity/Q14682002,Genesis Solar Energy Project,Solar power station,33.66666667,-114.98333333
United States,Q30,http://www.wikidata.org/entity/Q65079901,Desert Green Solar Farm,Solar power station,33.265556,-116.328056
United States,Q30,http://www.wikidata.org/entity/Q4905098,Big Bend Power Station,Solar power station,27.79583333,-82.40361111
United States,Q30,http://www.wikidata.org/entity/Q132450091,Nipton Solar Plant,Solar power station,,
United States,Q30,http://www.wikidata.org/entity/Q59306816,Oregon Solar Highway Demonstration Project,Solar power station,45.369722222,-122.755277777
United States,Q30,http://www.wikidata.org/entity/Q4829384,Avra Valley Solar,Solar power station,32.3667,-111.283
United States,Q30,http://www.wikidata.org/entity/Q2944637,Kimberlina Solar Thermal Energy Plant,Solar power station,35.5683,-119.202
United States,Q30,http://www.wikidata.org/entity/Q127424556,Mammoth Solar,Solar power station,40.995833333,-86.821944444
United States,Q30,http://www.wikidata.org/entity/Q4828036,Avenal Solar Facility,Solar power station,35.9833,-120.1
United States,Q30,http://www.wikidata.org/entity/Q65082456,Three Cedars Solar Project,Solar power station,37.721111111,-113.151666666
United States,Q30,http://www.wikidata.org/entity/Q65122031,Comanche Solar Project,Solar power station,38.205278,-104.566667
United States,Q30,http://www.wikidata.org/entity/Q7617318,Stillwater site,Solar power station,39.544,-118.561
United States,Q30,http://www.wikidata.org/entity/Q65120398,Redwood Solar Cluster,Solar power station,35.3229,-118.8124
United States,Q30,http://www.wikidata.org/entity/Q62060607,Seven Sisters Solar Project,Solar power station,37.72111111,-113.15166667
United States,Q30,http://www.wikidata.org/entity/Q7323046,Rice Solar Energy Project,Solar power station,34.0667,-114.8
United States,Q30,http://www.wikidata.org/entity/Q27588901,Stateline Solar,Solar power station,35.58,-115.41
United States,Q30,http://www.wikidata.org/entity/Q38251341,Beacon Solar Project,Solar power station,35.257,-118.013
United States,Q30,http://www.wikidata.org/entity/Q65119195,Escalante Solar Project,Solar power station,38.500833,-113.03
United States,Q30,http://www.wikidata.org/entity/Q22078131,Springbok Solar Farm,Solar power station,35.35,-118.0
United States,Q30,http://www.wikidata.org/entity/Q5244111,DeSoto Next Generation Solar Energy Center,Solar power station,27.3167,-81.8
United States,Q30,http://www.wikidata.org/entity/Q65121749,Hooper Solar PV Power Plant,Solar power station,37.692222,-105.981667
United States,Q30,http://www.wikidata.org/entity/Q195467,Catalina Solar Project,Solar power station,34.9325,-118.336
United States,Q30,http://www.wikidata.org/entity/Q5878538,Holaniku at Keahole Point,Solar power station,19.715,-156.035
United States,Q30,http://www.wikidata.org/entity/Q7131446,Panoche Valley Solar Farm,Solar power station,36.62,-120.87
United States,Q30,http://www.wikidata.org/entity/Q5264032,Desert Sunlight Solar Farm,Solar power station,33.8258,-115.402
United States,Q30,http://www.wikidata.org/entity/Q2298499,Agua Caliente Solar Project,Solar power station,32.96666667,-113.5
United States,Q30,http://www.wikidata.org/entity/Q5021164,California Valley Solar Ranch,Solar power station,35.33,-119.91
United States,Q30,http://www.wikidata.org/entity/Q116740333,Ivanpah 1,Solar power station,35.533056,-115.4525
United States,Q30,http://www.wikidata.org/entity/Q4705999,Alamosa photovoltaic power plant,Solar power station,37.688,-105.879
United States,Q30,http://www.wikidata.org/entity/Q65082032,Enterprise Solar Farm,Solar power station,37.641111,-113.6125
United States,Q30,http://www.wikidata.org/entity/Q4705998,Alamosa Solar Generating Plant,Solar power station,37.5983,-105.952
United States,Q30,http://www.wikidata.org/entity/Q7978704,Webberville Solar Farm,Solar power station,30.25,-97.5167
United States,Q30,http://www.wikidata.org/entity/Q19877650,California Flats Solar Project,Solar power station,35.8833,-120.4
United States,Q30,http://www.wikidata.org/entity/Q7562243,Sonoran Solar Energy,Solar power station,33.2434,-112.5425
United States,Q30,http://www.wikidata.org/entity/Q3305184,Nellis Solar Power Plant,Solar power station,36.2583,-115.053
United States,Q30,http://www.wikidata.org/entity/Q18396031,Mount Signal Solar,Solar power station,32.6733,-115.64
United States,Q30,http://www.wikidata.org/entity/Q4972868,Brockton Brightfield,Solar power station,42.075,-71.0133
United States,Q30,http://www.wikidata.org/entity/Q14680574,Mesquite Solar project,Solar power station,33.3333,-112.917
United States,Q30,http://www.wikidata.org/entity/Q65091612,Eubank Landfill Solar Array,Solar power station,35.049167,-106.53
United States,Q30,http://www.wikidata.org/entity/Q116740356,Ivanpah 3,Solar power station,35.580833,-115.4825
United States,Q30,http://www.wikidata.org/entity/Q5184359,Crescent Dunes Solar Energy Project,Solar power station,38.2333,-117.367
United States,Q30,http://www.wikidata.org/entity/Q4771208,Antelope Valley Solar Ranch,Solar power station,34.775,-118.425
United States,Q30,http://www.wikidata.org/entity/Q7179819,East Blackland Solar Project,Solar power station,30.4344,-97.4589
United States,Q30,http://www.wikidata.org/entity/Q60770309,Victor Valley College Solar Farm,Solar power station,34.48027778,-117.25805556
United States,Q30,http://www.wikidata.org/entity/Q7516404,Silver State South Solar Project,Solar power station,35.6333,-115.35
United States,Q30,http://www.wikidata.org/entity/Q65082162,Red Hills Renewable Energy Park,Solar power station,37.882778,-112.904167
United States,Q30,http://www.wikidata.org/entity/Q1445260,Ivanpah Solar Power Facility,Solar power station,35.57,-115.47
United States,Q30,http://www.wikidata.org/entity/Q65091886,Eagle Shadow Mountain Solar Farm,Solar power station,36.555833,-114.751944
United States,Q30,http://www.wikidata.org/entity/Q15277724,Sierra SunTower,Solar power station,34.73055556,-118.13861111
Czech Republic,Q213,http://www.wikidata.org/entity/Q12016810,Q12016810,Solar power station,49.1475,16.6908
Czech Republic,Q213,http://www.wikidata.org/entity/Q110598046,Q110598046,Solar power station,50.2564517,15.5513283
Czech Republic,Q213,http://www.wikidata.org/entity/Q12016817,Q12016817,Solar power station,,
Czech Republic,Q213,http://www.wikidata.org/entity/Q14806064,Q14806064,Solar power station,,
Czech Republic,Q213,http://www.wikidata.org/entity/Q15123998,Q15123998,Solar power station,,
Czech Republic,Q213,http://www.wikidata.org/entity/Q7288353,Ralsko Solar Park,Solar power station,50.599331666,14.891675
Czech Republic,Q213,http://www.wikidata.org/entity/Q12016812,Q12016812,Solar power station,50.2358,14.9225
Czech Republic,Q213,http://www.wikidata.org/entity/Q127425678,Q127425678,Solar power station,50.5359353,14.54035
Czech Republic,Q213,http://www.wikidata.org/entity/Q134173270,Q134173270,Solar power station,50.1698878,13.7329594
Czech Republic,Q213,http://www.wikidata.org/entity/Q107063164,Q107063164,Solar power station,50.04774,15.8230833
Czech Republic,Q213,http://www.wikidata.org/entity/Q14192949,Q14192949,Solar power station,49.7288785,13.4796313
Czech Republic,Q213,http://www.wikidata.org/entity/Q12016814,Q12016814,Solar power station,49.2748,16.2709
Czech Republic,Q213,http://www.wikidata.org/entity/Q109674763,FVE Vojkovice,Solar power station,50.28479,14.3694486
Czech Republic,Q213,http://www.wikidata.org/entity/Q116949664,Q116949664,Solar power station,50.1631322,15.6586833
Czech Republic,Q213,http://www.wikidata.org/entity/Q13433910,Q13433910,Solar power station,49.5101058,16.6372089
Czech Republic,Q213,http://www.wikidata.org/entity/Q12016811,Solar power station Dukovany,Solar power station,49.0885,16.1436
Czech Republic,Q213,http://www.wikidata.org/entity/Q8082768,Ševětín Solar Park,Solar power station,49.1211,14.5823
Czech Republic,Q213,http://www.wikidata.org/entity/Q12016818,Q12016818,Solar power station,48.9394,15.9203
Czech Republic,Q213,http://www.wikidata.org/entity/Q12016813,Q12016813,Solar power station,48.8436,16.4119
Czech Republic,Q213,http://www.wikidata.org/entity/Q7095625,Opatov Photovoltaics Plant,Solar power station,49.8419197,16.4901353
Czech Republic,Q213,http://www.wikidata.org/entity/Q123593390,Q123593390,Solar power station,50.3556336,16.1310028
Czech Republic,Q213,http://www.wikidata.org/entity/Q19941665,Skalická sluneční elektrárna,Solar power station,50.7427764,14.5231425
Czech Republic,Q213,http://www.wikidata.org/entity/Q13433913,Q13433913,Solar power station,49.705528611,13.293404166
Czech Republic,Q213,http://www.wikidata.org/entity/Q123503368,FVE Moldava,Solar power station,50.71828,13.67406
Czech Republic,Q213,http://www.wikidata.org/entity/Q7920715,Vepřek Solar Park,Solar power station,50.315,14.3214
Czech Republic,Q213,http://www.wikidata.org/entity/Q110598034,Q110598034,Solar power station,50.2486986,15.5838578
Czech Republic,Q213,http://www.wikidata.org/entity/Q12016816,Q12016816,Solar power station,49.75,12.9769
Czech Republic,Q213,http://www.wikidata.org/entity/Q11452610,FVE Mimoň Ra 3,Solar power station,50.6425,14.7286
Russia,Q159,http://www.wikidata.org/entity/Q48947193,Q48947193,Solar power station,51.947777777,58.176388888
Russia,Q159,http://www.wikidata.org/entity/Q4395941,Q4395941,Solar power station,45.038111,33.931188
Russia,Q159,http://www.wikidata.org/entity/Q26923192,Q26923192,Solar power station,,
Russia,Q159,http://www.wikidata.org/entity/Q27020483,Q27020483,Solar power station,,
Russia,Q159,http://www.wikidata.org/entity/Q28666784,Q28666784,Solar power station,,
Russia,Q159,http://www.wikidata.org/entity/Q16680871,Q16680871,Solar power station,44.969412,33.754849
Russia,Q159,http://www.wikidata.org/entity/Q19618451,Kosh-Agachsky Solar Power Plant,Solar power station,50.020833333,88.695277777
Russia,Q159,http://www.wikidata.org/entity/Q4340484,Okhotnykovo Solar Park,Solar power station,45.2869,33.5978
Russia,Q159,http://www.wikidata.org/entity/Q124344691,Ust-Koksa Solar Power Plant,Solar power station,50.422805555,85.15425
Russia,Q159,http://www.wikidata.org/entity/Q55664011,Q55664011,Solar power station,,
Russia,Q159,http://www.wikidata.org/entity/Q86676954,Q86676954,Solar power station,,
Russia,Q159,http://www.wikidata.org/entity/Q4297014,Q4297014,Solar power station,45.236807,33.675606
Russia,Q159,http://www.wikidata.org/entity/Q86665958,Q86665958,Solar power station,53.0894,57.405
South Africa,Q258,http://www.wikidata.org/entity/Q124040234,Kenhardt Solar Power Complex Station,Solar power station,-29.319166666,21.159166666
South Africa,Q258,http://www.wikidata.org/entity/Q115517831,Bolobedu Solar Power Station,Solar power station,-23.616111111,30.342222222
South Africa,Q258,http://www.wikidata.org/entity/Q113144508,De Wildt Solar Power Station,Solar power station,-25.6377674,27.9317226
South Africa,Q258,http://www.wikidata.org/entity/Q105561865,Zeerust Solar Power Station,Solar power station,-25.571111111,26.072222222
South Africa,Q258,http://www.wikidata.org/entity/Q114257983,De Aar 1 Solar Power Station,Solar power station,-30.596111111,24.093333333
South Africa,Q258,http://www.wikidata.org/entity/Q20981675,Lesedi Solar Park,Solar power station,-28.313,23.3625
South Africa,Q258,http://www.wikidata.org/entity/Q20981890,Redstone Solar Thermal Power,Solar power station,-28.298,23.365
South Africa,Q258,http://www.wikidata.org/entity/Q60764491,Touwsrivier CPV Solar Project,Solar power station,-33.41055556,19.92638889
South Africa,Q258,http://www.wikidata.org/entity/Q129744507,Grootspruit Solar Power Station,Solar power station,-27.987222222,27.083611111
South Africa,Q258,http://www.wikidata.org/entity/Q112428684,Dyason's Klip 1 Solar Power Station,Solar power station,-28.570833333,21.064444444
South Africa,Q258,http://www.wikidata.org/entity/Q113168919,Sirius 1 Solar Power Station,Solar power station,-28.545833333,21.104444444
South Africa,Q258,http://www.wikidata.org/entity/Q108913642,Exxaro Solar Power Station,Solar power station,-23.683888888,27.573055555
South Africa,Q258,http://www.wikidata.org/entity/Q112039684,Xina Solar One Power Station,Solar power station,-28.889166666,19.589722222
South Africa,Q258,http://www.wikidata.org/entity/Q15231917,KaXu Solar One,Solar power station,-28.90166667,19.62083333
South Africa,Q258,http://www.wikidata.org/entity/Q115805475,Sedibeng Solar Power Station,Solar power station,-26.43,28.063333333
South Africa,Q258,http://www.wikidata.org/entity/Q15237479,Khi Solar One,Solar power station,-28.53722222,21.0775
South Africa,Q258,http://www.wikidata.org/entity/Q108366002,Boikanyo Solar Power Station,Solar power station,-29.3835894,23.3136539
South Africa,Q258,http://www.wikidata.org/entity/Q113023368,Prieska–Total Solar Power Station,Solar power station,-30.034722222,22.314722222
South Africa,Q258,http://www.wikidata.org/entity/Q48815929,Kathu Solar Park,Solar power station,-27.6135,23.0426
South Africa,Q258,http://www.wikidata.org/entity/Q109171230,Mogalakwena Solar Power Station,Solar power station,-23.975555555,28.94
South Africa,Q258,http://www.wikidata.org/entity/Q112136644,Karoshoek Solar Power Station,Solar power station,-28.480555555,21.545833333
South Africa,Q258,http://www.wikidata.org/entity/Q130327140,South Deep Solar Plant,Solar power station,-26.411709,27.6541367
South Africa,Q258,http://www.wikidata.org/entity/Q28223120,De Aar Solar Power,Solar power station,-30.625,24.02944444
South Africa,Q258,http://www.wikidata.org/entity/Q27914625,Mulilo Sonnedix Prieska Solar farm,Solar power station,-30.0216736,22.3621076
South Africa,Q258,http://www.wikidata.org/entity/Q125966087,Doornhoek Solar Power Station,Solar power station,-26.895,26.691666666
South Africa,Q258,http://www.wikidata.org/entity/Q17058793,Jasper Solar Energy Project,Solar power station,-28.309,23.38
South Africa,Q258,http://www.wikidata.org/entity/Q20981391,Bokpoort CSP,Solar power station,-28.73775,21.997193
South Africa,Q258,http://www.wikidata.org/entity/Q19597710,Letsatsi Solar Park,Solar power station,-28.9204413,25.9209939
Germany,Q183,http://www.wikidata.org/entity/Q131320549,Q131320549,Solar power station,51.12909,12.623792
Germany,Q183,http://www.wikidata.org/entity/Q130719413,Q130719413,Solar power station,49.802568,6.870361
Germany,Q183,http://www.wikidata.org/entity/Q131451900,Q131451900,Solar power station,51.180562,12.366015
Germany,Q183,http://www.wikidata.org/entity/Q131326511,Q131326511,Solar power station,51.14855,12.61782
Germany,Q183,http://www.wikidata.org/entity/Q131781290,Q131781290,Solar power station,51.273136,12.705607
Germany,Q183,http://www.wikidata.org/entity/Q131712041,Q131712041,Solar power station,51.23924,12.42253
Germany,Q183,http://www.wikidata.org/entity/Q131752859,Q131752859,Solar power station,51.220421,12.603001
Germany,Q183,http://www.wikidata.org/entity/Q131746857,Q131746857,Solar power station,51.29059,12.21018
Germany,Q183,http://www.wikidata.org/entity/Q131746530,Q131746530,Solar power station,51.314812,12.215199
Germany,Q183,http://www.wikidata.org/entity/Q131723543,Q131723543,Solar power station,51.38244,12.78116
Germany,Q183,http://www.wikidata.org/entity/Q131746740,Q131746740,Solar power station,51.315349,12.222896
Germany,Q183,http://www.wikidata.org/entity/Q131285701,Solarpark A72 Borna,Solar power station,51.12808,12.47281
Germany,Q183,http://www.wikidata.org/entity/Q131465275,Q131465275,Solar power station,51.3548,12.547572
Germany,Q183,http://www.wikidata.org/entity/Q131302985,Q131302985,Solar power station,51.132777,12.515896
Germany,Q183,http://www.wikidata.org/entity/Q131722969,Q131722969,Solar power station,51.38232,12.77834
Germany,Q183,http://www.wikidata.org/entity/Q131722843,Q131722843,Solar power station,51.382279,12.774201
Germany,Q183,http://www.wikidata.org/entity/Q130744790,Q130744790,Solar power station,49.853099,6.776773
Germany,Q183,http://www.wikidata.org/entity/Q125446830,Q125446830,Solar power station,49.41431765,9.423261821
Germany,Q183,http://www.wikidata.org/entity/Q125750124,Q125750124,Solar power station,52.5774,13.9479
Germany,Q183,http://www.wikidata.org/entity/Q131694267,Q131694267,Solar power station,51.16622,12.32264
Germany,Q183,http://www.wikidata.org/entity/Q131722737,Q131722737,Solar power station,49.575442402,9.472801234
Germany,Q183,http://www.wikidata.org/entity/Q131299463,Q131299463,Solar power station,51.135346,12.456702
Germany,Q183,http://www.wikidata.org/entity/Q131723512,Q131723512,Solar power station,51.381417,12.774707
Germany,Q183,http://www.wikidata.org/entity/Q131324859,Q131324859,Solar power station,51.087456,12.479135
Germany,Q183,http://www.wikidata.org/entity/Q131752633,Q131752633,Solar power station,51.304989,12.560969
Germany,Q183,http://www.wikidata.org/entity/Q131763227,Q131763227,Solar power station,51.245873,12.220608
Germany,Q183,http://www.wikidata.org/entity/Q130719412,Q130719412,Solar power station,49.829372,6.631527
Germany,Q183,http://www.wikidata.org/entity/Q131684474,Q131684474,Solar power station,51.28646,12.73642
Germany,Q183,http://www.wikidata.org/entity/Q131752394,Q131752394,Solar power station,51.288991,12.591019
Germany,Q183,http://www.wikidata.org/entity/Q131470366,Q131470366,Solar power station,51.349217,12.517895
Germany,Q183,http://www.wikidata.org/entity/Q131426044,Q131426044,Solar power station,51.20915,12.37864
Germany,Q183,http://www.wikidata.org/entity/Q131684088,Q131684088,Solar power station,51.15176,12.78415
Germany,Q183,http://www.wikidata.org/entity/Q131694277,Q131694277,Solar power station,51.163348,12.327725
Germany,Q183,http://www.wikidata.org/entity/Q131694539,Q131694539,Solar power station,51.237104,12.423118
Germany,Q183,http://www.wikidata.org/entity/Q131747044,Q131747044,Solar power station,51.24803,12.21866
Germany,Q183,http://www.wikidata.org/entity/Q118288592,Q118288592,Solar power station,51.547778,13.228056
Germany,Q183,http://www.wikidata.org/entity/Q131682343,Q131682343,Solar power station,51.20069,12.69599
Germany,Q183,http://www.wikidata.org/entity/Q131683843,Q131683843,Solar power station,51.17053,12.76178
Germany,Q183,http://www.wikidata.org/entity/Q131504405,Q131504405,Solar power station,51.212205,12.70825
Germany,Q183,http://www.wikidata.org/entity/Q131683141,Q131683141,Solar power station,51.17987,12.76337
Germany,Q183,http://www.wikidata.org/entity/Q131722890,Q131722890,Solar power station,51.38747,12.77752
Germany,Q183,http://www.wikidata.org/entity/Q131682834,Q131682834,Solar power station,51.17834,12.76239
Germany,Q183,http://www.wikidata.org/entity/Q131763760,Q131763760,Solar power station,51.188458,12.485676
Germany,Q183,http://www.wikidata.org/entity/Q131763867,Q131763867,Solar power station,51.178469,12.487229
Germany,Q183,http://www.wikidata.org/entity/Q131764182,Q131764182,Solar power station,51.277654,12.704628
Germany,Q183,http://www.wikidata.org/entity/Q131463894,Q131463894,Solar power station,51.354997,12.544754
Germany,Q183,http://www.wikidata.org/entity/Q131631451,Q131631451,Solar power station,49.5491034,9.4850574
Germany,Q183,http://www.wikidata.org/entity/Q131723398,Q131723398,Solar power station,51.38429,12.78178
Germany,Q183,http://www.wikidata.org/entity/Q123936527,Q123936527,Solar power station,49.394510031,9.122455635
Germany,Q183,http://www.wikidata.org/entity/Q125626228,Q125626228,Solar power station,,
Germany,Q183,http://www.wikidata.org/entity/Q125566630,Q125566630,Solar power station,49.611915954,9.532178702
Germany,Q183,http://www.wikidata.org/entity/Q131746604,Q131746604,Solar power station,51.314981,12.219863
Germany,Q183,http://www.wikidata.org/entity/Q130637987,Q130637987,Solar power station,,
Germany,Q183,http://www.wikidata.org/entity/Q131340180,Q131340180,Solar power station,51.10342,12.48722
Germany,Q183,http://www.wikidata.org/entity/Q131763667,Q131763667,Solar power station,51.089146,12.419322
Germany,Q183,http://www.wikidata.org/entity/Q120186968,Q120186968,Solar power station,49.482143317,9.447157052
Germany,Q183,http://www.wikidata.org/entity/Q376091,Bavaria Solarpark,Solar power station,49.1667,11.4333
Germany,Q183,http://www.wikidata.org/entity/Q66970809,Solarpark Heckfeld,Solar power station,49.561442,9.619057
Germany,Q183,http://www.wikidata.org/entity/Q2298479,Q2298479,Solar power station,51.1965,12.4787
Germany,Q183,http://www.wikidata.org/entity/Q131828559,Q131828559,Solar power station,51.362589,12.796862
Germany,Q183,http://www.wikidata.org/entity/Q5530215,Geiseltalsee Solarpark,Solar power station,51.28874,11.86844
Germany,Q183,http://www.wikidata.org/entity/Q69035222,Q69035222,Solar power station,49.459831,9.366501
Germany,Q183,http://www.wikidata.org/entity/Q7370407,Rothenburg Solar Park,Solar power station,51.3583,14.9528
Germany,Q183,http://www.wikidata.org/entity/Q7206465,Pocking Solar Park,Solar power station,48.36777778,13.29861111
Germany,Q183,http://www.wikidata.org/entity/Q68890465,Q68890465,Solar power station,49.711351,9.4654
Germany,Q183,http://www.wikidata.org/entity/Q111019562,Gottesgabe solar park,Solar power station,52.6413,14.1923
Germany,Q183,http://www.wikidata.org/entity/Q113237931,Agri-Photovoltaic system Heggelbach,Solar power station,47.8538,9.1368
Germany,Q183,http://www.wikidata.org/entity/Q112322987,Energiepark Witznitz,Solar power station,51.157242,12.418857
Germany,Q183,http://www.wikidata.org/entity/Q45442,Finsterwalde Solar Park,Solar power station,51.5686,13.7375
Germany,Q183,http://www.wikidata.org/entity/Q66970613,Q66970613,Solar power station,49.573417,9.640343
Germany,Q183,http://www.wikidata.org/entity/Q131781653,Q131781653,Solar power station,51.36093,12.758712
Germany,Q183,http://www.wikidata.org/entity/Q108687766,Q108687766,Solar power station,49.4259715,9.3159041
Germany,Q183,http://www.wikidata.org/entity/Q59315595,Untermöckenlohe Solar Park,Solar power station,48.815555555,11.232222222
Germany,Q183,http://www.wikidata.org/entity/Q131828941,Q131828941,Solar power station,51.111849,12.487225
Germany,Q183,http://www.wikidata.org/entity/Q7557074,Solarpark Heideblick,Solar power station,51.83333333,13.66666667
Germany,Q183,http://www.wikidata.org/entity/Q107343502,Photovoltaikanlage,Solar power station,49.38597,6.68794
Germany,Q183,http://www.wikidata.org/entity/Q66970890,Solarpark Oberlauda,Solar power station,49.571157,9.641791
Germany,Q183,http://www.wikidata.org/entity/Q69034970,Q69034970,Solar power station,49.566804,9.352692
Germany,Q183,http://www.wikidata.org/entity/Q15253029,Mengkofen Solar Park,Solar power station,48.7,12.38333333
Germany,Q183,http://www.wikidata.org/entity/Q130323484,Q130323484,Solar power station,48.515140324,9.075549244
Germany,Q183,http://www.wikidata.org/entity/Q7961375,Walddrehna Solar Park,Solar power station,51.7667,13.6
Germany,Q183,http://www.wikidata.org/entity/Q20850736,Q20850736,Solar power station,50.54940033,8.64169121
Germany,Q183,http://www.wikidata.org/entity/Q7557071,Solarpark Eiche,Solar power station,52.56666667,13.6
Germany,Q183,http://www.wikidata.org/entity/Q5511765,Fürstenwalde Solar Park,Solar power station,52.39277778,14.09583333
Germany,Q183,http://www.wikidata.org/entity/Q1406965,Solarpark Inden,Solar power station,50.8441,6.33774
Germany,Q183,http://www.wikidata.org/entity/Q131781584,Q131781584,Solar power station,51.382272,12.7254241
Germany,Q183,http://www.wikidata.org/entity/Q7370354,Rote Jahne Solar Park,Solar power station,51.508,12.6822
Germany,Q183,http://www.wikidata.org/entity/Q2916493,Waldpolenz Solar Park,Solar power station,51.3283,12.6561
Germany,Q183,http://www.wikidata.org/entity/Q132860453,Q132860453,Solar power station,49.4671952,9.38754
Germany,Q183,http://www.wikidata.org/entity/Q5347878,Eggebek Solar Park,Solar power station,54.62944444,9.34333333
Germany,Q183,http://www.wikidata.org/entity/Q7557076,Senftenberg/Schipkau solar park,Solar power station,51.545,13.98
Germany,Q183,http://www.wikidata.org/entity/Q882197,Erlasee Solar Park,Solar power station,50.0031,9.92056
Germany,Q183,http://www.wikidata.org/entity/Q69034842,Q69034842,Solar power station,49.6112,9.3503
Germany,Q183,http://www.wikidata.org/entity/Q113462802,Solarpark,Solar power station,50.908418236,13.374824523
Germany,Q183,http://www.wikidata.org/entity/Q7001775,Neuhardenberg Solar Park,Solar power station,52.61388889,14.2425
Germany,Q183,http://www.wikidata.org/entity/Q107486342,Q107486342,Solar power station,49.3944041,9.2072602
Germany,Q183,http://www.wikidata.org/entity/Q7450515,Senftenberg Solarpark,Solar power station,,
Germany,Q183,http://www.wikidata.org/entity/Q132837660,Adlershof photovoltaic power station,Solar power station,,
Germany,Q183,http://www.wikidata.org/entity/Q6454028,Köthen Solar Park,Solar power station,51.72583333,11.97388889
Germany,Q183,http://www.wikidata.org/entity/Q66484724,Solarpark Dittwar,Solar power station,49.5805,9.6512
Germany,Q183,http://www.wikidata.org/entity/Q7169134,Perleberg Solar Park,Solar power station,53.0725,11.825
Germany,Q183,http://www.wikidata.org/entity/Q2298497,Solarpark Spremberg,Solar power station,51.58,14.3978
Germany,Q183,http://www.wikidata.org/entity/Q5175566,Cottbus-Drewitz Solarpark,Solar power station,51.93333333,14.53333333
Germany,Q183,http://www.wikidata.org/entity/Q970633,Jülich Solar Tower,Solar power station,50.915,6.388
Germany,Q183,http://www.wikidata.org/entity/Q108586840,Alttrebbin solar park,Solar power station,52.6975,14.231
Germany,Q183,http://www.wikidata.org/entity/Q7557073,Solarpark Finow Tower,Solar power station,52.82527778,13.69833333
Germany,Q183,http://www.wikidata.org/entity/Q131781757,Q131781757,Solar power station,51.31572,12.79978
Germany,Q183,http://www.wikidata.org/entity/Q17127423,Krempendorf Solar Park,Solar power station,53.3375,12.198888888
Germany,Q183,http://www.wikidata.org/entity/Q6498251,Lauingen Energy Park,Solar power station,48.53694444,10.42416667
Germany,Q183,http://www.wikidata.org/entity/Q93433907,Q93433907,Solar power station,49.531472222,9.494472222
Germany,Q183,http://www.wikidata.org/entity/Q6319963,Jännersdorf Solar Park,Solar power station,53.343333333,12.0575
Germany,Q183,http://www.wikidata.org/entity/Q2298484,Q2298484,Solar power station,49.854,6.7797
Germany,Q183,http://www.wikidata.org/entity/Q114026145,Q114026145,Solar power station,48.20152,11.66613
Germany,Q183,http://www.wikidata.org/entity/Q15216750,Ernsthof Solar Park,Solar power station,49.7074,9.4746
Germany,Q183,http://www.wikidata.org/entity/Q16856954,Krughütte Solar Park,Solar power station,51.526944444,11.520555555
Germany,Q183,http://www.wikidata.org/entity/Q175521,Brandenburg-Briest Solarpark,Solar power station,52.4367,12.4514
Germany,Q183,http://www.wikidata.org/entity/Q7698846,Templin Solar Park,Solar power station,53.0317,13.5386
Germany,Q183,http://www.wikidata.org/entity/Q7302504,Reckahn Solar Park,Solar power station,52.33333333,12.55
Germany,Q183,http://www.wikidata.org/entity/Q67666122,Q67666122,Solar power station,49.460361,9.516188
Germany,Q183,http://www.wikidata.org/entity/Q71147169,Weesow-Willmersdorf solar park,Solar power station,52.6475,13.6916
Germany,Q183,http://www.wikidata.org/entity/Q2088974,Q2088974,Solar power station,53.3756,13.0561
Germany,Q183,http://www.wikidata.org/entity/Q112882298,SolarPark Bubach,Solar power station,49.4111,6.9289
Germany,Q183,http://www.wikidata.org/entity/Q828471,Lieberose Photovoltaic Park,Solar power station,51.9319,14.4072
Germany,Q183,http://www.wikidata.org/entity/Q7856981,Tutow Solar Park,Solar power station,53.9214,13.2192
Germany,Q183,http://www.wikidata.org/entity/Q15110350,Q15110350,Solar power station,49.83,8.13861111
Germany,Q183,http://www.wikidata.org/entity/Q3306799,Strasskirchen Solar Park,Solar power station,48.8069,12.7603
Germany,Q183,http://www.wikidata.org/entity/Q5627165,Güstrow Solarpark,Solar power station,53.78333333,12.21666667
Germany,Q183,http://www.wikidata.org/entity/Q43124453,Schlechtenberg Solarpark,Solar power station,47.68027778,10.39416667
Germany,Q183,http://www.wikidata.org/entity/Q7557069,Solarpark Alt Daber,Solar power station,53.2,12.51666667
Germany,Q183,http://www.wikidata.org/entity/Q112624908,Q112624908,Solar power station,54.06855,13.40427
Netherlands,Q55,http://www.wikidata.org/entity/Q113451302,Zonnepark Ameland,Solar power station,53.4503,5.6744
Netherlands,Q55,http://www.wikidata.org/entity/Q113524024,Zonneweide De Blauwe Poort,Solar power station,51.5537,5.6306
Netherlands,Q55,http://www.wikidata.org/entity/Q28167953,Solar Field Scaldia,Solar power station,51.455278,3.705556
Netherlands,Q55,http://www.wikidata.org/entity/Q112113060,Zonnepark Emmeloord,Solar power station,52.7222,5.7846
Netherlands,Q55,http://www.wikidata.org/entity/Q125524128,Zonnepark Hazenwinkel,Solar power station,51.4548,5.5892
Netherlands,Q55,http://www.wikidata.org/entity/Q112071661,Zonnepark Kerkendijk,Solar power station,51.3445,5.6983
Netherlands,Q55,http://www.wikidata.org/entity/Q112113056,Zonnepark Dorhout Mees,Solar power station,52.4145,5.6827
Netherlands,Q55,http://www.wikidata.org/entity/Q112113055,Zonnepark Zuyderzon,Solar power station,52.42,5.2432
Netherlands,Q55,http://www.wikidata.org/entity/Q109404832,Zonnepark Vloeivelden Hollandia,Solar power station,52.9314,6.9104
Netherlands,Q55,http://www.wikidata.org/entity/Q106917629,Zonnepark Appelscha,Solar power station,52.93894,6.35605
Netherlands,Q55,http://www.wikidata.org/entity/Q119205570,Winterswijk Masterveldweg solar plant,Solar power station,52.0125,6.7759
Netherlands,Q55,http://www.wikidata.org/entity/Q105452907,Zonnepark Budel,Solar power station,51.239283,5.613871
Netherlands,Q55,http://www.wikidata.org/entity/Q13575280,Ecopark Waalwijk,Solar power station,51.70778,5.07592
Netherlands,Q55,http://www.wikidata.org/entity/Q112113059,Zonnepark Flevokust,Solar power station,52.5599,5.5239
Netherlands,Q55,http://www.wikidata.org/entity/Q53538280,Zonnepark Lange Runde,Solar power station,52.7437,7.0315
Netherlands,Q55,http://www.wikidata.org/entity/Q106937494,Zonnepark Buinerveen,Solar power station,52.94,6.8626
Netherlands,Q55,http://www.wikidata.org/entity/Q112071663,Zonnepark Lungendonk (north),Solar power station,51.45204,5.67038
Netherlands,Q55,http://www.wikidata.org/entity/Q107002654,Energy Park Haringvliet South,Solar power station,51.7552,4.1999
Netherlands,Q55,http://www.wikidata.org/entity/Q112113058,Zonnepark Harderwold,Solar power station,52.3754,5.6015
Netherlands,Q55,http://www.wikidata.org/entity/Q112071662,Zonnepark Lungendonk (south),Solar power station,51.44634,5.67349
Netherlands,Q55,http://www.wikidata.org/entity/Q109405005,Zonnepark Donkerbroek,Solar power station,53.01496,6.24546
Netherlands,Q55,http://www.wikidata.org/entity/Q106917635,Zonnepark Haulerwijk,Solar power station,53.0687,6.3257
Netherlands,Q55,http://www.wikidata.org/entity/Q128022222,Zonnepark Alphen aan den Rijn - N11,Solar power station,52.1266,4.6184
Netherlands,Q55,http://www.wikidata.org/entity/Q112071679,Zonnepark Heikantstraat,Solar power station,51.37639,5.69159
Netherlands,Q55,http://www.wikidata.org/entity/Q112113057,Zonnepark Meerkoetenweg,Solar power station,52.4514,5.4848
Netherlands,Q55,http://www.wikidata.org/entity/Q106917636,Zonnepark TT Assen,Solar power station,52.9658,6.5261
Netherlands,Q55,http://www.wikidata.org/entity/Q107002704,Solar Park Tweede Exloërmond,Solar power station,52.9085,6.94331
Netherlands,Q55,http://www.wikidata.org/entity/Q106824062,Zonnepark Groningen Woldjerspoor,Solar power station,53.1939,6.6193
Netherlands,Q55,http://www.wikidata.org/entity/Q109405036,Zonnepark Heldair 1,Solar power station,52.91694,4.7895
Australia,Q408,http://www.wikidata.org/entity/Q123376188,Barcaldine Solar Farm,Solar power station,-23.547777777,145.318888888
Australia,Q408,http://www.wikidata.org/entity/Q65770002,Daydream Solar Farm,Solar power station,-20.494622,147.746973
Australia,Q408,http://www.wikidata.org/entity/Q123449238,Ross River Solar Farm,Solar power station,-19.424166666,146.716388888
Australia,Q408,http://www.wikidata.org/entity/Q61742018,Sunraysia Solar Farm,Solar power station,-34.81,143.49
Australia,Q408,http://www.wikidata.org/entity/Q67343234,Numurkah Solar Farm,Solar power station,-36.159,145.472
Australia,Q408,http://www.wikidata.org/entity/Q130899765,Cunderdin Solar Farm,Solar power station,-31.6487,117.278
Australia,Q408,http://www.wikidata.org/entity/Q133780238,Glenrowan West Solar Farm,Solar power station,-36.487227448,146.161697655
Australia,Q408,http://www.wikidata.org/entity/Q125476219,NORTHAM SF PV1,Solar power station,-31.651126038,116.711460658
Australia,Q408,http://www.wikidata.org/entity/Q68671833,Finley Solar Farm,Solar power station,-35.6498,145.5067
Australia,Q408,http://www.wikidata.org/entity/Q133780616,Winton Solar Farm,Solar power station,-36.504112676,146.128129957
Australia,Q408,http://www.wikidata.org/entity/Q128809105,Williamsdale Solar Farm,Solar power station,-35.5712883,149.1233589
Australia,Q408,http://www.wikidata.org/entity/Q81366520,cultana Solar Farm,Solar power station,-32.95,137.59
Australia,Q408,http://www.wikidata.org/entity/Q6851041,Mildura solar concentrator power station,Solar power station,-34.466,142.1834
Australia,Q408,http://www.wikidata.org/entity/Q125476549,AMBRISOLAR PV1,Solar power station,-31.54008504,118.275259812
Australia,Q408,http://www.wikidata.org/entity/Q130425514,Waroona Renewable Energy Hub,Solar power station,-32.897124,115.808681
Australia,Q408,http://www.wikidata.org/entity/Q48818149,Tailem Bend Solar Power Project,Solar power station,-35.28,139.49
Australia,Q408,http://www.wikidata.org/entity/Q81914318,Nullagine Power Station,Solar power station,-21.8795153,120.1123613
Australia,Q408,http://www.wikidata.org/entity/Q130471071,Goulburn River Solar Farm,Solar power station,-32.2821,150.1072
Australia,Q408,http://www.wikidata.org/entity/Q29325556,Nyngan Solar Plant,Solar power station,-31.566,147.072
Australia,Q408,http://www.wikidata.org/entity/Q48815340,Riverland Solar Storage,Solar power station,-34.0,139.8
Australia,Q408,http://www.wikidata.org/entity/Q67566295,Wemen Solar Farm,Solar power station,-34.802,142.544
Australia,Q408,http://www.wikidata.org/entity/Q106607062,Jemalong Solar Farm,Solar power station,-33.408491,147.647486
Australia,Q408,http://www.wikidata.org/entity/Q65870863,Darlington Point Solar Farm,Solar power station,-34.645,146.04
Australia,Q408,http://www.wikidata.org/entity/Q28943068,Sunshine Coast Solar Farm,Solar power station,-26.560799,153.0259473
Australia,Q408,http://www.wikidata.org/entity/Q83750217,Harlin Solar Farm,Solar power station,-26.948,152.41
Australia,Q408,http://www.wikidata.org/entity/Q60749738,Bannerton Solar Park,Solar power station,-34.69,142.78
Australia,Q408,http://www.wikidata.org/entity/Q128808466,Royalla Solar Farm,Solar power station,-35.489684723,149.143233832
Australia,Q408,http://www.wikidata.org/entity/Q123376170,Hamilton Solar Farm,Solar power station,-20.497777777,147.735833333
Australia,Q408,http://www.wikidata.org/entity/Q81913427,Marble Bar Power Station,Solar power station,-21.1643978,119.7412616
Australia,Q408,http://www.wikidata.org/entity/Q109255372,Western Green Energy Hub,Solar power station,-31.608055555,128.801944444
Australia,Q408,http://www.wikidata.org/entity/Q78455539,Emu Downs Solar Farm,Solar power station,-30.49,115.42
Australia,Q408,http://www.wikidata.org/entity/Q70203209,Karadoc Solar Farm,Solar power station,-34.41,142.26
Australia,Q408,http://www.wikidata.org/entity/Q30635537,Lower Wonga Solar Farm,Solar power station,,
Australia,Q408,http://www.wikidata.org/entity/Q132450913,Mount Majura Solar Farm,Solar power station,,
Australia,Q408,http://www.wikidata.org/entity/Q28428137,Kennedy Energy Park,Solar power station,-21.0,145.0
Australia,Q408,http://www.wikidata.org/entity/Q55633449,Solar River Project,Solar power station,-33.78,139.38
Australia,Q408,http://www.wikidata.org/entity/Q134210188,Dinawan Energy Hub,Solar power station,-35.057388888,145.788805555
Australia,Q408,http://www.wikidata.org/entity/Q130282610,Port Hedland solar farm,Solar power station,-20.433150357,118.556009174
Australia,Q408,http://www.wikidata.org/entity/Q48802503,Bungala Solar Power Project,Solar power station,-32.42,137.84
Australia,Q408,http://www.wikidata.org/entity/Q133720667,Kondinin Energy Storage and Solar,Solar power station,-32.4589,118.2495
Australia,Q408,http://www.wikidata.org/entity/Q5166801,Coober Pedy Solar Power Station,Solar power station,-29.0285,134.77339
Australia,Q408,http://www.wikidata.org/entity/Q129562261,Wheatbelt Solar Farm,Solar power station,,
Australia,Q408,http://www.wikidata.org/entity/Q5604379,Greenough River Solar Farm,Solar power station,-28.904,115.105
Australia,Q408,http://www.wikidata.org/entity/Q130741300,Mineral Resources Solar Power Project,Solar power station,-21.989166666,116.154722222
Australia,Q408,http://www.wikidata.org/entity/Q61742020,Limondale Solar Farm,Solar power station,-34.79,143.5
Australia,Q408,http://www.wikidata.org/entity/Q123376191,Clare Solar Farm,Solar power station,-19.841111111,147.205555555
Australia,Q408,http://www.wikidata.org/entity/Q73380279,Kiamal solar farm,Solar power station,-35.02,142.3
Australia,Q408,http://www.wikidata.org/entity/Q92767598,Kidston Solar Farm,Solar power station,-18.8886861,144.1390787
Australia,Q408,http://www.wikidata.org/entity/Q65090641,Mugga Lane Solar Park,Solar power station,-35.3999824,149.1455626
Australia,Q408,http://www.wikidata.org/entity/Q57266505,Emerald Solar Park,Solar power station,-23.51,148.13
Australia,Q408,http://www.wikidata.org/entity/Q128808025,Majura Valley Solar Farm,Solar power station,-35.2191319,148.9952163
Australia,Q408,http://www.wikidata.org/entity/Q130741247,St Ives Renewables Project (Solar),Solar power station,-31.320555555,121.740277777
Australia,Q408,http://www.wikidata.org/entity/Q5134977,Cloncurry Solar Farm,Solar power station,-20.7042,140.506
Australia,Q408,http://www.wikidata.org/entity/Q56276227,Gannawarra Solar Farm,Solar power station,-35.735459,143.781739
Australia,Q408,http://www.wikidata.org/entity/Q56276276,Darling Downs Solar Farm,Solar power station,-27.112,150.8819
Australia,Q408,http://www.wikidata.org/entity/Q125577341,GREENOUGH RIVER PV1,Solar power station,-28.903641212,115.111628469
Australia,Q408,http://www.wikidata.org/entity/Q118316015,Western Downs Green Power Hub,Solar power station,-26.955,150.677
Australia,Q408,http://www.wikidata.org/entity/Q134267925,Iluka Resources Renewable Energy Project,Solar power station,-30.728922574,115.524215454
Australia,Q408,http://www.wikidata.org/entity/Q123376163,Lakeland Solar Project,Solar power station,-15.868611111,144.861944444
Australia,Q408,http://www.wikidata.org/entity/Q123376167,Hughenden Solar Farm,Solar power station,-20.854722222,144.186388888
Australia,Q408,http://www.wikidata.org/entity/Q130476579,Waddi Solar Farm,Solar power station,-30.577805555,115.515611111
Australia,Q408,http://www.wikidata.org/entity/Q125476447,MERSOLAR PV1,Solar power station,-31.544930592,118.227256783
Australia,Q408,http://www.wikidata.org/entity/Q56276240,Sun Metals Solar Farm,Solar power station,-19.437318,146.696015
Australia,Q408,http://www.wikidata.org/entity/Q81864527,Broken Hill Solar Plant,Solar power station,-31.99,141.39
Australia,Q408,http://www.wikidata.org/entity/Q106612278,Jemalong CSP Pilot Plant,Solar power station,-33.387,147.67
Australia,Q408,http://www.wikidata.org/entity/Q65679821,Coleambally Solar Farm,Solar power station,-34.76,145.93
Australia,Q408,http://www.wikidata.org/entity/Q123376157,Longreach Solar Farm,Solar power station,-23.446111111,144.359166666
Australia,Q408,http://www.wikidata.org/entity/Q8024328,Windorah Solar Farm,Solar power station,-25.4139,142.661
Australia,Q408,http://www.wikidata.org/entity/Q133779900,Mokoan Solar Farm,Solar power station,-36.490023051,146.123642312
Australia,Q408,http://www.wikidata.org/entity/Q123376156,Whitsunday Solar Farm,Solar power station,-20.492777777,147.755555555
Australia,Q408,http://www.wikidata.org/entity/Q7994570,White Cliffs Solar Power Station,Solar power station,-30.8556,143.089
France,Q142,http://www.wikidata.org/entity/Q117025766,Q117025766,Solar power station,50.376357,3.105855
France,Q142,http://www.wikidata.org/entity/Q15250658,Massangis Solar Park,Solar power station,47.6111,4.0102
France,Q142,http://www.wikidata.org/entity/Q98446412,Centrale solaire photovoltaïque de Somain,Solar power station,50.34441,3.269756
France,Q142,http://www.wikidata.org/entity/Q114836896,Q114836896,Solar power station,43.824229255,6.749947632
France,Q142,http://www.wikidata.org/entity/Q40220385,Llo solar central,Solar power station,42.466944444,2.069722222
France,Q142,http://www.wikidata.org/entity/Q109314688,Q109314688,Solar power station,49.455555555,5.413333333
France,Q142,http://www.wikidata.org/entity/Q134455369,Q134455369,Solar power station,46.098605,5.820619
France,Q142,http://www.wikidata.org/entity/Q20127475,Q20127475,Solar power station,-20.9489,55.3136
France,Q142,http://www.wikidata.org/entity/Q108859387,Q108859387,Solar power station,50.12496,3.268358
France,Q142,http://www.wikidata.org/entity/Q5189766,Crucey Solar Park,Solar power station,48.64388889,1.09972222
France,Q142,http://www.wikidata.org/entity/Q108864970,Q108864970,Solar power station,50.231868,3.865019
France,Q142,http://www.wikidata.org/entity/Q5194646,Curbans Solar Park,Solar power station,44.4028,6.033
France,Q142,http://www.wikidata.org/entity/Q117025368,Q117025368,Solar power station,50.299886,3.14376
France,Q142,http://www.wikidata.org/entity/Q116214779,Q116214779,Solar power station,,
France,Q142,http://www.wikidata.org/entity/Q7227495,Pompogne Solar Park,Solar power station,44.25,0.05
France,Q142,http://www.wikidata.org/entity/Q18816704,Q18816704,Solar power station,4.895833333,-52.507777777
France,Q142,http://www.wikidata.org/entity/Q114642255,Photovoltaic power plant of Niévroz,Solar power station,45.8128,5.03869
France,Q142,http://www.wikidata.org/entity/Q2944635,Thémis,Solar power station,42.5014,1.97417
France,Q142,http://www.wikidata.org/entity/Q1292402,Nevada Solar One,Solar power station,35.8,-114.977
France,Q142,http://www.wikidata.org/entity/Q2944628,Toul-Rosières Solar Park,Solar power station,48.7812,5.98068
France,Q142,http://www.wikidata.org/entity/Q99662533,Q99662533,Solar power station,50.305851,3.420732
France,Q142,http://www.wikidata.org/entity/Q115191838,Centrale solaire photovoltaïque de Leforest,Solar power station,50.44203,3.07209
France,Q142,http://www.wikidata.org/entity/Q117025331,Q117025331,Solar power station,50.331388,3.269777
France,Q142,http://www.wikidata.org/entity/Q2363571,Gabardan Solar Park,Solar power station,44.061,-0.014
France,Q142,http://www.wikidata.org/entity/Q15695572,Q15695572,Solar power station,44.0152,6.01759
France,Q142,http://www.wikidata.org/entity/Q116458340,Q116458340,Solar power station,50.367386,3.139118
France,Q142,http://www.wikidata.org/entity/Q108838314,Centrale solaire photovoltaïque de Lourches,Solar power station,50.309118,3.351655
France,Q142,http://www.wikidata.org/entity/Q117025285,Q117025285,Solar power station,50.301361,3.109308
France,Q142,http://www.wikidata.org/entity/Q117025864,Q117025864,Solar power station,50.380161,3.106112
France,Q142,http://www.wikidata.org/entity/Q117025413,Q117025413,Solar power station,,
France,Q142,http://www.wikidata.org/entity/Q28100115,Sourdun Solar Park,Solar power station,48.529722222,3.376944444
France,Q142,http://www.wikidata.org/entity/Q122518992,Q122518992,Solar power station,,
France,Q142,http://www.wikidata.org/entity/Q117025188,Q117025188,Solar power station,50.284352,3.06118
France,Q142,http://www.wikidata.org/entity/Q115193799,Q115193799,Solar power station,50.772883,2.474715
France,Q142,http://www.wikidata.org/entity/Q115208024,Centrale solaire photovoltaïque de Jeumont,Solar power station,50.301165,4.113208
France,Q142,http://www.wikidata.org/entity/Q52514653,Centrale photovoltaïque de Beaupouyet,Solar power station,45.010652777,0.290733333
France,Q142,http://www.wikidata.org/entity/Q20724378,Cestas Solar farm,Solar power station,44.7255,-0.8157
Spain,Q29,http://www.wikidata.org/entity/Q3906290,Fuente Álamo Solar Power Plant,Solar power station,37.68666667,-1.81722222
Spain,Q29,http://www.wikidata.org/entity/Q80940643,Mula Photovoltaic Power Plant,Solar power station,37.956555555,-1.405666666
Spain,Q29,http://www.wikidata.org/entity/Q6063224,Q6063224,Solar power station,,
Spain,Q29,http://www.wikidata.org/entity/Q11940192,Parc solar Ramon Escriche,Solar power station,41.24727222,0.53508889
Spain,Q29,http://www.wikidata.org/entity/Q490037,Andasol solar power station,Solar power station,37.223055555,-3.060277777
Spain,Q29,http://www.wikidata.org/entity/Q2944631,Extresol Solar Power Station,Solar power station,38.65,-6.74
Spain,Q29,http://www.wikidata.org/entity/Q135016815,Núñez de Balboa photovoltaic plant,Solar power station,38.44,-6.22
Spain,Q29,http://www.wikidata.org/entity/Q2944639,Solnova Solar Power Station,Solar power station,37.36666667,-6.2
Spain,Q29,http://www.wikidata.org/entity/Q15243055,Lucainena de las Torres Photovoltaic Power Station,Solar power station,37.014,-2.178
Spain,Q29,http://www.wikidata.org/entity/Q5018560,Calasparra Photovoltaic Power Plant,Solar power station,38.261,-1.681
Spain,Q29,http://www.wikidata.org/entity/Q4794711,Arnedo Solar Plant,Solar power station,42.26944444,-1.69333333
Spain,Q29,http://www.wikidata.org/entity/Q3664535,Beneixama photovoltaic power plant,Solar power station,38.72111111,-0.72722222
Spain,Q29,http://www.wikidata.org/entity/Q88279617,Q88279617,Solar power station,40.709914,-3.4160796
Spain,Q29,http://www.wikidata.org/entity/Q6063222,Los Olivares,Solar power station,37.79833333,-3.79833333
Spain,Q29,http://www.wikidata.org/entity/Q1749432,Olmedilla Photovoltaic Park,Solar power station,39.62861111,-2.07694444
Spain,Q29,http://www.wikidata.org/entity/Q7258848,Puertollano Photovoltaic Park,Solar power station,38.62166667,-3.97472222
Spain,Q29,http://www.wikidata.org/entity/Q3067560,Gemasolar Thermosolar Plant,Solar power station,37.55808611,-5.32905556
Spain,Q29,http://www.wikidata.org/entity/Q11975954,Hoya de Los Vicentes Solar Plant,Solar power station,38.3645,-1.2761
Spain,Q29,http://www.wikidata.org/entity/Q5351069,El Coronil Solar Power Plant,Solar power station,37.09544,-5.62865
Spain,Q29,http://www.wikidata.org/entity/Q6463598,La Magascona and Magasquila photovoltaic power stations,Solar power station,39.43416667,-5.93888889
Spain,Q29,http://www.wikidata.org/entity/Q6159025,Valle Solar Power Station,Solar power station,36.66111111,-5.84
Spain,Q29,http://www.wikidata.org/entity/Q6063227,Granja solar de Son Salomó,Solar power station,40.0284981,3.8287262
Spain,Q29,http://www.wikidata.org/entity/Q100306995,Solar Thermoelectric Energy Laboratory,Solar power station,28.057861111,-16.528027777
Spain,Q29,http://www.wikidata.org/entity/Q2404565,PS20 solar power plant,Solar power station,37.44388889,-6.25944444
Spain,Q29,http://www.wikidata.org/entity/Q20667894,Manzanaras Solar Updraft Tower,Solar power station,39.042777777,-3.253333333
Spain,Q29,http://www.wikidata.org/entity/Q18630837,Granja solar d'Artà,Solar power station,39.679203,3.346174
Spain,Q29,http://www.wikidata.org/entity/Q5613268,Guadarranque solar power plant,Solar power station,36.193,-5.418
Spain,Q29,http://www.wikidata.org/entity/Q927594,PS10 solar power plant,Solar power station,37.443056,-6.25
Spain,Q29,http://www.wikidata.org/entity/Q2944634,Alvarado I,Solar power station,38.82694444,-6.82611111
Spain,Q29,http://www.wikidata.org/entity/Q7392531,SPEX,Solar power station,38.89055556,-6.28527778
Spain,Q29,http://www.wikidata.org/entity/Q109658763,Photovoltaic power station in Guadix,Solar power station,37.264109,-3.133644
Spain,Q29,http://www.wikidata.org/entity/Q7201552,Planta Solar de Salamanca,Solar power station,41.0298,-5.8528
Spain,Q29,http://www.wikidata.org/entity/Q2877044,Q2877044,Solar power station,39.459716666,-5.950363888
Spain,Q29,http://www.wikidata.org/entity/Q18630841,Planta solar Cortadeta,Solar power station,39.431398,2.943193
Spain,Q29,http://www.wikidata.org/entity/Q5313362,Dulcinea Solar Plant,Solar power station,39.65833333,-2.80305556
Spain,Q29,http://www.wikidata.org/entity/Q3248218,Monte Alto solar power plant,Solar power station,42.259,-1.774
Spain,Q29,http://www.wikidata.org/entity/Q15845091,Termosolar Borges,Solar power station,41.5281,0.806389
Spain,Q29,http://www.wikidata.org/entity/Q7458047,Sevilla Photovoltaic Power Plant,Solar power station,37.42166667,-6.25694444
Spain,Q29,http://www.wikidata.org/entity/Q111210955,Q111210955,Solar power station,,
Spain,Q29,http://www.wikidata.org/entity/Q6663826,Lobosillo Solar Park,Solar power station,37.734,-1.06
Spain,Q29,http://www.wikidata.org/entity/Q7258849,Puertollano Solar Thermal Power Plant,Solar power station,38.65,-3.96666667
Spain,Q29,http://www.wikidata.org/entity/Q18630843,Q18630843,Solar power station,27.86394,-15.417176
Spain,Q29,http://www.wikidata.org/entity/Q4667209,Abertura Photovoltaic Power Station,Solar power station,39.226,-5.779
Spain,Q29,http://www.wikidata.org/entity/Q7105490,Osa de la Vega Solar Plant,Solar power station,39.65,-2.8
Spain,Q29,http://www.wikidata.org/entity/Q18630839,Parc Solar de Can verd,Solar power station,39.56703,3.178943
Spain,Q29,http://www.wikidata.org/entity/Q7258554,Puerto Errado 2,Solar power station,38.27833333,-1.60027778
Spain,Q29,http://www.wikidata.org/entity/Q110270944,Q110270944,Solar power station,37.014,-2.178
Spain,Q29,http://www.wikidata.org/entity/Q694376,Plataforma Solar de Almería,Solar power station,37.09166667,-2.35833333
Spain,Q29,http://www.wikidata.org/entity/Q5048052,Casas de Los Pinos Solar Power Plant,Solar power station,39.2759,-2.4087
Vietnam,Q881,http://www.wikidata.org/entity/Q65175436,Q65175436,Solar power station,10.615396,106.170605
Vietnam,Q881,http://www.wikidata.org/entity/Q65175450,Q65175450,Solar power station,11.460364,108.830933
Vietnam,Q881,http://www.wikidata.org/entity/Q85850923,LIG Quang Tri,Solar power station,,
Vietnam,Q881,http://www.wikidata.org/entity/Q65175455,Q65175455,Solar power station,11.440665,108.91343
Vietnam,Q881,http://www.wikidata.org/entity/Q65172384,Q65172384,Solar power station,15.333265,108.709067
Vietnam,Q881,http://www.wikidata.org/entity/Q65165480,Q65165480,Solar power station,11.319279,108.798477
Vietnam,Q881,http://www.wikidata.org/entity/Q65175444,Q65175444,Solar power station,14.019128,109.016382
Vietnam,Q881,http://www.wikidata.org/entity/Q65171960,Q65171960,Solar power station,12.77847,108.368616
Vietnam,Q881,http://www.wikidata.org/entity/Q60768135,Dau Tieng Solar Power Project,Solar power station,11.463827,106.216709
Vietnam,Q881,http://www.wikidata.org/entity/Q65172516,TTC Phong Dien,Solar power station,16.699738,107.425099
Vietnam,Q881,http://www.wikidata.org/entity/Q65175448,Q65175448,Solar power station,13.234708333,108.649952777
Vietnam,Q881,http://www.wikidata.org/entity/Q65162277,Cam Hoa solar farm,Solar power station,18.327552,106.016233
Vietnam,Q881,http://www.wikidata.org/entity/Q65172392,Q65172392,Solar power station,11.593077777,108.865330555
Vietnam,Q881,http://www.wikidata.org/entity/Q65172512,Q65172512,Solar power station,13.087531,109.138177
Vietnam,Q881,http://www.wikidata.org/entity/Q65172381,Q65172381,Solar power station,11.410053,108.876757
Vietnam,Q881,http://www.wikidata.org/entity/Q86013175,Q86013175,Solar power station,11.586725,108.873891666
Vietnam,Q881,http://www.wikidata.org/entity/Q65174790,Q65174790,Solar power station,14.964571,108.928234
Vietnam,Q881,http://www.wikidata.org/entity/Q65172389,Q65172389,Solar power station,11.702845,108.884796
Vietnam,Q881,http://www.wikidata.org/entity/Q65172396,Q65172396,Solar power station,11.284407,108.755773
Vietnam,Q881,http://www.wikidata.org/entity/Q65172520,Q65172520,Solar power station,13.404233,109.225402
Vietnam,Q881,http://www.wikidata.org/entity/Q65172524,Q65172524,Solar power station,11.246631,107.835444
Vietnam,Q881,http://www.wikidata.org/entity/Q65165477,Q65165477,Solar power station,11.028611,106.281389
Vietnam,Q881,http://www.wikidata.org/entity/Q65165474,Q65165474,Solar power station,10.476121,105.01042
Vietnam,Q881,http://www.wikidata.org/entity/Q65172386,Q65172386,Solar power station,10.940375,106.23726
Vietnam,Q881,http://www.wikidata.org/entity/Q65172383,Q65172383,Solar power station,,
Vietnam,Q881,http://www.wikidata.org/entity/Q65171961,Q65171961,Solar power station,12.596762,107.872682
Vietnam,Q881,http://www.wikidata.org/entity/Q65172385,Q65172385,Solar power station,8.611428,105.015167
Vietnam,Q881,http://www.wikidata.org/entity/Q65172507,BP Solar 1,Solar power station,11.540743,108.872938
Vietnam,Q881,http://www.wikidata.org/entity/Q65172397,Q65172397,Solar power station,11.306511111,108.751972222
Vietnam,Q881,http://www.wikidata.org/entity/Q65172522,Q65172522,Solar power station,20.002457,105.617898
Vietnam,Q881,http://www.wikidata.org/entity/Q65172523,Q65172523,Solar power station,13.781412,109.263206
Vietnam,Q881,http://www.wikidata.org/entity/Q65162281,photovoltaic station Mũi Né,Solar power station,10.989024,108.317237
Vietnam,Q881,http://www.wikidata.org/entity/Q65174794,Q65174794,Solar power station,11.8794,109.077503
Vietnam,Q881,http://www.wikidata.org/entity/Q65172390,Q65172390,Solar power station,11.326811111,108.349094444
Vietnam,Q881,http://www.wikidata.org/entity/Q86013173,Điện mặt trời Hồng Phong,Solar power station,11.039105555,108.303644444
Vietnam,Q881,http://www.wikidata.org/entity/Q65174786,Q65174786,Solar power station,13.043844,107.877155
Vietnam,Q881,http://www.wikidata.org/entity/Q65172519,Q65172519,Solar power station,9.596777777,106.496861111
Vietnam,Q881,http://www.wikidata.org/entity/Q65165468,Q65165468,Solar power station,16.925143,107.139577
Vietnam,Q881,http://www.wikidata.org/entity/Q65172511,Q65172511,Solar power station,11.088257,106.193182
Vietnam,Q881,http://www.wikidata.org/entity/Q65172398,Q65172398,Solar power station,10.946236,106.24537
Vietnam,Q881,http://www.wikidata.org/entity/Q65172388,Q65172388,Solar power station,16.917421,107.1523
Vietnam,Q881,http://www.wikidata.org/entity/Q86013177,Q86013177,Solar power station,12.574961111,107.860530555
Vietnam,Q881,http://www.wikidata.org/entity/Q65172515,TTC Krong Pa,Solar power station,13.2266,108.655385
Vietnam,Q881,http://www.wikidata.org/entity/Q65172508,Q65172508,Solar power station,11.470361,108.963229
Vietnam,Q881,http://www.wikidata.org/entity/Q65172514,Q65172514,Solar power station,11.507299,108.87328
Vietnam,Q881,http://www.wikidata.org/entity/Q65172393,Q65172393,Solar power station,12.852085,107.882082
Vietnam,Q881,http://www.wikidata.org/entity/Q65172510,Q65172510,Solar power station,11.433538,109.006092
Vietnam,Q881,http://www.wikidata.org/entity/Q65172518,Q65172518,Solar power station,11.688207,109.029904
Vietnam,Q881,http://www.wikidata.org/entity/Q65172394,Q65172394,Solar power station,11.200774,108.324534
United Kingdom,Q145,http://www.wikidata.org/entity/Q118144516,Larks Green Solar Farm,Solar power station,51.57851,-2.477369
United Kingdom,Q145,http://www.wikidata.org/entity/Q111038921,Worsted Solar Farm,Solar power station,51.12491,0.01414
United Kingdom,Q145,http://www.wikidata.org/entity/Q120402427,Staughton Airfield Solar Farm,Solar power station,52.241,-0.3646
United Kingdom,Q145,http://www.wikidata.org/entity/Q120401888,Breach Solar Farm,Solar power station,52.287,0.361
United Kingdom,Q145,http://www.wikidata.org/entity/Q116038318,Drayton Manor Farm,Solar power station,52.1937,-1.7765
United Kingdom,Q145,http://www.wikidata.org/entity/Q120401692,Burwell Solar Farm,Solar power station,52.283,0.302
United Kingdom,Q145,http://www.wikidata.org/entity/Q132860643,Thornham Solar Farm,Solar power station,,
United Kingdom,Q145,http://www.wikidata.org/entity/Q132860683,Sutton Bridge solar farm,Solar power station,,
United Kingdom,Q145,http://www.wikidata.org/entity/Q132861052,Tebworth Solar Farm,Solar power station,,
United Kingdom,Q145,http://www.wikidata.org/entity/Q132861107,Bulphan Fen Solar Farm,Solar power station,,
United Kingdom,Q145,http://www.wikidata.org/entity/Q134452069,Botley West solar farm,Solar power station,,
United Kingdom,Q145,http://www.wikidata.org/entity/Q120401957,Aurora Solar Farm,Solar power station,51.78,-1.41
United Kingdom,Q145,http://www.wikidata.org/entity/Q96375108,Cleve Hill Solar Park,Solar power station,51.3344,0.9429
Taiwan,Q865,http://www.wikidata.org/entity/Q117316657,Yongan PV Power Plant,Solar power station,22.838361111,120.206888888
Taiwan,Q865,http://www.wikidata.org/entity/Q116177314,Q116177314,Solar power station,23.331144443,120.185329546
Taiwan,Q865,http://www.wikidata.org/entity/Q117316576,Agongdian Solar PV Park,Solar power station,22.80725,120.352083333
Taiwan,Q865,http://www.wikidata.org/entity/Q116181572,Q116181572,Solar power station,,
Taiwan,Q865,http://www.wikidata.org/entity/Q116188886,Q116188886,Solar power station,,
Taiwan,Q865,http://www.wikidata.org/entity/Q116737632,Q116737632,Solar power station,,
Taiwan,Q865,http://www.wikidata.org/entity/Q117316574,Q117316574,Solar power station,,
Taiwan,Q865,http://www.wikidata.org/entity/Q117316758,Q117316758,Solar power station,,
Taiwan,Q865,http://www.wikidata.org/entity/Q117316786,Q117316786,Solar power station,,
Taiwan,Q865,http://www.wikidata.org/entity/Q117316833,Q117316833,Solar power station,,
Taiwan,Q865,http://www.wikidata.org/entity/Q117316861,Q117316861,Solar power station,,
Taiwan,Q865,http://www.wikidata.org/entity/Q117316869,Q117316869,Solar power station,,
Taiwan,Q865,http://www.wikidata.org/entity/Q117316696,Changbin Solar Power Plant,Solar power station,,
Taiwan,Q865,http://www.wikidata.org/entity/Q117316729,Tainan Salt Field Solar,Solar power station,,
India,Q668,http://www.wikidata.org/entity/Q104434232,Gujarat Hybrid Renewable Energy Park,Solar power station,24.128722222,69.312527777
India,Q668,http://www.wikidata.org/entity/Q29026621,Pavagada Solar Park,Solar power station,14.2693,77.4139
India,Q668,http://www.wikidata.org/entity/Q123630872,NTPC Ramagundam Floating Solar Power Plant,Solar power station,18.731712,79.468583
India,Q668,http://www.wikidata.org/entity/Q124047957,NHPC Khavda Solar Power Plant,Solar power station,23.882329,69.750175
India,Q668,http://www.wikidata.org/entity/Q120080257,GENSU Solar Power Plant,Solar power station,21.3429293,72.9980886
India,Q668,http://www.wikidata.org/entity/Q60743830,K. P. Power Solar Park,Solar power station,18.9891,75.7601
India,Q668,http://www.wikidata.org/entity/Q28402313,CIAL Solar Power Project,Solar power station,10.1518,76.393
India,Q668,http://www.wikidata.org/entity/Q65071097,Karnataka II solar power plant,Solar power station,15.371389,76.307222
India,Q668,http://www.wikidata.org/entity/Q28129699,NP Kunta Ultra Mega Solar Power Project,Solar power station,14.017,78.428
India,Q668,http://www.wikidata.org/entity/Q123467554,Omkareshwar Floating Solar Power Park,Solar power station,22.218138,76.185111
India,Q668,http://www.wikidata.org/entity/Q15199508,Bitta Solar Power Plant,Solar power station,23.26277778,69.02416667
India,Q668,http://www.wikidata.org/entity/Q24929801,Rewa Ultra Mega Solar,Solar power station,24.4802,81.5744
India,Q668,http://www.wikidata.org/entity/Q18378474,Welspun Solar MP project,Solar power station,24.6907,75.1347
India,Q668,http://www.wikidata.org/entity/Q5031018,Canal Solar Power Project,Solar power station,,
India,Q668,http://www.wikidata.org/entity/Q60760557,Karnataka I Solar Power Plant,Solar power station,15.651944,75.9925
India,Q668,http://www.wikidata.org/entity/Q24885499,Kamuthi Solar Power Project,Solar power station,9.347568,78.392162
India,Q668,http://www.wikidata.org/entity/Q7403079,Sakri solar plant,Solar power station,20.98333333,74.31666667
India,Q668,http://www.wikidata.org/entity/Q123467782,NTPC Bhadla Solar Power Plant,Solar power station,27.485071,71.997756
India,Q668,http://www.wikidata.org/entity/Q123699812,NTPC Rajgarh Solar Power Plant,Solar power station,23.9621697,76.7230814
India,Q668,http://www.wikidata.org/entity/Q28169313,Phalodi Solar Power Plant,Solar power station,,
India,Q668,http://www.wikidata.org/entity/Q28170117,Jalaun Solar Power Project,Solar power station,,
India,Q668,http://www.wikidata.org/entity/Q28170142,Mansa Solar Power Plant,Solar power station,,
India,Q668,http://www.wikidata.org/entity/Q28170120,Prayagraj Solar Power Plant,Solar power station,,
India,Q668,http://www.wikidata.org/entity/Q28172395,Sambhar Ultra Mega Solar Power Project,Solar power station,,
India,Q668,http://www.wikidata.org/entity/Q29467237,Kurnool Ultra Mega Solar Park,Solar power station,15.681522,78.283749
India,Q668,http://www.wikidata.org/entity/Q123699844,AMP Energy Bhadla Solar Power Plant,Solar power station,27.485071,71.997756
India,Q668,http://www.wikidata.org/entity/Q123465149,NTPC Fatehgarh Solar Power Plant,Solar power station,27.158576,70.786122
India,Q668,http://www.wikidata.org/entity/Q6881593,Mithapur Solar Power Plant,Solar power station,22.409125,68.99318333
India,Q668,http://www.wikidata.org/entity/Q60754779,Telangana I Solar Power Plant,Solar power station,16.152778,77.765556
India,Q668,http://www.wikidata.org/entity/Q60760946,Telangana II Solar Power Plant,Solar power station,16.152778,77.765556
India,Q668,http://www.wikidata.org/entity/Q5269621,Dhirubhai Ambani Solar Park,Solar power station,26.76305556,72.01416667
India,Q668,http://www.wikidata.org/entity/Q60760764,Maharashtra I Solar Power Plant,Solar power station,18.961667,76.212778
India,Q668,http://www.wikidata.org/entity/Q65117789,Gujarat solar park 1,Solar power station,23.902939,71.2060751
India,Q668,http://www.wikidata.org/entity/Q29467239,Kadapa Ultra Mega Solar Park,Solar power station,14.9196979,78.2771587
India,Q668,http://www.wikidata.org/entity/Q130377098,Tata Power Dholera Solar PV Station,Solar power station,22.148434,72.236085
India,Q668,http://www.wikidata.org/entity/Q28154067,Bhadla solar park,Solar power station,27.5396685,71.9152528
India,Q668,http://www.wikidata.org/entity/Q124040081,NTPC Dadri Solar Power Plant,Solar power station,28.579202,77.631433
India,Q668,http://www.wikidata.org/entity/Q106931645,Dholera Solar Park,Solar power station,,
India,Q668,http://www.wikidata.org/entity/Q108809407,Madhya Pradesh I,Solar power station,23.227222222,76.215277777
India,Q668,http://www.wikidata.org/entity/Q123592336,NTPC Kayamkulam Floating Solar Power Plant,Solar power station,9.238888888,76.430277777
India,Q668,http://www.wikidata.org/entity/Q124022558,NTPC Port Blair Solar Power Plant,Solar power station,11.611359,92.7100687
India,Q668,http://www.wikidata.org/entity/Q111913613,Neyveli Solar Power Project,Solar power station,,
India,Q668,http://www.wikidata.org/entity/Q106298173,Bengal Solar Plant,Solar power station,22.566666666,88.366666666
India,Q668,http://www.wikidata.org/entity/Q118896139,Vankal Solar Park,Solar power station,,
New Zealand,Q664,http://www.wikidata.org/entity/Q115803980,Tauhei solar farm,Solar power station,-37.588333333,175.721666666
New Zealand,Q664,http://www.wikidata.org/entity/Q111914822,Waiterimu Solar Farm,Solar power station,-37.476,175.271
New Zealand,Q664,http://www.wikidata.org/entity/Q125856182,Rangitaiki Solar Farm,Solar power station,-37.99634167,176.80996111
New Zealand,Q664,http://www.wikidata.org/entity/Q132019984,Te Puna Mauri ō Omaru,Solar power station,-36.115433333,174.026719444
New Zealand,Q664,http://www.wikidata.org/entity/Q130302252,Twin Rivers Solar Farm,Solar power station,,
New Zealand,Q664,http://www.wikidata.org/entity/Q133480513,Te Herenga o Te Rā,Solar power station,-38.025861111,177.183
New Zealand,Q664,http://www.wikidata.org/entity/Q115803201,Te Rāhui Solar Farm,Solar power station,-38.895691666,176.423763888
New Zealand,Q664,http://www.wikidata.org/entity/Q130271374,Kōwhai Park Solar Farm,Solar power station,-43.495833333,172.510555555
New Zealand,Q664,http://www.wikidata.org/entity/Q122495380,Lodestone Two Solar Farm,Solar power station,-35.081666666,173.219444444
New Zealand,Q664,http://www.wikidata.org/entity/Q107547911,Pukenui Solar Farm,Solar power station,-34.818333333,173.110555555
New Zealand,Q664,http://www.wikidata.org/entity/Q125563903,Lauriston Solar Farm,Solar power station,-43.730988888,171.789430555
Romania,Q218,http://www.wikidata.org/entity/Q5169416,Corabia Solar Park,Solar power station,43.77361111,24.50333333
Romania,Q218,http://www.wikidata.org/entity/Q16900278,Slobozia Solar Park,Solar power station,43.8667,25.9
Romania,Q218,http://www.wikidata.org/entity/Q15242525,Livada Solar Park,Solar power station,47.86666667,23.13333333
Romania,Q218,http://www.wikidata.org/entity/Q6511592,Lechința Solar Park,Solar power station,47.01666667,24.33333333
Romania,Q218,http://www.wikidata.org/entity/Q16901262,Târgu Cărbunești Solar Park,Solar power station,44.9323149,23.5392844
Romania,Q218,http://www.wikidata.org/entity/Q5184772,Crevedia Solar Park,Solar power station,44.6,25.93333333
Romania,Q218,http://www.wikidata.org/entity/Q5447263,Fierbinți Solar Park,Solar power station,44.68333333,26.38333333
Romania,Q218,http://www.wikidata.org/entity/Q15222312,Gura Ialomiței Solar Park,Solar power station,44.7,27.81666667
Romania,Q218,http://www.wikidata.org/entity/Q7435364,Scornicești Solar Park,Solar power station,44.561944444,24.563611111
Romania,Q218,http://www.wikidata.org/entity/Q17006412,Bucșani Solar Park,Solar power station,44.34472222,25.67222222
Romania,Q218,http://www.wikidata.org/entity/Q4947089,Borș Solar Park,Solar power station,47.11666667,21.81666667
Romania,Q218,http://www.wikidata.org/entity/Q7426556,Satu Mare Solar Park,Solar power station,47.78333333,22.88333333
Romania,Q218,http://www.wikidata.org/entity/Q16894571,Mândra Solar Park,Solar power station,45.8222,25.0467
Romania,Q218,http://www.wikidata.org/entity/Q5178879,Covaci Solar Park,Solar power station,45.91055556,21.16416667
Romania,Q218,http://www.wikidata.org/entity/Q16892766,Izvoarele Solar Park,Solar power station,44.05,25.8
Romania,Q218,http://www.wikidata.org/entity/Q16899918,Sebiș Solar Park,Solar power station,46.3728,22.1294
Romania,Q218,http://www.wikidata.org/entity/Q16902251,Ucea de Sus Solar Park,Solar power station,45.7333,24.6833
Romania,Q218,http://www.wikidata.org/entity/Q5121218,Ciorani Solar Park,Solar power station,44.83333333,26.4
Romania,Q218,http://www.wikidata.org/entity/Q7459741,Sfântu Gheorghe Solar Park,Solar power station,45.85,25.78333333
Romania,Q218,http://www.wikidata.org/entity/Q123560569,Rătești Solar Park,Solar power station,44.701111111,25.181944444
Romania,Q218,http://www.wikidata.org/entity/Q7190224,Pianu Solar Park,Solar power station,45.93333333,23.48333333
Romania,Q218,http://www.wikidata.org/entity/Q4829440,Avram Iancu Solar Park,Solar power station,46.55,21.85
Romania,Q218,http://www.wikidata.org/entity/Q7524292,Singureni Solar Park,Solar power station,44.23333333,25.95
Uganda,Q1036,http://www.wikidata.org/entity/Q124053979,Ituka Solar Power Station,Solar power station,3.060555555,30.941944444
Uganda,Q1036,http://www.wikidata.org/entity/Q56278464,Busitema Solar Power Station,Solar power station,0.547222222,34.023611111
Uganda,Q1036,http://www.wikidata.org/entity/Q61014536,Nkonge Solar Power Station,Solar power station,0.620556,31.828611
Uganda,Q1036,http://www.wikidata.org/entity/Q25226970,Kabulasoke Solar Power Station,Solar power station,0.1502406,31.8198479
Uganda,Q1036,http://www.wikidata.org/entity/Q25051457,Namugoga Solar Power Station,Solar power station,0.17277778,32.56805556
Uganda,Q1036,http://www.wikidata.org/entity/Q96415694,Xsabo Lira Solarline,Solar power station,2.355277777,32.926944444
Uganda,Q1036,http://www.wikidata.org/entity/Q25049038,Tororo Solar Power Station,Solar power station,0.630777,34.1110426
Uganda,Q1036,http://www.wikidata.org/entity/Q25049048,Soroti Solar Power Station,Solar power station,1.685,33.658
Uganda,Q1036,http://www.wikidata.org/entity/Q18163371,Bukuzindu Hybrid Solar and Thermal Power Station,Solar power station,-0.306944,32.1525
Uganda,Q1036,http://www.wikidata.org/entity/Q25226977,Mayuge Solar Power Station,Solar power station,0.492,33.4304
Kenya,Q114,http://www.wikidata.org/entity/Q63442596,Radiant Solar Power Station,Solar power station,0.4197298,35.3605485
Kenya,Q114,http://www.wikidata.org/entity/Q48803000,Kenyatta University Solar Power Station,Solar power station,-1.18,36.92166667
Kenya,Q114,http://www.wikidata.org/entity/Q113555068,Kisumu Solar Power Station,Solar power station,-0.072222222,34.815
Kenya,Q114,http://www.wikidata.org/entity/Q62640412,Rumuruti Solar Power Station,Solar power station,0.236667,36.546944
Kenya,Q114,http://www.wikidata.org/entity/Q28223317,Garissa Solar Power Station,Solar power station,-0.3349738,39.6060776
Kenya,Q114,http://www.wikidata.org/entity/Q59566970,Kopere Solar Power Station,Solar power station,-0.000555555,35.197222222
Kenya,Q114,http://www.wikidata.org/entity/Q64216398,Malindi Solar Power Station,Solar power station,-3.2024124,39.7501445
Kenya,Q114,http://www.wikidata.org/entity/Q128304259,KenGen Floating Solar Power Station,Solar power station,-0.8075,37.685
Kenya,Q114,http://www.wikidata.org/entity/Q63442603,Eldosol Solar Power Station,Solar power station,0.4140866,35.3594327
Zimbabwe,Q954,http://www.wikidata.org/entity/Q107463201,Kwekwe Solar Power Station,Solar power station,-18.790833333,29.802777777
Zimbabwe,Q954,http://www.wikidata.org/entity/Q111943211,Harava Solar Power Station,Solar power station,-18.116944444,31.256111111
Zimbabwe,Q954,http://www.wikidata.org/entity/Q113297957,Hwange Solar Power Station,Solar power station,-18.648888888,26.973055555
Zimbabwe,Q954,http://www.wikidata.org/entity/Q108123200,Umguza Solar Power Station,Solar power station,-20.006666666,28.193888888
Zimbabwe,Q954,http://www.wikidata.org/entity/Q97402084,Colleen Bawn Solar Power Station,Solar power station,-21.018055555,29.199722222
Zimbabwe,Q954,http://www.wikidata.org/entity/Q111942790,Victoria Falls Solar Power Station,Solar power station,-17.9275,25.848333333
Zimbabwe,Q954,http://www.wikidata.org/entity/Q96374936,Chiredzi Solar Power Station,Solar power station,-21.054166666,31.3825
Zimbabwe,Q954,http://www.wikidata.org/entity/Q108365703,Norton Solar Power Station,Solar power station,-17.999722222,30.615555555
Zimbabwe,Q954,http://www.wikidata.org/entity/Q111943264,Shangani Solar Power Station,Solar power station,-19.786111111,29.358611111
Mali,Q912,http://www.wikidata.org/entity/Q104873273,Kita Solar Power Station,Solar power station,13.030833333,-9.523055555
Mali,Q912,http://www.wikidata.org/entity/Q106616612,Ségou Solar Power Station,Solar power station,13.611388888,-6.360277777
Mali,Q912,http://www.wikidata.org/entity/Q107564273,Tiakadougou–Dialakoro Solar Power Station,Solar power station,11.592777777,-6.951944444
Mali,Q912,http://www.wikidata.org/entity/Q106608875,Fana Solar Power Station,Solar power station,12.827777777,-6.948888888
Mali,Q912,http://www.wikidata.org/entity/Q104880217,Diéma Solar Power Station,Solar power station,14.525277777,-9.188611111
Mali,Q912,http://www.wikidata.org/entity/Q104880001,Touna Solar Power Station,Solar power station,13.120833333,-5.834166666
Mali,Q912,http://www.wikidata.org/entity/Q126489163,Sanankoroba Solar Power Station,Solar power station,12.393611111,-7.945833333
Mali,Q912,http://www.wikidata.org/entity/Q108704341,Sikasso Solar Power Station,Solar power station,11.307777777,-5.606944444
Ukraine,Q212,http://www.wikidata.org/entity/Q4395941,Q4395941,Solar power station,45.038111,33.931188
Ukraine,Q212,http://www.wikidata.org/entity/Q12149884,SES-5,Solar power station,45.402777777,35.863055555
Ukraine,Q212,http://www.wikidata.org/entity/Q2328753,Perovo Solar Park,Solar power station,44.9579,33.9269
Ukraine,Q212,http://www.wikidata.org/entity/Q16680871,Q16680871,Solar power station,44.969412,33.754849
Ukraine,Q212,http://www.wikidata.org/entity/Q48940619,Q48940619,Solar power station,,
Ukraine,Q212,http://www.wikidata.org/entity/Q4340484,Okhotnykovo Solar Park,Solar power station,45.2869,33.5978
Ukraine,Q212,http://www.wikidata.org/entity/Q61373186,Q61373186,Solar power station,,
Ukraine,Q212,http://www.wikidata.org/entity/Q112676007,Tokmak Solar Energy,Solar power station,47.278,35.721
Ukraine,Q212,http://www.wikidata.org/entity/Q14533153,Dunayska solar station,Solar power station,45.982232,29.461212
Ukraine,Q212,http://www.wikidata.org/entity/Q4297014,Q4297014,Solar power station,45.236807,33.675606
Ukraine,Q212,http://www.wikidata.org/entity/Q61373285,Lymanska solar plant,Solar power station,,
Ukraine,Q212,http://www.wikidata.org/entity/Q106414232,Q106414232,Solar power station,,
Ukraine,Q212,http://www.wikidata.org/entity/Q4440403,Starokozache Solar Park,Solar power station,46.3457,30.0018
Burkina Faso,Q965,http://www.wikidata.org/entity/Q126094996,Donsin Solar Power Station,Solar power station,12.583888888,-1.43
Burkina Faso,Q965,http://www.wikidata.org/entity/Q81840658,Q81840658,Solar power station,12.3077256,-1.6362906
Burkina Faso,Q965,http://www.wikidata.org/entity/Q112683447,Tenkodogo Solar Power Station,Solar power station,11.815555555,-0.474166666
Burkina Faso,Q965,http://www.wikidata.org/entity/Q106797579,Pâ Solar Power Station,Solar power station,11.564444444,-3.260555555
Burkina Faso,Q965,http://www.wikidata.org/entity/Q104873810,Zagtouli Solar Power Station,Solar power station,12.413055555,-1.548333333
Burkina Faso,Q965,http://www.wikidata.org/entity/Q109229294,Nagreongo Solar Power Station,Solar power station,12.475555555,-1.203888888
Burkina Faso,Q965,http://www.wikidata.org/entity/Q112161018,Zina Solar Power Station,Solar power station,12.211111111,-2.835277777
Burkina Faso,Q965,http://www.wikidata.org/entity/Q109535935,Kodeni Solar Power Station,Solar power station,11.116388888,-4.376111111
Malawi,Q1020,http://www.wikidata.org/entity/Q59566715,Salima Solar Power Station,Solar power station,-13.7108171,34.3291318
Malawi,Q1020,http://www.wikidata.org/entity/Q123807644,Nanjoka Solar Power Station,Solar power station,-13.742777777,34.369722222
Malawi,Q1020,http://www.wikidata.org/entity/Q106741736,Nkhotakota Solar Power Station,Solar power station,-12.9674029,34.2552804
Malawi,Q1020,http://www.wikidata.org/entity/Q111946532,Bwengu Solar Power Station,Solar power station,-11.057777777,33.916111111
Malawi,Q1020,http://www.wikidata.org/entity/Q110613263,Nkhoma Deka Solar Power Station,Solar power station,-14.051666666,34.108888888
Malawi,Q1020,http://www.wikidata.org/entity/Q130306579,Dwangwa Solar Power Station,Solar power station,-12.4325,34.136944444
Malawi,Q1020,http://www.wikidata.org/entity/Q107366347,Golomoti Solar Power Station,Solar power station,-14.428055555,34.604444444
Zambia,Q953,http://www.wikidata.org/entity/Q108673091,Bangweulu Solar Power Station,Solar power station,-15.511666666,28.431666666
Zambia,Q953,http://www.wikidata.org/entity/Q111941340,Zambia Riverside Solar Power Station,Solar power station,-12.807222222,28.236388888
Zambia,Q953,http://www.wikidata.org/entity/Q109255287,Kalulushi Concentrated Solar Power Station,Solar power station,-12.724166666,28.094722222
Zambia,Q953,http://www.wikidata.org/entity/Q126052714,Choma Solar Power Station,Solar power station,-16.775,27.03
Zambia,Q953,http://www.wikidata.org/entity/Q107694663,Serenje Solar Power Station,Solar power station,-12.758055555,30.577222222
Zambia,Q953,http://www.wikidata.org/entity/Q108770726,Ngonye Solar Power Station,Solar power station,-15.5175,28.428888888
Zambia,Q953,http://www.wikidata.org/entity/Q125843745,Itimpi Solar Power Station,Solar power station,-12.695,28.180833333
Namibia,Q1030,http://www.wikidata.org/entity/Q122941939,Karibib Solar Power Plant,Solar power station,-21.948333333,15.839027777
Namibia,Q1030,http://www.wikidata.org/entity/Q112724635,Kokerboom Solar Power Station,Solar power station,-26.480277777,18.231111111
Namibia,Q1030,http://www.wikidata.org/entity/Q112182702,TeraSun Energy Solar Power Station,Solar power station,-22.412222222,14.999166666
Namibia,Q1030,http://www.wikidata.org/entity/Q113039748,Omburu Solar Power Station,Solar power station,-21.486666666,16.029444444
Namibia,Q1030,http://www.wikidata.org/entity/Q130382170,NamPower Solar Power Station,Solar power station,,
Namibia,Q1030,http://www.wikidata.org/entity/Q108795622,Mariental Solar Power Station,Solar power station,-23.652777777,18.027222222
Namibia,Q1030,http://www.wikidata.org/entity/Q124548037,Otjikoto Solar Power Station,Solar power station,-21.687222222,16.935277777
Namibia,Q1030,http://www.wikidata.org/entity/Q111943721,Khan Solar Power Station,Solar power station,-22.079166666,15.215833333
Botswana,Q963,http://www.wikidata.org/entity/Q114069409,Selebi-Phikwe Solar Power Station,Solar power station,-21.955277777,27.879444444
Botswana,Q963,http://www.wikidata.org/entity/Q114120077,Letlhakane Concentrated Solar Power Station,Solar power station,-21.439722222,25.612222222
Botswana,Q963,http://www.wikidata.org/entity/Q60775544,Phakalane power station,Solar power station,-24.573611,25.968611
Botswana,Q963,http://www.wikidata.org/entity/Q124117115,Mmadinare Solar Power Station,Solar power station,-21.861944444,27.698611111
Botswana,Q963,http://www.wikidata.org/entity/Q108281341,Tati Solar Power Station,Solar power station,-21.52,27.804444444
Botswana,Q963,http://www.wikidata.org/entity/Q130130713,Jwaneng Solar Power Station,Solar power station,-26.605593,24.715937
Botswana,Q963,http://www.wikidata.org/entity/Q114069386,Maun Concentrated Solar Power Station,Solar power station,-20.037222222,23.406111111
Botswana,Q963,http://www.wikidata.org/entity/Q124739833,Palapye Solar Power Station,Solar power station,-22.489722222,27.012777777
Morocco,Q1028,http://www.wikidata.org/entity/Q15264697,Ouarzazate solar power station,Solar power station,31.049166666,-6.869444444
Morocco,Q1028,http://www.wikidata.org/entity/Q15178583,Ain Beni Mathar Integrated Thermo Solar Combined Cycle Power Plant,Solar power station,34.06833333,-2.10472222
Morocco,Q1028,http://www.wikidata.org/entity/Q133728951,Noor I,Solar power station,,
Morocco,Q1028,http://www.wikidata.org/entity/Q133728955,Noor II,Solar power station,,
Morocco,Q1028,http://www.wikidata.org/entity/Q133728961,Noor III,Solar power station,,
Morocco,Q1028,http://www.wikidata.org/entity/Q133728967,Noor IV,Solar power station,,
Italy,Q38,http://www.wikidata.org/entity/Q7371716,Rovigo Photovoltaic Power Plant,Solar power station,45.03583333,11.57222222
Italy,Q38,http://www.wikidata.org/entity/Q7453211,Serenissima Solar Park,Solar power station,44.94305556,11.65333333
Italy,Q38,http://www.wikidata.org/entity/Q5058285,Cellino San Marco Solar Park,Solar power station,40.46666667,17.96666667
Italy,Q38,http://www.wikidata.org/entity/Q3895611,Q3895611,Solar power station,42.9594,11.13345
Italy,Q38,http://www.wikidata.org/entity/Q7419045,Sant'Alberto Solar Park,Solar power station,44.51666667,12.15
Italy,Q38,http://www.wikidata.org/entity/Q4721980,Alfonsine Solar Park,Solar power station,44.56666667,11.98333333
Chile,Q298,http://www.wikidata.org/entity/Q15249886,María Elena Solar Power Plant,Solar power station,-22.16666667,-69.41666667
Chile,Q298,http://www.wikidata.org/entity/Q18395336,Q18395336,Solar power station,,
Chile,Q298,http://www.wikidata.org/entity/Q123357928,Tama Te Ra'a Photovoltaic Plant,Solar power station,-27.162944444,-109.430555555
Chile,Q298,http://www.wikidata.org/entity/Q114775986,Q114775986,Solar power station,-22.484843201,-68.822034998
Chile,Q298,http://www.wikidata.org/entity/Q21044364,Copiapó Solar Project,Solar power station,-27.35,-70.31666667
Chile,Q298,http://www.wikidata.org/entity/Q76824177,Q76824177,Solar power station,-29.131361111,-70.899111111
Chile,Q298,http://www.wikidata.org/entity/Q107963014,Q107963014,Solar power station,-26.2765,-69.9616
Chile,Q298,http://www.wikidata.org/entity/Q16890173,Cerro Dominador Solar Thermal Plant,Solar power station,-22.77191,-69.47994
United Arab Emirates,Q878,http://www.wikidata.org/entity/Q28040249,Mohammed bin Rashid Al Maktoum Solar Park,Solar power station,24.752773263,55.391635555
United Arab Emirates,Q878,http://www.wikidata.org/entity/Q115609,Shams solar power station,Solar power station,23.56944444,53.71388889
United Arab Emirates,Q878,http://www.wikidata.org/entity/Q106982116,Noor Abu Dhabi Solar Power plant,Solar power station,24.542583333,55.443805555
United Arab Emirates,Q878,http://www.wikidata.org/entity/Q117600322,Al Dhafra solar farm,Solar power station,24.137871,54.512459
United Arab Emirates,Q878,http://www.wikidata.org/entity/Q65519315,Noor Abu Dhabi,Solar power station,24.5427193,55.4456887
Ghana,Q117,http://www.wikidata.org/entity/Q113859825,Kaleo Solar Power Station,Solar power station,10.174166666,-2.533611111
Ghana,Q117,http://www.wikidata.org/entity/Q108101904,BXC Solar Power Station,Solar power station,5.372777777,-0.693333333
Ghana,Q117,http://www.wikidata.org/entity/Q25226949,Nzema Solar Power Station,Solar power station,6.15555556,-2.41972222
Ghana,Q117,http://www.wikidata.org/entity/Q25226950,Navrongo Solar Power Station,Solar power station,10.88,-1.10277778
Ghana,Q117,http://www.wikidata.org/entity/Q108084629,Gomoa Onyaadze Solar Power Station,Solar power station,5.346111111,-0.703333333
Sweden,Q34,http://www.wikidata.org/entity/Q56301307,Q56301307,Solar power station,57.78,11.86
Sweden,Q34,http://www.wikidata.org/entity/Q116373658,Skurup Solar PV Park,Solar power station,55.486833333,13.4435
Sweden,Q34,http://www.wikidata.org/entity/Q133868748,Q133868748,Solar power station,56.198457,15.637847
Sweden,Q34,http://www.wikidata.org/entity/Q18816594,Q18816594,Solar power station,59.6786,12.59154
Sweden,Q34,http://www.wikidata.org/entity/Q56301169,Q56301169,Solar power station,57.033169,12.382328
Sweden,Q34,http://www.wikidata.org/entity/Q99450361,Q99450361,Solar power station,58.4377392,15.62703
Sweden,Q34,http://www.wikidata.org/entity/Q18332775,"Solparken, Västerås",Solar power station,59.625277777,16.750833333
Philippines,Q928,http://www.wikidata.org/entity/Q18391815,SaCaSol I,Solar power station,10.86611111,123.73083333
Philippines,Q928,http://www.wikidata.org/entity/Q23048127,Cadiz Solar Power Plant,Solar power station,10.9207839,123.2963983
Philippines,Q928,http://www.wikidata.org/entity/Q23048129,Calatagan Solar Farm,Solar power station,13.9233,120.6701
Philippines,Q928,http://www.wikidata.org/entity/Q18391818,SaCaSol II,Solar power station,10.42277778,122.93666667
Philippines,Q928,http://www.wikidata.org/entity/Q109849386,Nueva Ecija Solar Farm,Solar power station,15.414694444,121.023561111
Algeria,Q262,http://www.wikidata.org/entity/Q125496286,Q125496286,Solar power station,,
Algeria,Q262,http://www.wikidata.org/entity/Q125496287,Q125496287,Solar power station,,
Algeria,Q262,http://www.wikidata.org/entity/Q125496288,Q125496288,Solar power station,,
Algeria,Q262,http://www.wikidata.org/entity/Q125496302,Q125496302,Solar power station,,
Algeria,Q262,http://www.wikidata.org/entity/Q125496301,Q125496301,Solar power station,,
Algeria,Q262,http://www.wikidata.org/entity/Q835854,Hassi R'Mel integrated solar combined cycle power station,Solar power station,33.12472222,3.35194444
Mozambique,Q1029,http://www.wikidata.org/entity/Q107803538,Metoro Solar Power Station,Solar power station,-13.1300117,39.8811435
Mozambique,Q1029,http://www.wikidata.org/entity/Q108444520,Nacala Solar Power Station,Solar power station,-14.4825,40.720277777
Mozambique,Q1029,http://www.wikidata.org/entity/Q111945486,Balama Solar Power Station,Solar power station,-13.306111111,38.666944444
Mozambique,Q1029,http://www.wikidata.org/entity/Q109237692,Lichinga Solar Power Station,Solar power station,-13.298888888,35.232222222
Mozambique,Q1029,http://www.wikidata.org/entity/Q113297956,Chimuara Solar Power Station,Solar power station,-17.778055555,35.401388888
Mozambique,Q1029,http://www.wikidata.org/entity/Q104880823,Mocuba Solar Power Station,Solar power station,-16.822777777,37.034722222
Mozambique,Q1029,http://www.wikidata.org/entity/Q107203380,Cuamba Solar Power Station,Solar power station,-14.7997789,36.5031266
Mozambique,Q1029,http://www.wikidata.org/entity/Q107088030,Dondo Solar Power Station,Solar power station,-19.586944444,34.706388888
Croatia,Q224,http://www.wikidata.org/entity/Q85413733,Vis Solar Farm,Solar power station,43.03794,16.1507
Croatia,Q224,http://www.wikidata.org/entity/Q85413120,Solar power plant Cres,Solar power station,44.8965,14.425
Croatia,Q224,http://www.wikidata.org/entity/Q16113471,Q16113471,Solar power station,,
Croatia,Q224,http://www.wikidata.org/entity/Q85413099,Kaštelir Solar Farm,Solar power station,45.32764,13.67514
Croatia,Q224,http://www.wikidata.org/entity/Q97235066,Q97235066,Solar power station,43.921,16.4171
Canada,Q16,http://www.wikidata.org/entity/Q108542399,Nanticoke Solar Facility,Solar power station,42.8,-80.050277777
Canada,Q16,http://www.wikidata.org/entity/Q3448577,Sarnia Photovoltaic Power Plant,Solar power station,42.9378,-82.3417
Canada,Q16,http://www.wikidata.org/entity/Q4795407,Arnprior Solar Generating Station,Solar power station,45.4083,-76.275
Canada,Q16,http://www.wikidata.org/entity/Q7427401,Sault Ste. Marie Solar Park,Solar power station,46.5378,-84.4378
Canada,Q16,http://www.wikidata.org/entity/Q85810548,Travers Solar Project,Solar power station,50.254444444,-112.730833333
Mongolia,Q711,http://www.wikidata.org/entity/Q121734065,Darkhan Solar Power Plant,Solar power station,49.400416666,105.940944444
Mongolia,Q711,http://www.wikidata.org/entity/Q123125240,Gegeen Solar Power Plant,Solar power station,43.725111111,111.826722222
Mongolia,Q711,http://www.wikidata.org/entity/Q123347136,Murun 10MW Solar Power Plant,Solar power station,49.610416666,100.210444444
Mongolia,Q711,http://www.wikidata.org/entity/Q121608554,Bukhug Solar Power Plant,Solar power station,47.620166666,106.726972222
Mongolia,Q711,http://www.wikidata.org/entity/Q131562028,Gobi Solar Power Plant,Solar power station,44.910416666,110.197833333
Belgium,Q31,http://www.wikidata.org/entity/Q108786850,Q108786850,Solar power station,50.462503,3.823051
Belgium,Q31,http://www.wikidata.org/entity/Q122957256,Q122957256,Solar power station,51.078102,2.598616
Belgium,Q31,http://www.wikidata.org/entity/Q97500466,Q97500466,Solar power station,50.395133,5.870138
Belgium,Q31,http://www.wikidata.org/entity/Q108775915,Parking photovoltaïque de Pairi Daiza,Solar power station,50.589588,3.891817
Angola,Q916,http://www.wikidata.org/entity/Q121990609,Luena Solar Power Station,Solar power station,-11.797777777,19.990555555
Angola,Q916,http://www.wikidata.org/entity/Q118593672,Bíopio photovoltaic power station,Solar power station,-12.3993173,13.7644958
Angola,Q916,http://www.wikidata.org/entity/Q106645616,Quilemba Solar Power Station,Solar power station,-14.8775,13.627222222
Angola,Q916,http://www.wikidata.org/entity/Q118593679,Baía Farta photovoltaic power station,Solar power station,-12.660312,13.1856751
Angola,Q916,http://www.wikidata.org/entity/Q110125960,Caraculo Solar Power Station,Solar power station,-15.017222222,12.658333333
Kazakhstan,Q232,http://www.wikidata.org/entity/Q106281571,Zhangiztobe Solar Plant,Solar power station,49.2251092,81.1870764
Kazakhstan,Q232,http://www.wikidata.org/entity/Q106298395,Kapshagay Solar Plant,Solar power station,43.9682643,77.1132516
Kazakhstan,Q232,http://www.wikidata.org/entity/Q97317043,SES Saran,Solar power station,49.8114871,72.8714132
Kazakhstan,Q232,http://www.wikidata.org/entity/Q122799735,Nurgisa 100 MW Solar Park,Solar power station,43.968361111,77.113055555
Sri Lanka,Q854,http://www.wikidata.org/entity/Q48727856,Sagasolar Power Station,Solar power station,6.23166667,81.08555556
Sri Lanka,Q854,http://www.wikidata.org/entity/Q48727853,Solar One Ceylon Power Station,Solar power station,7.975,81.23611111
Sri Lanka,Q854,http://www.wikidata.org/entity/Q5001029,Hambantota Solar Power Station,Solar power station,6.226111111,81.076388888
Sri Lanka,Q854,http://www.wikidata.org/entity/Q48727250,Laugfs Solar Power Station,Solar power station,6.22972222,81.08
Sri Lanka,Q854,http://www.wikidata.org/entity/Q65090482,Maduru Oya Solar Power Station,Solar power station,7.619444444,81.202777777
Saudi Arabia,Q851,http://www.wikidata.org/entity/Q96150070,Sakaka solar plant,Solar power station,,
Saudi Arabia,Q851,http://www.wikidata.org/entity/Q106435293,Q106435293,Solar power station,,
Saudi Arabia,Q851,http://www.wikidata.org/entity/Q105029835,Green Duba power plant,Solar power station,27.760333,35.4420984
Saudi Arabia,Q851,http://www.wikidata.org/entity/Q105023710,Waad Al Shamal Power Plant,Solar power station,31.6511623,38.860343
Nepal,Q837,http://www.wikidata.org/entity/Q96396979,Nuwakot Solar Power Station,Solar power station,,
Nepal,Q837,http://www.wikidata.org/entity/Q105729487,Mithila 2 Solar PV Station,Solar power station,26.934722222,85.94
Nepal,Q837,http://www.wikidata.org/entity/Q115802677,Mithila Solar PV Station,Solar power station,26.934722222,85.94
Nepal,Q837,http://www.wikidata.org/entity/Q104867727,Butwal Solar PV Project,Solar power station,,
Nepal,Q837,http://www.wikidata.org/entity/Q115801029,Chandranigahpur Solar Project,Solar power station,,
Belarus,Q184,http://www.wikidata.org/entity/Q28669045,Solar II,Solar power station,51.8,30.205555555
Belarus,Q184,http://www.wikidata.org/entity/Q54512454,Q54512454,Solar power station,52.341666666,30.366666666
Belarus,Q184,http://www.wikidata.org/entity/Q28669046,Q28669046,Solar power station,54.965277777,26.634722222
Israel,Q801,http://www.wikidata.org/entity/Q122828859,Q122828859,Solar power station,30.95972,34.66994
Israel,Q801,http://www.wikidata.org/entity/Q2897210,Ashalim power station,Solar power station,30.96269,34.73004
Israel,Q801,http://www.wikidata.org/entity/Q6395591,Ketura Sun,Solar power station,29.964685,35.059385
Israel,Q801,http://www.wikidata.org/entity/Q122828862,Q122828862,Solar power station,30.97807,34.74692
Hungary,Q28,http://www.wikidata.org/entity/Q65074237,Dunai Solar Park,Solar power station,47.3338,18.9053
Hungary,Q28,http://www.wikidata.org/entity/Q65074225,Felsőzsolca Solar Park,Solar power station,48.1,20.883333
Hungary,Q28,http://www.wikidata.org/entity/Q31093036,Pécs Solar Park,Solar power station,46.0596455,18.2573569
Hungary,Q28,http://www.wikidata.org/entity/Q65074339,Mátra Solar Power Plant,Solar power station,47.8,20.05
Jordan,Q810,http://www.wikidata.org/entity/Q55390714,Quweira Solar Power Plant,Solar power station,29.7365007,35.3610983
Jordan,Q810,http://www.wikidata.org/entity/Q125497396,Baynouna Solar Power Plant,Solar power station,31.8764985,36.2140154
Jordan,Q810,http://www.wikidata.org/entity/Q27536726,Shams Ma'an Power Plant,Solar power station,30.151,35.82455556
Senegal,Q1041,http://www.wikidata.org/entity/Q53618155,Senergy 1,Solar power station,15.129667,-16.676306
Senegal,Q1041,http://www.wikidata.org/entity/Q52430750,Senergy 2,Solar power station,16.516666666,-15.466388888
Senegal,Q1041,http://www.wikidata.org/entity/Q112427424,Diass Solar Power Station,Solar power station,14.652777777,-17.103055555
Senegal,Q1041,http://www.wikidata.org/entity/Q30744138,Q30744138,Solar power station,14.473611111,-16.935833333
Senegal,Q1041,http://www.wikidata.org/entity/Q112578164,Niakhar Solar Power Station,Solar power station,14.486944444,-16.336111111
Denmark,Q35,http://www.wikidata.org/entity/Q113452345,Q113452345,Solar power station,56.0029,8.37744
Denmark,Q35,http://www.wikidata.org/entity/Q26309241,Lerchenborg solar farm,Solar power station,55.649452,11.068818
Denmark,Q35,http://www.wikidata.org/entity/Q111416257,Bur solar power station,Solar power station,56.3762,8.4863
Turkey,Q43,http://www.wikidata.org/entity/Q25476853,Q25476853,Solar power station,38.163888888,33.209722222
Turkey,Q43,http://www.wikidata.org/entity/Q18639255,Greenway CSP Mersin Solar Tower Plant,Solar power station,36.8658,34.6097
Turkey,Q43,http://www.wikidata.org/entity/Q30595343,Karapınar Photovoltaic Power Station,Solar power station,37.790833333,33.584722222
Portugal,Q45,http://www.wikidata.org/entity/Q3243422,Moura solar power station,Solar power station,38.18888889,-7.20222222
Portugal,Q45,http://www.wikidata.org/entity/Q18483250,Q18483250,Solar power station,,
Portugal,Q45,http://www.wikidata.org/entity/Q836110,Serpa solar power plant,Solar power station,38.03083333,-7.62277778
Brazil,Q155,http://www.wikidata.org/entity/Q56346983,Nova Olinda Power Station,Solar power station,-8.1968785,-42.557602
Brazil,Q155,http://www.wikidata.org/entity/Q61001448,Pirapora Solar Complex,Solar power station,-17.413,-44.902
Azerbaijan,Q227,http://www.wikidata.org/entity/Q20584533,Q20584533,Solar power station,,
Azerbaijan,Q227,http://www.wikidata.org/entity/Q25540932,Babek solar power station,Solar power station,39.33867,45.44719
Togo,Q945,http://www.wikidata.org/entity/Q125867233,Dapaong Solar Power Station,Solar power station,10.84166667,0.17444444
Togo,Q945,http://www.wikidata.org/entity/Q112892598,Kpalassi Solar Power Station,Solar power station,9.413888888,1.225833333
Togo,Q945,http://www.wikidata.org/entity/Q107481956,Blitta Solar Power Station,Solar power station,8.307777777,1.010277777
Togo,Q945,http://www.wikidata.org/entity/Q108730487,Adétikopé Solar Power Station,Solar power station,6.323055555,1.195277777
Tunisia,Q948,http://www.wikidata.org/entity/Q123111932,Kairouan Solar Power Station,Solar power station,35.809166666,10.154444444
Tunisia,Q948,http://www.wikidata.org/entity/Q106944604,Tataouine photovoltaic power station,Solar power station,,
Tunisia,Q948,http://www.wikidata.org/entity/Q106944611,Tozeur photovoltaic power station,Solar power station,,
Rwanda,Q1037,http://www.wikidata.org/entity/Q25043508,Rwamagana Solar Power Station,Solar power station,-2.02611111,30.37722222
Rwanda,Q1037,http://www.wikidata.org/entity/Q6405916,Kigali Solaire,Solar power station,-1.884781,30.016117
Egypt,Q79,http://www.wikidata.org/entity/Q97280299,Kom Ombo photovoltaic power plant,Solar power station,24.61275,32.795444444
Egypt,Q79,http://www.wikidata.org/entity/Q48989519,Benban Solar Park,Solar power station,24.456,32.739
Tonga,Q678,http://www.wikidata.org/entity/Q124338526,Mata ʻo e Laʻa Solar Facility,Solar power station,-21.189972222,-175.190166666
Tonga,Q678,http://www.wikidata.org/entity/Q124338542,Sunergise 6 MW IPP Solar Generation Systems,Solar power station,-21.1005,-175.348222222
Tonga,Q678,http://www.wikidata.org/entity/Q124338546,Maama Mai Solar Farm,Solar power station,-21.157833333,-175.180444444
Bangladesh,Q902,http://www.wikidata.org/entity/Q102848366,Sutiakhali Solar Power Plant,Solar power station,24.7020028,90.4608035
Bangladesh,Q902,http://www.wikidata.org/entity/Q111795944,Q111795944,Solar power station,,
Argentina,Q414,http://www.wikidata.org/entity/Q110683135,Cauchari Solar Plant,Solar power station,-24.1016899,-66.7138216
Argentina,Q414,http://www.wikidata.org/entity/Q6062516,Q6062516,Solar power station,,
South Korea,Q884,http://www.wikidata.org/entity/Q12581428,LG Taean Solar Power Plant,Solar power station,,
South Korea,Q884,http://www.wikidata.org/entity/Q7521767,Sinan Solar Power Plant,Solar power station,,
Nigeria,Q1033,http://www.wikidata.org/entity/Q105986034,Ashama Solar Power Station,Solar power station,6.165,6.426388888
Nigeria,Q1033,http://www.wikidata.org/entity/Q113213023,ABIBA Solar Power Station,Solar power station,10.504166666,7.178055555
Democratic Republic of the Congo,Q974,http://www.wikidata.org/entity/Q107389169,Kisangani Solar Power Station,Solar power station,0.545555555,25.123611111
Democratic Republic of the Congo,Q974,http://www.wikidata.org/entity/Q124830289,Green Giant Solar Power Station,Solar power station,-4.788611111,16.667777777
Gabon,Q1000,http://www.wikidata.org/entity/Q111941176,Ayémé Solar Power Station,Solar power station,0.473611111,10.018611111
Gabon,Q1000,http://www.wikidata.org/entity/Q111165317,Oyem Solar Power Station,Solar power station,1.596388888,11.551111111
Ivory Coast,Q1008,http://www.wikidata.org/entity/Q107803423,Boundiali Solar Power Station,Solar power station,9.568611111,-6.476666666
Ivory Coast,Q1008,http://www.wikidata.org/entity/Q124504852,Sokhoro Solar Power Station,Solar power station,9.529722222,-5.223888888
Thailand,Q869,http://www.wikidata.org/entity/Q6676130,Lopburi Solar Farm,Solar power station,14.93333333,100.76666667
Jamaica,Q766,http://www.wikidata.org/entity/Q117270382,Eight Rivers Energy,Solar power station,18.2277617,-78.1047464
Jamaica,Q766,http://www.wikidata.org/entity/Q117270372,Content Solar,Solar power station,17.9439001,-77.3087525
Mexico,Q96,http://www.wikidata.org/entity/Q7389668,SEGH-CFE 1,Solar power station,29.91666667,-112.7
Mexico,Q96,http://www.wikidata.org/entity/Q123503776,Villanueva Solar Park,Solar power station,25.5859,-103.045
Cook Islands,Q26988,http://www.wikidata.org/entity/Q97474480,Te Mana O Te Ra solar farm,Solar power station,-21.201177777,-159.800097222
Benin,Q962,http://www.wikidata.org/entity/Q110235974,Illoulofin Solar Power Station,Solar power station,6.966388888,2.651944444
Chad,Q657,http://www.wikidata.org/entity/Q108782215,N'Djamena Amea Solar Power Station,Solar power station,12.144722222,15.030833333
Chad,Q657,http://www.wikidata.org/entity/Q108782310,D'jermaya Solar Power Station,Solar power station,12.386666666,15.036666666
The Gambia,Q1005,http://www.wikidata.org/entity/Q111947629,Soma Solar Power Station,Solar power station,13.436944444,-15.518055555
The Gambia,Q1005,http://www.wikidata.org/entity/Q125635132,Jambur Solar Power Station,Solar power station,13.306388888,-16.690555555
Dominican Republic,Q786,http://www.wikidata.org/entity/Q111010045,Girasol,Solar power station,18.3327529,-70.1959419
Bulgaria,Q219,http://www.wikidata.org/entity/Q7206193,Pobeda Solar Park,Solar power station,43.52111111,24.54166667
Bulgaria,Q219,http://www.wikidata.org/entity/Q6367866,Karadzhalovo Solar Park,Solar power station,42.10472222,25.32166667
Madagascar,Q1019,http://www.wikidata.org/entity/Q111947026,Ambatolampy Solar Power Station,Solar power station,-19.407222222,47.429444444
Latvia,Q211,http://www.wikidata.org/entity/Q4155235,Q4155235,Solar power station,,
Bashkortostan,Q5710,http://www.wikidata.org/entity/Q48947193,Q48947193,Solar power station,51.947777777,58.176388888
Pakistan,Q843,http://www.wikidata.org/entity/Q18389850,Quaid-e-Azam Solar Park,Solar power station,29.319046,71.823661
Djibouti,Q977,http://www.wikidata.org/entity/Q122574608,Amea Grand Bara Solar Power Station,Solar power station,11.123055555,42.688888888
Eswatini,Q1050,http://www.wikidata.org/entity/Q112683435,Edwaleni Solar Power Station,Solar power station,-26.571111111,31.309722222
Costa Rica,Q800,http://www.wikidata.org/entity/Q96393430,Miravalles Solar Park,Solar power station,10.718467,-85.179528
Saint Lucia,Q760,http://www.wikidata.org/entity/Q118418687,Vieux Fort Solar Farm,Solar power station,13.737527777,-60.961027777
South Sudan,Q958,http://www.wikidata.org/entity/Q112609908,Juba Solar Power Station,Solar power station,4.869444444,31.489722222
Niger,Q1032,http://www.wikidata.org/entity/Q108685227,Gourou Banda Solar Power Station,Solar power station,13.425555555,2.120833333
Guinea,Q1006,http://www.wikidata.org/entity/Q107223266,Khoumagueli Solar Power Station,Solar power station,11.7675,-12.682222222
Norway,Q20,http://www.wikidata.org/entity/Q131155305,Q131155305,Solar power station,61.37534,11.16726
Qatar,Q846,http://www.wikidata.org/entity/Q134278642,Al-Kharsaah Solar Power Plant,Solar power station,25.239611111,51.015416666
Oman,Q842,http://www.wikidata.org/entity/Q114356180,Ibri II Solar Power Plant,Solar power station,23.3695199,56.2335634
Burundi,Q967,http://www.wikidata.org/entity/Q112274344,Mubuga Solar Power Station,Solar power station,-3.374722222,29.987222222
Aruba,Q21203,http://www.wikidata.org/entity/Q124096683,Sunrise Solar Park,Solar power station,12.432333333,-69.889888888
Bhutan,Q917,http://www.wikidata.org/entity/Q123375874,Sephu Solar Power Plant,Solar power station,27.5170888,90.2938349
Tanzania,Q924,http://www.wikidata.org/entity/Q107739972,Kishapu Solar Power Station,Solar power station,-3.636388888,33.701944444
Seychelles,Q1042,http://www.wikidata.org/entity/Q123310350,Ile de Romainville Solar Park,Solar power station,-4.626861111,55.471277777
