country_name,country_qid,entity,label,type,latitude,longitude
India,Q668,http://www.wikidata.org/entity/Q24949052,Singareni Thermal Power Plant,Coal-fired power station,18.828884927,79.573073376
India,Q668,http://www.wikidata.org/entity/Q120425172,Nawapara Thermal Power Station,Coal-fired power station,22.1312942,83.2636964
India,Q668,http://www.wikidata.org/entity/Q96759848,Panipat Thermal Power Station,Coal-fired power station,29.396963,76.8765006
India,Q668,http://www.wikidata.org/entity/Q120426312,Bandhakhar Thermal Power Station,Coal-fired power station,22.3423903,82.4295241
India,Q668,http://www.wikidata.org/entity/Q120485562,Khambarkhera Thermal Power Station,Coal-fired power station,28.0168418,80.830273
India,Q668,http://www.wikidata.org/entity/Q28169385,Matrishri Usha Jayaswal Mega Power Plant,Coal-fired power station,23.7383691,84.7791123
India,Q668,http://www.wikidata.org/entity/Q119666279,Jaypee Nigrie Supercritical Thermal Power Plant,Coal-fired power station,24.1497983,81.9050369
India,Q668,http://www.wikidata.org/entity/Q111028413,Simhapuri Power Plant,Coal-fired power station,14.2045031,80.086695
India,Q668,http://www.wikidata.org/entity/Q119998670,Sembcorp Gayatri Power Limited,Coal-fired power station,14.3516163,80.1449096
India,Q668,http://www.wikidata.org/entity/Q19891267,DBPL Baradarha Thermal Power Station,Coal-fired power station,21.9104205,83.1873715
India,Q668,http://www.wikidata.org/entity/Q48732417,NTPL Thermal Power Station,Coal-fired power station,8.75888889,78.18188889
India,Q668,http://www.wikidata.org/entity/Q117049184,Thermal Power Plant Kalakote,Coal-fired power station,33.2176,74.4211
India,Q668,http://www.wikidata.org/entity/Q19882295,Bhadradri Thermal Power Plant,Coal-fired power station,18.0272413,80.7347429
India,Q668,http://www.wikidata.org/entity/Q24937165,Katwa Super Thermal Power Station,Coal-fired power station,23.60222222,88.07722222
India,Q668,http://www.wikidata.org/entity/Q24944034,Vizag Thermal Power Station,Coal-fired power station,17.5637345,83.1396496
India,Q668,http://www.wikidata.org/entity/Q120426956,Renki Thermal Power Station,Coal-fired power station,22.2926205,82.5255954
India,Q668,http://www.wikidata.org/entity/Q19456858,Anuppur Thermal Power Project,Coal-fired power station,23.0650837,81.7854023
India,Q668,http://www.wikidata.org/entity/Q116036357,Uchpinda Thermal Power Station,Coal-fired power station,21.8868876,83.1212389
India,Q668,http://www.wikidata.org/entity/Q24949843,Jawaharpur Super Thermal Power Station,Coal-fired power station,27.4966234,78.826797
India,Q668,http://www.wikidata.org/entity/Q120485561,Utraula Thermal Power Station,Coal-fired power station,27.3459777,82.3158574
India,Q668,http://www.wikidata.org/entity/Q20706924,Khargone Super Thermal Power Station,Coal-fired power station,22.05694444,75.84388889
India,Q668,http://www.wikidata.org/entity/Q120424181,BALCO Thermal Power Station,Coal-fired power station,22.3974874,82.7406611
India,Q668,http://www.wikidata.org/entity/Q118983764,DPL Thermal Power Station,Coal-fired power station,23.5193096,87.3052942
India,Q668,http://www.wikidata.org/entity/Q24949078,MPCL Thermal Power Station,Coal-fired power station,20.922,84.99
India,Q668,http://www.wikidata.org/entity/Q120485563,Kundarkhi Thermal Power Station,Coal-fired power station,27.0788922,82.0836049
India,Q668,http://www.wikidata.org/entity/Q108821997,Meenakshi Power Plant Nellore,Coal-fired power station,14.2124284,80.0898814
India,Q668,http://www.wikidata.org/entity/Q85749693,Buxar thermal power plant,Coal-fired power station,25.462204,83.882643
India,Q668,http://www.wikidata.org/entity/Q24948985,Telangana Super Thermal Power Project,Coal-fired power station,18.755,79.47694444
India,Q668,http://www.wikidata.org/entity/Q120485564,Barkhera Thermal Power Station,Coal-fired power station,28.47261,79.8065704
India,Q668,http://www.wikidata.org/entity/Q120428561,Swastik Power and Mineral Resources Private Limited,Coal-fired power station,22.2996393,82.7044022
India,Q668,http://www.wikidata.org/entity/Q120427338,Chakabura Thermal Power Station,Coal-fired power station,22.3932038,82.5533724
India,Q668,http://www.wikidata.org/entity/Q30632738,Bhavnagar Thermal Power Station,Coal-fired power station,21.5822737,72.22278
India,Q668,http://www.wikidata.org/entity/Q56274878,Khurja Super Thermal Power Plant,Coal-fired power station,28.166757,77.903188
India,Q668,http://www.wikidata.org/entity/Q119998705,Painampuram Thermal Power Station,Coal-fired power station,14.3295279,80.14153
India,Q668,http://www.wikidata.org/entity/Q111048081,Mahadev Prasad Super Thermal Power Plant,Coal-fired power station,22.8367185,86.0621416
India,Q668,http://www.wikidata.org/entity/Q24947558,Uppur Thermal Power Project,Coal-fired power station,9.584833333,78.908611111
India,Q668,http://www.wikidata.org/entity/Q48728551,Mutiara Thermal Power Plant,Coal-fired power station,8.91444444,78.1445
India,Q668,http://www.wikidata.org/entity/Q114045206,Godda Thermal Power Station,Coal-fired power station,24.8120096,87.1432272
India,Q668,http://www.wikidata.org/entity/Q24906108,Darlipali Super Thermal Power Station,Coal-fired power station,21.9634051,83.8925886
India,Q668,http://www.wikidata.org/entity/Q56276849,Aditya Captive Power Plant,Coal-fired power station,21.7235,84.0153
India,Q668,http://www.wikidata.org/entity/Q48732419,Cuddalore IL&FS Thermal Power Station,Coal-fired power station,11.52161111,79.75183333
India,Q668,http://www.wikidata.org/entity/Q119634974,GMR Warora Thermal Power Station,Coal-fired power station,20.2797896,78.975563
India,Q668,http://www.wikidata.org/entity/Q24947561,Yadadri Thermal Power Plant,Coal-fired power station,16.706883,79.5789957
India,Q668,http://www.wikidata.org/entity/Q54306562,Patratu Super Thermal Power Project(Keshav),Coal-fired power station,23.6423219,85.2930799
India,Q668,http://www.wikidata.org/entity/Q119592190,Udangudi Thermal Power Station,Coal-fired power station,8.4371821,78.0605113
India,Q668,http://www.wikidata.org/entity/Q19894329,Nabinagar Thermal Power Project,Coal-fired power station,24.706194,84.0894306
India,Q668,http://www.wikidata.org/entity/Q120485565,Maqsoodapur Thermal Power Station,Coal-fired power station,28.2447685,79.9973345
India,Q668,http://www.wikidata.org/entity/Q120426675,Ratija Thermal Power Station,Coal-fired power station,22.3399938,82.4927759
India,Q668,http://www.wikidata.org/entity/Q19899118,Yermarus Thermal Power Station,Coal-fired power station,16.29111111,77.3525
India,Q668,http://www.wikidata.org/entity/Q120423357,Binjkote Thermal Power Station,Coal-fired power station,22.011685,83.2058036
India,Q668,http://www.wikidata.org/entity/Q120427378,Kasaipali Thermal Power Station,Coal-fired power station,22.3888738,82.5539893
India,Q668,http://www.wikidata.org/entity/Q15991700,Patratu Thermal Power Station,Coal-fired power station,23.6423219,85.2930799
India,Q668,http://www.wikidata.org/entity/Q11964547,Dahanu Thermal Power Station,Coal-fired power station,19.954552,72.7484607
India,Q668,http://www.wikidata.org/entity/Q16944537,Vedanta Jharsuguda Captive Power Plant,Coal-fired power station,21.816752,84.041825
India,Q668,http://www.wikidata.org/entity/Q16919014,JSW Ratnagiri Power Station,Coal-fired power station,17.297036123,73.212676042
India,Q668,http://www.wikidata.org/entity/Q15196468,Bandel Thermal Power Station,Coal-fired power station,22.99516667,88.40525
India,Q668,http://www.wikidata.org/entity/Q7426453,Satpura Thermal Power Station,Coal-fired power station,22.112531,78.174756
India,Q668,http://www.wikidata.org/entity/Q15209027,Chandrapura Thermal Power Station,Coal-fired power station,23.73994444,86.11286111
India,Q668,http://www.wikidata.org/entity/Q11962632,Butibori Power Project,Coal-fired power station,20.928444,78.9335918
India,Q668,http://www.wikidata.org/entity/Q16973684,Amravati Thermal Power Project,Coal-fired power station,21.0805559,77.901628
India,Q668,http://www.wikidata.org/entity/Q7283704,Raichur Thermal Power Station,Coal-fired power station,16.355,77.34194444
India,Q668,http://www.wikidata.org/entity/Q15198264,Bellary Thermal Power station,Coal-fired power station,15.19208333,76.71772222
India,Q668,http://www.wikidata.org/entity/Q16937186,Goindwal Sahib Power Plant,Coal-fired power station,31.38333333,75.15
India,Q668,http://www.wikidata.org/entity/Q7288754,Ramagundam B Thermal Power Station,Coal-fired power station,18.769926555,79.449412817
India,Q668,http://www.wikidata.org/entity/Q17059519,Jindal Tamnar Thermal Power Plant,Coal-fired power station,22.1041897,83.4494662
India,Q668,http://www.wikidata.org/entity/Q12000573,Singrauli Super Thermal Power Station,Coal-fired power station,24.105168,82.706384
India,Q668,http://www.wikidata.org/entity/Q15401797,Mauda Super Thermal Power Station,Coal-fired power station,21.1797,79.3978
India,Q668,http://www.wikidata.org/entity/Q15991754,Southern Thermal Power Station,Coal-fired power station,22.5491345,88.2915133
India,Q668,http://www.wikidata.org/entity/Q7967045,Wanakbori Thermal Power Station,Coal-fired power station,22.8762227,73.3606372
India,Q668,http://www.wikidata.org/entity/Q16910964,Renusagar Power Plant,Coal-fired power station,24.1816,82.792
India,Q668,http://www.wikidata.org/entity/Q11978559,Jhajjar Power Station,Coal-fired power station,28.489166666,76.351388888
India,Q668,http://www.wikidata.org/entity/Q7682395,Tanda thermal power plant,Coal-fired power station,26.5891963,82.600181
India,Q668,http://www.wikidata.org/entity/Q15991722,Dhariwal Power Station,Coal-fired power station,20.0109054,79.2036903
India,Q668,http://www.wikidata.org/entity/Q11998427,Rauza Thermal Power Plant,Coal-fired power station,27.8186,79.9374
India,Q668,http://www.wikidata.org/entity/Q15991753,Titagarh Thermal Power Station,Coal-fired power station,22.7317927,88.3704776
India,Q668,http://www.wikidata.org/entity/Q15991760,Budge Budge Thermal Power Station,Coal-fired power station,22.4689802,88.1399202
India,Q668,http://www.wikidata.org/entity/Q15401787,Mundra Ultra Mega Power Plant,Coal-fired power station,22.816,69.5283
India,Q668,http://www.wikidata.org/entity/Q12006136,Tuticorin Thermal Power Station,Coal-fired power station,8.76417,78.1767
India,Q668,http://www.wikidata.org/entity/Q15233575,Kanti Thermal Power Station,Coal-fired power station,26.07,85.24
India,Q668,http://www.wikidata.org/entity/Q11963416,Chandrapur Super Thermal Power Station,Coal-fired power station,20.004968,79.291334
India,Q668,http://www.wikidata.org/entity/Q16943918,Essar Salaya Power Plant,Coal-fired power station,22.3054071,69.7099095
India,Q668,http://www.wikidata.org/entity/Q15991647,Tiroda Thermal Power Station,Coal-fired power station,21.4095353,79.966017
India,Q668,http://www.wikidata.org/entity/Q17053426,Kalisindh Thermal Power Station,Coal-fired power station,24.531571,76.0988027
India,Q668,http://www.wikidata.org/entity/Q11999601,Sasan Ultra Mega Power Project,Coal-fired power station,23.9777,82.6264
India,Q668,http://www.wikidata.org/entity/Q16946943,Mahan Power Plant,Coal-fired power station,24.0076595,82.4160736
India,Q668,http://www.wikidata.org/entity/Q15991723,Haldia Energy Power Station,Coal-fired power station,22.1053925,88.1766558
India,Q668,http://www.wikidata.org/entity/Q16948608,Bongaigaon Thermal Power Station,Coal-fired power station,26.4406,90.3619
India,Q668,http://www.wikidata.org/entity/Q16935528,Durgapur Steel Thermal Power Station,Coal-fired power station,23.58555556,87.20861111
India,Q668,http://www.wikidata.org/entity/Q16968782,Vedanta Jharsuguda Power Plant,Coal-fired power station,21.788396,84.055109
India,Q668,http://www.wikidata.org/entity/Q16963844,Raghunathpur Thermal Power Station,Coal-fired power station,23.53333333,86.66666667
India,Q668,http://www.wikidata.org/entity/Q16976467,KSK Mahanadi Power Project,Coal-fired power station,21.9617334,82.4129534
India,Q668,http://www.wikidata.org/entity/Q7585812,Sri Damodaram Sanjeevaiah Thermal Power Station,Coal-fired power station,14.328207712,80.12323736
India,Q668,http://www.wikidata.org/entity/Q7645459,"सूरतगढ़ थर्मल पावर प्लांट श्रीगंगानगर ,राजस्थान",Coal-fired power station,29.1817,74.0194
India,Q668,http://www.wikidata.org/entity/Q11978558,Jhabua Thermal Power Project,Coal-fired power station,22.737,79.911
India,Q668,http://www.wikidata.org/entity/Q11999079,Sagardighi Thermal Power Station.,Coal-fired power station,24.36825,88.10116667
India,Q668,http://www.wikidata.org/entity/Q11996994,Raikheda Power Plant,Coal-fired power station,21.4502763,81.8549487
India,Q668,http://www.wikidata.org/entity/Q15991682,Kawai Thermal Power Station,Coal-fired power station,24.7775977,76.7363799
India,Q668,http://www.wikidata.org/entity/Q7679080,Talcher Super Thermal Power Station,Coal-fired power station,21.0883,85.0806
India,Q668,http://www.wikidata.org/entity/Q15223227,Hasdeo Thermal Power Station,Coal-fired power station,22.4118,82.6888
India,Q668,http://www.wikidata.org/entity/Q15238994,Kolaghat Thermal Power Station,Coal-fired power station,22.41555556,87.87
India,Q668,http://www.wikidata.org/entity/Q7517708,Simhadri Super Thermal Power Plant,Coal-fired power station,17.5938,83.0897
India,Q668,http://www.wikidata.org/entity/Q16948227,Talwandi Sabo Power Project,Coal-fired power station,29.9235475,75.2364349
India,Q668,http://www.wikidata.org/entity/Q16930658,JSW Vijayanagar Power Station,Coal-fired power station,15.1863506,76.6634238
India,Q668,http://www.wikidata.org/entity/Q11959949,Lanco Babandh Power Plant,Coal-fired power station,20.8267864,85.2958131
India,Q668,http://www.wikidata.org/entity/Q7420017,Santaldih Thermal Power Station,Coal-fired power station,23.598,86.474
India,Q668,http://www.wikidata.org/entity/Q16968877,RattanIndia Nashik Thermal Power Station,Coal-fired power station,19.8663265,74.0833425
India,Q668,http://www.wikidata.org/entity/Q16964130,Rajpura Thermal Power Plant,Coal-fired power station,30.557066,76.5769761
India,Q668,http://www.wikidata.org/entity/Q7333903,Rihand Thermal Power Station,Coal-fired power station,24.02666667,82.79
India,Q668,http://www.wikidata.org/entity/Q11992992,Ib Thermal Power Station,Coal-fired power station,21.691365,83.862479
India,Q668,http://www.wikidata.org/entity/Q7418432,Sanjay Gandhi Thermal Power Station,Coal-fired power station,23.3058,81.065
India,Q668,http://www.wikidata.org/entity/Q15196740,Barh Super Thermal Power Station,Coal-fired power station,25.4865,85.74516667
India,Q668,http://www.wikidata.org/entity/Q11990788,Udupi Thermal Power Plant,Coal-fired power station,13.15972222,74.8
India,Q668,http://www.wikidata.org/entity/Q15196878,Barsingsar Thermal Power Station,Coal-fired power station,27.850308,73.20116
India,Q668,http://www.wikidata.org/entity/Q16927793,Trombay Thermal Power Station,Coal-fired power station,19.0018976,72.8991473
India,Q668,http://www.wikidata.org/entity/Q15215012,Dr Shyama Prasad Mukharjee Thermal Power Station,Coal-fired power station,22.369682,82.721321
India,Q668,http://www.wikidata.org/entity/Q16909715,Jojobera Power Plant,Coal-fired power station,22.7557,86.2492
India,Q668,http://www.wikidata.org/entity/Q16961767,Adani Korba West Power Station,Coal-fired power station,21.7436754,83.2748651
India,Q668,http://www.wikidata.org/entity/Q15991696,BPSCL Power Plant,Coal-fired power station,23.686,86.093
India,Q668,http://www.wikidata.org/entity/Q16917818,Hirakud Captive Power Plant,Coal-fired power station,21.529762,83.908647
India,Q668,http://www.wikidata.org/entity/Q16934765,Indira Gandhi Super Thermal Power Project,Coal-fired power station,28.4786,76.3753
India,Q668,http://www.wikidata.org/entity/Q15717503,Kudgi Super Thermal Power Project,Coal-fired power station,16.5,75.8333
India,Q668,http://www.wikidata.org/entity/Q16956907,Wardha Warora Power Plant,Coal-fired power station,20.2725938,78.9802623
India,Q668,http://www.wikidata.org/entity/Q11957667,Lanco Amarkantak Power Plant,Coal-fired power station,22.2437814,82.7244329
India,Q668,http://www.wikidata.org/entity/Q11992622,North Karanpura Thermal Power Station,Coal-fired power station,23.85055556,85.01222222
India,Q668,http://www.wikidata.org/entity/Q11979879,Kahalgaon Super Thermal Power Station,Coal-fired power station,25.24,87.26472222
India,Q668,http://www.wikidata.org/entity/Q7679081,Talcher Thermal Power Station,Coal-fired power station,20.9103,85.2067
India,Q668,http://www.wikidata.org/entity/Q11987885,Maithon Power Plant,Coal-fired power station,23.8203103,86.7599666
India,Q668,http://www.wikidata.org/entity/Q15196654,Barauni Thermal Power Station,Coal-fired power station,25.400803505,86.022251833
India,Q668,http://www.wikidata.org/entity/Q16902514,Vallur Thermal Power Station,Coal-fired power station,13.2339,80.3058
India,Q668,http://www.wikidata.org/entity/Q7932339,Vindhyachal Thermal Power Station,Coal-fired power station,24.0939,82.6689
India,Q668,http://www.wikidata.org/entity/Q12009684,Lanco Vidarbha Thermal Power Plant,Coal-fired power station,20.8224242,78.4864247
India,Q668,http://www.wikidata.org/entity/Q7298370,Rayalaseema Thermal Power Station,Coal-fired power station,14.7,78.46
India,Q668,http://www.wikidata.org/entity/Q11983043,Lanco Anpara Power Plant,Coal-fired power station,24.2044645,82.7975541
India,Q668,http://www.wikidata.org/entity/Q7525601,Sipat Thermal Power Plant,Coal-fired power station,22.1316,82.292
India,Q668,http://www.wikidata.org/entity/Q17049314,Angul Thermal Power Station,Coal-fired power station,21.1262382,84.985519
India,Q668,http://www.wikidata.org/entity/Q11979976,Kamalanga Thermal Power Plant,Coal-fired power station,20.870865,85.2673048
India,Q668,http://www.wikidata.org/entity/Q7878260,Ukai Thermal Power Station,Coal-fired power station,21.2101,73.5573
India,Q668,http://www.wikidata.org/entity/Q7286122,Rajghat Power Station,Coal-fired power station,28.6369592,77.2543236
India,Q668,http://www.wikidata.org/entity/Q7513765,Sikka Thermal Power Station,Coal-fired power station,22.421,69.828
India,Q668,http://www.wikidata.org/entity/Q7286221,Rajiv Gandhi Thermal Power Station,Coal-fired power station,29.3471556,75.8598896
India,Q668,http://www.wikidata.org/entity/Q16916767,Bina Thermal Power Plant,Coal-fired power station,24.312998,78.1310213
India,Q668,http://www.wikidata.org/entity/Q16947069,Korba Thermal Power Station,Coal-fired power station,22.3836904,82.7187306
India,Q668,http://www.wikidata.org/entity/Q16934766,Koderma Thermal Power Station,Coal-fired power station,24.390049,85.5623495
India,Q668,http://www.wikidata.org/entity/Q18127969,Meja Thermal Power Station,Coal-fired power station,25.1456925,81.9407236
India,Q668,http://www.wikidata.org/entity/Q17060319,JSW Barmer Power Station,Coal-fired power station,25.895411,71.3249433
India,Q668,http://www.wikidata.org/entity/Q7138893,Parli Thermal Power Station,Coal-fired power station,18.868768,76.526127
India,Q668,http://www.wikidata.org/entity/Q17779795,Tata Haldia power plant,Coal-fired power station,22.0543204,88.1218314
India,Q668,http://www.wikidata.org/entity/Q5620372,Guru Hargobind Thermal Plant,Coal-fired power station,30.2674397,75.1644015
India,Q668,http://www.wikidata.org/entity/Q4849532,Bakreshwar Thermal Power Station,Coal-fired power station,23.8333,87.45
India,Q668,http://www.wikidata.org/entity/Q6349291,Kakatiya Thermal Power Station,Coal-fired power station,18.3841356,79.826372
India,Q668,http://www.wikidata.org/entity/Q17747196,Gadarwara Super Thermal Power Plant,Coal-fired power station,22.8561,78.8567
India,Q668,http://www.wikidata.org/entity/Q6400459,Khaparkheda Thermal Power Station,Coal-fired power station,21.276138,79.121518
India,Q668,http://www.wikidata.org/entity/Q4740304,Amarkantak Thermal Power Station,Coal-fired power station,23.162615,81.634683
India,Q668,http://www.wikidata.org/entity/Q17747188,NSPCL Bhilai Power Plant,Coal-fired power station,21.1857799,81.42287
India,Q668,http://www.wikidata.org/entity/Q3446163,Obra Thermal Power Station,Coal-fired power station,24.4454,82.9801
India,Q668,http://www.wikidata.org/entity/Q5379238,Ennore Thermal Power Station,Coal-fired power station,13.20138889,80.31166667
India,Q668,http://www.wikidata.org/entity/Q5656355,Harduaganj Thermal Power Station,Coal-fired power station,28.0175,78.13
India,Q668,http://www.wikidata.org/entity/Q5304541,Dr Narla Tata Rao Thermal Power Station,Coal-fired power station,16.5967644,80.5408132
India,Q668,http://www.wikidata.org/entity/Q17747162,Sabarmati Thermal Power Station,Coal-fired power station,23.0706608,72.5925171
India,Q668,http://www.wikidata.org/entity/Q5250039,Deenbandhu Chhotu Ram Thermal Power Station,Coal-fired power station,30.109568,77.325511
India,Q668,http://www.wikidata.org/entity/Q18358221,Shree Singaji Thermal Power Project,Coal-fired power station,22.1028,76.5361
India,Q668,http://www.wikidata.org/entity/Q6433975,Kothagudem Thermal Power Station,Coal-fired power station,17.62,80.69
India,Q668,http://www.wikidata.org/entity/Q6431466,Korba Super Thermal Power Plant,Coal-fired power station,22.3858,82.6816
India,Q668,http://www.wikidata.org/entity/Q7054795,North Chennai Thermal Power Station,Coal-fired power station,13.2475,80.32666667
India,Q668,http://www.wikidata.org/entity/Q6955491,NTPC Ramagundam,Coal-fired power station,18.755,79.45611111
India,Q668,http://www.wikidata.org/entity/Q4938735,Bokaro Thermal Power Station,Coal-fired power station,23.78527778,85.88
India,Q668,http://www.wikidata.org/entity/Q18125091,Ghatampur Thermal Power Station,Coal-fired power station,25.9759279,80.1884794
India,Q668,http://www.wikidata.org/entity/Q7137023,Parichha Thermal Power Station,Coal-fired power station,25.5141524,78.7578106
India,Q668,http://www.wikidata.org/entity/Q5620368,Guru Gobind Singh Super Thermal Power Plant,Coal-fired power station,31.0428,76.5849
India,Q668,http://www.wikidata.org/entity/Q7131187,Panipat Thermal Power Station II,Coal-fired power station,29.3975978,76.8736974
India,Q668,http://www.wikidata.org/entity/Q3445852,Panki Thermal Power Station,Coal-fired power station,26.477046,80.24104
India,Q668,http://www.wikidata.org/entity/Q18922729,LARA Super Thermal Power Project,Coal-fired power station,21.7492,83.4656
India,Q668,http://www.wikidata.org/entity/Q7131190,Panipat Thermal Power Station I,Coal-fired power station,29.3972295,76.8810008
India,Q668,http://www.wikidata.org/entity/Q6825517,Mettur Thermal Power Station,Coal-fired power station,11.77194444,77.81361111
India,Q668,http://www.wikidata.org/entity/Q17086365,Solapur Super Thermal Power Station,Coal-fired power station,17.5544,75.9831
India,Q668,http://www.wikidata.org/entity/Q17776165,Girye Ultra Mega Power Plant,Coal-fired power station,16.5,73.4
India,Q668,http://www.wikidata.org/entity/Q5316424,Durgapur Thermal Power Station,Coal-fired power station,23.53111111,87.25027778
India,Q668,http://www.wikidata.org/entity/Q17747135,Akrimota Thermal Power Station,Coal-fired power station,23.769788,68.645427
India,Q668,http://www.wikidata.org/entity/Q18128697,Neyveli Zero Lignite Power Station,Coal-fired power station,11.54202,79.4150323
India,Q668,http://www.wikidata.org/entity/Q6431326,Koradi Thermal Power Station,Coal-fired power station,21.24888889,79.09888889
India,Q668,http://www.wikidata.org/entity/Q6433826,Kota Super Thermal Power Plant,Coal-fired power station,25.1717,75.8169
India,Q668,http://www.wikidata.org/entity/Q5564120,Giral Lignite Power Plant,Coal-fired power station,26.0425088,71.2506536
India,Q668,http://www.wikidata.org/entity/Q7021491,Neyveli Thermal Power plant,Coal-fired power station,11.5928,79.4714
India,Q668,http://www.wikidata.org/entity/Q5434790,Farakka Super Thermal Power Station,Coal-fired power station,24.7725,87.89416667
India,Q668,http://www.wikidata.org/entity/Q5435281,Faridabad Thermal Power Station,Coal-fired power station,28.374,77.307
India,Q668,http://www.wikidata.org/entity/Q6810485,Mejia Thermal Power Station,Coal-fired power station,23.46027778,87.13472222
India,Q668,http://www.wikidata.org/entity/Q6448364,Kutch Thermal Power Station,Coal-fired power station,23.6624909,68.7838766
India,Q668,http://www.wikidata.org/entity/Q5094738,Chhabra supercritical Thermal Power Plant,Coal-fired power station,24.6236,77.0383
India,Q668,http://www.wikidata.org/entity/Q6955488,NTPC Dadri,Coal-fired power station,28.6003,77.6085
India,Q668,http://www.wikidata.org/entity/Q18127878,Marwa Thermal Power Plant,Coal-fired power station,22.0710747,82.6025319
India,Q668,http://www.wikidata.org/entity/Q5620398,Guru Nanak Dev Thermal Plant,Coal-fired power station,30.2344785,74.9254596
India,Q668,http://www.wikidata.org/entity/Q4902216,Bhusawal Thermal Power Station,Coal-fired power station,21.043812,75.846562
India,Q668,http://www.wikidata.org/entity/Q17747154,Surat Thermal Power Station,Coal-fired power station,21.3960349,73.1076824
India,Q668,http://www.wikidata.org/entity/Q18388595,Tenughat Thermal Power Station,Coal-fired power station,23.7262297,85.7644164
India,Q668,http://www.wikidata.org/entity/Q18110236,Bara Thermal Power Station,Coal-fired power station,25.1974997,81.6578984
India,Q668,http://www.wikidata.org/entity/Q5520742,Gandhinagar Thermal Power Station,Coal-fired power station,23.24916667,72.67083333
India,Q668,http://www.wikidata.org/entity/Q18128408,Nabinagar Super Thermal Power Project,Coal-fired power station,24.7761852,84.1571081
India,Q668,http://www.wikidata.org/entity/Q4840630,Badarpur Thermal Power Station,Coal-fired power station,28.5056,77.3069
India,Q668,http://www.wikidata.org/entity/Q6935882,Mundra Thermal Power Station,Coal-fired power station,22.82277778,69.55277778
India,Q668,http://www.wikidata.org/entity/Q18127114,Lalitpur Thermal Power Station,Coal-fired power station,24.7974291,78.6460161
India,Q668,http://www.wikidata.org/entity/Q3446157,Anpara Thermal Power Station,Coal-fired power station,24.203509,82.7880589
India,Q668,http://www.wikidata.org/entity/Q7135861,Paras Thermal Power Station,Coal-fired power station,20.718548,76.800056
India,Q668,http://www.wikidata.org/entity/Q6966850,Nashik Thermal Power Station,Coal-fired power station,19.979721,73.891168
India,Q668,http://www.wikidata.org/entity/Q5445210,Feroze Gandhi Unchahar Thermal Power Plant,Coal-fired power station,25.9146,81.3274
Australia,Q408,http://www.wikidata.org/entity/Q125358755,Muja C Unit 6 Power Station,Coal-fired power station,-33.445875,116.307528
Australia,Q408,http://www.wikidata.org/entity/Q7653563,Swanbank Power Stations,Coal-fired power station,-27.6598,152.813
Australia,Q408,http://www.wikidata.org/entity/Q7263616,Pyrmont Power Station,Coal-fired power station,-33.8683,151.195
Australia,Q408,http://www.wikidata.org/entity/Q7963055,Wallerawang Power Station,Coal-fired power station,-33.4039,150.084
Australia,Q408,http://www.wikidata.org/entity/Q7305456,Redbank Power Station,Coal-fired power station,-32.58,151.072
Australia,Q408,http://www.wikidata.org/entity/Q7203324,Playford B Power Station,Coal-fired power station,-32.538886,137.781822
Australia,Q408,http://www.wikidata.org/entity/Q2944656,Callide Power Station,Coal-fired power station,-24.3472,150.609
Australia,Q408,http://www.wikidata.org/entity/Q4852341,Balmain Power Station,Coal-fired power station,-33.8597,151.166
Australia,Q408,http://www.wikidata.org/entity/Q11990135,Mount Piper Power Station,Coal-fired power station,-33.3589,150.032
Australia,Q408,http://www.wikidata.org/entity/Q2944653,Bayswater Power Station,Coal-fired power station,-32.3958,150.949
Australia,Q408,http://www.wikidata.org/entity/Q2944646,Eraring Power Station,Coal-fired power station,-33.0622,151.52
Australia,Q408,http://www.wikidata.org/entity/Q1440627,Anglesea Power Station,Coal-fired power station,-38.389,144.181
Australia,Q408,http://www.wikidata.org/entity/Q5139629,Cockle Creek Power Station,Coal-fired power station,-32.9416,151.606
Australia,Q408,http://www.wikidata.org/entity/Q2944709,Tarong Power Station,Coal-fired power station,-26.7811,151.915
Australia,Q408,http://www.wikidata.org/entity/Q11990196,Munmorah Power Station,Coal-fired power station,-33.2118,151.542
Australia,Q408,http://www.wikidata.org/entity/Q125564710,MUJA_G8,Coal-fired power station,-33.4463,116.307
Australia,Q408,http://www.wikidata.org/entity/Q7911515,Vales Point Power Station,Coal-fired power station,-33.1606,151.542
Australia,Q408,http://www.wikidata.org/entity/Q5147151,Collie Power Station,Coal-fired power station,-33.342,116.262
Australia,Q408,http://www.wikidata.org/entity/Q2944708,Tarong North Power Station,Coal-fired power station,-26.7761,151.914
Australia,Q408,http://www.wikidata.org/entity/Q2944702,Stanwell Power Station,Coal-fired power station,-23.5097,150.319
Australia,Q408,http://www.wikidata.org/entity/Q6450455,Kwinana Power Station,Coal-fired power station,-32.1986,115.775
Australia,Q408,http://www.wikidata.org/entity/Q6413585,Kingston Powerhouse,Coal-fired power station,-35.311,149.143
Australia,Q408,http://www.wikidata.org/entity/Q7994460,White Bay Power Station,Coal-fired power station,-33.8667,151.177
Australia,Q408,http://www.wikidata.org/entity/Q5147465,Collinsville Power Station,Coal-fired power station,-20.5433,147.807
Australia,Q408,http://www.wikidata.org/entity/Q125446596,BW1 BLUEWATERS G2,Coal-fired power station,-33.329661503,116.226547196
Australia,Q408,http://www.wikidata.org/entity/Q1165095,Loy Yang Power Station,Coal-fired power station,-38.2544,146.577
Australia,Q408,http://www.wikidata.org/entity/Q4997819,Bunnerong Power Station,Coal-fired power station,-33.9714,151.227
Australia,Q408,http://www.wikidata.org/entity/Q6543608,Liddell Power Station,Coal-fired power station,-32.3719,150.977
Australia,Q408,http://www.wikidata.org/entity/Q7576187,Spencer Street Power Station,Coal-fired power station,-37.8148,144.953
Australia,Q408,http://www.wikidata.org/entity/Q5529851,Geelong Power Station,Coal-fired power station,-38.14611111,144.36361111
Australia,Q408,http://www.wikidata.org/entity/Q125446699,BW2_BLUEWATERS_G1,Coal-fired power station,-33.329706324,116.226450637
Australia,Q408,http://www.wikidata.org/entity/Q6933294,Muja Power Station,Coal-fired power station,-33.4463,116.307
Australia,Q408,http://www.wikidata.org/entity/Q38251296,Playford A Power Station,Coal-fired power station,-32.538886,137.781822
Australia,Q408,http://www.wikidata.org/entity/Q125521941,COLLIE G1,Coal-fired power station,-33.341664936,116.262436787
Australia,Q408,http://www.wikidata.org/entity/Q5376905,Energy Brix Power Station,Coal-fired power station,-38.2546,146.414
Australia,Q408,http://www.wikidata.org/entity/Q8047501,Yallourn Power Station,Coal-fired power station,-38.1783,146.339
Australia,Q408,http://www.wikidata.org/entity/Q5566351,Gladstone Power Station,Coal-fired power station,-23.8507,151.219
Australia,Q408,http://www.wikidata.org/entity/Q6859892,Millmerran Power Station,Coal-fired power station,-27.9617,151.279
Australia,Q408,http://www.wikidata.org/entity/Q7967873,Wangi Power Station,Coal-fired power station,-33.0658,151.5744
Australia,Q408,http://www.wikidata.org/entity/Q6425761,Kogan Creek Power Station,Coal-fired power station,-26.9164,150.749
Australia,Q408,http://www.wikidata.org/entity/Q7700523,Tennyson Power Station,Coal-fired power station,-27.5246,153.006
Australia,Q408,http://www.wikidata.org/entity/Q7058867,Northern Power Station,Coal-fired power station,-32.5429,137.787
Australia,Q408,http://www.wikidata.org/entity/Q1786119,Hazelwood Power Station,Coal-fired power station,-38.2728,146.392
Australia,Q408,http://www.wikidata.org/entity/Q14935280,Richmond Power Station,Coal-fired power station,-37.8322,144.9941
Australia,Q408,http://www.wikidata.org/entity/Q125522006,MUJA_G7,Coal-fired power station,-33.44606969,116.306541839
Australia,Q408,http://www.wikidata.org/entity/Q17001515,Bluewaters Power Station,Coal-fired power station,-33.330601487,116.227815744
Russia,Q159,http://www.wikidata.org/entity/Q679340,Kashira Power Plant,Coal-fired power station,54.85805557,38.25972223
Russia,Q159,http://www.wikidata.org/entity/Q4325436,Novosibirsk Thermal Power Plant 5,Coal-fired power station,55.00556,83.06056
Russia,Q159,http://www.wikidata.org/entity/Q21639926,Q21639926,Coal-fired power station,66.040833333,60.156944444
Russia,Q159,http://www.wikidata.org/entity/Q4508682,CHPP-2,Coal-fired power station,55.15333333,61.49972222
Russia,Q159,http://www.wikidata.org/entity/Q460046,Konakovo Power Station,Coal-fired power station,56.74305556,36.77027778
Russia,Q159,http://www.wikidata.org/entity/Q4408346,Saransk CHP-2,Coal-fired power station,54.21583333,45.20805556
Russia,Q159,http://www.wikidata.org/entity/Q4273871,Magadan Thermal Power Plant,Coal-fired power station,59.58347222,150.7869444
Russia,Q159,http://www.wikidata.org/entity/Q28648147,Q28648147,Coal-fired power station,48.05361,142.1875
Russia,Q159,http://www.wikidata.org/entity/Q820764,Beryozovskaya GRES,Coal-fired power station,55.57944444,89.0725
Russia,Q159,http://www.wikidata.org/entity/Q25426936,Q25426936,Coal-fired power station,58.050957,102.807036
Russia,Q159,http://www.wikidata.org/entity/Q4325435,Novosibirsk CHPP-4,Coal-fired power station,55.1,82.99
Russia,Q159,http://www.wikidata.org/entity/Q4494338,Q4494338,Coal-fired power station,48.41361111,135.1175
Russia,Q159,http://www.wikidata.org/entity/Q4203280,Q4203280,Coal-fired power station,52.46219444,103.9790833
Russia,Q159,http://www.wikidata.org/entity/Q4412617,Q4412617,Coal-fired power station,56.6175,84.81166667
Russia,Q159,http://www.wikidata.org/entity/Q3430237,Southern Kuzbass GRES,Coal-fired power station,53.51222223,87.26527779
Russia,Q159,http://www.wikidata.org/entity/Q25426948,Q25426948,Coal-fired power station,55.0016,73.4877
Russia,Q159,http://www.wikidata.org/entity/Q4508681,Chelyabinsk TETs-1,Coal-fired power station,55.13388889,61.4775
Russia,Q159,http://www.wikidata.org/entity/Q3432259,Shatura Power Station,Coal-fired power station,55.58333333,39.56111111
Russia,Q159,http://www.wikidata.org/entity/Q25426938,Q25426938,Coal-fired power station,56.8399,60.8409
Russia,Q159,http://www.wikidata.org/entity/Q4312224,Nazarovo power station,Coal-fired power station,56.03722222,90.3475
France,Q142,http://www.wikidata.org/entity/Q17748376,Q17748376,Coal-fired power station,43.953838165,2.141389825
France,Q142,http://www.wikidata.org/entity/Q65923030,Q65923030,Coal-fired power station,-21.279747228,55.397202367
France,Q142,http://www.wikidata.org/entity/Q17162669,Q17162669,Coal-fired power station,49.151005,7.036185
France,Q142,http://www.wikidata.org/entity/Q2944654,Cordemais Power Station,Coal-fired power station,47.2759,-1.87785
France,Q142,http://www.wikidata.org/entity/Q65770196,Q65770196,Coal-fired power station,45.566666666,4.805555555
France,Q142,http://www.wikidata.org/entity/Q1839493,Provence Power Station,Coal-fired power station,43.469438888,5.486111111
France,Q142,http://www.wikidata.org/entity/Q16039769,Bouchain power station,Coal-fired power station,50.298888888,3.313888888
France,Q142,http://www.wikidata.org/entity/Q2944715,Centrale thermique de Vitry-sur-Seine,Coal-fired power station,48.7921,2.4177
France,Q142,http://www.wikidata.org/entity/Q17750568,Blénod power station,Coal-fired power station,48.868952,6.081725
France,Q142,http://www.wikidata.org/entity/Q16303524,Centrale thermique d'Hornaing,Coal-fired power station,50.373845691,3.340214576
France,Q142,http://www.wikidata.org/entity/Q65923053,Q65923053,Coal-fired power station,-20.9142559,55.6351399
France,Q142,http://www.wikidata.org/entity/Q22996997,Centrale électrique de Fay-aux-Loges,Coal-fired power station,47.937133,2.150531
France,Q142,http://www.wikidata.org/entity/Q2944718,Centrale thermique du Havre,Coal-fired power station,49.47555556,0.14833333
France,Q142,http://www.wikidata.org/entity/Q19378689,La Maxe power plant,Coal-fired power station,49.1567308,6.1909049
France,Q142,http://www.wikidata.org/entity/Q65922679,Q65922679,Coal-fired power station,16.3046676,-61.3264432
France,Q142,http://www.wikidata.org/entity/Q28496355,Émile-Huchet,Coal-fired power station,49.1524433,6.7024201
France,Q142,http://www.wikidata.org/entity/Q2944672,Centrale thermique de Lucy,Coal-fired power station,46.6675,4.35162
Poland,Q36,http://www.wikidata.org/entity/Q990952,Jaworzno Power Station,Coal-fired power station,50.206666666,19.203333333
Poland,Q36,http://www.wikidata.org/entity/Q8080562,Łaziska Power Station,Coal-fired power station,50.1336,18.8414
Poland,Q36,http://www.wikidata.org/entity/Q19377929,Konin Power Station,Coal-fired power station,52.28534,18.26888
Poland,Q36,http://www.wikidata.org/entity/Q1546242,Bełchatów Power Station,Coal-fired power station,51.26626,19.32684
Poland,Q36,http://www.wikidata.org/entity/Q801764,Q801764,Coal-fired power station,50.51580048,16.49665833
Poland,Q36,http://www.wikidata.org/entity/Q6377825,Katowice Power Station,Coal-fired power station,50.285591666,19.053908333
Poland,Q36,http://www.wikidata.org/entity/Q11771990,Elektrownia,Coal-fired power station,51.3981,21.1498
Poland,Q36,http://www.wikidata.org/entity/Q6405238,Kielce Power Station,Coal-fired power station,50.897778,20.616667
Poland,Q36,http://www.wikidata.org/entity/Q11696582,Halemba Power Station,Coal-fired power station,50.2325,18.851944444
Poland,Q36,http://www.wikidata.org/entity/Q2216198,Kawęczyn Heat Plant,Coal-fired power station,52.268056,21.128611
Poland,Q36,http://www.wikidata.org/entity/Q779196,Chorzów Power Station,Coal-fired power station,50.308167,18.969583
Poland,Q36,http://www.wikidata.org/entity/Q9390228,Ostrołęka Power Station,Coal-fired power station,53.10361111,21.6125
Poland,Q36,http://www.wikidata.org/entity/Q3503862,Połaniec Power Station,Coal-fired power station,50.437364,21.337103
Poland,Q36,http://www.wikidata.org/entity/Q9252500,Opole Power Station,Coal-fired power station,50.7514,17.8839
Poland,Q36,http://www.wikidata.org/entity/Q11696554,Szombierki Heat Power Station,Coal-fired power station,50.345,18.886388888
Poland,Q36,http://www.wikidata.org/entity/Q1418949,Turów power station,Coal-fired power station,50.94725,14.912056
Poland,Q36,http://www.wikidata.org/entity/Q3504783,Siersza Power Station,Coal-fired power station,50.206111,19.4625
Poland,Q36,http://www.wikidata.org/entity/Q1786249,Żerań Power Station,Coal-fired power station,52.294444,20.993611
Poland,Q36,http://www.wikidata.org/entity/Q742665,Bielsko-Biała Power Plant,Coal-fired power station,49.812,19.052
Poland,Q36,http://www.wikidata.org/entity/Q1786153,Kozienice Power Station,Coal-fired power station,51.665277777,21.464444444
Poland,Q36,http://www.wikidata.org/entity/Q8081139,Łódź Heat Power Stations,Coal-fired power station,51.745556,19.537778
Poland,Q36,http://www.wikidata.org/entity/Q11994866,Pątnów Power Station,Coal-fired power station,52.301111111,18.236111111
Poland,Q36,http://www.wikidata.org/entity/Q7385772,Rzeszów Power Station,Coal-fired power station,50.064167,22.030278
Poland,Q36,http://www.wikidata.org/entity/Q751203,Rybnik Power Station,Coal-fired power station,50.133055555,18.523055555
Poland,Q36,http://www.wikidata.org/entity/Q5529380,Gdańsk Power Station,Coal-fired power station,54.378306,18.641694
Poland,Q36,http://www.wikidata.org/entity/Q1786207,Siekierki Power Station,Coal-fired power station,52.189722,21.089444
Poland,Q36,http://www.wikidata.org/entity/Q1786042,Adamów Power Station,Coal-fired power station,52.011111111,18.545556111
Poland,Q36,http://www.wikidata.org/entity/Q1164234,Dolna Odra Power Station,Coal-fired power station,53.206667,14.464722
Poland,Q36,http://www.wikidata.org/entity/Q8080403,Łagisza Power Station,Coal-fired power station,50.3492,19.1444
People's Republic of China,Q148,http://www.wikidata.org/entity/Q19383013,Q19383013,Coal-fired power station,26.7575,119.7373
People's Republic of China,Q148,http://www.wikidata.org/entity/Q19385958,Huaneng Qinbei Power Plant,Coal-fired power station,35.1697,112.7155
People's Republic of China,Q148,http://www.wikidata.org/entity/Q19398798,Q19398798,Coal-fired power station,38.4428,106.123
People's Republic of China,Q148,http://www.wikidata.org/entity/Q19383014,Q19383014,Coal-fired power station,37.845,106.787
People's Republic of China,Q148,http://www.wikidata.org/entity/Q19398795,Q19398795,Coal-fired power station,27.7763,114.909
People's Republic of China,Q148,http://www.wikidata.org/entity/Q19381624,Q19381624,Coal-fired power station,34.6182,115.2928
People's Republic of China,Q148,http://www.wikidata.org/entity/Q19388375,Q19388375,Coal-fired power station,46.563,131.668
People's Republic of China,Q148,http://www.wikidata.org/entity/Q19398757,Q19398757,Coal-fired power station,44.4364,88.7606
People's Republic of China,Q148,http://www.wikidata.org/entity/Q19398889,Q19398889,Coal-fired power station,38.0575,106.691
People's Republic of China,Q148,http://www.wikidata.org/entity/Q19388351,Q19388351,Coal-fired power station,22.9817,113.8887
People's Republic of China,Q148,http://www.wikidata.org/entity/Q19398821,Q19398821,Coal-fired power station,27.579,106.6545
People's Republic of China,Q148,http://www.wikidata.org/entity/Q19388372,Q19388372,Coal-fired power station,43.52806,123.46528
People's Republic of China,Q148,http://www.wikidata.org/entity/Q55633053,Shenzhen Mawan Thermal Power Station,Coal-fired power station,22.48,113.872
People's Republic of China,Q148,http://www.wikidata.org/entity/Q19380312,Q19380312,Coal-fired power station,33.5666,114.0333
People's Republic of China,Q148,http://www.wikidata.org/entity/Q86753878,Banqiao Power Station,Coal-fired power station,31.951193,118.633301
People's Republic of China,Q148,http://www.wikidata.org/entity/Q19398931,Zhanjiang and Tiaoshun Power Plant,Coal-fired power station,21.3098,110.4094
People's Republic of China,Q148,http://www.wikidata.org/entity/Q19398940,Q19398940,Coal-fired power station,32.8718,114.043
People's Republic of China,Q148,http://www.wikidata.org/entity/Q19385852,Q19385852,Coal-fired power station,35.7527,114.983333
People's Republic of China,Q148,http://www.wikidata.org/entity/Q19398792,Huadian Xinxiang Power Plant,Coal-fired power station,35.3276712,113.4917094
People's Republic of China,Q148,http://www.wikidata.org/entity/Q19380789,Q19380789,Coal-fired power station,31.751,118.4815
People's Republic of China,Q148,http://www.wikidata.org/entity/Q19388369,Q19388369,Coal-fired power station,34.7315,112.7558
People's Republic of China,Q148,http://www.wikidata.org/entity/Q19398786,Q19398786,Coal-fired power station,28.8611,115.978
People's Republic of China,Q148,http://www.wikidata.org/entity/Q19385961,Q19385961,Coal-fired power station,37.9003,105.939
People's Republic of China,Q148,http://www.wikidata.org/entity/Q19385955,Q19385955,Coal-fired power station,22.966,112.1075
People's Republic of China,Q148,http://www.wikidata.org/entity/Q19398833,Q19398833,Coal-fired power station,34.40999985,112.5
People's Republic of China,Q148,http://www.wikidata.org/entity/Q19398932,Wuhu Power Plant,Coal-fired power station,31.4521972,118.3454561
People's Republic of China,Q148,http://www.wikidata.org/entity/Q107180649,Huaneng Weihai Power Plant,Coal-fired power station,37.449301,122.2070296
People's Republic of China,Q148,http://www.wikidata.org/entity/Q19380790,Q19380790,Coal-fired power station,31.534,118.4137
People's Republic of China,Q148,http://www.wikidata.org/entity/Q107181978,Shanxi Huaneng Zuoquan Power Plant,Coal-fired power station,37.0692564,113.3531839
People's Republic of China,Q148,http://www.wikidata.org/entity/Q19388374,Q19388374,Coal-fired power station,46.6793,131.169
People's Republic of China,Q148,http://www.wikidata.org/entity/Q19392440,Q19392440,Coal-fired power station,44.3553,86.0423
People's Republic of China,Q148,http://www.wikidata.org/entity/Q19391089,Q19391089,Coal-fired power station,26.6795,104.8052
People's Republic of China,Q148,http://www.wikidata.org/entity/Q19386693,Huaneng Rizhao Power Plant,Coal-fired power station,35.3461979,119.511804
People's Republic of China,Q148,http://www.wikidata.org/entity/Q19380311,Luoding Power Plant,Coal-fired power station,22.8042295,111.618547
People's Republic of China,Q148,http://www.wikidata.org/entity/Q19398936,Q19398936,Coal-fired power station,39.67611,123.20639
People's Republic of China,Q148,http://www.wikidata.org/entity/Q19398590,Huadian Weifang Power Plant,Coal-fired power station,36.665493,119.2642307
People's Republic of China,Q148,http://www.wikidata.org/entity/Q19382536,Q19382536,Coal-fired power station,25.4393,119.3394
People's Republic of China,Q148,http://www.wikidata.org/entity/Q19398793,Q19398793,Coal-fired power station,35.4037,113.93
People's Republic of China,Q148,http://www.wikidata.org/entity/Q19398836,Q19398836,Coal-fired power station,39.307,106.73
People's Republic of China,Q148,http://www.wikidata.org/entity/Q19385054,Guizhou Pannan Power Plant,Coal-fired power station,25.469,104.5918
People's Republic of China,Q148,http://www.wikidata.org/entity/Q19391944,Q19391944,Coal-fired power station,26.8295,106.2657
People's Republic of China,Q148,http://www.wikidata.org/entity/Q19388323,Shanwei Power Plant,Coal-fired power station,22.7059,115.5548
People's Republic of China,Q148,http://www.wikidata.org/entity/Q107191119,Pu'an Power Plant,Coal-fired power station,25.5250593,104.9753362
People's Republic of China,Q148,http://www.wikidata.org/entity/Q19388531,Q19388531,Coal-fired power station,43.15417,124.40083
People's Republic of China,Q148,http://www.wikidata.org/entity/Q19379493,Q19379493,Coal-fired power station,38.14080048,106.56719971
People's Republic of China,Q148,http://www.wikidata.org/entity/Q19379350,Jiangsu Ligang Power Plant,Coal-fired power station,31.940466,120.0758886
People's Republic of China,Q148,http://www.wikidata.org/entity/Q19387045,Huaneng Ruijin Power Plant,Coal-fired power station,25.9245,115.1025
People's Republic of China,Q148,http://www.wikidata.org/entity/Q19379193,Q19379193,Coal-fired power station,26.3855,112.8585
People's Republic of China,Q148,http://www.wikidata.org/entity/Q19379302,Q19379302,Coal-fired power station,42.8725,125.16139
People's Republic of China,Q148,http://www.wikidata.org/entity/Q19385065,Q19385065,Coal-fired power station,26.0109,104.516
People's Republic of China,Q148,http://www.wikidata.org/entity/Q19379491,Ningxia Lingwu power station,Coal-fired power station,38.148,106.346
People's Republic of China,Q148,http://www.wikidata.org/entity/Q107198973,Fuxi Power Plant,Coal-fired power station,28.6670932,104.689322
People's Republic of China,Q148,http://www.wikidata.org/entity/Q107182123,Huaneng Anyuan Power Plant,Coal-fired power station,27.6479332,114.0039244
People's Republic of China,Q148,http://www.wikidata.org/entity/Q19398933,Q19398933,Coal-fired power station,37.5895,105.706
People's Republic of China,Q148,http://www.wikidata.org/entity/Q19388364,Q19388364,Coal-fired power station,39.29,106.78
People's Republic of China,Q148,http://www.wikidata.org/entity/Q19398937,Q19398937,Coal-fired power station,22.814,113.5678
People's Republic of China,Q148,http://www.wikidata.org/entity/Q64859794,Cangnan Power Station,Coal-fired power station,27.498333333,120.662222222
People's Republic of China,Q148,http://www.wikidata.org/entity/Q19380916,Q19380916,Coal-fired power station,38.1732,106.5705
People's Republic of China,Q148,http://www.wikidata.org/entity/Q19398815,Q19398815,Coal-fired power station,40.51888,120.3237
People's Republic of China,Q148,http://www.wikidata.org/entity/Q11963424,Changshu Power Plants,Coal-fired power station,31.757,120.9753
People's Republic of China,Q148,http://www.wikidata.org/entity/Q11960438,Beijiang Power Station,Coal-fired power station,39.218888888,117.930555555
People's Republic of China,Q148,http://www.wikidata.org/entity/Q11971552,Huaneng Beijing Co-generation Power Plant,Coal-fired power station,39.886,116.5325
People's Republic of China,Q148,http://www.wikidata.org/entity/Q11975988,Huaneng Nantong Power Plant,Coal-fired power station,32.0329004,120.7689071
People's Republic of China,Q148,http://www.wikidata.org/entity/Q9662389,Jiaxing Power Station,Coal-fired power station,30.6294,121.147
People's Republic of China,Q148,http://www.wikidata.org/entity/Q11973668,Huaneng Haimen Power Plant,Coal-fired power station,23.1881,116.6539
People's Republic of China,Q148,http://www.wikidata.org/entity/Q11973169,Guigang Power Station,Coal-fired power station,23.8287,108.8692
People's Republic of China,Q148,http://www.wikidata.org/entity/Q11975979,Huaneng Fuzhou Power Plant,Coal-fired power station,25.9906,119.4817
People's Republic of China,Q148,http://www.wikidata.org/entity/Q11960441,Q11960441,Coal-fired power station,21.781,109.0161
People's Republic of China,Q148,http://www.wikidata.org/entity/Q11975989,Huaneng Shanghai Shidongkou Second Power Plant,Coal-fired power station,31.4658728,121.4016019
People's Republic of China,Q148,http://www.wikidata.org/entity/Q11970563,Q11970563,Coal-fired power station,41.9978,121.662
People's Republic of China,Q148,http://www.wikidata.org/entity/Q11968698,Q11968698,Coal-fired power station,28.194,115.7096
People's Republic of China,Q148,http://www.wikidata.org/entity/Q11975998,Tianjin Huaneng Yangliuqing Cogeneration Power Plant,Coal-fired power station,39.1513,117.0376
People's Republic of China,Q148,http://www.wikidata.org/entity/Q11975970,Q11975970,Coal-fired power station,32.6692,117.0252
People's Republic of China,Q148,http://www.wikidata.org/entity/Q11958464,Q11958464,Coal-fired power station,36.1195,114.2754
People's Republic of China,Q148,http://www.wikidata.org/entity/Q11586776,Huaneng Shanghai Shidongkou Power Plant,Coal-fired power station,31.4649453,121.4040145
People's Republic of China,Q148,http://www.wikidata.org/entity/Q11973114,Q11973114,Coal-fired power station,22.857,113.515
People's Republic of China,Q148,http://www.wikidata.org/entity/Q7635606,Suizhong Power Station,Coal-fired power station,40.0794,120.008
People's Republic of China,Q148,http://www.wikidata.org/entity/Q11958356,Q11958356,Coal-fired power station,26.219855,105.6870719
People's Republic of China,Q148,http://www.wikidata.org/entity/Q11964795,Q11964795,Coal-fired power station,32.6854,117.0778
People's Republic of China,Q148,http://www.wikidata.org/entity/Q11974584,Q11974584,Coal-fired power station,35.8512,114.179
People's Republic of China,Q148,http://www.wikidata.org/entity/Q11975995,Huaneng Shantou Coal-Fired Power Plant,Coal-fired power station,23.3255,116.7361
People's Republic of China,Q148,http://www.wikidata.org/entity/Q11968469,Q11968469,Coal-fired power station,21.5927,108.3942
People's Republic of China,Q148,http://www.wikidata.org/entity/Q11974625,Q11974625,Coal-fired power station,31.915,117.2513
People's Republic of China,Q148,http://www.wikidata.org/entity/Q11971550,Gaojing Power Station,Coal-fired power station,39.94,116.1295
People's Republic of China,Q148,http://www.wikidata.org/entity/Q11975779,Q11975779,Coal-fired power station,24.7299,118.749
People's Republic of China,Q148,http://www.wikidata.org/entity/Q11964455,Q11964455,Coal-fired power station,27.0973,105.5617
People's Republic of China,Q148,http://www.wikidata.org/entity/Q11968356,Q11968356,Coal-fired power station,26.3253,104.7697
People's Republic of China,Q148,http://www.wikidata.org/entity/Q11968704,Q11968704,Coal-fired power station,32.75043,116.65
People's Republic of China,Q148,http://www.wikidata.org/entity/Q11964797,Q11964797,Coal-fired power station,33.9666,116.7756
People's Republic of China,Q148,http://www.wikidata.org/entity/Q11963513,Q11963513,Coal-fired power station,38.0513,117.238
People's Republic of China,Q148,http://www.wikidata.org/entity/Q11975993,Huaneng Shang’an Power Plant,Coal-fired power station,38.0569788,114.1959929
People's Republic of China,Q148,http://www.wikidata.org/entity/Q11975978,Huaneng Dandong Power Plant,Coal-fired power station,39.83833,124.14583
People's Republic of China,Q148,http://www.wikidata.org/entity/Q11060768,Pingwei Power Plant,Coal-fired power station,32.6843,116.9015
People's Republic of China,Q148,http://www.wikidata.org/entity/Q11974274,Q11974274,Coal-fired power station,45.7105,126.67
People's Republic of China,Q148,http://www.wikidata.org/entity/Q11958458,Q11958458,Coal-fired power station,28.641,106.753
People's Republic of China,Q148,http://www.wikidata.org/entity/Q11964760,Dabu Power Station,Coal-fired power station,24.404,116.587
People's Republic of China,Q148,http://www.wikidata.org/entity/Q9880909,Q9880909,Coal-fired power station,27.8282,112.9963
People's Republic of China,Q148,http://www.wikidata.org/entity/Q11975987,Huaneng Nanjing Power Plant,Coal-fired power station,32.2076541,118.7527656
People's Republic of China,Q148,http://www.wikidata.org/entity/Q11965613,Yunnan Diandong Yuwang Energy,Coal-fired power station,25.1027091,104.6176422
People's Republic of China,Q148,http://www.wikidata.org/entity/Q11960551,Q11960551,Coal-fired power station,32.775,117.102
People's Republic of China,Q148,http://www.wikidata.org/entity/Q11975980,Huaneng Dalian power plant,Coal-fired power station,39.01472,121.72444
People's Republic of China,Q148,http://www.wikidata.org/entity/Q10917954,Houshi Power Station,Coal-fired power station,24.3048,118.1256
People's Republic of China,Q148,http://www.wikidata.org/entity/Q11975965,Q11975965,Coal-fired power station,29.579,111.3946
People's Republic of China,Q148,http://www.wikidata.org/entity/Q11975981,Huaneng Chaohu Power Plant,Coal-fired power station,31.6515868,117.8228116
People's Republic of China,Q148,http://www.wikidata.org/entity/Q11975969,Anhui Huadian Wuhu Power Plant,Coal-fired power station,31.2395,118.152
People's Republic of China,Q148,http://www.wikidata.org/entity/Q11975984,Huaneng Hegang Power Plant,Coal-fired power station,47.0966398,130.2995081
People's Republic of China,Q148,http://www.wikidata.org/entity/Q11149729,Q11149729,Coal-fired power station,39.31823889,106.85739167
People's Republic of China,Q148,http://www.wikidata.org/entity/Q11975983,Huaneng Huaiyin Power Plant,Coal-fired power station,33.5966527,118.9614042
People's Republic of China,Q148,http://www.wikidata.org/entity/Q11974623,Q11974623,Coal-fired power station,31.794,117.56
People's Republic of China,Q148,http://www.wikidata.org/entity/Q11975997,Yimin Power Station,Coal-fired power station,48.549722,119.773889
People's Republic of China,Q148,http://www.wikidata.org/entity/Q11975991,Huaneng Shanghai Shidongkou First Power Plant,Coal-fired power station,31.463077,121.407181
People's Republic of China,Q148,http://www.wikidata.org/entity/Q11975982,Huaneng Haikou Power Station,Coal-fired power station,19.9593321,110.031842
People's Republic of China,Q148,http://www.wikidata.org/entity/Q11964653,Q11964653,Coal-fired power station,42.7408,93.4456
People's Republic of China,Q148,http://www.wikidata.org/entity/Q11963430,Changxing Power Plant,Coal-fired power station,30.9137589,119.9627638
People's Republic of China,Q148,http://www.wikidata.org/entity/Q11975780,Q11975780,Coal-fired power station,43.7434,87.6409
People's Republic of China,Q148,http://www.wikidata.org/entity/Q11975781,Q11975781,Coal-fired power station,43.7434,87.6409
People's Republic of China,Q148,http://www.wikidata.org/entity/Q11975973,Q11975973,Coal-fired power station,33.868,116.8594
People's Republic of China,Q148,http://www.wikidata.org/entity/Q11963440,Sanbaimen Power Station,Coal-fired power station,23.5661,117.0969
People's Republic of China,Q148,http://www.wikidata.org/entity/Q11960007,Huaneng Shandong Zibo Baiyanghe Power Plant,Coal-fired power station,36.4724001,117.8423488
People's Republic of China,Q148,http://www.wikidata.org/entity/Q11974997,Q11974997,Coal-fired power station,23.064,113.4997
People's Republic of China,Q148,http://www.wikidata.org/entity/Q11970564,Q11970564,Coal-fired power station,25.4393,119.3394
People's Republic of China,Q148,http://www.wikidata.org/entity/Q11975977,Huaneng Dezhou Power Plant,Coal-fired power station,37.4501621,116.2423896
People's Republic of China,Q148,http://www.wikidata.org/entity/Q11975985,Huaneng Jining Power Plant,Coal-fired power station,35.3964142,116.5537941
People's Republic of China,Q148,http://www.wikidata.org/entity/Q11975966,Anhui Huadian Lu'an Power Plant,Coal-fired power station,31.6572437,116.4916598
People's Republic of China,Q148,http://www.wikidata.org/entity/Q11978620,Q11978620,Coal-fired power station,29.7403,116.0362
People's Republic of China,Q148,http://www.wikidata.org/entity/Q11978624,Huaneng Jiutai Power Plant,Coal-fired power station,44.1071943,125.9258294
People's Republic of China,Q148,http://www.wikidata.org/entity/Q11996700,Qinzhou Power Station,Coal-fired power station,21.7011165,108.6239505
People's Republic of China,Q148,http://www.wikidata.org/entity/Q12000160,Shaoguan Power Plant,Coal-fired power station,24.5843,113.5833
People's Republic of China,Q148,http://www.wikidata.org/entity/Q11988913,Q11988913,Coal-fired power station,24.305,116.1
People's Republic of China,Q148,http://www.wikidata.org/entity/Q11995714,Pinghai Power Plant,Coal-fired power station,22.6073,114.746
People's Republic of China,Q148,http://www.wikidata.org/entity/Q11982290,Q11982290,Coal-fired power station,44.4065,88.9291
People's Republic of China,Q148,http://www.wikidata.org/entity/Q11982967,Huadian Laicheng Power Plant,Coal-fired power station,36.2548982,117.6721573
People's Republic of China,Q148,http://www.wikidata.org/entity/Q11991016,Q11991016,Coal-fired power station,26.598,105.1827
People's Republic of China,Q148,http://www.wikidata.org/entity/Q11978614,Q11978614,Coal-fired power station,27.626,111.482
People's Republic of China,Q148,http://www.wikidata.org/entity/Q11976010,Q11976010,Coal-fired power station,28.4505,116.852
People's Republic of China,Q148,http://www.wikidata.org/entity/Q11987043,Q11987043,Coal-fired power station,34.6808,112.3857
People's Republic of China,Q148,http://www.wikidata.org/entity/Q11975999,Huaneng Xindian Power Plant,Coal-fired power station,36.7833518,118.2351798
People's Republic of China,Q148,http://www.wikidata.org/entity/Q11986520,Q11986520,Coal-fired power station,36.044987,106.29192
People's Republic of China,Q148,http://www.wikidata.org/entity/Q11996706,Q11996706,Coal-fired power station,45.759,131.053
People's Republic of China,Q148,http://www.wikidata.org/entity/Q11987067,Q11987067,Coal-fired power station,34.821,113.0141
People's Republic of China,Q148,http://www.wikidata.org/entity/Q11978601,Q11978601,Coal-fired power station,24.55,118.6333
People's Republic of China,Q148,http://www.wikidata.org/entity/Q11986755,Q11986755,Coal-fired power station,25.2797,117.1553
People's Republic of China,Q148,http://www.wikidata.org/entity/Q11996681,Q11996681,Coal-fired power station,27.475,106.2555
People's Republic of China,Q148,http://www.wikidata.org/entity/Q11996685,Q11996685,Coal-fired power station,27.052,106.1245
People's Republic of China,Q148,http://www.wikidata.org/entity/Q11976011,Huangpu Power Plant,Coal-fired power station,23.079,113.4955
People's Republic of China,Q148,http://www.wikidata.org/entity/Q11988089,Maoming Power Plant,Coal-fired power station,21.6755,110.8788
People's Republic of China,Q148,http://www.wikidata.org/entity/Q11983895,Q11983895,Coal-fired power station,34.792,113.0775
People's Republic of China,Q148,http://www.wikidata.org/entity/Q11976049,Huilai Power Plant,Coal-fired power station,23.0051,116.547
People's Republic of China,Q148,http://www.wikidata.org/entity/Q11987675,Q11987675,Coal-fired power station,31.734,118.489
People's Republic of China,Q148,http://www.wikidata.org/entity/Q11988620,Q11988620,Coal-fired power station,31.734,118.489
People's Republic of China,Q148,http://www.wikidata.org/entity/Q11976000,Huaneng Yangluo Power Plant,Coal-fired power station,30.6935152,114.5434028
People's Republic of China,Q148,http://www.wikidata.org/entity/Q11978569,Q11978569,Coal-fired power station,35.2501753,113.370173
People's Republic of China,Q148,http://www.wikidata.org/entity/Q11996689,Q11996689,Coal-fired power station,42.5288,124.1395
People's Republic of China,Q148,http://www.wikidata.org/entity/Q12000157,Shajiao A Power Plant,Coal-fired power station,22.7471,113.6774
People's Republic of China,Q148,http://www.wikidata.org/entity/Q11991570,Q11991570,Coal-fired power station,38.182,106.5135
People's Republic of China,Q148,http://www.wikidata.org/entity/Q11986624,Q11986624,Coal-fired power station,25.94,113.195
People's Republic of China,Q148,http://www.wikidata.org/entity/Q11980069,Kanshan Power Plant,Coal-fired power station,34.4109283,117.5771963
People's Republic of China,Q148,http://www.wikidata.org/entity/Q11990826,Q11990826,Coal-fired power station,22.885,112.9169
People's Republic of China,Q148,http://www.wikidata.org/entity/Q11991011,Q11991011,Coal-fired power station,26.6528,105.1828
People's Republic of China,Q148,http://www.wikidata.org/entity/Q11979909,Q11979909,Coal-fired power station,34.806,114.434
People's Republic of China,Q148,http://www.wikidata.org/entity/Q11984174,Q11984174,Coal-fired power station,36.1086176,113.8622403
People's Republic of China,Q148,http://www.wikidata.org/entity/Q11982966,Laibin Power Station,Coal-fired power station,23.694,109.1644
People's Republic of China,Q148,http://www.wikidata.org/entity/Q11987986,Manas power station,Coal-fired power station,44.3178,86.168
People's Republic of China,Q148,http://www.wikidata.org/entity/Q11976014,Huaneng Jinan Huangtai Power Plant,Coal-fired power station,36.7086484,117.0883047
People's Republic of China,Q148,http://www.wikidata.org/entity/Q11987041,Q11987041,Coal-fired power station,26.413,119.7777
People's Republic of China,Q148,http://www.wikidata.org/entity/Q11978611,Q11978611,Coal-fired power station,41.277,121.249
People's Republic of China,Q148,http://www.wikidata.org/entity/Q11978608,Jinwan Power Plant,Coal-fired power station,21.968055555,113.181944444
People's Republic of China,Q148,http://www.wikidata.org/entity/Q11983906,Q11983906,Coal-fired power station,41.92194,124.09194
People's Republic of China,Q148,http://www.wikidata.org/entity/Q12000143,Shangdu Power Station,Coal-fired power station,42.2236897,116.0292557
People's Republic of China,Q148,http://www.wikidata.org/entity/Q11996691,Qingdao Power Station,Coal-fired power station,36.1125,120.328333333
People's Republic of China,Q148,http://www.wikidata.org/entity/Q11978568,Q11978568,Coal-fired power station,35.222,113.2027
People's Republic of China,Q148,http://www.wikidata.org/entity/Q11999547,Q11999547,Coal-fired power station,34.685,111.027
People's Republic of China,Q148,http://www.wikidata.org/entity/Q11994712,Q11994712,Coal-fired power station,39.97999,117.459999
People's Republic of China,Q148,http://www.wikidata.org/entity/Q11978562,Q11978562,Coal-fired power station,46.832,130.4032
People's Republic of China,Q148,http://www.wikidata.org/entity/Q12010879,Q12010879,Coal-fired power station,34.7407,112.063
People's Republic of China,Q148,http://www.wikidata.org/entity/Q12010943,Q12010943,Coal-fired power station,21.5375,111.6702
People's Republic of China,Q148,http://www.wikidata.org/entity/Q12011111,Yunfu Power Station,Coal-fired power station,22.966,112.1075
People's Republic of China,Q148,http://www.wikidata.org/entity/Q12005476,Huadian Tengzhou Xinyuan Thermal Power Plant,Coal-fired power station,35.0687698,117.1230172
People's Republic of China,Q148,http://www.wikidata.org/entity/Q12011196,Huadian Zhangqiu Power Plant,Coal-fired power station,36.7289617,117.40502
People's Republic of China,Q148,http://www.wikidata.org/entity/Q12000203,Shijingshan Power Station,Coal-fired power station,39.922,116.139
People's Republic of China,Q148,http://www.wikidata.org/entity/Q12010949,Yaomeng Power Plant,Coal-fired power station,33.7371,113.2397
People's Republic of China,Q148,http://www.wikidata.org/entity/Q12010403,Q12010403,Coal-fired power station,28.835,106.785
People's Republic of China,Q148,http://www.wikidata.org/entity/Q15709505,Yangshupu Power Plant,Coal-fired power station,31.2706832,121.5518761
People's Republic of China,Q148,http://www.wikidata.org/entity/Q17762125,Q17762125,Coal-fired power station,31.9584,119.9924
People's Republic of China,Q148,http://www.wikidata.org/entity/Q17762121,Q17762121,Coal-fired power station,28.4892,112.797
People's Republic of China,Q148,http://www.wikidata.org/entity/Q17749770,Q17749770,Coal-fired power station,45.52583,122.77556
People's Republic of China,Q148,http://www.wikidata.org/entity/Q12010857,Q12010857,Coal-fired power station,24.53333,119.0
People's Republic of China,Q148,http://www.wikidata.org/entity/Q12011211,Q12011211,Coal-fired power station,34.7674,113.591
People's Republic of China,Q148,http://www.wikidata.org/entity/Q12011214,Q12011214,Coal-fired power station,34.7674,113.591
People's Republic of China,Q148,http://www.wikidata.org/entity/Q12011096,Q12011096,Coal-fired power station,24.9755,112.553
People's Republic of China,Q148,http://www.wikidata.org/entity/Q17028112,Ninghai Power Station,Coal-fired power station,29.4825,121.50944444
People's Republic of China,Q148,http://www.wikidata.org/entity/Q12010469,Q12010469,Coal-fired power station,43.8503,87.6488
People's Republic of China,Q148,http://www.wikidata.org/entity/Q16259185,Guohua Taishan Power Station,Coal-fired power station,21.8644,112.923
People's Republic of China,Q148,http://www.wikidata.org/entity/Q12011215,Zhenjiang Power Station,Coal-fired power station,32.186388888,119.273611111
People's Republic of China,Q148,http://www.wikidata.org/entity/Q12005081,Q12005081,Coal-fired power station,32.187206,119.914444
People's Republic of China,Q148,http://www.wikidata.org/entity/Q12000261,Q12000261,Coal-fired power station,38.2145,106.5447
People's Republic of China,Q148,http://www.wikidata.org/entity/Q12011125,Q12011125,Coal-fired power station,34.1745,113.356
People's Republic of China,Q148,http://www.wikidata.org/entity/Q17749884,Q17749884,Coal-fired power station,27.0,111.2833
People's Republic of China,Q148,http://www.wikidata.org/entity/Q15912977,Shengtou Power Station,Coal-fired power station,39.365555555,112.533055555
People's Republic of China,Q148,http://www.wikidata.org/entity/Q15938182,Q15938182,Coal-fired power station,29.504271,121.670237
People's Republic of China,Q148,http://www.wikidata.org/entity/Q12010882,Q12010882,Coal-fired power station,34.4986,113.5962
People's Republic of China,Q148,http://www.wikidata.org/entity/Q17764340,Q17764340,Coal-fired power station,30.1612,106.548
People's Republic of China,Q148,http://www.wikidata.org/entity/Q12011238,Zhuzhou thermal power station,Coal-fired power station,27.8587,113.1195
People's Republic of China,Q148,http://www.wikidata.org/entity/Q12011050,Q12011050,Coal-fired power station,27.2444,113.4616
People's Republic of China,Q148,http://www.wikidata.org/entity/Q12002013,Q12002013,Coal-fired power station,24.447,118.0265
People's Republic of China,Q148,http://www.wikidata.org/entity/Q12008604,Q12008604,Coal-fired power station,43.9915,88.3122
People's Republic of China,Q148,http://www.wikidata.org/entity/Q15276935,Shiliquan power plant,Coal-fired power station,34.814085207,117.578261789
People's Republic of China,Q148,http://www.wikidata.org/entity/Q12006317,Q12006317,Coal-fired power station,42.34444,123.80417
People's Republic of China,Q148,http://www.wikidata.org/entity/Q12011236,Zibo Power station,Coal-fired power station,36.7609428,118.0543721
People's Republic of China,Q148,http://www.wikidata.org/entity/Q12011195,Q12011195,Coal-fired power station,25.2845,117.399
People's Republic of China,Q148,http://www.wikidata.org/entity/Q12011235,Zhuhai Power Plant,Coal-fired power station,21.968,113.1815
People's Republic of China,Q148,http://www.wikidata.org/entity/Q17748640,Q17748640,Coal-fired power station,30.538,117.13
People's Republic of China,Q148,http://www.wikidata.org/entity/Q12011113,Huaneng Jining Yunhe Power Plant,Coal-fired power station,35.4857875,116.4748327
People's Republic of China,Q148,http://www.wikidata.org/entity/Q17762385,Q17762385,Coal-fired power station,29.1979,111.562
People's Republic of China,Q148,http://www.wikidata.org/entity/Q12010923,Q12010923,Coal-fired power station,33.3068,112.646
People's Republic of China,Q148,http://www.wikidata.org/entity/Q12010977,Q12010977,Coal-fired power station,28.5967,112.2685
People's Republic of China,Q148,http://www.wikidata.org/entity/Q17749773,Q17749773,Coal-fired power station,28.834,106.786
People's Republic of China,Q148,http://www.wikidata.org/entity/Q12006268,Q12006268,Coal-fired power station,44.3553,86.0423
People's Republic of China,Q148,http://www.wikidata.org/entity/Q17762240,Q17762240,Coal-fired power station,30.7542,117.5892
People's Republic of China,Q148,http://www.wikidata.org/entity/Q12011013,Yongfu Power Station,Coal-fired power station,25.1015,110.068
People's Republic of China,Q148,http://www.wikidata.org/entity/Q17764346,Huanggang Dabieshan Power Plant,Coal-fired power station,31.1417264,114.8915112
People's Republic of China,Q148,http://www.wikidata.org/entity/Q12010902,Xuzhou Power Station,Coal-fired power station,34.386111111,117.257777777
People's Republic of China,Q148,http://www.wikidata.org/entity/Q12011197,Zhangjiakou Power Station,Coal-fired power station,40.662720227,114.943926137
People's Republic of China,Q148,http://www.wikidata.org/entity/Q12010397,Q12010397,Coal-fired power station,30.8919,117.75
People's Republic of China,Q148,http://www.wikidata.org/entity/Q2944668,Guodian Beilun Power Station,Coal-fired power station,29.94361111,121.81583333
People's Republic of China,Q148,http://www.wikidata.org/entity/Q111912168,Nantong Power Station,Coal-fired power station,32.03214,120.76956
People's Republic of China,Q148,http://www.wikidata.org/entity/Q107199108,Shangqiu Power Plant,Coal-fired power station,34.4692826,115.7075572
People's Republic of China,Q148,http://www.wikidata.org/entity/Q110442776,Yangcheng Power Station,Coal-fired power station,35.466944444,112.5725
People's Republic of China,Q148,http://www.wikidata.org/entity/Q2944714,Tuoketuo Power Station,Coal-fired power station,40.1969,111.364
People's Republic of China,Q148,http://www.wikidata.org/entity/Q107746234,Shanghai Caojing power station,Coal-fired power station,30.760730555,121.4008
People's Republic of China,Q148,http://www.wikidata.org/entity/Q107209300,Hubei Huadian Jiangling Power Plant,Coal-fired power station,30.0914125,112.3110974
People's Republic of China,Q148,http://www.wikidata.org/entity/Q72156,Lamma Power Station,Coal-fired power station,22.2185,114.108
People's Republic of China,Q148,http://www.wikidata.org/entity/Q107209302,Huadian Fengjie Power Plant,Coal-fired power station,31.1179035,109.4471151
People's Republic of China,Q148,http://www.wikidata.org/entity/Q707693,Castle Peak Power Station,Coal-fired power station,22.3756,113.92
People's Republic of China,Q148,http://www.wikidata.org/entity/Q116457113,Pingshan Power Station,Coal-fired power station,33.833611111,116.830833333
People's Republic of China,Q148,http://www.wikidata.org/entity/Q107208260,Huadian Laizhou Power Plant,Coal-fired power station,37.4318552,120.0172128
People's Republic of China,Q148,http://www.wikidata.org/entity/Q3441875,Zouxian Power Station,Coal-fired power station,35.3240353,116.92577
People's Republic of China,Q148,http://www.wikidata.org/entity/Q2944729,Waigaoqiao Power Station,Coal-fired power station,31.3558,121.598
People's Republic of China,Q148,http://www.wikidata.org/entity/Q111911937,Zhujiang Power Station,Coal-fired power station,22.814066568,113.567583841
People's Republic of China,Q148,http://www.wikidata.org/entity/Q3441548,Huaneng Yingkou Power Station,Coal-fired power station,40.30472222,122.10472222
People's Republic of China,Q148,http://www.wikidata.org/entity/Q17766422,Yunnan Diandong Energy,Coal-fired power station,25.1999369,104.6833402
People's Republic of China,Q148,http://www.wikidata.org/entity/Q17779743,Huaneng Dongfang Power Plant,Coal-fired power station,19.04920006,108.63619995
People's Republic of China,Q148,http://www.wikidata.org/entity/Q17769742,Q17769742,Coal-fired power station,41.78111,126.01611
People's Republic of China,Q148,http://www.wikidata.org/entity/Q19378453,Q19378453,Coal-fired power station,41.7383,82.8865
People's Republic of China,Q148,http://www.wikidata.org/entity/Q17770847,Q17770847,Coal-fired power station,27.776,114.6178
People's Republic of China,Q148,http://www.wikidata.org/entity/Q19376309,Jingdezhen power station,Coal-fired power station,29.188,117.0855
People's Republic of China,Q148,http://www.wikidata.org/entity/Q17779342,Q17779342,Coal-fired power station,28.2883,117.2225
People's Republic of China,Q148,http://www.wikidata.org/entity/Q19374874,Q19374874,Coal-fired power station,32.1095,114.1395
People's Republic of China,Q148,http://www.wikidata.org/entity/Q19377067,Q19377067,Coal-fired power station,26.3732,119.7625
People's Republic of China,Q148,http://www.wikidata.org/entity/Q19374924,Q19374924,Coal-fired power station,42.89643,130.29099
People's Republic of China,Q148,http://www.wikidata.org/entity/Q17764887,Q17764887,Coal-fired power station,34.3485,117.9319
People's Republic of China,Q148,http://www.wikidata.org/entity/Q19374861,Huaneng Pingliang Power Plant,Coal-fired power station,35.5011528,106.7866639
People's Republic of China,Q148,http://www.wikidata.org/entity/Q19372352,Q19372352,Coal-fired power station,38.775,117.494
People's Republic of China,Q148,http://www.wikidata.org/entity/Q19374857,Q19374857,Coal-fired power station,33.868,116.8588
People's Republic of China,Q148,http://www.wikidata.org/entity/Q17765841,Q17765841,Coal-fired power station,34.3926,113.2
People's Republic of China,Q148,http://www.wikidata.org/entity/Q17764878,Q17764878,Coal-fired power station,41.1399,121.2157
People's Republic of China,Q148,http://www.wikidata.org/entity/Q17776595,Q17776595,Coal-fired power station,28.2694356,104.6701215
People's Republic of China,Q148,http://www.wikidata.org/entity/Q17775536,Q17775536,Coal-fired power station,41.7845,121.434
People's Republic of China,Q148,http://www.wikidata.org/entity/Q19374854,Huadian Suzhou Power Plant,Coal-fired power station,33.654995,116.9831407
People's Republic of China,Q148,http://www.wikidata.org/entity/Q17779487,Xuancheng Power Station,Coal-fired power station,30.869,118.8656
People's Republic of China,Q148,http://www.wikidata.org/entity/Q19376607,Junliangcheng Power Station,Coal-fired power station,39.053611111,117.411388888
People's Republic of China,Q148,http://www.wikidata.org/entity/Q17775537,Q17775537,Coal-fired power station,33.0045,115.845
People's Republic of China,Q148,http://www.wikidata.org/entity/Q19374860,Huaneng Luohuang Power Plant,Coal-fired power station,29.3473,106.4343
People's Republic of China,Q148,http://www.wikidata.org/entity/Q17766425,Q17766425,Coal-fired power station,42.49446,123.56608
People's Republic of China,Q148,http://www.wikidata.org/entity/Q17779477,Q17779477,Coal-fired power station,31.067,117.96
People's Republic of China,Q148,http://www.wikidata.org/entity/Q17764932,Q17764932,Coal-fired power station,39.0355196,106.3846493
People's Republic of China,Q148,http://www.wikidata.org/entity/Q19374866,Huaneng Yueyang Power Plant,Coal-fired power station,29.4509025,113.1642343
People's Republic of China,Q148,http://www.wikidata.org/entity/Q17779271,Q17779271,Coal-fired power station,23.5673,114.6403
People's Republic of China,Q148,http://www.wikidata.org/entity/Q17764882,Q17764882,Coal-fired power station,32.6692,117.0252
People's Republic of China,Q148,http://www.wikidata.org/entity/Q19374869,Huaneng Yushe Power Plant,Coal-fired power station,36.9786753,112.9541855
People's Republic of China,Q148,http://www.wikidata.org/entity/Q19374852,Sichuan Guang'an Power Plant,Coal-fired power station,30.5292304,106.8258015
People's Republic of China,Q148,http://www.wikidata.org/entity/Q19374865,Huaneng Xinhua Power Plant,Coal-fired power station,46.1350605,124.6005063
People's Republic of China,Q148,http://www.wikidata.org/entity/Q19374945,Q19374945,Coal-fired power station,41.965,126.45167
People's Republic of China,Q148,http://www.wikidata.org/entity/Q17779332,Q17779332,Coal-fired power station,23.112,109.766
People's Republic of China,Q148,http://www.wikidata.org/entity/Q17764607,Q17764607,Coal-fired power station,27.29520035,109.01399994
People's Republic of China,Q148,http://www.wikidata.org/entity/Q17779273,Shajiao power plant,Coal-fired power station,22.747,113.6775
People's Republic of China,Q148,http://www.wikidata.org/entity/Q19374862,Huaneng Taicang Power Plant,Coal-fired power station,31.6565504,121.1798322
People's Republic of China,Q148,http://www.wikidata.org/entity/Q19374859,Huaneng Jinggangshan Power Plant,Coal-fired power station,27.0468,115.0197
People's Republic of China,Q148,http://www.wikidata.org/entity/Q19374868,Huaneng Yuhuan Power Plant,Coal-fired power station,28.1151877,121.1384948
People's Republic of China,Q148,http://www.wikidata.org/entity/Q19376876,Q19376876,Coal-fired power station,42.7005,123.365
People's Republic of China,Q148,http://www.wikidata.org/entity/Q19376594,Q19376594,Coal-fired power station,39.8666,111.2333
People's Republic of China,Q148,http://www.wikidata.org/entity/Q19372266,Q19372266,Coal-fired power station,43.88361,125.39361
People's Republic of China,Q148,http://www.wikidata.org/entity/Q17764875,Daba Power Station,Coal-fired power station,37.984,105.928
People's Republic of China,Q148,http://www.wikidata.org/entity/Q19376305,Q19376305,Coal-fired power station,47.37833,124.05194
People's Republic of China,Q148,http://www.wikidata.org/entity/Q19374302,Q19374302,Coal-fired power station,24.7376,111.3524
Canada,Q16,http://www.wikidata.org/entity/Q14358040,H. R. Milner Generating Station,Coal-fired power station,54.0073,-119.103
Canada,Q16,http://www.wikidata.org/entity/Q7487893,Shand Power Station,Coal-fired power station,49.0883,-102.864
Canada,Q16,http://www.wikidata.org/entity/Q6383236,Keephills Generating Station,Coal-fired power station,53.44833333,-114.45055556
Canada,Q16,http://www.wikidata.org/entity/Q7492507,Sheerness Generating Station,Coal-fired power station,51.44222222,-111.79222222
Canada,Q16,http://www.wikidata.org/entity/Q4949936,Boundary Dam Power Station,Coal-fired power station,49.0964,-103.03
Canada,Q16,http://www.wikidata.org/entity/Q4815789,Atikokan Generating Station,Coal-fired power station,48.8381,-91.5708
Canada,Q16,http://www.wikidata.org/entity/Q7229425,Poplar River Power Station,Coal-fired power station,49.0575,-105.483
Canada,Q16,http://www.wikidata.org/entity/Q7448546,Selkirk Generating Station,Coal-fired power station,50.1422,-96.8842
Canada,Q16,http://www.wikidata.org/entity/Q4956866,Brandon Generating Station,Coal-fired power station,49.8453,-99.8892
Canada,Q16,http://www.wikidata.org/entity/Q7208178,Point Tupper Generating Station,Coal-fired power station,45.5869,-61.3481
Canada,Q16,http://www.wikidata.org/entity/Q11960505,Belledune Generating Station,Coal-fired power station,47.906,-65.8635
Canada,Q16,http://www.wikidata.org/entity/Q5691682,Hearn Generating Station,Coal-fired power station,43.6455,-79.3351
Canada,Q16,http://www.wikidata.org/entity/Q7798925,Thunder Bay Generating Station,Coal-fired power station,48.36,-89.22
Canada,Q16,http://www.wikidata.org/entity/Q6479239,Lakeview Generating Station,Coal-fired power station,43.5711,-79.5517
Canada,Q16,http://www.wikidata.org/entity/Q4870103,Battle River Generating Station,Coal-fired power station,52.46888889,-112.13388889
Canada,Q16,http://www.wikidata.org/entity/Q5532732,Genesee Generating Station,Coal-fired power station,53.343,-114.303
Canada,Q16,http://www.wikidata.org/entity/Q6481597,Lambton Generating Station,Coal-fired power station,42.7972,-82.4694
Canada,Q16,http://www.wikidata.org/entity/Q7958598,Wabamun Generating Station,Coal-fired power station,53.5583,-114.488
Canada,Q16,http://www.wikidata.org/entity/Q6553764,Lingan Generating Station,Coal-fired power station,46.235541,-60.03927
Canada,Q16,http://www.wikidata.org/entity/Q7207928,Point Aconi Generating Station,Coal-fired power station,46.321633,-60.329987
Canada,Q16,http://www.wikidata.org/entity/Q7639182,Sundance Power Station,Coal-fired power station,53.5075,-114.557
Canada,Q16,http://www.wikidata.org/entity/Q7838579,Trenton Generating Station,Coal-fired power station,45.6209,-62.6467
Canada,Q16,http://www.wikidata.org/entity/Q2944695,Nanticoke Generating Station,Coal-fired power station,42.8,-80.0503
Canada,Q16,http://www.wikidata.org/entity/Q5210868,Dalhousie Generating Station,Coal-fired power station,48.0519,-66.3708
Ukraine,Q212,http://www.wikidata.org/entity/Q4412574,Sievierodonetsk Power Station,Coal-fired power station,48.9375,38.452777777
Ukraine,Q212,http://www.wikidata.org/entity/Q2032458,Zuevska thermal power station,Coal-fired power station,48.0347,38.285
Ukraine,Q212,http://www.wikidata.org/entity/Q4247823,Kurakhovka power station,Coal-fired power station,47.99543611,37.23713056
Ukraine,Q212,http://www.wikidata.org/entity/Q3443767,Slovianska thermal power plant,Coal-fired power station,48.8719556,37.7647305
Ukraine,Q212,http://www.wikidata.org/entity/Q2566637,Vuhlehirska thermal power plant,Coal-fired power station,48.4644,38.1981
Ukraine,Q212,http://www.wikidata.org/entity/Q3443758,Luhansk power station,Coal-fired power station,48.74781389,39.26238889
Ukraine,Q212,http://www.wikidata.org/entity/Q4296146,Myronivsky power station,Coal-fired power station,48.48055556,38.28972222
Ukraine,Q212,http://www.wikidata.org/entity/Q3443751,Zmiivska power plant,Coal-fired power station,49.585,36.525
Ukraine,Q212,http://www.wikidata.org/entity/Q3443445,Starobesheve thermal power station,Coal-fired power station,47.799118,38.004705
Ukraine,Q212,http://www.wikidata.org/entity/Q3365756,Zaporizhzhia thermal power station,Coal-fired power station,47.5086,34.6256
Ukraine,Q212,http://www.wikidata.org/entity/Q2072200,Burshtyn TES,Coal-fired power station,49.209088888,24.665894444
South Africa,Q258,http://www.wikidata.org/entity/Q2944677,Lethabo Power Station,Coal-fired power station,-26.74194444,27.9775
South Africa,Q258,http://www.wikidata.org/entity/Q2944716,Tutuka Power Station,Coal-fired power station,-26.775944444,29.350305555
South Africa,Q258,http://www.wikidata.org/entity/Q15240889,Kusile Power Station,Coal-fired power station,-25.91638889,28.91722222
South Africa,Q258,http://www.wikidata.org/entity/Q2944680,Majuba Power Station,Coal-fired power station,-27.10055556,29.77138889
South Africa,Q258,http://www.wikidata.org/entity/Q2944693,Medupi Power Station,Coal-fired power station,-23.7044068,27.56355
South Africa,Q258,http://www.wikidata.org/entity/Q56374107,Pretoria West Power Station,Coal-fired power station,-25.757356,28.146887
South Africa,Q258,http://www.wikidata.org/entity/Q5025804,Camden Power Station,Coal-fired power station,-26.62027778,30.09388889
South Africa,Q258,http://www.wikidata.org/entity/Q2944684,Matla Power Station,Coal-fired power station,-26.2825,29.14083333
South Africa,Q258,http://www.wikidata.org/entity/Q6386725,Kelvin Power Station,Coal-fired power station,-26.115666666,28.194527777
South Africa,Q258,http://www.wikidata.org/entity/Q1478192,Kendal Power Station,Coal-fired power station,-26.09,28.97138889
South Africa,Q258,http://www.wikidata.org/entity/Q15264334,Orlando Power Station,Coal-fired power station,-26.25388889,27.925
South Africa,Q258,http://www.wikidata.org/entity/Q2320823,Duvha Power Station,Coal-fired power station,-25.96388889,29.33722222
South Africa,Q258,http://www.wikidata.org/entity/Q6437002,Kriel Power Station,Coal-fired power station,-26.25416667,29.17944444
South Africa,Q258,http://www.wikidata.org/entity/Q5610295,Grootvlei Power Station,Coal-fired power station,-26.769666666,28.497111111
South Africa,Q258,http://www.wikidata.org/entity/Q5143054,Colenso Power Station,Coal-fired power station,-28.73083333,29.82666667
South Africa,Q258,http://www.wikidata.org/entity/Q2944683,Matimba Power Station,Coal-fired power station,-23.66833333,27.61055556
South Africa,Q258,http://www.wikidata.org/entity/Q3434255,Arnot Power Station,Coal-fired power station,-25.94384,29.78956
South Africa,Q258,http://www.wikidata.org/entity/Q2330023,Athlone Power Station,Coal-fired power station,-33.94888889,18.51361111
South Africa,Q258,http://www.wikidata.org/entity/Q6428195,Komati Power Station,Coal-fired power station,-26.09,29.47194444
South Africa,Q258,http://www.wikidata.org/entity/Q56374108,Rooiwal Power Station,Coal-fired power station,-25.5553,28.237799
South Africa,Q258,http://www.wikidata.org/entity/Q11974989,Hendrina Power Station,Coal-fired power station,-26.03333333,29.6
Germany,Q183,http://www.wikidata.org/entity/Q1333390,Grosskraftwerk Mannheim,Coal-fired power station,49.44456,8.49807
Germany,Q183,http://www.wikidata.org/entity/Q1740916,Moorburg Power Plant,Coal-fired power station,53.49,9.95166667
Germany,Q183,http://www.wikidata.org/entity/Q1341228,Zolling power station,Coal-fired power station,48.455,11.799
Germany,Q183,http://www.wikidata.org/entity/Q1601474,Kassel power station,Coal-fired power station,51.2791,9.48401
Germany,Q183,http://www.wikidata.org/entity/Q1495177,Gaskombinat Schwarze Pumpe,Coal-fired power station,51.5225,14.3586
Germany,Q183,http://www.wikidata.org/entity/Q1501012,Schweinfurt joint-venture power station,Coal-fired power station,50.0299,10.224
Germany,Q183,http://www.wikidata.org/entity/Q318007,Mehrum Power Station,Coal-fired power station,52.3143,10.0913
Germany,Q183,http://www.wikidata.org/entity/Q1770087,Q1770087,Coal-fired power station,51.4534,7.21024
Germany,Q183,http://www.wikidata.org/entity/Q1267657,Rottweil power station,Coal-fired power station,48.1776,8.62049
Germany,Q183,http://www.wikidata.org/entity/Q1601462,Heizkraftwerk Braunschweig-Mitte,Coal-fired power station,52.2786,10.5147
Germany,Q183,http://www.wikidata.org/entity/Q318035,Heilbronn Power Station,Coal-fired power station,49.1773,9.20632
Germany,Q183,http://www.wikidata.org/entity/Q277070,Staudinger Power Station,Coal-fired power station,50.0881,8.95222
Germany,Q183,http://www.wikidata.org/entity/Q1431092,Kraftwerk Hirschfelde,Coal-fired power station,50.937456,14.891122
Germany,Q183,http://www.wikidata.org/entity/Q1560112,Rheinhafen power station,Coal-fired power station,49.0125,8.302777777
Germany,Q183,http://www.wikidata.org/entity/Q318025,Lünen Power Station,Coal-fired power station,51.61444444,7.48138889
Germany,Q183,http://www.wikidata.org/entity/Q1326622,Elektrizitätswerk Niederlößnitz,Coal-fired power station,51.115833,13.655556
Germany,Q183,http://www.wikidata.org/entity/Q1493565,Veltheim joint-venture power station,Coal-fired power station,52.1898,8.93324
Germany,Q183,http://www.wikidata.org/entity/Q1261503,Q1261503,Coal-fired power station,51.7767,14.105
Germany,Q183,http://www.wikidata.org/entity/Q1601461,Q1601461,Coal-fired power station,52.4378,13.4864
Germany,Q183,http://www.wikidata.org/entity/Q1601489,Heizkraftwerk München Nord,Coal-fired power station,48.1803,11.6397
Germany,Q183,http://www.wikidata.org/entity/Q322648,Schkopau Power Station,Coal-fired power station,51.4011,11.9508
Germany,Q183,http://www.wikidata.org/entity/Q1719651,Reisholz power station,Coal-fired power station,51.1613,6.83095
Germany,Q183,http://www.wikidata.org/entity/Q1241364,Trattendorf power station,Coal-fired power station,51.5384,14.387
Germany,Q183,http://www.wikidata.org/entity/Q801767,Q801767,Coal-fired power station,51.6571,12.3498
Germany,Q183,http://www.wikidata.org/entity/Q1601491,Reuter power station,Coal-fired power station,52.5325,13.2461
Germany,Q183,http://www.wikidata.org/entity/Q1307882,Heizkraftwerk Linden,Coal-fired power station,52.3729,9.71419
Germany,Q183,http://www.wikidata.org/entity/Q1601493,Reuter West power station,Coal-fired power station,52.5353,13.2428
Germany,Q183,http://www.wikidata.org/entity/Q1601502,Heizkraftwerk Würzburg,Coal-fired power station,49.799972222,9.923
Germany,Q183,http://www.wikidata.org/entity/Q185556,Marbach power station,Coal-fired power station,48.9275,9.23001
Germany,Q183,http://www.wikidata.org/entity/Q464136,Walsum power plant,Coal-fired power station,51.528611111,6.711805555
Germany,Q183,http://www.wikidata.org/entity/Q877552,Ensdorf power station,Coal-fired power station,49.2922,6.77083
Germany,Q183,http://www.wikidata.org/entity/Q1515067,Gerstein power station,Coal-fired power station,51.6733,7.71694
Germany,Q183,http://www.wikidata.org/entity/Q442157,Q442157,Coal-fired power station,51.1767,12.3747
Germany,Q183,http://www.wikidata.org/entity/Q1524053,Dettingen power plant,Coal-fired power station,50.055122222,8.984761111
Germany,Q183,http://www.wikidata.org/entity/Q1601496,Stuttgart-Gaisburg power station,Coal-fired power station,48.7825,9.23139
Germany,Q183,http://www.wikidata.org/entity/Q318164,Wilhelmshaven Power Station (E.ON),Coal-fired power station,53.5645,8.14638
Germany,Q183,http://www.wikidata.org/entity/Q1601500,Heizkraftwerk Wuppertal-Elberfeld,Coal-fired power station,51.2483,7.11944
Germany,Q183,http://www.wikidata.org/entity/Q318160,Heyden Power Station,Coal-fired power station,52.3821,8.99836
Germany,Q183,http://www.wikidata.org/entity/Q1552648,Kruckel power station,Coal-fired power station,51.456666666,7.415833333
Germany,Q183,http://www.wikidata.org/entity/Q318019,Bergkamen Power Station,Coal-fired power station,51.63694444,7.61888889
Germany,Q183,http://www.wikidata.org/entity/Q1572288,Ibbenbüren power station,Coal-fired power station,52.2867,7.74639
Germany,Q183,http://www.wikidata.org/entity/Q455004,Rostock Power Station,Coal-fired power station,54.141388888,12.131944444
Germany,Q183,http://www.wikidata.org/entity/Q870494,Wedel Power Station,Coal-fired power station,53.56666389,9.72528333
Germany,Q183,http://www.wikidata.org/entity/Q1473343,Kirchlengern power station,Coal-fired power station,52.1962,8.64744
Germany,Q183,http://www.wikidata.org/entity/Q1144058,Cuno-Kraftwerk,Coal-fired power station,51.403,7.414388888
Germany,Q183,http://www.wikidata.org/entity/Q317693,Westerholt Power Station,Coal-fired power station,51.60111,7.06389
Germany,Q183,http://www.wikidata.org/entity/Q1601476,Heizkraftwerk Köln-Merkenich,Coal-fired power station,51.0179,6.96405
Germany,Q183,http://www.wikidata.org/entity/Q1567508,Heegermühle power station,Coal-fired power station,52.8408,13.7473
Germany,Q183,http://www.wikidata.org/entity/Q464165,Herne Power Plant,Coal-fired power station,51.55139,7.18889
Germany,Q183,http://www.wikidata.org/entity/Q1276391,Gemeinschaftskraftwerk Hannover-Stöcken,Coal-fired power station,52.42,9.64861
Germany,Q183,http://www.wikidata.org/entity/Q1677033,Finkenheerd power station,Coal-fired power station,52.2651,14.5787
Germany,Q183,http://www.wikidata.org/entity/Q876220,Gustav Knepper Power Station,Coal-fired power station,51.568333333,7.348888888
Germany,Q183,http://www.wikidata.org/entity/Q323828,Altbach Power Station,Coal-fired power station,48.7176,9.37492
Germany,Q183,http://www.wikidata.org/entity/Q317970,Bexbach Power Station,Coal-fired power station,49.3631,7.23778
Germany,Q183,http://www.wikidata.org/entity/Q454978,Scholven Power Station,Coal-fired power station,51.60278,7.00944
Germany,Q183,http://www.wikidata.org/entity/Q1298224,Westfalen power station,Coal-fired power station,51.6803,7.96972
Germany,Q183,http://www.wikidata.org/entity/Q998947,Preussag Ballastkraftwerk Ibbenbüren,Coal-fired power station,52.2864,7.74083
Germany,Q183,http://www.wikidata.org/entity/Q1786073,Kraftwerk Bremen-Hafen,Coal-fired power station,53.1251,8.72869
Germany,Q183,http://www.wikidata.org/entity/Q1778513,Schwandorf power station,Coal-fired power station,49.3031,12.0774
Germany,Q183,http://www.wikidata.org/entity/Q105045240,heating and power plant Rüdersdorfer Straße,Coal-fired power station,52.511560085,13.443480002
Germany,Q183,http://www.wikidata.org/entity/Q572553,Jänschwalde Power Station,Coal-fired power station,51.834722222,14.460277777
Germany,Q183,http://www.wikidata.org/entity/Q27050575,Heizkraftwerk West (Frankfurt),Coal-fired power station,50.098333,8.653361
Germany,Q183,http://www.wikidata.org/entity/Q1786071,Kraftwerk Bochum,Coal-fired power station,51.4517,7.21944
Germany,Q183,http://www.wikidata.org/entity/Q462730,Lippendorf Power Station,Coal-fired power station,51.185278,12.377778
Germany,Q183,http://www.wikidata.org/entity/Q463915,Buschhaus Power Station,Coal-fired power station,52.17143,10.97704
Germany,Q183,http://www.wikidata.org/entity/Q1990098,Ibbenbüren Nike power station,Coal-fired power station,52.2769,7.725
Germany,Q183,http://www.wikidata.org/entity/Q1786108,Q1786108,Coal-fired power station,52.1981,11.0425
Germany,Q183,http://www.wikidata.org/entity/Q1586546,Borken power station,Coal-fired power station,51.0583,9.26731
Germany,Q183,http://www.wikidata.org/entity/Q158955,Boxberg Power Station,Coal-fired power station,51.416111,14.564722
Germany,Q183,http://www.wikidata.org/entity/Q108810354,Q108810354,Coal-fired power station,51.38148,7.09915
Germany,Q183,http://www.wikidata.org/entity/Q1786218,Voerde power station,Coal-fired power station,51.5778,6.6825
Germany,Q183,http://www.wikidata.org/entity/Q15290568,Lünen-Stummhafen power station,Coal-fired power station,51.61527778,7.46194444
Germany,Q183,http://www.wikidata.org/entity/Q1786230,Wilhelmshaven Power Station (Engie),Coal-fired power station,53.5748,8.137
Germany,Q183,http://www.wikidata.org/entity/Q1780944,Q1780944,Coal-fired power station,51.57,7.528
Germany,Q183,http://www.wikidata.org/entity/Q1786215,Vockerode Power Plant,Coal-fired power station,51.8454,12.3586
Germany,Q183,http://www.wikidata.org/entity/Q54888796,Wik power station,Coal-fired power station,54.364444444,10.135
Germany,Q183,http://www.wikidata.org/entity/Q5607278,Greifswald Power Station,Coal-fired power station,54.14058611,13.66442222
Germany,Q183,http://www.wikidata.org/entity/Q1786040,Alt Garge power plant,Coal-fired power station,53.2573,10.8177
Germany,Q183,http://www.wikidata.org/entity/Q16065106,Q16065106,Coal-fired power station,52.44194412,10.76397228
Germany,Q183,http://www.wikidata.org/entity/Q1786219,Kraftwerk Völklingen-Fenne,Coal-fired power station,49.249,6.87924
Germany,Q183,http://www.wikidata.org/entity/Q317198,Frimmersdorf Power Station,Coal-fired power station,51.05638889,6.57694444
Germany,Q183,http://www.wikidata.org/entity/Q1786106,Hagenwerder power station,Coal-fired power station,51.0639,14.9501
Germany,Q183,http://www.wikidata.org/entity/Q1786210,Stuttgart-Münster power station,Coal-fired power station,48.8158,9.22111
Germany,Q183,http://www.wikidata.org/entity/Q1786233,Wölfersheim power station,Coal-fired power station,50.3963,8.82945
Germany,Q183,http://www.wikidata.org/entity/Q11969229,Q11969229,Coal-fired power station,54.80496421,9.43257809
Germany,Q183,http://www.wikidata.org/entity/Q19388315,Q19388315,Coal-fired power station,51.52787,7.17959
Germany,Q183,http://www.wikidata.org/entity/Q1786099,Fortuna power station,Coal-fired power station,50.9598,6.68278
Germany,Q183,http://www.wikidata.org/entity/Q1786121,Q1786121,Coal-fired power station,52.2861,7.74222
Germany,Q183,http://www.wikidata.org/entity/Q19392478,Hamburg Tiefstack combined heat and power station,Coal-fired power station,53.526944444,10.063611111
Germany,Q183,http://www.wikidata.org/entity/Q1778509,Q1778509,Coal-fired power station,49.9678,9.09726
Germany,Q183,http://www.wikidata.org/entity/Q1786182,Power plant Plessa,Coal-fired power station,51.471,13.611
Germany,Q183,http://www.wikidata.org/entity/Q14906977,Kraftwerk Peenemünde,Coal-fired power station,54.138277,13.765391
Germany,Q183,http://www.wikidata.org/entity/Q2381838,Südzentrale,Coal-fired power station,53.514952,8.135553
Germany,Q183,http://www.wikidata.org/entity/Q1786172,Offleben power plant,Coal-fired power station,52.1465,11.0291
Germany,Q183,http://www.wikidata.org/entity/Q54914938,Kiel-Ost power station,Coal-fired power station,54.336111111,10.178888888
Germany,Q183,http://www.wikidata.org/entity/Q1786220,Walheim power station,Coal-fired power station,49.0175,9.15739
Germany,Q183,http://www.wikidata.org/entity/Q127617,Weisweiler power plant,Coal-fired power station,50.8392,6.32111
Germany,Q183,http://www.wikidata.org/entity/Q1786149,Leverkusenstraße Power Plant,Coal-fired power station,53.56638889,9.9325
Germany,Q183,http://www.wikidata.org/entity/Q1786047,Kraftwerk Arzberg,Coal-fired power station,50.0591,12.2019
Germany,Q183,http://www.wikidata.org/entity/Q15811599,Kiel joint-venture power station,Coal-fired power station,54.339308,10.177044
Germany,Q183,http://www.wikidata.org/entity/Q1786100,Franken II power station,Coal-fired power station,49.5642,10.9746
Germany,Q183,http://www.wikidata.org/entity/Q61953398,Wählitz industrial power station,Coal-fired power station,51.166944444,12.075833333
Germany,Q183,http://www.wikidata.org/entity/Q29110089,power station of the Frankfurt-Offenbach tramway company,Coal-fired power station,50.1005,8.72427778
Germany,Q183,http://www.wikidata.org/entity/Q15814996,Heizkraftwerk Wolfsburg Nord,Coal-fired power station,52.43241667,10.78738889
Germany,Q183,http://www.wikidata.org/entity/Q1786083,Datteln power station,Coal-fired power station,51.6325,7.340833333
Germany,Q183,http://www.wikidata.org/entity/Q64777725,Vogelsang power station,Coal-fired power station,52.167908333,14.700702777
Germany,Q183,http://www.wikidata.org/entity/Q1786163,Niederrhein power station,Coal-fired power station,51.6454,6.68032
Germany,Q183,http://www.wikidata.org/entity/Q125707280,Q125707280,Coal-fired power station,51.0715,12.2615
Germany,Q183,http://www.wikidata.org/entity/Q1652274,Goldenberg power station,Coal-fired power station,50.861388888,6.836944444
Germany,Q183,http://www.wikidata.org/entity/Q17709275,Lübbenau Power Station,Coal-fired power station,51.843454,13.953809
Germany,Q183,http://www.wikidata.org/entity/Q1786081,Castrop-Rauxel power station,Coal-fired power station,51.5804,7.31372
Germany,Q183,http://www.wikidata.org/entity/Q1786239,Zschornewitz power station,Coal-fired power station,51.7185,12.4004
Germany,Q183,http://www.wikidata.org/entity/Q315254,Neurath Power Station,Coal-fired power station,51.0395,6.61504
Germany,Q183,http://www.wikidata.org/entity/Q61910964,Deuben industrial power station,Coal-fired power station,51.111944444,12.076111111
Germany,Q183,http://www.wikidata.org/entity/Q1786084,Kraftwerk Dortmund,Coal-fired power station,51.5196,7.47695
Germany,Q183,http://www.wikidata.org/entity/Q1844522,Thierbach Power Station,Coal-fired power station,51.16516,12.50206
Germany,Q183,http://www.wikidata.org/entity/Q1786065,Moabit power station,Coal-fired power station,52.5375,13.3458
Germany,Q183,http://www.wikidata.org/entity/Q464720,Schwarze Pumpe power station,Coal-fired power station,51.5361,14.3538
Germany,Q183,http://www.wikidata.org/entity/Q1786112,Hausham power station,Coal-fired power station,47.7522,11.8398
Germany,Q183,http://www.wikidata.org/entity/Q1786093,Farge power station,Coal-fired power station,53.2023,8.51705
Germany,Q183,http://www.wikidata.org/entity/Q1786180,Q1786180,Coal-fired power station,47.7893,11.0541
Germany,Q183,http://www.wikidata.org/entity/Q131154784,Q131154784,Coal-fired power station,49.747194,6.620935
Germany,Q183,http://www.wikidata.org/entity/Q123239973,Q123239973,Coal-fired power station,50.096384,8.544029
Germany,Q183,http://www.wikidata.org/entity/Q515143,Niederaußem Power Station,Coal-fired power station,50.99555556,6.66916667
Germany,Q183,http://www.wikidata.org/entity/Q1786183,Weiher power plant,Coal-fired power station,49.3353,7.03056
Germany,Q183,http://www.wikidata.org/entity/Q5743936,Herrenwyk power station,Coal-fired power station,53.89988,10.80223
Turkey,Q43,http://www.wikidata.org/entity/Q97666430,Soma A power station,Coal-fired power station,39.1936,27.6303
Turkey,Q43,http://www.wikidata.org/entity/Q60569577,Afşin-Elbistan C power station,Coal-fired power station,38.3525,37.005
Turkey,Q43,http://www.wikidata.org/entity/Q97640811,Bolu Göynük power station,Coal-fired power station,40.2522067,30.8111143
Turkey,Q43,http://www.wikidata.org/entity/Q56755056,Soma power station,Coal-fired power station,39.19509,27.635359833
Turkey,Q43,http://www.wikidata.org/entity/Q97642134,İzdemir power station,Coal-fired power station,38.741666666,26.929166666
Turkey,Q43,http://www.wikidata.org/entity/Q97709075,ZETES 2,Coal-fired power station,41.5032985,31.8862295
Turkey,Q43,http://www.wikidata.org/entity/Q85773487,Kangal power station,Coal-fired power station,39.0777171,37.2951722
Turkey,Q43,http://www.wikidata.org/entity/Q97708818,ZETES 1,Coal-fired power station,41.5074244,31.8953651
Turkey,Q43,http://www.wikidata.org/entity/Q97613544,18 Mart Çan power station,Coal-fired power station,40.0218,26.9744
Turkey,Q43,http://www.wikidata.org/entity/Q60313985,ZETES power stations,Coal-fired power station,41.5057492,31.8895554
Turkey,Q43,http://www.wikidata.org/entity/Q85967587,Afşin-Elbistan A power station,Coal-fired power station,38.3475,37.025
Turkey,Q43,http://www.wikidata.org/entity/Q31191365,Kemerköy power station,Coal-fired power station,37.0355,27.9007
Turkey,Q43,http://www.wikidata.org/entity/Q97640059,Bekirli‑1,Coal-fired power station,40.4435505,27.1305334
Turkey,Q43,http://www.wikidata.org/entity/Q63656905,Emba Hunutlu power station,Coal-fired power station,36.81609,35.85481
Turkey,Q43,http://www.wikidata.org/entity/Q97666447,Tufanbeyli power station,Coal-fired power station,38.1856784,36.2686157
Turkey,Q43,http://www.wikidata.org/entity/Q85800540,Seyitömer power station,Coal-fired power station,39.574254,29.882336833
Turkey,Q43,http://www.wikidata.org/entity/Q97641152,Çan-2 power station,Coal-fired power station,40.0344576,26.9504928
Turkey,Q43,http://www.wikidata.org/entity/Q97613608,Atlas power station,Coal-fired power station,36.69028,36.20909
Turkey,Q43,http://www.wikidata.org/entity/Q97666426,Soma Kolin power station,Coal-fired power station,39.3169103,27.7479887
Turkey,Q43,http://www.wikidata.org/entity/Q97666406,Polat power station,Coal-fired power station,39.6160695,29.4431877
Turkey,Q43,http://www.wikidata.org/entity/Q85811080,Tunçbilek power station,Coal-fired power station,39.6281,29.4626
Turkey,Q43,http://www.wikidata.org/entity/Q85973759,Orhaneli power station,Coal-fired power station,39.9515,28.8708
Turkey,Q43,http://www.wikidata.org/entity/Q85817274,Şırnak Silopi power station,Coal-fired power station,37.3100249,42.594696
Turkey,Q43,http://www.wikidata.org/entity/Q97285076,Yunus Emre Power Station,Coal-fired power station,39.985,31.636111111
Turkey,Q43,http://www.wikidata.org/entity/Q97640270,Bekirli-2,Coal-fired power station,40.399529833,27.04973
Turkey,Q43,http://www.wikidata.org/entity/Q97709205,ZETES 3,Coal-fired power station,41.5172137,31.9007027
Turkey,Q43,http://www.wikidata.org/entity/Q97641013,Cenal power station,Coal-fired power station,40.4201,27.3195
Turkey,Q43,http://www.wikidata.org/entity/Q85817252,İsken Sugözü power station,Coal-fired power station,36.835,35.88
Turkey,Q43,http://www.wikidata.org/entity/Q12010956,Yatağan Thermal Power Plant,Coal-fired power station,37.3314,28.1022
Turkey,Q43,http://www.wikidata.org/entity/Q6022911,Yeniköy power station,Coal-fired power station,37.141,27.87275
Turkey,Q43,http://www.wikidata.org/entity/Q6099668,Çatalağzı power station,Coal-fired power station,41.5173181,31.9007778
Turkey,Q43,http://www.wikidata.org/entity/Q6077955,Çayırhan power station,Coal-fired power station,40.097,31.695
Turkey,Q43,http://www.wikidata.org/entity/Q6101862,Afşin-Elbistan B power station,Coal-fired power station,38.3525,36.98
Czech Republic,Q213,http://www.wikidata.org/entity/Q3435621,Elektrárna Dětmarovice,Coal-fired power station,49.9031,18.4692
Czech Republic,Q213,http://www.wikidata.org/entity/Q11878029,Počerady Power Plant,Coal-fired power station,50.429,13.6771
Czech Republic,Q213,http://www.wikidata.org/entity/Q11878035,Tisová power station,Coal-fired power station,50.1533333,12.6119444
Czech Republic,Q213,http://www.wikidata.org/entity/Q11775147,Oslavany Power Plant,Coal-fired power station,49.1204,16.344
Czech Republic,Q213,http://www.wikidata.org/entity/Q106715452,CCGT Počerady,Coal-fired power station,50.429,13.6771
Czech Republic,Q213,http://www.wikidata.org/entity/Q2153090,Chvaletice Power Station,Coal-fired power station,50.02861111,15.45277778
Czech Republic,Q213,http://www.wikidata.org/entity/Q11878024,Opatovice Power Station,Coal-fired power station,50.127115,15.791521
Czech Republic,Q213,http://www.wikidata.org/entity/Q11878017,Hodonín power plant,Coal-fired power station,48.8469,17.12
Czech Republic,Q213,http://www.wikidata.org/entity/Q2944705,Prunéřov Power Stations,Coal-fired power station,50.418,13.259
Czech Republic,Q213,http://www.wikidata.org/entity/Q17138606,Q17138606,Coal-fired power station,50.386363,13.333959
Czech Republic,Q213,http://www.wikidata.org/entity/Q11878040,Q11878040,Coal-fired power station,49.8161,18.2739
Czech Republic,Q213,http://www.wikidata.org/entity/Q11878019,Komořany power plant,Coal-fired power station,50.5217,13.57
Czech Republic,Q213,http://www.wikidata.org/entity/Q1786166,Melnik Power Station,Coal-fired power station,50.41355,14.415436
Czech Republic,Q213,http://www.wikidata.org/entity/Q11878031,Poříčí power plant,Coal-fired power station,50.5722603,15.9642211
Czech Republic,Q213,http://www.wikidata.org/entity/Q117049020,Q117049020,Coal-fired power station,50.5271719,13.5445381
Czech Republic,Q213,http://www.wikidata.org/entity/Q12007471,Trmice Power Plant,Coal-fired power station,50.645,13.986666666
Czech Republic,Q213,http://www.wikidata.org/entity/Q104535226,Kolín Power Plant,Coal-fired power station,50.029991666,15.2093
Czech Republic,Q213,http://www.wikidata.org/entity/Q11878039,Třebovice power plant,Coal-fired power station,49.8316,18.2116
Czech Republic,Q213,http://www.wikidata.org/entity/Q2944731,Tušimice Power Station,Coal-fired power station,50.3811,13.3392
Czech Republic,Q213,http://www.wikidata.org/entity/Q11878023,Ledvice power station,Coal-fired power station,50.5767,13.7808
Japan,Q17,http://www.wikidata.org/entity/Q55528976,Q55528976,Coal-fired power station,35.12361111,136.91555556
Japan,Q17,http://www.wikidata.org/entity/Q48746545,Q48746545,Coal-fired power station,33.89111111,130.87
Japan,Q17,http://www.wikidata.org/entity/Q48748380,Q48748380,Coal-fired power station,33.88833333,130.86944444
Japan,Q17,http://www.wikidata.org/entity/Q2944706,Taketoyo Thermal Power Station,Coal-fired power station,34.8243552,136.9238734
Japan,Q17,http://www.wikidata.org/entity/Q55535319,Q55535319,Coal-fired power station,34.71875,135.52
Japan,Q17,http://www.wikidata.org/entity/Q2944675,Hirono Thermal Power Station,Coal-fired power station,37.23833333,141.01777778
Japan,Q17,http://www.wikidata.org/entity/Q55535369,Q55535369,Coal-fired power station,34.68208333,135.47319444
Japan,Q17,http://www.wikidata.org/entity/Q11481720,Hitachinaka Thermal Power Station,Coal-fired power station,36.436306,140.614056
Japan,Q17,http://www.wikidata.org/entity/Q11456426,Toyama Shinko Thermal Power Plant,Coal-fired power station,36.76508333,137.128
Japan,Q17,http://www.wikidata.org/entity/Q11550641,Q11550641,Coal-fired power station,43.119888888,141.538194444
Japan,Q17,http://www.wikidata.org/entity/Q11628727,Saijo Power Station,Coal-fired power station,33.931389,133.168611
Japan,Q17,http://www.wikidata.org/entity/Q11393739,Gushikawa Thermal Power Plant,Coal-fired power station,26.38036111,127.87527778
Japan,Q17,http://www.wikidata.org/entity/Q11353482,Nanao-Ohta Thermal Power Plant,Coal-fired power station,37.065833,137.006111
Japan,Q17,http://www.wikidata.org/entity/Q11501532,Shinchi Power Station,Coal-fired power station,37.843056,140.945556
Japan,Q17,http://www.wikidata.org/entity/Q11548505,Mizushima Power Station,Coal-fired power station,34.508186,133.746353
Japan,Q17,http://www.wikidata.org/entity/Q11444936,Naie Power Station,Coal-fired power station,43.421778,141.843583
Japan,Q17,http://www.wikidata.org/entity/Q11616843,Tomatō-Atsuma Power Plant,Coal-fired power station,42.61275,141.805889
Japan,Q17,http://www.wikidata.org/entity/Q11400648,Nakoso Thermal Power Station,Coal-fired power station,36.91083333,140.81416667
Japan,Q17,http://www.wikidata.org/entity/Q11544323,Tachibanawan Power Station,Coal-fired power station,33.86608333,134.65525
Japan,Q17,http://www.wikidata.org/entity/Q11587776,Hekinan Thermal Power Station,Coal-fired power station,34.835278,136.962194
Japan,Q17,http://www.wikidata.org/entity/Q11358287,Misumi Power Station,Coal-fired power station,34.779442,131.920689
Japan,Q17,http://www.wikidata.org/entity/Q11531849,Matsuura Power Station,Coal-fired power station,33.349778,129.683917
Japan,Q17,http://www.wikidata.org/entity/Q11644345,Sakata Kyodo Thermal Power Station,Coal-fired power station,38.969444,139.833056
Japan,Q17,http://www.wikidata.org/entity/Q11530157,Matsushima Thermal Power Station,Coal-fired power station,32.939995,129.597528
Japan,Q17,http://www.wikidata.org/entity/Q11364104,Q11364104,Coal-fired power station,34.844047,136.926647
Japan,Q17,http://www.wikidata.org/entity/Q11502450,Nippon Steel Kashima Power Plant,Coal-fired power station,35.94761111,140.68986111
Japan,Q17,http://www.wikidata.org/entity/Q11501915,Shin Onoda Power Station,Coal-fired power station,33.969278,131.164194
Japan,Q17,http://www.wikidata.org/entity/Q11587960,Isogo Thermal Power Station,Coal-fired power station,35.40325,139.641583
Japan,Q17,http://www.wikidata.org/entity/Q11616420,Wakamatsu Thermal Power Station,Coal-fired power station,33.92725,130.741444
Japan,Q17,http://www.wikidata.org/entity/Q11616103,Reihoku Power Station,Coal-fired power station,32.485944,130.041972
Japan,Q17,http://www.wikidata.org/entity/Q11599035,Takehara Thermal Power Station,Coal-fired power station,34.337611,132.960306
Japan,Q17,http://www.wikidata.org/entity/Q11613727,Maizuru Power Station,Coal-fired power station,35.526,135.342417
Japan,Q17,http://www.wikidata.org/entity/Q11591002,Kobelco Power Kobe,Coal-fired power station,34.703222,135.240917
Japan,Q17,http://www.wikidata.org/entity/Q11531844,Matsuura Thermal Power Station,Coal-fired power station,33.355,129.691472
Japan,Q17,http://www.wikidata.org/entity/Q11415405,Q11415405,Coal-fired power station,33.64444444,130.42472222
Japan,Q17,http://www.wikidata.org/entity/Q11587433,Sunagawa Power Station,Coal-fired power station,43.463889,141.890889
Japan,Q17,http://www.wikidata.org/entity/Q11672631,Takasago Thermal Power Station,Coal-fired power station,34.754194,134.766333
Japan,Q17,http://www.wikidata.org/entity/Q8054676,Yokosuka Thermal Power Station,Coal-fired power station,35.2156,139.716
Japan,Q17,http://www.wikidata.org/entity/Q11586290,Ishikawa Coal Thermal Power Station,Coal-fired power station,26.431333,127.841194
Japan,Q17,http://www.wikidata.org/entity/Q11496579,Tobata Kyodo Thermal Power Station,Coal-fired power station,33.926833,130.847583
Japan,Q17,http://www.wikidata.org/entity/Q7450801,Senju Thermal Power Station,Coal-fired power station,35.753222,139.790944
Japan,Q17,http://www.wikidata.org/entity/Q11585903,Ishikawa Thermal Power Station,Coal-fired power station,26.42936111,127.84036111
Japan,Q17,http://www.wikidata.org/entity/Q11544322,Tachibanawan Thermal Power Station,Coal-fired power station,33.856278,134.651444
Japan,Q17,http://www.wikidata.org/entity/Q11616079,Kanda Power Station,Coal-fired power station,33.7865,130.99733333
Japan,Q17,http://www.wikidata.org/entity/Q11361469,Shimonoseki Power Station,Coal-fired power station,34.001906,131.000986
Japan,Q17,http://www.wikidata.org/entity/Q11501709,Q11501709,Coal-fired power station,33.954417,131.209444
Japan,Q17,http://www.wikidata.org/entity/Q11409986,Haramachi Thermal Power Station,Coal-fired power station,37.666111,141.018333
Japan,Q17,http://www.wikidata.org/entity/Q11647327,Kin Thermal Power Plant,Coal-fired power station,26.44524956,127.92094421
Japan,Q17,http://www.wikidata.org/entity/Q11435058,Osaki Power Station,Coal-fired power station,34.260461,132.871203
Japan,Q17,http://www.wikidata.org/entity/Q11499552,Tsuruga Thermal Power Plant,Coal-fired power station,35.672917,136.078528
Japan,Q17,http://www.wikidata.org/entity/Q11604889,Q11604889,Coal-fired power station,37.0281449,137.850985
Japan,Q17,http://www.wikidata.org/entity/Q11611899,Noshiro Thermal Power Station,Coal-fired power station,40.191389,139.993611
United States,Q30,http://www.wikidata.org/entity/Q11998010,Riverside Power Station,Coal-fired power station,45.0203,-93.2753
United States,Q30,http://www.wikidata.org/entity/Q11997238,Rawhide Power Plant,Coal-fired power station,40.860905,-105.021207
United States,Q30,http://www.wikidata.org/entity/Q11980667,Kincaid Generation,Coal-fired power station,39.590556,-89.496389
United States,Q30,http://www.wikidata.org/entity/Q11982905,Labadie Energy Center,Coal-fired power station,38.562244,-90.837686
United States,Q30,http://www.wikidata.org/entity/Q11995597,Philip Sporn Power Plant,Coal-fired power station,38.9669,-81.9231
United States,Q30,http://www.wikidata.org/entity/Q11971441,Gallatin Fossil Plant,Coal-fired power station,36.31472222,-86.40027778
United States,Q30,http://www.wikidata.org/entity/Q11966489,Eckert Station,Coal-fired power station,42.71839,-84.55808
United States,Q30,http://www.wikidata.org/entity/Q12002435,J.K. Spruce Power Plant,Coal-fired power station,29.309722,-98.3203
United States,Q30,http://www.wikidata.org/entity/Q12002656,Stanton Power Plant,Coal-fired power station,47.286643,-101.331908
United States,Q30,http://www.wikidata.org/entity/Q11989904,Montour Power Plant,Coal-fired power station,41.070277777,-76.664444444
United States,Q30,http://www.wikidata.org/entity/Q11992629,Northeastern Power Plant,Coal-fired power station,36.4317,-95.7008
United States,Q30,http://www.wikidata.org/entity/Q11976755,Iatan Power Plant,Coal-fired power station,39.4472,-94.98
United States,Q30,http://www.wikidata.org/entity/Q11991261,New Madrid Power Plant,Coal-fired power station,36.5147,-89.5617
United States,Q30,http://www.wikidata.org/entity/Q11993281,Oklaunion Power Plant,Coal-fired power station,34.0825,-99.176111111
United States,Q30,http://www.wikidata.org/entity/Q11999906,Seminole Power Plant,Coal-fired power station,29.733056,-81.632778
United States,Q30,http://www.wikidata.org/entity/Q11988787,Mayo Power Plant,Coal-fired power station,36.5278,-78.8917
United States,Q30,http://www.wikidata.org/entity/Q11989060,Meramec Energy Center,Coal-fired power station,38.405222222,-90.34075
United States,Q30,http://www.wikidata.org/entity/Q11972516,Greene County Power Plant,Coal-fired power station,32.6017,-87.7811
United States,Q30,http://www.wikidata.org/entity/Q11995762,Pirkey Power Plant,Coal-fired power station,32.4607,-94.4852
United States,Q30,http://www.wikidata.org/entity/Q11994438,Ottumwa Power Plant,Coal-fired power station,41.0961,-92.555833
United States,Q30,http://www.wikidata.org/entity/Q12000598,Sioux Energy Center,Coal-fired power station,38.915479,-90.290247
United States,Q30,http://www.wikidata.org/entity/Q11994976,Pawnee Power Plant,Coal-fired power station,40.2217,-103.6803
United States,Q30,http://www.wikidata.org/entity/Q11965858,Dolet Hills Power Station,Coal-fired power station,32.031399306,-93.569079842
United States,Q30,http://www.wikidata.org/entity/Q11989064,PSEG Mercer Generating Station,Coal-fired power station,40.1792,-74.7339
United States,Q30,http://www.wikidata.org/entity/Q11977779,J R Whiting Power Plant,Coal-fired power station,41.792114,-83.44948
United States,Q30,http://www.wikidata.org/entity/Q11990277,Muskogee Power Plant,Coal-fired power station,35.76135,-95.28732
United States,Q30,http://www.wikidata.org/entity/Q11989074,Meredosia Power Plant,Coal-fired power station,39.823269,-90.5672
United States,Q30,http://www.wikidata.org/entity/Q11999349,San Juan Generating Station,Coal-fired power station,36.802,-108.439
United States,Q30,http://www.wikidata.org/entity/Q11978324,Jefferies Power Plant,Coal-fired power station,33.2420237,-79.9860554
United States,Q30,http://www.wikidata.org/entity/Q11996737,R D Morrow Power Plant,Coal-fired power station,31.2186,-89.394
United States,Q30,http://www.wikidata.org/entity/Q11998684,Rush Island Energy Center,Coal-fired power station,38.131248,-90.263157
United States,Q30,http://www.wikidata.org/entity/Q11966169,Duck Creek Power Plant,Coal-fired power station,40.4663,-89.9841
United States,Q30,http://www.wikidata.org/entity/Q11971852,George Neal North Power Plant,Coal-fired power station,42.299794,-96.361707
United States,Q30,http://www.wikidata.org/entity/Q12002659,Stanton Energy Center,Coal-fired power station,28.4822,-81.1678
United States,Q30,http://www.wikidata.org/entity/Q11989908,Montrose Power Plant,Coal-fired power station,38.3114,-93.9348
United States,Q30,http://www.wikidata.org/entity/Q12002576,St Johns River Power Park,Coal-fired power station,30.4308,-81.5508
United States,Q30,http://www.wikidata.org/entity/Q11983696,Leland Olds Power Plant,Coal-fired power station,47.280769,-101.321213
United States,Q30,http://www.wikidata.org/entity/Q11995826,Platte Generating Station,Coal-fired power station,40.854722222,-98.348055555
United States,Q30,http://www.wikidata.org/entity/Q11966524,Edge Moor Power Plant,Coal-fired power station,39.73886,-75.50384
United States,Q30,http://www.wikidata.org/entity/Q11988810,Mecklenburg Power Station,Coal-fired power station,36.6,-78.53
United States,Q30,http://www.wikidata.org/entity/Q11974356,Harrington Power Plant,Coal-fired power station,35.29816,-101.747187
United States,Q30,http://www.wikidata.org/entity/Q11983228,Laramie River Station,Coal-fired power station,42.107222222,-104.887222222
United States,Q30,http://www.wikidata.org/entity/Q11995994,Polk Power Plant,Coal-fired power station,27.7286,-81.9897
United States,Q30,http://www.wikidata.org/entity/Q11983539,W S Lee Power Plant,Coal-fired power station,34.6022,-82.435
United States,Q30,http://www.wikidata.org/entity/Q11991279,Newton Power Plant,Coal-fired power station,38.9361,-88.2781
United States,Q30,http://www.wikidata.org/entity/Q11976130,Hunter Power Plant,Coal-fired power station,39.1747,-111.0289
United States,Q30,http://www.wikidata.org/entity/Q11991027,Nebraska City Power Plant,Coal-fired power station,40.6214,-95.7764
United States,Q30,http://www.wikidata.org/entity/Q11967866,E. C. Gaston Power Station,Coal-fired power station,33.240072,-86.463839
United States,Q30,http://www.wikidata.org/entity/Q11976131,Huntington Power Plant,Coal-fired power station,39.3792,-111.0781
United States,Q30,http://www.wikidata.org/entity/Q11979245,Joppa Steam Power Plant,Coal-fired power station,37.2094,-88.858889
United States,Q30,http://www.wikidata.org/entity/Q11977034,Indian River Generating Station,Coal-fired power station,38.5857,-75.2341
United States,Q30,http://www.wikidata.org/entity/Q11998692,Russell Station,Coal-fired power station,43.265478,-77.633516
United States,Q30,http://www.wikidata.org/entity/Q12000277,Sibley Power Plant,Coal-fired power station,39.178319,-94.184445
United States,Q30,http://www.wikidata.org/entity/Q11981903,Kraft Power Plant,Coal-fired power station,32.1486,-81.1458
United States,Q30,http://www.wikidata.org/entity/Q11971952,Gibbons Creek Steam Electric Station,Coal-fired power station,30.61916667,-96.08166667
United States,Q30,http://www.wikidata.org/entity/Q12002398,Springerville Generating Station,Coal-fired power station,34.3186,-109.1639
United States,Q30,http://www.wikidata.org/entity/Q11975793,Hoot Lake Power Plant,Coal-fired power station,46.290641,-96.043252
United States,Q30,http://www.wikidata.org/entity/Q11966519,Eddystone Generating Station,Coal-fired power station,39.858,-75.323
United States,Q30,http://www.wikidata.org/entity/Q12000115,River Valley Power Plant,Coal-fired power station,35.19041,-94.65204
United States,Q30,http://www.wikidata.org/entity/Q11966460,FirstEnergy Eastlake Power Plant,Coal-fired power station,41.6711,-81.4425
United States,Q30,http://www.wikidata.org/entity/Q11974536,Havana Power Plant,Coal-fired power station,40.2797,-90.08
United States,Q30,http://www.wikidata.org/entity/Q11976027,Hudson Generating Station,Coal-fired power station,40.7472,-74.0725
United States,Q30,http://www.wikidata.org/entity/Q11990214,Muscatine Plant #1,Coal-fired power station,41.3917,-91.0569
United States,Q30,http://www.wikidata.org/entity/Q11996145,Powerton Power Plant,Coal-fired power station,40.5408,-89.6786
United States,Q30,http://www.wikidata.org/entity/Q11977952,James H. Miller coal power plant,Coal-fired power station,33.63194444,-87.06055556
United States,Q30,http://www.wikidata.org/entity/Q11999451,Sandow Power Plant,Coal-fired power station,30.564166666,-97.063888888
United States,Q30,http://www.wikidata.org/entity/Q11996069,Portland Power Plant,Coal-fired power station,40.910205,-75.079398
United States,Q30,http://www.wikidata.org/entity/Q11978950,John E. Amos Power Plant,Coal-fired power station,38.4747,-81.8211
United States,Q30,http://www.wikidata.org/entity/Q11996741,R S Nelson Power Plant,Coal-fired power station,30.2844,-93.2911
United States,Q30,http://www.wikidata.org/entity/Q12000093,Seward Power Plant,Coal-fired power station,40.4062581,-79.0333057
United States,Q30,http://www.wikidata.org/entity/Q11974321,Hardin Generator Project,Coal-fired power station,45.7578,-107.6
United States,Q30,http://www.wikidata.org/entity/Q11975625,Holcomb Power Plant,Coal-fired power station,37.9308,-100.9725
United States,Q30,http://www.wikidata.org/entity/Q11979050,John Sevier Steam Plant,Coal-fired power station,36.376944444,-82.963333333
United States,Q30,http://www.wikidata.org/entity/Q11990997,Naughton Power Plant,Coal-fired power station,41.7581,-110.5983
United States,Q30,http://www.wikidata.org/entity/Q11996740,R.E. Burger Power Station,Coal-fired power station,39.914645,-80.75988
United States,Q30,http://www.wikidata.org/entity/Q116713024,Kaukauna Paper Mill,Coal-fired power station,44.2826,-88.2534
United States,Q30,http://www.wikidata.org/entity/Q98561150,Kanawha River Plant,Coal-fired power station,38.206388888,-81.423333333
United States,Q30,http://www.wikidata.org/entity/Q116713977,Neil Simpson II,Coal-fired power station,44.2856,-105.3833
United States,Q30,http://www.wikidata.org/entity/Q116712210,Biron Mill,Coal-fired power station,44.43,-89.78
United States,Q30,http://www.wikidata.org/entity/Q116718233,SIUC,Coal-fired power station,37.711944,-89.215
United States,Q30,http://www.wikidata.org/entity/Q116712182,Grant Town Power Plant,Coal-fired power station,39.561831,-80.16314
United States,Q30,http://www.wikidata.org/entity/Q116715144,Wygen 2,Coal-fired power station,44.2919,-105.3811
United States,Q30,http://www.wikidata.org/entity/Q116713091,General Chemical,Coal-fired power station,41.5933,-109.7542
United States,Q30,http://www.wikidata.org/entity/Q116712162,John B Rich Memorial Power Station,Coal-fired power station,40.7903,-76.1983
United States,Q30,http://www.wikidata.org/entity/Q116713050,American Crystal Sugar East Grand Forks,Coal-fired power station,47.927202,-97.00715
United States,Q30,http://www.wikidata.org/entity/Q116712898,Covington Facility,Coal-fired power station,37.799722,-79.9947
United States,Q30,http://www.wikidata.org/entity/Q116712476,Archer Daniels Midland Cedar Rapids,Coal-fired power station,41.9221,-91.6875
United States,Q30,http://www.wikidata.org/entity/Q116718240,Western Sugar Coop - Scottsbluff,Coal-fired power station,41.85887,-103.6344
United States,Q30,http://www.wikidata.org/entity/Q116697058,Hibbing,Coal-fired power station,47.4294,-92.935
United States,Q30,http://www.wikidata.org/entity/Q116714116,Archer Daniels Midland Mankato,Coal-fired power station,44.187066,-93.99242
United States,Q30,http://www.wikidata.org/entity/Q116714259,American Crystal Sugar Hillsboro,Coal-fired power station,47.437562,-97.06311
United States,Q30,http://www.wikidata.org/entity/Q116715439,Spiritwood Station,Coal-fired power station,46.926423,-98.49971
United States,Q30,http://www.wikidata.org/entity/Q116715216,Plum Point Energy Station,Coal-fired power station,35.6644,-89.9489
United States,Q30,http://www.wikidata.org/entity/Q116776666,Dry Fork Power Station,Coal-fired power station,44.3892,-105.4613
United States,Q30,http://www.wikidata.org/entity/Q116714040,Colver Green Energy,Coal-fired power station,40.55,-78.8
United States,Q30,http://www.wikidata.org/entity/Q116714111,Archer Daniels Midland Clinton,Coal-fired power station,41.8206,-90.2097
United States,Q30,http://www.wikidata.org/entity/Q125698100,Syracuse University Steam Station,Coal-fired power station,43.039150087,-76.143501834
United States,Q30,http://www.wikidata.org/entity/Q116718251,MSC Sebewaing,Coal-fired power station,43.741111,-83.44722
United States,Q30,http://www.wikidata.org/entity/Q116713048,American Crystal Sugar Drayton,Coal-fired power station,48.593158,-97.17608
United States,Q30,http://www.wikidata.org/entity/Q116712351,Ebensburg Power,Coal-fired power station,40.455,-78.7472
United States,Q30,http://www.wikidata.org/entity/Q116696477,Marion,Coal-fired power station,37.619747,-88.95311
United States,Q30,http://www.wikidata.org/entity/Q116740256,South Oak Creek,Coal-fired power station,42.8457,-87.8294
United States,Q30,http://www.wikidata.org/entity/Q116713168,Southern Minnesota Beet Sugar,Coal-fired power station,44.796405,-95.17979
United States,Q30,http://www.wikidata.org/entity/Q116712777,Westwood Generation LLC,Coal-fired power station,40.6191,-76.45
United States,Q30,http://www.wikidata.org/entity/Q116695988,Aurora Energy LLC Chena,Coal-fired power station,64.847743,-147.7351
United States,Q30,http://www.wikidata.org/entity/Q116714109,Silver Bay Power,Coal-fired power station,47.286573,-91.26053
United States,Q30,http://www.wikidata.org/entity/Q116697040,Erickson Station,Coal-fired power station,42.692222,-84.65722
United States,Q30,http://www.wikidata.org/entity/Q116716350,Dry Fork Station,Coal-fired power station,44.388889,-105.4608
United States,Q30,http://www.wikidata.org/entity/Q116712684,Pixelle Specialty Solutions LLC - Spring Grove Facility,Coal-fired power station,39.870935,-76.86812
United States,Q30,http://www.wikidata.org/entity/Q116722607,Western Sugar Cooperative - Billings,Coal-fired power station,45.765346,-108.4992
United States,Q30,http://www.wikidata.org/entity/Q116713045,American Crystal Sugar Moorhead,Coal-fired power station,46.9026,-96.76112
United States,Q30,http://www.wikidata.org/entity/Q116697239,Painesville,Coal-fired power station,41.7265,-81.254
United States,Q30,http://www.wikidata.org/entity/Q116714577,Neenah Paper Munising Mill,Coal-fired power station,46.4094,-86.6443
United States,Q30,http://www.wikidata.org/entity/Q116712630,Utility Plants Section,Coal-fired power station,64.825601,-147.6486
United States,Q30,http://www.wikidata.org/entity/Q116718230,Genesis Alkali,Coal-fired power station,41.621667,-109.8119
United States,Q30,http://www.wikidata.org/entity/Q116696488,Whitewater Valley,Coal-fired power station,39.8028,-84.8953
United States,Q30,http://www.wikidata.org/entity/Q116714114,Archer Daniels Midland Lincoln,Coal-fired power station,40.866463,-96.61449
United States,Q30,http://www.wikidata.org/entity/Q116740289,Elm Road Generating Station,Coal-fired power station,42.8492,-87.8336
United States,Q30,http://www.wikidata.org/entity/Q116712679,Eielson AFB Central Heat & Power Plant,Coal-fired power station,64.67141,-147.076
United States,Q30,http://www.wikidata.org/entity/Q116715341,Sandy Creek Energy Station,Coal-fired power station,31.474378,-96.95715
United States,Q30,http://www.wikidata.org/entity/Q116714744,Wygen 1,Coal-fired power station,44.2858,-105.3833
United States,Q30,http://www.wikidata.org/entity/Q116712822,University of Alaska Fairbanks,Coal-fired power station,64.854171,-147.8221
United States,Q30,http://www.wikidata.org/entity/Q116697238,Orrville,Coal-fired power station,40.850964,-81.76576
United States,Q30,http://www.wikidata.org/entity/Q116697802,AES Puerto Rico,Coal-fired power station,17.947115,-66.1499
United States,Q30,http://www.wikidata.org/entity/Q116740257,Wansley,Coal-fired power station,33.41342,-85.03233
United States,Q30,http://www.wikidata.org/entity/Q116715326,Wygen III,Coal-fired power station,44.2919,-105.3806
United States,Q30,http://www.wikidata.org/entity/Q116715683,Archer Daniels Midland Columbus,Coal-fired power station,41.416442,-97.28633
United States,Q30,http://www.wikidata.org/entity/Q116718229,Sidney MT Plant,Coal-fired power station,47.717222,-104.1356
United States,Q30,http://www.wikidata.org/entity/Q116714220,Northampton Generating Company LP,Coal-fired power station,40.6917,-75.4792
United States,Q30,http://www.wikidata.org/entity/Q116715066,TS Power Plant,Coal-fired power station,40.7461,-116.5297
United States,Q30,http://www.wikidata.org/entity/Q116686536,Dover power plant,Coal-fired power station,40.520066,-81.46815
United States,Q30,http://www.wikidata.org/entity/Q116712870,TES Filer City Station,Coal-fired power station,44.217299,-86.28905
United States,Q30,http://www.wikidata.org/entity/Q116714341,Sunnyside Cogen Associates,Coal-fired power station,39.5472,-110.3917
United States,Q30,http://www.wikidata.org/entity/Q116714321,Amalgamated Sugar Twin Falls,Coal-fired power station,42.5328,-114.4328
United States,Q30,http://www.wikidata.org/entity/Q116696485,Crawfordsville Power Plant,Coal-fired power station,40.048889,-86.8992
United States,Q30,http://www.wikidata.org/entity/Q116713047,American Crystal Sugar Crookston,Coal-fired power station,47.76468,-96.63338
United States,Q30,http://www.wikidata.org/entity/Q116697500,John Twitty Energy Center,Coal-fired power station,37.151706,-93.38804
United States,Q30,http://www.wikidata.org/entity/Q130349102,Leland Olds Station,Coal-fired power station,47.281111111,-101.320833333
United States,Q30,http://www.wikidata.org/entity/Q116712385,Argus Cogen Plant,Coal-fired power station,35.765,-117.3833
United States,Q30,http://www.wikidata.org/entity/Q116712852,Panther Creek Energy Facility,Coal-fired power station,40.8556,-75.8781
United States,Q30,http://www.wikidata.org/entity/Q116712909,Rhinelander Mill,Coal-fired power station,45.6394,-89.4205
United States,Q30,http://www.wikidata.org/entity/Q116712440,Colstrip Energy LP,Coal-fired power station,45.9752,-106.6547
United States,Q30,http://www.wikidata.org/entity/Q116714113,Archer Daniels Midland Des Moines,Coal-fired power station,41.624438,-93.58452
United States,Q30,http://www.wikidata.org/entity/Q116695977,Whelan Energy Center,Coal-fired power station,40.580872,-98.31244
United States,Q30,http://www.wikidata.org/entity/Q116712413,Morgantown Energy Facility,Coal-fired power station,39.6397,-79.96056
United States,Q30,http://www.wikidata.org/entity/Q116696875,Sikeston Power Station,Coal-fired power station,36.8791,-89.6209
United States,Q30,http://www.wikidata.org/entity/Q116712928,Scrubgrass Reclamation CO. LP.,Coal-fired power station,41.2691,-79.8134
United States,Q30,http://www.wikidata.org/entity/Q116713070,Univ of NC Chapel Hill Cogen Facility,Coal-fired power station,35.9069,-79.0617
United States,Q30,http://www.wikidata.org/entity/Q116713211,St Nicholas Cogen Project,Coal-fired power station,40.8222,-76.1736
United States,Q30,http://www.wikidata.org/entity/Q116712257,Foster Wheeler Mt Carmel Cogen,Coal-fired power station,40.811189,-76.45295
United States,Q30,http://www.wikidata.org/entity/Q11963924,Clover Power Plant,Coal-fired power station,36.869,-78.704
United States,Q30,http://www.wikidata.org/entity/Q7273914,R. Paul Smith Power Station,Coal-fired power station,39.5953,-77.8272
United States,Q30,http://www.wikidata.org/entity/Q7970694,Warrick Power Plant,Coal-fired power station,37.9147,-87.3336
United States,Q30,http://www.wikidata.org/entity/Q8022021,Willis Avenue Station,Coal-fired power station,42.351556,-83.062058
United States,Q30,http://www.wikidata.org/entity/Q11963905,Clay Boswell Power Plant,Coal-fired power station,47.2611,-93.6528
United States,Q30,http://www.wikidata.org/entity/Q7569390,Southeast Steam Plant,Coal-fired power station,44.980833,-93.249167
United States,Q30,http://www.wikidata.org/entity/Q11962572,Bull Run Fossil Plant,Coal-fired power station,36.02111111,-84.15611111
United States,Q30,http://www.wikidata.org/entity/Q11964199,Crist Power Plant,Coal-fired power station,30.5661,-87.2244
United States,Q30,http://www.wikidata.org/entity/Q11958376,Antelope Valley Power Plant,Coal-fired power station,47.370542,-101.83566
United States,Q30,http://www.wikidata.org/entity/Q7309948,Reid Gardner Generating Station,Coal-fired power station,36.657,-114.634
United States,Q30,http://www.wikidata.org/entity/Q11958466,Apache Generating Station,Coal-fired power station,32.0603,-109.8931
United States,Q30,http://www.wikidata.org/entity/Q11964171,Coyote Power Plant,Coal-fired power station,47.221447,-101.815722
United States,Q30,http://www.wikidata.org/entity/Q11957478,Allen S King Power Plant,Coal-fired power station,45.03,-92.7786
United States,Q30,http://www.wikidata.org/entity/Q7603420,State Line Generating Plant,Coal-fired power station,41.7075,-87.5211
United States,Q30,http://www.wikidata.org/entity/Q7970789,Warrior Run Generating Station,Coal-fired power station,39.5961,-78.7461
United States,Q30,http://www.wikidata.org/entity/Q7237977,Prairie State Energy Campus,Coal-fired power station,38.2778,-89.6678
United States,Q30,http://www.wikidata.org/entity/Q11964596,Dallman Power Plant,Coal-fired power station,39.754803,-89.602389
United States,Q30,http://www.wikidata.org/entity/Q11963966,Coleto Creek Power Plant,Coal-fired power station,28.7127,-97.209
United States,Q30,http://www.wikidata.org/entity/Q11959893,B C Cobb Power Plant,Coal-fired power station,43.258768,-86.242268
United States,Q30,http://www.wikidata.org/entity/Q7494771,Sherburne County Generating Station,Coal-fired power station,45.3787,-93.8966
United States,Q30,http://www.wikidata.org/entity/Q7238778,Pratt Street Power Plant,Coal-fired power station,39.2861,-76.6075
United States,Q30,http://www.wikidata.org/entity/Q7343306,Robert D. Green Generating Station,Coal-fired power station,37.64,-87.5
United States,Q30,http://www.wikidata.org/entity/Q7349223,Robert Reid Power Station,Coal-fired power station,37.64,-87.5
United States,Q30,http://www.wikidata.org/entity/Q11964814,Dave Johnston Power Plant,Coal-fired power station,42.8378,-105.7769
United States,Q30,http://www.wikidata.org/entity/Q11964043,Conesville Power Plant,Coal-fired power station,40.186111111,-81.878611111
United States,Q30,http://www.wikidata.org/entity/Q11964210,Cross Generating Station,Coal-fired power station,33.369166666,-80.114166666
United States,Q30,http://www.wikidata.org/entity/Q7559897,Somerset Power Plant,Coal-fired power station,41.7378,-71.145
United States,Q30,http://www.wikidata.org/entity/Q11962233,Bremo Bluff Power Plant,Coal-fired power station,37.7089,-78.2878
United States,Q30,http://www.wikidata.org/entity/Q11964639,Dan E. Karn Generating Plant,Coal-fired power station,43.6445672,-83.8400709
United States,Q30,http://www.wikidata.org/entity/Q11964982,Dean H Mitchell Power Plant,Coal-fired power station,41.6392,-87.4069
United States,Q30,http://www.wikidata.org/entity/Q11964202,Cromby Generating Station,Coal-fired power station,40.1531,-75.5294
United States,Q30,http://www.wikidata.org/entity/Q7842146,Trimble County Generating Station,Coal-fired power station,38.58,-85.41
United States,Q30,http://www.wikidata.org/entity/Q11959837,Avon Lake Power Plant,Coal-fired power station,41.504166666,-82.054166666
United States,Q30,http://www.wikidata.org/entity/Q11961077,Birchwood Power Plant,Coal-fired power station,38.2667,-77.3147
United States,Q30,http://www.wikidata.org/entity/Q11964147,Walter Scott Jr. Power Plant,Coal-fired power station,41.18,-95.8408
United States,Q30,http://www.wikidata.org/entity/Q11959312,Asheville Power Plant,Coal-fired power station,35.4731,-82.5417
United States,Q30,http://www.wikidata.org/entity/Q11963517,Chesapeake Power Plant,Coal-fired power station,36.7711,-76.3019
United States,Q30,http://www.wikidata.org/entity/Q11960359,FirstEnergy Bay Shore Power Plant,Coal-fired power station,41.6917,-83.4378
United States,Q30,http://www.wikidata.org/entity/Q7587585,St. Clair Power Plant,Coal-fired power station,42.7644,-82.4725
United States,Q30,http://www.wikidata.org/entity/Q11960976,Big Brown Power Plant,Coal-fired power station,31.820555555,-96.056111111
United States,Q30,http://www.wikidata.org/entity/Q8010688,William H. Zimmer Power Station,Coal-fired power station,38.866388888,-84.228055555
United States,Q30,http://www.wikidata.org/entity/Q7861604,Tyrone Generating Station,Coal-fired power station,38.04,-84.84
United States,Q30,http://www.wikidata.org/entity/Q11963995,Colstrip Power Plant,Coal-fired power station,45.8831,-106.614
United States,Q30,http://www.wikidata.org/entity/Q11960980,Big Cajun 2 Power Plant,Coal-fired power station,30.7261,-91.3692
United States,Q30,http://www.wikidata.org/entity/Q11961508,Black Dog Power Plant,Coal-fired power station,44.8108,-93.2501
United States,Q30,http://www.wikidata.org/entity/Q7338090,Riverbend Steam Station,Coal-fired power station,35.36,-80.9742
United States,Q30,http://www.wikidata.org/entity/Q7204138,Pleasants Power Station,Coal-fired power station,39.366944444,-81.294722222
United States,Q30,http://www.wikidata.org/entity/Q11964088,Cope Power Plant,Coal-fired power station,33.3644,-81.03
United States,Q30,http://www.wikidata.org/entity/Q7491519,Shawnee Fossil Plant,Coal-fired power station,37.15,-88.77
United States,Q30,http://www.wikidata.org/entity/Q7241592,Presque Isle Power Plant,Coal-fired power station,46.5792,-87.3964
United States,Q30,http://www.wikidata.org/entity/Q11963955,Coffeen Power Station,Coal-fired power station,39.059166666,-89.403055555
United States,Q30,http://www.wikidata.org/entity/Q7838558,Trenton Channel Power Plant,Coal-fired power station,42.1222,-83.1814
United States,Q30,http://www.wikidata.org/entity/Q11963916,Clinch River Power Plant,Coal-fired power station,36.9333,-82.1997
United States,Q30,http://www.wikidata.org/entity/Q7273648,R. Gallagher Generating Station,Coal-fired power station,38.2636,-85.8378
United States,Q30,http://www.wikidata.org/entity/Q11960988,Big Stone Power Plant,Coal-fired power station,45.303652,-96.510067
United States,Q30,http://www.wikidata.org/entity/Q11963591,GREC Power Plant,Coal-fired power station,36.190278,-95.2894
United States,Q30,http://www.wikidata.org/entity/Q7300530,Reading Municipal Light and Power Station,Coal-fired power station,42.518056,-71.101389
United States,Q30,http://www.wikidata.org/entity/Q7668158,T. B. Simon Power Plant,Coal-fired power station,42.7176,-84.4844
United States,Q30,http://www.wikidata.org/entity/Q11960073,Baldwin Energy Complex,Coal-fired power station,38.205,-89.8544
United States,Q30,http://www.wikidata.org/entity/Q7989434,Weston Generating Station,Coal-fired power station,44.8586,-89.6497
United States,Q30,http://www.wikidata.org/entity/Q7495153,Sherman Creek Generating Station,Coal-fired power station,40.8594,-73.9198
United States,Q30,http://www.wikidata.org/entity/Q7568567,South Street Station,Coal-fired power station,41.8186,-71.4067
United States,Q30,http://www.wikidata.org/entity/Q7683623,Tanner's Creek Generating Station,Coal-fired power station,39.0814,-84.8608
United States,Q30,http://www.wikidata.org/entity/Q11963521,Chesterfield Power Plant,Coal-fired power station,37.3822,-77.3833
United States,Q30,http://www.wikidata.org/entity/Q7493540,Sheldon Power Station,Coal-fired power station,40.5592,-96.7847
United States,Q30,http://www.wikidata.org/entity/Q8006282,William C. Dale Power Station,Coal-fired power station,37.88,-84.26
United States,Q30,http://www.wikidata.org/entity/Q11963912,James E. Rogers Energy Complex,Coal-fired power station,35.22,-81.7594
United States,Q30,http://www.wikidata.org/entity/Q7203927,Pleasant Prairie Power Plant,Coal-fired power station,42.5381,-87.9047
United States,Q30,http://www.wikidata.org/entity/Q11962267,Bridgeport Station,Coal-fired power station,41.1706,-73.1844
United States,Q30,http://www.wikidata.org/entity/Q19398510,W.H. Weatherspoon Steam Electric Generating Plant,Coal-fired power station,34.592523,-78.977649
United States,Q30,http://www.wikidata.org/entity/Q19394024,Kennecott Power Plant,Coal-fired power station,40.7119,-112.1225
United States,Q30,http://www.wikidata.org/entity/Q15274570,Salem Harbor Power Station,Coal-fired power station,42.52631389,-70.87650556
United States,Q30,http://www.wikidata.org/entity/Q12009934,Virginia Power Plant,Coal-fired power station,47.522428,-92.540951
United States,Q30,http://www.wikidata.org/entity/Q19376306,Jim Bridger Power Plant,Coal-fired power station,41.7378,-108.7875
United States,Q30,http://www.wikidata.org/entity/Q19388335,Shawville Power Plant,Coal-fired power station,41.06755,-78.366228
United States,Q30,http://www.wikidata.org/entity/Q12006589,Tolk Power Plant,Coal-fired power station,34.186494,-102.56999
United States,Q30,http://www.wikidata.org/entity/Q19378743,Lake Shore Power Plant,Coal-fired power station,41.535555555,-81.641944444
United States,Q30,http://www.wikidata.org/entity/Q17773482,FirstEnergy Fort Martin Power Station,Coal-fired power station,39.710833,-79.9275
United States,Q30,http://www.wikidata.org/entity/Q19372614,E.D. Edwards Power Plant,Coal-fired power station,40.5956,-89.663
United States,Q30,http://www.wikidata.org/entity/Q17762853,Craig Power Plant,Coal-fired power station,40.4627,-107.5912
United States,Q30,http://www.wikidata.org/entity/Q12004961,Allen Fossil Plant,Coal-fired power station,35.073611111,-90.148611111
United States,Q30,http://www.wikidata.org/entity/Q19385992,R M Schahfer Power Plant,Coal-fired power station,41.2164,-87.0261
United States,Q30,http://www.wikidata.org/entity/Q19375547,Indiantown Cogeneration,Coal-fired power station,27.0389,-80.5125
United States,Q30,http://www.wikidata.org/entity/Q19373863,Hayden Power Plant,Coal-fired power station,40.4856,-107.185
United States,Q30,http://www.wikidata.org/entity/Q19381655,FirstEnergy Mitchell Power Station,Coal-fired power station,40.221111,-79.968333
United States,Q30,http://www.wikidata.org/entity/Q14714483,J. P. Pulliam Generating Station,Coal-fired power station,44.54,-88.0086
United States,Q30,http://www.wikidata.org/entity/Q12003953,Sunbury Generation,Coal-fired power station,40.8361,-76.825
United States,Q30,http://www.wikidata.org/entity/Q12010424,Waukegan Power Plant,Coal-fired power station,42.3833,-87.8133
United States,Q30,http://www.wikidata.org/entity/Q14690669,Hugh L. Spurlock Generating Station,Coal-fired power station,38.698611111,-83.816666666
United States,Q30,http://www.wikidata.org/entity/Q19373861,Hawthorn Power Plant,Coal-fired power station,39.1306,-94.4778
United States,Q30,http://www.wikidata.org/entity/Q17762575,Colbert Fossil Plant,Coal-fired power station,34.744094444,-87.849586111
United States,Q30,http://www.wikidata.org/entity/Q13639724,John P. Madgett Generating Station,Coal-fired power station,44.3031,-91.9125
United States,Q30,http://www.wikidata.org/entity/Q17782018,Hammond Power Plant,Coal-fired power station,34.2528,-85.3456
United States,Q30,http://www.wikidata.org/entity/Q12010420,Wateree Power Plant,Coal-fired power station,33.8264,-80.6228
United States,Q30,http://www.wikidata.org/entity/Q19398763,Wyodak Power Plant,Coal-fired power station,44.2899432,-105.3817695
United States,Q30,http://www.wikidata.org/entity/Q14711594,Intermountain Power Plant,Coal-fired power station,39.5075,-112.58
United States,Q30,http://www.wikidata.org/entity/Q17761737,Cape Fear Power Plant,Coal-fired power station,35.595,-79.0495
United States,Q30,http://www.wikidata.org/entity/Q19387550,San Miguel Power Plant,Coal-fired power station,28.7044,-98.4775
United States,Q30,http://www.wikidata.org/entity/Q17768225,Dunkirk Generating Plant,Coal-fired power station,42.491467,-79.346631
United States,Q30,http://www.wikidata.org/entity/Q19393605,Major Oak Power Plant,Coal-fired power station,31.091925,-96.69503
United States,Q30,http://www.wikidata.org/entity/Q18154138,Marysville Power Plant,Coal-fired power station,42.9261,-82.4614
United States,Q30,http://www.wikidata.org/entity/Q17769509,Elrama Generating Station,Coal-fired power station,40.2525,-79.918611111
United States,Q30,http://www.wikidata.org/entity/Q12010779,Wood River Station,Coal-fired power station,38.866111111,-90.135277777
United States,Q30,http://www.wikidata.org/entity/Q12005325,Tecumseh Energy Center,Coal-fired power station,39.0539,-95.568889
United States,Q30,http://www.wikidata.org/entity/Q12007909,John W. Turk Jr. Coal Plant,Coal-fired power station,33.6505,-93.8115
United States,Q30,http://www.wikidata.org/entity/Q19375998,J.M. Stuart Station,Coal-fired power station,38.637777777,-83.693055555
United States,Q30,http://www.wikidata.org/entity/Q15204242,Brayton Point Power Station,Coal-fired power station,41.71326111,-71.19131667
United States,Q30,http://www.wikidata.org/entity/Q14522779,Columbia Energy Center,Coal-fired power station,43.4861,-89.4203
United States,Q30,http://www.wikidata.org/entity/Q19385619,Prairie Creek Power Plant,Coal-fired power station,41.944039,-91.639167
United States,Q30,http://www.wikidata.org/entity/Q17750827,Brame Energy Center,Coal-fired power station,31.395,-92.716667
United States,Q30,http://www.wikidata.org/entity/Q19381656,Mitchell Power Plant,Coal-fired power station,31.444728,-84.134696
United States,Q30,http://www.wikidata.org/entity/Q19379448,Limestone Power Plant,Coal-fired power station,31.4219,-96.2525
United States,Q30,http://www.wikidata.org/entity/Q12010663,Will County Power Plant,Coal-fired power station,41.6334,-88.0629
United States,Q30,http://www.wikidata.org/entity/Q17762572,Spruance Power Plant,Coal-fired power station,37.4556,-77.4308
United States,Q30,http://www.wikidata.org/entity/Q19375999,J.T. Deely Power Plant,Coal-fired power station,29.3075,-98.3225
United States,Q30,http://www.wikidata.org/entity/Q19389719,Sooner Power Plant,Coal-fired power station,36.45307,-97.05279
United States,Q30,http://www.wikidata.org/entity/Q19380190,Louisa Power Plant,Coal-fired power station,41.3181,-91.0931
United States,Q30,http://www.wikidata.org/entity/Q19377132,Killen Station,Coal-fired power station,38.691666666,-83.479722222
United States,Q30,http://www.wikidata.org/entity/Q19398513,Wabash River Power Plant,Coal-fired power station,39.53,-87.4247
United States,Q30,http://www.wikidata.org/entity/Q19381382,Merrimack Power Plant,Coal-fired power station,43.1411,-71.4692
United States,Q30,http://www.wikidata.org/entity/Q19387017,Roxboro Steam Plant,Coal-fired power station,36.478833,-79.070889
United States,Q30,http://www.wikidata.org/entity/Q19381129,Martin Drake Power Plant,Coal-fired power station,38.824444,-104.833333
United States,Q30,http://www.wikidata.org/entity/Q19384023,North Omaha Power Station,Coal-fired power station,41.32909,-95.94466
United States,Q30,http://www.wikidata.org/entity/Q19378669,L V Sutton Steam Power Plant,Coal-fired power station,34.283056,-77.985278
United States,Q30,http://www.wikidata.org/entity/Q12010297,W. A. Parish Power Plant,Coal-fired power station,29.476111111,-95.633333333
United States,Q30,http://www.wikidata.org/entity/Q12010748,Winyah Power Plant,Coal-fired power station,33.33184,-79.357236
United States,Q30,http://www.wikidata.org/entity/Q12010709,Williams Power Plant,Coal-fired power station,33.0158,-79.9297
United States,Q30,http://www.wikidata.org/entity/Q17762080,Chambers Cogeneration,Coal-fired power station,39.693494,-75.485811
United States,Q30,http://www.wikidata.org/entity/Q12005485,Tennessee Eastman Power Plant,Coal-fired power station,36.5219,-82.5431
United States,Q30,http://www.wikidata.org/entity/Q19384267,O.H. Hutchings Station,Coal-fired power station,39.609038,-84.296445
United States,Q30,http://www.wikidata.org/entity/Q19373712,Hatfield's Ferry Power Station,Coal-fired power station,39.855555555,-79.9275
United States,Q30,http://www.wikidata.org/entity/Q17762194,Cheswick Power Plant,Coal-fired power station,40.5383,-79.7906
United States,Q30,http://www.wikidata.org/entity/Q19386298,Ray D Nixon Power Plant,Coal-fired power station,38.633451,-104.70577
United States,Q30,http://www.wikidata.org/entity/Q12011023,Yorktown Power Plant,Coal-fired power station,37.2144,-76.4611
United States,Q30,http://www.wikidata.org/entity/Q17762744,Coronado Generation Station,Coal-fired power station,34.5789,-109.2708
United States,Q30,http://www.wikidata.org/entity/Q19379030,Syl Laskin Power Plant,Coal-fired power station,47.5306,-92.1619
United States,Q30,http://www.wikidata.org/entity/Q17749397,FirstEnergy Ashtabula Power Plant,Coal-fired power station,41.9086,-80.7697
United States,Q30,http://www.wikidata.org/entity/Q16839851,George E. Turner Power Plant,Coal-fired power station,28.869,-81.273
United States,Q30,http://www.wikidata.org/entity/Q17776065,George Neal South Power Plant,Coal-fired power station,42.3006,-96.3617
United States,Q30,http://www.wikidata.org/entity/Q19387773,Schiller Power Plant,Coal-fired power station,43.0978,-70.7842
United States,Q30,http://www.wikidata.org/entity/Q17762625,Comanche Power Plant,Coal-fired power station,38.2081,-104.5747
United States,Q30,http://www.wikidata.org/entity/Q17762136,Lowman Energy Center,Coal-fired power station,31.488019,-87.910747
United States,Q30,http://www.wikidata.org/entity/Q19378970,Lansing Power Plant,Coal-fired power station,43.3359,-91.1675
United States,Q30,http://www.wikidata.org/entity/Q19379100,Lawrence Energy Centre,Coal-fired power station,38.9717,-95.2353
United States,Q30,http://www.wikidata.org/entity/Q19386330,Red Hills Generating Facility,Coal-fired power station,33.3761,-89.2183
United States,Q30,http://www.wikidata.org/entity/Q15211341,Comal Power Plant,Coal-fired power station,29.70707915,-98.13382236
United States,Q30,http://www.wikidata.org/entity/Q19375996,John C. Weadock Generating Plant,Coal-fired power station,43.6401399,-83.8451564
United States,Q30,http://www.wikidata.org/entity/Q19382983,Niles Power Plant,Coal-fired power station,41.166928,-80.74769
United States,Q30,http://www.wikidata.org/entity/Q12005045,Taconite Harbor Energy Center,Coal-fired power station,47.5314,-90.9114
United States,Q30,http://www.wikidata.org/entity/Q14707870,Belews Creek Power Station,Coal-fired power station,36.2814,-80.0603
United States,Q30,http://www.wikidata.org/entity/Q17761700,Canadys Station,Coal-fired power station,33.0647,-80.6228
United States,Q30,http://www.wikidata.org/entity/Q17765111,Archer Daniels Midland Decatur Power Plant,Coal-fired power station,39.870074,-88.890756
United States,Q30,http://www.wikidata.org/entity/Q17760726,Burlington Power Plant,Coal-fired power station,40.7412,-91.116667
United States,Q30,http://www.wikidata.org/entity/Q17750736,Bonanza Power Plant,Coal-fired power station,40.086454,-109.286424
United States,Q30,http://www.wikidata.org/entity/Q19374250,R M Heskett Power Plant,Coal-fired power station,46.8669,-100.8836
United States,Q30,http://www.wikidata.org/entity/Q19375997,J. H. Campbell Generating Plant,Coal-fired power station,42.912083333,-86.202305555
United States,Q30,http://www.wikidata.org/entity/Q14715731,Mount Tom Station,Coal-fired power station,42.2812,-72.6052
United States,Q30,http://www.wikidata.org/entity/Q19372239,Cardinal Power Plant,Coal-fired power station,40.252222222,-80.648611111
United States,Q30,http://www.wikidata.org/entity/Q19372630,Eagle Valley Power Plant,Coal-fired power station,39.48517,-86.4183
United States,Q30,http://www.wikidata.org/entity/Q14715612,Indian Orchard Station,Coal-fired power station,42.1574,-72.5232
United States,Q30,http://www.wikidata.org/entity/Q19378685,La Cygne Generating Station,Coal-fired power station,38.34803,-94.644696
United States,Q30,http://www.wikidata.org/entity/Q15209547,Chester Waterside Station of the Philadelphia Electric Company,Coal-fired power station,39.82916667,-75.38388889
United States,Q30,http://www.wikidata.org/entity/Q19374882,Hugo Power Plant,Coal-fired power station,34.01531,-95.32082
United States,Q30,http://www.wikidata.org/entity/Q17748098,Cayuga Power Plant,Coal-fired power station,42.6021886,-76.6338444
United States,Q30,http://www.wikidata.org/entity/Q12006078,Thomas Hill coal power plant,Coal-fired power station,39.5522,-92.6381
United States,Q30,http://www.wikidata.org/entity/Q17776422,Glen Lyn Plant,Coal-fired power station,37.370555555,-80.863888888
United States,Q30,http://www.wikidata.org/entity/Q19376826,Kammer Power Plant,Coal-fired power station,39.8461,-80.8186
United States,Q30,http://www.wikidata.org/entity/Q19382651,Nearman Creek Power Plant,Coal-fired power station,39.1681,-94.6975
United States,Q30,http://www.wikidata.org/entity/Q5081424,Charles P. Crane Generating Station,Coal-fired power station,39.32361111,-76.36638889
United States,Q30,http://www.wikidata.org/entity/Q6942797,Muskingum River Power Plant,Coal-fired power station,39.588333333,-81.6825
United States,Q30,http://www.wikidata.org/entity/Q2677866,Clifty Creek Power Plant,Coal-fired power station,38.737778,-85.418889
United States,Q30,http://www.wikidata.org/entity/Q4651365,AES Hawaii Power Plant,Coal-fired power station,21.3033,-158.106
United States,Q30,http://www.wikidata.org/entity/Q44722472,Hutsonville Power Station,Coal-fired power station,39.133888888,-87.66
United States,Q30,http://www.wikidata.org/entity/Q2142814,W. H. Sammis Power Plant,Coal-fired power station,40.53,-80.630833
United States,Q30,http://www.wikidata.org/entity/Q5973624,IRT Powerhouse,Coal-fired power station,40.77194444,-73.99222222
United States,Q30,http://www.wikidata.org/entity/Q6083406,Island Station Power Plant,Coal-fired power station,44.9264,-93.1156
United States,Q30,http://www.wikidata.org/entity/Q5528247,Gavin Power Plant,Coal-fired power station,38.935833333,-82.116666666
United States,Q30,http://www.wikidata.org/entity/Q25021529,Longview Power Plant,Coal-fired power station,39.7075,-79.95666667
United States,Q30,http://www.wikidata.org/entity/Q5713431,Henderson Station One,Coal-fired power station,37.84,-87.59
United States,Q30,http://www.wikidata.org/entity/Q5214281,Dan River Steam Station,Coal-fired power station,36.487,-79.718
United States,Q30,http://www.wikidata.org/entity/Q5346152,Edwardsport Power Station,Coal-fired power station,38.8067,-87.2469
United States,Q30,http://www.wikidata.org/entity/Q24061848,Lon D. Wright Power Plant,Coal-fired power station,41.42797,-96.46226
United States,Q30,http://www.wikidata.org/entity/Q2465266,Kingston Fossil Plant,Coal-fired power station,35.898333,-84.518889
United States,Q30,http://www.wikidata.org/entity/Q2944692,Morgantown Generating Station,Coal-fired power station,38.3592,-76.9767
United States,Q30,http://www.wikidata.org/entity/Q2194720,Mountaineer Power Plant,Coal-fired power station,38.978333,-81.935556
United States,Q30,http://www.wikidata.org/entity/Q27265395,Johnsonville Fossil Plant,Coal-fired power station,36.02777778,-87.98638889
United States,Q30,http://www.wikidata.org/entity/Q2583825,Independence Power Plant,Coal-fired power station,35.677222,-91.409722
United States,Q30,http://www.wikidata.org/entity/Q992876,Brunner Island Steam Electric Station,Coal-fired power station,40.0956,-76.6969
United States,Q30,http://www.wikidata.org/entity/Q7109252,Ottawa Street Power Station,Coal-fired power station,42.7353,-84.55
United States,Q30,http://www.wikidata.org/entity/Q6389930,Kenneth C. Coleman Generating Station,Coal-fired power station,37.9625,-86.7917
United States,Q30,http://www.wikidata.org/entity/Q4880125,B.L. England Generating Station,Coal-fired power station,39.28972222,-74.63388889
United States,Q30,http://www.wikidata.org/entity/Q60059406,Philo Power Plant,Coal-fired power station,39.864444444,-81.904166666
United States,Q30,http://www.wikidata.org/entity/Q2796942,Cumberland Power Plant,Coal-fired power station,36.391389,-87.654722
United States,Q30,http://www.wikidata.org/entity/Q5533430,Genoa Generating Station,Coal-fired power station,43.5592,-91.2319
United States,Q30,http://www.wikidata.org/entity/Q5035916,Capitol Power Plant,Coal-fired power station,38.8829,-77.0075
United States,Q30,http://www.wikidata.org/entity/Q5455171,Fisk Generating Station,Coal-fired power station,41.8503,-87.6533
United States,Q30,http://www.wikidata.org/entity/Q4928488,Blount Generating Station,Coal-fired power station,43.0792,-89.3742
United States,Q30,http://www.wikidata.org/entity/Q4733545,Alma Generating Station,Coal-fired power station,44.3083,-91.9108
United States,Q30,http://www.wikidata.org/entity/Q6990475,Nelson Dewey Generating Station,Coal-fired power station,42.7225,-91.0086
United States,Q30,http://www.wikidata.org/entity/Q4931425,Boardman Coal Plant,Coal-fired power station,45.693333333,-119.806944444
United States,Q30,http://www.wikidata.org/entity/Q4647544,A. B. Brown Generating Station,Coal-fired power station,37.9056,-87.715
United States,Q30,http://www.wikidata.org/entity/Q6837489,Michigan City Generating Station,Coal-fired power station,41.721111111,-86.909722222
United States,Q30,http://www.wikidata.org/entity/Q5539156,George F. Weaton Power Station,Coal-fired power station,40.6673,-80.3461
United States,Q30,http://www.wikidata.org/entity/Q7201493,Plant Scherer,Coal-fired power station,33.0626,-83.8039
United States,Q30,http://www.wikidata.org/entity/Q3348669,Mitchell Power Plant,Coal-fired power station,39.829972,-80.817972
United States,Q30,http://www.wikidata.org/entity/Q5656124,Harding Street Generating Station,Coal-fired power station,39.7094,-86.1967
United States,Q30,http://www.wikidata.org/entity/Q6827316,Miami Fort Power Station,Coal-fired power station,39.1156,-84.805
United States,Q30,http://www.wikidata.org/entity/Q5691461,Healy Clean Coal Project,Coal-fired power station,63.8547,-148.951
United States,Q30,http://www.wikidata.org/entity/Q4957061,Brandon Shores Generating Station,Coal-fired power station,39.1814,-76.5378
United States,Q30,http://www.wikidata.org/entity/Q5068815,Chalk Point Generating Station,Coal-fired power station,38.5436,-76.6886
United States,Q30,http://www.wikidata.org/entity/Q5549174,Gerald Gentleman Station,Coal-fired power station,41.0808,-101.143
United States,Q30,http://www.wikidata.org/entity/Q5486395,Frank E. Ratts Generating Station,Coal-fired power station,38.52,-87.2672
United States,Q30,http://www.wikidata.org/entity/Q5055473,Cayuga Generating Station,Coal-fired power station,39.9239,-87.4272
United States,Q30,http://www.wikidata.org/entity/Q2247303,Plant Bowen,Coal-fired power station,34.123056,-84.920278
United States,Q30,http://www.wikidata.org/entity/Q5182909,Crawford Station,Coal-fired power station,41.8286,-87.7228
United States,Q30,http://www.wikidata.org/entity/Q5423823,F. B. Culley Generating Station,Coal-fired power station,37.9092,-87.325
United States,Q30,http://www.wikidata.org/entity/Q5475105,Four Corners Generating Station,Coal-fired power station,36.688,-108.477
United States,Q30,http://www.wikidata.org/entity/Q5062187,Centralia Power Plant,Coal-fired power station,46.7556,-122.86
United States,Q30,http://www.wikidata.org/entity/Q6108043,JEA Northside Generating Station,Coal-fired power station,30.4286,-81.5528
United States,Q30,http://www.wikidata.org/entity/Q7169816,Perry K. Generating Station,Coal-fired power station,39.7628,-86.1669
United States,Q30,http://www.wikidata.org/entity/Q6861403,Milton R. Young Power Plant,Coal-fired power station,47.0658,-101.214
United States,Q30,http://www.wikidata.org/entity/Q5733435,Herbert A. Wagner Generating Station,Coal-fired power station,39.1786,-76.5269
United States,Q30,http://www.wikidata.org/entity/Q6905989,Monticello Steam Electric Station,Coal-fired power station,33.0911,-95.0381
United States,Q30,http://www.wikidata.org/entity/Q5061162,Central Heating Plant,Coal-fired power station,38.885575,-77.028917
United States,Q30,http://www.wikidata.org/entity/Q6414382,Kintigh Generating Station,Coal-fired power station,43.358055555,-78.603888888
United States,Q30,http://www.wikidata.org/entity/Q5439027,Fayette Power Project,Coal-fired power station,29.9167,-96.7517
United States,Q30,http://www.wikidata.org/entity/Q5366670,Elmer Smith Power Plant,Coal-fired power station,37.79,-87.06
United States,Q30,http://www.wikidata.org/entity/Q4982950,Buck Steam Station,Coal-fired power station,35.712,-80.377
United States,Q30,http://www.wikidata.org/entity/Q6106964,J. Robert Welsh Power Plant,Coal-fired power station,33.055,-94.8394
United States,Q30,http://www.wikidata.org/entity/Q7057102,North Valmy Generating Station,Coal-fired power station,40.88,-117.148
United States,Q30,http://www.wikidata.org/entity/Q3435522,Cholla Power Plant,Coal-fired power station,34.9403,-110.3
United States,Q30,http://www.wikidata.org/entity/Q6858279,Mill Creek Generating Station,Coal-fired power station,38.05,-85.91
United States,Q30,http://www.wikidata.org/entity/Q5327848,East Bend Generating Station,Coal-fired power station,38.9,-84.85
United States,Q30,http://www.wikidata.org/entity/Q6773788,Marshall Steam Station,Coal-fired power station,35.5975,-80.9647
United States,Q30,http://www.wikidata.org/entity/Q7134272,Paradise Fossil Plant,Coal-fired power station,37.25,-86.97
United States,Q30,http://www.wikidata.org/entity/Q5061289,Central Islip State Hospital Powerplant,Coal-fired power station,40.7741,-73.1894
United States,Q30,http://www.wikidata.org/entity/Q2944698,Monroe Power Plant,Coal-fired power station,41.8892,-83.3456
United States,Q30,http://www.wikidata.org/entity/Q6819937,Merom Generating Station,Coal-fired power station,39.0678,-87.5114
United States,Q30,http://www.wikidata.org/entity/Q5221078,Danskammer Generating Station,Coal-fired power station,41.5728,-73.9647
United States,Q30,http://www.wikidata.org/entity/Q6175968,Jeffrey Energy Center,Coal-fired power station,39.286111111,-96.116944444
United States,Q30,http://www.wikidata.org/entity/Q4039072,FutureGen,Coal-fired power station,39.823027777,-90.566083333
United States,Q30,http://www.wikidata.org/entity/Q5137722,Coal Creek Station,Coal-fired power station,47.3769,-101.157
United States,Q30,http://www.wikidata.org/entity/Q4848475,Bailly Generating Station,Coal-fired power station,41.643333333,-87.122777777
United States,Q30,http://www.wikidata.org/entity/Q4905098,Big Bend Power Station,Coal-fired power station,27.79583333,-82.40361111
United States,Q30,http://www.wikidata.org/entity/Q649785,Mohave Power Station,Coal-fired power station,35.145,-114.589
United States,Q30,http://www.wikidata.org/entity/Q5512241,G. G. Allen Steam Station,Coal-fired power station,35.1903,-81.0083
United States,Q30,http://www.wikidata.org/entity/Q21946840,Martin Lake Power Station,Coal-fired power station,32.259167,-94.568611
United States,Q30,http://www.wikidata.org/entity/Q57836075,Watts Bar Steam Plant,Coal-fired power station,35.610555555,-84.781388888
United States,Q30,http://www.wikidata.org/entity/Q4878734,Beckjord Power Station,Coal-fired power station,38.9921,-84.2972
United States,Q30,http://www.wikidata.org/entity/Q5596304,Coronado Generating Station,Coal-fired power station,34.482222,-109.383333
United States,Q30,http://www.wikidata.org/entity/Q6398461,Keystone Generating Station,Coal-fired power station,40.66,-79.3408
United States,Q30,http://www.wikidata.org/entity/Q5322201,E. W. Brown Generating Station,Coal-fired power station,37.78,-84.71
United States,Q30,http://www.wikidata.org/entity/Q7178184,Petersburg Generating Station,Coal-fired power station,38.5275,-87.2539
United States,Q30,http://www.wikidata.org/entity/Q2188703,White Bluff Power Plant,Coal-fired power station,34.423555555,-92.140194444
United States,Q30,http://www.wikidata.org/entity/Q54871308,Oak Grove Power Plant,Coal-fired power station,31.18138889,-96.48805556
United States,Q30,http://www.wikidata.org/entity/Q5273642,Dickerson Generating Station,Coal-fired power station,39.21,-77.465
United States,Q30,http://www.wikidata.org/entity/Q3373852,Pearl Street Station,Coal-fired power station,40.7078,-74.0047
United States,Q30,http://www.wikidata.org/entity/Q55609817,Cabin Creek Power Plant,Coal-fired power station,38.198333333,-81.478055555
United States,Q30,http://www.wikidata.org/entity/Q1870230,Hal B. Wansley Power Plant,Coal-fired power station,33.413333,-85.0325
United States,Q30,http://www.wikidata.org/entity/Q3438152,Rockport Power Plant,Coal-fired power station,37.925556,-87.033889
United States,Q30,http://www.wikidata.org/entity/Q6923900,Mount Storm Power Station,Coal-fired power station,39.2008,-79.2628
United States,Q30,http://www.wikidata.org/entity/Q5032215,Cane Run Generating Station,Coal-fired power station,38.17,-85.87
United States,Q30,http://www.wikidata.org/entity/Q2940052,Homer City Generating Station,Coal-fired power station,40.5108,-79.1936
United States,Q30,http://www.wikidata.org/entity/Q55316118,Virginia City Hybrid Energy Center,Coal-fired power station,36.91527778,-82.33972222
United States,Q30,http://www.wikidata.org/entity/Q5203360,D.B. Wilson Generating Station,Coal-fired power station,37.45,-87.08
United States,Q30,http://www.wikidata.org/entity/Q4793958,Armstrong Power Plant,Coal-fired power station,40.929166666,-79.466388888
United States,Q30,http://www.wikidata.org/entity/Q7073448,Oak Creek Power Plant,Coal-fired power station,42.8444,-87.8286
United States,Q30,http://www.wikidata.org/entity/Q5603131,Green River Generating Station,Coal-fired power station,37.3642,-87.1228
United States,Q30,http://www.wikidata.org/entity/Q2038849,Harllee Branch Power Plant,Coal-fired power station,33.193889,-83.299722
United States,Q30,http://www.wikidata.org/entity/Q2339858,Conemaugh Generating Station,Coal-fired power station,40.384722222,-79.063611111
United States,Q30,http://www.wikidata.org/entity/Q55950744,Frank R. Phillips Power Station,Coal-fired power station,40.568888888,-80.228611111
United States,Q30,http://www.wikidata.org/entity/Q5037928,Carbon Power Plant,Coal-fired power station,39.7272,-110.864
United States,Q30,http://www.wikidata.org/entity/Q5191336,Crystal River Energy Complex,Coal-fired power station,28.9667,-82.7
United States,Q30,http://www.wikidata.org/entity/Q7201473,Plant Daniel,Coal-fired power station,30.53,-88.5561
United States,Q30,http://www.wikidata.org/entity/Q2436683,Kyger Creek Power Plant,Coal-fired power station,38.915278,-82.128333
United States,Q30,http://www.wikidata.org/entity/Q1739396,Elk River Station,Coal-fired power station,45.2952,-93.5567
United States,Q30,http://www.wikidata.org/entity/Q56025530,William Crawford Gorgas Electric Generating Plant,Coal-fired power station,33.644344,-87.196486
United States,Q30,http://www.wikidata.org/entity/Q52334324,Picway Power Plant,Coal-fired power station,39.793611111,-83.01
United States,Q30,http://www.wikidata.org/entity/Q5321971,E. J. Stoneman Generating Station,Coal-fired power station,42.7083,-90.9847
United States,Q30,http://www.wikidata.org/entity/Q47013121,Grainger Generating Station,Coal-fired power station,33.825833333,-79.052777777
United States,Q30,http://www.wikidata.org/entity/Q2944666,Gibson Generating Station,Coal-fired power station,38.3719,-87.7672
United States,Q30,http://www.wikidata.org/entity/Q6138357,James M. Barry Electric Generating Plant,Coal-fired power station,31.0061,-88.0111
United States,Q30,http://www.wikidata.org/entity/Q5337844,Edgewater Generating Station,Coal-fired power station,43.7156,-87.7064
United States,Q30,http://www.wikidata.org/entity/Q5556231,Ghent Generating Station,Coal-fired power station,38.7542,-85.0214
United States,Q30,http://www.wikidata.org/entity/Q3436126,Harrison Power Station,Coal-fired power station,39.383889,-80.331111
United States,Q30,http://www.wikidata.org/entity/Q991403,Bruce Mansfield Power Plant,Coal-fired power station,40.635,-80.41527778
United States,Q30,http://www.wikidata.org/entity/Q2013497,Widows Creek Fossil Plant,Coal-fired power station,34.884167,-85.755
United States,Q30,http://www.wikidata.org/entity/Q5459489,Flint Creek Power Plant,Coal-fired power station,36.2556,-94.5228
United States,Q30,http://www.wikidata.org/entity/Q176590,Navajo Generating Station,Coal-fired power station,36.9033,-111.39
United States,Q30,http://www.wikidata.org/entity/Q4883686,Belle River Power Plant,Coal-fired power station,42.7739,-82.495
United States,Q30,http://www.wikidata.org/entity/Q6257643,John Sherman Cooper Power Station,Coal-fired power station,36.99,-84.59
South Korea,Q884,http://www.wikidata.org/entity/Q11975772,Honam Coal-Fired Power Plant,Coal-fired power station,34.8535553,127.7352691
South Korea,Q884,http://www.wikidata.org/entity/Q31180579,Bukpyeong Power Plant,Coal-fired power station,37.4796857,129.1470337
South Korea,Q884,http://www.wikidata.org/entity/Q16097744,Seoul Power Station,Coal-fired power station,37.54416,126.918057
South Korea,Q884,http://www.wikidata.org/entity/Q12622419,Hadong Power Plant,Coal-fired power station,34.9524975,127.8214679
South Korea,Q884,http://www.wikidata.org/entity/Q12601497,Seocheon Power Plant,Coal-fired power station,36.1362371,126.4959812
South Korea,Q884,http://www.wikidata.org/entity/Q11965928,Donghae Coal-Fired Power Plant,Coal-fired power station,37.4857985,129.145875
South Korea,Q884,http://www.wikidata.org/entity/Q11999235,Samcheonpo Power Plant,Coal-fired power station,34.9117924,128.1096411
South Korea,Q884,http://www.wikidata.org/entity/Q12591122,Dangjin Power Station,Coal-fired power station,37.055109,126.511302
South Korea,Q884,http://www.wikidata.org/entity/Q19398844,Yeongdong Thermal Power Plant,Coal-fired power station,37.7387721,128.9808018
South Korea,Q884,http://www.wikidata.org/entity/Q12011011,Yonghungdo power station,Coal-fired power station,37.2410147,126.4385676
South Korea,Q884,http://www.wikidata.org/entity/Q22974294,Shin Boryeong Power Plant,Coal-fired power station,36.3848418,126.4867329
South Korea,Q884,http://www.wikidata.org/entity/Q12598340,Boryeong Power Plant,Coal-fired power station,36.402,126.49
South Korea,Q884,http://www.wikidata.org/entity/Q19940084,Samcheok Power Plant,Coal-fired power station,37.1855016,129.3410754
South Korea,Q884,http://www.wikidata.org/entity/Q16179275,Taean Thermal Power Plant,Coal-fired power station,36.905555555,126.234722222
South Korea,Q884,http://www.wikidata.org/entity/Q19398848,Yeosu Power Plant,Coal-fired power station,34.8401541,127.6915491
Vietnam,Q881,http://www.wikidata.org/entity/Q17779747,Hai Phong Thermal Power Station,Coal-fired power station,20.9421021,106.7576051
Vietnam,Q881,http://www.wikidata.org/entity/Q7179855,Pha Lai Power Station,Coal-fired power station,21.1155,106.309
Vietnam,Q881,http://www.wikidata.org/entity/Q12008544,Uông Bí Power Station,Coal-fired power station,21.0400352,106.7858934
Vietnam,Q881,http://www.wikidata.org/entity/Q10800795,Q10800795,Coal-fired power station,21.0899157,106.5775001
Vietnam,Q881,http://www.wikidata.org/entity/Q130358624,Vinh Tan 3 Power Plant,Coal-fired power station,11.3168815,108.7983799
Vietnam,Q881,http://www.wikidata.org/entity/Q130358584,Vinh Tan 1 Power Plant,Coal-fired power station,11.3184595,108.8071239
Vietnam,Q881,http://www.wikidata.org/entity/Q130358623,Vinh Tan 4 Power Plant,Coal-fired power station,11.3163713,108.7943244
Vietnam,Q881,http://www.wikidata.org/entity/Q10800847,Q10800847,Coal-fired power station,21.1794598,106.7796528
Vietnam,Q881,http://www.wikidata.org/entity/Q10800851,Q10800851,Coal-fired power station,18.0980448,106.3811195
Vietnam,Q881,http://www.wikidata.org/entity/Q130358625,Vinh Tan 2 Power Plant,Coal-fired power station,11.3176495,108.8026178
Vietnam,Q881,http://www.wikidata.org/entity/Q5317674,Duyen Hai Power Station,Coal-fired power station,9.583333,106.527222
Vietnam,Q881,http://www.wikidata.org/entity/Q10800845,Q10800845,Coal-fired power station,21.006818,107.3574328
Finland,Q33,http://www.wikidata.org/entity/Q11882096,Meri-Pori power plant,Coal-fired power station,61.63166667,21.40666667
Finland,Q33,http://www.wikidata.org/entity/Q11883487,Q11883487,Coal-fired power station,60.43516667,26.91180556
Finland,Q33,http://www.wikidata.org/entity/Q11900623,Vaskiluoto power stations,Coal-fired power station,63.09138889,21.55388889
Finland,Q33,http://www.wikidata.org/entity/Q21582274,Hanasaari Power Plant,Coal-fired power station,60.1835155,24.9713394
Finland,Q33,http://www.wikidata.org/entity/Q3432740,Rauhalahti Power Station,Coal-fired power station,62.23555556,25.81388889
Finland,Q33,http://www.wikidata.org/entity/Q11895176,Suomenoja power plant,Coal-fired power station,60.149878,24.7181129
Finland,Q33,http://www.wikidata.org/entity/Q11992895,Naantali Power Plant,Coal-fired power station,60.45766667,22.05516667
Finland,Q33,http://www.wikidata.org/entity/Q11895958,Tahkoluoto power plant,Coal-fired power station,61.632222,21.405
Finland,Q33,http://www.wikidata.org/entity/Q11873050,Kristiina power plant,Coal-fired power station,62.25555556,21.32805556
Finland,Q33,http://www.wikidata.org/entity/Q11892112,Salmisaari Power Plant,Coal-fired power station,60.16472244,24.9038887
Finland,Q33,http://www.wikidata.org/entity/Q5404479,Kymijärvi power plant,Coal-fired power station,60.991667,25.72
Finland,Q33,http://www.wikidata.org/entity/Q11977308,Inkoo power plant,Coal-fired power station,60.0203839,23.9129662
Romania,Q218,http://www.wikidata.org/entity/Q6869635,Mintia-Deva Power Station,Coal-fired power station,45.91333333,22.82555556
Romania,Q218,http://www.wikidata.org/entity/Q5643811,Halânga Power Station,Coal-fired power station,44.67666667,22.685
Romania,Q218,http://www.wikidata.org/entity/Q11995771,Q11995771,Coal-fired power station,44.85833333,24.86666667
Romania,Q218,http://www.wikidata.org/entity/Q2944717,Turceni Power Station,Coal-fired power station,44.6697,23.4078
Romania,Q218,http://www.wikidata.org/entity/Q7371723,Rovinari Power Station,Coal-fired power station,44.90833889,23.13503889
Romania,Q218,http://www.wikidata.org/entity/Q4783611,Arad Power Station,Coal-fired power station,46.221095988,21.328157104
Romania,Q218,http://www.wikidata.org/entity/Q7198916,Pitești Sud Power Station,Coal-fired power station,44.85833333,24.86666667
Romania,Q218,http://www.wikidata.org/entity/Q7139610,Paroșeni Power Station,Coal-fired power station,45.3654997,23.2617637
Romania,Q218,http://www.wikidata.org/entity/Q5611794,Grozăvești Power Station,Coal-fired power station,44.44027778,26.06277778
Mongolia,Q711,http://www.wikidata.org/entity/Q121733995,Darkhan Thermal Power Plant,Coal-fired power station,49.436916666,105.958027777
Mongolia,Q711,http://www.wikidata.org/entity/Q131453957,Thermal Power Plant No. 2,Coal-fired power station,47.905083333,106.807361111
Mongolia,Q711,http://www.wikidata.org/entity/Q131387897,Buuruljuut Power Plant,Coal-fired power station,47.272305555,107.890361111
Mongolia,Q711,http://www.wikidata.org/entity/Q121283205,Thermal Power Plant No. 3 (Ulaanbaatar),Coal-fired power station,47.896055555,106.864083333
Mongolia,Q711,http://www.wikidata.org/entity/Q131620607,Dalanzadgad Thermal Power Plant,Coal-fired power station,43.569722222,104.435277777
Mongolia,Q711,http://www.wikidata.org/entity/Q131831004,Baganuur Power Plant,Coal-fired power station,47.745666666,108.355027777
Mongolia,Q711,http://www.wikidata.org/entity/Q121734003,Erdenet Thermal Power Plant,Coal-fired power station,49.04075,104.097444444
Mongolia,Q711,http://www.wikidata.org/entity/Q123746419,Ukhaa Khudag Power Plant,Coal-fired power station,43.672277777,105.539638888
Mongolia,Q711,http://www.wikidata.org/entity/Q121536502,Thermal Power Plant No. 4,Coal-fired power station,47.894083333,106.803722222
Denmark,Q35,http://www.wikidata.org/entity/Q3432984,Asnæs Power Station,Coal-fired power station,55.66130556,11.07894444
Denmark,Q35,http://www.wikidata.org/entity/Q3432599,Svanemølle Power Station,Coal-fired power station,55.7133,12.5881
Denmark,Q35,http://www.wikidata.org/entity/Q3432315,Ensted Power Station,Coal-fired power station,55.0215,9.4401
Denmark,Q35,http://www.wikidata.org/entity/Q3432898,H. C. Ørsted Power Station,Coal-fired power station,55.65685278,12.55696389
Denmark,Q35,http://www.wikidata.org/entity/Q1140285,Esbjerg Power Station,Coal-fired power station,55.45458333,8.45530556
Denmark,Q35,http://www.wikidata.org/entity/Q3432240,Avedøre Power Station,Coal-fired power station,55.602761,12.47925
Denmark,Q35,http://www.wikidata.org/entity/Q12301241,Amager power station,Coal-fired power station,55.68555556,12.62611111
Denmark,Q35,http://www.wikidata.org/entity/Q1355591,Studstrup Power Station,Coal-fired power station,56.251388888,10.344444444
Denmark,Q35,http://www.wikidata.org/entity/Q3432980,Nordjylland Power Station,Coal-fired power station,57.0745,10.041
Denmark,Q35,http://www.wikidata.org/entity/Q3432295,Fyn Power Station,Coal-fired power station,55.42980556,10.411
Malaysia,Q833,http://www.wikidata.org/entity/Q116628936,Sejingkat Power Station,Coal-fired power station,1.6369,110.464
Malaysia,Q833,http://www.wikidata.org/entity/Q7441454,Sultan Salahuddin Abdul Aziz Power Station,Coal-fired power station,3.117,101.322
Malaysia,Q833,http://www.wikidata.org/entity/Q116696059,Jimah East Power Plant,Coal-fired power station,2.5934859,101.7304373
Malaysia,Q833,http://www.wikidata.org/entity/Q12005196,Tanjung Bin Power Station,Coal-fired power station,1.334,103.5422
Malaysia,Q833,http://www.wikidata.org/entity/Q19380991,Manjung Power Station,Coal-fired power station,4.163069,100.64292
Malaysia,Q833,http://www.wikidata.org/entity/Q116654839,Mukah Power Station,Coal-fired power station,2.969,112.3234
Malaysia,Q833,http://www.wikidata.org/entity/Q11978589,Jimah Power Plant,Coal-fired power station,2.5923391,101.7243433
Malaysia,Q833,http://www.wikidata.org/entity/Q116628728,Balingian Power Station,Coal-fired power station,2.7375301,112.47461
Indonesia,Q252,http://www.wikidata.org/entity/Q17762472,Cilacap Power Plant,Coal-fired power station,-7.6856287,109.0929864
Indonesia,Q252,http://www.wikidata.org/entity/Q11994608,Pacitan Power Plant,Coal-fired power station,-8.2582072,111.3737969
Indonesia,Q252,http://www.wikidata.org/entity/Q5121854,Cirebon Steam Power Plant,Coal-fired power station,-6.77,108.615
Indonesia,Q252,http://www.wikidata.org/entity/Q19730961,Adipala Power Plant,Coal-fired power station,-7.6836378,109.1372529
Indonesia,Q252,http://www.wikidata.org/entity/Q12005459,Q12005459,Coal-fired power station,-6.0592373,106.464445
Indonesia,Q252,http://www.wikidata.org/entity/Q19375553,Indramayu Power Plant,Coal-fired power station,-6.2746363,107.9702339
Indonesia,Q252,http://www.wikidata.org/entity/Q19378710,Labuan Angin Power Plant,Coal-fired power station,-6.3917358,105.8290619
Indonesia,Q252,http://www.wikidata.org/entity/Q19386456,Rembang Power Plant,Coal-fired power station,-6.6360318,111.4756054
Indonesia,Q252,http://www.wikidata.org/entity/Q6333253,Suralaya Power Station,Coal-fired power station,-5.892388888,106.030333333
Indonesia,Q252,http://www.wikidata.org/entity/Q25470952,Palabuhanratu Power Plant,Coal-fired power station,-7.0234246,106.5461504
Indonesia,Q252,http://www.wikidata.org/entity/Q12005195,Tanjung Jati Power Plant,Coal-fired power station,-6.4455381,110.7431513
Indonesia,Q252,http://www.wikidata.org/entity/Q16896355,Paiton Power Station,Coal-fired power station,-7.713833333,113.582611111
Kazakhstan,Q232,http://www.wikidata.org/entity/Q764289,Ekibastuz GRES-2 Power Station,Coal-fired power station,52.023888888,75.476388888
Kazakhstan,Q232,http://www.wikidata.org/entity/Q30893421,Q30893421,Coal-fired power station,52.11861,76.87583
Kazakhstan,Q232,http://www.wikidata.org/entity/Q48941379,Q48941379,Coal-fired power station,49.98333,82.61
Kazakhstan,Q232,http://www.wikidata.org/entity/Q25390606,Petropavlovsk 2 CHP station,Coal-fired power station,54.898333333,69.187222222
Kazakhstan,Q232,http://www.wikidata.org/entity/Q11980769,Q11980769,Coal-fired power station,49.673265,58.619555
Kazakhstan,Q232,http://www.wikidata.org/entity/Q22914837,Zhezkazgan CHP station,Coal-fired power station,47.784166666,67.746111111
Kazakhstan,Q232,http://www.wikidata.org/entity/Q16432066,Qarağandı 2 CHP station,Coal-fired power station,50.046666666,73.051944444
Kazakhstan,Q232,http://www.wikidata.org/entity/Q2656363,Ekibastuz GRES-1,Coal-fired power station,51.88638889,75.37666667
Kazakhstan,Q232,http://www.wikidata.org/entity/Q22083509,Karaganda 3 CHP station,Coal-fired power station,49.9144,73.2353
Kazakhstan,Q232,http://www.wikidata.org/entity/Q48941987,Q48941987,Coal-fired power station,52.36667,76.93389
Austria,Q40,http://www.wikidata.org/entity/Q19392536,Q19392536,Coal-fired power station,48.013102003,13.589164674
Austria,Q40,http://www.wikidata.org/entity/Q1158822,Q1158822,Coal-fired power station,48.196261111,16.3536
Austria,Q40,http://www.wikidata.org/entity/Q1158819,Dampfkraftwerk Ebenfurth,Coal-fired power station,47.87,16.35
Austria,Q40,http://www.wikidata.org/entity/Q12002484,St. Andrä Power Station,Coal-fired power station,46.770272493,14.838165426
Austria,Q40,http://www.wikidata.org/entity/Q477846,Dürnrohr Power Station,Coal-fired power station,48.3256,15.9236
Austria,Q40,http://www.wikidata.org/entity/Q1158823,Dampfkraftwerk Engerthstraße,Coal-fired power station,48.2211,16.4092
Austria,Q40,http://www.wikidata.org/entity/Q1158824,Voitsberg power station,Coal-fired power station,47.0513,15.1333
Austria,Q40,http://www.wikidata.org/entity/Q1786193,Kraftwerk Riedersbach,Coal-fired power station,48.0314,12.8422
Austria,Q40,http://www.wikidata.org/entity/Q11988975,Q11988975,Coal-fired power station,46.910911,15.488597
Italy,Q38,http://www.wikidata.org/entity/Q3664518,Federico II power station,Coal-fired power station,40.56324,18.03182
Italy,Q38,http://www.wikidata.org/entity/Q3664649,Torrevaldaliga Nord coal-fired power plant,Coal-fired power station,42.127432,11.758437
Italy,Q38,http://www.wikidata.org/entity/Q3664640,Edipower Brindisi power plant,Coal-fired power station,40.6438532,17.9789503
Italy,Q38,http://www.wikidata.org/entity/Q3664639,Andrea Palladio power plant,Coal-fired power station,45.4305635,12.2467364
Italy,Q38,http://www.wikidata.org/entity/Q3664641,Eugenio Montale thermoelectric plant,Coal-fired power station,44.11083333,9.87444444
Italy,Q38,http://www.wikidata.org/entity/Q12008789,Vado Ligure power plant,Coal-fired power station,44.2758371,8.4308229
Italy,Q38,http://www.wikidata.org/entity/Q17772520,Fiume Santo coal-fired power plant,Coal-fired power station,40.847838888,8.30515
Italy,Q38,http://www.wikidata.org/entity/Q12003920,Sulcis power plant,Coal-fired power station,39.1963096,8.4004104
Spain,Q29,http://www.wikidata.org/entity/Q5760908,Los Barrios power plant,Coal-fired power station,36.18277778,-5.42
Spain,Q29,http://www.wikidata.org/entity/Q23503987,Fígols power plant,Coal-fired power station,42.176047222,1.860180555
Spain,Q29,http://www.wikidata.org/entity/Q4168052,Velilla Power Plant,Coal-fired power station,42.8180718,-4.8543157
Spain,Q29,http://www.wikidata.org/entity/Q3410626,La Robla Power Plant,Coal-fired power station,42.79222222,-5.63444444
Spain,Q29,http://www.wikidata.org/entity/Q8343544,Compostilla II Power Plant,Coal-fired power station,42.61111111,-6.56583333
Spain,Q29,http://www.wikidata.org/entity/Q8343548,Litoral de Almería Power Plant,Coal-fired power station,36.978394,-1.90502
Spain,Q29,http://www.wikidata.org/entity/Q5760844,Aboño Power Plant,Coal-fired power station,43.55305556,-5.72305556
Spain,Q29,http://www.wikidata.org/entity/Q5760854,Anllares Power Plant,Coal-fired power station,42.83805556,-6.53305556
Spain,Q29,http://www.wikidata.org/entity/Q5760918,Soto de Ribera Power Plant,Coal-fired power station,43.3125,-5.87444444
Spain,Q29,http://www.wikidata.org/entity/Q3398721,Meirama Power Plant,Coal-fired power station,43.16805556,-8.41111111
Spain,Q29,http://www.wikidata.org/entity/Q8343551,Lada Power Plant,Coal-fired power station,43.308694444,-5.698194444
Spain,Q29,http://www.wikidata.org/entity/Q5760925,Narcea Power Plant,Coal-fired power station,43.292271,-6.3939357
Spain,Q29,http://www.wikidata.org/entity/Q11996454,Puente Nuevo Power Station,Coal-fired power station,38.110644,-4.934213
Spain,Q29,http://www.wikidata.org/entity/Q1786223,Teruel Power Plant,Coal-fired power station,40.997777777,-0.382777777
Brazil,Q155,http://www.wikidata.org/entity/Q18478373,Complexo Termelétrico Jorge Lacerda,Coal-fired power station,-28.45436,-48.9689
Brazil,Q155,http://www.wikidata.org/entity/Q106413966,Q106413966,Coal-fired power station,-31.45039,-53.77708
Brazil,Q155,http://www.wikidata.org/entity/Q11977639,Porto do Itaqui Power Plant,Coal-fired power station,-2.5874518,-44.3386102
Brazil,Q155,http://www.wikidata.org/entity/Q65171143,Figueira Thermal Power Station,Coal-fired power station,-23.8523863,-50.3903496
Brazil,Q155,http://www.wikidata.org/entity/Q10388459,Pecém I Power Plant,Coal-fired power station,-3.5814701,-38.8757783
Brazil,Q155,http://www.wikidata.org/entity/Q10388457,Presidente Médici Power Plant,Coal-fired power station,-31.551,-53.682
Brazil,Q155,http://www.wikidata.org/entity/Q106548235,Pecém II Power Plant,Coal-fired power station,-3.5815417,-38.8750738
Bulgaria,Q219,http://www.wikidata.org/entity/Q12279878,Maritsa East 3 TPP,Coal-fired power station,42.1446941,26.0039633
Bulgaria,Q219,http://www.wikidata.org/entity/Q3428971,Ruse Iztok Power Plant,Coal-fired power station,43.865,26.01111111
Bulgaria,Q219,http://www.wikidata.org/entity/Q3441556,Bobov Dol Power Plant,Coal-fired power station,42.28555556,23.03277778
Bulgaria,Q219,http://www.wikidata.org/entity/Q3441524,Varna Power Plant,Coal-fired power station,43.1959784,27.764672
Bulgaria,Q219,http://www.wikidata.org/entity/Q12295920,AES Galabovo TPP,Coal-fired power station,42.154444,25.904444
Bulgaria,Q219,http://www.wikidata.org/entity/Q25435577,Q25435577,Coal-fired power station,42.7494,23.2532
Bulgaria,Q219,http://www.wikidata.org/entity/Q3441851,Republika Power Plant,Coal-fired power station,42.60638889,23.07916667
Bulgaria,Q219,http://www.wikidata.org/entity/Q6765913,Maritsa 3 Power Plant,Coal-fired power station,42.05416667,25.62638889
Bulgaria,Q219,http://www.wikidata.org/entity/Q12295921,Maritsa East 2 TPP,Coal-fired power station,42.254167,26.130833
Philippines,Q928,http://www.wikidata.org/entity/Q19385979,Q19385979,Coal-fired power station,14.2286837,121.7565823
Philippines,Q928,http://www.wikidata.org/entity/Q7630459,Sual Power Station,Coal-fired power station,16.125,120.101
Philippines,Q928,http://www.wikidata.org/entity/Q113128639,Q113128639,Coal-fired power station,14.424777777,120.536583333
Philippines,Q928,http://www.wikidata.org/entity/Q6749710,Manila Thermal Power Plant,Coal-fired power station,14.5886,120.98896
Philippines,Q928,http://www.wikidata.org/entity/Q104857140,Pagbilao Power Station,Coal-fired power station,13.8940148,121.745317
Philippines,Q928,http://www.wikidata.org/entity/Q11988604,Masinloc Power Plant,Coal-fired power station,15.5639239,119.9227372
Philippines,Q928,http://www.wikidata.org/entity/Q123982775,SLTEC Calaca Power Station,Coal-fired power station,13.919083333,120.826861111
Philippines,Q928,http://www.wikidata.org/entity/Q21852409,Mariveles Coal-Fired Power Plant,Coal-fired power station,14.424777777,120.536583333
Philippines,Q928,http://www.wikidata.org/entity/Q117480272,Limay Coal Power Plant,Coal-fired power station,14.519861111,120.603472222
Taiwan,Q865,http://www.wikidata.org/entity/Q7212656,Hsinta Power Plant,Coal-fired power station,22.85638889,120.19694444
Taiwan,Q865,http://www.wikidata.org/entity/Q24835991,Q24835991,Coal-fired power station,24.30261111,120.52383333
Taiwan,Q865,http://www.wikidata.org/entity/Q10935779,Talin Power Plant,Coal-fired power station,22.5361,120.336
Taiwan,Q865,http://www.wikidata.org/entity/Q15225086,Hoping Power Plant,Coal-fired power station,24.30666667,121.76388889
Taiwan,Q865,http://www.wikidata.org/entity/Q15243860,Mailiao Power Plant,Coal-fired power station,23.803222222,120.1905
Taiwan,Q865,http://www.wikidata.org/entity/Q584095,Taichung Power Plant,Coal-fired power station,24.2128,120.481
Taiwan,Q865,http://www.wikidata.org/entity/Q11105601,Linkou Power Plant,Coal-fired power station,25.12083333,121.29833333
Taiwan,Q865,http://www.wikidata.org/entity/Q16926651,Shen'ao Power Plant,Coal-fired power station,25.127333333,121.814972222
United Kingdom,Q145,http://www.wikidata.org/entity/Q18343594,Poole Power Station,Coal-fired power station,50.7156,-1.99615
United Kingdom,Q145,http://www.wikidata.org/entity/Q6984460,Neasden Power Station,Coal-fired power station,51.5597,-0.2613
United Kingdom,Q145,http://www.wikidata.org/entity/Q15265289,Pandon Dene Power Station,Coal-fired power station,54.969972,-1.603206
United Kingdom,Q145,http://www.wikidata.org/entity/Q5604870,Greenwich Power Station,Coal-fired power station,51.485,-0.001
United Kingdom,Q145,http://www.wikidata.org/entity/Q7607155,Stella power stations,Coal-fired power station,54.9728,-1.72722
United Kingdom,Q145,http://www.wikidata.org/entity/Q4915741,Birchills Power Station,Coal-fired power station,52.5961,-1.99778
United Kingdom,Q145,http://www.wikidata.org/entity/Q5473376,Foss Island Power Station,Coal-fired power station,53.96,-1.068
United Kingdom,Q145,http://www.wikidata.org/entity/Q7989910,Westwood Power Station,Coal-fired power station,53.5382,-2.62765
United Kingdom,Q145,http://www.wikidata.org/entity/Q1871101,Lots Road Power Station,Coal-fired power station,51.4779093,-0.1813089
United Kingdom,Q145,http://www.wikidata.org/entity/Q7370436,Rotherham Power Station,Coal-fired power station,53.4356,-1.35722
United Kingdom,Q145,http://www.wikidata.org/entity/Q7611051,Stepney Power Station,Coal-fired power station,51.5096,-0.0345
United Kingdom,Q145,http://www.wikidata.org/entity/Q5135218,Close Power Station,Coal-fired power station,54.965,-1.614
United Kingdom,Q145,http://www.wikidata.org/entity/Q15223133,Hartshead Power Station,Coal-fired power station,53.4913,-2.045177
United Kingdom,Q145,http://www.wikidata.org/entity/Q7961084,Wakefield power station,Coal-fired power station,53.6737,-1.47355
United Kingdom,Q145,http://www.wikidata.org/entity/Q4691942,Agecroft Power Station,Coal-fired power station,53.5154,-2.3009
United Kingdom,Q145,http://www.wikidata.org/entity/Q6410462,Kincardine power station,Coal-fired power station,56.0735,-3.7285
United Kingdom,Q145,http://www.wikidata.org/entity/Q8564808,Forth Banks Power Station,Coal-fired power station,54.965,-1.615
United Kingdom,Q145,http://www.wikidata.org/entity/Q7330378,Richborough Power Station,Coal-fired power station,51.3106,1.34601
United Kingdom,Q145,http://www.wikidata.org/entity/Q28408115,Southampton Power Station,Coal-fired power station,50.90648,-1.40984
United Kingdom,Q145,http://www.wikidata.org/entity/Q5646385,Hams Hall power stations,Coal-fired power station,52.5246,-1.70518
United Kingdom,Q145,http://www.wikidata.org/entity/Q7627138,Stuart Street Power Station,Coal-fired power station,53.4858,-2.19286
United Kingdom,Q145,http://www.wikidata.org/entity/Q6413380,Kingsnorth power station,Coal-fired power station,51.4189,0.602702
United Kingdom,Q145,http://www.wikidata.org/entity/Q15261684,Neptune Bank Power Station,Coal-fired power station,54.985,-1.536
United Kingdom,Q145,http://www.wikidata.org/entity/Q7280035,Radcliffe Power Station,Coal-fired power station,53.553527777,-2.339519444
United Kingdom,Q145,http://www.wikidata.org/entity/Q122909220,Nechells power stations,Coal-fired power station,52.501388888,-1.858611111
United Kingdom,Q145,http://www.wikidata.org/entity/Q5315747,Dunston Power Station,Coal-fired power station,54.9603,-1.65889
United Kingdom,Q145,http://www.wikidata.org/entity/Q85763937,Goldington Power Station,Coal-fired power station,52.1375,-0.4275
United Kingdom,Q145,http://www.wikidata.org/entity/Q117803559,Cottam Power Station,Coal-fired power station,53.3036,-0.7764
United Kingdom,Q145,http://www.wikidata.org/entity/Q2944663,Fiddlers Ferry power station,Coal-fired power station,53.372,-2.687
United Kingdom,Q145,http://www.wikidata.org/entity/Q104847834,Llynfi power station,Coal-fired power station,51.570277777,-3.611111111
United Kingdom,Q145,http://www.wikidata.org/entity/Q104847634,Bath power station,Coal-fired power station,51.377777777,-2.358888888
United Kingdom,Q145,http://www.wikidata.org/entity/Q4968150,Brimsdown Power Station,Coal-fired power station,51.661,-0.022
United Kingdom,Q145,http://www.wikidata.org/entity/Q96401743,Ribble power station,Coal-fired power station,53.757222222,-2.728055555
United Kingdom,Q145,http://www.wikidata.org/entity/Q5401419,Eston Grange Power Station,Coal-fired power station,54.579,-1.161
United Kingdom,Q145,http://www.wikidata.org/entity/Q6413583,Kingston Power Station,Coal-fired power station,51.4154,-0.3061
United Kingdom,Q145,http://www.wikidata.org/entity/Q6393138,Kepier power station,Coal-fired power station,54.786,-1.562
United Kingdom,Q145,http://www.wikidata.org/entity/Q104849458,Thornhill power station,Coal-fired power station,53.677222222,-1.654722222
United Kingdom,Q145,http://www.wikidata.org/entity/Q7059416,Northfleet Power Station,Coal-fired power station,51.445,0.347
United Kingdom,Q145,http://www.wikidata.org/entity/Q6382256,Kearsley Power Station,Coal-fired power station,53.5394,-2.35917
United Kingdom,Q145,http://www.wikidata.org/entity/Q4677677,Acton Lane Power Station,Coal-fired power station,51.5305,-0.2559
United Kingdom,Q145,http://www.wikidata.org/entity/Q116912852,Didcot A Power Station,Coal-fired power station,51.6233,-1.2598
United Kingdom,Q145,http://www.wikidata.org/entity/Q5132734,Cliff Quay Power Station,Coal-fired power station,52.0358,1.1579
United Kingdom,Q145,http://www.wikidata.org/entity/Q5347869,Eggborough power station,Coal-fired power station,53.7116,-1.1269
United Kingdom,Q145,http://www.wikidata.org/entity/Q15208952,Chamber Hall Power Station,Coal-fired power station,53.5973,-2.2985
United Kingdom,Q145,http://www.wikidata.org/entity/Q5046442,Carrington Power Station,Coal-fired power station,53.4358,-2.41089
United Kingdom,Q145,http://www.wikidata.org/entity/Q8033983,Woolwich Power Station,Coal-fired power station,51.4944,0.0657
United Kingdom,Q145,http://www.wikidata.org/entity/Q96381427,Huncoat power station,Coal-fired power station,53.776111111,-2.3375
United Kingdom,Q145,http://www.wikidata.org/entity/Q5260953,Deptford Power Station,Coal-fired power station,51.4824,-0.0203
United Kingdom,Q145,http://www.wikidata.org/entity/Q7796705,Thorpe Marsh Power Station,Coal-fired power station,53.5806,-1.08534
United Kingdom,Q145,http://www.wikidata.org/entity/Q20878103,Carmarthen Bay Power Station,Coal-fired power station,51.679722222,-4.243055555
United Kingdom,Q145,http://www.wikidata.org/entity/Q85764685,Grove Road Power Station,Coal-fired power station,51.5275,-0.170833333
United Kingdom,Q145,http://www.wikidata.org/entity/Q4895966,Berwick-upon-Tweed Power Station,Coal-fired power station,55.7667,-2.00476
United Kingdom,Q145,http://www.wikidata.org/entity/Q5295513,Doncaster Power Station,Coal-fired power station,53.5242,-1.1462
United Kingdom,Q145,http://www.wikidata.org/entity/Q7076543,Ocker Hill Power Station,Coal-fired power station,52.5429,-2.03514
United Kingdom,Q145,http://www.wikidata.org/entity/Q5050049,Castle Donington Power Station,Coal-fired power station,52.8478,-1.35851
United Kingdom,Q145,http://www.wikidata.org/entity/Q6521163,Lemington Power Station,Coal-fired power station,54.9744,-1.71167
United Kingdom,Q145,http://www.wikidata.org/entity/Q12059330,Hackney Power Station,Coal-fired power station,51.5587,-0.0401
United Kingdom,Q145,http://www.wikidata.org/entity/Q26535777,Salisbury Generating Station,Coal-fired power station,51.069130972,-1.79793941
United Kingdom,Q145,http://www.wikidata.org/entity/Q5420126,Exeter Power Station,Coal-fired power station,50.7157,-3.5297
United Kingdom,Q145,http://www.wikidata.org/entity/Q6823642,Methil power station,Coal-fired power station,56.1909,-2.99673
United Kingdom,Q145,http://www.wikidata.org/entity/Q117196728,Ferrybridge B Power Station,Coal-fired power station,53.7184,-1.2792
United Kingdom,Q145,http://www.wikidata.org/entity/Q6415825,Kirkstall Power Station,Coal-fired power station,53.8042,-1.59245
United Kingdom,Q145,http://www.wikidata.org/entity/Q4939065,Bold Power Station,Coal-fired power station,53.434,-2.6883
United Kingdom,Q145,http://www.wikidata.org/entity/Q819981,Tilbury power stations,Coal-fired power station,51.4549,0.391677
United Kingdom,Q145,http://www.wikidata.org/entity/Q7295516,Ratcliffe-on-Soar power station,Coal-fired power station,52.8653,-1.255
United Kingdom,Q145,http://www.wikidata.org/entity/Q105275011,Roath Power Station,Coal-fired power station,51.494816666,-3.145719444
United Kingdom,Q145,http://www.wikidata.org/entity/Q7056951,North Tees Power Station,Coal-fired power station,54.587,-1.263
United Kingdom,Q145,http://www.wikidata.org/entity/Q5755907,High Marnham Power Station,Coal-fired power station,53.229,-0.792565
United Kingdom,Q145,http://www.wikidata.org/entity/Q6825712,Mexborough Power Station,Coal-fired power station,53.4937,-1.26359
United Kingdom,Q145,http://www.wikidata.org/entity/Q7366390,Roosecote Power Station,Coal-fired power station,54.105,-3.18773
United Kingdom,Q145,http://www.wikidata.org/entity/Q4667192,Aberthaw power stations,Coal-fired power station,51.3873,-3.40487
United Kingdom,Q145,http://www.wikidata.org/entity/Q11987128,Lynemouth power station,Coal-fired power station,55.2042,-1.52083
United Kingdom,Q145,http://www.wikidata.org/entity/Q7568452,South Shore Road power station,Coal-fired power station,54.969,-1.595
United Kingdom,Q145,http://www.wikidata.org/entity/Q5305645,Drakelow Power Station,Coal-fired power station,52.7736,-1.65681
United Kingdom,Q145,http://www.wikidata.org/entity/Q7986670,West Thurrock Power Station,Coal-fired power station,51.4696,0.288756
United Kingdom,Q145,http://www.wikidata.org/entity/Q4930863,Blyth Power Station,Coal-fired power station,55.1417,-1.52861
United Kingdom,Q145,http://www.wikidata.org/entity/Q7123743,Padiham Power Station,Coal-fired power station,53.7963,-2.33952
United Kingdom,Q145,http://www.wikidata.org/entity/Q4979559,Brunswick Wharf Power Station,Coal-fired power station,51.5081,0.001
United Kingdom,Q145,http://www.wikidata.org/entity/Q5139574,Cockenzie power station,Coal-fired power station,55.9683,-2.97154
United Kingdom,Q145,http://www.wikidata.org/entity/Q880957,Blackwall Point Power Station,Coal-fired power station,51.4978,0.0115
United Kingdom,Q145,http://www.wikidata.org/entity/Q6673595,Longannet power station,Coal-fired power station,56.0489,-3.68234
United Kingdom,Q145,http://www.wikidata.org/entity/Q5507926,Fulham Power Station,Coal-fired power station,51.47,-0.183
United Kingdom,Q145,http://www.wikidata.org/entity/Q7057631,Northampton Power Station,Coal-fired power station,52.2312,-0.88577
United Kingdom,Q145,http://www.wikidata.org/entity/Q117196720,Ferrybridge A Power Station,Coal-fired power station,53.7175,-1.2715
United Kingdom,Q145,http://www.wikidata.org/entity/Q6408172,Kilroot power station,Coal-fired power station,54.725,-5.767
United Kingdom,Q145,http://www.wikidata.org/entity/Q5364630,Elland Power Station,Coal-fired power station,53.6943,-1.82277
United Kingdom,Q145,http://www.wikidata.org/entity/Q104847162,Sculcoates power station,Coal-fired power station,53.763611111,-0.345
United Kingdom,Q145,http://www.wikidata.org/entity/Q7985291,West Ham Power Station,Coal-fired power station,51.518,0.0014
United Kingdom,Q145,http://www.wikidata.org/entity/Q4865668,Barton Power Station,Coal-fired power station,53.473,-2.34881
United Kingdom,Q145,http://www.wikidata.org/entity/Q6014222,Ince Power Station,Coal-fired power station,53.2782,-2.8083
United Kingdom,Q145,http://www.wikidata.org/entity/Q5047571,Carville power stations,Coal-fired power station,54.9889,-1.525
United Kingdom,Q145,http://www.wikidata.org/entity/Q7231838,Portishead power station,Coal-fired power station,51.4912,-2.75505
United Kingdom,Q145,http://www.wikidata.org/entity/Q5223994,Darlington Power Station,Coal-fired power station,54.5285,-1.5456
United Kingdom,Q145,http://www.wikidata.org/entity/Q117196738,Ferrybridge C Power Station,Coal-fired power station,53.718,-1.2813
United Kingdom,Q145,http://www.wikidata.org/entity/Q810953,Battersea Power Station,Coal-fired power station,51.4811,-0.144444
Bangladesh,Q902,http://www.wikidata.org/entity/Q28225221,Payra Power Plant,Coal-fired power station,21.9974615,90.3036987
Bangladesh,Q902,http://www.wikidata.org/entity/Q111265821,Patuakhali power plant,Coal-fired power station,22.0245655,90.3093123
Bangladesh,Q902,http://www.wikidata.org/entity/Q111265768,Banshkhali power plant,Coal-fired power station,21.9761506,91.8903673
Bangladesh,Q902,http://www.wikidata.org/entity/Q111265773,Barisal Electric Power Company Limited,Coal-fired power station,21.965277777,90.068888888
Bangladesh,Q902,http://www.wikidata.org/entity/Q28225223,Matarbari Power Plant,Coal-fired power station,21.8,92.0
Bangladesh,Q902,http://www.wikidata.org/entity/Q16253289,Barapukuria Power Station,Coal-fired power station,25.5541,88.9494
Bangladesh,Q902,http://www.wikidata.org/entity/Q15071638,Rampal Power Station,Coal-fired power station,22.595556,89.55402778
Greece,Q41,http://www.wikidata.org/entity/Q11996445,Ptolemaida Power Plant,Coal-fired power station,40.4807487,21.7281568
Greece,Q41,http://www.wikidata.org/entity/Q19376943,Kardia Power Plant,Coal-fired power station,40.41,21.786
Greece,Q41,http://www.wikidata.org/entity/Q1786096,Meliti thermal power station,Coal-fired power station,40.81194444,21.60111111
Greece,Q41,http://www.wikidata.org/entity/Q3438365,Amyntaio Power Station,Coal-fired power station,40.6193112,21.6829133
Greece,Q41,http://www.wikidata.org/entity/Q954726,Agios Dimitrios Power Station,Coal-fired power station,40.393757,21.925106
Greece,Q41,http://www.wikidata.org/entity/Q3443962,Megalopoli Power Plant,Coal-fired power station,37.4177,22.1075
Chile,Q298,http://www.wikidata.org/entity/Q11988917,Mejillones Power Plant,Coal-fired power station,-23.08912,-70.4106151
Chile,Q298,http://www.wikidata.org/entity/Q16490607,Q16490607,Coal-fired power station,-28.56777778,-71.31055556
Chile,Q298,http://www.wikidata.org/entity/Q5682329,Campiche Central Thermoelectric Plant,Coal-fired power station,-32.747992,-71.483708
Chile,Q298,http://www.wikidata.org/entity/Q7920230,Ventanas Power Plant,Coal-fired power station,-32.749745,-71.483016
Chile,Q298,http://www.wikidata.org/entity/Q15617825,Q15617825,Coal-fired power station,-28.46527778,-71.25611111
Chile,Q298,http://www.wikidata.org/entity/Q12005236,Tarapacá Power Plant,Coal-fired power station,-20.8060227,-70.1930323
Chile,Q298,http://www.wikidata.org/entity/Q11992014,Norgener Power Plant,Coal-fired power station,-22.0962333,-70.2102858
Chile,Q298,http://www.wikidata.org/entity/Q99922790,Q99922790,Coal-fired power station,-33.431866,-70.663514
Bosnia and Herzegovina,Q225,http://www.wikidata.org/entity/Q17097885,"Thermal Power Station Kakanj, Catici",Coal-fired power station,44.13111111,18.0875
Bosnia and Herzegovina,Q225,http://www.wikidata.org/entity/Q7857286,Tuzla Power Station,Coal-fired power station,44.52,18.6061
Bosnia and Herzegovina,Q225,http://www.wikidata.org/entity/Q1780876,Ugljevik Power Plant,Coal-fired power station,44.681944,18.967222
Bosnia and Herzegovina,Q225,http://www.wikidata.org/entity/Q1786135,Kakanj Power Station,Coal-fired power station,44.08977,18.114317
Bosnia and Herzegovina,Q225,http://www.wikidata.org/entity/Q17775734,Gacko Power Plant,Coal-fired power station,43.173619444,18.516288888
Bosnia and Herzegovina,Q225,http://www.wikidata.org/entity/Q18392784,Stanari Thermal Power Plant,Coal-fired power station,44.7538346,17.7914142
Serbia,Q403,http://www.wikidata.org/entity/Q11991316,Nikola Tesla B thermal power plant,Coal-fired power station,44.6548824,20.0053288
Serbia,Q403,http://www.wikidata.org/entity/Q105964305,Morava thermal power plant,Coal-fired power station,44.224673,21.1627492
Serbia,Q403,http://www.wikidata.org/entity/Q11991325,Nikola Tesla A thermal power plant,Coal-fired power station,44.6708181,20.15963
Serbia,Q403,http://www.wikidata.org/entity/Q11878022,Kostolac B Power Station,Coal-fired power station,44.7299442,21.2097394
Serbia,Q403,http://www.wikidata.org/entity/Q20435253,Врдник,Coal-fired power station,45.120333,19.787666
Serbia,Q403,http://www.wikidata.org/entity/Q18394121,Thermal power plant Kolubara,Coal-fired power station,44.4808167,20.2937686
Serbia,Q403,http://www.wikidata.org/entity/Q11981887,Kostolac A Power Station,Coal-fired power station,44.722535,21.1713088
Netherlands,Q55,http://www.wikidata.org/entity/Q4600031,Amercentrale,Coal-fired power station,51.709444,4.843333
Netherlands,Q55,http://www.wikidata.org/entity/Q2161394,Gelderland power plant,Coal-fired power station,51.85556,5.83056
Netherlands,Q55,http://www.wikidata.org/entity/Q2552071,Maasvlakte Power Plant,Coal-fired power station,51.958055555,4.025
Netherlands,Q55,http://www.wikidata.org/entity/Q21608678,Q21608678,Coal-fired power station,51.431944,3.716667
Netherlands,Q55,http://www.wikidata.org/entity/Q23988593,Eemshaven Power Station,Coal-fired power station,53.44015278,6.86136389
Netherlands,Q55,http://www.wikidata.org/entity/Q1962746,Magnum power station,Coal-fired power station,53.44971111,6.85428333
Netherlands,Q55,http://www.wikidata.org/entity/Q29414104,Maasvlakte Power Station (Engie),Coal-fired power station,51.944722222,4.0725
Netherlands,Q55,http://www.wikidata.org/entity/Q1942326,Willem-Alexander Centrale,Coal-fired power station,51.22389,5.97111
Netherlands,Q55,http://www.wikidata.org/entity/Q2131713,Hemwegcentrale,Coal-fired power station,52.40516,4.84513
Colombia,Q739,http://www.wikidata.org/entity/Q25227005,Termotasajero,Coal-fired power station,7.8481411,-72.6324177
Colombia,Q739,http://www.wikidata.org/entity/Q12005596,Martín del Corral thermal power station,Coal-fired power station,4.9704119,-73.9475658
Colombia,Q739,http://www.wikidata.org/entity/Q113330515,Gecelca 3,Coal-fired power station,7.9920131,-75.5937803
Colombia,Q739,http://www.wikidata.org/entity/Q113330552,Termoguajira,Coal-fired power station,11.2611637,-73.4154186
Colombia,Q739,http://www.wikidata.org/entity/Q1346032,Termopaipa,Coal-fired power station,5.76833333,-73.14694444
Mexico,Q96,http://www.wikidata.org/entity/Q11963104,Carbón II thermal power station,Coal-fired power station,28.4671068,-100.6989885
Mexico,Q96,http://www.wikidata.org/entity/Q11963103,José López Portillo thermal power station,Coal-fired power station,28.4856666,-100.6904054
Mexico,Q96,http://www.wikidata.org/entity/Q19818968,Petacalco thermal power station,Coal-fired power station,17.98365,-102.1154389
Hungary,Q28,http://www.wikidata.org/entity/Q168477,Mátra Power Plant,Coal-fired power station,47.79027778,20.0625
Hungary,Q28,http://www.wikidata.org/entity/Q19392588,Power Plant Tiszapalkonya,Coal-fired power station,47.90531,21.05574
Hungary,Q28,http://www.wikidata.org/entity/Q4946672,Borsod Power Plant,Coal-fired power station,48.234722,20.684722
Zimbabwe,Q954,http://www.wikidata.org/entity/Q56373948,Munyati Thermal Power Station,Coal-fired power station,-18.655333333,29.781833333
Zimbabwe,Q954,http://www.wikidata.org/entity/Q1657787,Hwange Thermal Power Station,Coal-fired power station,-18.3835,26.47
Zimbabwe,Q954,http://www.wikidata.org/entity/Q56373946,Harare Thermal Power Station,Coal-fired power station,-17.845722222,31.031805555
Zimbabwe,Q954,http://www.wikidata.org/entity/Q56373952,Bulawayo Thermal Power Station,Coal-fired power station,-20.159194444,28.575611111
Morocco,Q1028,http://www.wikidata.org/entity/Q18214312,Safi Power Plant,Coal-fired power station,32.148138888,-9.2805
Morocco,Q1028,http://www.wikidata.org/entity/Q20828761,Jorf Lasfar Power Plant,Coal-fired power station,33.104805555,-8.636694444
Morocco,Q1028,http://www.wikidata.org/entity/Q11989768,Mohammedia Power Plant,Coal-fired power station,33.682,-7.433805555
Morocco,Q1028,http://www.wikidata.org/entity/Q11978473,Jerada Thermal Power Station,Coal-fired power station,34.309611111,-2.190805555
Sri Lanka,Q854,http://www.wikidata.org/entity/Q7410265,Sampur Power Station,Coal-fired power station,8.48611111,81.3
Sri Lanka,Q854,http://www.wikidata.org/entity/Q6479997,Lakvijaya Power Station,Coal-fired power station,8.018333333,79.722777777
Croatia,Q224,http://www.wikidata.org/entity/Q656885,Plomin Power Station,Coal-fired power station,45.13647,14.16492
Slovakia,Q214,http://www.wikidata.org/entity/Q1583581,Nováky Power Plant,Coal-fired power station,48.69861111,18.53333333
Slovakia,Q214,http://www.wikidata.org/entity/Q1163149,Vojany Power Station,Coal-fired power station,48.5536,21.9781
Portugal,Q45,http://www.wikidata.org/entity/Q19391970,Tapada do Outeiro,Coal-fired power station,41.067704,-8.460406
Portugal,Q45,http://www.wikidata.org/entity/Q968458,Tejo Power Station,Coal-fired power station,38.695823,-9.194977
Norway,Q20,http://www.wikidata.org/entity/Q11986759,Longyear Energiverk,Coal-fired power station,78.2253,15.6186
Norway,Q20,http://www.wikidata.org/entity/Q19385861,Q19385861,Coal-fired power station,78.657,16.39
Norway,Q20,http://www.wikidata.org/entity/Q11960204,Q11960204,Coal-fired power station,78.055,14.212
Kosovo,Q1246,http://www.wikidata.org/entity/Q6433360,Kosovo A Power Station,Coal-fired power station,42.67527778,21.08333333
Kosovo,Q1246,http://www.wikidata.org/entity/Q6433362,Kosovo B Power Station,Coal-fired power station,42.69555556,21.05
Slovenia,Q215,http://www.wikidata.org/entity/Q1601480,Ljubljana Thermal Power Station,Coal-fired power station,46.0576188,14.5454448
Slovenia,Q215,http://www.wikidata.org/entity/Q12804020,Trbovlje Power Station,Coal-fired power station,46.1258,15.0614
Belgium,Q31,http://www.wikidata.org/entity/Q22032595,Langerlo power station,Coal-fired power station,50.9405,5.49059972
Belgium,Q31,http://www.wikidata.org/entity/Q2367229,Ruien power plant,Coal-fired power station,50.783056,3.489722
Thailand,Q869,http://www.wikidata.org/entity/Q11959919,BLCP Power Plant,Coal-fired power station,12.64467,101.16023
Thailand,Q869,http://www.wikidata.org/entity/Q11987728,Mae Moh Power Plant,Coal-fired power station,18.2953706,99.7513716
Israel,Q801,http://www.wikidata.org/entity/Q1931760,Orot Rabin,Coal-fired power station,32.466667,34.886111
Israel,Q801,http://www.wikidata.org/entity/Q2904076,Rutenberg,Coal-fired power station,31.6275,34.51611111
North Macedonia,Q221,http://www.wikidata.org/entity/Q104849389,TPP Oslomej,Coal-fired power station,41.581944444,21.001666666
North Macedonia,Q221,http://www.wikidata.org/entity/Q109894770,Bitola power plant,Coal-fired power station,41.056944444,21.482777777
Singapore,Q334,http://www.wikidata.org/entity/Q7593503,St James Power Station,Coal-fired power station,1.2647,103.825
Singapore,Q334,http://www.wikidata.org/entity/Q116735026,Tembusu Multi-Utilities Complex,Coal-fired power station,1.2763845,103.6677057
Soviet Union,Q15180,http://www.wikidata.org/entity/Q3443758,Luhansk power station,Coal-fired power station,48.74781389,39.26238889
Soviet Union,Q15180,http://www.wikidata.org/entity/Q16432066,Qarağandı 2 CHP station,Coal-fired power station,50.046666666,73.051944444
Zambia,Q953,http://www.wikidata.org/entity/Q56373911,Maamba Power Plant,Coal-fired power station,-17.352861111,27.18575
New Zealand,Q664,http://www.wikidata.org/entity/Q5945709,Huntly Power Station,Coal-fired power station,-37.54388889,175.15277778
New Zealand,Q664,http://www.wikidata.org/entity/Q6819028,Meremere Power Station,Coal-fired power station,-37.31416667,175.06833333
Albania,Q222,http://www.wikidata.org/entity/Q5447261,Fier Power Station,Coal-fired power station,40.70111111,19.55111111
Switzerland,Q39,http://www.wikidata.org/entity/Q1158892,Dampfzentrale,Coal-fired power station,46.94073,7.44423
Ireland,Q27,http://www.wikidata.org/entity/Q6899351,Moneypoint power station,Coal-fired power station,52.60751,-9.42435
Botswana,Q963,http://www.wikidata.org/entity/Q6885794,Mmamabula,Coal-fired power station,-23.609295,26.774952
Botswana,Q963,http://www.wikidata.org/entity/Q915912,Morupule Power Station,Coal-fired power station,-22.52,27.03666667
Montenegro,Q236,http://www.wikidata.org/entity/Q7205045,Pljevlja Power Station,Coal-fired power station,43.33397222,19.32694444
Niger,Q1032,http://www.wikidata.org/entity/Q125796875,Anou Araren Thermal Power Station,Coal-fired power station,17.25,7.788611111
Senegal,Q1041,http://www.wikidata.org/entity/Q7450246,Sendou power station,Coal-fired power station,14.68906389,-17.21762778
Estonia,Q191,http://www.wikidata.org/entity/Q892643,Tallinn Power Plant,Coal-fired power station,59.444444,24.750556
Argentina,Q414,http://www.wikidata.org/entity/Q19387191,Río Turbio power plant,Coal-fired power station,-51.5464,-72.2312
Kenya,Q114,http://www.wikidata.org/entity/Q24236214,Lamu Coal Power Station,Coal-fired power station,-2.15361111,40.90333333
Moldova,Q217,http://www.wikidata.org/entity/Q2022944,Cuciurgan power station,Coal-fired power station,46.63416667,29.93888889
Tajikistan,Q863,http://www.wikidata.org/entity/Q28669320,Dushanbe-2 Power Plant,Coal-fired power station,38.61028,68.77278
Georgia,Q230,http://www.wikidata.org/entity/Q19392642,Tkvarcheli thermal power plant,Coal-fired power station,42.8421307,41.6780119
Pakistan,Q843,http://www.wikidata.org/entity/Q24942712,Pakistan Port Qasim Power Project,Coal-fired power station,24.7854,67.3695
Pakistan,Q843,http://www.wikidata.org/entity/Q104854929,China Power Hub Power Plant,Coal-fired power station,24.9150665,66.6885996
Pakistan,Q843,http://www.wikidata.org/entity/Q7710720,Thar Engro Coal Power Project,Coal-fired power station,24.812748531,70.394811619
Pakistan,Q843,http://www.wikidata.org/entity/Q55616512,Lakhra Power Plant,Coal-fired power station,25.7051383,68.286142
Pakistan,Q843,http://www.wikidata.org/entity/Q24942715,Sahiwal Coal Power Project,Coal-fired power station,30.71527778,73.23888889
Malawi,Q1020,http://www.wikidata.org/entity/Q55615626,Kammwamba Thermal Power Station,Coal-fired power station,-15.46,34.84361111
Namibia,Q1030,http://www.wikidata.org/entity/Q56373999,Van Eck Power Station,Coal-fired power station,-22.514,17.078916666
Laos,Q819,http://www.wikidata.org/entity/Q16307813,Hongsa power plant,Coal-fired power station,19.6905818,101.279515
Iran,Q794,http://www.wikidata.org/entity/Q16053842,Tabas power plant,Coal-fired power station,33.2419,56.2258
Kyrgyzstan,Q813,http://www.wikidata.org/entity/Q11961156,Bishkek CHP station,Coal-fired power station,42.873055555,74.656111111
