country_name,country_qid,entity,label,type,latitude,longitude
Sweden,Q34,http://www.wikidata.org/entity/Q20678812,Q20678812,Reservoir,,
Sweden,Q34,http://www.wikidata.org/entity/Q20678728,Q20678728,Reservoir,,
Sweden,Q34,http://www.wikidata.org/entity/Q20678734,Q20678734,Reservoir,,
Sweden,Q34,http://www.wikidata.org/entity/Q20678796,Q20678796,Reservoir,,
Sweden,Q34,http://www.wikidata.org/entity/Q20678800,Q20678800,Reservoir,,
Sweden,Q34,http://www.wikidata.org/entity/Q20678750,Q20678750,Reservoir,,
Sweden,Q34,http://www.wikidata.org/entity/Q20678699,Q20678699,Reservoir,,
Sweden,Q34,http://www.wikidata.org/entity/Q20678705,Q20678705,Reservoir,,
Sweden,Q34,http://www.wikidata.org/entity/Q20678758,Q20678758,Reservoir,,
Sweden,Q34,http://www.wikidata.org/entity/Q20678709,Q20678709,Reservoir,,
Sweden,Q34,http://www.wikidata.org/entity/Q20678760,Q20678760,Reservoir,,
Sweden,Q34,http://www.wikidata.org/entity/Q20678778,Q20678778,Reservoir,,
Sweden,Q34,http://www.wikidata.org/entity/Q20678779,Q20678779,Reservoir,,
Sweden,Q34,http://www.wikidata.org/entity/Q20678706,Q20678706,Reservoir,,
Sweden,Q34,http://www.wikidata.org/entity/Q20678707,Q20678707,Reservoir,,
Sweden,Q34,http://www.wikidata.org/entity/Q20678711,Q20678711,Reservoir,,
Sweden,Q34,http://www.wikidata.org/entity/Q20678714,Q20678714,Reservoir,,
Sweden,Q34,http://www.wikidata.org/entity/Q20678715,Q20678715,Reservoir,,
Sweden,Q34,http://www.wikidata.org/entity/Q20678712,Q20678712,Reservoir,,
Sweden,Q34,http://www.wikidata.org/entity/Q20678713,Q20678713,Reservoir,,
Sweden,Q34,http://www.wikidata.org/entity/Q20678719,Q20678719,Reservoir,,
Sweden,Q34,http://www.wikidata.org/entity/Q20678717,Q20678717,Reservoir,,
Sweden,Q34,http://www.wikidata.org/entity/Q20678722,Q20678722,Reservoir,,
Sweden,Q34,http://www.wikidata.org/entity/Q20678723,Q20678723,Reservoir,,
Sweden,Q34,http://www.wikidata.org/entity/Q20678720,Q20678720,Reservoir,,
Sweden,Q34,http://www.wikidata.org/entity/Q20678721,Q20678721,Reservoir,,
Sweden,Q34,http://www.wikidata.org/entity/Q20678727,Q20678727,Reservoir,,
Sweden,Q34,http://www.wikidata.org/entity/Q20678730,Q20678730,Reservoir,,
Sweden,Q34,http://www.wikidata.org/entity/Q20678731,Q20678731,Reservoir,,
Sweden,Q34,http://www.wikidata.org/entity/Q20678729,Q20678729,Reservoir,,
Sweden,Q34,http://www.wikidata.org/entity/Q20678735,Q20678735,Reservoir,,
Sweden,Q34,http://www.wikidata.org/entity/Q20678738,Q20678738,Reservoir,,
Sweden,Q34,http://www.wikidata.org/entity/Q20678736,Q20678736,Reservoir,,
Sweden,Q34,http://www.wikidata.org/entity/Q20678737,Q20678737,Reservoir,,
Sweden,Q34,http://www.wikidata.org/entity/Q20678742,Q20678742,Reservoir,,
Sweden,Q34,http://www.wikidata.org/entity/Q20678743,Q20678743,Reservoir,,
Sweden,Q34,http://www.wikidata.org/entity/Q20678746,Q20678746,Reservoir,,
Sweden,Q34,http://www.wikidata.org/entity/Q20678747,Q20678747,Reservoir,,
Sweden,Q34,http://www.wikidata.org/entity/Q20678745,Q20678745,Reservoir,,
Sweden,Q34,http://www.wikidata.org/entity/Q20678751,Q20678751,Reservoir,,
Sweden,Q34,http://www.wikidata.org/entity/Q20678749,Q20678749,Reservoir,,
Sweden,Q34,http://www.wikidata.org/entity/Q20678755,Q20678755,Reservoir,,
Sweden,Q34,http://www.wikidata.org/entity/Q20678753,Q20678753,Reservoir,,
Sweden,Q34,http://www.wikidata.org/entity/Q20678759,Q20678759,Reservoir,,
Sweden,Q34,http://www.wikidata.org/entity/Q20678756,Q20678756,Reservoir,,
Sweden,Q34,http://www.wikidata.org/entity/Q20678757,Q20678757,Reservoir,,
Sweden,Q34,http://www.wikidata.org/entity/Q20678762,Q20678762,Reservoir,,
Sweden,Q34,http://www.wikidata.org/entity/Q20678763,Q20678763,Reservoir,,
Sweden,Q34,http://www.wikidata.org/entity/Q20678761,Q20678761,Reservoir,,
Sweden,Q34,http://www.wikidata.org/entity/Q20678766,Q20678766,Reservoir,,
Sweden,Q34,http://www.wikidata.org/entity/Q20678767,Q20678767,Reservoir,,
Sweden,Q34,http://www.wikidata.org/entity/Q20678764,Q20678764,Reservoir,,
Sweden,Q34,http://www.wikidata.org/entity/Q20678765,Q20678765,Reservoir,,
Sweden,Q34,http://www.wikidata.org/entity/Q20678770,Q20678770,Reservoir,,
Sweden,Q34,http://www.wikidata.org/entity/Q20678771,Q20678771,Reservoir,,
Sweden,Q34,http://www.wikidata.org/entity/Q20678768,Q20678768,Reservoir,,
Sweden,Q34,http://www.wikidata.org/entity/Q20678769,Q20678769,Reservoir,,
Sweden,Q34,http://www.wikidata.org/entity/Q20678774,Q20678774,Reservoir,,
Sweden,Q34,http://www.wikidata.org/entity/Q20678775,Q20678775,Reservoir,,
Sweden,Q34,http://www.wikidata.org/entity/Q20678772,Q20678772,Reservoir,,
Sweden,Q34,http://www.wikidata.org/entity/Q20678773,Q20678773,Reservoir,,
Sweden,Q34,http://www.wikidata.org/entity/Q20678776,Q20678776,Reservoir,,
Sweden,Q34,http://www.wikidata.org/entity/Q20678777,Q20678777,Reservoir,,
Sweden,Q34,http://www.wikidata.org/entity/Q20678783,Q20678783,Reservoir,,
Sweden,Q34,http://www.wikidata.org/entity/Q20678780,Q20678780,Reservoir,,
Sweden,Q34,http://www.wikidata.org/entity/Q20678786,Q20678786,Reservoir,,
Sweden,Q34,http://www.wikidata.org/entity/Q20678787,Q20678787,Reservoir,,
Sweden,Q34,http://www.wikidata.org/entity/Q20678784,Q20678784,Reservoir,,
Sweden,Q34,http://www.wikidata.org/entity/Q20678785,Q20678785,Reservoir,,
Sweden,Q34,http://www.wikidata.org/entity/Q20678790,Q20678790,Reservoir,,
Sweden,Q34,http://www.wikidata.org/entity/Q20678791,Q20678791,Reservoir,,
Sweden,Q34,http://www.wikidata.org/entity/Q20678789,Q20678789,Reservoir,,
Sweden,Q34,http://www.wikidata.org/entity/Q20678795,Q20678795,Reservoir,,
Sweden,Q34,http://www.wikidata.org/entity/Q20678792,Q20678792,Reservoir,,
Sweden,Q34,http://www.wikidata.org/entity/Q20678793,Q20678793,Reservoir,,
Sweden,Q34,http://www.wikidata.org/entity/Q20678798,Q20678798,Reservoir,,
Sweden,Q34,http://www.wikidata.org/entity/Q20678797,Q20678797,Reservoir,,
Sweden,Q34,http://www.wikidata.org/entity/Q20678803,Q20678803,Reservoir,,
Sweden,Q34,http://www.wikidata.org/entity/Q20678806,Q20678806,Reservoir,,
Sweden,Q34,http://www.wikidata.org/entity/Q20678807,Q20678807,Reservoir,,
Sweden,Q34,http://www.wikidata.org/entity/Q20678804,Q20678804,Reservoir,,
Sweden,Q34,http://www.wikidata.org/entity/Q20678810,Q20678810,Reservoir,,
Sweden,Q34,http://www.wikidata.org/entity/Q20678811,Q20678811,Reservoir,,
Sweden,Q34,http://www.wikidata.org/entity/Q20678809,Q20678809,Reservoir,,
Sweden,Q34,http://www.wikidata.org/entity/Q20678814,Q20678814,Reservoir,,
Sweden,Q34,http://www.wikidata.org/entity/Q20678815,Q20678815,Reservoir,,
Sweden,Q34,http://www.wikidata.org/entity/Q20678813,Q20678813,Reservoir,,
Sweden,Q34,http://www.wikidata.org/entity/Q20678818,Q20678818,Reservoir,,
Sweden,Q34,http://www.wikidata.org/entity/Q20678819,Q20678819,Reservoir,,
Sweden,Q34,http://www.wikidata.org/entity/Q20678817,Q20678817,Reservoir,,
Sweden,Q34,http://www.wikidata.org/entity/Q20678823,Q20678823,Reservoir,,
Sweden,Q34,http://www.wikidata.org/entity/Q20678826,Q20678826,Reservoir,,
Sweden,Q34,http://www.wikidata.org/entity/Q20678827,Q20678827,Reservoir,,
Sweden,Q34,http://www.wikidata.org/entity/Q20678824,Q20678824,Reservoir,,
Sweden,Q34,http://www.wikidata.org/entity/Q20678825,Q20678825,Reservoir,,
Sweden,Q34,http://www.wikidata.org/entity/Q20678830,Q20678830,Reservoir,,
Sweden,Q34,http://www.wikidata.org/entity/Q20678831,Q20678831,Reservoir,,
Sweden,Q34,http://www.wikidata.org/entity/Q20678828,Q20678828,Reservoir,,
Sweden,Q34,http://www.wikidata.org/entity/Q20678829,Q20678829,Reservoir,,
Sweden,Q34,http://www.wikidata.org/entity/Q20678754,Nykyrka Church baptismal font,Reservoir,,
Sweden,Q34,http://www.wikidata.org/entity/Q19945407,Q19945407,Reservoir,,
Sweden,Q34,http://www.wikidata.org/entity/Q19945404,Q19945404,Reservoir,,
Sweden,Q34,http://www.wikidata.org/entity/Q19945415,Q19945415,Reservoir,,
Sweden,Q34,http://www.wikidata.org/entity/Q19945413,Q19945413,Reservoir,,
Sweden,Q34,http://www.wikidata.org/entity/Q19945418,Q19945418,Reservoir,,
Sweden,Q34,http://www.wikidata.org/entity/Q19945416,Q19945416,Reservoir,,
Sweden,Q34,http://www.wikidata.org/entity/Q19945417,Q19945417,Reservoir,,
Sweden,Q34,http://www.wikidata.org/entity/Q19945420,Q19945420,Reservoir,,
Sweden,Q34,http://www.wikidata.org/entity/Q19945421,Q19945421,Reservoir,,
Sweden,Q34,http://www.wikidata.org/entity/Q19945431,Q19945431,Reservoir,,
Sweden,Q34,http://www.wikidata.org/entity/Q19945434,Q19945434,Reservoir,,
Sweden,Q34,http://www.wikidata.org/entity/Q19945432,Q19945432,Reservoir,,
Sweden,Q34,http://www.wikidata.org/entity/Q19945433,Q19945433,Reservoir,,
Sweden,Q34,http://www.wikidata.org/entity/Q19945438,Q19945438,Reservoir,,
Sweden,Q34,http://www.wikidata.org/entity/Q19945436,Q19945436,Reservoir,,
Sweden,Q34,http://www.wikidata.org/entity/Q19945443,Q19945443,Reservoir,,
Sweden,Q34,http://www.wikidata.org/entity/Q19945440,Q19945440,Reservoir,,
Sweden,Q34,http://www.wikidata.org/entity/Q19945441,Q19945441,Reservoir,,
Sweden,Q34,http://www.wikidata.org/entity/Q19945444,Q19945444,Reservoir,,
Sweden,Q34,http://www.wikidata.org/entity/Q19945506,Q19945506,Reservoir,,
Sweden,Q34,http://www.wikidata.org/entity/Q19945507,Q19945507,Reservoir,,
Sweden,Q34,http://www.wikidata.org/entity/Q19945510,Q19945510,Reservoir,,
Sweden,Q34,http://www.wikidata.org/entity/Q19945511,Q19945511,Reservoir,,
Sweden,Q34,http://www.wikidata.org/entity/Q19945509,Q19945509,Reservoir,,
Sweden,Q34,http://www.wikidata.org/entity/Q19945514,Q19945514,Reservoir,,
Sweden,Q34,http://www.wikidata.org/entity/Q19945515,Q19945515,Reservoir,,
Sweden,Q34,http://www.wikidata.org/entity/Q19945512,Q19945512,Reservoir,,
Sweden,Q34,http://www.wikidata.org/entity/Q19945519,Q19945519,Reservoir,,
Sweden,Q34,http://www.wikidata.org/entity/Q19945525,Q19945525,Reservoir,,
Sweden,Q34,http://www.wikidata.org/entity/Q19945538,Q19945538,Reservoir,,
Sweden,Q34,http://www.wikidata.org/entity/Q19945539,Q19945539,Reservoir,,
Sweden,Q34,http://www.wikidata.org/entity/Q19945536,Q19945536,Reservoir,,
Sweden,Q34,http://www.wikidata.org/entity/Q19945537,Q19945537,Reservoir,,
Sweden,Q34,http://www.wikidata.org/entity/Q19945542,Q19945542,Reservoir,,
Sweden,Q34,http://www.wikidata.org/entity/Q19945543,Q19945543,Reservoir,,
Sweden,Q34,http://www.wikidata.org/entity/Q19945540,Q19945540,Reservoir,,
Sweden,Q34,http://www.wikidata.org/entity/Q19945546,Q19945546,Reservoir,,
Sweden,Q34,http://www.wikidata.org/entity/Q19945547,Q19945547,Reservoir,,
Sweden,Q34,http://www.wikidata.org/entity/Q19945544,Q19945544,Reservoir,,
Sweden,Q34,http://www.wikidata.org/entity/Q19945550,Q19945550,Reservoir,,
Sweden,Q34,http://www.wikidata.org/entity/Q19945554,Q19945554,Reservoir,,
Sweden,Q34,http://www.wikidata.org/entity/Q19945555,Q19945555,Reservoir,,
Sweden,Q34,http://www.wikidata.org/entity/Q19945552,Q19945552,Reservoir,,
Sweden,Q34,http://www.wikidata.org/entity/Q19945559,Q19945559,Reservoir,,
Sweden,Q34,http://www.wikidata.org/entity/Q19945556,Q19945556,Reservoir,,
Sweden,Q34,http://www.wikidata.org/entity/Q19945562,Q19945562,Reservoir,,
Sweden,Q34,http://www.wikidata.org/entity/Q19945561,Q19945561,Reservoir,,
Sweden,Q34,http://www.wikidata.org/entity/Q19945579,Q19945579,Reservoir,,
Sweden,Q34,http://www.wikidata.org/entity/Q19945577,Q19945577,Reservoir,,
Sweden,Q34,http://www.wikidata.org/entity/Q19945586,Q19945586,Reservoir,,
Sweden,Q34,http://www.wikidata.org/entity/Q19945587,Q19945587,Reservoir,,
Sweden,Q34,http://www.wikidata.org/entity/Q19945591,Q19945591,Reservoir,,
Sweden,Q34,http://www.wikidata.org/entity/Q19945588,Q19945588,Reservoir,,
Sweden,Q34,http://www.wikidata.org/entity/Q19945592,Q19945592,Reservoir,,
Sweden,Q34,http://www.wikidata.org/entity/Q19945607,Q19945607,Reservoir,,
Sweden,Q34,http://www.wikidata.org/entity/Q19945610,Q19945610,Reservoir,,
Sweden,Q34,http://www.wikidata.org/entity/Q19945611,Q19945611,Reservoir,,
Sweden,Q34,http://www.wikidata.org/entity/Q19945609,Q19945609,Reservoir,,
Sweden,Q34,http://www.wikidata.org/entity/Q19945614,Q19945614,Reservoir,,
Sweden,Q34,http://www.wikidata.org/entity/Q19945615,Q19945615,Reservoir,,
Sweden,Q34,http://www.wikidata.org/entity/Q19945612,Q19945612,Reservoir,,
Sweden,Q34,http://www.wikidata.org/entity/Q19945613,Q19945613,Reservoir,,
Sweden,Q34,http://www.wikidata.org/entity/Q19945618,Q19945618,Reservoir,,
Sweden,Q34,http://www.wikidata.org/entity/Q19945619,Q19945619,Reservoir,,
Sweden,Q34,http://www.wikidata.org/entity/Q19945617,Q19945617,Reservoir,,
Sweden,Q34,http://www.wikidata.org/entity/Q19945620,Q19945620,Reservoir,,
Sweden,Q34,http://www.wikidata.org/entity/Q19945639,Q19945639,Reservoir,,
Sweden,Q34,http://www.wikidata.org/entity/Q19945636,Q19945636,Reservoir,,
Sweden,Q34,http://www.wikidata.org/entity/Q19945637,Q19945637,Reservoir,,
Sweden,Q34,http://www.wikidata.org/entity/Q19945642,Q19945642,Reservoir,,
Sweden,Q34,http://www.wikidata.org/entity/Q19945643,Q19945643,Reservoir,,
Sweden,Q34,http://www.wikidata.org/entity/Q19945640,Q19945640,Reservoir,,
Sweden,Q34,http://www.wikidata.org/entity/Q19945646,Q19945646,Reservoir,,
Sweden,Q34,http://www.wikidata.org/entity/Q19945645,Q19945645,Reservoir,,
Sweden,Q34,http://www.wikidata.org/entity/Q19945516,Bjurum Church baptismal font,Reservoir,,
Sweden,Q34,http://www.wikidata.org/entity/Q19945414,Baptismal font of Resteröd Church,Reservoir,,
Sweden,Q34,http://www.wikidata.org/entity/Q19945560,Q19945560,Reservoir,,
Sweden,Q34,http://www.wikidata.org/entity/Q19945563,Q19945563,Reservoir,,
Sweden,Q34,http://www.wikidata.org/entity/Q19945623,Q19945623,Reservoir,,
Sweden,Q34,http://www.wikidata.org/entity/Q19945551,Q19945551,Reservoir,,
Sweden,Q34,http://www.wikidata.org/entity/Q19945508,Q19945508,Reservoir,,
Sweden,Q34,http://www.wikidata.org/entity/Q19945513,Q19945513,Reservoir,,
Sweden,Q34,http://www.wikidata.org/entity/Q19945518,Q19945518,Reservoir,,
Sweden,Q34,http://www.wikidata.org/entity/Q19945522,Q19945522,Reservoir,,
Sweden,Q34,http://www.wikidata.org/entity/Q19945521,Q19945521,Reservoir,,
Sweden,Q34,http://www.wikidata.org/entity/Q19945524,Q19945524,Reservoir,,
Sweden,Q34,http://www.wikidata.org/entity/Q19945553,Q19945553,Reservoir,,
Sweden,Q34,http://www.wikidata.org/entity/Q19945419,Q19945419,Reservoir,,
Sweden,Q34,http://www.wikidata.org/entity/Q19945598,Q19945598,Reservoir,,
Sweden,Q34,http://www.wikidata.org/entity/Q19945597,Q19945597,Reservoir,,
Sweden,Q34,http://www.wikidata.org/entity/Q19945622,Q19945622,Reservoir,,
Sweden,Q34,http://www.wikidata.org/entity/Q19945621,Q19945621,Reservoir,,
Sweden,Q34,http://www.wikidata.org/entity/Q19945442,Q19945442,Reservoir,,
Sweden,Q34,http://www.wikidata.org/entity/Q19945608,Q19945608,Reservoir,,
Sweden,Q34,http://www.wikidata.org/entity/Q20678996,Q20678996,Reservoir,,
Sweden,Q34,http://www.wikidata.org/entity/Q20678983,Q20678983,Reservoir,,
Sweden,Q34,http://www.wikidata.org/entity/Q20678989,Q20678989,Reservoir,,
Sweden,Q34,http://www.wikidata.org/entity/Q20678974,Q20678974,Reservoir,,
Sweden,Q34,http://www.wikidata.org/entity/Q20679010,Q20679010,Reservoir,,
Sweden,Q34,http://www.wikidata.org/entity/Q20747683,Q20747683,Reservoir,,
Sweden,Q34,http://www.wikidata.org/entity/Q20747686,Q20747686,Reservoir,,
Sweden,Q34,http://www.wikidata.org/entity/Q20747718,Q20747718,Reservoir,,
Sweden,Q34,http://www.wikidata.org/entity/Q20747748,Q20747748,Reservoir,,
Sweden,Q34,http://www.wikidata.org/entity/Q20747717,Q20747717,Reservoir,,
Sweden,Q34,http://www.wikidata.org/entity/Q20747702,Q20747702,Reservoir,,
Sweden,Q34,http://www.wikidata.org/entity/Q20747684,Q20747684,Reservoir,,
Sweden,Q34,http://www.wikidata.org/entity/Q20678955,Q20678955,Reservoir,,
Sweden,Q34,http://www.wikidata.org/entity/Q20678958,Q20678958,Reservoir,,
Sweden,Q34,http://www.wikidata.org/entity/Q20678959,Q20678959,Reservoir,,
Sweden,Q34,http://www.wikidata.org/entity/Q20678956,Q20678956,Reservoir,,
Sweden,Q34,http://www.wikidata.org/entity/Q20678957,Q20678957,Reservoir,,
Sweden,Q34,http://www.wikidata.org/entity/Q20678960,Q20678960,Reservoir,,
Sweden,Q34,http://www.wikidata.org/entity/Q20678967,Q20678967,Reservoir,,
Sweden,Q34,http://www.wikidata.org/entity/Q20678965,Q20678965,Reservoir,,
Sweden,Q34,http://www.wikidata.org/entity/Q20678970,Q20678970,Reservoir,,
Sweden,Q34,http://www.wikidata.org/entity/Q20678971,Q20678971,Reservoir,,
Sweden,Q34,http://www.wikidata.org/entity/Q20678968,Q20678968,Reservoir,,
Sweden,Q34,http://www.wikidata.org/entity/Q20678975,Q20678975,Reservoir,,
Sweden,Q34,http://www.wikidata.org/entity/Q20678973,Q20678973,Reservoir,,
Sweden,Q34,http://www.wikidata.org/entity/Q20678978,Q20678978,Reservoir,,
Sweden,Q34,http://www.wikidata.org/entity/Q20678976,Q20678976,Reservoir,,
Sweden,Q34,http://www.wikidata.org/entity/Q20678977,Q20678977,Reservoir,,
Sweden,Q34,http://www.wikidata.org/entity/Q20678982,Q20678982,Reservoir,,
Sweden,Q34,http://www.wikidata.org/entity/Q20678981,Q20678981,Reservoir,,
Sweden,Q34,http://www.wikidata.org/entity/Q20678987,Q20678987,Reservoir,,
Sweden,Q34,http://www.wikidata.org/entity/Q20678984,Q20678984,Reservoir,,
Sweden,Q34,http://www.wikidata.org/entity/Q20678990,Q20678990,Reservoir,,
Sweden,Q34,http://www.wikidata.org/entity/Q20678991,Q20678991,Reservoir,,
Sweden,Q34,http://www.wikidata.org/entity/Q20678988,Q20678988,Reservoir,,
Sweden,Q34,http://www.wikidata.org/entity/Q20678992,Q20678992,Reservoir,,
Sweden,Q34,http://www.wikidata.org/entity/Q20679002,Q20679002,Reservoir,,
Sweden,Q34,http://www.wikidata.org/entity/Q20679003,Q20679003,Reservoir,,
Sweden,Q34,http://www.wikidata.org/entity/Q20679007,Q20679007,Reservoir,,
Sweden,Q34,http://www.wikidata.org/entity/Q20679011,Q20679011,Reservoir,,
Sweden,Q34,http://www.wikidata.org/entity/Q20679008,Q20679008,Reservoir,,
Sweden,Q34,http://www.wikidata.org/entity/Q20679009,Q20679009,Reservoir,,
Sweden,Q34,http://www.wikidata.org/entity/Q20679015,Q20679015,Reservoir,,
Sweden,Q34,http://www.wikidata.org/entity/Q20679012,Q20679012,Reservoir,,
Sweden,Q34,http://www.wikidata.org/entity/Q20679013,Q20679013,Reservoir,,
Sweden,Q34,http://www.wikidata.org/entity/Q20679016,Q20679016,Reservoir,,
Sweden,Q34,http://www.wikidata.org/entity/Q20747682,Q20747682,Reservoir,,
Sweden,Q34,http://www.wikidata.org/entity/Q20747680,Q20747680,Reservoir,,
Sweden,Q34,http://www.wikidata.org/entity/Q20747685,Q20747685,Reservoir,,
Sweden,Q34,http://www.wikidata.org/entity/Q20747703,Q20747703,Reservoir,,
Sweden,Q34,http://www.wikidata.org/entity/Q20747701,Q20747701,Reservoir,,
Sweden,Q34,http://www.wikidata.org/entity/Q20747707,Q20747707,Reservoir,,
Sweden,Q34,http://www.wikidata.org/entity/Q20747704,Q20747704,Reservoir,,
Sweden,Q34,http://www.wikidata.org/entity/Q20747705,Q20747705,Reservoir,,
Sweden,Q34,http://www.wikidata.org/entity/Q20747734,Q20747734,Reservoir,,
Sweden,Q34,http://www.wikidata.org/entity/Q20747735,Q20747735,Reservoir,,
Sweden,Q34,http://www.wikidata.org/entity/Q20747739,Q20747739,Reservoir,,
Sweden,Q34,http://www.wikidata.org/entity/Q20747737,Q20747737,Reservoir,,
Sweden,Q34,http://www.wikidata.org/entity/Q20747742,Q20747742,Reservoir,,
Sweden,Q34,http://www.wikidata.org/entity/Q20747743,Q20747743,Reservoir,,
Sweden,Q34,http://www.wikidata.org/entity/Q20747747,Q20747747,Reservoir,,
Sweden,Q34,http://www.wikidata.org/entity/Q20747744,Q20747744,Reservoir,,
Sweden,Q34,http://www.wikidata.org/entity/Q20747745,Q20747745,Reservoir,,
Sweden,Q34,http://www.wikidata.org/entity/Q20678995,Köping Church baptismal font,Reservoir,,
Sweden,Q34,http://www.wikidata.org/entity/Q20678972,Ölme Church baptismal font,Reservoir,,
Sweden,Q34,http://www.wikidata.org/entity/Q20747736,Selånger Church baptismal font,Reservoir,,
Sweden,Q34,http://www.wikidata.org/entity/Q20747738,Stöde Church baptismal font,Reservoir,,
Sweden,Q34,http://www.wikidata.org/entity/Q20679014,Baptismal font in Västerfärnebo kyrka,Reservoir,,
Sweden,Q34,http://www.wikidata.org/entity/Q10543720,Q10543720,Reservoir,,
Sweden,Q34,http://www.wikidata.org/entity/Q19844980,Baptismal font of Löderups kyrka,Reservoir,,
Sweden,Q34,http://www.wikidata.org/entity/Q19926363,Baptismal font in Blentarps kyrka,Reservoir,,
Sweden,Q34,http://www.wikidata.org/entity/Q19928444,Baptismal font in Bjäresjö kyrka,Reservoir,,
Sweden,Q34,http://www.wikidata.org/entity/Q19928178,"Baptismal font in Sankt Olofs kyrka, Österlen",Reservoir,,
Sweden,Q34,http://www.wikidata.org/entity/Q19928794,Baptismal font in Valleberga kyrka,Reservoir,,
Sweden,Q34,http://www.wikidata.org/entity/Q19928266,Baptismal font in Dalby heligkorskyrka,Reservoir,,
Sweden,Q34,http://www.wikidata.org/entity/Q19928230,Baptismal font in Munka-Ljungby kyrka,Reservoir,,
Sweden,Q34,http://www.wikidata.org/entity/Q19928399,Baptismal font in Fulltofta kyrka,Reservoir,,
Sweden,Q34,http://www.wikidata.org/entity/Q19928827,"Baptismal font in Ekeby kyrka, Skåne",Reservoir,,
Sweden,Q34,http://www.wikidata.org/entity/Q19928758,Baptismal font in Östra Nöbbelövs kyrka,Reservoir,,
Sweden,Q34,http://www.wikidata.org/entity/Q19928782,Baptismal font in Östra Hoby kyrka,Reservoir,,
Sweden,Q34,http://www.wikidata.org/entity/Q19929559,Baptismal font in Falsterbo kyrka,Reservoir,,
Sweden,Q34,http://www.wikidata.org/entity/Q19929804,Gustav Adolf Church baptismal font,Reservoir,,
Sweden,Q34,http://www.wikidata.org/entity/Q19928853,Baptismal font in Tryde kyrka,Reservoir,,
Sweden,Q34,http://www.wikidata.org/entity/Q19930971,Baptismal font in Lyngsjö kyrka,Reservoir,,
Sweden,Q34,http://www.wikidata.org/entity/Q19930901,Sofia Albertina Church baptismal font,Reservoir,,
Sweden,Q34,http://www.wikidata.org/entity/Q18332725,Q18332725,Reservoir,,
Sweden,Q34,http://www.wikidata.org/entity/Q19926352,Q19926352,Reservoir,,
Sweden,Q34,http://www.wikidata.org/entity/Q19929703,Q19929703,Reservoir,,
Sweden,Q34,http://www.wikidata.org/entity/Q19929967,Q19929967,Reservoir,,
Sweden,Q34,http://www.wikidata.org/entity/Q19930959,Q19930959,Reservoir,,
Sweden,Q34,http://www.wikidata.org/entity/Q19929956,Q19929956,Reservoir,,
Sweden,Q34,http://www.wikidata.org/entity/Q19931017,Q19931017,Reservoir,,
Sweden,Q34,http://www.wikidata.org/entity/Q19929731,Q19929731,Reservoir,,
Sweden,Q34,http://www.wikidata.org/entity/Q19929870,Q19929870,Reservoir,,
Sweden,Q34,http://www.wikidata.org/entity/Q19929957,Q19929957,Reservoir,,
Sweden,Q34,http://www.wikidata.org/entity/Q19929972,Q19929972,Reservoir,,
Sweden,Q34,http://www.wikidata.org/entity/Q19928908,Q19928908,Reservoir,,
Sweden,Q34,http://www.wikidata.org/entity/Q19928505,Q19928505,Reservoir,,
Sweden,Q34,http://www.wikidata.org/entity/Q19928900,Q19928900,Reservoir,,
Sweden,Q34,http://www.wikidata.org/entity/Q19928905,Q19928905,Reservoir,,
Sweden,Q34,http://www.wikidata.org/entity/Q19928906,Q19928906,Reservoir,,
Sweden,Q34,http://www.wikidata.org/entity/Q19928910,Q19928910,Reservoir,,
Sweden,Q34,http://www.wikidata.org/entity/Q19928909,Q19928909,Reservoir,,
Sweden,Q34,http://www.wikidata.org/entity/Q19928912,Q19928912,Reservoir,,
Sweden,Q34,http://www.wikidata.org/entity/Q19928986,Q19928986,Reservoir,,
Sweden,Q34,http://www.wikidata.org/entity/Q19928990,Q19928990,Reservoir,,
Sweden,Q34,http://www.wikidata.org/entity/Q19928994,Q19928994,Reservoir,,
Sweden,Q34,http://www.wikidata.org/entity/Q19928992,Q19928992,Reservoir,,
Sweden,Q34,http://www.wikidata.org/entity/Q19928996,Q19928996,Reservoir,,
Sweden,Q34,http://www.wikidata.org/entity/Q19928907,Q19928907,Reservoir,,
Sweden,Q34,http://www.wikidata.org/entity/Q19929163,Q19929163,Reservoir,,
Sweden,Q34,http://www.wikidata.org/entity/Q19929240,Q19929240,Reservoir,,
Sweden,Q34,http://www.wikidata.org/entity/Q19929427,Q19929427,Reservoir,,
Sweden,Q34,http://www.wikidata.org/entity/Q19929519,Q19929519,Reservoir,,
Sweden,Q34,http://www.wikidata.org/entity/Q19929581,Q19929581,Reservoir,,
Sweden,Q34,http://www.wikidata.org/entity/Q19929616,Q19929616,Reservoir,,
Sweden,Q34,http://www.wikidata.org/entity/Q19929654,Q19929654,Reservoir,,
Sweden,Q34,http://www.wikidata.org/entity/Q19929714,Q19929714,Reservoir,,
Sweden,Q34,http://www.wikidata.org/entity/Q19929745,Q19929745,Reservoir,,
Sweden,Q34,http://www.wikidata.org/entity/Q19929852,Q19929852,Reservoir,,
Sweden,Q34,http://www.wikidata.org/entity/Q19929955,Q19929955,Reservoir,,
Sweden,Q34,http://www.wikidata.org/entity/Q19929947,Q19929947,Reservoir,,
Sweden,Q34,http://www.wikidata.org/entity/Q19929951,Q19929951,Reservoir,,
Sweden,Q34,http://www.wikidata.org/entity/Q19929948,Q19929948,Reservoir,,
Sweden,Q34,http://www.wikidata.org/entity/Q19929952,Q19929952,Reservoir,,
Sweden,Q34,http://www.wikidata.org/entity/Q19929953,Q19929953,Reservoir,,
Sweden,Q34,http://www.wikidata.org/entity/Q19929980,Q19929980,Reservoir,,
Sweden,Q34,http://www.wikidata.org/entity/Q19929958,Q19929958,Reservoir,,
Sweden,Q34,http://www.wikidata.org/entity/Q19929963,Q19929963,Reservoir,,
Sweden,Q34,http://www.wikidata.org/entity/Q19929960,Q19929960,Reservoir,,
Sweden,Q34,http://www.wikidata.org/entity/Q19929961,Q19929961,Reservoir,,
Sweden,Q34,http://www.wikidata.org/entity/Q19929964,Q19929964,Reservoir,,
Sweden,Q34,http://www.wikidata.org/entity/Q19929966,Q19929966,Reservoir,,
Sweden,Q34,http://www.wikidata.org/entity/Q19929965,Q19929965,Reservoir,,
Sweden,Q34,http://www.wikidata.org/entity/Q19929970,Q19929970,Reservoir,,
Sweden,Q34,http://www.wikidata.org/entity/Q19929968,Q19929968,Reservoir,,
Sweden,Q34,http://www.wikidata.org/entity/Q19929971,Q19929971,Reservoir,,
Sweden,Q34,http://www.wikidata.org/entity/Q19929969,Q19929969,Reservoir,,
Sweden,Q34,http://www.wikidata.org/entity/Q19929974,Q19929974,Reservoir,,
Sweden,Q34,http://www.wikidata.org/entity/Q19929975,Q19929975,Reservoir,,
Sweden,Q34,http://www.wikidata.org/entity/Q19929978,Q19929978,Reservoir,,
Sweden,Q34,http://www.wikidata.org/entity/Q19929979,Q19929979,Reservoir,,
Sweden,Q34,http://www.wikidata.org/entity/Q19929977,Q19929977,Reservoir,,
Sweden,Q34,http://www.wikidata.org/entity/Q19930932,Q19930932,Reservoir,,
Sweden,Q34,http://www.wikidata.org/entity/Q19930938,Q19930938,Reservoir,,
Sweden,Q34,http://www.wikidata.org/entity/Q19930943,Q19930943,Reservoir,,
Sweden,Q34,http://www.wikidata.org/entity/Q19930975,Q19930975,Reservoir,,
Sweden,Q34,http://www.wikidata.org/entity/Q19931015,Q19931015,Reservoir,,
Sweden,Q34,http://www.wikidata.org/entity/Q19931019,Q19931019,Reservoir,,
Sweden,Q34,http://www.wikidata.org/entity/Q19931023,Q19931023,Reservoir,,
Sweden,Q34,http://www.wikidata.org/entity/Q19931021,Q19931021,Reservoir,,
Sweden,Q34,http://www.wikidata.org/entity/Q19931057,Q19931057,Reservoir,,
Sweden,Q34,http://www.wikidata.org/entity/Q19931059,Q19931059,Reservoir,,
Sweden,Q34,http://www.wikidata.org/entity/Q19931060,Q19931060,Reservoir,,
Sweden,Q34,http://www.wikidata.org/entity/Q19931061,Q19931061,Reservoir,,
Sweden,Q34,http://www.wikidata.org/entity/Q19928988,Q19928988,Reservoir,,
Sweden,Q34,http://www.wikidata.org/entity/Q19928984,Q19928984,Reservoir,,
Sweden,Q34,http://www.wikidata.org/entity/Q19929387,Q19929387,Reservoir,,
Sweden,Q34,http://www.wikidata.org/entity/Q19930925,Q19930925,Reservoir,,
Sweden,Q34,http://www.wikidata.org/entity/Q19929695,Q19929695,Reservoir,,
Sweden,Q34,http://www.wikidata.org/entity/Q19929959,Q19929959,Reservoir,,
Sweden,Q34,http://www.wikidata.org/entity/Q19929973,Q19929973,Reservoir,,
Sweden,Q34,http://www.wikidata.org/entity/Q20678929,Q20678929,Reservoir,,
Sweden,Q34,http://www.wikidata.org/entity/Q20678930,Q20678930,Reservoir,,
Sweden,Q34,http://www.wikidata.org/entity/Q20678859,Q20678859,Reservoir,,
Sweden,Q34,http://www.wikidata.org/entity/Q20678947,Q20678947,Reservoir,,
Sweden,Q34,http://www.wikidata.org/entity/Q20678876,Q20678876,Reservoir,,
Sweden,Q34,http://www.wikidata.org/entity/Q20678909,Q20678909,Reservoir,,
Sweden,Q34,http://www.wikidata.org/entity/Q20678832,Q20678832,Reservoir,,
Sweden,Q34,http://www.wikidata.org/entity/Q20678838,Q20678838,Reservoir,,
Sweden,Q34,http://www.wikidata.org/entity/Q20678839,Q20678839,Reservoir,,
Sweden,Q34,http://www.wikidata.org/entity/Q20678836,Q20678836,Reservoir,,
Sweden,Q34,http://www.wikidata.org/entity/Q20678837,Q20678837,Reservoir,,
Sweden,Q34,http://www.wikidata.org/entity/Q20678842,Q20678842,Reservoir,,
Sweden,Q34,http://www.wikidata.org/entity/Q20678840,Q20678840,Reservoir,,
Sweden,Q34,http://www.wikidata.org/entity/Q20678846,Q20678846,Reservoir,,
Sweden,Q34,http://www.wikidata.org/entity/Q20678847,Q20678847,Reservoir,,
Sweden,Q34,http://www.wikidata.org/entity/Q20678844,Q20678844,Reservoir,,
Sweden,Q34,http://www.wikidata.org/entity/Q20678845,Q20678845,Reservoir,,
Sweden,Q34,http://www.wikidata.org/entity/Q20678850,Q20678850,Reservoir,,
Sweden,Q34,http://www.wikidata.org/entity/Q20678851,Q20678851,Reservoir,,
Sweden,Q34,http://www.wikidata.org/entity/Q20678848,Q20678848,Reservoir,,
Sweden,Q34,http://www.wikidata.org/entity/Q20678849,Q20678849,Reservoir,,
Sweden,Q34,http://www.wikidata.org/entity/Q20678854,Q20678854,Reservoir,,
Sweden,Q34,http://www.wikidata.org/entity/Q20678855,Q20678855,Reservoir,,
Sweden,Q34,http://www.wikidata.org/entity/Q20678852,Q20678852,Reservoir,,
Sweden,Q34,http://www.wikidata.org/entity/Q20678853,Q20678853,Reservoir,,
Sweden,Q34,http://www.wikidata.org/entity/Q20678858,Q20678858,Reservoir,,
Sweden,Q34,http://www.wikidata.org/entity/Q20678856,Q20678856,Reservoir,,
Sweden,Q34,http://www.wikidata.org/entity/Q20678857,Q20678857,Reservoir,,
Sweden,Q34,http://www.wikidata.org/entity/Q20678862,Q20678862,Reservoir,,
Sweden,Q34,http://www.wikidata.org/entity/Q20678863,Q20678863,Reservoir,,
Sweden,Q34,http://www.wikidata.org/entity/Q20678860,Q20678860,Reservoir,,
Sweden,Q34,http://www.wikidata.org/entity/Q20678861,Q20678861,Reservoir,,
Sweden,Q34,http://www.wikidata.org/entity/Q20678866,Q20678866,Reservoir,,
Sweden,Q34,http://www.wikidata.org/entity/Q20678867,Q20678867,Reservoir,,
Sweden,Q34,http://www.wikidata.org/entity/Q20678864,Q20678864,Reservoir,,
Sweden,Q34,http://www.wikidata.org/entity/Q20678865,Q20678865,Reservoir,,
Sweden,Q34,http://www.wikidata.org/entity/Q20678870,Q20678870,Reservoir,,
Sweden,Q34,http://www.wikidata.org/entity/Q20678871,Q20678871,Reservoir,,
Sweden,Q34,http://www.wikidata.org/entity/Q20678868,Q20678868,Reservoir,,
Sweden,Q34,http://www.wikidata.org/entity/Q20678869,Q20678869,Reservoir,,
Sweden,Q34,http://www.wikidata.org/entity/Q20678874,Q20678874,Reservoir,,
Sweden,Q34,http://www.wikidata.org/entity/Q20678875,Q20678875,Reservoir,,
Sweden,Q34,http://www.wikidata.org/entity/Q20678872,Q20678872,Reservoir,,
Sweden,Q34,http://www.wikidata.org/entity/Q20678873,Q20678873,Reservoir,,
Sweden,Q34,http://www.wikidata.org/entity/Q20678878,Q20678878,Reservoir,,
Sweden,Q34,http://www.wikidata.org/entity/Q20678879,Q20678879,Reservoir,,
Sweden,Q34,http://www.wikidata.org/entity/Q20678877,Q20678877,Reservoir,,
Sweden,Q34,http://www.wikidata.org/entity/Q20678880,Q20678880,Reservoir,,
Sweden,Q34,http://www.wikidata.org/entity/Q20678886,Q20678886,Reservoir,,
Sweden,Q34,http://www.wikidata.org/entity/Q20678887,Q20678887,Reservoir,,
Sweden,Q34,http://www.wikidata.org/entity/Q20678890,Q20678890,Reservoir,,
Sweden,Q34,http://www.wikidata.org/entity/Q20678891,Q20678891,Reservoir,,
Sweden,Q34,http://www.wikidata.org/entity/Q20678888,Q20678888,Reservoir,,
Sweden,Q34,http://www.wikidata.org/entity/Q20678889,Q20678889,Reservoir,,
Sweden,Q34,http://www.wikidata.org/entity/Q20678894,Q20678894,Reservoir,,
Sweden,Q34,http://www.wikidata.org/entity/Q20678895,Q20678895,Reservoir,,
Sweden,Q34,http://www.wikidata.org/entity/Q20678892,Q20678892,Reservoir,,
Sweden,Q34,http://www.wikidata.org/entity/Q20678893,Q20678893,Reservoir,,
Sweden,Q34,http://www.wikidata.org/entity/Q20678898,Q20678898,Reservoir,,
Sweden,Q34,http://www.wikidata.org/entity/Q20678899,Q20678899,Reservoir,,
Sweden,Q34,http://www.wikidata.org/entity/Q20678896,Q20678896,Reservoir,,
Sweden,Q34,http://www.wikidata.org/entity/Q20678897,Q20678897,Reservoir,,
Sweden,Q34,http://www.wikidata.org/entity/Q20678902,Q20678902,Reservoir,,
Sweden,Q34,http://www.wikidata.org/entity/Q20678903,Q20678903,Reservoir,,
Sweden,Q34,http://www.wikidata.org/entity/Q20678900,Q20678900,Reservoir,,
Sweden,Q34,http://www.wikidata.org/entity/Q20678901,Q20678901,Reservoir,,
Sweden,Q34,http://www.wikidata.org/entity/Q20678907,Q20678907,Reservoir,,
Sweden,Q34,http://www.wikidata.org/entity/Q20678904,Q20678904,Reservoir,,
Sweden,Q34,http://www.wikidata.org/entity/Q20678905,Q20678905,Reservoir,,
Sweden,Q34,http://www.wikidata.org/entity/Q20678910,Q20678910,Reservoir,,
Sweden,Q34,http://www.wikidata.org/entity/Q20678914,Q20678914,Reservoir,,
Sweden,Q34,http://www.wikidata.org/entity/Q20678915,Q20678915,Reservoir,,
Sweden,Q34,http://www.wikidata.org/entity/Q20678912,Q20678912,Reservoir,,
Sweden,Q34,http://www.wikidata.org/entity/Q20678913,Q20678913,Reservoir,,
Sweden,Q34,http://www.wikidata.org/entity/Q20678916,Q20678916,Reservoir,,
Sweden,Q34,http://www.wikidata.org/entity/Q20678917,Q20678917,Reservoir,,
Sweden,Q34,http://www.wikidata.org/entity/Q20678920,Q20678920,Reservoir,,
Sweden,Q34,http://www.wikidata.org/entity/Q20678921,Q20678921,Reservoir,,
Sweden,Q34,http://www.wikidata.org/entity/Q20678926,Q20678926,Reservoir,,
Sweden,Q34,http://www.wikidata.org/entity/Q20678927,Q20678927,Reservoir,,
Sweden,Q34,http://www.wikidata.org/entity/Q20678928,Q20678928,Reservoir,,
Sweden,Q34,http://www.wikidata.org/entity/Q20678935,Q20678935,Reservoir,,
Sweden,Q34,http://www.wikidata.org/entity/Q20678933,Q20678933,Reservoir,,
Sweden,Q34,http://www.wikidata.org/entity/Q20678938,Q20678938,Reservoir,,
Sweden,Q34,http://www.wikidata.org/entity/Q20678936,Q20678936,Reservoir,,
Sweden,Q34,http://www.wikidata.org/entity/Q20678942,Q20678942,Reservoir,,
Sweden,Q34,http://www.wikidata.org/entity/Q20678943,Q20678943,Reservoir,,
Sweden,Q34,http://www.wikidata.org/entity/Q20678940,Q20678940,Reservoir,,
Sweden,Q34,http://www.wikidata.org/entity/Q20678941,Q20678941,Reservoir,,
Sweden,Q34,http://www.wikidata.org/entity/Q20678946,Q20678946,Reservoir,,
Sweden,Q34,http://www.wikidata.org/entity/Q20678945,Q20678945,Reservoir,,
Sweden,Q34,http://www.wikidata.org/entity/Q20678950,Q20678950,Reservoir,,
Sweden,Q34,http://www.wikidata.org/entity/Q20678951,Q20678951,Reservoir,,
Sweden,Q34,http://www.wikidata.org/entity/Q20678948,Q20678948,Reservoir,,
Sweden,Q34,http://www.wikidata.org/entity/Q20678949,Q20678949,Reservoir,,
Sweden,Q34,http://www.wikidata.org/entity/Q20678954,Q20678954,Reservoir,,
Sweden,Q34,http://www.wikidata.org/entity/Q20678952,Q20678952,Reservoir,,
Sweden,Q34,http://www.wikidata.org/entity/Q20678953,Q20678953,Reservoir,,
Sweden,Q34,http://www.wikidata.org/entity/Q20678937,Fryksände Church baptismal font,Reservoir,,
Sweden,Q34,http://www.wikidata.org/entity/Q20678908,Värmdö Church baptismal font,Reservoir,,
Sweden,Q34,http://www.wikidata.org/entity/Q127968490,Habo Church baptismal font,Reservoir,,
Sweden,Q34,http://www.wikidata.org/entity/Q19945647,Q19945647,Reservoir,,
Sweden,Q34,http://www.wikidata.org/entity/Q19945662,Q19945662,Reservoir,,
Sweden,Q34,http://www.wikidata.org/entity/Q19945847,Q19945847,Reservoir,,
Sweden,Q34,http://www.wikidata.org/entity/Q19953163,Q19953163,Reservoir,,
Sweden,Q34,http://www.wikidata.org/entity/Q134477683,Q134477683,Reservoir,,
Sweden,Q34,http://www.wikidata.org/entity/Q20678698,Baptismal font in Orsa kyrka,Reservoir,,
Sweden,Q34,http://www.wikidata.org/entity/Q121635360,Q121635360,Reservoir,,
Sweden,Q34,http://www.wikidata.org/entity/Q127163355,Q127163355,Reservoir,,
Sweden,Q34,http://www.wikidata.org/entity/Q19931062,Q19931062,Reservoir,,
Sweden,Q34,http://www.wikidata.org/entity/Q19931063,Q19931063,Reservoir,,
Sweden,Q34,http://www.wikidata.org/entity/Q19931064,Q19931064,Reservoir,,
Sweden,Q34,http://www.wikidata.org/entity/Q119208525,Baptismal font,Reservoir,,
Sweden,Q34,http://www.wikidata.org/entity/Q19945666,Q19945666,Reservoir,,
Sweden,Q34,http://www.wikidata.org/entity/Q19945664,Q19945664,Reservoir,,
Sweden,Q34,http://www.wikidata.org/entity/Q19945665,Q19945665,Reservoir,,
Sweden,Q34,http://www.wikidata.org/entity/Q19945671,Q19945671,Reservoir,,
Sweden,Q34,http://www.wikidata.org/entity/Q19945668,Q19945668,Reservoir,,
Sweden,Q34,http://www.wikidata.org/entity/Q19945669,Q19945669,Reservoir,,
Sweden,Q34,http://www.wikidata.org/entity/Q19945674,Q19945674,Reservoir,,
Sweden,Q34,http://www.wikidata.org/entity/Q19945672,Q19945672,Reservoir,,
Sweden,Q34,http://www.wikidata.org/entity/Q19945673,Q19945673,Reservoir,,
Sweden,Q34,http://www.wikidata.org/entity/Q19945678,Q19945678,Reservoir,,
Sweden,Q34,http://www.wikidata.org/entity/Q19945679,Q19945679,Reservoir,,
Sweden,Q34,http://www.wikidata.org/entity/Q19945677,Q19945677,Reservoir,,
Sweden,Q34,http://www.wikidata.org/entity/Q19945680,Q19945680,Reservoir,,
Sweden,Q34,http://www.wikidata.org/entity/Q19945681,Q19945681,Reservoir,,
Sweden,Q34,http://www.wikidata.org/entity/Q19945686,Q19945686,Reservoir,,
Sweden,Q34,http://www.wikidata.org/entity/Q19945684,Q19945684,Reservoir,,
Sweden,Q34,http://www.wikidata.org/entity/Q19945685,Q19945685,Reservoir,,
Sweden,Q34,http://www.wikidata.org/entity/Q19945690,Q19945690,Reservoir,,
Sweden,Q34,http://www.wikidata.org/entity/Q19945688,Q19945688,Reservoir,,
Sweden,Q34,http://www.wikidata.org/entity/Q19945689,Q19945689,Reservoir,,
Sweden,Q34,http://www.wikidata.org/entity/Q19945695,Q19945695,Reservoir,,
Sweden,Q34,http://www.wikidata.org/entity/Q19945692,Q19945692,Reservoir,,
Sweden,Q34,http://www.wikidata.org/entity/Q19945693,Q19945693,Reservoir,,
Sweden,Q34,http://www.wikidata.org/entity/Q19945698,Q19945698,Reservoir,,
Sweden,Q34,http://www.wikidata.org/entity/Q19945699,Q19945699,Reservoir,,
Sweden,Q34,http://www.wikidata.org/entity/Q19945697,Q19945697,Reservoir,,
Sweden,Q34,http://www.wikidata.org/entity/Q19945703,Q19945703,Reservoir,,
Sweden,Q34,http://www.wikidata.org/entity/Q19945701,Q19945701,Reservoir,,
Sweden,Q34,http://www.wikidata.org/entity/Q19945707,Q19945707,Reservoir,,
Sweden,Q34,http://www.wikidata.org/entity/Q19945710,Q19945710,Reservoir,,
Sweden,Q34,http://www.wikidata.org/entity/Q19945711,Q19945711,Reservoir,,
Sweden,Q34,http://www.wikidata.org/entity/Q19945708,Q19945708,Reservoir,,
Sweden,Q34,http://www.wikidata.org/entity/Q19945709,Q19945709,Reservoir,,
Sweden,Q34,http://www.wikidata.org/entity/Q19945718,Q19945718,Reservoir,,
Sweden,Q34,http://www.wikidata.org/entity/Q19945716,Q19945716,Reservoir,,
Sweden,Q34,http://www.wikidata.org/entity/Q19945717,Q19945717,Reservoir,,
Sweden,Q34,http://www.wikidata.org/entity/Q19945720,Q19945720,Reservoir,,
Sweden,Q34,http://www.wikidata.org/entity/Q19945726,Q19945726,Reservoir,,
Sweden,Q34,http://www.wikidata.org/entity/Q19945738,Q19945738,Reservoir,,
Sweden,Q34,http://www.wikidata.org/entity/Q19945739,Q19945739,Reservoir,,
Sweden,Q34,http://www.wikidata.org/entity/Q19945740,Q19945740,Reservoir,,
Sweden,Q34,http://www.wikidata.org/entity/Q19945741,Q19945741,Reservoir,,
Sweden,Q34,http://www.wikidata.org/entity/Q19945746,Q19945746,Reservoir,,
Sweden,Q34,http://www.wikidata.org/entity/Q19945747,Q19945747,Reservoir,,
Sweden,Q34,http://www.wikidata.org/entity/Q19945744,Q19945744,Reservoir,,
Sweden,Q34,http://www.wikidata.org/entity/Q19945745,Q19945745,Reservoir,,
Sweden,Q34,http://www.wikidata.org/entity/Q19945749,Q19945749,Reservoir,,
Sweden,Q34,http://www.wikidata.org/entity/Q19945752,Q19945752,Reservoir,,
Sweden,Q34,http://www.wikidata.org/entity/Q19945753,Q19945753,Reservoir,,
Sweden,Q34,http://www.wikidata.org/entity/Q19945762,Q19945762,Reservoir,,
Sweden,Q34,http://www.wikidata.org/entity/Q19945763,Q19945763,Reservoir,,
Sweden,Q34,http://www.wikidata.org/entity/Q19945764,Q19945764,Reservoir,,
Sweden,Q34,http://www.wikidata.org/entity/Q19945768,Q19945768,Reservoir,,
Sweden,Q34,http://www.wikidata.org/entity/Q19945769,Q19945769,Reservoir,,
Sweden,Q34,http://www.wikidata.org/entity/Q19945788,Q19945788,Reservoir,,
Sweden,Q34,http://www.wikidata.org/entity/Q19945798,Q19945798,Reservoir,,
Sweden,Q34,http://www.wikidata.org/entity/Q19945800,Q19945800,Reservoir,,
Sweden,Q34,http://www.wikidata.org/entity/Q19945806,Q19945806,Reservoir,,
Sweden,Q34,http://www.wikidata.org/entity/Q19945807,Q19945807,Reservoir,,
Sweden,Q34,http://www.wikidata.org/entity/Q19945804,Q19945804,Reservoir,,
Sweden,Q34,http://www.wikidata.org/entity/Q19945805,Q19945805,Reservoir,,
Sweden,Q34,http://www.wikidata.org/entity/Q19945811,Q19945811,Reservoir,,
Sweden,Q34,http://www.wikidata.org/entity/Q19945815,Q19945815,Reservoir,,
Sweden,Q34,http://www.wikidata.org/entity/Q19945812,Q19945812,Reservoir,,
Sweden,Q34,http://www.wikidata.org/entity/Q19945813,Q19945813,Reservoir,,
Sweden,Q34,http://www.wikidata.org/entity/Q19945818,Q19945818,Reservoir,,
Sweden,Q34,http://www.wikidata.org/entity/Q19945819,Q19945819,Reservoir,,
Sweden,Q34,http://www.wikidata.org/entity/Q19945816,Q19945816,Reservoir,,
Sweden,Q34,http://www.wikidata.org/entity/Q19945823,Q19945823,Reservoir,,
Sweden,Q34,http://www.wikidata.org/entity/Q19945821,Q19945821,Reservoir,,
Sweden,Q34,http://www.wikidata.org/entity/Q19945824,Q19945824,Reservoir,,
Sweden,Q34,http://www.wikidata.org/entity/Q19945825,Q19945825,Reservoir,,
Sweden,Q34,http://www.wikidata.org/entity/Q19945834,Q19945834,Reservoir,,
Sweden,Q34,http://www.wikidata.org/entity/Q19945838,Q19945838,Reservoir,,
Sweden,Q34,http://www.wikidata.org/entity/Q19945839,Q19945839,Reservoir,,
Sweden,Q34,http://www.wikidata.org/entity/Q19945836,Q19945836,Reservoir,,
Sweden,Q34,http://www.wikidata.org/entity/Q19945837,Q19945837,Reservoir,,
Sweden,Q34,http://www.wikidata.org/entity/Q19945842,Q19945842,Reservoir,,
Sweden,Q34,http://www.wikidata.org/entity/Q19945843,Q19945843,Reservoir,,
Sweden,Q34,http://www.wikidata.org/entity/Q19945840,Q19945840,Reservoir,,
Sweden,Q34,http://www.wikidata.org/entity/Q19945841,Q19945841,Reservoir,,
Sweden,Q34,http://www.wikidata.org/entity/Q19945846,Q19945846,Reservoir,,
Sweden,Q34,http://www.wikidata.org/entity/Q19945844,Q19945844,Reservoir,,
Sweden,Q34,http://www.wikidata.org/entity/Q19945845,Q19945845,Reservoir,,
Sweden,Q34,http://www.wikidata.org/entity/Q19945817,Baptismal font in Skephults kyrka,Reservoir,,
Sweden,Q34,http://www.wikidata.org/entity/Q19945810,Sandhem Church baptismal font,Reservoir,,
Sweden,Q34,http://www.wikidata.org/entity/Q19945832,Baptismal font from Starrkärr church,Reservoir,,
Sweden,Q34,http://www.wikidata.org/entity/Q19945766,Nödinge Church baptismal font,Reservoir,,
Sweden,Q34,http://www.wikidata.org/entity/Q19945667,Q19945667,Reservoir,,
Sweden,Q34,http://www.wikidata.org/entity/Q19945771,Q19945771,Reservoir,,
Sweden,Q34,http://www.wikidata.org/entity/Q19945772,Q19945772,Reservoir,,
Sweden,Q34,http://www.wikidata.org/entity/Q19945663,Q19945663,Reservoir,,
Sweden,Q34,http://www.wikidata.org/entity/Q19945676,Q19945676,Reservoir,,
Sweden,Q34,http://www.wikidata.org/entity/Q19945694,Q19945694,Reservoir,,
Sweden,Q34,http://www.wikidata.org/entity/Q19945702,Q19945702,Reservoir,,
Sweden,Q34,http://www.wikidata.org/entity/Q19945700,Q19945700,Reservoir,,
Sweden,Q34,http://www.wikidata.org/entity/Q19945743,Q19945743,Reservoir,,
Sweden,Q34,http://www.wikidata.org/entity/Q19945787,Q19945787,Reservoir,,
Sweden,Q34,http://www.wikidata.org/entity/Q19945802,Q19945802,Reservoir,,
Sweden,Q34,http://www.wikidata.org/entity/Q19952452,"Baptismal font of Saint Laurence church (Söderköping, Sweden)",Reservoir,,
Sweden,Q34,http://www.wikidata.org/entity/Q19945850,Q19945850,Reservoir,,
Sweden,Q34,http://www.wikidata.org/entity/Q19945848,Q19945848,Reservoir,,
Sweden,Q34,http://www.wikidata.org/entity/Q19945854,Q19945854,Reservoir,,
Sweden,Q34,http://www.wikidata.org/entity/Q19945855,Q19945855,Reservoir,,
Sweden,Q34,http://www.wikidata.org/entity/Q19945852,Q19945852,Reservoir,,
Sweden,Q34,http://www.wikidata.org/entity/Q19945853,Q19945853,Reservoir,,
Sweden,Q34,http://www.wikidata.org/entity/Q19945859,Q19945859,Reservoir,,
Sweden,Q34,http://www.wikidata.org/entity/Q19945856,Q19945856,Reservoir,,
Sweden,Q34,http://www.wikidata.org/entity/Q19945857,Q19945857,Reservoir,,
Sweden,Q34,http://www.wikidata.org/entity/Q19945862,Q19945862,Reservoir,,
Sweden,Q34,http://www.wikidata.org/entity/Q19945863,Q19945863,Reservoir,,
Sweden,Q34,http://www.wikidata.org/entity/Q19945860,Q19945860,Reservoir,,
Sweden,Q34,http://www.wikidata.org/entity/Q19945861,Q19945861,Reservoir,,
Sweden,Q34,http://www.wikidata.org/entity/Q19945867,Q19945867,Reservoir,,
Sweden,Q34,http://www.wikidata.org/entity/Q19945865,Q19945865,Reservoir,,
Sweden,Q34,http://www.wikidata.org/entity/Q19945868,Q19945868,Reservoir,,
Sweden,Q34,http://www.wikidata.org/entity/Q19945869,Q19945869,Reservoir,,
Sweden,Q34,http://www.wikidata.org/entity/Q19945878,Q19945878,Reservoir,,
Sweden,Q34,http://www.wikidata.org/entity/Q19945879,Q19945879,Reservoir,,
Sweden,Q34,http://www.wikidata.org/entity/Q19945876,Q19945876,Reservoir,,
Sweden,Q34,http://www.wikidata.org/entity/Q19945877,Q19945877,Reservoir,,
Sweden,Q34,http://www.wikidata.org/entity/Q19945883,Q19945883,Reservoir,,
Sweden,Q34,http://www.wikidata.org/entity/Q19945880,Q19945880,Reservoir,,
Sweden,Q34,http://www.wikidata.org/entity/Q19945881,Q19945881,Reservoir,,
Sweden,Q34,http://www.wikidata.org/entity/Q19945886,Q19945886,Reservoir,,
Sweden,Q34,http://www.wikidata.org/entity/Q19945887,Q19945887,Reservoir,,
Sweden,Q34,http://www.wikidata.org/entity/Q19945884,Q19945884,Reservoir,,
Sweden,Q34,http://www.wikidata.org/entity/Q19945885,Q19945885,Reservoir,,
Sweden,Q34,http://www.wikidata.org/entity/Q19945890,Q19945890,Reservoir,,
Sweden,Q34,http://www.wikidata.org/entity/Q19945891,Q19945891,Reservoir,,
Sweden,Q34,http://www.wikidata.org/entity/Q19945888,Q19945888,Reservoir,,
Sweden,Q34,http://www.wikidata.org/entity/Q19945889,Q19945889,Reservoir,,
Sweden,Q34,http://www.wikidata.org/entity/Q19945894,Q19945894,Reservoir,,
Sweden,Q34,http://www.wikidata.org/entity/Q19945895,Q19945895,Reservoir,,
Sweden,Q34,http://www.wikidata.org/entity/Q19945892,Q19945892,Reservoir,,
Sweden,Q34,http://www.wikidata.org/entity/Q19945893,Q19945893,Reservoir,,
Sweden,Q34,http://www.wikidata.org/entity/Q19945898,Q19945898,Reservoir,,
Sweden,Q34,http://www.wikidata.org/entity/Q19945899,Q19945899,Reservoir,,
Sweden,Q34,http://www.wikidata.org/entity/Q19945897,Q19945897,Reservoir,,
Sweden,Q34,http://www.wikidata.org/entity/Q19945902,Q19945902,Reservoir,,
Sweden,Q34,http://www.wikidata.org/entity/Q19945903,Q19945903,Reservoir,,
Sweden,Q34,http://www.wikidata.org/entity/Q19945900,Q19945900,Reservoir,,
Sweden,Q34,http://www.wikidata.org/entity/Q19945901,Q19945901,Reservoir,,
Sweden,Q34,http://www.wikidata.org/entity/Q19952101,Q19952101,Reservoir,,
Sweden,Q34,http://www.wikidata.org/entity/Q19952106,Q19952106,Reservoir,,
Sweden,Q34,http://www.wikidata.org/entity/Q19952121,Q19952121,Reservoir,,
Sweden,Q34,http://www.wikidata.org/entity/Q19952127,Q19952127,Reservoir,,
Sweden,Q34,http://www.wikidata.org/entity/Q19952133,Q19952133,Reservoir,,
Sweden,Q34,http://www.wikidata.org/entity/Q19952139,Q19952139,Reservoir,,
Sweden,Q34,http://www.wikidata.org/entity/Q19952145,Q19952145,Reservoir,,
Sweden,Q34,http://www.wikidata.org/entity/Q19952152,Q19952152,Reservoir,,
Sweden,Q34,http://www.wikidata.org/entity/Q19952165,Q19952165,Reservoir,,
Sweden,Q34,http://www.wikidata.org/entity/Q19952172,Q19952172,Reservoir,,
Sweden,Q34,http://www.wikidata.org/entity/Q19952179,Q19952179,Reservoir,,
Sweden,Q34,http://www.wikidata.org/entity/Q19952390,Q19952390,Reservoir,,
Sweden,Q34,http://www.wikidata.org/entity/Q19952395,Q19952395,Reservoir,,
Sweden,Q34,http://www.wikidata.org/entity/Q19952403,Q19952403,Reservoir,,
Sweden,Q34,http://www.wikidata.org/entity/Q19952415,Q19952415,Reservoir,,
Sweden,Q34,http://www.wikidata.org/entity/Q19952442,Q19952442,Reservoir,,
Sweden,Q34,http://www.wikidata.org/entity/Q19952443,Q19952443,Reservoir,,
Sweden,Q34,http://www.wikidata.org/entity/Q19952440,Q19952440,Reservoir,,
Sweden,Q34,http://www.wikidata.org/entity/Q19952447,Q19952447,Reservoir,,
Sweden,Q34,http://www.wikidata.org/entity/Q19952444,Q19952444,Reservoir,,
Sweden,Q34,http://www.wikidata.org/entity/Q19952445,Q19952445,Reservoir,,
Sweden,Q34,http://www.wikidata.org/entity/Q19952451,Q19952451,Reservoir,,
Sweden,Q34,http://www.wikidata.org/entity/Q19952550,Q19952550,Reservoir,,
Sweden,Q34,http://www.wikidata.org/entity/Q19952554,Q19952554,Reservoir,,
Sweden,Q34,http://www.wikidata.org/entity/Q19952565,Q19952565,Reservoir,,
Sweden,Q34,http://www.wikidata.org/entity/Q19952570,Q19952570,Reservoir,,
Sweden,Q34,http://www.wikidata.org/entity/Q19952576,Q19952576,Reservoir,,
Sweden,Q34,http://www.wikidata.org/entity/Q19952589,Q19952589,Reservoir,,
Sweden,Q34,http://www.wikidata.org/entity/Q19953150,Q19953150,Reservoir,,
Sweden,Q34,http://www.wikidata.org/entity/Q19953148,Q19953148,Reservoir,,
Sweden,Q34,http://www.wikidata.org/entity/Q19953154,Q19953154,Reservoir,,
Sweden,Q34,http://www.wikidata.org/entity/Q19953155,Q19953155,Reservoir,,
Sweden,Q34,http://www.wikidata.org/entity/Q19953152,Q19953152,Reservoir,,
Sweden,Q34,http://www.wikidata.org/entity/Q19953159,Q19953159,Reservoir,,
Sweden,Q34,http://www.wikidata.org/entity/Q19953156,Q19953156,Reservoir,,
Sweden,Q34,http://www.wikidata.org/entity/Q19953157,Q19953157,Reservoir,,
Sweden,Q34,http://www.wikidata.org/entity/Q19953162,Q19953162,Reservoir,,
Sweden,Q34,http://www.wikidata.org/entity/Q19953160,Q19953160,Reservoir,,
Sweden,Q34,http://www.wikidata.org/entity/Q19952581,Baptismal font in Örberga kyrka,Reservoir,,
Sweden,Q34,http://www.wikidata.org/entity/Q19953151,Atlingbo Church baptistismal font,Reservoir,,
Sweden,Q34,http://www.wikidata.org/entity/Q19953158,Buttle Church baptismal font,Reservoir,,
Sweden,Q34,http://www.wikidata.org/entity/Q19952544,Baptismal font in Tingstads kyrka,Reservoir,,
Sweden,Q34,http://www.wikidata.org/entity/Q19952159,Baptismal font in Hogstads kyrka,Reservoir,,
Sweden,Q34,http://www.wikidata.org/entity/Q19953142,Q19953142,Reservoir,,
Sweden,Q34,http://www.wikidata.org/entity/Q19951663,Q19951663,Reservoir,,
Sweden,Q34,http://www.wikidata.org/entity/Q19953149,Q19953149,Reservoir,,
Sweden,Q34,http://www.wikidata.org/entity/Q19945866,Q19945866,Reservoir,,
Sweden,Q34,http://www.wikidata.org/entity/Q19945882,Q19945882,Reservoir,,
Sweden,Q34,http://www.wikidata.org/entity/Q19952115,Q19952115,Reservoir,,
Sweden,Q34,http://www.wikidata.org/entity/Q19952383,Q19952383,Reservoir,,
Sweden,Q34,http://www.wikidata.org/entity/Q19952409,Q19952409,Reservoir,,
Sweden,Q34,http://www.wikidata.org/entity/Q19952446,Q19952446,Reservoir,,
Sweden,Q34,http://www.wikidata.org/entity/Q19952448,Q19952448,Reservoir,,
Sweden,Q34,http://www.wikidata.org/entity/Q19952559,Q19952559,Reservoir,,
Sweden,Q34,http://www.wikidata.org/entity/Q19952585,Q19952585,Reservoir,,
Sweden,Q34,http://www.wikidata.org/entity/Q19938951,Q19938951,Reservoir,,
Sweden,Q34,http://www.wikidata.org/entity/Q19938954,Q19938954,Reservoir,,
Sweden,Q34,http://www.wikidata.org/entity/Q19938952,Q19938952,Reservoir,,
Sweden,Q34,http://www.wikidata.org/entity/Q19938953,Q19938953,Reservoir,,
Sweden,Q34,http://www.wikidata.org/entity/Q19938956,Q19938956,Reservoir,,
Sweden,Q34,http://www.wikidata.org/entity/Q19938962,Q19938962,Reservoir,,
Sweden,Q34,http://www.wikidata.org/entity/Q19938966,Q19938966,Reservoir,,
Sweden,Q34,http://www.wikidata.org/entity/Q19938967,Q19938967,Reservoir,,
Sweden,Q34,http://www.wikidata.org/entity/Q19938964,Q19938964,Reservoir,,
Sweden,Q34,http://www.wikidata.org/entity/Q19938965,Q19938965,Reservoir,,
Sweden,Q34,http://www.wikidata.org/entity/Q19938971,Q19938971,Reservoir,,
Sweden,Q34,http://www.wikidata.org/entity/Q19938968,Q19938968,Reservoir,,
Sweden,Q34,http://www.wikidata.org/entity/Q19938969,Q19938969,Reservoir,,
Sweden,Q34,http://www.wikidata.org/entity/Q19938974,Q19938974,Reservoir,,
Sweden,Q34,http://www.wikidata.org/entity/Q19938975,Q19938975,Reservoir,,
Sweden,Q34,http://www.wikidata.org/entity/Q19938973,Q19938973,Reservoir,,
Sweden,Q34,http://www.wikidata.org/entity/Q19938979,Q19938979,Reservoir,,
Sweden,Q34,http://www.wikidata.org/entity/Q19938976,Q19938976,Reservoir,,
Sweden,Q34,http://www.wikidata.org/entity/Q19938983,Q19938983,Reservoir,,
Sweden,Q34,http://www.wikidata.org/entity/Q19938986,Q19938986,Reservoir,,
Sweden,Q34,http://www.wikidata.org/entity/Q19938987,Q19938987,Reservoir,,
Sweden,Q34,http://www.wikidata.org/entity/Q19938985,Q19938985,Reservoir,,
Sweden,Q34,http://www.wikidata.org/entity/Q19938989,Q19938989,Reservoir,,
Sweden,Q34,http://www.wikidata.org/entity/Q19938992,Q19938992,Reservoir,,
Sweden,Q34,http://www.wikidata.org/entity/Q19938993,Q19938993,Reservoir,,
Sweden,Q34,http://www.wikidata.org/entity/Q19938999,Q19938999,Reservoir,,
Sweden,Q34,http://www.wikidata.org/entity/Q19938996,Q19938996,Reservoir,,
Sweden,Q34,http://www.wikidata.org/entity/Q19939002,Q19939002,Reservoir,,
Sweden,Q34,http://www.wikidata.org/entity/Q19939003,Q19939003,Reservoir,,
Sweden,Q34,http://www.wikidata.org/entity/Q19939000,Q19939000,Reservoir,,
Sweden,Q34,http://www.wikidata.org/entity/Q19939001,Q19939001,Reservoir,,
Sweden,Q34,http://www.wikidata.org/entity/Q19939006,Q19939006,Reservoir,,
Sweden,Q34,http://www.wikidata.org/entity/Q19939007,Q19939007,Reservoir,,
Sweden,Q34,http://www.wikidata.org/entity/Q19939010,Q19939010,Reservoir,,
Sweden,Q34,http://www.wikidata.org/entity/Q19939009,Q19939009,Reservoir,,
Sweden,Q34,http://www.wikidata.org/entity/Q19939015,Q19939015,Reservoir,,
Sweden,Q34,http://www.wikidata.org/entity/Q19939013,Q19939013,Reservoir,,
Sweden,Q34,http://www.wikidata.org/entity/Q19939018,Q19939018,Reservoir,,
Sweden,Q34,http://www.wikidata.org/entity/Q19939019,Q19939019,Reservoir,,
Sweden,Q34,http://www.wikidata.org/entity/Q19939016,Q19939016,Reservoir,,
Sweden,Q34,http://www.wikidata.org/entity/Q19939023,Q19939023,Reservoir,,
Sweden,Q34,http://www.wikidata.org/entity/Q19939026,Q19939026,Reservoir,,
Sweden,Q34,http://www.wikidata.org/entity/Q19939024,Q19939024,Reservoir,,
Sweden,Q34,http://www.wikidata.org/entity/Q19939025,Q19939025,Reservoir,,
Sweden,Q34,http://www.wikidata.org/entity/Q19939028,Q19939028,Reservoir,,
Sweden,Q34,http://www.wikidata.org/entity/Q19939029,Q19939029,Reservoir,,
Sweden,Q34,http://www.wikidata.org/entity/Q19939034,Q19939034,Reservoir,,
Sweden,Q34,http://www.wikidata.org/entity/Q19939035,Q19939035,Reservoir,,
Sweden,Q34,http://www.wikidata.org/entity/Q19939032,Q19939032,Reservoir,,
Sweden,Q34,http://www.wikidata.org/entity/Q19939033,Q19939033,Reservoir,,
Sweden,Q34,http://www.wikidata.org/entity/Q19939038,Q19939038,Reservoir,,
Sweden,Q34,http://www.wikidata.org/entity/Q19939039,Q19939039,Reservoir,,
Sweden,Q34,http://www.wikidata.org/entity/Q19939037,Q19939037,Reservoir,,
Sweden,Q34,http://www.wikidata.org/entity/Q19939042,Q19939042,Reservoir,,
Sweden,Q34,http://www.wikidata.org/entity/Q19939043,Q19939043,Reservoir,,
Sweden,Q34,http://www.wikidata.org/entity/Q19939040,Q19939040,Reservoir,,
Sweden,Q34,http://www.wikidata.org/entity/Q19939046,Q19939046,Reservoir,,
Sweden,Q34,http://www.wikidata.org/entity/Q19939044,Q19939044,Reservoir,,
Sweden,Q34,http://www.wikidata.org/entity/Q19945398,Q19945398,Reservoir,,
Sweden,Q34,http://www.wikidata.org/entity/Q19945399,Q19945399,Reservoir,,
Sweden,Q34,http://www.wikidata.org/entity/Q19945397,Q19945397,Reservoir,,
Sweden,Q34,http://www.wikidata.org/entity/Q19945402,Q19945402,Reservoir,,
Sweden,Q34,http://www.wikidata.org/entity/Q19945403,Q19945403,Reservoir,,
Sweden,Q34,http://www.wikidata.org/entity/Q19945400,Q19945400,Reservoir,,
Sweden,Q34,http://www.wikidata.org/entity/Q19945401,Q19945401,Reservoir,,
Sweden,Q34,http://www.wikidata.org/entity/Q19938991,Ljungarum Church baptismal font,Reservoir,,
Sweden,Q34,http://www.wikidata.org/entity/Q19939045,Ölmstad Church baptismal font,Reservoir,,
Sweden,Q34,http://www.wikidata.org/entity/Q19945396,baptismal font of Askum church,Reservoir,,
Sweden,Q34,http://www.wikidata.org/entity/Q19938977,Q19938977,Reservoir,,
Sweden,Q34,http://www.wikidata.org/entity/Q19938970,Q19938970,Reservoir,,
Sweden,Q34,http://www.wikidata.org/entity/Q19938972,Q19938972,Reservoir,,
Sweden,Q34,http://www.wikidata.org/entity/Q19938988,Q19938988,Reservoir,,
Sweden,Q34,http://www.wikidata.org/entity/Q19938990,Q19938990,Reservoir,,
Sweden,Q34,http://www.wikidata.org/entity/Q19939012,Q19939012,Reservoir,,
Sweden,Q34,http://www.wikidata.org/entity/Q19939027,Q19939027,Reservoir,,
Sweden,Q34,http://www.wikidata.org/entity/Q19939036,Q19939036,Reservoir,,
Sweden,Q34,http://www.wikidata.org/entity/Q19931092,Q19931092,Reservoir,,
Sweden,Q34,http://www.wikidata.org/entity/Q19931098,Q19931098,Reservoir,,
Sweden,Q34,http://www.wikidata.org/entity/Q19931096,Q19931096,Reservoir,,
Sweden,Q34,http://www.wikidata.org/entity/Q19931097,Q19931097,Reservoir,,
Sweden,Q34,http://www.wikidata.org/entity/Q19931100,Q19931100,Reservoir,,
Sweden,Q34,http://www.wikidata.org/entity/Q19931105,Q19931105,Reservoir,,
Sweden,Q34,http://www.wikidata.org/entity/Q19931110,Q19931110,Reservoir,,
Sweden,Q34,http://www.wikidata.org/entity/Q19931109,Q19931109,Reservoir,,
Sweden,Q34,http://www.wikidata.org/entity/Q19931130,Q19931130,Reservoir,,
Sweden,Q34,http://www.wikidata.org/entity/Q19931128,Q19931128,Reservoir,,
Sweden,Q34,http://www.wikidata.org/entity/Q19931134,Q19931134,Reservoir,,
Sweden,Q34,http://www.wikidata.org/entity/Q19931135,Q19931135,Reservoir,,
Sweden,Q34,http://www.wikidata.org/entity/Q19931132,Q19931132,Reservoir,,
Sweden,Q34,http://www.wikidata.org/entity/Q19931133,Q19931133,Reservoir,,
Sweden,Q34,http://www.wikidata.org/entity/Q19931139,Q19931139,Reservoir,,
Sweden,Q34,http://www.wikidata.org/entity/Q19931137,Q19931137,Reservoir,,
Sweden,Q34,http://www.wikidata.org/entity/Q19931144,Q19931144,Reservoir,,
Sweden,Q34,http://www.wikidata.org/entity/Q19931145,Q19931145,Reservoir,,
Sweden,Q34,http://www.wikidata.org/entity/Q19931155,Q19931155,Reservoir,,
Sweden,Q34,http://www.wikidata.org/entity/Q19931153,Q19931153,Reservoir,,
Sweden,Q34,http://www.wikidata.org/entity/Q19931159,Q19931159,Reservoir,,
Sweden,Q34,http://www.wikidata.org/entity/Q19931156,Q19931156,Reservoir,,
Sweden,Q34,http://www.wikidata.org/entity/Q19931165,Q19931165,Reservoir,,
Sweden,Q34,http://www.wikidata.org/entity/Q19931169,Q19931169,Reservoir,,
Sweden,Q34,http://www.wikidata.org/entity/Q19938895,Q19938895,Reservoir,,
Sweden,Q34,http://www.wikidata.org/entity/Q19938893,Q19938893,Reservoir,,
Sweden,Q34,http://www.wikidata.org/entity/Q19938898,Q19938898,Reservoir,,
Sweden,Q34,http://www.wikidata.org/entity/Q19938896,Q19938896,Reservoir,,
Sweden,Q34,http://www.wikidata.org/entity/Q19938897,Q19938897,Reservoir,,
Sweden,Q34,http://www.wikidata.org/entity/Q19938902,Q19938902,Reservoir,,
Sweden,Q34,http://www.wikidata.org/entity/Q19938903,Q19938903,Reservoir,,
Sweden,Q34,http://www.wikidata.org/entity/Q19938900,Q19938900,Reservoir,,
Sweden,Q34,http://www.wikidata.org/entity/Q19938906,Q19938906,Reservoir,,
Sweden,Q34,http://www.wikidata.org/entity/Q19938907,Q19938907,Reservoir,,
Sweden,Q34,http://www.wikidata.org/entity/Q19938904,Q19938904,Reservoir,,
Sweden,Q34,http://www.wikidata.org/entity/Q19938908,Q19938908,Reservoir,,
Sweden,Q34,http://www.wikidata.org/entity/Q19938935,Q19938935,Reservoir,,
Sweden,Q34,http://www.wikidata.org/entity/Q19938933,Q19938933,Reservoir,,
Sweden,Q34,http://www.wikidata.org/entity/Q19938937,Q19938937,Reservoir,,
Sweden,Q34,http://www.wikidata.org/entity/Q19938946,Q19938946,Reservoir,,
Sweden,Q34,http://www.wikidata.org/entity/Q19938950,Q19938950,Reservoir,,
Sweden,Q34,http://www.wikidata.org/entity/Q19938948,Q19938948,Reservoir,,
Sweden,Q34,http://www.wikidata.org/entity/Q19931127,Vankiva Church baptismal font,Reservoir,,
Sweden,Q34,http://www.wikidata.org/entity/Q19938936,Barnarp Church baptismal font,Reservoir,,
Sweden,Q34,http://www.wikidata.org/entity/Q19931173,Church of Östra Torp baptismal font,Reservoir,,
Sweden,Q34,http://www.wikidata.org/entity/Q19931157,Baptismal font in Östra Kärrstorps kyrka,Reservoir,,
Sweden,Q34,http://www.wikidata.org/entity/Q19931118,Flackarp church baptismal font,Reservoir,,
Sweden,Q34,http://www.wikidata.org/entity/Q19938947,Bottnaryd Church baptismal font,Reservoir,,
Sweden,Q34,http://www.wikidata.org/entity/Q19931066,Q19931066,Reservoir,,
Sweden,Q34,http://www.wikidata.org/entity/Q19931090,Q19931090,Reservoir,,
Sweden,Q34,http://www.wikidata.org/entity/Q19931104,Q19931104,Reservoir,,
Sweden,Q34,http://www.wikidata.org/entity/Q19931108,Q19931108,Reservoir,,
Sweden,Q34,http://www.wikidata.org/entity/Q19931113,Q19931113,Reservoir,,
Sweden,Q34,http://www.wikidata.org/entity/Q19931129,Q19931129,Reservoir,,
Sweden,Q34,http://www.wikidata.org/entity/Q19931138,Q19931138,Reservoir,,
Sweden,Q34,http://www.wikidata.org/entity/Q19931154,Q19931154,Reservoir,,
Sweden,Q34,http://www.wikidata.org/entity/Q19931143,Q19931143,Reservoir,,
Sweden,Q34,http://www.wikidata.org/entity/Q19938905,Q19938905,Reservoir,,
Sweden,Q34,http://www.wikidata.org/entity/Q19931065,Q19931065,Reservoir,,
Sweden,Q34,http://www.wikidata.org/entity/Q19931067,Q19931067,Reservoir,,
Sweden,Q34,http://www.wikidata.org/entity/Q19931068,Q19931068,Reservoir,,
Sweden,Q34,http://www.wikidata.org/entity/Q19931069,Q19931069,Reservoir,,
Sweden,Q34,http://www.wikidata.org/entity/Q19931070,Q19931070,Reservoir,,
Sweden,Q34,http://www.wikidata.org/entity/Q19931071,Q19931071,Reservoir,,
Sweden,Q34,http://www.wikidata.org/entity/Q19931073,Q19931073,Reservoir,,
Sweden,Q34,http://www.wikidata.org/entity/Q19931074,Q19931074,Reservoir,,
Sweden,Q34,http://www.wikidata.org/entity/Q19931075,Q19931075,Reservoir,,
Sweden,Q34,http://www.wikidata.org/entity/Q19931076,Q19931076,Reservoir,,
Sweden,Q34,http://www.wikidata.org/entity/Q19931078,Q19931078,Reservoir,,
Sweden,Q34,http://www.wikidata.org/entity/Q19931077,Q19931077,Reservoir,,
Sweden,Q34,http://www.wikidata.org/entity/Q19931083,Q19931083,Reservoir,,
Sweden,Q34,http://www.wikidata.org/entity/Q19931087,Q19931087,Reservoir,,
Sweden,Q34,http://www.wikidata.org/entity/Q19931086,Q19931086,Reservoir,,
Sweden,Q34,http://www.wikidata.org/entity/Q19931084,Q19931084,Reservoir,,
Sweden,Q34,http://www.wikidata.org/entity/Q19931085,Q19931085,Reservoir,,
Sweden,Q34,http://www.wikidata.org/entity/Q19931088,Q19931088,Reservoir,,
Sweden,Q34,http://www.wikidata.org/entity/Q19931091,Q19931091,Reservoir,,
Sweden,Q34,http://www.wikidata.org/entity/Q19931089,Q19931089,Reservoir,,
Sweden,Q34,http://www.wikidata.org/entity/Q19931094,Q19931094,Reservoir,,
Sweden,Q34,http://www.wikidata.org/entity/Q19931095,Q19931095,Reservoir,,
Sweden,Q34,http://www.wikidata.org/entity/Q19931099,Q19931099,Reservoir,,
Sweden,Q34,http://www.wikidata.org/entity/Q19931102,Q19931102,Reservoir,,
Sweden,Q34,http://www.wikidata.org/entity/Q19931103,Q19931103,Reservoir,,
Sweden,Q34,http://www.wikidata.org/entity/Q19931101,Q19931101,Reservoir,,
Sweden,Q34,http://www.wikidata.org/entity/Q19931114,Q19931114,Reservoir,,
Sweden,Q34,http://www.wikidata.org/entity/Q19931119,Q19931119,Reservoir,,
Sweden,Q34,http://www.wikidata.org/entity/Q19931136,Q19931136,Reservoir,,
Sweden,Q34,http://www.wikidata.org/entity/Q19931140,Q19931140,Reservoir,,
Sweden,Q34,http://www.wikidata.org/entity/Q19931141,Q19931141,Reservoir,,
Sweden,Q34,http://www.wikidata.org/entity/Q19931150,Q19931150,Reservoir,,
Sweden,Q34,http://www.wikidata.org/entity/Q19931151,Q19931151,Reservoir,,
Sweden,Q34,http://www.wikidata.org/entity/Q19931148,Q19931148,Reservoir,,
Sweden,Q34,http://www.wikidata.org/entity/Q19931149,Q19931149,Reservoir,,
Sweden,Q34,http://www.wikidata.org/entity/Q19931176,Q19931176,Reservoir,,
Sweden,Q34,http://www.wikidata.org/entity/Q19931182,Q19931182,Reservoir,,
Sweden,Q34,http://www.wikidata.org/entity/Q19938932,Q19938932,Reservoir,,
Sweden,Q34,http://www.wikidata.org/entity/Q19938938,Q19938938,Reservoir,,
Sweden,Q34,http://www.wikidata.org/entity/Q19938899,Q19938899,Reservoir,,
Sweden,Q34,http://www.wikidata.org/entity/Q20678546,Q20678546,Reservoir,,
Sweden,Q34,http://www.wikidata.org/entity/Q20678679,Q20678679,Reservoir,,
Sweden,Q34,http://www.wikidata.org/entity/Q19953166,Q19953166,Reservoir,,
Sweden,Q34,http://www.wikidata.org/entity/Q19953165,Q19953165,Reservoir,,
Sweden,Q34,http://www.wikidata.org/entity/Q19953170,Q19953170,Reservoir,,
Sweden,Q34,http://www.wikidata.org/entity/Q19953171,Q19953171,Reservoir,,
Sweden,Q34,http://www.wikidata.org/entity/Q19953169,Q19953169,Reservoir,,
Sweden,Q34,http://www.wikidata.org/entity/Q19953175,Q19953175,Reservoir,,
Sweden,Q34,http://www.wikidata.org/entity/Q19953173,Q19953173,Reservoir,,
Sweden,Q34,http://www.wikidata.org/entity/Q19953186,Q19953186,Reservoir,,
Sweden,Q34,http://www.wikidata.org/entity/Q19953187,Q19953187,Reservoir,,
Sweden,Q34,http://www.wikidata.org/entity/Q19953185,Q19953185,Reservoir,,
Sweden,Q34,http://www.wikidata.org/entity/Q19953190,Q19953190,Reservoir,,
Sweden,Q34,http://www.wikidata.org/entity/Q19953191,Q19953191,Reservoir,,
Sweden,Q34,http://www.wikidata.org/entity/Q19953189,Q19953189,Reservoir,,
Sweden,Q34,http://www.wikidata.org/entity/Q19953194,Q19953194,Reservoir,,
Sweden,Q34,http://www.wikidata.org/entity/Q19953195,Q19953195,Reservoir,,
Sweden,Q34,http://www.wikidata.org/entity/Q19953192,Q19953192,Reservoir,,
Sweden,Q34,http://www.wikidata.org/entity/Q19953198,Q19953198,Reservoir,,
Sweden,Q34,http://www.wikidata.org/entity/Q19953199,Q19953199,Reservoir,,
Sweden,Q34,http://www.wikidata.org/entity/Q19953202,Q19953202,Reservoir,,
Sweden,Q34,http://www.wikidata.org/entity/Q19953203,Q19953203,Reservoir,,
Sweden,Q34,http://www.wikidata.org/entity/Q19953200,Q19953200,Reservoir,,
Sweden,Q34,http://www.wikidata.org/entity/Q19953201,Q19953201,Reservoir,,
Sweden,Q34,http://www.wikidata.org/entity/Q19953207,Q19953207,Reservoir,,
Sweden,Q34,http://www.wikidata.org/entity/Q19953204,Q19953204,Reservoir,,
Sweden,Q34,http://www.wikidata.org/entity/Q19953205,Q19953205,Reservoir,,
Sweden,Q34,http://www.wikidata.org/entity/Q19953210,Q19953210,Reservoir,,
Sweden,Q34,http://www.wikidata.org/entity/Q19953211,Q19953211,Reservoir,,
Sweden,Q34,http://www.wikidata.org/entity/Q19953208,Q19953208,Reservoir,,
Sweden,Q34,http://www.wikidata.org/entity/Q19953209,Q19953209,Reservoir,,
Sweden,Q34,http://www.wikidata.org/entity/Q19953214,Q19953214,Reservoir,,
Sweden,Q34,http://www.wikidata.org/entity/Q19953212,Q19953212,Reservoir,,
Sweden,Q34,http://www.wikidata.org/entity/Q19953213,Q19953213,Reservoir,,
Sweden,Q34,http://www.wikidata.org/entity/Q19953218,Q19953218,Reservoir,,
Sweden,Q34,http://www.wikidata.org/entity/Q19953219,Q19953219,Reservoir,,
Sweden,Q34,http://www.wikidata.org/entity/Q19953217,Q19953217,Reservoir,,
Sweden,Q34,http://www.wikidata.org/entity/Q19953223,Q19953223,Reservoir,,
Sweden,Q34,http://www.wikidata.org/entity/Q19953220,Q19953220,Reservoir,,
Sweden,Q34,http://www.wikidata.org/entity/Q19953221,Q19953221,Reservoir,,
Sweden,Q34,http://www.wikidata.org/entity/Q19953226,Q19953226,Reservoir,,
Sweden,Q34,http://www.wikidata.org/entity/Q19953227,Q19953227,Reservoir,,
Sweden,Q34,http://www.wikidata.org/entity/Q19953224,Q19953224,Reservoir,,
Sweden,Q34,http://www.wikidata.org/entity/Q19953230,Q19953230,Reservoir,,
Sweden,Q34,http://www.wikidata.org/entity/Q19953231,Q19953231,Reservoir,,
Sweden,Q34,http://www.wikidata.org/entity/Q19953228,Q19953228,Reservoir,,
Sweden,Q34,http://www.wikidata.org/entity/Q19953229,Q19953229,Reservoir,,
Sweden,Q34,http://www.wikidata.org/entity/Q19953234,Q19953234,Reservoir,,
Sweden,Q34,http://www.wikidata.org/entity/Q19953235,Q19953235,Reservoir,,
Sweden,Q34,http://www.wikidata.org/entity/Q19953232,Q19953232,Reservoir,,
Sweden,Q34,http://www.wikidata.org/entity/Q19953233,Q19953233,Reservoir,,
Sweden,Q34,http://www.wikidata.org/entity/Q19953238,Q19953238,Reservoir,,
Sweden,Q34,http://www.wikidata.org/entity/Q19953239,Q19953239,Reservoir,,
Sweden,Q34,http://www.wikidata.org/entity/Q19953236,Q19953236,Reservoir,,
Sweden,Q34,http://www.wikidata.org/entity/Q19953237,Q19953237,Reservoir,,
Sweden,Q34,http://www.wikidata.org/entity/Q19953242,Q19953242,Reservoir,,
Sweden,Q34,http://www.wikidata.org/entity/Q19953243,Q19953243,Reservoir,,
Sweden,Q34,http://www.wikidata.org/entity/Q19953240,Q19953240,Reservoir,,
Sweden,Q34,http://www.wikidata.org/entity/Q19953241,Q19953241,Reservoir,,
Sweden,Q34,http://www.wikidata.org/entity/Q19953246,Q19953246,Reservoir,,
Sweden,Q34,http://www.wikidata.org/entity/Q19953247,Q19953247,Reservoir,,
Sweden,Q34,http://www.wikidata.org/entity/Q19953244,Q19953244,Reservoir,,
Sweden,Q34,http://www.wikidata.org/entity/Q19953245,Q19953245,Reservoir,,
Sweden,Q34,http://www.wikidata.org/entity/Q19953250,Q19953250,Reservoir,,
Sweden,Q34,http://www.wikidata.org/entity/Q19953251,Q19953251,Reservoir,,
Sweden,Q34,http://www.wikidata.org/entity/Q19953248,Q19953248,Reservoir,,
Sweden,Q34,http://www.wikidata.org/entity/Q19953249,Q19953249,Reservoir,,
Sweden,Q34,http://www.wikidata.org/entity/Q19953254,Q19953254,Reservoir,,
Sweden,Q34,http://www.wikidata.org/entity/Q19953255,Q19953255,Reservoir,,
Sweden,Q34,http://www.wikidata.org/entity/Q19953253,Q19953253,Reservoir,,
Sweden,Q34,http://www.wikidata.org/entity/Q19953258,Q19953258,Reservoir,,
Sweden,Q34,http://www.wikidata.org/entity/Q19953259,Q19953259,Reservoir,,
Sweden,Q34,http://www.wikidata.org/entity/Q19953256,Q19953256,Reservoir,,
Sweden,Q34,http://www.wikidata.org/entity/Q19953257,Q19953257,Reservoir,,
Sweden,Q34,http://www.wikidata.org/entity/Q19953262,Q19953262,Reservoir,,
Sweden,Q34,http://www.wikidata.org/entity/Q19953263,Q19953263,Reservoir,,
Sweden,Q34,http://www.wikidata.org/entity/Q19953260,Q19953260,Reservoir,,
Sweden,Q34,http://www.wikidata.org/entity/Q19953261,Q19953261,Reservoir,,
Sweden,Q34,http://www.wikidata.org/entity/Q19953267,Q19953267,Reservoir,,
Sweden,Q34,http://www.wikidata.org/entity/Q19953264,Q19953264,Reservoir,,
Sweden,Q34,http://www.wikidata.org/entity/Q19953270,Q19953270,Reservoir,,
Sweden,Q34,http://www.wikidata.org/entity/Q19953271,Q19953271,Reservoir,,
Sweden,Q34,http://www.wikidata.org/entity/Q20678658,Q20678658,Reservoir,,
Sweden,Q34,http://www.wikidata.org/entity/Q20678696,Q20678696,Reservoir,,
Sweden,Q34,http://www.wikidata.org/entity/Q19953164,Etelhem Church baptismal font,Reservoir,,
Sweden,Q34,http://www.wikidata.org/entity/Q19953168,Gammelgarn Church baptismal font,Reservoir,,
Sweden,Q34,http://www.wikidata.org/entity/Q19953252,Rolanda church font,Reservoir,,
Sweden,Q34,http://www.wikidata.org/entity/Q19953167,Fårö Church baptismal font,Reservoir,,
Sweden,Q34,http://www.wikidata.org/entity/Q19953172,Grötlingbo baptismal font,Reservoir,,
Sweden,Q34,http://www.wikidata.org/entity/Q20678697,Baptismal font in Hedemora kyrka,Reservoir,,
Sweden,Q34,http://www.wikidata.org/entity/Q19953225,Q19953225,Reservoir,,
Sweden,Q34,http://www.wikidata.org/entity/Q19953216,Q19953216,Reservoir,,
Sweden,Q34,http://www.wikidata.org/entity/Q19953174,Q19953174,Reservoir,,
Sweden,Q34,http://www.wikidata.org/entity/Q19953265,Q19953265,Reservoir,,
Sweden,Q34,http://www.wikidata.org/entity/Q19953266,Q19953266,Reservoir,,
Sweden,Q34,http://www.wikidata.org/entity/Q19953268,Q19953268,Reservoir,,
Sweden,Q34,http://www.wikidata.org/entity/Q19953269,Q19953269,Reservoir,,
Sweden,Q34,http://www.wikidata.org/entity/Q19953272,Q19953272,Reservoir,,
Sweden,Q34,http://www.wikidata.org/entity/Q19953273,Q19953273,Reservoir,,
India,Q668,http://www.wikidata.org/entity/Q30590067,Gandikota Reservoir,Reservoir,,
India,Q668,http://www.wikidata.org/entity/Q11905063,Q11905063,Reservoir,,
India,Q668,http://www.wikidata.org/entity/Q11905064,Q11905064,Reservoir,,
India,Q668,http://www.wikidata.org/entity/Q19891602,Gomukhinadhi Reservoir,Reservoir,,
India,Q668,http://www.wikidata.org/entity/Q24939820,Wathod Reservoir,Reservoir,,
India,Q668,http://www.wikidata.org/entity/Q25567911,Dindi Reservoir,Reservoir,,
India,Q668,http://www.wikidata.org/entity/Q28172357,Suvarnavathi Reservoir,Reservoir,,
India,Q668,http://www.wikidata.org/entity/Q97308720,Reservoir  Apsaras,Reservoir,,
India,Q668,http://www.wikidata.org/entity/Q104874422,Thervoy Kandigai reservoir,Reservoir,,
India,Q668,http://www.wikidata.org/entity/Q118612227,Umamaheshwara Reservoir,Reservoir,,
India,Q668,http://www.wikidata.org/entity/Q118783912,Veeranjaneya Reservoir,Reservoir,,
India,Q668,http://www.wikidata.org/entity/Q119982591,Kotpally Reservoir,Reservoir,,
India,Q668,http://www.wikidata.org/entity/Q125503942,Harangi Reservoir,Reservoir,,
India,Q668,http://www.wikidata.org/entity/Q97063192,Banasar Tank,Reservoir,,
India,Q668,http://www.wikidata.org/entity/Q97159094,Narnala Fort: ix. Tank built to contain Oil & Ghee,Reservoir,,
India,Q668,http://www.wikidata.org/entity/Q97063145,"Aam Khas Bagh, Sirhind: Main Tank in front of Sheesh Mahal",Reservoir,,
India,Q668,http://www.wikidata.org/entity/Q97063356,Marble Baradari including Tank,Reservoir,,
India,Q668,http://www.wikidata.org/entity/Q97096606,"Large artificial tank, Haveri",Reservoir,,
India,Q668,http://www.wikidata.org/entity/Q97440539,Tank with colonades at Banashankari temple,Reservoir,,
India,Q668,http://www.wikidata.org/entity/Q97440953,Kalyani Tank,Reservoir,,
India,Q668,http://www.wikidata.org/entity/Q97480364,Muchukundesvara Temple And The Tank In Front Of It,Reservoir,,
India,Q668,http://www.wikidata.org/entity/Q98250996,Dohla tank,Reservoir,,
India,Q668,http://www.wikidata.org/entity/Q130600382,Hemavathi Reservoir,Reservoir,,
India,Q668,http://www.wikidata.org/entity/Q130600383,Chakra Reservoir,Reservoir,,
India,Q668,http://www.wikidata.org/entity/Q130885887,Sri Gorle Sriramulu Naidu Madduvalasa Reservoir Project,Reservoir,,
India,Q668,http://www.wikidata.org/entity/Q131125724,Andra Reservoir,Reservoir,,
India,Q668,http://www.wikidata.org/entity/Q131150492,Polavaram Reservoir,Reservoir,,
India,Q668,http://www.wikidata.org/entity/Q131196499,Yerrakaluva Reservoir,Reservoir,,
India,Q668,http://www.wikidata.org/entity/Q131333451,Mallanna Sagar Reservoir,Reservoir,,
India,Q668,http://www.wikidata.org/entity/Q131340442,Somasila Reservoir,Reservoir,,
India,Q668,http://www.wikidata.org/entity/Q131340551,Kandaleru Reservoir,Reservoir,,
India,Q668,http://www.wikidata.org/entity/Q131340641,Yeleru Reservoir,Reservoir,,
India,Q668,http://www.wikidata.org/entity/Q131354959,Penna Ahobilam balancing reservoir,Reservoir,,
India,Q668,http://www.wikidata.org/entity/Q131354962,Mylavaram reservoir,Reservoir,,
India,Q668,http://www.wikidata.org/entity/Q131354957,Pulichinthala reservoir,Reservoir,,
India,Q668,http://www.wikidata.org/entity/Q131354960,Chitravati balancing reservoir,Reservoir,,
India,Q668,http://www.wikidata.org/entity/Q131354963,Paidipalem balancing reservoir,Reservoir,,
India,Q668,http://www.wikidata.org/entity/Q131354966,Gajuladinne reservoir,Reservoir,,
India,Q668,http://www.wikidata.org/entity/Q131354967,Yerrakalva reservoir,Reservoir,,
India,Q668,http://www.wikidata.org/entity/Q131354964,Mid pennar reservoir,Reservoir,,
India,Q668,http://www.wikidata.org/entity/Q131354971,Thatipudi reservoir,Reservoir,,
India,Q668,http://www.wikidata.org/entity/Q131354965,Thandava reservoir,Reservoir,,
India,Q668,http://www.wikidata.org/entity/Q131354970,Madduvalasa reservoir,Reservoir,,
India,Q668,http://www.wikidata.org/entity/Q131354969,Buggavagu reservoir,Reservoir,,
India,Q668,http://www.wikidata.org/entity/Q131354974,Alaganuru balancing reservoir,Reservoir,,
India,Q668,http://www.wikidata.org/entity/Q131354972,Prakasam barrage reservoir,Reservoir,,
India,Q668,http://www.wikidata.org/entity/Q131354975,Cum bum tank,Reservoir,,
India,Q668,http://www.wikidata.org/entity/Q131354978,Thotapalli reservoir,Reservoir,,
India,Q668,http://www.wikidata.org/entity/Q131354973,Sarvaraja sagar reservoir,Reservoir,,
India,Q668,http://www.wikidata.org/entity/Q131354979,TGP subsidiary reservoir II,Reservoir,,
India,Q668,http://www.wikidata.org/entity/Q131354977,GDS reservoir,Reservoir,,
India,Q668,http://www.wikidata.org/entity/Q131354980,Annamayya reservoir,Reservoir,,
India,Q668,http://www.wikidata.org/entity/Q98360580,Sweet Tank at the back of Diwan-i-Khas,Reservoir,,
India,Q668,http://www.wikidata.org/entity/Q134880784,Agastya Lake,Reservoir,,
India,Q668,http://www.wikidata.org/entity/Q9357148,Teppam,Reservoir,,
India,Q668,http://www.wikidata.org/entity/Q12433880,Durga Kund,Reservoir,,
India,Q668,http://www.wikidata.org/entity/Q61065880,Vattamalai Karai Dam,Reservoir,,
India,Q668,http://www.wikidata.org/entity/Q97884968,Khan-i-Alam Bagh together with the new tank near the Taj Mahal,Reservoir,,
India,Q668,http://www.wikidata.org/entity/Q97884990,Tank near the Fatehpur Masjid,Reservoir,,
India,Q668,http://www.wikidata.org/entity/Q110146875,Kanchrapara Railway Water Tank,Reservoir,,
India,Q668,http://www.wikidata.org/entity/Q131354999,Rallapadu reservoir,Reservoir,,
India,Q668,http://www.wikidata.org/entity/Q131354982,Mopadu reservoir,Reservoir,,
India,Q668,http://www.wikidata.org/entity/Q131354983,Bhairavanithippa project,Reservoir,,
India,Q668,http://www.wikidata.org/entity/Q131354981,TGP subsidiary reservoir I,Reservoir,,
India,Q668,http://www.wikidata.org/entity/Q131354984,Araniar reservoir,Reservoir,,
India,Q668,http://www.wikidata.org/entity/Q131354986,Chagallu balancing reservoir,Reservoir,,
India,Q668,http://www.wikidata.org/entity/Q131354987,Gonelavagu reservoir,Reservoir,,
India,Q668,http://www.wikidata.org/entity/Q131354985,Upper pennar reservoir,Reservoir,,
India,Q668,http://www.wikidata.org/entity/Q131354990,Cherlopalli reservoir,Reservoir,,
India,Q668,http://www.wikidata.org/entity/Q131354991,Musurumilli reservoir,Reservoir,,
India,Q668,http://www.wikidata.org/entity/Q131354988,Gandipalem reservoir,Reservoir,,
India,Q668,http://www.wikidata.org/entity/Q131354989,Sarvepalli reservoir,Reservoir,,
India,Q668,http://www.wikidata.org/entity/Q131354994,Vengalraya sagaram reservoir,Reservoir,,
India,Q668,http://www.wikidata.org/entity/Q131354992,Vamikonda sagar reservoir,Reservoir,,
India,Q668,http://www.wikidata.org/entity/Q131354993,Ramatheertham balancing reservoir,Reservoir,,
India,Q668,http://www.wikidata.org/entity/Q131354995,Adavipalli reservoir,Reservoir,,
India,Q668,http://www.wikidata.org/entity/Q131354998,Pathikonda reservoir,Reservoir,,
India,Q668,http://www.wikidata.org/entity/Q131354996,Badvel tank,Reservoir,,
India,Q668,http://www.wikidata.org/entity/Q131354997,Sunkesula reservoir,Reservoir,,
India,Q668,http://www.wikidata.org/entity/Q131355002,Swarnamukhi reservoir,Reservoir,,
India,Q668,http://www.wikidata.org/entity/Q131355003,Srinivasapuram balancing reservoir,Reservoir,,
India,Q668,http://www.wikidata.org/entity/Q131355000,Tammileru reservoir,Reservoir,,
India,Q668,http://www.wikidata.org/entity/Q131355001,Peddagedda reservoir,Reservoir,,
India,Q668,http://www.wikidata.org/entity/Q131355006,Kalyani reservoir,Reservoir,,
India,Q668,http://www.wikidata.org/entity/Q131355005,Vattigedda reservoir,Reservoir,,
India,Q668,http://www.wikidata.org/entity/Q131355010,Nellore tank,Reservoir,,
India,Q668,http://www.wikidata.org/entity/Q131355011,Bhupatipalem reservoir,Reservoir,,
India,Q668,http://www.wikidata.org/entity/Q131355008,Maddileru reservoir,Reservoir,,
India,Q668,http://www.wikidata.org/entity/Q131355009,Konam reservoir,Reservoir,,
India,Q668,http://www.wikidata.org/entity/Q131355015,Buggavanka reservoir,Reservoir,,
India,Q668,http://www.wikidata.org/entity/Q131355012,Gotta reservoir,Reservoir,,
India,Q668,http://www.wikidata.org/entity/Q131355014,Jalleru reservoir,Reservoir,,
India,Q668,http://www.wikidata.org/entity/Q131355013,Veera raghavani reservoir,Reservoir,,
India,Q668,http://www.wikidata.org/entity/Q131355018,Sangam reservoir,Reservoir,,
India,Q668,http://www.wikidata.org/entity/Q131355017,Marala reservoir,Reservoir,,
India,Q668,http://www.wikidata.org/entity/Q131355016,Maddigedda reservoir,Reservoir,,
India,Q668,http://www.wikidata.org/entity/Q131355022,Bahuda reservoir,Reservoir,,
India,Q668,http://www.wikidata.org/entity/Q131355023,Varadarajaswamy gudi reservoir,Reservoir,,
India,Q668,http://www.wikidata.org/entity/Q131355020,Kovvada kalva reservoir,Reservoir,,
India,Q668,http://www.wikidata.org/entity/Q131355021,Pampa reservoir,Reservoir,,
India,Q668,http://www.wikidata.org/entity/Q131355026,Pincha reservoir,Reservoir,,
India,Q668,http://www.wikidata.org/entity/Q131355025,Pedderu reservoir,Reservoir,,
India,Q668,http://www.wikidata.org/entity/Q131355024,Paleru bitragunta anicut,Reservoir,,
India,Q668,http://www.wikidata.org/entity/Q131355030,Gaddamvaripalli reservoir,Reservoir,,
India,Q668,http://www.wikidata.org/entity/Q131355031,Surempalem reservoir,Reservoir,,
India,Q668,http://www.wikidata.org/entity/Q131355028,Yellanur reservoir,Reservoir,,
India,Q668,http://www.wikidata.org/entity/Q131355029,Thimmapuram reservoir,Reservoir,,
India,Q668,http://www.wikidata.org/entity/Q131355034,Subbareddy sagar,Reservoir,,
India,Q668,http://www.wikidata.org/entity/Q131355032,Jurreru reservoir,Reservoir,,
India,Q668,http://www.wikidata.org/entity/Q131355035,NTR reservoir,Reservoir,,
India,Q668,http://www.wikidata.org/entity/Q131355033,Kalangi reservoir,Reservoir,,
India,Q668,http://www.wikidata.org/entity/Q131355038,Krishnagiri reservoir,Reservoir,,
India,Q668,http://www.wikidata.org/entity/Q131355039,Kalingadal reservoir,Reservoir,,
India,Q668,http://www.wikidata.org/entity/Q131355036,Krishnapuram reservoir,Reservoir,,
India,Q668,http://www.wikidata.org/entity/Q131355037,Lower sagileru reservoir,Reservoir,,
India,Q668,http://www.wikidata.org/entity/Q131355042,Gajjiligedda reservoir,Reservoir,,
India,Q668,http://www.wikidata.org/entity/Q131355040,NTR Jalasayam,Reservoir,,
India,Q668,http://www.wikidata.org/entity/Q131355041,Damodaram sagaram,Reservoir,,
France,Q142,http://www.wikidata.org/entity/Q29123583,Q29123583,Reservoir,,
France,Q142,http://www.wikidata.org/entity/Q29123616,Q29123616,Reservoir,,
France,Q142,http://www.wikidata.org/entity/Q29111144,Q29111144,Reservoir,,
France,Q142,http://www.wikidata.org/entity/Q29111928,Q29111928,Reservoir,,
France,Q142,http://www.wikidata.org/entity/Q29114074,Q29114074,Reservoir,,
France,Q142,http://www.wikidata.org/entity/Q29126369,Q29126369,Reservoir,,
France,Q142,http://www.wikidata.org/entity/Q29114055,Q29114055,Reservoir,,
France,Q142,http://www.wikidata.org/entity/Q29111258,Q29111258,Reservoir,,
France,Q142,http://www.wikidata.org/entity/Q29114516,Q29114516,Reservoir,,
France,Q142,http://www.wikidata.org/entity/Q29111868,Q29111868,Reservoir,,
France,Q142,http://www.wikidata.org/entity/Q29112333,Q29112333,Reservoir,,
France,Q142,http://www.wikidata.org/entity/Q29112524,Q29112524,Reservoir,,
France,Q142,http://www.wikidata.org/entity/Q29112570,Q29112570,Reservoir,,
France,Q142,http://www.wikidata.org/entity/Q29113685,Q29113685,Reservoir,,
France,Q142,http://www.wikidata.org/entity/Q29114587,Q29114587,Reservoir,,
France,Q142,http://www.wikidata.org/entity/Q29114710,Q29114710,Reservoir,,
France,Q142,http://www.wikidata.org/entity/Q29114709,Q29114709,Reservoir,,
France,Q142,http://www.wikidata.org/entity/Q29115110,Q29115110,Reservoir,,
France,Q142,http://www.wikidata.org/entity/Q29115167,Q29115167,Reservoir,,
France,Q142,http://www.wikidata.org/entity/Q29115222,Q29115222,Reservoir,,
France,Q142,http://www.wikidata.org/entity/Q29115764,Q29115764,Reservoir,,
France,Q142,http://www.wikidata.org/entity/Q29115788,Q29115788,Reservoir,,
France,Q142,http://www.wikidata.org/entity/Q29115798,Q29115798,Reservoir,,
France,Q142,http://www.wikidata.org/entity/Q29115889,Q29115889,Reservoir,,
France,Q142,http://www.wikidata.org/entity/Q29116007,Q29116007,Reservoir,,
France,Q142,http://www.wikidata.org/entity/Q29116028,Q29116028,Reservoir,,
France,Q142,http://www.wikidata.org/entity/Q29116064,Q29116064,Reservoir,,
France,Q142,http://www.wikidata.org/entity/Q29116211,Q29116211,Reservoir,,
France,Q142,http://www.wikidata.org/entity/Q29116532,Q29116532,Reservoir,,
France,Q142,http://www.wikidata.org/entity/Q29116591,Q29116591,Reservoir,,
France,Q142,http://www.wikidata.org/entity/Q29116727,Q29116727,Reservoir,,
France,Q142,http://www.wikidata.org/entity/Q29118306,Q29118306,Reservoir,,
France,Q142,http://www.wikidata.org/entity/Q29119278,Q29119278,Reservoir,,
France,Q142,http://www.wikidata.org/entity/Q29119322,Q29119322,Reservoir,,
France,Q142,http://www.wikidata.org/entity/Q29121372,Q29121372,Reservoir,,
France,Q142,http://www.wikidata.org/entity/Q29122867,Q29122867,Reservoir,,
France,Q142,http://www.wikidata.org/entity/Q29123375,Q29123375,Reservoir,,
France,Q142,http://www.wikidata.org/entity/Q29123488,Q29123488,Reservoir,,
France,Q142,http://www.wikidata.org/entity/Q29123562,Q29123562,Reservoir,,
France,Q142,http://www.wikidata.org/entity/Q29123872,Q29123872,Reservoir,,
France,Q142,http://www.wikidata.org/entity/Q29123999,Q29123999,Reservoir,,
France,Q142,http://www.wikidata.org/entity/Q29124413,Q29124413,Reservoir,,
France,Q142,http://www.wikidata.org/entity/Q29124458,Q29124458,Reservoir,,
France,Q142,http://www.wikidata.org/entity/Q29124706,Q29124706,Reservoir,,
France,Q142,http://www.wikidata.org/entity/Q29124740,Q29124740,Reservoir,,
France,Q142,http://www.wikidata.org/entity/Q29124773,Q29124773,Reservoir,,
France,Q142,http://www.wikidata.org/entity/Q29124943,Q29124943,Reservoir,,
France,Q142,http://www.wikidata.org/entity/Q29125331,Q29125331,Reservoir,,
France,Q142,http://www.wikidata.org/entity/Q29125732,Q29125732,Reservoir,,
France,Q142,http://www.wikidata.org/entity/Q29125919,Q29125919,Reservoir,,
France,Q142,http://www.wikidata.org/entity/Q29126012,Q29126012,Reservoir,,
France,Q142,http://www.wikidata.org/entity/Q29126339,Q29126339,Reservoir,,
France,Q142,http://www.wikidata.org/entity/Q29126366,Q29126366,Reservoir,,
France,Q142,http://www.wikidata.org/entity/Q29126417,Q29126417,Reservoir,,
France,Q142,http://www.wikidata.org/entity/Q29126438,Q29126438,Reservoir,,
France,Q142,http://www.wikidata.org/entity/Q29126568,Q29126568,Reservoir,,
France,Q142,http://www.wikidata.org/entity/Q29126965,Q29126965,Reservoir,,
France,Q142,http://www.wikidata.org/entity/Q29127085,Q29127085,Reservoir,,
France,Q142,http://www.wikidata.org/entity/Q29127099,Q29127099,Reservoir,,
France,Q142,http://www.wikidata.org/entity/Q29127165,Q29127165,Reservoir,,
France,Q142,http://www.wikidata.org/entity/Q29127303,Q29127303,Reservoir,,
France,Q142,http://www.wikidata.org/entity/Q29129207,Q29129207,Reservoir,,
France,Q142,http://www.wikidata.org/entity/Q29129242,Q29129242,Reservoir,,
France,Q142,http://www.wikidata.org/entity/Q29112226,"Baptismal fonts of Cathédrale Notre-Dame, Strasbourg",Reservoir,,
France,Q142,http://www.wikidata.org/entity/Q29112736,"Baptismal fonts of Saint Cyriaque Church, Altorf",Reservoir,,
France,Q142,http://www.wikidata.org/entity/Q29116622,Baptismal font of Église Saint-Martin de Carignan-de-Bordeaux,Reservoir,,
France,Q142,http://www.wikidata.org/entity/Q29112474,"Baptismal fonts of Église Saint-Pierre-et-Saint-Paul, Neuwiller-lès-Saverne",Reservoir,,
France,Q142,http://www.wikidata.org/entity/Q29111162,"Baptismal fonts of Église Saint-Martin de Dachstein, Bas-Rhin",Reservoir,,
France,Q142,http://www.wikidata.org/entity/Q29111097,Baptismal fonts of Église Saint-Michel de Nordhouse,Reservoir,,
France,Q142,http://www.wikidata.org/entity/Q29177124,Q29177124,Reservoir,,
France,Q142,http://www.wikidata.org/entity/Q29177205,Q29177205,Reservoir,,
France,Q142,http://www.wikidata.org/entity/Q29177368,Q29177368,Reservoir,,
France,Q142,http://www.wikidata.org/entity/Q29178096,Q29178096,Reservoir,,
France,Q142,http://www.wikidata.org/entity/Q29178137,Q29178137,Reservoir,,
France,Q142,http://www.wikidata.org/entity/Q29178226,Q29178226,Reservoir,,
France,Q142,http://www.wikidata.org/entity/Q29178309,Q29178309,Reservoir,,
France,Q142,http://www.wikidata.org/entity/Q29178386,Q29178386,Reservoir,,
France,Q142,http://www.wikidata.org/entity/Q29179777,Q29179777,Reservoir,,
France,Q142,http://www.wikidata.org/entity/Q29179475,Q29179475,Reservoir,,
France,Q142,http://www.wikidata.org/entity/Q29179567,Q29179567,Reservoir,,
France,Q142,http://www.wikidata.org/entity/Q29179811,Q29179811,Reservoir,,
France,Q142,http://www.wikidata.org/entity/Q29180481,Q29180481,Reservoir,,
France,Q142,http://www.wikidata.org/entity/Q29180504,Q29180504,Reservoir,,
France,Q142,http://www.wikidata.org/entity/Q29180577,Q29180577,Reservoir,,
France,Q142,http://www.wikidata.org/entity/Q29180772,Q29180772,Reservoir,,
France,Q142,http://www.wikidata.org/entity/Q29180797,Q29180797,Reservoir,,
France,Q142,http://www.wikidata.org/entity/Q29180815,Q29180815,Reservoir,,
France,Q142,http://www.wikidata.org/entity/Q29180852,Q29180852,Reservoir,,
France,Q142,http://www.wikidata.org/entity/Q29180919,Q29180919,Reservoir,,
France,Q142,http://www.wikidata.org/entity/Q29180933,Q29180933,Reservoir,,
France,Q142,http://www.wikidata.org/entity/Q29180943,Q29180943,Reservoir,,
France,Q142,http://www.wikidata.org/entity/Q29180961,Q29180961,Reservoir,,
France,Q142,http://www.wikidata.org/entity/Q29181086,Q29181086,Reservoir,,
France,Q142,http://www.wikidata.org/entity/Q29181115,Q29181115,Reservoir,,
France,Q142,http://www.wikidata.org/entity/Q29181481,Q29181481,Reservoir,,
France,Q142,http://www.wikidata.org/entity/Q29181730,Q29181730,Reservoir,,
France,Q142,http://www.wikidata.org/entity/Q29181761,Q29181761,Reservoir,,
France,Q142,http://www.wikidata.org/entity/Q29182005,Q29182005,Reservoir,,
France,Q142,http://www.wikidata.org/entity/Q29182182,Q29182182,Reservoir,,
France,Q142,http://www.wikidata.org/entity/Q29178619,Q29178619,Reservoir,,
France,Q142,http://www.wikidata.org/entity/Q29176329,Q29176329,Reservoir,,
France,Q142,http://www.wikidata.org/entity/Q29176391,Q29176391,Reservoir,,
France,Q142,http://www.wikidata.org/entity/Q29176400,Q29176400,Reservoir,,
France,Q142,http://www.wikidata.org/entity/Q29176417,Q29176417,Reservoir,,
France,Q142,http://www.wikidata.org/entity/Q29176423,Q29176423,Reservoir,,
France,Q142,http://www.wikidata.org/entity/Q29176433,Q29176433,Reservoir,,
France,Q142,http://www.wikidata.org/entity/Q29176437,Q29176437,Reservoir,,
France,Q142,http://www.wikidata.org/entity/Q29176452,Q29176452,Reservoir,,
France,Q142,http://www.wikidata.org/entity/Q29176458,Q29176458,Reservoir,,
France,Q142,http://www.wikidata.org/entity/Q29176464,Q29176464,Reservoir,,
France,Q142,http://www.wikidata.org/entity/Q29176494,Q29176494,Reservoir,,
France,Q142,http://www.wikidata.org/entity/Q29176577,Q29176577,Reservoir,,
France,Q142,http://www.wikidata.org/entity/Q29176603,Q29176603,Reservoir,,
France,Q142,http://www.wikidata.org/entity/Q29176627,Q29176627,Reservoir,,
France,Q142,http://www.wikidata.org/entity/Q29176625,Q29176625,Reservoir,,
France,Q142,http://www.wikidata.org/entity/Q29176638,Q29176638,Reservoir,,
France,Q142,http://www.wikidata.org/entity/Q29176637,Q29176637,Reservoir,,
France,Q142,http://www.wikidata.org/entity/Q29176662,Q29176662,Reservoir,,
France,Q142,http://www.wikidata.org/entity/Q29176684,Q29176684,Reservoir,,
France,Q142,http://www.wikidata.org/entity/Q29176689,Q29176689,Reservoir,,
France,Q142,http://www.wikidata.org/entity/Q29176702,Q29176702,Reservoir,,
France,Q142,http://www.wikidata.org/entity/Q29176700,Q29176700,Reservoir,,
France,Q142,http://www.wikidata.org/entity/Q29176710,Q29176710,Reservoir,,
France,Q142,http://www.wikidata.org/entity/Q29176711,Q29176711,Reservoir,,
France,Q142,http://www.wikidata.org/entity/Q29176719,Q29176719,Reservoir,,
France,Q142,http://www.wikidata.org/entity/Q29176716,Q29176716,Reservoir,,
France,Q142,http://www.wikidata.org/entity/Q29176720,Q29176720,Reservoir,,
France,Q142,http://www.wikidata.org/entity/Q29176746,Q29176746,Reservoir,,
France,Q142,http://www.wikidata.org/entity/Q29176750,Q29176750,Reservoir,,
France,Q142,http://www.wikidata.org/entity/Q29176751,Q29176751,Reservoir,,
France,Q142,http://www.wikidata.org/entity/Q29176753,Q29176753,Reservoir,,
France,Q142,http://www.wikidata.org/entity/Q29176784,Q29176784,Reservoir,,
France,Q142,http://www.wikidata.org/entity/Q29176801,Q29176801,Reservoir,,
France,Q142,http://www.wikidata.org/entity/Q29176828,Q29176828,Reservoir,,
France,Q142,http://www.wikidata.org/entity/Q29176850,Q29176850,Reservoir,,
France,Q142,http://www.wikidata.org/entity/Q29176918,Q29176918,Reservoir,,
France,Q142,http://www.wikidata.org/entity/Q29176921,Q29176921,Reservoir,,
France,Q142,http://www.wikidata.org/entity/Q29176972,Q29176972,Reservoir,,
France,Q142,http://www.wikidata.org/entity/Q29177035,Q29177035,Reservoir,,
France,Q142,http://www.wikidata.org/entity/Q29177074,Q29177074,Reservoir,,
France,Q142,http://www.wikidata.org/entity/Q29177091,Q29177091,Reservoir,,
France,Q142,http://www.wikidata.org/entity/Q29177441,Q29177441,Reservoir,,
France,Q142,http://www.wikidata.org/entity/Q29177446,Q29177446,Reservoir,,
France,Q142,http://www.wikidata.org/entity/Q29178063,Q29178063,Reservoir,,
France,Q142,http://www.wikidata.org/entity/Q29178070,Q29178070,Reservoir,,
France,Q142,http://www.wikidata.org/entity/Q29178315,Q29178315,Reservoir,,
France,Q142,http://www.wikidata.org/entity/Q29178948,Q29178948,Reservoir,,
France,Q142,http://www.wikidata.org/entity/Q29178958,Q29178958,Reservoir,,
France,Q142,http://www.wikidata.org/entity/Q29179448,Q29179448,Reservoir,,
France,Q142,http://www.wikidata.org/entity/Q29179751,Q29179751,Reservoir,,
France,Q142,http://www.wikidata.org/entity/Q29179765,Q29179765,Reservoir,,
France,Q142,http://www.wikidata.org/entity/Q29179888,Q29179888,Reservoir,,
France,Q142,http://www.wikidata.org/entity/Q29179909,Q29179909,Reservoir,,
France,Q142,http://www.wikidata.org/entity/Q29179985,Q29179985,Reservoir,,
France,Q142,http://www.wikidata.org/entity/Q29179993,Q29179993,Reservoir,,
France,Q142,http://www.wikidata.org/entity/Q29180108,Q29180108,Reservoir,,
France,Q142,http://www.wikidata.org/entity/Q29180119,Q29180119,Reservoir,,
France,Q142,http://www.wikidata.org/entity/Q29180195,Q29180195,Reservoir,,
France,Q142,http://www.wikidata.org/entity/Q29180290,Q29180290,Reservoir,,
France,Q142,http://www.wikidata.org/entity/Q29180813,Q29180813,Reservoir,,
France,Q142,http://www.wikidata.org/entity/Q29180883,Q29180883,Reservoir,,
France,Q142,http://www.wikidata.org/entity/Q29180891,Q29180891,Reservoir,,
France,Q142,http://www.wikidata.org/entity/Q29181230,Q29181230,Reservoir,,
France,Q142,http://www.wikidata.org/entity/Q29181265,Q29181265,Reservoir,,
France,Q142,http://www.wikidata.org/entity/Q29181522,Q29181522,Reservoir,,
France,Q142,http://www.wikidata.org/entity/Q29181527,Q29181527,Reservoir,,
France,Q142,http://www.wikidata.org/entity/Q29181620,Q29181620,Reservoir,,
France,Q142,http://www.wikidata.org/entity/Q29181799,Q29181799,Reservoir,,
France,Q142,http://www.wikidata.org/entity/Q29181956,Q29181956,Reservoir,,
France,Q142,http://www.wikidata.org/entity/Q29131032,Q29131032,Reservoir,,
France,Q142,http://www.wikidata.org/entity/Q29131335,Q29131335,Reservoir,,
France,Q142,http://www.wikidata.org/entity/Q29132178,Q29132178,Reservoir,,
France,Q142,http://www.wikidata.org/entity/Q29137616,Q29137616,Reservoir,,
France,Q142,http://www.wikidata.org/entity/Q29139029,Q29139029,Reservoir,,
France,Q142,http://www.wikidata.org/entity/Q29139446,Q29139446,Reservoir,,
France,Q142,http://www.wikidata.org/entity/Q29133033,Q29133033,Reservoir,,
France,Q142,http://www.wikidata.org/entity/Q29131527,Q29131527,Reservoir,,
France,Q142,http://www.wikidata.org/entity/Q29137721,Q29137721,Reservoir,,
France,Q142,http://www.wikidata.org/entity/Q29131756,Q29131756,Reservoir,,
France,Q142,http://www.wikidata.org/entity/Q29135912,Q29135912,Reservoir,,
France,Q142,http://www.wikidata.org/entity/Q29137905,Q29137905,Reservoir,,
France,Q142,http://www.wikidata.org/entity/Q29138015,Q29138015,Reservoir,,
France,Q142,http://www.wikidata.org/entity/Q29138774,Q29138774,Reservoir,,
France,Q142,http://www.wikidata.org/entity/Q29131244,Q29131244,Reservoir,,
France,Q142,http://www.wikidata.org/entity/Q29131631,Q29131631,Reservoir,,
France,Q142,http://www.wikidata.org/entity/Q29132276,Q29132276,Reservoir,,
France,Q142,http://www.wikidata.org/entity/Q29132430,Q29132430,Reservoir,,
France,Q142,http://www.wikidata.org/entity/Q29130698,Q29130698,Reservoir,,
France,Q142,http://www.wikidata.org/entity/Q29131330,Q29131330,Reservoir,,
France,Q142,http://www.wikidata.org/entity/Q29131866,Q29131866,Reservoir,,
France,Q142,http://www.wikidata.org/entity/Q29132244,Q29132244,Reservoir,,
France,Q142,http://www.wikidata.org/entity/Q29135805,Q29135805,Reservoir,,
France,Q142,http://www.wikidata.org/entity/Q29139073,Q29139073,Reservoir,,
France,Q142,http://www.wikidata.org/entity/Q29139044,Q29139044,Reservoir,,
France,Q142,http://www.wikidata.org/entity/Q29139608,Q29139608,Reservoir,,
France,Q142,http://www.wikidata.org/entity/Q29132240,Q29132240,Reservoir,,
France,Q142,http://www.wikidata.org/entity/Q29139466,Q29139466,Reservoir,,
France,Q142,http://www.wikidata.org/entity/Q29129244,Q29129244,Reservoir,,
France,Q142,http://www.wikidata.org/entity/Q29129271,Q29129271,Reservoir,,
France,Q142,http://www.wikidata.org/entity/Q29129268,Q29129268,Reservoir,,
France,Q142,http://www.wikidata.org/entity/Q29129394,Q29129394,Reservoir,,
France,Q142,http://www.wikidata.org/entity/Q29129413,Q29129413,Reservoir,,
France,Q142,http://www.wikidata.org/entity/Q29129455,Q29129455,Reservoir,,
France,Q142,http://www.wikidata.org/entity/Q29129503,Q29129503,Reservoir,,
France,Q142,http://www.wikidata.org/entity/Q29129540,Q29129540,Reservoir,,
France,Q142,http://www.wikidata.org/entity/Q29129582,Q29129582,Reservoir,,
France,Q142,http://www.wikidata.org/entity/Q29129585,Q29129585,Reservoir,,
France,Q142,http://www.wikidata.org/entity/Q29129610,Q29129610,Reservoir,,
France,Q142,http://www.wikidata.org/entity/Q29129718,Q29129718,Reservoir,,
France,Q142,http://www.wikidata.org/entity/Q29129787,Q29129787,Reservoir,,
France,Q142,http://www.wikidata.org/entity/Q29129835,Q29129835,Reservoir,,
France,Q142,http://www.wikidata.org/entity/Q29129993,Q29129993,Reservoir,,
France,Q142,http://www.wikidata.org/entity/Q29130294,Q29130294,Reservoir,,
France,Q142,http://www.wikidata.org/entity/Q29130306,Q29130306,Reservoir,,
France,Q142,http://www.wikidata.org/entity/Q29130975,Q29130975,Reservoir,,
France,Q142,http://www.wikidata.org/entity/Q29131041,Q29131041,Reservoir,,
France,Q142,http://www.wikidata.org/entity/Q29131249,Q29131249,Reservoir,,
France,Q142,http://www.wikidata.org/entity/Q29131338,Q29131338,Reservoir,,
France,Q142,http://www.wikidata.org/entity/Q29131368,Q29131368,Reservoir,,
France,Q142,http://www.wikidata.org/entity/Q29131493,Q29131493,Reservoir,,
France,Q142,http://www.wikidata.org/entity/Q29131658,Q29131658,Reservoir,,
France,Q142,http://www.wikidata.org/entity/Q29132192,Q29132192,Reservoir,,
France,Q142,http://www.wikidata.org/entity/Q29132481,Q29132481,Reservoir,,
France,Q142,http://www.wikidata.org/entity/Q29132550,Q29132550,Reservoir,,
France,Q142,http://www.wikidata.org/entity/Q29132621,Q29132621,Reservoir,,
France,Q142,http://www.wikidata.org/entity/Q29132718,Q29132718,Reservoir,,
France,Q142,http://www.wikidata.org/entity/Q29132733,Q29132733,Reservoir,,
France,Q142,http://www.wikidata.org/entity/Q29132782,Q29132782,Reservoir,,
France,Q142,http://www.wikidata.org/entity/Q29132793,Q29132793,Reservoir,,
France,Q142,http://www.wikidata.org/entity/Q29133118,Q29133118,Reservoir,,
France,Q142,http://www.wikidata.org/entity/Q29133139,Q29133139,Reservoir,,
France,Q142,http://www.wikidata.org/entity/Q29133495,Q29133495,Reservoir,,
France,Q142,http://www.wikidata.org/entity/Q29133526,Q29133526,Reservoir,,
France,Q142,http://www.wikidata.org/entity/Q29133605,Q29133605,Reservoir,,
France,Q142,http://www.wikidata.org/entity/Q29133885,Q29133885,Reservoir,,
France,Q142,http://www.wikidata.org/entity/Q29133965,Q29133965,Reservoir,,
France,Q142,http://www.wikidata.org/entity/Q29135171,Q29135171,Reservoir,,
France,Q142,http://www.wikidata.org/entity/Q29135323,Q29135323,Reservoir,,
France,Q142,http://www.wikidata.org/entity/Q29135986,Q29135986,Reservoir,,
France,Q142,http://www.wikidata.org/entity/Q29136131,Q29136131,Reservoir,,
France,Q142,http://www.wikidata.org/entity/Q29136142,Q29136142,Reservoir,,
France,Q142,http://www.wikidata.org/entity/Q29136525,Q29136525,Reservoir,,
France,Q142,http://www.wikidata.org/entity/Q29136556,Q29136556,Reservoir,,
France,Q142,http://www.wikidata.org/entity/Q29136561,Q29136561,Reservoir,,
France,Q142,http://www.wikidata.org/entity/Q29136603,Q29136603,Reservoir,,
France,Q142,http://www.wikidata.org/entity/Q29136762,Q29136762,Reservoir,,
France,Q142,http://www.wikidata.org/entity/Q29137718,Q29137718,Reservoir,,
France,Q142,http://www.wikidata.org/entity/Q29137829,Q29137829,Reservoir,,
France,Q142,http://www.wikidata.org/entity/Q29137889,Q29137889,Reservoir,,
France,Q142,http://www.wikidata.org/entity/Q29138201,Q29138201,Reservoir,,
France,Q142,http://www.wikidata.org/entity/Q29138238,Q29138238,Reservoir,,
France,Q142,http://www.wikidata.org/entity/Q29138258,Q29138258,Reservoir,,
France,Q142,http://www.wikidata.org/entity/Q29138332,Q29138332,Reservoir,,
France,Q142,http://www.wikidata.org/entity/Q29138339,Q29138339,Reservoir,,
France,Q142,http://www.wikidata.org/entity/Q29138657,Q29138657,Reservoir,,
France,Q142,http://www.wikidata.org/entity/Q29139328,Q29139328,Reservoir,,
France,Q142,http://www.wikidata.org/entity/Q29131937,baptismal font,Reservoir,,
France,Q142,http://www.wikidata.org/entity/Q29182321,Q29182321,Reservoir,,
France,Q142,http://www.wikidata.org/entity/Q29185032,Q29185032,Reservoir,,
France,Q142,http://www.wikidata.org/entity/Q29183418,Q29183418,Reservoir,,
France,Q142,http://www.wikidata.org/entity/Q29190521,Q29190521,Reservoir,,
France,Q142,http://www.wikidata.org/entity/Q29190839,Q29190839,Reservoir,,
France,Q142,http://www.wikidata.org/entity/Q29183908,Q29183908,Reservoir,,
France,Q142,http://www.wikidata.org/entity/Q29183292,Q29183292,Reservoir,,
France,Q142,http://www.wikidata.org/entity/Q29182422,Q29182422,Reservoir,,
France,Q142,http://www.wikidata.org/entity/Q29182457,Q29182457,Reservoir,,
France,Q142,http://www.wikidata.org/entity/Q29182596,Q29182596,Reservoir,,
France,Q142,http://www.wikidata.org/entity/Q29182973,Q29182973,Reservoir,,
France,Q142,http://www.wikidata.org/entity/Q29183086,Q29183086,Reservoir,,
France,Q142,http://www.wikidata.org/entity/Q29183087,Q29183087,Reservoir,,
France,Q142,http://www.wikidata.org/entity/Q29183269,Q29183269,Reservoir,,
France,Q142,http://www.wikidata.org/entity/Q29183335,Q29183335,Reservoir,,
France,Q142,http://www.wikidata.org/entity/Q29183333,Q29183333,Reservoir,,
France,Q142,http://www.wikidata.org/entity/Q29183429,Q29183429,Reservoir,,
France,Q142,http://www.wikidata.org/entity/Q29183446,Q29183446,Reservoir,,
France,Q142,http://www.wikidata.org/entity/Q29183490,Q29183490,Reservoir,,
France,Q142,http://www.wikidata.org/entity/Q29183512,Q29183512,Reservoir,,
France,Q142,http://www.wikidata.org/entity/Q29183559,Q29183559,Reservoir,,
France,Q142,http://www.wikidata.org/entity/Q29183567,Q29183567,Reservoir,,
France,Q142,http://www.wikidata.org/entity/Q29183739,Q29183739,Reservoir,,
France,Q142,http://www.wikidata.org/entity/Q29183758,Q29183758,Reservoir,,
France,Q142,http://www.wikidata.org/entity/Q29183762,Q29183762,Reservoir,,
France,Q142,http://www.wikidata.org/entity/Q29183856,Q29183856,Reservoir,,
France,Q142,http://www.wikidata.org/entity/Q29183933,Q29183933,Reservoir,,
France,Q142,http://www.wikidata.org/entity/Q29183949,Q29183949,Reservoir,,
France,Q142,http://www.wikidata.org/entity/Q29184239,Q29184239,Reservoir,,
France,Q142,http://www.wikidata.org/entity/Q29184319,Q29184319,Reservoir,,
France,Q142,http://www.wikidata.org/entity/Q29184378,Q29184378,Reservoir,,
France,Q142,http://www.wikidata.org/entity/Q29184410,Q29184410,Reservoir,,
France,Q142,http://www.wikidata.org/entity/Q29184617,Q29184617,Reservoir,,
France,Q142,http://www.wikidata.org/entity/Q29184641,Q29184641,Reservoir,,
France,Q142,http://www.wikidata.org/entity/Q29185056,Q29185056,Reservoir,,
France,Q142,http://www.wikidata.org/entity/Q29185099,Q29185099,Reservoir,,
France,Q142,http://www.wikidata.org/entity/Q29185102,Q29185102,Reservoir,,
France,Q142,http://www.wikidata.org/entity/Q29185107,Q29185107,Reservoir,,
France,Q142,http://www.wikidata.org/entity/Q29185133,Q29185133,Reservoir,,
France,Q142,http://www.wikidata.org/entity/Q29185198,Q29185198,Reservoir,,
France,Q142,http://www.wikidata.org/entity/Q29185216,Q29185216,Reservoir,,
France,Q142,http://www.wikidata.org/entity/Q29185234,Q29185234,Reservoir,,
France,Q142,http://www.wikidata.org/entity/Q29185258,Q29185258,Reservoir,,
France,Q142,http://www.wikidata.org/entity/Q29185346,Q29185346,Reservoir,,
France,Q142,http://www.wikidata.org/entity/Q29185371,Q29185371,Reservoir,,
France,Q142,http://www.wikidata.org/entity/Q29185554,Q29185554,Reservoir,,
France,Q142,http://www.wikidata.org/entity/Q29185563,Q29185563,Reservoir,,
France,Q142,http://www.wikidata.org/entity/Q29185795,Q29185795,Reservoir,,
France,Q142,http://www.wikidata.org/entity/Q29185884,Q29185884,Reservoir,,
France,Q142,http://www.wikidata.org/entity/Q29185982,Q29185982,Reservoir,,
France,Q142,http://www.wikidata.org/entity/Q29186008,Q29186008,Reservoir,,
France,Q142,http://www.wikidata.org/entity/Q29186021,Q29186021,Reservoir,,
France,Q142,http://www.wikidata.org/entity/Q29186042,Q29186042,Reservoir,,
France,Q142,http://www.wikidata.org/entity/Q29186167,Q29186167,Reservoir,,
France,Q142,http://www.wikidata.org/entity/Q29186234,Q29186234,Reservoir,,
France,Q142,http://www.wikidata.org/entity/Q29186420,Q29186420,Reservoir,,
France,Q142,http://www.wikidata.org/entity/Q29186549,Q29186549,Reservoir,,
France,Q142,http://www.wikidata.org/entity/Q29186698,Q29186698,Reservoir,,
France,Q142,http://www.wikidata.org/entity/Q29186859,Q29186859,Reservoir,,
France,Q142,http://www.wikidata.org/entity/Q29186975,Q29186975,Reservoir,,
France,Q142,http://www.wikidata.org/entity/Q29187059,Q29187059,Reservoir,,
France,Q142,http://www.wikidata.org/entity/Q29187212,Q29187212,Reservoir,,
France,Q142,http://www.wikidata.org/entity/Q29187428,Q29187428,Reservoir,,
France,Q142,http://www.wikidata.org/entity/Q29187478,Q29187478,Reservoir,,
France,Q142,http://www.wikidata.org/entity/Q29187549,Q29187549,Reservoir,,
France,Q142,http://www.wikidata.org/entity/Q29187579,Q29187579,Reservoir,,
France,Q142,http://www.wikidata.org/entity/Q29187628,Q29187628,Reservoir,,
France,Q142,http://www.wikidata.org/entity/Q29187751,Q29187751,Reservoir,,
France,Q142,http://www.wikidata.org/entity/Q29187947,Q29187947,Reservoir,,
France,Q142,http://www.wikidata.org/entity/Q29187953,Q29187953,Reservoir,,
France,Q142,http://www.wikidata.org/entity/Q29187963,Q29187963,Reservoir,,
France,Q142,http://www.wikidata.org/entity/Q29187976,Q29187976,Reservoir,,
France,Q142,http://www.wikidata.org/entity/Q29188088,Q29188088,Reservoir,,
France,Q142,http://www.wikidata.org/entity/Q29188385,Q29188385,Reservoir,,
France,Q142,http://www.wikidata.org/entity/Q29188520,Q29188520,Reservoir,,
France,Q142,http://www.wikidata.org/entity/Q29188627,Q29188627,Reservoir,,
France,Q142,http://www.wikidata.org/entity/Q29188761,Q29188761,Reservoir,,
France,Q142,http://www.wikidata.org/entity/Q29189130,Q29189130,Reservoir,,
France,Q142,http://www.wikidata.org/entity/Q29189429,Q29189429,Reservoir,,
France,Q142,http://www.wikidata.org/entity/Q29189463,Q29189463,Reservoir,,
France,Q142,http://www.wikidata.org/entity/Q29189494,Q29189494,Reservoir,,
France,Q142,http://www.wikidata.org/entity/Q29189493,Q29189493,Reservoir,,
France,Q142,http://www.wikidata.org/entity/Q29189616,Q29189616,Reservoir,,
France,Q142,http://www.wikidata.org/entity/Q29189781,Q29189781,Reservoir,,
France,Q142,http://www.wikidata.org/entity/Q29189868,Q29189868,Reservoir,,
France,Q142,http://www.wikidata.org/entity/Q29190025,Q29190025,Reservoir,,
France,Q142,http://www.wikidata.org/entity/Q29190071,Q29190071,Reservoir,,
France,Q142,http://www.wikidata.org/entity/Q29190143,Q29190143,Reservoir,,
France,Q142,http://www.wikidata.org/entity/Q29190181,Q29190181,Reservoir,,
France,Q142,http://www.wikidata.org/entity/Q29190234,Q29190234,Reservoir,,
France,Q142,http://www.wikidata.org/entity/Q29190264,Q29190264,Reservoir,,
France,Q142,http://www.wikidata.org/entity/Q29190271,Q29190271,Reservoir,,
France,Q142,http://www.wikidata.org/entity/Q29190268,Q29190268,Reservoir,,
France,Q142,http://www.wikidata.org/entity/Q29190432,Q29190432,Reservoir,,
France,Q142,http://www.wikidata.org/entity/Q29190463,Q29190463,Reservoir,,
France,Q142,http://www.wikidata.org/entity/Q29190469,Q29190469,Reservoir,,
France,Q142,http://www.wikidata.org/entity/Q29190517,Q29190517,Reservoir,,
France,Q142,http://www.wikidata.org/entity/Q29190603,Q29190603,Reservoir,,
France,Q142,http://www.wikidata.org/entity/Q29190811,Q29190811,Reservoir,,
France,Q142,http://www.wikidata.org/entity/Q29190861,Q29190861,Reservoir,,
France,Q142,http://www.wikidata.org/entity/Q29197989,Q29197989,Reservoir,,
France,Q142,http://www.wikidata.org/entity/Q29203448,Q29203448,Reservoir,,
France,Q142,http://www.wikidata.org/entity/Q29198943,Q29198943,Reservoir,,
France,Q142,http://www.wikidata.org/entity/Q29194650,Q29194650,Reservoir,,
France,Q142,http://www.wikidata.org/entity/Q29202829,Q29202829,Reservoir,,
France,Q142,http://www.wikidata.org/entity/Q29203015,Q29203015,Reservoir,,
France,Q142,http://www.wikidata.org/entity/Q29203250,Q29203250,Reservoir,,
France,Q142,http://www.wikidata.org/entity/Q29191421,Q29191421,Reservoir,,
France,Q142,http://www.wikidata.org/entity/Q29203959,Q29203959,Reservoir,,
France,Q142,http://www.wikidata.org/entity/Q29190951,Q29190951,Reservoir,,
France,Q142,http://www.wikidata.org/entity/Q29190990,Q29190990,Reservoir,,
France,Q142,http://www.wikidata.org/entity/Q29191125,Q29191125,Reservoir,,
France,Q142,http://www.wikidata.org/entity/Q29191204,Q29191204,Reservoir,,
France,Q142,http://www.wikidata.org/entity/Q29191272,Q29191272,Reservoir,,
France,Q142,http://www.wikidata.org/entity/Q29191497,Q29191497,Reservoir,,
France,Q142,http://www.wikidata.org/entity/Q29191522,Q29191522,Reservoir,,
France,Q142,http://www.wikidata.org/entity/Q29191547,Q29191547,Reservoir,,
France,Q142,http://www.wikidata.org/entity/Q29191649,Q29191649,Reservoir,,
France,Q142,http://www.wikidata.org/entity/Q29191672,Q29191672,Reservoir,,
France,Q142,http://www.wikidata.org/entity/Q29191776,Q29191776,Reservoir,,
France,Q142,http://www.wikidata.org/entity/Q29192403,Q29192403,Reservoir,,
France,Q142,http://www.wikidata.org/entity/Q29192461,Q29192461,Reservoir,,
France,Q142,http://www.wikidata.org/entity/Q29193297,Q29193297,Reservoir,,
France,Q142,http://www.wikidata.org/entity/Q29193314,Q29193314,Reservoir,,
France,Q142,http://www.wikidata.org/entity/Q29193703,Q29193703,Reservoir,,
France,Q142,http://www.wikidata.org/entity/Q29193758,Q29193758,Reservoir,,
France,Q142,http://www.wikidata.org/entity/Q29193819,Q29193819,Reservoir,,
France,Q142,http://www.wikidata.org/entity/Q29193926,Q29193926,Reservoir,,
France,Q142,http://www.wikidata.org/entity/Q29194076,Q29194076,Reservoir,,
France,Q142,http://www.wikidata.org/entity/Q29194297,Q29194297,Reservoir,,
France,Q142,http://www.wikidata.org/entity/Q29194303,Q29194303,Reservoir,,
France,Q142,http://www.wikidata.org/entity/Q29194316,Q29194316,Reservoir,,
France,Q142,http://www.wikidata.org/entity/Q29194546,Q29194546,Reservoir,,
France,Q142,http://www.wikidata.org/entity/Q29194645,Q29194645,Reservoir,,
France,Q142,http://www.wikidata.org/entity/Q29194667,Q29194667,Reservoir,,
France,Q142,http://www.wikidata.org/entity/Q29195929,Q29195929,Reservoir,,
France,Q142,http://www.wikidata.org/entity/Q29195986,Q29195986,Reservoir,,
France,Q142,http://www.wikidata.org/entity/Q29196226,Q29196226,Reservoir,,
France,Q142,http://www.wikidata.org/entity/Q29196302,Q29196302,Reservoir,,
France,Q142,http://www.wikidata.org/entity/Q29196404,Q29196404,Reservoir,,
France,Q142,http://www.wikidata.org/entity/Q29196851,Q29196851,Reservoir,,
France,Q142,http://www.wikidata.org/entity/Q29197453,Q29197453,Reservoir,,
France,Q142,http://www.wikidata.org/entity/Q29197580,Q29197580,Reservoir,,
France,Q142,http://www.wikidata.org/entity/Q29197581,Q29197581,Reservoir,,
France,Q142,http://www.wikidata.org/entity/Q29198062,Q29198062,Reservoir,,
France,Q142,http://www.wikidata.org/entity/Q29198088,Q29198088,Reservoir,,
France,Q142,http://www.wikidata.org/entity/Q29198120,Q29198120,Reservoir,,
France,Q142,http://www.wikidata.org/entity/Q29198173,Q29198173,Reservoir,,
France,Q142,http://www.wikidata.org/entity/Q29198378,Q29198378,Reservoir,,
France,Q142,http://www.wikidata.org/entity/Q29198443,Q29198443,Reservoir,,
France,Q142,http://www.wikidata.org/entity/Q29198488,Q29198488,Reservoir,,
France,Q142,http://www.wikidata.org/entity/Q29199091,Q29199091,Reservoir,,
France,Q142,http://www.wikidata.org/entity/Q29199321,Q29199321,Reservoir,,
France,Q142,http://www.wikidata.org/entity/Q29199371,Q29199371,Reservoir,,
France,Q142,http://www.wikidata.org/entity/Q29199425,Q29199425,Reservoir,,
France,Q142,http://www.wikidata.org/entity/Q29199451,Q29199451,Reservoir,,
France,Q142,http://www.wikidata.org/entity/Q29199477,Q29199477,Reservoir,,
France,Q142,http://www.wikidata.org/entity/Q29199514,Q29199514,Reservoir,,
France,Q142,http://www.wikidata.org/entity/Q29199544,Q29199544,Reservoir,,
France,Q142,http://www.wikidata.org/entity/Q29199819,Q29199819,Reservoir,,
France,Q142,http://www.wikidata.org/entity/Q29199933,Q29199933,Reservoir,,
France,Q142,http://www.wikidata.org/entity/Q29200121,Q29200121,Reservoir,,
France,Q142,http://www.wikidata.org/entity/Q29200228,Q29200228,Reservoir,,
France,Q142,http://www.wikidata.org/entity/Q29200296,Q29200296,Reservoir,,
France,Q142,http://www.wikidata.org/entity/Q29200354,Q29200354,Reservoir,,
France,Q142,http://www.wikidata.org/entity/Q29200361,Q29200361,Reservoir,,
France,Q142,http://www.wikidata.org/entity/Q29200709,Q29200709,Reservoir,,
France,Q142,http://www.wikidata.org/entity/Q29200765,Q29200765,Reservoir,,
France,Q142,http://www.wikidata.org/entity/Q29200849,Q29200849,Reservoir,,
France,Q142,http://www.wikidata.org/entity/Q29200862,Q29200862,Reservoir,,
France,Q142,http://www.wikidata.org/entity/Q29200909,Q29200909,Reservoir,,
France,Q142,http://www.wikidata.org/entity/Q29200938,Q29200938,Reservoir,,
France,Q142,http://www.wikidata.org/entity/Q29201064,Q29201064,Reservoir,,
France,Q142,http://www.wikidata.org/entity/Q29201453,Q29201453,Reservoir,,
France,Q142,http://www.wikidata.org/entity/Q29201685,Q29201685,Reservoir,,
France,Q142,http://www.wikidata.org/entity/Q29201773,Q29201773,Reservoir,,
France,Q142,http://www.wikidata.org/entity/Q29202096,Q29202096,Reservoir,,
France,Q142,http://www.wikidata.org/entity/Q29202149,Q29202149,Reservoir,,
France,Q142,http://www.wikidata.org/entity/Q29202159,Q29202159,Reservoir,,
France,Q142,http://www.wikidata.org/entity/Q29202211,Q29202211,Reservoir,,
France,Q142,http://www.wikidata.org/entity/Q29202246,Q29202246,Reservoir,,
France,Q142,http://www.wikidata.org/entity/Q29202354,Q29202354,Reservoir,,
France,Q142,http://www.wikidata.org/entity/Q29202416,Q29202416,Reservoir,,
France,Q142,http://www.wikidata.org/entity/Q29202614,Q29202614,Reservoir,,
France,Q142,http://www.wikidata.org/entity/Q29202615,Q29202615,Reservoir,,
France,Q142,http://www.wikidata.org/entity/Q29202656,Q29202656,Reservoir,,
France,Q142,http://www.wikidata.org/entity/Q29202664,Q29202664,Reservoir,,
France,Q142,http://www.wikidata.org/entity/Q29202714,Q29202714,Reservoir,,
France,Q142,http://www.wikidata.org/entity/Q29202828,Q29202828,Reservoir,,
France,Q142,http://www.wikidata.org/entity/Q29202944,Q29202944,Reservoir,,
France,Q142,http://www.wikidata.org/entity/Q29203175,Q29203175,Reservoir,,
France,Q142,http://www.wikidata.org/entity/Q29203683,Q29203683,Reservoir,,
France,Q142,http://www.wikidata.org/entity/Q29203684,Q29203684,Reservoir,,
France,Q142,http://www.wikidata.org/entity/Q29203700,Q29203700,Reservoir,,
France,Q142,http://www.wikidata.org/entity/Q29203715,Q29203715,Reservoir,,
France,Q142,http://www.wikidata.org/entity/Q29203917,Q29203917,Reservoir,,
France,Q142,http://www.wikidata.org/entity/Q29203945,Q29203945,Reservoir,,
France,Q142,http://www.wikidata.org/entity/Q29203984,Q29203984,Reservoir,,
France,Q142,http://www.wikidata.org/entity/Q29204010,Q29204010,Reservoir,,
France,Q142,http://www.wikidata.org/entity/Q29201873,Baptismal fonts of Église Saint-Symphorien de Gy,Reservoir,,
France,Q142,http://www.wikidata.org/entity/Q29139715,Q29139715,Reservoir,,
France,Q142,http://www.wikidata.org/entity/Q29139820,Q29139820,Reservoir,,
France,Q142,http://www.wikidata.org/entity/Q29140260,Q29140260,Reservoir,,
France,Q142,http://www.wikidata.org/entity/Q29140268,Q29140268,Reservoir,,
France,Q142,http://www.wikidata.org/entity/Q29140733,Q29140733,Reservoir,,
France,Q142,http://www.wikidata.org/entity/Q29141031,Q29141031,Reservoir,,
France,Q142,http://www.wikidata.org/entity/Q29141252,Q29141252,Reservoir,,
France,Q142,http://www.wikidata.org/entity/Q29142673,Q29142673,Reservoir,,
France,Q142,http://www.wikidata.org/entity/Q29141523,Q29141523,Reservoir,,
France,Q142,http://www.wikidata.org/entity/Q29141531,Q29141531,Reservoir,,
France,Q142,http://www.wikidata.org/entity/Q29142689,Q29142689,Reservoir,,
France,Q142,http://www.wikidata.org/entity/Q29143490,Q29143490,Reservoir,,
France,Q142,http://www.wikidata.org/entity/Q29145531,Q29145531,Reservoir,,
France,Q142,http://www.wikidata.org/entity/Q29144975,Q29144975,Reservoir,,
France,Q142,http://www.wikidata.org/entity/Q29146859,Q29146859,Reservoir,,
France,Q142,http://www.wikidata.org/entity/Q29145849,Q29145849,Reservoir,,
France,Q142,http://www.wikidata.org/entity/Q29147179,Q29147179,Reservoir,,
France,Q142,http://www.wikidata.org/entity/Q29147864,Q29147864,Reservoir,,
France,Q142,http://www.wikidata.org/entity/Q29146862,Q29146862,Reservoir,,
France,Q142,http://www.wikidata.org/entity/Q29145040,Q29145040,Reservoir,,
France,Q142,http://www.wikidata.org/entity/Q29145163,Q29145163,Reservoir,,
France,Q142,http://www.wikidata.org/entity/Q29139793,Q29139793,Reservoir,,
France,Q142,http://www.wikidata.org/entity/Q29139802,Q29139802,Reservoir,,
France,Q142,http://www.wikidata.org/entity/Q29139916,Q29139916,Reservoir,,
France,Q142,http://www.wikidata.org/entity/Q29140118,Q29140118,Reservoir,,
France,Q142,http://www.wikidata.org/entity/Q29140135,Q29140135,Reservoir,,
France,Q142,http://www.wikidata.org/entity/Q29140153,Q29140153,Reservoir,,
France,Q142,http://www.wikidata.org/entity/Q29140235,Q29140235,Reservoir,,
France,Q142,http://www.wikidata.org/entity/Q29140245,Q29140245,Reservoir,,
France,Q142,http://www.wikidata.org/entity/Q29140742,Q29140742,Reservoir,,
France,Q142,http://www.wikidata.org/entity/Q29140743,Q29140743,Reservoir,,
France,Q142,http://www.wikidata.org/entity/Q29140759,Q29140759,Reservoir,,
France,Q142,http://www.wikidata.org/entity/Q29140818,Q29140818,Reservoir,,
France,Q142,http://www.wikidata.org/entity/Q29140991,Q29140991,Reservoir,,
France,Q142,http://www.wikidata.org/entity/Q29141021,Q29141021,Reservoir,,
France,Q142,http://www.wikidata.org/entity/Q29141131,Q29141131,Reservoir,,
France,Q142,http://www.wikidata.org/entity/Q29141172,Q29141172,Reservoir,,
France,Q142,http://www.wikidata.org/entity/Q29141187,Q29141187,Reservoir,,
France,Q142,http://www.wikidata.org/entity/Q29141294,Q29141294,Reservoir,,
France,Q142,http://www.wikidata.org/entity/Q29141333,Q29141333,Reservoir,,
France,Q142,http://www.wikidata.org/entity/Q29141399,Q29141399,Reservoir,,
France,Q142,http://www.wikidata.org/entity/Q29141412,Q29141412,Reservoir,,
France,Q142,http://www.wikidata.org/entity/Q29141422,Q29141422,Reservoir,,
France,Q142,http://www.wikidata.org/entity/Q29141471,Q29141471,Reservoir,,
France,Q142,http://www.wikidata.org/entity/Q29141468,Q29141468,Reservoir,,
France,Q142,http://www.wikidata.org/entity/Q29141514,Q29141514,Reservoir,,
France,Q142,http://www.wikidata.org/entity/Q29141517,Q29141517,Reservoir,,
France,Q142,http://www.wikidata.org/entity/Q29141529,Q29141529,Reservoir,,
France,Q142,http://www.wikidata.org/entity/Q29141573,Q29141573,Reservoir,,
France,Q142,http://www.wikidata.org/entity/Q29141742,Q29141742,Reservoir,,
France,Q142,http://www.wikidata.org/entity/Q29142464,Q29142464,Reservoir,,
France,Q142,http://www.wikidata.org/entity/Q29142666,Q29142666,Reservoir,,
France,Q142,http://www.wikidata.org/entity/Q29142692,Q29142692,Reservoir,,
France,Q142,http://www.wikidata.org/entity/Q29142828,Q29142828,Reservoir,,
France,Q142,http://www.wikidata.org/entity/Q29142904,Q29142904,Reservoir,,
France,Q142,http://www.wikidata.org/entity/Q29142985,Q29142985,Reservoir,,
France,Q142,http://www.wikidata.org/entity/Q29143319,Q29143319,Reservoir,,
France,Q142,http://www.wikidata.org/entity/Q29143374,Q29143374,Reservoir,,
France,Q142,http://www.wikidata.org/entity/Q29143379,Q29143379,Reservoir,,
France,Q142,http://www.wikidata.org/entity/Q29143577,Q29143577,Reservoir,,
France,Q142,http://www.wikidata.org/entity/Q29143602,Q29143602,Reservoir,,
France,Q142,http://www.wikidata.org/entity/Q29143779,Q29143779,Reservoir,,
France,Q142,http://www.wikidata.org/entity/Q29143780,Q29143780,Reservoir,,
France,Q142,http://www.wikidata.org/entity/Q29144383,Q29144383,Reservoir,,
France,Q142,http://www.wikidata.org/entity/Q29144433,Q29144433,Reservoir,,
France,Q142,http://www.wikidata.org/entity/Q29144898,Q29144898,Reservoir,,
France,Q142,http://www.wikidata.org/entity/Q29145092,Q29145092,Reservoir,,
France,Q142,http://www.wikidata.org/entity/Q29145121,Q29145121,Reservoir,,
France,Q142,http://www.wikidata.org/entity/Q29145314,Q29145314,Reservoir,,
France,Q142,http://www.wikidata.org/entity/Q29145855,Q29145855,Reservoir,,
France,Q142,http://www.wikidata.org/entity/Q29145946,Q29145946,Reservoir,,
France,Q142,http://www.wikidata.org/entity/Q29145979,Q29145979,Reservoir,,
France,Q142,http://www.wikidata.org/entity/Q29146190,Q29146190,Reservoir,,
France,Q142,http://www.wikidata.org/entity/Q29146188,Q29146188,Reservoir,,
France,Q142,http://www.wikidata.org/entity/Q29146189,Q29146189,Reservoir,,
France,Q142,http://www.wikidata.org/entity/Q29146273,Q29146273,Reservoir,,
France,Q142,http://www.wikidata.org/entity/Q29146287,Q29146287,Reservoir,,
France,Q142,http://www.wikidata.org/entity/Q29146362,Q29146362,Reservoir,,
France,Q142,http://www.wikidata.org/entity/Q29146445,Q29146445,Reservoir,,
France,Q142,http://www.wikidata.org/entity/Q29146451,Q29146451,Reservoir,,
France,Q142,http://www.wikidata.org/entity/Q29146454,Q29146454,Reservoir,,
France,Q142,http://www.wikidata.org/entity/Q29146457,Q29146457,Reservoir,,
France,Q142,http://www.wikidata.org/entity/Q29146476,Q29146476,Reservoir,,
France,Q142,http://www.wikidata.org/entity/Q29146554,Q29146554,Reservoir,,
France,Q142,http://www.wikidata.org/entity/Q29146555,Q29146555,Reservoir,,
France,Q142,http://www.wikidata.org/entity/Q29146831,Q29146831,Reservoir,,
France,Q142,http://www.wikidata.org/entity/Q29146871,Q29146871,Reservoir,,
France,Q142,http://www.wikidata.org/entity/Q29146911,Q29146911,Reservoir,,
France,Q142,http://www.wikidata.org/entity/Q29146959,Q29146959,Reservoir,,
France,Q142,http://www.wikidata.org/entity/Q29146973,Q29146973,Reservoir,,
France,Q142,http://www.wikidata.org/entity/Q29147124,Q29147124,Reservoir,,
France,Q142,http://www.wikidata.org/entity/Q29147147,Q29147147,Reservoir,,
France,Q142,http://www.wikidata.org/entity/Q29147223,Q29147223,Reservoir,,
France,Q142,http://www.wikidata.org/entity/Q29147227,Q29147227,Reservoir,,
France,Q142,http://www.wikidata.org/entity/Q29147318,Q29147318,Reservoir,,
France,Q142,http://www.wikidata.org/entity/Q29147370,Q29147370,Reservoir,,
France,Q142,http://www.wikidata.org/entity/Q29147657,Q29147657,Reservoir,,
France,Q142,http://www.wikidata.org/entity/Q29147859,Q29147859,Reservoir,,
France,Q142,http://www.wikidata.org/entity/Q29147783,Stoup of Abbatiale Saint-Magloire de Léhon,Reservoir,,
France,Q142,http://www.wikidata.org/entity/Q29296056,Q29296056,Reservoir,,
France,Q142,http://www.wikidata.org/entity/Q29294000,Q29294000,Reservoir,,
France,Q142,http://www.wikidata.org/entity/Q29294184,Q29294184,Reservoir,,
France,Q142,http://www.wikidata.org/entity/Q29294540,Q29294540,Reservoir,,
France,Q142,http://www.wikidata.org/entity/Q29294232,Q29294232,Reservoir,,
France,Q142,http://www.wikidata.org/entity/Q29294720,Q29294720,Reservoir,,
France,Q142,http://www.wikidata.org/entity/Q29293686,Q29293686,Reservoir,,
France,Q142,http://www.wikidata.org/entity/Q29296478,Q29296478,Reservoir,,
France,Q142,http://www.wikidata.org/entity/Q29293616,Q29293616,Reservoir,,
France,Q142,http://www.wikidata.org/entity/Q29293746,Q29293746,Reservoir,,
France,Q142,http://www.wikidata.org/entity/Q29293859,Q29293859,Reservoir,,
France,Q142,http://www.wikidata.org/entity/Q29293961,Q29293961,Reservoir,,
France,Q142,http://www.wikidata.org/entity/Q29293986,Q29293986,Reservoir,,
France,Q142,http://www.wikidata.org/entity/Q29294114,Q29294114,Reservoir,,
France,Q142,http://www.wikidata.org/entity/Q29294120,Q29294120,Reservoir,,
France,Q142,http://www.wikidata.org/entity/Q29294187,Q29294187,Reservoir,,
France,Q142,http://www.wikidata.org/entity/Q29294215,Q29294215,Reservoir,,
France,Q142,http://www.wikidata.org/entity/Q29294216,Q29294216,Reservoir,,
France,Q142,http://www.wikidata.org/entity/Q29294220,Q29294220,Reservoir,,
France,Q142,http://www.wikidata.org/entity/Q29294285,Q29294285,Reservoir,,
France,Q142,http://www.wikidata.org/entity/Q29294307,Q29294307,Reservoir,,
France,Q142,http://www.wikidata.org/entity/Q29294330,Q29294330,Reservoir,,
France,Q142,http://www.wikidata.org/entity/Q29294331,Q29294331,Reservoir,,
France,Q142,http://www.wikidata.org/entity/Q29294339,Q29294339,Reservoir,,
France,Q142,http://www.wikidata.org/entity/Q29294368,Q29294368,Reservoir,,
France,Q142,http://www.wikidata.org/entity/Q29294398,Q29294398,Reservoir,,
France,Q142,http://www.wikidata.org/entity/Q29294403,Q29294403,Reservoir,,
France,Q142,http://www.wikidata.org/entity/Q29294406,Q29294406,Reservoir,,
France,Q142,http://www.wikidata.org/entity/Q29294430,Q29294430,Reservoir,,
France,Q142,http://www.wikidata.org/entity/Q29294457,Q29294457,Reservoir,,
France,Q142,http://www.wikidata.org/entity/Q29294554,Q29294554,Reservoir,,
France,Q142,http://www.wikidata.org/entity/Q29294562,Q29294562,Reservoir,,
France,Q142,http://www.wikidata.org/entity/Q29294571,Q29294571,Reservoir,,
France,Q142,http://www.wikidata.org/entity/Q29294576,Q29294576,Reservoir,,
France,Q142,http://www.wikidata.org/entity/Q29294611,Q29294611,Reservoir,,
France,Q142,http://www.wikidata.org/entity/Q29294613,Q29294613,Reservoir,,
France,Q142,http://www.wikidata.org/entity/Q29294645,Q29294645,Reservoir,,
France,Q142,http://www.wikidata.org/entity/Q29294665,Q29294665,Reservoir,,
France,Q142,http://www.wikidata.org/entity/Q29294694,Q29294694,Reservoir,,
France,Q142,http://www.wikidata.org/entity/Q29294746,Q29294746,Reservoir,,
France,Q142,http://www.wikidata.org/entity/Q29294744,Q29294744,Reservoir,,
France,Q142,http://www.wikidata.org/entity/Q29294752,Q29294752,Reservoir,,
France,Q142,http://www.wikidata.org/entity/Q29294792,Q29294792,Reservoir,,
France,Q142,http://www.wikidata.org/entity/Q29294797,Q29294797,Reservoir,,
France,Q142,http://www.wikidata.org/entity/Q29294804,Q29294804,Reservoir,,
France,Q142,http://www.wikidata.org/entity/Q29294811,Q29294811,Reservoir,,
France,Q142,http://www.wikidata.org/entity/Q29294866,Q29294866,Reservoir,,
France,Q142,http://www.wikidata.org/entity/Q29294874,Q29294874,Reservoir,,
France,Q142,http://www.wikidata.org/entity/Q29294898,Q29294898,Reservoir,,
France,Q142,http://www.wikidata.org/entity/Q29294931,Q29294931,Reservoir,,
France,Q142,http://www.wikidata.org/entity/Q29294929,Q29294929,Reservoir,,
France,Q142,http://www.wikidata.org/entity/Q29294968,Q29294968,Reservoir,,
France,Q142,http://www.wikidata.org/entity/Q29294987,Q29294987,Reservoir,,
France,Q142,http://www.wikidata.org/entity/Q29295040,Q29295040,Reservoir,,
France,Q142,http://www.wikidata.org/entity/Q29295054,Q29295054,Reservoir,,
France,Q142,http://www.wikidata.org/entity/Q29295069,Q29295069,Reservoir,,
France,Q142,http://www.wikidata.org/entity/Q29295075,Q29295075,Reservoir,,
France,Q142,http://www.wikidata.org/entity/Q29295073,Q29295073,Reservoir,,
France,Q142,http://www.wikidata.org/entity/Q29295089,Q29295089,Reservoir,,
France,Q142,http://www.wikidata.org/entity/Q29295125,Q29295125,Reservoir,,
France,Q142,http://www.wikidata.org/entity/Q29295136,Q29295136,Reservoir,,
France,Q142,http://www.wikidata.org/entity/Q29295142,Q29295142,Reservoir,,
France,Q142,http://www.wikidata.org/entity/Q29295172,Q29295172,Reservoir,,
France,Q142,http://www.wikidata.org/entity/Q29295182,Q29295182,Reservoir,,
France,Q142,http://www.wikidata.org/entity/Q29295198,Q29295198,Reservoir,,
France,Q142,http://www.wikidata.org/entity/Q29295209,Q29295209,Reservoir,,
France,Q142,http://www.wikidata.org/entity/Q29295251,Q29295251,Reservoir,,
France,Q142,http://www.wikidata.org/entity/Q29295309,Q29295309,Reservoir,,
France,Q142,http://www.wikidata.org/entity/Q29295316,Q29295316,Reservoir,,
France,Q142,http://www.wikidata.org/entity/Q29295321,Q29295321,Reservoir,,
France,Q142,http://www.wikidata.org/entity/Q29295354,Q29295354,Reservoir,,
France,Q142,http://www.wikidata.org/entity/Q29295352,Q29295352,Reservoir,,
France,Q142,http://www.wikidata.org/entity/Q29295368,Q29295368,Reservoir,,
France,Q142,http://www.wikidata.org/entity/Q29295369,Q29295369,Reservoir,,
France,Q142,http://www.wikidata.org/entity/Q29295410,Q29295410,Reservoir,,
France,Q142,http://www.wikidata.org/entity/Q29295418,Q29295418,Reservoir,,
France,Q142,http://www.wikidata.org/entity/Q29295422,Q29295422,Reservoir,,
France,Q142,http://www.wikidata.org/entity/Q29295435,Q29295435,Reservoir,,
France,Q142,http://www.wikidata.org/entity/Q29295479,Q29295479,Reservoir,,
France,Q142,http://www.wikidata.org/entity/Q29295561,Q29295561,Reservoir,,
France,Q142,http://www.wikidata.org/entity/Q29295587,Q29295587,Reservoir,,
France,Q142,http://www.wikidata.org/entity/Q29295607,Q29295607,Reservoir,,
France,Q142,http://www.wikidata.org/entity/Q29295634,Q29295634,Reservoir,,
France,Q142,http://www.wikidata.org/entity/Q29295652,Q29295652,Reservoir,,
France,Q142,http://www.wikidata.org/entity/Q29295659,Q29295659,Reservoir,,
France,Q142,http://www.wikidata.org/entity/Q29295679,Q29295679,Reservoir,,
France,Q142,http://www.wikidata.org/entity/Q29295699,Q29295699,Reservoir,,
France,Q142,http://www.wikidata.org/entity/Q29295714,Q29295714,Reservoir,,
France,Q142,http://www.wikidata.org/entity/Q29295718,Q29295718,Reservoir,,
France,Q142,http://www.wikidata.org/entity/Q29295750,Q29295750,Reservoir,,
France,Q142,http://www.wikidata.org/entity/Q29295767,Q29295767,Reservoir,,
France,Q142,http://www.wikidata.org/entity/Q29295792,Q29295792,Reservoir,,
France,Q142,http://www.wikidata.org/entity/Q29295802,Q29295802,Reservoir,,
France,Q142,http://www.wikidata.org/entity/Q29295838,Q29295838,Reservoir,,
France,Q142,http://www.wikidata.org/entity/Q29295871,Q29295871,Reservoir,,
France,Q142,http://www.wikidata.org/entity/Q29296082,Q29296082,Reservoir,,
France,Q142,http://www.wikidata.org/entity/Q29296081,Q29296081,Reservoir,,
France,Q142,http://www.wikidata.org/entity/Q29296100,Q29296100,Reservoir,,
France,Q142,http://www.wikidata.org/entity/Q29296142,Q29296142,Reservoir,,
France,Q142,http://www.wikidata.org/entity/Q29296443,Q29296443,Reservoir,,
France,Q142,http://www.wikidata.org/entity/Q29204577,Q29204577,Reservoir,,
France,Q142,http://www.wikidata.org/entity/Q29206654,Q29206654,Reservoir,,
France,Q142,http://www.wikidata.org/entity/Q29206967,Q29206967,Reservoir,,
France,Q142,http://www.wikidata.org/entity/Q29206950,Q29206950,Reservoir,,
France,Q142,http://www.wikidata.org/entity/Q29205208,Q29205208,Reservoir,,
France,Q142,http://www.wikidata.org/entity/Q29206697,Q29206697,Reservoir,,
France,Q142,http://www.wikidata.org/entity/Q29204020,Q29204020,Reservoir,,
France,Q142,http://www.wikidata.org/entity/Q29204025,Q29204025,Reservoir,,
France,Q142,http://www.wikidata.org/entity/Q29204031,Q29204031,Reservoir,,
France,Q142,http://www.wikidata.org/entity/Q29204082,Q29204082,Reservoir,,
France,Q142,http://www.wikidata.org/entity/Q29204135,Q29204135,Reservoir,,
France,Q142,http://www.wikidata.org/entity/Q29204208,Q29204208,Reservoir,,
France,Q142,http://www.wikidata.org/entity/Q29204216,Q29204216,Reservoir,,
France,Q142,http://www.wikidata.org/entity/Q29204249,Q29204249,Reservoir,,
France,Q142,http://www.wikidata.org/entity/Q29204265,Q29204265,Reservoir,,
France,Q142,http://www.wikidata.org/entity/Q29204284,Q29204284,Reservoir,,
France,Q142,http://www.wikidata.org/entity/Q29204385,Q29204385,Reservoir,,
France,Q142,http://www.wikidata.org/entity/Q29204406,Q29204406,Reservoir,,
France,Q142,http://www.wikidata.org/entity/Q29204437,Q29204437,Reservoir,,
France,Q142,http://www.wikidata.org/entity/Q29204500,Q29204500,Reservoir,,
France,Q142,http://www.wikidata.org/entity/Q29204547,Q29204547,Reservoir,,
France,Q142,http://www.wikidata.org/entity/Q29204590,Q29204590,Reservoir,,
France,Q142,http://www.wikidata.org/entity/Q29204601,Q29204601,Reservoir,,
France,Q142,http://www.wikidata.org/entity/Q29204623,Q29204623,Reservoir,,
France,Q142,http://www.wikidata.org/entity/Q29205125,Q29205125,Reservoir,,
France,Q142,http://www.wikidata.org/entity/Q29205376,Q29205376,Reservoir,,
France,Q142,http://www.wikidata.org/entity/Q29205447,Q29205447,Reservoir,,
France,Q142,http://www.wikidata.org/entity/Q29205458,Q29205458,Reservoir,,
France,Q142,http://www.wikidata.org/entity/Q29205479,Q29205479,Reservoir,,
France,Q142,http://www.wikidata.org/entity/Q29205528,Q29205528,Reservoir,,
France,Q142,http://www.wikidata.org/entity/Q29205537,Q29205537,Reservoir,,
France,Q142,http://www.wikidata.org/entity/Q29205552,Q29205552,Reservoir,,
France,Q142,http://www.wikidata.org/entity/Q29205585,Q29205585,Reservoir,,
France,Q142,http://www.wikidata.org/entity/Q29205591,Q29205591,Reservoir,,
France,Q142,http://www.wikidata.org/entity/Q29205659,Q29205659,Reservoir,,
France,Q142,http://www.wikidata.org/entity/Q29205664,Q29205664,Reservoir,,
France,Q142,http://www.wikidata.org/entity/Q29205697,Q29205697,Reservoir,,
France,Q142,http://www.wikidata.org/entity/Q29205706,Q29205706,Reservoir,,
France,Q142,http://www.wikidata.org/entity/Q29205800,Q29205800,Reservoir,,
France,Q142,http://www.wikidata.org/entity/Q29205809,Q29205809,Reservoir,,
France,Q142,http://www.wikidata.org/entity/Q29205832,Q29205832,Reservoir,,
France,Q142,http://www.wikidata.org/entity/Q29205989,Q29205989,Reservoir,,
France,Q142,http://www.wikidata.org/entity/Q29206018,Q29206018,Reservoir,,
France,Q142,http://www.wikidata.org/entity/Q29206025,Q29206025,Reservoir,,
France,Q142,http://www.wikidata.org/entity/Q29206200,Q29206200,Reservoir,,
France,Q142,http://www.wikidata.org/entity/Q29206293,Q29206293,Reservoir,,
France,Q142,http://www.wikidata.org/entity/Q29206375,Q29206375,Reservoir,,
France,Q142,http://www.wikidata.org/entity/Q29206410,Q29206410,Reservoir,,
France,Q142,http://www.wikidata.org/entity/Q29206497,Q29206497,Reservoir,,
France,Q142,http://www.wikidata.org/entity/Q29206505,Q29206505,Reservoir,,
France,Q142,http://www.wikidata.org/entity/Q29206582,Q29206582,Reservoir,,
France,Q142,http://www.wikidata.org/entity/Q29206612,Q29206612,Reservoir,,
France,Q142,http://www.wikidata.org/entity/Q29206630,Q29206630,Reservoir,,
France,Q142,http://www.wikidata.org/entity/Q29206680,Q29206680,Reservoir,,
France,Q142,http://www.wikidata.org/entity/Q29206851,Q29206851,Reservoir,,
France,Q142,http://www.wikidata.org/entity/Q29206849,Q29206849,Reservoir,,
France,Q142,http://www.wikidata.org/entity/Q29206920,Q29206920,Reservoir,,
France,Q142,http://www.wikidata.org/entity/Q29207156,Q29207156,Reservoir,,
France,Q142,http://www.wikidata.org/entity/Q29207218,Q29207218,Reservoir,,
France,Q142,http://www.wikidata.org/entity/Q29207229,Q29207229,Reservoir,,
France,Q142,http://www.wikidata.org/entity/Q29207235,Q29207235,Reservoir,,
France,Q142,http://www.wikidata.org/entity/Q29207267,Q29207267,Reservoir,,
France,Q142,http://www.wikidata.org/entity/Q29207311,Q29207311,Reservoir,,
France,Q142,http://www.wikidata.org/entity/Q29207395,Q29207395,Reservoir,,
France,Q142,http://www.wikidata.org/entity/Q29207407,Q29207407,Reservoir,,
France,Q142,http://www.wikidata.org/entity/Q29207426,Q29207426,Reservoir,,
France,Q142,http://www.wikidata.org/entity/Q29207449,Q29207449,Reservoir,,
France,Q142,http://www.wikidata.org/entity/Q29207518,Q29207518,Reservoir,,
France,Q142,http://www.wikidata.org/entity/Q29207524,Q29207524,Reservoir,,
France,Q142,http://www.wikidata.org/entity/Q29207573,Q29207573,Reservoir,,
France,Q142,http://www.wikidata.org/entity/Q29207576,Q29207576,Reservoir,,
France,Q142,http://www.wikidata.org/entity/Q29207581,Q29207581,Reservoir,,
France,Q142,http://www.wikidata.org/entity/Q29207617,Q29207617,Reservoir,,
France,Q142,http://www.wikidata.org/entity/Q29207687,Q29207687,Reservoir,,
France,Q142,http://www.wikidata.org/entity/Q29207684,Q29207684,Reservoir,,
France,Q142,http://www.wikidata.org/entity/Q29207685,Q29207685,Reservoir,,
France,Q142,http://www.wikidata.org/entity/Q29207688,Q29207688,Reservoir,,
France,Q142,http://www.wikidata.org/entity/Q29207720,Q29207720,Reservoir,,
France,Q142,http://www.wikidata.org/entity/Q29207791,Q29207791,Reservoir,,
France,Q142,http://www.wikidata.org/entity/Q29207840,Q29207840,Reservoir,,
France,Q142,http://www.wikidata.org/entity/Q29207841,Q29207841,Reservoir,,
France,Q142,http://www.wikidata.org/entity/Q29207844,Q29207844,Reservoir,,
France,Q142,http://www.wikidata.org/entity/Q29207898,Q29207898,Reservoir,,
France,Q142,http://www.wikidata.org/entity/Q29207932,Q29207932,Reservoir,,
France,Q142,http://www.wikidata.org/entity/Q29207982,Q29207982,Reservoir,,
France,Q142,http://www.wikidata.org/entity/Q29207985,Q29207985,Reservoir,,
France,Q142,http://www.wikidata.org/entity/Q29208001,Q29208001,Reservoir,,
France,Q142,http://www.wikidata.org/entity/Q29208284,Q29208284,Reservoir,,
France,Q142,http://www.wikidata.org/entity/Q29208331,Q29208331,Reservoir,,
France,Q142,http://www.wikidata.org/entity/Q29208338,Q29208338,Reservoir,,
France,Q142,http://www.wikidata.org/entity/Q29208392,Q29208392,Reservoir,,
France,Q142,http://www.wikidata.org/entity/Q29208408,Q29208408,Reservoir,,
France,Q142,http://www.wikidata.org/entity/Q29208413,Q29208413,Reservoir,,
France,Q142,http://www.wikidata.org/entity/Q29208418,Q29208418,Reservoir,,
France,Q142,http://www.wikidata.org/entity/Q29208419,Q29208419,Reservoir,,
France,Q142,http://www.wikidata.org/entity/Q29208436,Q29208436,Reservoir,,
France,Q142,http://www.wikidata.org/entity/Q29208454,Q29208454,Reservoir,,
France,Q142,http://www.wikidata.org/entity/Q29208474,Q29208474,Reservoir,,
France,Q142,http://www.wikidata.org/entity/Q29208484,Q29208484,Reservoir,,
France,Q142,http://www.wikidata.org/entity/Q29149680,Q29149680,Reservoir,,
France,Q142,http://www.wikidata.org/entity/Q29150157,Q29150157,Reservoir,,
France,Q142,http://www.wikidata.org/entity/Q29150697,Q29150697,Reservoir,,
France,Q142,http://www.wikidata.org/entity/Q29151392,Q29151392,Reservoir,,
France,Q142,http://www.wikidata.org/entity/Q29152672,Q29152672,Reservoir,,
France,Q142,http://www.wikidata.org/entity/Q29157299,Q29157299,Reservoir,,
France,Q142,http://www.wikidata.org/entity/Q29159486,Q29159486,Reservoir,,
France,Q142,http://www.wikidata.org/entity/Q29148908,Q29148908,Reservoir,,
France,Q142,http://www.wikidata.org/entity/Q29152976,Q29152976,Reservoir,,
France,Q142,http://www.wikidata.org/entity/Q29149667,Q29149667,Reservoir,,
France,Q142,http://www.wikidata.org/entity/Q29149833,Q29149833,Reservoir,,
France,Q142,http://www.wikidata.org/entity/Q29149921,Q29149921,Reservoir,,
France,Q142,http://www.wikidata.org/entity/Q29153288,Q29153288,Reservoir,,
France,Q142,http://www.wikidata.org/entity/Q29154739,Q29154739,Reservoir,,
France,Q142,http://www.wikidata.org/entity/Q29158440,Q29158440,Reservoir,,
France,Q142,http://www.wikidata.org/entity/Q29154045,Q29154045,Reservoir,,
France,Q142,http://www.wikidata.org/entity/Q29159426,Q29159426,Reservoir,,
France,Q142,http://www.wikidata.org/entity/Q29154694,Q29154694,Reservoir,,
France,Q142,http://www.wikidata.org/entity/Q29159787,Q29159787,Reservoir,,
France,Q142,http://www.wikidata.org/entity/Q29159732,Q29159732,Reservoir,,
France,Q142,http://www.wikidata.org/entity/Q29160016,Q29160016,Reservoir,,
France,Q142,http://www.wikidata.org/entity/Q29155266,Q29155266,Reservoir,,
France,Q142,http://www.wikidata.org/entity/Q29160747,Q29160747,Reservoir,,
France,Q142,http://www.wikidata.org/entity/Q29150100,Q29150100,Reservoir,,
France,Q142,http://www.wikidata.org/entity/Q29154799,Q29154799,Reservoir,,
France,Q142,http://www.wikidata.org/entity/Q29149285,Q29149285,Reservoir,,
France,Q142,http://www.wikidata.org/entity/Q29149080,Q29149080,Reservoir,,
France,Q142,http://www.wikidata.org/entity/Q29149709,Q29149709,Reservoir,,
France,Q142,http://www.wikidata.org/entity/Q29150309,Q29150309,Reservoir,,
France,Q142,http://www.wikidata.org/entity/Q29150745,Q29150745,Reservoir,,
France,Q142,http://www.wikidata.org/entity/Q29151110,Q29151110,Reservoir,,
France,Q142,http://www.wikidata.org/entity/Q29151439,Q29151439,Reservoir,,
France,Q142,http://www.wikidata.org/entity/Q29151752,Q29151752,Reservoir,,
France,Q142,http://www.wikidata.org/entity/Q29151864,Q29151864,Reservoir,,
France,Q142,http://www.wikidata.org/entity/Q29152238,Q29152238,Reservoir,,
France,Q142,http://www.wikidata.org/entity/Q29152461,Q29152461,Reservoir,,
France,Q142,http://www.wikidata.org/entity/Q29152738,Q29152738,Reservoir,,
France,Q142,http://www.wikidata.org/entity/Q29153060,Q29153060,Reservoir,,
France,Q142,http://www.wikidata.org/entity/Q29153116,Q29153116,Reservoir,,
France,Q142,http://www.wikidata.org/entity/Q29153309,Q29153309,Reservoir,,
France,Q142,http://www.wikidata.org/entity/Q29153587,Q29153587,Reservoir,,
France,Q142,http://www.wikidata.org/entity/Q29153735,Q29153735,Reservoir,,
France,Q142,http://www.wikidata.org/entity/Q29154029,Q29154029,Reservoir,,
France,Q142,http://www.wikidata.org/entity/Q29154036,Q29154036,Reservoir,,
France,Q142,http://www.wikidata.org/entity/Q29154174,Q29154174,Reservoir,,
France,Q142,http://www.wikidata.org/entity/Q29154185,Q29154185,Reservoir,,
France,Q142,http://www.wikidata.org/entity/Q29154220,Q29154220,Reservoir,,
France,Q142,http://www.wikidata.org/entity/Q29154254,Q29154254,Reservoir,,
France,Q142,http://www.wikidata.org/entity/Q29154327,Q29154327,Reservoir,,
France,Q142,http://www.wikidata.org/entity/Q29154330,Q29154330,Reservoir,,
France,Q142,http://www.wikidata.org/entity/Q29154334,Q29154334,Reservoir,,
France,Q142,http://www.wikidata.org/entity/Q29154332,Q29154332,Reservoir,,
France,Q142,http://www.wikidata.org/entity/Q29154374,Q29154374,Reservoir,,
France,Q142,http://www.wikidata.org/entity/Q29154610,Q29154610,Reservoir,,
France,Q142,http://www.wikidata.org/entity/Q29154613,Q29154613,Reservoir,,
France,Q142,http://www.wikidata.org/entity/Q29154771,Q29154771,Reservoir,,
France,Q142,http://www.wikidata.org/entity/Q29154881,Q29154881,Reservoir,,
France,Q142,http://www.wikidata.org/entity/Q29154908,Q29154908,Reservoir,,
France,Q142,http://www.wikidata.org/entity/Q29155139,Q29155139,Reservoir,,
France,Q142,http://www.wikidata.org/entity/Q29155137,Q29155137,Reservoir,,
France,Q142,http://www.wikidata.org/entity/Q29155145,Q29155145,Reservoir,,
France,Q142,http://www.wikidata.org/entity/Q29155164,Q29155164,Reservoir,,
France,Q142,http://www.wikidata.org/entity/Q29155237,Q29155237,Reservoir,,
France,Q142,http://www.wikidata.org/entity/Q29155242,Q29155242,Reservoir,,
France,Q142,http://www.wikidata.org/entity/Q29155244,Q29155244,Reservoir,,
France,Q142,http://www.wikidata.org/entity/Q29155283,Q29155283,Reservoir,,
France,Q142,http://www.wikidata.org/entity/Q29155312,Q29155312,Reservoir,,
France,Q142,http://www.wikidata.org/entity/Q29155841,Q29155841,Reservoir,,
France,Q142,http://www.wikidata.org/entity/Q29158576,Q29158576,Reservoir,,
France,Q142,http://www.wikidata.org/entity/Q29158581,Q29158581,Reservoir,,
France,Q142,http://www.wikidata.org/entity/Q29158649,Q29158649,Reservoir,,
France,Q142,http://www.wikidata.org/entity/Q29158881,Q29158881,Reservoir,,
France,Q142,http://www.wikidata.org/entity/Q29158985,Q29158985,Reservoir,,
France,Q142,http://www.wikidata.org/entity/Q29159030,Q29159030,Reservoir,,
France,Q142,http://www.wikidata.org/entity/Q29159081,Q29159081,Reservoir,,
France,Q142,http://www.wikidata.org/entity/Q29159123,Q29159123,Reservoir,,
France,Q142,http://www.wikidata.org/entity/Q29159132,Q29159132,Reservoir,,
France,Q142,http://www.wikidata.org/entity/Q29159388,Q29159388,Reservoir,,
France,Q142,http://www.wikidata.org/entity/Q29159863,Q29159863,Reservoir,,
France,Q142,http://www.wikidata.org/entity/Q29160049,Q29160049,Reservoir,,
France,Q142,http://www.wikidata.org/entity/Q29160200,Q29160200,Reservoir,,
France,Q142,http://www.wikidata.org/entity/Q29160407,Q29160407,Reservoir,,
France,Q142,http://www.wikidata.org/entity/Q29160436,Q29160436,Reservoir,,
France,Q142,http://www.wikidata.org/entity/Q29160443,Q29160443,Reservoir,,
France,Q142,http://www.wikidata.org/entity/Q29160456,Q29160456,Reservoir,,
France,Q142,http://www.wikidata.org/entity/Q29160599,Q29160599,Reservoir,,
France,Q142,http://www.wikidata.org/entity/Q29160708,Q29160708,Reservoir,,
France,Q142,http://www.wikidata.org/entity/Q29160762,Q29160762,Reservoir,,
France,Q142,http://www.wikidata.org/entity/Q29160784,Q29160784,Reservoir,,
France,Q142,http://www.wikidata.org/entity/Q29154336,Baptismal font of Église Saint-Pierre-Saint-Paul (Bazouges-la-Pérouse),Reservoir,,
France,Q142,http://www.wikidata.org/entity/Q29160403,baptismal font in Prunay-le-Gillon,Reservoir,,
France,Q142,http://www.wikidata.org/entity/Q29153230,Baptismal font of Église Saint-Sauveur,Reservoir,,
France,Q142,http://www.wikidata.org/entity/Q29155355,Baptismal font of Église Saint-Ouen (Les Iffs),Reservoir,,
France,Q142,http://www.wikidata.org/entity/Q29208870,Q29208870,Reservoir,,
France,Q142,http://www.wikidata.org/entity/Q29211725,Q29211725,Reservoir,,
France,Q142,http://www.wikidata.org/entity/Q29211151,Q29211151,Reservoir,,
France,Q142,http://www.wikidata.org/entity/Q29212161,Q29212161,Reservoir,,
France,Q142,http://www.wikidata.org/entity/Q29213161,Q29213161,Reservoir,,
France,Q142,http://www.wikidata.org/entity/Q29217838,Q29217838,Reservoir,,
France,Q142,http://www.wikidata.org/entity/Q29217594,Q29217594,Reservoir,,
France,Q142,http://www.wikidata.org/entity/Q29212040,Q29212040,Reservoir,,
France,Q142,http://www.wikidata.org/entity/Q29208487,Q29208487,Reservoir,,
France,Q142,http://www.wikidata.org/entity/Q29208524,Q29208524,Reservoir,,
France,Q142,http://www.wikidata.org/entity/Q29208571,Q29208571,Reservoir,,
France,Q142,http://www.wikidata.org/entity/Q29208591,Q29208591,Reservoir,,
France,Q142,http://www.wikidata.org/entity/Q29208597,Q29208597,Reservoir,,
France,Q142,http://www.wikidata.org/entity/Q29208630,Q29208630,Reservoir,,
France,Q142,http://www.wikidata.org/entity/Q29208679,Q29208679,Reservoir,,
France,Q142,http://www.wikidata.org/entity/Q29208681,Q29208681,Reservoir,,
France,Q142,http://www.wikidata.org/entity/Q29208915,Q29208915,Reservoir,,
France,Q142,http://www.wikidata.org/entity/Q29209014,Q29209014,Reservoir,,
France,Q142,http://www.wikidata.org/entity/Q29209031,Q29209031,Reservoir,,
France,Q142,http://www.wikidata.org/entity/Q29209117,Q29209117,Reservoir,,
France,Q142,http://www.wikidata.org/entity/Q29209122,Q29209122,Reservoir,,
France,Q142,http://www.wikidata.org/entity/Q29209146,Q29209146,Reservoir,,
France,Q142,http://www.wikidata.org/entity/Q29209165,Q29209165,Reservoir,,
France,Q142,http://www.wikidata.org/entity/Q29209180,Q29209180,Reservoir,,
France,Q142,http://www.wikidata.org/entity/Q29209186,Q29209186,Reservoir,,
France,Q142,http://www.wikidata.org/entity/Q29209207,Q29209207,Reservoir,,
France,Q142,http://www.wikidata.org/entity/Q29209234,Q29209234,Reservoir,,
France,Q142,http://www.wikidata.org/entity/Q29209241,Q29209241,Reservoir,,
France,Q142,http://www.wikidata.org/entity/Q29209358,Q29209358,Reservoir,,
France,Q142,http://www.wikidata.org/entity/Q29209413,Q29209413,Reservoir,,
France,Q142,http://www.wikidata.org/entity/Q29209417,Q29209417,Reservoir,,
France,Q142,http://www.wikidata.org/entity/Q29209423,Q29209423,Reservoir,,
France,Q142,http://www.wikidata.org/entity/Q29209446,Q29209446,Reservoir,,
France,Q142,http://www.wikidata.org/entity/Q29209502,Q29209502,Reservoir,,
France,Q142,http://www.wikidata.org/entity/Q29209548,Q29209548,Reservoir,,
France,Q142,http://www.wikidata.org/entity/Q29209600,Q29209600,Reservoir,,
France,Q142,http://www.wikidata.org/entity/Q29209601,Q29209601,Reservoir,,
France,Q142,http://www.wikidata.org/entity/Q29209623,Q29209623,Reservoir,,
France,Q142,http://www.wikidata.org/entity/Q29209642,Q29209642,Reservoir,,
France,Q142,http://www.wikidata.org/entity/Q29209742,Q29209742,Reservoir,,
France,Q142,http://www.wikidata.org/entity/Q29209745,Q29209745,Reservoir,,
France,Q142,http://www.wikidata.org/entity/Q29209817,Q29209817,Reservoir,,
France,Q142,http://www.wikidata.org/entity/Q29209845,Q29209845,Reservoir,,
France,Q142,http://www.wikidata.org/entity/Q29210176,Q29210176,Reservoir,,
France,Q142,http://www.wikidata.org/entity/Q29210296,Q29210296,Reservoir,,
France,Q142,http://www.wikidata.org/entity/Q29210312,Q29210312,Reservoir,,
France,Q142,http://www.wikidata.org/entity/Q29210581,Q29210581,Reservoir,,
France,Q142,http://www.wikidata.org/entity/Q29210588,Q29210588,Reservoir,,
France,Q142,http://www.wikidata.org/entity/Q29210609,Q29210609,Reservoir,,
France,Q142,http://www.wikidata.org/entity/Q29211243,Q29211243,Reservoir,,
France,Q142,http://www.wikidata.org/entity/Q29211514,Q29211514,Reservoir,,
France,Q142,http://www.wikidata.org/entity/Q29212193,Q29212193,Reservoir,,
France,Q142,http://www.wikidata.org/entity/Q29212208,Q29212208,Reservoir,,
France,Q142,http://www.wikidata.org/entity/Q29212272,Q29212272,Reservoir,,
France,Q142,http://www.wikidata.org/entity/Q29212917,Q29212917,Reservoir,,
France,Q142,http://www.wikidata.org/entity/Q29214928,Q29214928,Reservoir,,
France,Q142,http://www.wikidata.org/entity/Q29215297,Q29215297,Reservoir,,
France,Q142,http://www.wikidata.org/entity/Q29215326,Q29215326,Reservoir,,
France,Q142,http://www.wikidata.org/entity/Q29215415,Q29215415,Reservoir,,
France,Q142,http://www.wikidata.org/entity/Q29215587,Q29215587,Reservoir,,
France,Q142,http://www.wikidata.org/entity/Q29215642,Q29215642,Reservoir,,
France,Q142,http://www.wikidata.org/entity/Q29215671,Q29215671,Reservoir,,
France,Q142,http://www.wikidata.org/entity/Q29215856,Q29215856,Reservoir,,
France,Q142,http://www.wikidata.org/entity/Q29215866,Q29215866,Reservoir,,
France,Q142,http://www.wikidata.org/entity/Q29215932,Q29215932,Reservoir,,
France,Q142,http://www.wikidata.org/entity/Q29215959,Q29215959,Reservoir,,
France,Q142,http://www.wikidata.org/entity/Q29216067,Q29216067,Reservoir,,
France,Q142,http://www.wikidata.org/entity/Q29216175,Q29216175,Reservoir,,
France,Q142,http://www.wikidata.org/entity/Q29216250,Q29216250,Reservoir,,
France,Q142,http://www.wikidata.org/entity/Q29216344,Q29216344,Reservoir,,
France,Q142,http://www.wikidata.org/entity/Q29216558,Q29216558,Reservoir,,
France,Q142,http://www.wikidata.org/entity/Q29216597,Q29216597,Reservoir,,
France,Q142,http://www.wikidata.org/entity/Q29216604,Q29216604,Reservoir,,
France,Q142,http://www.wikidata.org/entity/Q29216641,Q29216641,Reservoir,,
France,Q142,http://www.wikidata.org/entity/Q29216665,Q29216665,Reservoir,,
France,Q142,http://www.wikidata.org/entity/Q29216810,Q29216810,Reservoir,,
France,Q142,http://www.wikidata.org/entity/Q29216835,Q29216835,Reservoir,,
France,Q142,http://www.wikidata.org/entity/Q29217096,Q29217096,Reservoir,,
France,Q142,http://www.wikidata.org/entity/Q29217266,Q29217266,Reservoir,,
France,Q142,http://www.wikidata.org/entity/Q29217330,Q29217330,Reservoir,,
France,Q142,http://www.wikidata.org/entity/Q29217355,Q29217355,Reservoir,,
France,Q142,http://www.wikidata.org/entity/Q29217422,Q29217422,Reservoir,,
France,Q142,http://www.wikidata.org/entity/Q29217585,Q29217585,Reservoir,,
France,Q142,http://www.wikidata.org/entity/Q29217640,Q29217640,Reservoir,,
France,Q142,http://www.wikidata.org/entity/Q29217662,Q29217662,Reservoir,,
France,Q142,http://www.wikidata.org/entity/Q29217760,Q29217760,Reservoir,,
France,Q142,http://www.wikidata.org/entity/Q29218216,Q29218216,Reservoir,,
France,Q142,http://www.wikidata.org/entity/Q29218328,Q29218328,Reservoir,,
France,Q142,http://www.wikidata.org/entity/Q29218479,Q29218479,Reservoir,,
France,Q142,http://www.wikidata.org/entity/Q29218956,Q29218956,Reservoir,,
France,Q142,http://www.wikidata.org/entity/Q29218360,Baptismal font of église Notre-Dame-de-l'Assomption de Gaillon-sur-Montcient,Reservoir,,
France,Q142,http://www.wikidata.org/entity/Q29218921,Baptismal font of église Saint-Nicolas de Tessancourt-sur-Aubette,Reservoir,,
France,Q142,http://www.wikidata.org/entity/Q29212307,fonts baptismaux de l'église Notre-Dame-des-Victoires,Reservoir,,
France,Q142,http://www.wikidata.org/entity/Q29161915,Q29161915,Reservoir,,
France,Q142,http://www.wikidata.org/entity/Q29162696,Q29162696,Reservoir,,
France,Q142,http://www.wikidata.org/entity/Q29162138,Q29162138,Reservoir,,
France,Q142,http://www.wikidata.org/entity/Q29162529,Q29162529,Reservoir,,
France,Q142,http://www.wikidata.org/entity/Q29162656,Q29162656,Reservoir,,
France,Q142,http://www.wikidata.org/entity/Q29166283,Q29166283,Reservoir,,
France,Q142,http://www.wikidata.org/entity/Q29166388,Q29166388,Reservoir,,
France,Q142,http://www.wikidata.org/entity/Q29166858,Q29166858,Reservoir,,
France,Q142,http://www.wikidata.org/entity/Q29170958,Q29170958,Reservoir,,
France,Q142,http://www.wikidata.org/entity/Q29165413,Q29165413,Reservoir,,
France,Q142,http://www.wikidata.org/entity/Q29163654,Q29163654,Reservoir,,
France,Q142,http://www.wikidata.org/entity/Q29164038,Q29164038,Reservoir,,
France,Q142,http://www.wikidata.org/entity/Q29170893,Q29170893,Reservoir,,
France,Q142,http://www.wikidata.org/entity/Q29164684,Q29164684,Reservoir,,
France,Q142,http://www.wikidata.org/entity/Q29165337,Q29165337,Reservoir,,
France,Q142,http://www.wikidata.org/entity/Q29165454,Q29165454,Reservoir,,
France,Q142,http://www.wikidata.org/entity/Q29166379,Q29166379,Reservoir,,
France,Q142,http://www.wikidata.org/entity/Q29166349,Q29166349,Reservoir,,
France,Q142,http://www.wikidata.org/entity/Q29166359,Q29166359,Reservoir,,
France,Q142,http://www.wikidata.org/entity/Q29166354,Q29166354,Reservoir,,
France,Q142,http://www.wikidata.org/entity/Q29166512,Q29166512,Reservoir,,
France,Q142,http://www.wikidata.org/entity/Q29166501,Q29166501,Reservoir,,
France,Q142,http://www.wikidata.org/entity/Q29166638,Q29166638,Reservoir,,
France,Q142,http://www.wikidata.org/entity/Q29166886,Q29166886,Reservoir,,
France,Q142,http://www.wikidata.org/entity/Q29171222,Q29171222,Reservoir,,
France,Q142,http://www.wikidata.org/entity/Q29160808,Q29160808,Reservoir,,
France,Q142,http://www.wikidata.org/entity/Q29161304,Q29161304,Reservoir,,
France,Q142,http://www.wikidata.org/entity/Q29161432,Q29161432,Reservoir,,
France,Q142,http://www.wikidata.org/entity/Q29161473,Q29161473,Reservoir,,
France,Q142,http://www.wikidata.org/entity/Q29161649,Q29161649,Reservoir,,
France,Q142,http://www.wikidata.org/entity/Q29161769,Q29161769,Reservoir,,
France,Q142,http://www.wikidata.org/entity/Q29161884,Q29161884,Reservoir,,
France,Q142,http://www.wikidata.org/entity/Q29161930,Q29161930,Reservoir,,
France,Q142,http://www.wikidata.org/entity/Q29162054,Q29162054,Reservoir,,
France,Q142,http://www.wikidata.org/entity/Q29162104,Q29162104,Reservoir,,
France,Q142,http://www.wikidata.org/entity/Q29162145,Q29162145,Reservoir,,
France,Q142,http://www.wikidata.org/entity/Q29162648,Q29162648,Reservoir,,
France,Q142,http://www.wikidata.org/entity/Q29163137,Q29163137,Reservoir,,
France,Q142,http://www.wikidata.org/entity/Q29163341,Q29163341,Reservoir,,
France,Q142,http://www.wikidata.org/entity/Q29163494,Q29163494,Reservoir,,
France,Q142,http://www.wikidata.org/entity/Q29163581,Q29163581,Reservoir,,
France,Q142,http://www.wikidata.org/entity/Q29163710,Q29163710,Reservoir,,
France,Q142,http://www.wikidata.org/entity/Q29163851,Q29163851,Reservoir,,
France,Q142,http://www.wikidata.org/entity/Q29164147,Q29164147,Reservoir,,
France,Q142,http://www.wikidata.org/entity/Q29164166,Q29164166,Reservoir,,
France,Q142,http://www.wikidata.org/entity/Q29164176,Q29164176,Reservoir,,
France,Q142,http://www.wikidata.org/entity/Q29164703,Q29164703,Reservoir,,
France,Q142,http://www.wikidata.org/entity/Q29164874,Q29164874,Reservoir,,
France,Q142,http://www.wikidata.org/entity/Q29164888,Q29164888,Reservoir,,
France,Q142,http://www.wikidata.org/entity/Q29164960,Q29164960,Reservoir,,
France,Q142,http://www.wikidata.org/entity/Q29164968,Q29164968,Reservoir,,
France,Q142,http://www.wikidata.org/entity/Q29165197,Q29165197,Reservoir,,
France,Q142,http://www.wikidata.org/entity/Q29165236,Q29165236,Reservoir,,
France,Q142,http://www.wikidata.org/entity/Q29165541,Q29165541,Reservoir,,
France,Q142,http://www.wikidata.org/entity/Q29165801,Q29165801,Reservoir,,
France,Q142,http://www.wikidata.org/entity/Q29165878,Q29165878,Reservoir,,
France,Q142,http://www.wikidata.org/entity/Q29165991,Q29165991,Reservoir,,
France,Q142,http://www.wikidata.org/entity/Q29166059,Q29166059,Reservoir,,
France,Q142,http://www.wikidata.org/entity/Q29166115,Q29166115,Reservoir,,
France,Q142,http://www.wikidata.org/entity/Q29166218,Q29166218,Reservoir,,
France,Q142,http://www.wikidata.org/entity/Q29166252,Q29166252,Reservoir,,
France,Q142,http://www.wikidata.org/entity/Q29166274,Q29166274,Reservoir,,
France,Q142,http://www.wikidata.org/entity/Q29166293,Q29166293,Reservoir,,
France,Q142,http://www.wikidata.org/entity/Q29166307,Q29166307,Reservoir,,
France,Q142,http://www.wikidata.org/entity/Q29166315,Q29166315,Reservoir,,
France,Q142,http://www.wikidata.org/entity/Q29166342,Q29166342,Reservoir,,
France,Q142,http://www.wikidata.org/entity/Q29166380,Q29166380,Reservoir,,
France,Q142,http://www.wikidata.org/entity/Q29166384,Q29166384,Reservoir,,
France,Q142,http://www.wikidata.org/entity/Q29166410,Q29166410,Reservoir,,
France,Q142,http://www.wikidata.org/entity/Q29166429,Q29166429,Reservoir,,
France,Q142,http://www.wikidata.org/entity/Q29166448,Q29166448,Reservoir,,
France,Q142,http://www.wikidata.org/entity/Q29166453,Q29166453,Reservoir,,
France,Q142,http://www.wikidata.org/entity/Q29166456,Q29166456,Reservoir,,
France,Q142,http://www.wikidata.org/entity/Q29166496,Q29166496,Reservoir,,
France,Q142,http://www.wikidata.org/entity/Q29166511,Q29166511,Reservoir,,
France,Q142,http://www.wikidata.org/entity/Q29166532,Q29166532,Reservoir,,
France,Q142,http://www.wikidata.org/entity/Q29166562,Q29166562,Reservoir,,
France,Q142,http://www.wikidata.org/entity/Q29166569,Q29166569,Reservoir,,
France,Q142,http://www.wikidata.org/entity/Q29166598,Q29166598,Reservoir,,
France,Q142,http://www.wikidata.org/entity/Q29166633,Q29166633,Reservoir,,
France,Q142,http://www.wikidata.org/entity/Q29166670,Q29166670,Reservoir,,
France,Q142,http://www.wikidata.org/entity/Q29166825,Q29166825,Reservoir,,
France,Q142,http://www.wikidata.org/entity/Q29166835,Q29166835,Reservoir,,
France,Q142,http://www.wikidata.org/entity/Q29166901,Q29166901,Reservoir,,
France,Q142,http://www.wikidata.org/entity/Q29166910,Q29166910,Reservoir,,
France,Q142,http://www.wikidata.org/entity/Q29166970,Q29166970,Reservoir,,
France,Q142,http://www.wikidata.org/entity/Q29170921,Q29170921,Reservoir,,
France,Q142,http://www.wikidata.org/entity/Q29170942,Q29170942,Reservoir,,
France,Q142,http://www.wikidata.org/entity/Q29170951,Q29170951,Reservoir,,
France,Q142,http://www.wikidata.org/entity/Q29170993,Q29170993,Reservoir,,
France,Q142,http://www.wikidata.org/entity/Q29170999,Q29170999,Reservoir,,
France,Q142,http://www.wikidata.org/entity/Q29171004,Q29171004,Reservoir,,
France,Q142,http://www.wikidata.org/entity/Q29171009,Q29171009,Reservoir,,
France,Q142,http://www.wikidata.org/entity/Q29171032,Q29171032,Reservoir,,
France,Q142,http://www.wikidata.org/entity/Q29171073,Q29171073,Reservoir,,
France,Q142,http://www.wikidata.org/entity/Q29171108,Q29171108,Reservoir,,
France,Q142,http://www.wikidata.org/entity/Q29171138,Q29171138,Reservoir,,
France,Q142,http://www.wikidata.org/entity/Q29171168,Q29171168,Reservoir,,
France,Q142,http://www.wikidata.org/entity/Q29171178,Q29171178,Reservoir,,
France,Q142,http://www.wikidata.org/entity/Q29161284,"sculpture: baptismal pool or font (MH crypt, south gallery), Chartres Cathedral",Reservoir,,
France,Q142,http://www.wikidata.org/entity/Q29219564,Q29219564,Reservoir,,
France,Q142,http://www.wikidata.org/entity/Q29220358,Q29220358,Reservoir,,
France,Q142,http://www.wikidata.org/entity/Q29220359,Q29220359,Reservoir,,
France,Q142,http://www.wikidata.org/entity/Q29219451,Q29219451,Reservoir,,
France,Q142,http://www.wikidata.org/entity/Q29219689,Q29219689,Reservoir,,
France,Q142,http://www.wikidata.org/entity/Q29219692,Q29219692,Reservoir,,
France,Q142,http://www.wikidata.org/entity/Q29220282,Q29220282,Reservoir,,
France,Q142,http://www.wikidata.org/entity/Q29222065,Q29222065,Reservoir,,
France,Q142,http://www.wikidata.org/entity/Q29222166,Q29222166,Reservoir,,
France,Q142,http://www.wikidata.org/entity/Q29225589,Q29225589,Reservoir,,
France,Q142,http://www.wikidata.org/entity/Q29223064,Q29223064,Reservoir,,
France,Q142,http://www.wikidata.org/entity/Q29223286,Q29223286,Reservoir,,
France,Q142,http://www.wikidata.org/entity/Q29226853,Q29226853,Reservoir,,
France,Q142,http://www.wikidata.org/entity/Q29222765,Q29222765,Reservoir,,
France,Q142,http://www.wikidata.org/entity/Q29222221,Q29222221,Reservoir,,
France,Q142,http://www.wikidata.org/entity/Q29222219,Q29222219,Reservoir,,
France,Q142,http://www.wikidata.org/entity/Q29219645,Q29219645,Reservoir,,
France,Q142,http://www.wikidata.org/entity/Q29219660,Q29219660,Reservoir,,
France,Q142,http://www.wikidata.org/entity/Q29219881,Q29219881,Reservoir,,
France,Q142,http://www.wikidata.org/entity/Q29219928,Q29219928,Reservoir,,
France,Q142,http://www.wikidata.org/entity/Q29220023,Q29220023,Reservoir,,
France,Q142,http://www.wikidata.org/entity/Q29220053,Q29220053,Reservoir,,
France,Q142,http://www.wikidata.org/entity/Q29219616,Q29219616,Reservoir,,
France,Q142,http://www.wikidata.org/entity/Q29219966,Q29219966,Reservoir,,
France,Q142,http://www.wikidata.org/entity/Q29223298,Q29223298,Reservoir,,
France,Q142,http://www.wikidata.org/entity/Q29219246,Q29219246,Reservoir,,
France,Q142,http://www.wikidata.org/entity/Q29219308,Q29219308,Reservoir,,
France,Q142,http://www.wikidata.org/entity/Q29219331,Q29219331,Reservoir,,
France,Q142,http://www.wikidata.org/entity/Q29219512,Q29219512,Reservoir,,
France,Q142,http://www.wikidata.org/entity/Q29219552,Q29219552,Reservoir,,
France,Q142,http://www.wikidata.org/entity/Q29219604,Q29219604,Reservoir,,
France,Q142,http://www.wikidata.org/entity/Q29219684,Q29219684,Reservoir,,
France,Q142,http://www.wikidata.org/entity/Q29219702,Q29219702,Reservoir,,
France,Q142,http://www.wikidata.org/entity/Q29219749,Q29219749,Reservoir,,
France,Q142,http://www.wikidata.org/entity/Q29219811,Q29219811,Reservoir,,
France,Q142,http://www.wikidata.org/entity/Q29219939,Q29219939,Reservoir,,
France,Q142,http://www.wikidata.org/entity/Q29220032,Q29220032,Reservoir,,
France,Q142,http://www.wikidata.org/entity/Q29220064,Q29220064,Reservoir,,
France,Q142,http://www.wikidata.org/entity/Q29220227,Q29220227,Reservoir,,
France,Q142,http://www.wikidata.org/entity/Q29220255,Q29220255,Reservoir,,
France,Q142,http://www.wikidata.org/entity/Q29220425,Q29220425,Reservoir,,
France,Q142,http://www.wikidata.org/entity/Q29220435,Q29220435,Reservoir,,
France,Q142,http://www.wikidata.org/entity/Q29220955,Q29220955,Reservoir,,
France,Q142,http://www.wikidata.org/entity/Q29221039,Q29221039,Reservoir,,
France,Q142,http://www.wikidata.org/entity/Q29221262,Q29221262,Reservoir,,
France,Q142,http://www.wikidata.org/entity/Q29221260,Q29221260,Reservoir,,
France,Q142,http://www.wikidata.org/entity/Q29221291,Q29221291,Reservoir,,
France,Q142,http://www.wikidata.org/entity/Q29221314,Q29221314,Reservoir,,
France,Q142,http://www.wikidata.org/entity/Q29221596,Q29221596,Reservoir,,
France,Q142,http://www.wikidata.org/entity/Q29221696,Q29221696,Reservoir,,
France,Q142,http://www.wikidata.org/entity/Q29221720,Q29221720,Reservoir,,
France,Q142,http://www.wikidata.org/entity/Q29221788,Q29221788,Reservoir,,
France,Q142,http://www.wikidata.org/entity/Q29221868,Q29221868,Reservoir,,
France,Q142,http://www.wikidata.org/entity/Q29222238,Q29222238,Reservoir,,
France,Q142,http://www.wikidata.org/entity/Q29222236,Q29222236,Reservoir,,
France,Q142,http://www.wikidata.org/entity/Q29223404,Q29223404,Reservoir,,
France,Q142,http://www.wikidata.org/entity/Q29223901,Q29223901,Reservoir,,
France,Q142,http://www.wikidata.org/entity/Q29223927,Q29223927,Reservoir,,
France,Q142,http://www.wikidata.org/entity/Q29223939,Q29223939,Reservoir,,
France,Q142,http://www.wikidata.org/entity/Q29224240,Q29224240,Reservoir,,
France,Q142,http://www.wikidata.org/entity/Q29224561,Q29224561,Reservoir,,
France,Q142,http://www.wikidata.org/entity/Q29224583,Q29224583,Reservoir,,
France,Q142,http://www.wikidata.org/entity/Q29224612,Q29224612,Reservoir,,
France,Q142,http://www.wikidata.org/entity/Q29224753,Q29224753,Reservoir,,
France,Q142,http://www.wikidata.org/entity/Q29224778,Q29224778,Reservoir,,
France,Q142,http://www.wikidata.org/entity/Q29224885,Q29224885,Reservoir,,
France,Q142,http://www.wikidata.org/entity/Q29224912,Q29224912,Reservoir,,
France,Q142,http://www.wikidata.org/entity/Q29225170,Q29225170,Reservoir,,
France,Q142,http://www.wikidata.org/entity/Q29225404,Q29225404,Reservoir,,
France,Q142,http://www.wikidata.org/entity/Q29225668,Q29225668,Reservoir,,
France,Q142,http://www.wikidata.org/entity/Q29225746,Q29225746,Reservoir,,
France,Q142,http://www.wikidata.org/entity/Q29225795,Q29225795,Reservoir,,
France,Q142,http://www.wikidata.org/entity/Q29225923,Q29225923,Reservoir,,
France,Q142,http://www.wikidata.org/entity/Q29226071,Q29226071,Reservoir,,
France,Q142,http://www.wikidata.org/entity/Q29226105,Q29226105,Reservoir,,
France,Q142,http://www.wikidata.org/entity/Q29226110,Q29226110,Reservoir,,
France,Q142,http://www.wikidata.org/entity/Q29226132,Q29226132,Reservoir,,
France,Q142,http://www.wikidata.org/entity/Q29226290,Q29226290,Reservoir,,
France,Q142,http://www.wikidata.org/entity/Q29226315,Q29226315,Reservoir,,
France,Q142,http://www.wikidata.org/entity/Q29226531,Q29226531,Reservoir,,
France,Q142,http://www.wikidata.org/entity/Q29226718,Q29226718,Reservoir,,
France,Q142,http://www.wikidata.org/entity/Q29227073,Q29227073,Reservoir,,
France,Q142,http://www.wikidata.org/entity/Q29227158,Q29227158,Reservoir,,
France,Q142,http://www.wikidata.org/entity/Q29227219,Q29227219,Reservoir,,
France,Q142,http://www.wikidata.org/entity/Q29227256,Q29227256,Reservoir,,
France,Q142,http://www.wikidata.org/entity/Q29227267,Q29227267,Reservoir,,
France,Q142,http://www.wikidata.org/entity/Q29227373,Q29227373,Reservoir,,
France,Q142,http://www.wikidata.org/entity/Q29227527,Q29227527,Reservoir,,
France,Q142,http://www.wikidata.org/entity/Q29223520,Baptismal font of Saint-Martin (Vallangoujard),Reservoir,,
France,Q142,http://www.wikidata.org/entity/Q29223581,Baptismal font of Saint-Aignan (Arthies),Reservoir,,
France,Q142,http://www.wikidata.org/entity/Q29223636,Baptismal font of Saint-Acceul (Écouen),Reservoir,,
France,Q142,http://www.wikidata.org/entity/Q29223895,Baptismal font of Notre-Dame de la Nativité (Lassy),Reservoir,,
France,Q142,http://www.wikidata.org/entity/Q29224280,Baptismal font of Saint-Quentin (Nucourt),Reservoir,,
France,Q142,http://www.wikidata.org/entity/Q29224445,Fonts baptismaux de l'église Saint-Georges de Belloy-en-France,Reservoir,,
France,Q142,http://www.wikidata.org/entity/Q29224490,Baptismal font of Notre-Dame (Vetheuil),Reservoir,,
France,Q142,http://www.wikidata.org/entity/Q29224257,Baptismal font of Saint-Denis (Jouy-le-Comte),Reservoir,,
France,Q142,http://www.wikidata.org/entity/Q29296537,Q29296537,Reservoir,,
France,Q142,http://www.wikidata.org/entity/Q29297053,Q29297053,Reservoir,,
France,Q142,http://www.wikidata.org/entity/Q29301948,Q29301948,Reservoir,,
France,Q142,http://www.wikidata.org/entity/Q29301471,Q29301471,Reservoir,,
France,Q142,http://www.wikidata.org/entity/Q29304033,Q29304033,Reservoir,,
France,Q142,http://www.wikidata.org/entity/Q29306194,Q29306194,Reservoir,,
France,Q142,http://www.wikidata.org/entity/Q29310692,Q29310692,Reservoir,,
France,Q142,http://www.wikidata.org/entity/Q29312223,Q29312223,Reservoir,,
France,Q142,http://www.wikidata.org/entity/Q29311042,Q29311042,Reservoir,,
France,Q142,http://www.wikidata.org/entity/Q29312543,Q29312543,Reservoir,,
France,Q142,http://www.wikidata.org/entity/Q29312978,Q29312978,Reservoir,,
France,Q142,http://www.wikidata.org/entity/Q29313097,Q29313097,Reservoir,,
France,Q142,http://www.wikidata.org/entity/Q29317777,Q29317777,Reservoir,,
France,Q142,http://www.wikidata.org/entity/Q29316010,Q29316010,Reservoir,,
France,Q142,http://www.wikidata.org/entity/Q29296510,Q29296510,Reservoir,,
France,Q142,http://www.wikidata.org/entity/Q29296983,Q29296983,Reservoir,,
France,Q142,http://www.wikidata.org/entity/Q29317860,Q29317860,Reservoir,,
France,Q142,http://www.wikidata.org/entity/Q29304647,Q29304647,Reservoir,,
France,Q142,http://www.wikidata.org/entity/Q29313098,Q29313098,Reservoir,,
France,Q142,http://www.wikidata.org/entity/Q29313650,Q29313650,Reservoir,,
France,Q142,http://www.wikidata.org/entity/Q29305467,Q29305467,Reservoir,,
France,Q142,http://www.wikidata.org/entity/Q29309860,Q29309860,Reservoir,,
France,Q142,http://www.wikidata.org/entity/Q29310730,Q29310730,Reservoir,,
France,Q142,http://www.wikidata.org/entity/Q29311002,Q29311002,Reservoir,,
France,Q142,http://www.wikidata.org/entity/Q29309767,Q29309767,Reservoir,,
France,Q142,http://www.wikidata.org/entity/Q29318296,Q29318296,Reservoir,,
France,Q142,http://www.wikidata.org/entity/Q29296584,Q29296584,Reservoir,,
France,Q142,http://www.wikidata.org/entity/Q29296771,Q29296771,Reservoir,,
France,Q142,http://www.wikidata.org/entity/Q29296804,Q29296804,Reservoir,,
France,Q142,http://www.wikidata.org/entity/Q29296845,Q29296845,Reservoir,,
France,Q142,http://www.wikidata.org/entity/Q29296869,Q29296869,Reservoir,,
France,Q142,http://www.wikidata.org/entity/Q29296880,Q29296880,Reservoir,,
France,Q142,http://www.wikidata.org/entity/Q29296913,Q29296913,Reservoir,,
France,Q142,http://www.wikidata.org/entity/Q29296937,Q29296937,Reservoir,,
France,Q142,http://www.wikidata.org/entity/Q29296965,Q29296965,Reservoir,,
France,Q142,http://www.wikidata.org/entity/Q29297039,Q29297039,Reservoir,,
France,Q142,http://www.wikidata.org/entity/Q29297054,Q29297054,Reservoir,,
France,Q142,http://www.wikidata.org/entity/Q29297234,Q29297234,Reservoir,,
France,Q142,http://www.wikidata.org/entity/Q29297398,Q29297398,Reservoir,,
France,Q142,http://www.wikidata.org/entity/Q29297403,Q29297403,Reservoir,,
France,Q142,http://www.wikidata.org/entity/Q29297404,Q29297404,Reservoir,,
France,Q142,http://www.wikidata.org/entity/Q29297442,Q29297442,Reservoir,,
France,Q142,http://www.wikidata.org/entity/Q29297485,Q29297485,Reservoir,,
France,Q142,http://www.wikidata.org/entity/Q29297542,Q29297542,Reservoir,,
France,Q142,http://www.wikidata.org/entity/Q29297546,Q29297546,Reservoir,,
France,Q142,http://www.wikidata.org/entity/Q29297691,Q29297691,Reservoir,,
France,Q142,http://www.wikidata.org/entity/Q29298106,Q29298106,Reservoir,,
France,Q142,http://www.wikidata.org/entity/Q29298123,Q29298123,Reservoir,,
France,Q142,http://www.wikidata.org/entity/Q29298378,Q29298378,Reservoir,,
France,Q142,http://www.wikidata.org/entity/Q29298851,Q29298851,Reservoir,,
France,Q142,http://www.wikidata.org/entity/Q29299410,Q29299410,Reservoir,,
France,Q142,http://www.wikidata.org/entity/Q29299415,Q29299415,Reservoir,,
France,Q142,http://www.wikidata.org/entity/Q29300182,Q29300182,Reservoir,,
France,Q142,http://www.wikidata.org/entity/Q29300665,Q29300665,Reservoir,,
France,Q142,http://www.wikidata.org/entity/Q29302670,Q29302670,Reservoir,,
France,Q142,http://www.wikidata.org/entity/Q29303959,Q29303959,Reservoir,,
France,Q142,http://www.wikidata.org/entity/Q29304852,Q29304852,Reservoir,,
France,Q142,http://www.wikidata.org/entity/Q29305276,Q29305276,Reservoir,,
France,Q142,http://www.wikidata.org/entity/Q29305587,Q29305587,Reservoir,,
France,Q142,http://www.wikidata.org/entity/Q29306465,Q29306465,Reservoir,,
France,Q142,http://www.wikidata.org/entity/Q29306493,Q29306493,Reservoir,,
France,Q142,http://www.wikidata.org/entity/Q29307137,Q29307137,Reservoir,,
France,Q142,http://www.wikidata.org/entity/Q29307658,Q29307658,Reservoir,,
France,Q142,http://www.wikidata.org/entity/Q29308581,Q29308581,Reservoir,,
France,Q142,http://www.wikidata.org/entity/Q29308835,Q29308835,Reservoir,,
France,Q142,http://www.wikidata.org/entity/Q29308855,Q29308855,Reservoir,,
France,Q142,http://www.wikidata.org/entity/Q29309015,Q29309015,Reservoir,,
France,Q142,http://www.wikidata.org/entity/Q29309245,Q29309245,Reservoir,,
France,Q142,http://www.wikidata.org/entity/Q29309316,Q29309316,Reservoir,,
France,Q142,http://www.wikidata.org/entity/Q29309610,Q29309610,Reservoir,,
France,Q142,http://www.wikidata.org/entity/Q29310443,Q29310443,Reservoir,,
France,Q142,http://www.wikidata.org/entity/Q29310595,Q29310595,Reservoir,,
France,Q142,http://www.wikidata.org/entity/Q29310742,Q29310742,Reservoir,,
France,Q142,http://www.wikidata.org/entity/Q29311270,Q29311270,Reservoir,,
France,Q142,http://www.wikidata.org/entity/Q29311274,Q29311274,Reservoir,,
France,Q142,http://www.wikidata.org/entity/Q29311428,Q29311428,Reservoir,,
France,Q142,http://www.wikidata.org/entity/Q29311757,Q29311757,Reservoir,,
France,Q142,http://www.wikidata.org/entity/Q29311774,Q29311774,Reservoir,,
France,Q142,http://www.wikidata.org/entity/Q29311792,Q29311792,Reservoir,,
France,Q142,http://www.wikidata.org/entity/Q29311840,Q29311840,Reservoir,,
France,Q142,http://www.wikidata.org/entity/Q29311851,Q29311851,Reservoir,,
France,Q142,http://www.wikidata.org/entity/Q29311882,Q29311882,Reservoir,,
France,Q142,http://www.wikidata.org/entity/Q29311923,Q29311923,Reservoir,,
France,Q142,http://www.wikidata.org/entity/Q29311962,Q29311962,Reservoir,,
France,Q142,http://www.wikidata.org/entity/Q29312088,Q29312088,Reservoir,,
France,Q142,http://www.wikidata.org/entity/Q29312411,Q29312411,Reservoir,,
France,Q142,http://www.wikidata.org/entity/Q29313054,Q29313054,Reservoir,,
France,Q142,http://www.wikidata.org/entity/Q29313338,Q29313338,Reservoir,,
France,Q142,http://www.wikidata.org/entity/Q29315729,Q29315729,Reservoir,,
France,Q142,http://www.wikidata.org/entity/Q29316251,Q29316251,Reservoir,,
France,Q142,http://www.wikidata.org/entity/Q29316383,Q29316383,Reservoir,,
France,Q142,http://www.wikidata.org/entity/Q29316727,Q29316727,Reservoir,,
France,Q142,http://www.wikidata.org/entity/Q29317556,Q29317556,Reservoir,,
France,Q142,http://www.wikidata.org/entity/Q29318417,Q29318417,Reservoir,,
France,Q142,http://www.wikidata.org/entity/Q29318517,Q29318517,Reservoir,,
France,Q142,http://www.wikidata.org/entity/Q29318576,Q29318576,Reservoir,,
France,Q142,http://www.wikidata.org/entity/Q29318605,Q29318605,Reservoir,,
France,Q142,http://www.wikidata.org/entity/Q29230989,Q29230989,Reservoir,,
France,Q142,http://www.wikidata.org/entity/Q29229852,Q29229852,Reservoir,,
France,Q142,http://www.wikidata.org/entity/Q29230058,Q29230058,Reservoir,,
France,Q142,http://www.wikidata.org/entity/Q29233183,Q29233183,Reservoir,,
France,Q142,http://www.wikidata.org/entity/Q29234705,Q29234705,Reservoir,,
France,Q142,http://www.wikidata.org/entity/Q29235680,Q29235680,Reservoir,,
France,Q142,http://www.wikidata.org/entity/Q29235759,Q29235759,Reservoir,,
France,Q142,http://www.wikidata.org/entity/Q29241026,Q29241026,Reservoir,,
France,Q142,http://www.wikidata.org/entity/Q29240723,Q29240723,Reservoir,,
France,Q142,http://www.wikidata.org/entity/Q29241368,Q29241368,Reservoir,,
France,Q142,http://www.wikidata.org/entity/Q29240296,Q29240296,Reservoir,,
France,Q142,http://www.wikidata.org/entity/Q29240756,Q29240756,Reservoir,,
France,Q142,http://www.wikidata.org/entity/Q29245105,Q29245105,Reservoir,,
France,Q142,http://www.wikidata.org/entity/Q29243812,Q29243812,Reservoir,,
France,Q142,http://www.wikidata.org/entity/Q29244372,Q29244372,Reservoir,,
France,Q142,http://www.wikidata.org/entity/Q29244780,Q29244780,Reservoir,,
France,Q142,http://www.wikidata.org/entity/Q29246461,Q29246461,Reservoir,,
France,Q142,http://www.wikidata.org/entity/Q29233879,Q29233879,Reservoir,,
France,Q142,http://www.wikidata.org/entity/Q29249599,Q29249599,Reservoir,,
France,Q142,http://www.wikidata.org/entity/Q29234817,Q29234817,Reservoir,,
France,Q142,http://www.wikidata.org/entity/Q29248476,Q29248476,Reservoir,,
France,Q142,http://www.wikidata.org/entity/Q29249644,Q29249644,Reservoir,,
France,Q142,http://www.wikidata.org/entity/Q29233780,Q29233780,Reservoir,,
France,Q142,http://www.wikidata.org/entity/Q29235150,Q29235150,Reservoir,,
France,Q142,http://www.wikidata.org/entity/Q29242209,Q29242209,Reservoir,,
France,Q142,http://www.wikidata.org/entity/Q29242958,Q29242958,Reservoir,,
France,Q142,http://www.wikidata.org/entity/Q29243052,Q29243052,Reservoir,,
France,Q142,http://www.wikidata.org/entity/Q29244408,Q29244408,Reservoir,,
France,Q142,http://www.wikidata.org/entity/Q29244617,Q29244617,Reservoir,,
France,Q142,http://www.wikidata.org/entity/Q29245440,Q29245440,Reservoir,,
France,Q142,http://www.wikidata.org/entity/Q29247292,Q29247292,Reservoir,,
France,Q142,http://www.wikidata.org/entity/Q29247667,Q29247667,Reservoir,,
France,Q142,http://www.wikidata.org/entity/Q29244529,Q29244529,Reservoir,,
France,Q142,http://www.wikidata.org/entity/Q29245456,Q29245456,Reservoir,,
France,Q142,http://www.wikidata.org/entity/Q29245296,Q29245296,Reservoir,,
France,Q142,http://www.wikidata.org/entity/Q29246658,Q29246658,Reservoir,,
France,Q142,http://www.wikidata.org/entity/Q29247315,Q29247315,Reservoir,,
France,Q142,http://www.wikidata.org/entity/Q29249173,Q29249173,Reservoir,,
France,Q142,http://www.wikidata.org/entity/Q29228248,Q29228248,Reservoir,,
France,Q142,http://www.wikidata.org/entity/Q29227559,Q29227559,Reservoir,,
France,Q142,http://www.wikidata.org/entity/Q29228132,Q29228132,Reservoir,,
France,Q142,http://www.wikidata.org/entity/Q29228212,Q29228212,Reservoir,,
France,Q142,http://www.wikidata.org/entity/Q29228425,Q29228425,Reservoir,,
France,Q142,http://www.wikidata.org/entity/Q29228570,Q29228570,Reservoir,,
France,Q142,http://www.wikidata.org/entity/Q29228649,Q29228649,Reservoir,,
France,Q142,http://www.wikidata.org/entity/Q29228660,Q29228660,Reservoir,,
France,Q142,http://www.wikidata.org/entity/Q29228730,Q29228730,Reservoir,,
France,Q142,http://www.wikidata.org/entity/Q29228928,Q29228928,Reservoir,,
France,Q142,http://www.wikidata.org/entity/Q29229336,Q29229336,Reservoir,,
France,Q142,http://www.wikidata.org/entity/Q29229479,Q29229479,Reservoir,,
France,Q142,http://www.wikidata.org/entity/Q29229667,Q29229667,Reservoir,,
France,Q142,http://www.wikidata.org/entity/Q29229720,Q29229720,Reservoir,,
France,Q142,http://www.wikidata.org/entity/Q29229815,Q29229815,Reservoir,,
France,Q142,http://www.wikidata.org/entity/Q29229866,Q29229866,Reservoir,,
France,Q142,http://www.wikidata.org/entity/Q29229883,Q29229883,Reservoir,,
France,Q142,http://www.wikidata.org/entity/Q29229986,Q29229986,Reservoir,,
France,Q142,http://www.wikidata.org/entity/Q29230117,Q29230117,Reservoir,,
France,Q142,http://www.wikidata.org/entity/Q29230195,Q29230195,Reservoir,,
France,Q142,http://www.wikidata.org/entity/Q29230203,Q29230203,Reservoir,,
France,Q142,http://www.wikidata.org/entity/Q29230427,Q29230427,Reservoir,,
France,Q142,http://www.wikidata.org/entity/Q29230761,Q29230761,Reservoir,,
France,Q142,http://www.wikidata.org/entity/Q29230874,Q29230874,Reservoir,,
France,Q142,http://www.wikidata.org/entity/Q29230923,Q29230923,Reservoir,,
France,Q142,http://www.wikidata.org/entity/Q29232685,Q29232685,Reservoir,,
France,Q142,http://www.wikidata.org/entity/Q29233161,Q29233161,Reservoir,,
France,Q142,http://www.wikidata.org/entity/Q29233263,Q29233263,Reservoir,,
France,Q142,http://www.wikidata.org/entity/Q29233634,Q29233634,Reservoir,,
France,Q142,http://www.wikidata.org/entity/Q29233905,Q29233905,Reservoir,,
France,Q142,http://www.wikidata.org/entity/Q29234284,Q29234284,Reservoir,,
France,Q142,http://www.wikidata.org/entity/Q29234386,Q29234386,Reservoir,,
France,Q142,http://www.wikidata.org/entity/Q29234624,Q29234624,Reservoir,,
France,Q142,http://www.wikidata.org/entity/Q29235450,Q29235450,Reservoir,,
France,Q142,http://www.wikidata.org/entity/Q29236865,Q29236865,Reservoir,,
France,Q142,http://www.wikidata.org/entity/Q29236877,Q29236877,Reservoir,,
France,Q142,http://www.wikidata.org/entity/Q29237078,Q29237078,Reservoir,,
France,Q142,http://www.wikidata.org/entity/Q29237076,Q29237076,Reservoir,,
France,Q142,http://www.wikidata.org/entity/Q29237086,Q29237086,Reservoir,,
France,Q142,http://www.wikidata.org/entity/Q29237238,Q29237238,Reservoir,,
France,Q142,http://www.wikidata.org/entity/Q29238518,Q29238518,Reservoir,,
France,Q142,http://www.wikidata.org/entity/Q29239062,Q29239062,Reservoir,,
France,Q142,http://www.wikidata.org/entity/Q29240179,Q29240179,Reservoir,,
France,Q142,http://www.wikidata.org/entity/Q29241091,Q29241091,Reservoir,,
France,Q142,http://www.wikidata.org/entity/Q29241104,Q29241104,Reservoir,,
France,Q142,http://www.wikidata.org/entity/Q29241195,Q29241195,Reservoir,,
France,Q142,http://www.wikidata.org/entity/Q29241527,Q29241527,Reservoir,,
France,Q142,http://www.wikidata.org/entity/Q29241906,Q29241906,Reservoir,,
France,Q142,http://www.wikidata.org/entity/Q29244466,Q29244466,Reservoir,,
France,Q142,http://www.wikidata.org/entity/Q29244598,Q29244598,Reservoir,,
France,Q142,http://www.wikidata.org/entity/Q29245434,Q29245434,Reservoir,,
France,Q142,http://www.wikidata.org/entity/Q29247242,Q29247242,Reservoir,,
France,Q142,http://www.wikidata.org/entity/Q29247245,Q29247245,Reservoir,,
France,Q142,http://www.wikidata.org/entity/Q29250182,Q29250182,Reservoir,,
France,Q142,http://www.wikidata.org/entity/Q29250272,Q29250272,Reservoir,,
France,Q142,http://www.wikidata.org/entity/Q29250303,Q29250303,Reservoir,,
France,Q142,http://www.wikidata.org/entity/Q29230429,baptismal fonts of the church of Saint Peter in Sauve,Reservoir,,
France,Q142,http://www.wikidata.org/entity/Q29233424,Baptismal font of église de Saint-Paul de Frontignan,Reservoir,,
France,Q142,http://www.wikidata.org/entity/Q29240068,Baptismal font in Perpignan Cathedral,Reservoir,,
France,Q142,http://www.wikidata.org/entity/Q29246521,baptismal font in Basville,Reservoir,,
France,Q142,http://www.wikidata.org/entity/Q29228368,Fontaine d'ablutions,Reservoir,,
France,Q142,http://www.wikidata.org/entity/Q29318962,Q29318962,Reservoir,,
France,Q142,http://www.wikidata.org/entity/Q29322810,Q29322810,Reservoir,,
France,Q142,http://www.wikidata.org/entity/Q29326271,Q29326271,Reservoir,,
France,Q142,http://www.wikidata.org/entity/Q29323971,Q29323971,Reservoir,,
France,Q142,http://www.wikidata.org/entity/Q29327378,Q29327378,Reservoir,,
France,Q142,http://www.wikidata.org/entity/Q29328413,Q29328413,Reservoir,,
France,Q142,http://www.wikidata.org/entity/Q29327250,Q29327250,Reservoir,,
France,Q142,http://www.wikidata.org/entity/Q29328047,Q29328047,Reservoir,,
France,Q142,http://www.wikidata.org/entity/Q29328319,Q29328319,Reservoir,,
France,Q142,http://www.wikidata.org/entity/Q29328539,Q29328539,Reservoir,,
France,Q142,http://www.wikidata.org/entity/Q29328555,Q29328555,Reservoir,,
France,Q142,http://www.wikidata.org/entity/Q29328580,Q29328580,Reservoir,,
France,Q142,http://www.wikidata.org/entity/Q29329999,Q29329999,Reservoir,,
France,Q142,http://www.wikidata.org/entity/Q29329461,Q29329461,Reservoir,,
France,Q142,http://www.wikidata.org/entity/Q29329943,Q29329943,Reservoir,,
France,Q142,http://www.wikidata.org/entity/Q29330098,Q29330098,Reservoir,,
France,Q142,http://www.wikidata.org/entity/Q29330118,Q29330118,Reservoir,,
France,Q142,http://www.wikidata.org/entity/Q29330120,Q29330120,Reservoir,,
France,Q142,http://www.wikidata.org/entity/Q29330208,Q29330208,Reservoir,,
France,Q142,http://www.wikidata.org/entity/Q29319000,Q29319000,Reservoir,,
France,Q142,http://www.wikidata.org/entity/Q29319205,Q29319205,Reservoir,,
France,Q142,http://www.wikidata.org/entity/Q29319354,Q29319354,Reservoir,,
France,Q142,http://www.wikidata.org/entity/Q29327113,Q29327113,Reservoir,,
France,Q142,http://www.wikidata.org/entity/Q29328723,Q29328723,Reservoir,,
France,Q142,http://www.wikidata.org/entity/Q29328726,Q29328726,Reservoir,,
France,Q142,http://www.wikidata.org/entity/Q29329434,Q29329434,Reservoir,,
France,Q142,http://www.wikidata.org/entity/Q29319208,Q29319208,Reservoir,,
France,Q142,http://www.wikidata.org/entity/Q29320357,Q29320357,Reservoir,,
France,Q142,http://www.wikidata.org/entity/Q29320487,Q29320487,Reservoir,,
France,Q142,http://www.wikidata.org/entity/Q29320499,Q29320499,Reservoir,,
France,Q142,http://www.wikidata.org/entity/Q29320518,Q29320518,Reservoir,,
France,Q142,http://www.wikidata.org/entity/Q29320742,Q29320742,Reservoir,,
France,Q142,http://www.wikidata.org/entity/Q29320847,Q29320847,Reservoir,,
France,Q142,http://www.wikidata.org/entity/Q29320953,Q29320953,Reservoir,,
France,Q142,http://www.wikidata.org/entity/Q29321008,Q29321008,Reservoir,,
France,Q142,http://www.wikidata.org/entity/Q29321101,Q29321101,Reservoir,,
France,Q142,http://www.wikidata.org/entity/Q29321388,Q29321388,Reservoir,,
France,Q142,http://www.wikidata.org/entity/Q29322439,Q29322439,Reservoir,,
France,Q142,http://www.wikidata.org/entity/Q29322482,Q29322482,Reservoir,,
France,Q142,http://www.wikidata.org/entity/Q29322519,Q29322519,Reservoir,,
France,Q142,http://www.wikidata.org/entity/Q29322607,Q29322607,Reservoir,,
France,Q142,http://www.wikidata.org/entity/Q29322689,Q29322689,Reservoir,,
France,Q142,http://www.wikidata.org/entity/Q29322719,Q29322719,Reservoir,,
France,Q142,http://www.wikidata.org/entity/Q29322766,Q29322766,Reservoir,,
France,Q142,http://www.wikidata.org/entity/Q29322785,Q29322785,Reservoir,,
France,Q142,http://www.wikidata.org/entity/Q29322878,Q29322878,Reservoir,,
France,Q142,http://www.wikidata.org/entity/Q29322967,Q29322967,Reservoir,,
France,Q142,http://www.wikidata.org/entity/Q29323001,Q29323001,Reservoir,,
France,Q142,http://www.wikidata.org/entity/Q29323066,Q29323066,Reservoir,,
France,Q142,http://www.wikidata.org/entity/Q29323087,Q29323087,Reservoir,,
France,Q142,http://www.wikidata.org/entity/Q29323364,Q29323364,Reservoir,,
France,Q142,http://www.wikidata.org/entity/Q29323431,Q29323431,Reservoir,,
France,Q142,http://www.wikidata.org/entity/Q29323435,Q29323435,Reservoir,,
France,Q142,http://www.wikidata.org/entity/Q29323511,Q29323511,Reservoir,,
France,Q142,http://www.wikidata.org/entity/Q29323576,Q29323576,Reservoir,,
France,Q142,http://www.wikidata.org/entity/Q29323691,Q29323691,Reservoir,,
France,Q142,http://www.wikidata.org/entity/Q29323696,Q29323696,Reservoir,,
France,Q142,http://www.wikidata.org/entity/Q29323701,Q29323701,Reservoir,,
France,Q142,http://www.wikidata.org/entity/Q29323735,Q29323735,Reservoir,,
France,Q142,http://www.wikidata.org/entity/Q29323752,Q29323752,Reservoir,,
France,Q142,http://www.wikidata.org/entity/Q29324097,Q29324097,Reservoir,,
France,Q142,http://www.wikidata.org/entity/Q29324102,Q29324102,Reservoir,,
France,Q142,http://www.wikidata.org/entity/Q29324571,Q29324571,Reservoir,,
France,Q142,http://www.wikidata.org/entity/Q29325199,Q29325199,Reservoir,,
France,Q142,http://www.wikidata.org/entity/Q29325284,Q29325284,Reservoir,,
France,Q142,http://www.wikidata.org/entity/Q29325440,Q29325440,Reservoir,,
France,Q142,http://www.wikidata.org/entity/Q29325479,Q29325479,Reservoir,,
France,Q142,http://www.wikidata.org/entity/Q29325485,Q29325485,Reservoir,,
France,Q142,http://www.wikidata.org/entity/Q29325505,Q29325505,Reservoir,,
France,Q142,http://www.wikidata.org/entity/Q29326257,Q29326257,Reservoir,,
France,Q142,http://www.wikidata.org/entity/Q29326699,Q29326699,Reservoir,,
France,Q142,http://www.wikidata.org/entity/Q29326771,Q29326771,Reservoir,,
France,Q142,http://www.wikidata.org/entity/Q29329174,Q29329174,Reservoir,,
France,Q142,http://www.wikidata.org/entity/Q29329192,Q29329192,Reservoir,,
France,Q142,http://www.wikidata.org/entity/Q29329309,Q29329309,Reservoir,,
France,Q142,http://www.wikidata.org/entity/Q29329397,Q29329397,Reservoir,,
France,Q142,http://www.wikidata.org/entity/Q29329478,Q29329478,Reservoir,,
France,Q142,http://www.wikidata.org/entity/Q29329658,Q29329658,Reservoir,,
France,Q142,http://www.wikidata.org/entity/Q29329695,Q29329695,Reservoir,,
France,Q142,http://www.wikidata.org/entity/Q29329716,Q29329716,Reservoir,,
France,Q142,http://www.wikidata.org/entity/Q29329736,Q29329736,Reservoir,,
France,Q142,http://www.wikidata.org/entity/Q29329744,Q29329744,Reservoir,,
France,Q142,http://www.wikidata.org/entity/Q29329757,Q29329757,Reservoir,,
France,Q142,http://www.wikidata.org/entity/Q29329799,Q29329799,Reservoir,,
France,Q142,http://www.wikidata.org/entity/Q29329840,Q29329840,Reservoir,,
France,Q142,http://www.wikidata.org/entity/Q29329847,Q29329847,Reservoir,,
France,Q142,http://www.wikidata.org/entity/Q29329989,Q29329989,Reservoir,,
France,Q142,http://www.wikidata.org/entity/Q29330031,Q29330031,Reservoir,,
France,Q142,http://www.wikidata.org/entity/Q29330057,Q29330057,Reservoir,,
France,Q142,http://www.wikidata.org/entity/Q29330258,Q29330258,Reservoir,,
France,Q142,http://www.wikidata.org/entity/Q29330307,Q29330307,Reservoir,,
France,Q142,http://www.wikidata.org/entity/Q29330370,Q29330370,Reservoir,,
France,Q142,http://www.wikidata.org/entity/Q29330388,Q29330388,Reservoir,,
France,Q142,http://www.wikidata.org/entity/Q29330445,Q29330445,Reservoir,,
France,Q142,http://www.wikidata.org/entity/Q29330818,Q29330818,Reservoir,,
France,Q142,http://www.wikidata.org/entity/Q29319273,Q29319273,Reservoir,,
France,Q142,http://www.wikidata.org/entity/Q29327970,Fonts baptismaux,Reservoir,,
France,Q142,http://www.wikidata.org/entity/Q29329831,round baptismal font on column in Genestelle,Reservoir,,
France,Q142,http://www.wikidata.org/entity/Q29328709,Fonts baptismaux de l'église Saint-Paul de Crottet,Reservoir,,
France,Q142,http://www.wikidata.org/entity/Q29172016,Q29172016,Reservoir,,
France,Q142,http://www.wikidata.org/entity/Q29171328,Q29171328,Reservoir,,
France,Q142,http://www.wikidata.org/entity/Q29174734,Q29174734,Reservoir,,
France,Q142,http://www.wikidata.org/entity/Q29171890,Q29171890,Reservoir,,
France,Q142,http://www.wikidata.org/entity/Q29171956,Q29171956,Reservoir,,
France,Q142,http://www.wikidata.org/entity/Q29172514,Q29172514,Reservoir,,
France,Q142,http://www.wikidata.org/entity/Q29174185,Q29174185,Reservoir,,
France,Q142,http://www.wikidata.org/entity/Q29174627,Q29174627,Reservoir,,
France,Q142,http://www.wikidata.org/entity/Q29174265,Q29174265,Reservoir,,
France,Q142,http://www.wikidata.org/entity/Q29173284,Q29173284,Reservoir,,
France,Q142,http://www.wikidata.org/entity/Q29173786,Q29173786,Reservoir,,
France,Q142,http://www.wikidata.org/entity/Q29174386,Q29174386,Reservoir,,
France,Q142,http://www.wikidata.org/entity/Q29175736,Q29175736,Reservoir,,
France,Q142,http://www.wikidata.org/entity/Q29171239,Q29171239,Reservoir,,
France,Q142,http://www.wikidata.org/entity/Q29171335,Q29171335,Reservoir,,
France,Q142,http://www.wikidata.org/entity/Q29171560,Q29171560,Reservoir,,
France,Q142,http://www.wikidata.org/entity/Q29171786,Q29171786,Reservoir,,
France,Q142,http://www.wikidata.org/entity/Q29172017,Q29172017,Reservoir,,
France,Q142,http://www.wikidata.org/entity/Q29172112,Q29172112,Reservoir,,
France,Q142,http://www.wikidata.org/entity/Q29172448,Q29172448,Reservoir,,
France,Q142,http://www.wikidata.org/entity/Q29173011,Q29173011,Reservoir,,
France,Q142,http://www.wikidata.org/entity/Q29173694,Q29173694,Reservoir,,
France,Q142,http://www.wikidata.org/entity/Q29173720,Q29173720,Reservoir,,
France,Q142,http://www.wikidata.org/entity/Q29174430,Q29174430,Reservoir,,
France,Q142,http://www.wikidata.org/entity/Q29174506,Q29174506,Reservoir,,
France,Q142,http://www.wikidata.org/entity/Q29174560,Q29174560,Reservoir,,
France,Q142,http://www.wikidata.org/entity/Q29171569,Q29171569,Reservoir,,
France,Q142,http://www.wikidata.org/entity/Q29171259,Q29171259,Reservoir,,
France,Q142,http://www.wikidata.org/entity/Q29171277,Q29171277,Reservoir,,
France,Q142,http://www.wikidata.org/entity/Q29171287,Q29171287,Reservoir,,
France,Q142,http://www.wikidata.org/entity/Q29171297,Q29171297,Reservoir,,
France,Q142,http://www.wikidata.org/entity/Q29171350,Q29171350,Reservoir,,
France,Q142,http://www.wikidata.org/entity/Q29171373,Q29171373,Reservoir,,
France,Q142,http://www.wikidata.org/entity/Q29171392,Q29171392,Reservoir,,
France,Q142,http://www.wikidata.org/entity/Q29171403,Q29171403,Reservoir,,
France,Q142,http://www.wikidata.org/entity/Q29171437,Q29171437,Reservoir,,
France,Q142,http://www.wikidata.org/entity/Q29171441,Q29171441,Reservoir,,
France,Q142,http://www.wikidata.org/entity/Q29171464,Q29171464,Reservoir,,
France,Q142,http://www.wikidata.org/entity/Q29171539,Q29171539,Reservoir,,
France,Q142,http://www.wikidata.org/entity/Q29171593,Q29171593,Reservoir,,
France,Q142,http://www.wikidata.org/entity/Q29171608,Q29171608,Reservoir,,
France,Q142,http://www.wikidata.org/entity/Q29171650,Q29171650,Reservoir,,
France,Q142,http://www.wikidata.org/entity/Q29171672,Q29171672,Reservoir,,
France,Q142,http://www.wikidata.org/entity/Q29171694,Q29171694,Reservoir,,
France,Q142,http://www.wikidata.org/entity/Q29171714,Q29171714,Reservoir,,
France,Q142,http://www.wikidata.org/entity/Q29171763,Q29171763,Reservoir,,
France,Q142,http://www.wikidata.org/entity/Q29171769,Q29171769,Reservoir,,
France,Q142,http://www.wikidata.org/entity/Q29171843,Q29171843,Reservoir,,
France,Q142,http://www.wikidata.org/entity/Q29171916,Q29171916,Reservoir,,
France,Q142,http://www.wikidata.org/entity/Q29171927,Q29171927,Reservoir,,
France,Q142,http://www.wikidata.org/entity/Q29171930,Q29171930,Reservoir,,
France,Q142,http://www.wikidata.org/entity/Q29171971,Q29171971,Reservoir,,
France,Q142,http://www.wikidata.org/entity/Q29171988,Q29171988,Reservoir,,
France,Q142,http://www.wikidata.org/entity/Q29172040,Q29172040,Reservoir,,
France,Q142,http://www.wikidata.org/entity/Q29172055,Q29172055,Reservoir,,
France,Q142,http://www.wikidata.org/entity/Q29172069,Q29172069,Reservoir,,
France,Q142,http://www.wikidata.org/entity/Q29172103,Q29172103,Reservoir,,
France,Q142,http://www.wikidata.org/entity/Q29172110,Q29172110,Reservoir,,
France,Q142,http://www.wikidata.org/entity/Q29172187,Q29172187,Reservoir,,
France,Q142,http://www.wikidata.org/entity/Q29172219,Q29172219,Reservoir,,
France,Q142,http://www.wikidata.org/entity/Q29172265,Q29172265,Reservoir,,
France,Q142,http://www.wikidata.org/entity/Q29172327,Q29172327,Reservoir,,
France,Q142,http://www.wikidata.org/entity/Q29172340,Q29172340,Reservoir,,
France,Q142,http://www.wikidata.org/entity/Q29172540,Q29172540,Reservoir,,
France,Q142,http://www.wikidata.org/entity/Q29173067,Q29173067,Reservoir,,
France,Q142,http://www.wikidata.org/entity/Q29173093,Q29173093,Reservoir,,
France,Q142,http://www.wikidata.org/entity/Q29173106,Q29173106,Reservoir,,
France,Q142,http://www.wikidata.org/entity/Q29173166,Q29173166,Reservoir,,
France,Q142,http://www.wikidata.org/entity/Q29173291,Q29173291,Reservoir,,
France,Q142,http://www.wikidata.org/entity/Q29173335,Q29173335,Reservoir,,
France,Q142,http://www.wikidata.org/entity/Q29173382,Q29173382,Reservoir,,
France,Q142,http://www.wikidata.org/entity/Q29173523,Q29173523,Reservoir,,
France,Q142,http://www.wikidata.org/entity/Q29173596,Q29173596,Reservoir,,
France,Q142,http://www.wikidata.org/entity/Q29173615,Q29173615,Reservoir,,
France,Q142,http://www.wikidata.org/entity/Q29173643,Q29173643,Reservoir,,
France,Q142,http://www.wikidata.org/entity/Q29173750,Q29173750,Reservoir,,
France,Q142,http://www.wikidata.org/entity/Q29173771,Q29173771,Reservoir,,
France,Q142,http://www.wikidata.org/entity/Q29173830,Q29173830,Reservoir,,
France,Q142,http://www.wikidata.org/entity/Q29174003,Q29174003,Reservoir,,
France,Q142,http://www.wikidata.org/entity/Q29174336,Q29174336,Reservoir,,
France,Q142,http://www.wikidata.org/entity/Q29174363,Q29174363,Reservoir,,
France,Q142,http://www.wikidata.org/entity/Q29174376,Q29174376,Reservoir,,
France,Q142,http://www.wikidata.org/entity/Q29174457,Q29174457,Reservoir,,
France,Q142,http://www.wikidata.org/entity/Q29174870,Q29174870,Reservoir,,
France,Q142,http://www.wikidata.org/entity/Q29175029,Q29175029,Reservoir,,
France,Q142,http://www.wikidata.org/entity/Q29175128,Q29175128,Reservoir,,
France,Q142,http://www.wikidata.org/entity/Q29175255,Q29175255,Reservoir,,
France,Q142,http://www.wikidata.org/entity/Q29175469,Q29175469,Reservoir,,
France,Q142,http://www.wikidata.org/entity/Q29175473,Q29175473,Reservoir,,
France,Q142,http://www.wikidata.org/entity/Q29175500,Q29175500,Reservoir,,
France,Q142,http://www.wikidata.org/entity/Q29175616,Q29175616,Reservoir,,
France,Q142,http://www.wikidata.org/entity/Q29176064,Q29176064,Reservoir,,
France,Q142,http://www.wikidata.org/entity/Q29176068,Q29176068,Reservoir,,
France,Q142,http://www.wikidata.org/entity/Q29176089,Q29176089,Reservoir,,
France,Q142,http://www.wikidata.org/entity/Q29176246,Q29176246,Reservoir,,
France,Q142,http://www.wikidata.org/entity/Q29176245,Q29176245,Reservoir,,
France,Q142,http://www.wikidata.org/entity/Q29176253,Q29176253,Reservoir,,
France,Q142,http://www.wikidata.org/entity/Q29176319,Q29176319,Reservoir,,
France,Q142,http://www.wikidata.org/entity/Q29176028,Fonts baptismaux de l'église Saint-Martin,Reservoir,,
France,Q142,http://www.wikidata.org/entity/Q29276053,Q29276053,Reservoir,,
France,Q142,http://www.wikidata.org/entity/Q29276611,Q29276611,Reservoir,,
France,Q142,http://www.wikidata.org/entity/Q29276305,Q29276305,Reservoir,,
France,Q142,http://www.wikidata.org/entity/Q29277103,Q29277103,Reservoir,,
France,Q142,http://www.wikidata.org/entity/Q29276600,Q29276600,Reservoir,,
France,Q142,http://www.wikidata.org/entity/Q29277087,Q29277087,Reservoir,,
France,Q142,http://www.wikidata.org/entity/Q29276885,Q29276885,Reservoir,,
France,Q142,http://www.wikidata.org/entity/Q29277310,Q29277310,Reservoir,,
France,Q142,http://www.wikidata.org/entity/Q29279090,Q29279090,Reservoir,,
France,Q142,http://www.wikidata.org/entity/Q29278075,Q29278075,Reservoir,,
France,Q142,http://www.wikidata.org/entity/Q29277567,Q29277567,Reservoir,,
France,Q142,http://www.wikidata.org/entity/Q29277618,Q29277618,Reservoir,,
France,Q142,http://www.wikidata.org/entity/Q29276844,Q29276844,Reservoir,,
France,Q142,http://www.wikidata.org/entity/Q29276892,Q29276892,Reservoir,,
France,Q142,http://www.wikidata.org/entity/Q29277177,Q29277177,Reservoir,,
France,Q142,http://www.wikidata.org/entity/Q29278020,Q29278020,Reservoir,,
France,Q142,http://www.wikidata.org/entity/Q29274340,Q29274340,Reservoir,,
France,Q142,http://www.wikidata.org/entity/Q29274365,Q29274365,Reservoir,,
France,Q142,http://www.wikidata.org/entity/Q29274411,Q29274411,Reservoir,,
France,Q142,http://www.wikidata.org/entity/Q29274416,Q29274416,Reservoir,,
France,Q142,http://www.wikidata.org/entity/Q29274452,Q29274452,Reservoir,,
France,Q142,http://www.wikidata.org/entity/Q29274474,Q29274474,Reservoir,,
France,Q142,http://www.wikidata.org/entity/Q29274499,Q29274499,Reservoir,,
France,Q142,http://www.wikidata.org/entity/Q29274668,Q29274668,Reservoir,,
France,Q142,http://www.wikidata.org/entity/Q29274677,Q29274677,Reservoir,,
France,Q142,http://www.wikidata.org/entity/Q29274686,Q29274686,Reservoir,,
France,Q142,http://www.wikidata.org/entity/Q29274691,Q29274691,Reservoir,,
France,Q142,http://www.wikidata.org/entity/Q29274696,Q29274696,Reservoir,,
France,Q142,http://www.wikidata.org/entity/Q29274769,Q29274769,Reservoir,,
France,Q142,http://www.wikidata.org/entity/Q29274813,Q29274813,Reservoir,,
France,Q142,http://www.wikidata.org/entity/Q29274836,Q29274836,Reservoir,,
France,Q142,http://www.wikidata.org/entity/Q29274848,Q29274848,Reservoir,,
France,Q142,http://www.wikidata.org/entity/Q29274854,Q29274854,Reservoir,,
France,Q142,http://www.wikidata.org/entity/Q29274852,Q29274852,Reservoir,,
France,Q142,http://www.wikidata.org/entity/Q29274866,Q29274866,Reservoir,,
France,Q142,http://www.wikidata.org/entity/Q29274870,Q29274870,Reservoir,,
France,Q142,http://www.wikidata.org/entity/Q29274947,Q29274947,Reservoir,,
France,Q142,http://www.wikidata.org/entity/Q29274967,Q29274967,Reservoir,,
France,Q142,http://www.wikidata.org/entity/Q29274999,Q29274999,Reservoir,,
France,Q142,http://www.wikidata.org/entity/Q29275004,Q29275004,Reservoir,,
France,Q142,http://www.wikidata.org/entity/Q29275008,Q29275008,Reservoir,,
France,Q142,http://www.wikidata.org/entity/Q29275037,Q29275037,Reservoir,,
France,Q142,http://www.wikidata.org/entity/Q29275040,Q29275040,Reservoir,,
France,Q142,http://www.wikidata.org/entity/Q29275055,Q29275055,Reservoir,,
France,Q142,http://www.wikidata.org/entity/Q29275059,Q29275059,Reservoir,,
France,Q142,http://www.wikidata.org/entity/Q29275084,Q29275084,Reservoir,,
France,Q142,http://www.wikidata.org/entity/Q29275096,Q29275096,Reservoir,,
France,Q142,http://www.wikidata.org/entity/Q29275153,Q29275153,Reservoir,,
France,Q142,http://www.wikidata.org/entity/Q29275188,Q29275188,Reservoir,,
France,Q142,http://www.wikidata.org/entity/Q29275202,Q29275202,Reservoir,,
France,Q142,http://www.wikidata.org/entity/Q29275208,Q29275208,Reservoir,,
France,Q142,http://www.wikidata.org/entity/Q29275217,Q29275217,Reservoir,,
France,Q142,http://www.wikidata.org/entity/Q29275234,Q29275234,Reservoir,,
France,Q142,http://www.wikidata.org/entity/Q29275236,Q29275236,Reservoir,,
France,Q142,http://www.wikidata.org/entity/Q29275241,Q29275241,Reservoir,,
France,Q142,http://www.wikidata.org/entity/Q29275267,Q29275267,Reservoir,,
France,Q142,http://www.wikidata.org/entity/Q29275274,Q29275274,Reservoir,,
France,Q142,http://www.wikidata.org/entity/Q29275282,Q29275282,Reservoir,,
France,Q142,http://www.wikidata.org/entity/Q29275432,Q29275432,Reservoir,,
France,Q142,http://www.wikidata.org/entity/Q29275455,Q29275455,Reservoir,,
France,Q142,http://www.wikidata.org/entity/Q29275459,Q29275459,Reservoir,,
France,Q142,http://www.wikidata.org/entity/Q29275473,Q29275473,Reservoir,,
France,Q142,http://www.wikidata.org/entity/Q29275490,Q29275490,Reservoir,,
France,Q142,http://www.wikidata.org/entity/Q29275498,Q29275498,Reservoir,,
France,Q142,http://www.wikidata.org/entity/Q29275523,Q29275523,Reservoir,,
France,Q142,http://www.wikidata.org/entity/Q29275534,Q29275534,Reservoir,,
France,Q142,http://www.wikidata.org/entity/Q29275578,Q29275578,Reservoir,,
France,Q142,http://www.wikidata.org/entity/Q29275598,Q29275598,Reservoir,,
France,Q142,http://www.wikidata.org/entity/Q29275643,Q29275643,Reservoir,,
France,Q142,http://www.wikidata.org/entity/Q29275649,Q29275649,Reservoir,,
France,Q142,http://www.wikidata.org/entity/Q29275653,Q29275653,Reservoir,,
France,Q142,http://www.wikidata.org/entity/Q29275656,Q29275656,Reservoir,,
France,Q142,http://www.wikidata.org/entity/Q29275657,Q29275657,Reservoir,,
France,Q142,http://www.wikidata.org/entity/Q29275674,Q29275674,Reservoir,,
France,Q142,http://www.wikidata.org/entity/Q29275673,Q29275673,Reservoir,,
France,Q142,http://www.wikidata.org/entity/Q29275903,Q29275903,Reservoir,,
France,Q142,http://www.wikidata.org/entity/Q29275986,Q29275986,Reservoir,,
France,Q142,http://www.wikidata.org/entity/Q29276184,Q29276184,Reservoir,,
France,Q142,http://www.wikidata.org/entity/Q29276406,Q29276406,Reservoir,,
France,Q142,http://www.wikidata.org/entity/Q29276441,Q29276441,Reservoir,,
France,Q142,http://www.wikidata.org/entity/Q29276448,Q29276448,Reservoir,,
France,Q142,http://www.wikidata.org/entity/Q29277066,Q29277066,Reservoir,,
France,Q142,http://www.wikidata.org/entity/Q29277126,Q29277126,Reservoir,,
France,Q142,http://www.wikidata.org/entity/Q29277351,Q29277351,Reservoir,,
France,Q142,http://www.wikidata.org/entity/Q29277728,Q29277728,Reservoir,,
France,Q142,http://www.wikidata.org/entity/Q29277885,Q29277885,Reservoir,,
France,Q142,http://www.wikidata.org/entity/Q29277902,Q29277902,Reservoir,,
France,Q142,http://www.wikidata.org/entity/Q29278134,Q29278134,Reservoir,,
France,Q142,http://www.wikidata.org/entity/Q29278151,Q29278151,Reservoir,,
France,Q142,http://www.wikidata.org/entity/Q29278385,Q29278385,Reservoir,,
France,Q142,http://www.wikidata.org/entity/Q29278535,Q29278535,Reservoir,,
France,Q142,http://www.wikidata.org/entity/Q29278719,Q29278719,Reservoir,,
France,Q142,http://www.wikidata.org/entity/Q29279938,Q29279938,Reservoir,,
France,Q142,http://www.wikidata.org/entity/Q29279989,Q29279989,Reservoir,,
France,Q142,http://www.wikidata.org/entity/Q29280004,Q29280004,Reservoir,,
France,Q142,http://www.wikidata.org/entity/Q29280029,Q29280029,Reservoir,,
France,Q142,http://www.wikidata.org/entity/Q29280316,Q29280316,Reservoir,,
France,Q142,http://www.wikidata.org/entity/Q29284219,Q29284219,Reservoir,,
France,Q142,http://www.wikidata.org/entity/Q29284249,Q29284249,Reservoir,,
France,Q142,http://www.wikidata.org/entity/Q29284401,Q29284401,Reservoir,,
France,Q142,http://www.wikidata.org/entity/Q29284442,Q29284442,Reservoir,,
France,Q142,http://www.wikidata.org/entity/Q29284570,Q29284570,Reservoir,,
France,Q142,http://www.wikidata.org/entity/Q29284647,Q29284647,Reservoir,,
France,Q142,http://www.wikidata.org/entity/Q29284744,Q29284744,Reservoir,,
France,Q142,http://www.wikidata.org/entity/Q29284812,Q29284812,Reservoir,,
France,Q142,http://www.wikidata.org/entity/Q29285010,Q29285010,Reservoir,,
France,Q142,http://www.wikidata.org/entity/Q29285079,Q29285079,Reservoir,,
France,Q142,http://www.wikidata.org/entity/Q29285114,Q29285114,Reservoir,,
France,Q142,http://www.wikidata.org/entity/Q29285247,Q29285247,Reservoir,,
France,Q142,http://www.wikidata.org/entity/Q29285258,Q29285258,Reservoir,,
France,Q142,http://www.wikidata.org/entity/Q29285509,Q29285509,Reservoir,,
France,Q142,http://www.wikidata.org/entity/Q29286388,Q29286388,Reservoir,,
France,Q142,http://www.wikidata.org/entity/Q29282171,Q29282171,Reservoir,,
France,Q142,http://www.wikidata.org/entity/Q29281045,Q29281045,Reservoir,,
France,Q142,http://www.wikidata.org/entity/Q29285358,Q29285358,Reservoir,,
France,Q142,http://www.wikidata.org/entity/Q29285469,Q29285469,Reservoir,,
France,Q142,http://www.wikidata.org/entity/Q29280551,Q29280551,Reservoir,,
France,Q142,http://www.wikidata.org/entity/Q29280618,Q29280618,Reservoir,,
France,Q142,http://www.wikidata.org/entity/Q29280084,Q29280084,Reservoir,,
France,Q142,http://www.wikidata.org/entity/Q29280119,Q29280119,Reservoir,,
France,Q142,http://www.wikidata.org/entity/Q29280117,Q29280117,Reservoir,,
France,Q142,http://www.wikidata.org/entity/Q29280134,Q29280134,Reservoir,,
France,Q142,http://www.wikidata.org/entity/Q29280199,Q29280199,Reservoir,,
France,Q142,http://www.wikidata.org/entity/Q29280224,Q29280224,Reservoir,,
France,Q142,http://www.wikidata.org/entity/Q29280383,Q29280383,Reservoir,,
France,Q142,http://www.wikidata.org/entity/Q29280440,Q29280440,Reservoir,,
France,Q142,http://www.wikidata.org/entity/Q29280470,Q29280470,Reservoir,,
France,Q142,http://www.wikidata.org/entity/Q29280517,Q29280517,Reservoir,,
France,Q142,http://www.wikidata.org/entity/Q29280685,Q29280685,Reservoir,,
France,Q142,http://www.wikidata.org/entity/Q29280778,Q29280778,Reservoir,,
France,Q142,http://www.wikidata.org/entity/Q29280814,Q29280814,Reservoir,,
France,Q142,http://www.wikidata.org/entity/Q29280877,Q29280877,Reservoir,,
France,Q142,http://www.wikidata.org/entity/Q29280945,Q29280945,Reservoir,,
France,Q142,http://www.wikidata.org/entity/Q29280953,Q29280953,Reservoir,,
France,Q142,http://www.wikidata.org/entity/Q29281238,Q29281238,Reservoir,,
France,Q142,http://www.wikidata.org/entity/Q29281252,Q29281252,Reservoir,,
France,Q142,http://www.wikidata.org/entity/Q29281306,Q29281306,Reservoir,,
France,Q142,http://www.wikidata.org/entity/Q29281380,Q29281380,Reservoir,,
France,Q142,http://www.wikidata.org/entity/Q29281714,Q29281714,Reservoir,,
France,Q142,http://www.wikidata.org/entity/Q29281715,Q29281715,Reservoir,,
France,Q142,http://www.wikidata.org/entity/Q29281949,Q29281949,Reservoir,,
France,Q142,http://www.wikidata.org/entity/Q29281970,Q29281970,Reservoir,,
France,Q142,http://www.wikidata.org/entity/Q29282030,Q29282030,Reservoir,,
France,Q142,http://www.wikidata.org/entity/Q29282156,Q29282156,Reservoir,,
France,Q142,http://www.wikidata.org/entity/Q29282200,Q29282200,Reservoir,,
France,Q142,http://www.wikidata.org/entity/Q29282433,Q29282433,Reservoir,,
France,Q142,http://www.wikidata.org/entity/Q29282466,Q29282466,Reservoir,,
France,Q142,http://www.wikidata.org/entity/Q29282488,Q29282488,Reservoir,,
France,Q142,http://www.wikidata.org/entity/Q29282528,Q29282528,Reservoir,,
France,Q142,http://www.wikidata.org/entity/Q29282659,Q29282659,Reservoir,,
France,Q142,http://www.wikidata.org/entity/Q29282816,Q29282816,Reservoir,,
France,Q142,http://www.wikidata.org/entity/Q29282946,Q29282946,Reservoir,,
France,Q142,http://www.wikidata.org/entity/Q29283068,Q29283068,Reservoir,,
France,Q142,http://www.wikidata.org/entity/Q29283101,Q29283101,Reservoir,,
France,Q142,http://www.wikidata.org/entity/Q29283291,Q29283291,Reservoir,,
France,Q142,http://www.wikidata.org/entity/Q29283440,Q29283440,Reservoir,,
France,Q142,http://www.wikidata.org/entity/Q29283636,Q29283636,Reservoir,,
France,Q142,http://www.wikidata.org/entity/Q29283680,Q29283680,Reservoir,,
France,Q142,http://www.wikidata.org/entity/Q29283841,Q29283841,Reservoir,,
France,Q142,http://www.wikidata.org/entity/Q29284142,Q29284142,Reservoir,,
France,Q142,http://www.wikidata.org/entity/Q29284143,Q29284143,Reservoir,,
France,Q142,http://www.wikidata.org/entity/Q29284235,Q29284235,Reservoir,,
France,Q142,http://www.wikidata.org/entity/Q29284291,Q29284291,Reservoir,,
France,Q142,http://www.wikidata.org/entity/Q29284308,Q29284308,Reservoir,,
France,Q142,http://www.wikidata.org/entity/Q29284323,Q29284323,Reservoir,,
France,Q142,http://www.wikidata.org/entity/Q29284444,Q29284444,Reservoir,,
France,Q142,http://www.wikidata.org/entity/Q29284657,Q29284657,Reservoir,,
France,Q142,http://www.wikidata.org/entity/Q29284673,Q29284673,Reservoir,,
France,Q142,http://www.wikidata.org/entity/Q29284701,Q29284701,Reservoir,,
France,Q142,http://www.wikidata.org/entity/Q29284707,Q29284707,Reservoir,,
France,Q142,http://www.wikidata.org/entity/Q29284705,Q29284705,Reservoir,,
France,Q142,http://www.wikidata.org/entity/Q29284797,Q29284797,Reservoir,,
France,Q142,http://www.wikidata.org/entity/Q29284849,Q29284849,Reservoir,,
France,Q142,http://www.wikidata.org/entity/Q29284927,Q29284927,Reservoir,,
France,Q142,http://www.wikidata.org/entity/Q29285073,Q29285073,Reservoir,,
France,Q142,http://www.wikidata.org/entity/Q29285253,Q29285253,Reservoir,,
France,Q142,http://www.wikidata.org/entity/Q29285364,Q29285364,Reservoir,,
France,Q142,http://www.wikidata.org/entity/Q29286533,Q29286533,Reservoir,,
France,Q142,http://www.wikidata.org/entity/Q29286570,Q29286570,Reservoir,,
France,Q142,http://www.wikidata.org/entity/Q29286581,Q29286581,Reservoir,,
France,Q142,http://www.wikidata.org/entity/Q29286591,Q29286591,Reservoir,,
France,Q142,http://www.wikidata.org/entity/Q29286589,Q29286589,Reservoir,,
France,Q142,http://www.wikidata.org/entity/Q29286604,Q29286604,Reservoir,,
France,Q142,http://www.wikidata.org/entity/Q29286610,Q29286610,Reservoir,,
France,Q142,http://www.wikidata.org/entity/Q29286626,Q29286626,Reservoir,,
France,Q142,http://www.wikidata.org/entity/Q29286701,Q29286701,Reservoir,,
France,Q142,http://www.wikidata.org/entity/Q29286716,Q29286716,Reservoir,,
France,Q142,http://www.wikidata.org/entity/Q29286798,Q29286798,Reservoir,,
France,Q142,http://www.wikidata.org/entity/Q29286796,Q29286796,Reservoir,,
France,Q142,http://www.wikidata.org/entity/Q29286797,Q29286797,Reservoir,,
France,Q142,http://www.wikidata.org/entity/Q29286800,Q29286800,Reservoir,,
France,Q142,http://www.wikidata.org/entity/Q29286806,Q29286806,Reservoir,,
France,Q142,http://www.wikidata.org/entity/Q29286816,Q29286816,Reservoir,,
France,Q142,http://www.wikidata.org/entity/Q29286855,Q29286855,Reservoir,,
France,Q142,http://www.wikidata.org/entity/Q29286856,Q29286856,Reservoir,,
France,Q142,http://www.wikidata.org/entity/Q29286862,Q29286862,Reservoir,,
France,Q142,http://www.wikidata.org/entity/Q29288164,Q29288164,Reservoir,,
France,Q142,http://www.wikidata.org/entity/Q29287196,Q29287196,Reservoir,,
France,Q142,http://www.wikidata.org/entity/Q29287585,Q29287585,Reservoir,,
France,Q142,http://www.wikidata.org/entity/Q29287851,Q29287851,Reservoir,,
France,Q142,http://www.wikidata.org/entity/Q29287848,Q29287848,Reservoir,,
France,Q142,http://www.wikidata.org/entity/Q29287895,Q29287895,Reservoir,,
France,Q142,http://www.wikidata.org/entity/Q29287919,Q29287919,Reservoir,,
France,Q142,http://www.wikidata.org/entity/Q29288700,Q29288700,Reservoir,,
France,Q142,http://www.wikidata.org/entity/Q29289181,Q29289181,Reservoir,,
France,Q142,http://www.wikidata.org/entity/Q29290009,Q29290009,Reservoir,,
France,Q142,http://www.wikidata.org/entity/Q29288397,Q29288397,Reservoir,,
France,Q142,http://www.wikidata.org/entity/Q29289197,Q29289197,Reservoir,,
France,Q142,http://www.wikidata.org/entity/Q29289298,Q29289298,Reservoir,,
France,Q142,http://www.wikidata.org/entity/Q29289373,Q29289373,Reservoir,,
France,Q142,http://www.wikidata.org/entity/Q29289620,Q29289620,Reservoir,,
France,Q142,http://www.wikidata.org/entity/Q29290022,Q29290022,Reservoir,,
France,Q142,http://www.wikidata.org/entity/Q29286919,Q29286919,Reservoir,,
France,Q142,http://www.wikidata.org/entity/Q29286924,Q29286924,Reservoir,,
France,Q142,http://www.wikidata.org/entity/Q29286949,Q29286949,Reservoir,,
France,Q142,http://www.wikidata.org/entity/Q29286973,Q29286973,Reservoir,,
France,Q142,http://www.wikidata.org/entity/Q29286985,Q29286985,Reservoir,,
France,Q142,http://www.wikidata.org/entity/Q29286998,Q29286998,Reservoir,,
France,Q142,http://www.wikidata.org/entity/Q29286996,Q29286996,Reservoir,,
France,Q142,http://www.wikidata.org/entity/Q29287020,Q29287020,Reservoir,,
France,Q142,http://www.wikidata.org/entity/Q29287027,Q29287027,Reservoir,,
France,Q142,http://www.wikidata.org/entity/Q29287025,Q29287025,Reservoir,,
France,Q142,http://www.wikidata.org/entity/Q29287032,Q29287032,Reservoir,,
France,Q142,http://www.wikidata.org/entity/Q29287043,Q29287043,Reservoir,,
France,Q142,http://www.wikidata.org/entity/Q29287060,Q29287060,Reservoir,,
France,Q142,http://www.wikidata.org/entity/Q29287061,Q29287061,Reservoir,,
France,Q142,http://www.wikidata.org/entity/Q29287080,Q29287080,Reservoir,,
France,Q142,http://www.wikidata.org/entity/Q29287084,Q29287084,Reservoir,,
France,Q142,http://www.wikidata.org/entity/Q29287119,Q29287119,Reservoir,,
France,Q142,http://www.wikidata.org/entity/Q29287129,Q29287129,Reservoir,,
France,Q142,http://www.wikidata.org/entity/Q29287134,Q29287134,Reservoir,,
France,Q142,http://www.wikidata.org/entity/Q29287140,Q29287140,Reservoir,,
France,Q142,http://www.wikidata.org/entity/Q29287156,Q29287156,Reservoir,,
France,Q142,http://www.wikidata.org/entity/Q29287167,Q29287167,Reservoir,,
France,Q142,http://www.wikidata.org/entity/Q29287323,Q29287323,Reservoir,,
France,Q142,http://www.wikidata.org/entity/Q29287325,Q29287325,Reservoir,,
France,Q142,http://www.wikidata.org/entity/Q29287382,Q29287382,Reservoir,,
France,Q142,http://www.wikidata.org/entity/Q29287400,Q29287400,Reservoir,,
France,Q142,http://www.wikidata.org/entity/Q29287406,Q29287406,Reservoir,,
France,Q142,http://www.wikidata.org/entity/Q29287481,Q29287481,Reservoir,,
France,Q142,http://www.wikidata.org/entity/Q29287486,Q29287486,Reservoir,,
France,Q142,http://www.wikidata.org/entity/Q29287536,Q29287536,Reservoir,,
France,Q142,http://www.wikidata.org/entity/Q29287580,Q29287580,Reservoir,,
France,Q142,http://www.wikidata.org/entity/Q29287591,Q29287591,Reservoir,,
France,Q142,http://www.wikidata.org/entity/Q29287588,Q29287588,Reservoir,,
France,Q142,http://www.wikidata.org/entity/Q29287627,Q29287627,Reservoir,,
France,Q142,http://www.wikidata.org/entity/Q29287628,Q29287628,Reservoir,,
France,Q142,http://www.wikidata.org/entity/Q29287686,Q29287686,Reservoir,,
France,Q142,http://www.wikidata.org/entity/Q29287702,Q29287702,Reservoir,,
France,Q142,http://www.wikidata.org/entity/Q29287705,Q29287705,Reservoir,,
France,Q142,http://www.wikidata.org/entity/Q29287822,Q29287822,Reservoir,,
France,Q142,http://www.wikidata.org/entity/Q29287844,Q29287844,Reservoir,,
France,Q142,http://www.wikidata.org/entity/Q29287850,Q29287850,Reservoir,,
France,Q142,http://www.wikidata.org/entity/Q29287926,Q29287926,Reservoir,,
France,Q142,http://www.wikidata.org/entity/Q29287925,Q29287925,Reservoir,,
France,Q142,http://www.wikidata.org/entity/Q29287931,Q29287931,Reservoir,,
France,Q142,http://www.wikidata.org/entity/Q29287939,Q29287939,Reservoir,,
France,Q142,http://www.wikidata.org/entity/Q29288046,Q29288046,Reservoir,,
France,Q142,http://www.wikidata.org/entity/Q29288336,Q29288336,Reservoir,,
France,Q142,http://www.wikidata.org/entity/Q29288371,Q29288371,Reservoir,,
France,Q142,http://www.wikidata.org/entity/Q29288441,Q29288441,Reservoir,,
France,Q142,http://www.wikidata.org/entity/Q29288572,Q29288572,Reservoir,,
France,Q142,http://www.wikidata.org/entity/Q29288627,Q29288627,Reservoir,,
France,Q142,http://www.wikidata.org/entity/Q29288666,Q29288666,Reservoir,,
France,Q142,http://www.wikidata.org/entity/Q29289251,Q29289251,Reservoir,,
France,Q142,http://www.wikidata.org/entity/Q29289382,Q29289382,Reservoir,,
France,Q142,http://www.wikidata.org/entity/Q29289442,Q29289442,Reservoir,,
France,Q142,http://www.wikidata.org/entity/Q29289609,Q29289609,Reservoir,,
France,Q142,http://www.wikidata.org/entity/Q29289693,Q29289693,Reservoir,,
France,Q142,http://www.wikidata.org/entity/Q29289988,Q29289988,Reservoir,,
France,Q142,http://www.wikidata.org/entity/Q29290331,Q29290331,Reservoir,,
France,Q142,http://www.wikidata.org/entity/Q29290363,Q29290363,Reservoir,,
France,Q142,http://www.wikidata.org/entity/Q29290367,Q29290367,Reservoir,,
France,Q142,http://www.wikidata.org/entity/Q29290364,Q29290364,Reservoir,,
France,Q142,http://www.wikidata.org/entity/Q29290368,Q29290368,Reservoir,,
France,Q142,http://www.wikidata.org/entity/Q29290381,Q29290381,Reservoir,,
France,Q142,http://www.wikidata.org/entity/Q29290407,Q29290407,Reservoir,,
France,Q142,http://www.wikidata.org/entity/Q29290410,Q29290410,Reservoir,,
France,Q142,http://www.wikidata.org/entity/Q29290427,Q29290427,Reservoir,,
France,Q142,http://www.wikidata.org/entity/Q29290446,Q29290446,Reservoir,,
France,Q142,http://www.wikidata.org/entity/Q29290508,Q29290508,Reservoir,,
France,Q142,http://www.wikidata.org/entity/Q29290611,Q29290611,Reservoir,,
France,Q142,http://www.wikidata.org/entity/Q29290708,Q29290708,Reservoir,,
France,Q142,http://www.wikidata.org/entity/Q29290751,Q29290751,Reservoir,,
France,Q142,http://www.wikidata.org/entity/Q29290838,Q29290838,Reservoir,,
France,Q142,http://www.wikidata.org/entity/Q29290865,Q29290865,Reservoir,,
France,Q142,http://www.wikidata.org/entity/Q29290326,Fonts baptismaux de l'église Saint-Gervais de Pontpoint,Reservoir,,
France,Q142,http://www.wikidata.org/entity/Q29290348,Fonts baptismaux de l'église Saint-Josse de Parnes,Reservoir,,
France,Q142,http://www.wikidata.org/entity/Q29290389,Fonts baptismaux de l'église Saint-Vast de Nointel,Reservoir,,
France,Q142,http://www.wikidata.org/entity/Q29290526,Fonts baptismaux de l'église Saint-Jean-Baptiste de Montépilloy,Reservoir,,
France,Q142,http://www.wikidata.org/entity/Q29290671,Fonts baptismaux de l'église St-Marcou de Monceaux-l'Abbaye,Reservoir,,
France,Q142,http://www.wikidata.org/entity/Q29290727,Fonts baptismaux de l'église Saint-Denis de Mogneville,Reservoir,,
France,Q142,http://www.wikidata.org/entity/Q29290790,Fonts baptismaux de l'église Saint-Michel du Mesnil-en-Thelle,Reservoir,,
France,Q142,http://www.wikidata.org/entity/Q29289357,Fonts baptismaux de l'église Saint-Rémi d'Orrouy,Reservoir,,
France,Q142,http://www.wikidata.org/entity/Q29250697,Q29250697,Reservoir,,
France,Q142,http://www.wikidata.org/entity/Q29252274,Q29252274,Reservoir,,
France,Q142,http://www.wikidata.org/entity/Q29253614,Q29253614,Reservoir,,
France,Q142,http://www.wikidata.org/entity/Q29254148,Q29254148,Reservoir,,
France,Q142,http://www.wikidata.org/entity/Q29257641,Q29257641,Reservoir,,
France,Q142,http://www.wikidata.org/entity/Q29257749,Q29257749,Reservoir,,
France,Q142,http://www.wikidata.org/entity/Q29258481,Q29258481,Reservoir,,
France,Q142,http://www.wikidata.org/entity/Q29263635,Q29263635,Reservoir,,
France,Q142,http://www.wikidata.org/entity/Q29250941,Q29250941,Reservoir,,
France,Q142,http://www.wikidata.org/entity/Q29253547,Q29253547,Reservoir,,
France,Q142,http://www.wikidata.org/entity/Q29257879,Q29257879,Reservoir,,
France,Q142,http://www.wikidata.org/entity/Q29260827,Q29260827,Reservoir,,
France,Q142,http://www.wikidata.org/entity/Q29250796,Q29250796,Reservoir,,
France,Q142,http://www.wikidata.org/entity/Q29250304,Q29250304,Reservoir,,
France,Q142,http://www.wikidata.org/entity/Q29250801,Q29250801,Reservoir,,
France,Q142,http://www.wikidata.org/entity/Q29257580,Q29257580,Reservoir,,
France,Q142,http://www.wikidata.org/entity/Q29250835,Q29250835,Reservoir,,
France,Q142,http://www.wikidata.org/entity/Q29250471,Q29250471,Reservoir,,
France,Q142,http://www.wikidata.org/entity/Q29250515,Q29250515,Reservoir,,
France,Q142,http://www.wikidata.org/entity/Q29250529,Q29250529,Reservoir,,
France,Q142,http://www.wikidata.org/entity/Q29250973,Q29250973,Reservoir,,
France,Q142,http://www.wikidata.org/entity/Q29251178,Q29251178,Reservoir,,
France,Q142,http://www.wikidata.org/entity/Q29251389,Q29251389,Reservoir,,
France,Q142,http://www.wikidata.org/entity/Q29251542,Q29251542,Reservoir,,
France,Q142,http://www.wikidata.org/entity/Q29252135,Q29252135,Reservoir,,
France,Q142,http://www.wikidata.org/entity/Q29252358,Q29252358,Reservoir,,
France,Q142,http://www.wikidata.org/entity/Q29252676,Q29252676,Reservoir,,
France,Q142,http://www.wikidata.org/entity/Q29253000,Q29253000,Reservoir,,
France,Q142,http://www.wikidata.org/entity/Q29253106,Q29253106,Reservoir,,
France,Q142,http://www.wikidata.org/entity/Q29253105,Q29253105,Reservoir,,
France,Q142,http://www.wikidata.org/entity/Q29253142,Q29253142,Reservoir,,
France,Q142,http://www.wikidata.org/entity/Q29253140,Q29253140,Reservoir,,
France,Q142,http://www.wikidata.org/entity/Q29253168,Q29253168,Reservoir,,
France,Q142,http://www.wikidata.org/entity/Q29253386,Q29253386,Reservoir,,
France,Q142,http://www.wikidata.org/entity/Q29254152,Q29254152,Reservoir,,
France,Q142,http://www.wikidata.org/entity/Q29254414,Q29254414,Reservoir,,
France,Q142,http://www.wikidata.org/entity/Q29254416,Q29254416,Reservoir,,
France,Q142,http://www.wikidata.org/entity/Q29254705,Q29254705,Reservoir,,
France,Q142,http://www.wikidata.org/entity/Q29254739,Q29254739,Reservoir,,
France,Q142,http://www.wikidata.org/entity/Q29254821,Q29254821,Reservoir,,
France,Q142,http://www.wikidata.org/entity/Q29254862,Q29254862,Reservoir,,
France,Q142,http://www.wikidata.org/entity/Q29255066,Q29255066,Reservoir,,
France,Q142,http://www.wikidata.org/entity/Q29255083,Q29255083,Reservoir,,
France,Q142,http://www.wikidata.org/entity/Q29255496,Q29255496,Reservoir,,
France,Q142,http://www.wikidata.org/entity/Q29255526,Q29255526,Reservoir,,
France,Q142,http://www.wikidata.org/entity/Q29255560,Q29255560,Reservoir,,
France,Q142,http://www.wikidata.org/entity/Q29255938,Q29255938,Reservoir,,
France,Q142,http://www.wikidata.org/entity/Q29256531,Q29256531,Reservoir,,
France,Q142,http://www.wikidata.org/entity/Q29256815,Q29256815,Reservoir,,
France,Q142,http://www.wikidata.org/entity/Q29256934,Q29256934,Reservoir,,
France,Q142,http://www.wikidata.org/entity/Q29257615,Q29257615,Reservoir,,
France,Q142,http://www.wikidata.org/entity/Q29257669,Q29257669,Reservoir,,
France,Q142,http://www.wikidata.org/entity/Q29257803,Q29257803,Reservoir,,
France,Q142,http://www.wikidata.org/entity/Q29258019,Q29258019,Reservoir,,
France,Q142,http://www.wikidata.org/entity/Q29258016,Q29258016,Reservoir,,
France,Q142,http://www.wikidata.org/entity/Q29258040,Q29258040,Reservoir,,
France,Q142,http://www.wikidata.org/entity/Q29258080,Q29258080,Reservoir,,
France,Q142,http://www.wikidata.org/entity/Q29258207,Q29258207,Reservoir,,
France,Q142,http://www.wikidata.org/entity/Q29258324,Q29258324,Reservoir,,
France,Q142,http://www.wikidata.org/entity/Q29258746,Q29258746,Reservoir,,
France,Q142,http://www.wikidata.org/entity/Q29258765,Q29258765,Reservoir,,
France,Q142,http://www.wikidata.org/entity/Q29258783,Q29258783,Reservoir,,
France,Q142,http://www.wikidata.org/entity/Q29259208,Q29259208,Reservoir,,
France,Q142,http://www.wikidata.org/entity/Q29259326,Q29259326,Reservoir,,
France,Q142,http://www.wikidata.org/entity/Q29259541,Q29259541,Reservoir,,
France,Q142,http://www.wikidata.org/entity/Q29259739,Q29259739,Reservoir,,
France,Q142,http://www.wikidata.org/entity/Q29259806,Q29259806,Reservoir,,
France,Q142,http://www.wikidata.org/entity/Q29260007,Q29260007,Reservoir,,
France,Q142,http://www.wikidata.org/entity/Q29260135,Q29260135,Reservoir,,
France,Q142,http://www.wikidata.org/entity/Q29260349,Q29260349,Reservoir,,
France,Q142,http://www.wikidata.org/entity/Q29260361,Q29260361,Reservoir,,
France,Q142,http://www.wikidata.org/entity/Q29260506,Q29260506,Reservoir,,
France,Q142,http://www.wikidata.org/entity/Q29260912,Q29260912,Reservoir,,
France,Q142,http://www.wikidata.org/entity/Q29261036,Q29261036,Reservoir,,
France,Q142,http://www.wikidata.org/entity/Q29261146,Q29261146,Reservoir,,
France,Q142,http://www.wikidata.org/entity/Q29261597,Q29261597,Reservoir,,
France,Q142,http://www.wikidata.org/entity/Q29262641,Q29262641,Reservoir,,
France,Q142,http://www.wikidata.org/entity/Q29262661,Q29262661,Reservoir,,
France,Q142,http://www.wikidata.org/entity/Q29262873,Q29262873,Reservoir,,
France,Q142,http://www.wikidata.org/entity/Q29263116,Q29263116,Reservoir,,
France,Q142,http://www.wikidata.org/entity/Q29263320,Q29263320,Reservoir,,
France,Q142,http://www.wikidata.org/entity/Q29263361,Q29263361,Reservoir,,
France,Q142,http://www.wikidata.org/entity/Q29263418,Q29263418,Reservoir,,
France,Q142,http://www.wikidata.org/entity/Q29263741,Q29263741,Reservoir,,
France,Q142,http://www.wikidata.org/entity/Q29263865,Q29263865,Reservoir,,
France,Q142,http://www.wikidata.org/entity/Q29263881,Q29263881,Reservoir,,
France,Q142,http://www.wikidata.org/entity/Q29263890,Q29263890,Reservoir,,
France,Q142,http://www.wikidata.org/entity/Q29264031,Q29264031,Reservoir,,
France,Q142,http://www.wikidata.org/entity/Q29264060,Q29264060,Reservoir,,
France,Q142,http://www.wikidata.org/entity/Q29264135,Q29264135,Reservoir,,
France,Q142,http://www.wikidata.org/entity/Q29264312,Q29264312,Reservoir,,
France,Q142,http://www.wikidata.org/entity/Q29264333,Q29264333,Reservoir,,
France,Q142,http://www.wikidata.org/entity/Q29264390,Q29264390,Reservoir,,
France,Q142,http://www.wikidata.org/entity/Q29264413,Q29264413,Reservoir,,
France,Q142,http://www.wikidata.org/entity/Q29264907,Q29264907,Reservoir,,
France,Q142,http://www.wikidata.org/entity/Q29265009,Q29265009,Reservoir,,
France,Q142,http://www.wikidata.org/entity/Q29265098,Q29265098,Reservoir,,
France,Q142,http://www.wikidata.org/entity/Q29264099,Fonts baptismaux à Castelnau-Picampeau,Reservoir,,
France,Q142,http://www.wikidata.org/entity/Q29267077,Q29267077,Reservoir,,
France,Q142,http://www.wikidata.org/entity/Q29266145,Q29266145,Reservoir,,
France,Q142,http://www.wikidata.org/entity/Q29273107,Q29273107,Reservoir,,
France,Q142,http://www.wikidata.org/entity/Q29273262,Q29273262,Reservoir,,
France,Q142,http://www.wikidata.org/entity/Q29265674,Q29265674,Reservoir,,
France,Q142,http://www.wikidata.org/entity/Q29267576,Q29267576,Reservoir,,
France,Q142,http://www.wikidata.org/entity/Q29269957,Q29269957,Reservoir,,
France,Q142,http://www.wikidata.org/entity/Q29272796,Q29272796,Reservoir,,
France,Q142,http://www.wikidata.org/entity/Q29273683,Q29273683,Reservoir,,
France,Q142,http://www.wikidata.org/entity/Q29265102,Q29265102,Reservoir,,
France,Q142,http://www.wikidata.org/entity/Q29265134,Q29265134,Reservoir,,
France,Q142,http://www.wikidata.org/entity/Q29265444,Q29265444,Reservoir,,
France,Q142,http://www.wikidata.org/entity/Q29265549,Q29265549,Reservoir,,
France,Q142,http://www.wikidata.org/entity/Q29265844,Q29265844,Reservoir,,
France,Q142,http://www.wikidata.org/entity/Q29265917,Q29265917,Reservoir,,
France,Q142,http://www.wikidata.org/entity/Q29265935,Q29265935,Reservoir,,
France,Q142,http://www.wikidata.org/entity/Q29265975,Q29265975,Reservoir,,
France,Q142,http://www.wikidata.org/entity/Q29266005,Q29266005,Reservoir,,
France,Q142,http://www.wikidata.org/entity/Q29266041,Q29266041,Reservoir,,
France,Q142,http://www.wikidata.org/entity/Q29266098,Q29266098,Reservoir,,
France,Q142,http://www.wikidata.org/entity/Q29266739,Q29266739,Reservoir,,
France,Q142,http://www.wikidata.org/entity/Q29266774,Q29266774,Reservoir,,
France,Q142,http://www.wikidata.org/entity/Q29267436,Q29267436,Reservoir,,
France,Q142,http://www.wikidata.org/entity/Q29267458,Q29267458,Reservoir,,
France,Q142,http://www.wikidata.org/entity/Q29267666,Q29267666,Reservoir,,
France,Q142,http://www.wikidata.org/entity/Q29267855,Q29267855,Reservoir,,
France,Q142,http://www.wikidata.org/entity/Q29268144,Q29268144,Reservoir,,
France,Q142,http://www.wikidata.org/entity/Q29268184,Q29268184,Reservoir,,
France,Q142,http://www.wikidata.org/entity/Q29268335,Q29268335,Reservoir,,
France,Q142,http://www.wikidata.org/entity/Q29268609,Q29268609,Reservoir,,
France,Q142,http://www.wikidata.org/entity/Q29268822,Q29268822,Reservoir,,
France,Q142,http://www.wikidata.org/entity/Q29268824,Q29268824,Reservoir,,
France,Q142,http://www.wikidata.org/entity/Q29268929,Q29268929,Reservoir,,
France,Q142,http://www.wikidata.org/entity/Q29269080,Q29269080,Reservoir,,
France,Q142,http://www.wikidata.org/entity/Q29269746,Q29269746,Reservoir,,
France,Q142,http://www.wikidata.org/entity/Q29270036,Q29270036,Reservoir,,
France,Q142,http://www.wikidata.org/entity/Q29270062,Q29270062,Reservoir,,
France,Q142,http://www.wikidata.org/entity/Q29270447,Q29270447,Reservoir,,
France,Q142,http://www.wikidata.org/entity/Q29270583,Q29270583,Reservoir,,
France,Q142,http://www.wikidata.org/entity/Q29270604,Q29270604,Reservoir,,
France,Q142,http://www.wikidata.org/entity/Q29270700,Q29270700,Reservoir,,
France,Q142,http://www.wikidata.org/entity/Q29270866,Q29270866,Reservoir,,
France,Q142,http://www.wikidata.org/entity/Q29270908,Q29270908,Reservoir,,
France,Q142,http://www.wikidata.org/entity/Q29270909,Q29270909,Reservoir,,
France,Q142,http://www.wikidata.org/entity/Q29271203,Q29271203,Reservoir,,
France,Q142,http://www.wikidata.org/entity/Q29271287,Q29271287,Reservoir,,
France,Q142,http://www.wikidata.org/entity/Q29271324,Q29271324,Reservoir,,
France,Q142,http://www.wikidata.org/entity/Q29271375,Q29271375,Reservoir,,
France,Q142,http://www.wikidata.org/entity/Q29271473,Q29271473,Reservoir,,
France,Q142,http://www.wikidata.org/entity/Q29271499,Q29271499,Reservoir,,
France,Q142,http://www.wikidata.org/entity/Q29271559,Q29271559,Reservoir,,
France,Q142,http://www.wikidata.org/entity/Q29271562,Q29271562,Reservoir,,
France,Q142,http://www.wikidata.org/entity/Q29271651,Q29271651,Reservoir,,
France,Q142,http://www.wikidata.org/entity/Q29271685,Q29271685,Reservoir,,
France,Q142,http://www.wikidata.org/entity/Q29271820,Q29271820,Reservoir,,
France,Q142,http://www.wikidata.org/entity/Q29271905,Q29271905,Reservoir,,
France,Q142,http://www.wikidata.org/entity/Q29272271,Q29272271,Reservoir,,
France,Q142,http://www.wikidata.org/entity/Q29272459,Q29272459,Reservoir,,
France,Q142,http://www.wikidata.org/entity/Q29272587,Q29272587,Reservoir,,
France,Q142,http://www.wikidata.org/entity/Q29272732,Q29272732,Reservoir,,
France,Q142,http://www.wikidata.org/entity/Q29273423,Q29273423,Reservoir,,
France,Q142,http://www.wikidata.org/entity/Q29273454,Q29273454,Reservoir,,
France,Q142,http://www.wikidata.org/entity/Q29273457,Q29273457,Reservoir,,
France,Q142,http://www.wikidata.org/entity/Q29273503,Q29273503,Reservoir,,
France,Q142,http://www.wikidata.org/entity/Q29273506,Q29273506,Reservoir,,
France,Q142,http://www.wikidata.org/entity/Q29273514,Q29273514,Reservoir,,
France,Q142,http://www.wikidata.org/entity/Q29273585,Q29273585,Reservoir,,
France,Q142,http://www.wikidata.org/entity/Q29273591,Q29273591,Reservoir,,
France,Q142,http://www.wikidata.org/entity/Q29273603,Q29273603,Reservoir,,
France,Q142,http://www.wikidata.org/entity/Q29273620,Q29273620,Reservoir,,
France,Q142,http://www.wikidata.org/entity/Q29273653,Q29273653,Reservoir,,
France,Q142,http://www.wikidata.org/entity/Q29273657,Q29273657,Reservoir,,
France,Q142,http://www.wikidata.org/entity/Q29273693,Q29273693,Reservoir,,
France,Q142,http://www.wikidata.org/entity/Q29273713,Q29273713,Reservoir,,
France,Q142,http://www.wikidata.org/entity/Q29273748,Q29273748,Reservoir,,
France,Q142,http://www.wikidata.org/entity/Q29273818,Q29273818,Reservoir,,
France,Q142,http://www.wikidata.org/entity/Q29273828,Q29273828,Reservoir,,
France,Q142,http://www.wikidata.org/entity/Q29273833,Q29273833,Reservoir,,
France,Q142,http://www.wikidata.org/entity/Q29273843,Q29273843,Reservoir,,
France,Q142,http://www.wikidata.org/entity/Q29273860,Q29273860,Reservoir,,
France,Q142,http://www.wikidata.org/entity/Q29273897,Q29273897,Reservoir,,
France,Q142,http://www.wikidata.org/entity/Q29273900,Q29273900,Reservoir,,
France,Q142,http://www.wikidata.org/entity/Q29273923,Q29273923,Reservoir,,
France,Q142,http://www.wikidata.org/entity/Q29273920,Q29273920,Reservoir,,
France,Q142,http://www.wikidata.org/entity/Q29273943,Q29273943,Reservoir,,
France,Q142,http://www.wikidata.org/entity/Q29273941,Q29273941,Reservoir,,
France,Q142,http://www.wikidata.org/entity/Q29273979,Q29273979,Reservoir,,
France,Q142,http://www.wikidata.org/entity/Q29273984,Q29273984,Reservoir,,
France,Q142,http://www.wikidata.org/entity/Q29274009,Q29274009,Reservoir,,
France,Q142,http://www.wikidata.org/entity/Q29274015,Q29274015,Reservoir,,
France,Q142,http://www.wikidata.org/entity/Q29274055,Q29274055,Reservoir,,
France,Q142,http://www.wikidata.org/entity/Q29274096,Q29274096,Reservoir,,
France,Q142,http://www.wikidata.org/entity/Q29274135,Q29274135,Reservoir,,
France,Q142,http://www.wikidata.org/entity/Q29274161,Q29274161,Reservoir,,
France,Q142,http://www.wikidata.org/entity/Q29274170,Q29274170,Reservoir,,
France,Q142,http://www.wikidata.org/entity/Q29274183,Q29274183,Reservoir,,
France,Q142,http://www.wikidata.org/entity/Q29274298,Q29274298,Reservoir,,
France,Q142,http://www.wikidata.org/entity/Q29274299,Q29274299,Reservoir,,
France,Q142,http://www.wikidata.org/entity/Q29274313,Q29274313,Reservoir,,
France,Q142,http://www.wikidata.org/entity/Q29272438,Fonts baptismaux de l'église Notre-Dame-de-l'Assomption de Hautmont,Reservoir,,
France,Q142,http://www.wikidata.org/entity/Q29336309,Q29336309,Reservoir,,
France,Q142,http://www.wikidata.org/entity/Q29339217,Q29339217,Reservoir,,
France,Q142,http://www.wikidata.org/entity/Q29339719,Q29339719,Reservoir,,
France,Q142,http://www.wikidata.org/entity/Q29339444,Q29339444,Reservoir,,
France,Q142,http://www.wikidata.org/entity/Q29340458,Q29340458,Reservoir,,
France,Q142,http://www.wikidata.org/entity/Q29340598,Q29340598,Reservoir,,
France,Q142,http://www.wikidata.org/entity/Q29340977,Q29340977,Reservoir,,
France,Q142,http://www.wikidata.org/entity/Q29341432,Q29341432,Reservoir,,
France,Q142,http://www.wikidata.org/entity/Q29341433,Q29341433,Reservoir,,
France,Q142,http://www.wikidata.org/entity/Q29339669,Q29339669,Reservoir,,
France,Q142,http://www.wikidata.org/entity/Q29339464,Q29339464,Reservoir,,
France,Q142,http://www.wikidata.org/entity/Q29341466,Q29341466,Reservoir,,
France,Q142,http://www.wikidata.org/entity/Q29340495,Q29340495,Reservoir,,
France,Q142,http://www.wikidata.org/entity/Q29340522,Q29340522,Reservoir,,
France,Q142,http://www.wikidata.org/entity/Q29341257,Q29341257,Reservoir,,
France,Q142,http://www.wikidata.org/entity/Q29341469,Q29341469,Reservoir,,
France,Q142,http://www.wikidata.org/entity/Q29373294,Q29373294,Reservoir,,
France,Q142,http://www.wikidata.org/entity/Q29374292,Q29374292,Reservoir,,
France,Q142,http://www.wikidata.org/entity/Q29374029,Q29374029,Reservoir,,
France,Q142,http://www.wikidata.org/entity/Q29375102,Q29375102,Reservoir,,
France,Q142,http://www.wikidata.org/entity/Q29374443,Q29374443,Reservoir,,
France,Q142,http://www.wikidata.org/entity/Q29372462,Q29372462,Reservoir,,
France,Q142,http://www.wikidata.org/entity/Q29372612,Q29372612,Reservoir,,
France,Q142,http://www.wikidata.org/entity/Q29374155,Q29374155,Reservoir,,
France,Q142,http://www.wikidata.org/entity/Q29373705,Q29373705,Reservoir,,
France,Q142,http://www.wikidata.org/entity/Q29375228,Q29375228,Reservoir,,
France,Q142,http://www.wikidata.org/entity/Q29374252,Q29374252,Reservoir,,
France,Q142,http://www.wikidata.org/entity/Q29374271,Q29374271,Reservoir,,
France,Q142,http://www.wikidata.org/entity/Q29373702,Q29373702,Reservoir,,
France,Q142,http://www.wikidata.org/entity/Q29372408,Q29372408,Reservoir,,
France,Q142,http://www.wikidata.org/entity/Q29373083,Q29373083,Reservoir,,
France,Q142,http://www.wikidata.org/entity/Q29330955,Q29330955,Reservoir,,
France,Q142,http://www.wikidata.org/entity/Q29331277,Q29331277,Reservoir,,
France,Q142,http://www.wikidata.org/entity/Q29331476,Q29331476,Reservoir,,
France,Q142,http://www.wikidata.org/entity/Q29331666,Q29331666,Reservoir,,
France,Q142,http://www.wikidata.org/entity/Q29332821,Q29332821,Reservoir,,
France,Q142,http://www.wikidata.org/entity/Q29333131,Q29333131,Reservoir,,
France,Q142,http://www.wikidata.org/entity/Q29333207,Q29333207,Reservoir,,
France,Q142,http://www.wikidata.org/entity/Q29333267,Q29333267,Reservoir,,
France,Q142,http://www.wikidata.org/entity/Q29333303,Q29333303,Reservoir,,
France,Q142,http://www.wikidata.org/entity/Q29333357,Q29333357,Reservoir,,
France,Q142,http://www.wikidata.org/entity/Q29333400,Q29333400,Reservoir,,
France,Q142,http://www.wikidata.org/entity/Q29333721,Q29333721,Reservoir,,
France,Q142,http://www.wikidata.org/entity/Q29333842,Q29333842,Reservoir,,
France,Q142,http://www.wikidata.org/entity/Q29333946,Q29333946,Reservoir,,
France,Q142,http://www.wikidata.org/entity/Q29334011,Q29334011,Reservoir,,
France,Q142,http://www.wikidata.org/entity/Q29334194,Q29334194,Reservoir,,
France,Q142,http://www.wikidata.org/entity/Q29334199,Q29334199,Reservoir,,
France,Q142,http://www.wikidata.org/entity/Q29334378,Q29334378,Reservoir,,
France,Q142,http://www.wikidata.org/entity/Q29334967,Q29334967,Reservoir,,
France,Q142,http://www.wikidata.org/entity/Q29334970,Q29334970,Reservoir,,
France,Q142,http://www.wikidata.org/entity/Q29335301,Q29335301,Reservoir,,
France,Q142,http://www.wikidata.org/entity/Q29335306,Q29335306,Reservoir,,
France,Q142,http://www.wikidata.org/entity/Q29335821,Q29335821,Reservoir,,
France,Q142,http://www.wikidata.org/entity/Q29335828,Q29335828,Reservoir,,
France,Q142,http://www.wikidata.org/entity/Q29335866,Q29335866,Reservoir,,
France,Q142,http://www.wikidata.org/entity/Q29336618,Q29336618,Reservoir,,
France,Q142,http://www.wikidata.org/entity/Q29336795,Q29336795,Reservoir,,
France,Q142,http://www.wikidata.org/entity/Q29338294,Q29338294,Reservoir,,
France,Q142,http://www.wikidata.org/entity/Q29338676,Q29338676,Reservoir,,
France,Q142,http://www.wikidata.org/entity/Q29338739,Q29338739,Reservoir,,
France,Q142,http://www.wikidata.org/entity/Q29338770,Q29338770,Reservoir,,
France,Q142,http://www.wikidata.org/entity/Q29338955,Q29338955,Reservoir,,
France,Q142,http://www.wikidata.org/entity/Q29338965,Q29338965,Reservoir,,
France,Q142,http://www.wikidata.org/entity/Q29339036,Q29339036,Reservoir,,
France,Q142,http://www.wikidata.org/entity/Q29339040,Q29339040,Reservoir,,
France,Q142,http://www.wikidata.org/entity/Q29339064,Q29339064,Reservoir,,
France,Q142,http://www.wikidata.org/entity/Q29339249,Q29339249,Reservoir,,
France,Q142,http://www.wikidata.org/entity/Q29339479,Q29339479,Reservoir,,
France,Q142,http://www.wikidata.org/entity/Q29339565,Q29339565,Reservoir,,
France,Q142,http://www.wikidata.org/entity/Q29339761,Q29339761,Reservoir,,
France,Q142,http://www.wikidata.org/entity/Q29339785,Q29339785,Reservoir,,
France,Q142,http://www.wikidata.org/entity/Q29339798,Q29339798,Reservoir,,
France,Q142,http://www.wikidata.org/entity/Q29340170,Q29340170,Reservoir,,
France,Q142,http://www.wikidata.org/entity/Q29340181,Q29340181,Reservoir,,
France,Q142,http://www.wikidata.org/entity/Q29340508,Q29340508,Reservoir,,
France,Q142,http://www.wikidata.org/entity/Q29340531,Q29340531,Reservoir,,
France,Q142,http://www.wikidata.org/entity/Q29340669,Q29340669,Reservoir,,
France,Q142,http://www.wikidata.org/entity/Q29340874,Q29340874,Reservoir,,
France,Q142,http://www.wikidata.org/entity/Q29340888,Q29340888,Reservoir,,
France,Q142,http://www.wikidata.org/entity/Q29340906,Q29340906,Reservoir,,
France,Q142,http://www.wikidata.org/entity/Q29340928,Q29340928,Reservoir,,
France,Q142,http://www.wikidata.org/entity/Q29340999,Q29340999,Reservoir,,
France,Q142,http://www.wikidata.org/entity/Q29341227,Q29341227,Reservoir,,
France,Q142,http://www.wikidata.org/entity/Q29341292,Q29341292,Reservoir,,
France,Q142,http://www.wikidata.org/entity/Q29341334,Q29341334,Reservoir,,
France,Q142,http://www.wikidata.org/entity/Q29372470,Q29372470,Reservoir,,
France,Q142,http://www.wikidata.org/entity/Q29374695,Q29374695,Reservoir,,
France,Q142,http://www.wikidata.org/entity/Q29374697,Q29374697,Reservoir,,
France,Q142,http://www.wikidata.org/entity/Q29374781,Q29374781,Reservoir,,
France,Q142,http://www.wikidata.org/entity/Q29374796,Q29374796,Reservoir,,
France,Q142,http://www.wikidata.org/entity/Q29374931,Q29374931,Reservoir,,
France,Q142,http://www.wikidata.org/entity/Q29374953,Q29374953,Reservoir,,
France,Q142,http://www.wikidata.org/entity/Q29374994,Q29374994,Reservoir,,
France,Q142,http://www.wikidata.org/entity/Q29375329,Q29375329,Reservoir,,
France,Q142,http://www.wikidata.org/entity/Q29374257,Baptismal fonts of Église Sainte-Tanche,Reservoir,,
France,Q142,http://www.wikidata.org/entity/Q29293550,Q29293550,Reservoir,,
France,Q142,http://www.wikidata.org/entity/Q29291032,Q29291032,Reservoir,,
France,Q142,http://www.wikidata.org/entity/Q29291039,Q29291039,Reservoir,,
France,Q142,http://www.wikidata.org/entity/Q29291089,Q29291089,Reservoir,,
France,Q142,http://www.wikidata.org/entity/Q29291094,Q29291094,Reservoir,,
France,Q142,http://www.wikidata.org/entity/Q29291110,Q29291110,Reservoir,,
France,Q142,http://www.wikidata.org/entity/Q29291122,Q29291122,Reservoir,,
France,Q142,http://www.wikidata.org/entity/Q29291121,Q29291121,Reservoir,,
France,Q142,http://www.wikidata.org/entity/Q29291135,Q29291135,Reservoir,,
France,Q142,http://www.wikidata.org/entity/Q29291133,Q29291133,Reservoir,,
France,Q142,http://www.wikidata.org/entity/Q29291140,Q29291140,Reservoir,,
France,Q142,http://www.wikidata.org/entity/Q29291172,Q29291172,Reservoir,,
France,Q142,http://www.wikidata.org/entity/Q29291197,Q29291197,Reservoir,,
France,Q142,http://www.wikidata.org/entity/Q29291203,Q29291203,Reservoir,,
France,Q142,http://www.wikidata.org/entity/Q29291248,Q29291248,Reservoir,,
France,Q142,http://www.wikidata.org/entity/Q29291296,Q29291296,Reservoir,,
France,Q142,http://www.wikidata.org/entity/Q29291300,Q29291300,Reservoir,,
France,Q142,http://www.wikidata.org/entity/Q29291301,Q29291301,Reservoir,,
France,Q142,http://www.wikidata.org/entity/Q29291305,Q29291305,Reservoir,,
France,Q142,http://www.wikidata.org/entity/Q29291329,Q29291329,Reservoir,,
France,Q142,http://www.wikidata.org/entity/Q29291351,Q29291351,Reservoir,,
France,Q142,http://www.wikidata.org/entity/Q29291354,Q29291354,Reservoir,,
France,Q142,http://www.wikidata.org/entity/Q29291398,Q29291398,Reservoir,,
France,Q142,http://www.wikidata.org/entity/Q29291410,Q29291410,Reservoir,,
France,Q142,http://www.wikidata.org/entity/Q29291543,Q29291543,Reservoir,,
France,Q142,http://www.wikidata.org/entity/Q29291583,Q29291583,Reservoir,,
France,Q142,http://www.wikidata.org/entity/Q29291659,Q29291659,Reservoir,,
France,Q142,http://www.wikidata.org/entity/Q29291668,Q29291668,Reservoir,,
France,Q142,http://www.wikidata.org/entity/Q29291737,Q29291737,Reservoir,,
France,Q142,http://www.wikidata.org/entity/Q29291740,Q29291740,Reservoir,,
France,Q142,http://www.wikidata.org/entity/Q29291747,Q29291747,Reservoir,,
France,Q142,http://www.wikidata.org/entity/Q29291771,Q29291771,Reservoir,,
France,Q142,http://www.wikidata.org/entity/Q29291824,Q29291824,Reservoir,,
France,Q142,http://www.wikidata.org/entity/Q29291835,Q29291835,Reservoir,,
France,Q142,http://www.wikidata.org/entity/Q29291839,Q29291839,Reservoir,,
France,Q142,http://www.wikidata.org/entity/Q29291852,Q29291852,Reservoir,,
France,Q142,http://www.wikidata.org/entity/Q29291866,Q29291866,Reservoir,,
France,Q142,http://www.wikidata.org/entity/Q29291883,Q29291883,Reservoir,,
France,Q142,http://www.wikidata.org/entity/Q29291885,Q29291885,Reservoir,,
France,Q142,http://www.wikidata.org/entity/Q29291898,Q29291898,Reservoir,,
France,Q142,http://www.wikidata.org/entity/Q29291901,Q29291901,Reservoir,,
France,Q142,http://www.wikidata.org/entity/Q29292041,Q29292041,Reservoir,,
France,Q142,http://www.wikidata.org/entity/Q29292056,Q29292056,Reservoir,,
France,Q142,http://www.wikidata.org/entity/Q29292062,Q29292062,Reservoir,,
France,Q142,http://www.wikidata.org/entity/Q29292123,Q29292123,Reservoir,,
France,Q142,http://www.wikidata.org/entity/Q29292130,Q29292130,Reservoir,,
France,Q142,http://www.wikidata.org/entity/Q29292176,Q29292176,Reservoir,,
France,Q142,http://www.wikidata.org/entity/Q29292180,Q29292180,Reservoir,,
France,Q142,http://www.wikidata.org/entity/Q29292191,Q29292191,Reservoir,,
France,Q142,http://www.wikidata.org/entity/Q29292218,Q29292218,Reservoir,,
France,Q142,http://www.wikidata.org/entity/Q29292217,Q29292217,Reservoir,,
France,Q142,http://www.wikidata.org/entity/Q29292262,Q29292262,Reservoir,,
France,Q142,http://www.wikidata.org/entity/Q29292263,Q29292263,Reservoir,,
France,Q142,http://www.wikidata.org/entity/Q29292279,Q29292279,Reservoir,,
France,Q142,http://www.wikidata.org/entity/Q29292287,Q29292287,Reservoir,,
France,Q142,http://www.wikidata.org/entity/Q29292297,Q29292297,Reservoir,,
France,Q142,http://www.wikidata.org/entity/Q29292329,Q29292329,Reservoir,,
France,Q142,http://www.wikidata.org/entity/Q29292335,Q29292335,Reservoir,,
France,Q142,http://www.wikidata.org/entity/Q29292356,Q29292356,Reservoir,,
France,Q142,http://www.wikidata.org/entity/Q29292378,Q29292378,Reservoir,,
France,Q142,http://www.wikidata.org/entity/Q29292402,Q29292402,Reservoir,,
France,Q142,http://www.wikidata.org/entity/Q29292413,Q29292413,Reservoir,,
France,Q142,http://www.wikidata.org/entity/Q29292427,Q29292427,Reservoir,,
France,Q142,http://www.wikidata.org/entity/Q29292442,Q29292442,Reservoir,,
France,Q142,http://www.wikidata.org/entity/Q29292469,Q29292469,Reservoir,,
France,Q142,http://www.wikidata.org/entity/Q29292491,Q29292491,Reservoir,,
France,Q142,http://www.wikidata.org/entity/Q29292790,Q29292790,Reservoir,,
France,Q142,http://www.wikidata.org/entity/Q29292793,Q29292793,Reservoir,,
France,Q142,http://www.wikidata.org/entity/Q29292797,Q29292797,Reservoir,,
France,Q142,http://www.wikidata.org/entity/Q29292812,Q29292812,Reservoir,,
France,Q142,http://www.wikidata.org/entity/Q29292830,Q29292830,Reservoir,,
France,Q142,http://www.wikidata.org/entity/Q29292850,Q29292850,Reservoir,,
France,Q142,http://www.wikidata.org/entity/Q29292855,Q29292855,Reservoir,,
France,Q142,http://www.wikidata.org/entity/Q29293292,Q29293292,Reservoir,,
France,Q142,http://www.wikidata.org/entity/Q29293336,Q29293336,Reservoir,,
France,Q142,http://www.wikidata.org/entity/Q29293358,Q29293358,Reservoir,,
France,Q142,http://www.wikidata.org/entity/Q29293456,Q29293456,Reservoir,,
France,Q142,http://www.wikidata.org/entity/Q29293473,Q29293473,Reservoir,,
France,Q142,http://www.wikidata.org/entity/Q29291091,Baptismal font of Saint-Jean-Baptiste (Hétomesnil),Reservoir,,
France,Q142,http://www.wikidata.org/entity/Q29291143,Baptismal font of Ste-Marguerite,Reservoir,,
France,Q142,http://www.wikidata.org/entity/Q29291157,Baptismal font of St-Nicolas,Reservoir,,
France,Q142,http://www.wikidata.org/entity/Q29291163,Baptismal font of Notre-Dame,Reservoir,,
France,Q142,http://www.wikidata.org/entity/Q29291119,Fonts baptismaux de l'église Notre-Dame du Hamel (Oise),Reservoir,,
France,Q142,http://www.wikidata.org/entity/Q29291149,Gilocourt St Martin church (baptismal fonts),Reservoir,,
France,Q142,http://www.wikidata.org/entity/Q29291631,Baptismals fonts de l'église Saint-Étienne de Clairoix,Reservoir,,
France,Q142,http://www.wikidata.org/entity/Q29291645,Baptismals fonts de l'église Saint-Martin de Cinqueux,Reservoir,,
France,Q142,http://www.wikidata.org/entity/Q29291735,Baptismals fonts de l'église Saint-Martin de Cauvigny,Reservoir,,
France,Q142,http://www.wikidata.org/entity/Q29292094,Baptismal font of St-Léger,Reservoir,,
France,Q142,http://www.wikidata.org/entity/Q29292161,Fonts baptismaux de l'église Notre-Dame de Trumilly,Reservoir,,
France,Q142,http://www.wikidata.org/entity/Q29292194,Fonts baptismaux de l'église Saint-Nicolas de Raray,Reservoir,,
France,Q142,http://www.wikidata.org/entity/Q29292261,Fonts baptismaux de l'église Saint-Félix de Saint-Félix (Oise),Reservoir,,
France,Q142,http://www.wikidata.org/entity/Q29292266,Fonts baptismaux de l'église Saint-Laurent de Rocquemont,Reservoir,,
France,Q142,http://www.wikidata.org/entity/Q29292296,Fonts baptismaux de l'église Saint-Denis de Rieux,Reservoir,,
France,Q142,http://www.wikidata.org/entity/Q29292349,Fonts baptismaux de l'église Saint-Vaast de Saint-Vaast-lès-Mello,Reservoir,,
France,Q142,http://www.wikidata.org/entity/Q29292377,Fonts baptismaux de l'église Saint-Maximin de Saint-Maximin,Reservoir,,
France,Q142,http://www.wikidata.org/entity/Q29292473,Fonts baptismaux de l'église Saint-Martin de Rousseloy,Reservoir,,
France,Q142,http://www.wikidata.org/entity/Q29292481,Fonts baptismaux de l'église Saint-Crépin-et-Saint-Crépinien de Saint-Crépin-Ibouvillers,Reservoir,,
France,Q142,http://www.wikidata.org/entity/Q29292788,Fonts baptismaux de l'église Saint-Martin de Lierville,Reservoir,,
France,Q142,http://www.wikidata.org/entity/Q29292873,Fonts baptismaux de l'église Saint-Honoré de Verneuil-en-Halatte,Reservoir,,
France,Q142,http://www.wikidata.org/entity/Q29292305,Baptismal font (baptismal infusion tank),Reservoir,,
France,Q142,http://www.wikidata.org/entity/Q29377207,Q29377207,Reservoir,,
France,Q142,http://www.wikidata.org/entity/Q29377143,Q29377143,Reservoir,,
France,Q142,http://www.wikidata.org/entity/Q29377624,Q29377624,Reservoir,,
France,Q142,http://www.wikidata.org/entity/Q29376671,Q29376671,Reservoir,,
France,Q142,http://www.wikidata.org/entity/Q29377550,Q29377550,Reservoir,,
France,Q142,http://www.wikidata.org/entity/Q29376706,Q29376706,Reservoir,,
France,Q142,http://www.wikidata.org/entity/Q29377079,Q29377079,Reservoir,,
France,Q142,http://www.wikidata.org/entity/Q29377823,Q29377823,Reservoir,,
France,Q142,http://www.wikidata.org/entity/Q29377168,Q29377168,Reservoir,,
France,Q142,http://www.wikidata.org/entity/Q29377462,Q29377462,Reservoir,,
France,Q142,http://www.wikidata.org/entity/Q29377466,Q29377466,Reservoir,,
France,Q142,http://www.wikidata.org/entity/Q29377700,Q29377700,Reservoir,,
France,Q142,http://www.wikidata.org/entity/Q29376916,Q29376916,Reservoir,,
France,Q142,http://www.wikidata.org/entity/Q29377282,Q29377282,Reservoir,,
France,Q142,http://www.wikidata.org/entity/Q29377338,Q29377338,Reservoir,,
France,Q142,http://www.wikidata.org/entity/Q29377340,Q29377340,Reservoir,,
France,Q142,http://www.wikidata.org/entity/Q29377376,Q29377376,Reservoir,,
France,Q142,http://www.wikidata.org/entity/Q29377391,Q29377391,Reservoir,,
France,Q142,http://www.wikidata.org/entity/Q45273295,Q45273295,Reservoir,,
France,Q142,http://www.wikidata.org/entity/Q45285330,Q45285330,Reservoir,,
France,Q142,http://www.wikidata.org/entity/Q45897734,Q45897734,Reservoir,,
France,Q142,http://www.wikidata.org/entity/Q46096726,Q46096726,Reservoir,,
France,Q142,http://www.wikidata.org/entity/Q46123132,Q46123132,Reservoir,,
France,Q142,http://www.wikidata.org/entity/Q46196472,Q46196472,Reservoir,,
France,Q142,http://www.wikidata.org/entity/Q46229792,Q46229792,Reservoir,,
France,Q142,http://www.wikidata.org/entity/Q29377265,"Fonts baptismaux de l'église Saint-Gervais, Saint-Protais-et-Saint-Martin de Plailly",Reservoir,,
France,Q142,http://www.wikidata.org/entity/Q29377332,Baptismals fonts de l'église Notre-Dame de Chambly,Reservoir,,
France,Q142,http://www.wikidata.org/entity/Q29377356,Baptismal font de l'église Saint-Vaast d'Angicourt,Reservoir,,
France,Q142,http://www.wikidata.org/entity/Q29377323,Fonts baptismaux de l'église Notre-Dame-de-la-Nativité de Lavilletertre,Reservoir,,
France,Q142,http://www.wikidata.org/entity/Q93991422,Q93991422,Reservoir,,
France,Q142,http://www.wikidata.org/entity/Q78518413,Q78518413,Reservoir,,
France,Q142,http://www.wikidata.org/entity/Q78518499,Q78518499,Reservoir,,
France,Q142,http://www.wikidata.org/entity/Q78518527,Q78518527,Reservoir,,
France,Q142,http://www.wikidata.org/entity/Q78518551,Q78518551,Reservoir,,
France,Q142,http://www.wikidata.org/entity/Q78518577,Q78518577,Reservoir,,
France,Q142,http://www.wikidata.org/entity/Q78518602,Q78518602,Reservoir,,
France,Q142,http://www.wikidata.org/entity/Q78518626,Q78518626,Reservoir,,
France,Q142,http://www.wikidata.org/entity/Q78518694,Q78518694,Reservoir,,
France,Q142,http://www.wikidata.org/entity/Q78518742,Q78518742,Reservoir,,
France,Q142,http://www.wikidata.org/entity/Q78518766,Q78518766,Reservoir,,
France,Q142,http://www.wikidata.org/entity/Q78518790,Q78518790,Reservoir,,
France,Q142,http://www.wikidata.org/entity/Q78518861,Q78518861,Reservoir,,
France,Q142,http://www.wikidata.org/entity/Q45277526,Q45277526,Reservoir,,
France,Q142,http://www.wikidata.org/entity/Q90803135,Q90803135,Reservoir,,
France,Q142,http://www.wikidata.org/entity/Q93991471,Q93991471,Reservoir,,
France,Q142,http://www.wikidata.org/entity/Q93991490,Q93991490,Reservoir,,
France,Q142,http://www.wikidata.org/entity/Q93991503,Q93991503,Reservoir,,
France,Q142,http://www.wikidata.org/entity/Q90235037,Q90235037,Reservoir,,
France,Q142,http://www.wikidata.org/entity/Q90235397,Q90235397,Reservoir,,
France,Q142,http://www.wikidata.org/entity/Q90225372,Q90225372,Reservoir,,
France,Q142,http://www.wikidata.org/entity/Q90234481,Q90234481,Reservoir,,
France,Q142,http://www.wikidata.org/entity/Q90234495,Q90234495,Reservoir,,
France,Q142,http://www.wikidata.org/entity/Q90234515,Q90234515,Reservoir,,
France,Q142,http://www.wikidata.org/entity/Q90234532,Q90234532,Reservoir,,
France,Q142,http://www.wikidata.org/entity/Q90235026,Q90235026,Reservoir,,
France,Q142,http://www.wikidata.org/entity/Q90235032,Q90235032,Reservoir,,
France,Q142,http://www.wikidata.org/entity/Q90235041,Q90235041,Reservoir,,
France,Q142,http://www.wikidata.org/entity/Q90235051,Q90235051,Reservoir,,
France,Q142,http://www.wikidata.org/entity/Q90235058,Q90235058,Reservoir,,
France,Q142,http://www.wikidata.org/entity/Q90235066,Q90235066,Reservoir,,
France,Q142,http://www.wikidata.org/entity/Q90579486,Q90579486,Reservoir,,
France,Q142,http://www.wikidata.org/entity/Q90576364,Q90576364,Reservoir,,
France,Q142,http://www.wikidata.org/entity/Q90575064,Q90575064,Reservoir,,
France,Q142,http://www.wikidata.org/entity/Q90575103,Q90575103,Reservoir,,
France,Q142,http://www.wikidata.org/entity/Q90577668,Q90577668,Reservoir,,
France,Q142,http://www.wikidata.org/entity/Q90577736,Q90577736,Reservoir,,
France,Q142,http://www.wikidata.org/entity/Q90579501,Q90579501,Reservoir,,
France,Q142,http://www.wikidata.org/entity/Q90579676,Q90579676,Reservoir,,
France,Q142,http://www.wikidata.org/entity/Q90805741,Q90805741,Reservoir,,
France,Q142,http://www.wikidata.org/entity/Q90805783,Q90805783,Reservoir,,
France,Q142,http://www.wikidata.org/entity/Q90805791,Q90805791,Reservoir,,
France,Q142,http://www.wikidata.org/entity/Q90807557,Q90807557,Reservoir,,
France,Q142,http://www.wikidata.org/entity/Q90808061,Q90808061,Reservoir,,
France,Q142,http://www.wikidata.org/entity/Q90809301,Q90809301,Reservoir,,
France,Q142,http://www.wikidata.org/entity/Q90809642,Q90809642,Reservoir,,
France,Q142,http://www.wikidata.org/entity/Q90810839,Q90810839,Reservoir,,
France,Q142,http://www.wikidata.org/entity/Q90805834,Q90805834,Reservoir,,
France,Q142,http://www.wikidata.org/entity/Q90802653,Q90802653,Reservoir,,
France,Q142,http://www.wikidata.org/entity/Q90805069,Q90805069,Reservoir,,
France,Q142,http://www.wikidata.org/entity/Q90806819,Q90806819,Reservoir,,
France,Q142,http://www.wikidata.org/entity/Q90809057,Q90809057,Reservoir,,
France,Q142,http://www.wikidata.org/entity/Q90805799,Q90805799,Reservoir,,
France,Q142,http://www.wikidata.org/entity/Q90805821,Q90805821,Reservoir,,
France,Q142,http://www.wikidata.org/entity/Q90807335,Q90807335,Reservoir,,
France,Q142,http://www.wikidata.org/entity/Q90809481,Q90809481,Reservoir,,
France,Q142,http://www.wikidata.org/entity/Q90807582,Q90807582,Reservoir,,
France,Q142,http://www.wikidata.org/entity/Q46467033,Q46467033,Reservoir,,
France,Q142,http://www.wikidata.org/entity/Q78518649,Baptismal font of St-Germain,Reservoir,,
France,Q142,http://www.wikidata.org/entity/Q51170087,Q51170087,Reservoir,,
France,Q142,http://www.wikidata.org/entity/Q123347858,Baptismal font of Saint-Pierre (Bernay),Reservoir,,
France,Q142,http://www.wikidata.org/entity/Q123930085,Baptismal font of Saint-Symphorien (Haimps),Reservoir,,
France,Q142,http://www.wikidata.org/entity/Q2010705,Q2010705,Reservoir,,
France,Q142,http://www.wikidata.org/entity/Q29111051,Q29111051,Reservoir,,
France,Q142,http://www.wikidata.org/entity/Q29318634,Q29318634,Reservoir,,
France,Q142,http://www.wikidata.org/entity/Q29376492,Q29376492,Reservoir,,
France,Q142,http://www.wikidata.org/entity/Q29219008,Q29219008,Reservoir,,
France,Q142,http://www.wikidata.org/entity/Q29293578,Q29293578,Reservoir,,
France,Q142,http://www.wikidata.org/entity/Q29293599,Q29293599,Reservoir,,
France,Q142,http://www.wikidata.org/entity/Q29318838,Q29318838,Reservoir,,
France,Q142,http://www.wikidata.org/entity/Q29330855,Q29330855,Reservoir,,
France,Q142,http://www.wikidata.org/entity/Q114918044,Q114918044,Reservoir,,
France,Q142,http://www.wikidata.org/entity/Q115250481,Q115250481,Reservoir,,
France,Q142,http://www.wikidata.org/entity/Q119893120,Q119893120,Reservoir,,
France,Q142,http://www.wikidata.org/entity/Q27636111,Baptismal font of Saint-Denis (Méry-sur-Oise),Reservoir,,
France,Q142,http://www.wikidata.org/entity/Q132575976,Baptismal font of Vence cathedral,Reservoir,,
France,Q142,http://www.wikidata.org/entity/Q132587028,Baptismal font of Saint-Loup (Saint-Loup-de-Naud),Reservoir,,
France,Q142,http://www.wikidata.org/entity/Q132673866,Baptismal font of Notre-Dame-des-Ardents (Lagny-sur-Marne),Reservoir,,
France,Q142,http://www.wikidata.org/entity/Q132674095,Baptismal font of Église Notre-Dame-des-Vertus d'Aubervilliers,Reservoir,,
France,Q142,http://www.wikidata.org/entity/Q131694498,Q131694498,Reservoir,,
France,Q142,http://www.wikidata.org/entity/Q133567647,Baptismal font of Sainte-Madeleine (Échouboulains),Reservoir,,
France,Q142,http://www.wikidata.org/entity/Q109037155,Q109037155,Reservoir,,
France,Q142,http://www.wikidata.org/entity/Q109037159,Q109037159,Reservoir,,
France,Q142,http://www.wikidata.org/entity/Q109037156,Q109037156,Reservoir,,
France,Q142,http://www.wikidata.org/entity/Q109037157,Q109037157,Reservoir,,
France,Q142,http://www.wikidata.org/entity/Q109037162,Q109037162,Reservoir,,
France,Q142,http://www.wikidata.org/entity/Q109037163,Q109037163,Reservoir,,
France,Q142,http://www.wikidata.org/entity/Q109037160,Q109037160,Reservoir,,
France,Q142,http://www.wikidata.org/entity/Q109037161,Q109037161,Reservoir,,
France,Q142,http://www.wikidata.org/entity/Q109037166,Q109037166,Reservoir,,
France,Q142,http://www.wikidata.org/entity/Q109037167,Q109037167,Reservoir,,
France,Q142,http://www.wikidata.org/entity/Q109037164,Q109037164,Reservoir,,
France,Q142,http://www.wikidata.org/entity/Q109037165,Q109037165,Reservoir,,
France,Q142,http://www.wikidata.org/entity/Q109037168,Q109037168,Reservoir,,
France,Q142,http://www.wikidata.org/entity/Q109037174,Q109037174,Reservoir,,
France,Q142,http://www.wikidata.org/entity/Q126485843,Q126485843,Reservoir,,
France,Q142,http://www.wikidata.org/entity/Q123477907,Q123477907,Reservoir,,
France,Q142,http://www.wikidata.org/entity/Q109037181,Q109037181,Reservoir,,
France,Q142,http://www.wikidata.org/entity/Q132586629,Q132586629,Reservoir,,
France,Q142,http://www.wikidata.org/entity/Q134581405,Q134581405,Reservoir,,
France,Q142,http://www.wikidata.org/entity/Q3335987,Q3335987,Reservoir,,
France,Q142,http://www.wikidata.org/entity/Q29263021,Q29263021,Reservoir,,
France,Q142,http://www.wikidata.org/entity/Q29318138,Q29318138,Reservoir,,
France,Q142,http://www.wikidata.org/entity/Q3335988,chalk layer,Reservoir,,
France,Q142,http://www.wikidata.org/entity/Q3457713,Réservoir de Saint-Cloud,Reservoir,,
France,Q142,http://www.wikidata.org/entity/Q96605448,Q96605448,Reservoir,,
France,Q142,http://www.wikidata.org/entity/Q96605916,Q96605916,Reservoir,,
France,Q142,http://www.wikidata.org/entity/Q116183851,Q116183851,Reservoir,,
Czech Republic,Q213,http://www.wikidata.org/entity/Q131142994,Q131142994,Reservoir,,
Czech Republic,Q213,http://www.wikidata.org/entity/Q125152866,Q125152866,Reservoir,,
Czech Republic,Q213,http://www.wikidata.org/entity/Q12031560,Krocínova kašna,Reservoir,,
Czech Republic,Q213,http://www.wikidata.org/entity/Q16160813,fountains at Republic Square in Pilsen,Reservoir,,
Czech Republic,Q213,http://www.wikidata.org/entity/Q116419366,Q116419366,Reservoir,,
Czech Republic,Q213,http://www.wikidata.org/entity/Q113656681,Q113656681,Reservoir,,
Czech Republic,Q213,http://www.wikidata.org/entity/Q131143777,Q131143777,Reservoir,,
Czech Republic,Q213,http://www.wikidata.org/entity/Q131143791,Q131143791,Reservoir,,
Czech Republic,Q213,http://www.wikidata.org/entity/Q131143810,Q131143810,Reservoir,,
Czech Republic,Q213,http://www.wikidata.org/entity/Q117428957,Q117428957,Reservoir,,
Spain,Q29,http://www.wikidata.org/entity/Q5830458,Q5830458,Reservoir,,
Spain,Q29,http://www.wikidata.org/entity/Q5830465,Q5830465,Reservoir,,
Spain,Q29,http://www.wikidata.org/entity/Q111516742,Pila de Santo Domingo de Guzmán,Reservoir,,
Spain,Q29,http://www.wikidata.org/entity/Q108272460,"Baptismal font from the Hospital de San Lázaro, Seville",Reservoir,,
Spain,Q29,http://www.wikidata.org/entity/Q55238390,Q55238390,Reservoir,,
Spain,Q29,http://www.wikidata.org/entity/Q79381237,Q79381237,Reservoir,,
Spain,Q29,http://www.wikidata.org/entity/Q87998632,Q87998632,Reservoir,,
Spain,Q29,http://www.wikidata.org/entity/Q97286850,Aljibe,Reservoir,,
Spain,Q29,http://www.wikidata.org/entity/Q66325291,Aljibe de las Perdices,Reservoir,,
Spain,Q29,http://www.wikidata.org/entity/Q66325289,Aljibe de la Familia Cuesta,Reservoir,,
Spain,Q29,http://www.wikidata.org/entity/Q97286867,Aljibe de Tres Aljibes,Reservoir,,
Spain,Q29,http://www.wikidata.org/entity/Q82764364,Aljibe at camí de la Santa Faç and carretera a Sant Vicent,Reservoir,,
Spain,Q29,http://www.wikidata.org/entity/Q130489220,Aljub del Fondo d'Aliona,Reservoir,,
Spain,Q29,http://www.wikidata.org/entity/Q97602300,Aljibe Blanco,Reservoir,,
Spain,Q29,http://www.wikidata.org/entity/Q97623857,Cerro de la Coja,Reservoir,,
Spain,Q29,http://www.wikidata.org/entity/Q97602346,Cerro de Inox,Reservoir,,
Spain,Q29,http://www.wikidata.org/entity/Q97289156,El Lavadero,Reservoir,,
Spain,Q29,http://www.wikidata.org/entity/Q97602474,Aljibe del Cortijo del Llano,Reservoir,,
Spain,Q29,http://www.wikidata.org/entity/Q97602287,Aljibe del Derramadero de Cabriles,Reservoir,,
Spain,Q29,http://www.wikidata.org/entity/Q97602624,Aljibe de la Cañada del Corral,Reservoir,,
Spain,Q29,http://www.wikidata.org/entity/Q97629985,El Campillo,Reservoir,,
Spain,Q29,http://www.wikidata.org/entity/Q97602297,Aljibe del Daymun,Reservoir,,
Spain,Q29,http://www.wikidata.org/entity/Q97601695,Aljibe del Boquerón,Reservoir,,
Spain,Q29,http://www.wikidata.org/entity/Q97621942,Aljibe medieval andalusí,Reservoir,,
Spain,Q29,http://www.wikidata.org/entity/Q97602451,Aljibe de Venta Menea,Reservoir,,
Spain,Q29,http://www.wikidata.org/entity/Q97629606,Cortijo y Fábrica de Motril,Reservoir,,
Spain,Q29,http://www.wikidata.org/entity/Q97602473,Aljibe del Empalme de Fuentes de Marbella,Reservoir,,
Spain,Q29,http://www.wikidata.org/entity/Q97602195,Aljibe del Chato,Reservoir,,
Spain,Q29,http://www.wikidata.org/entity/Q97602301,Aljibe de la fábrica de la Mujer. La Galiana,Reservoir,,
Spain,Q29,http://www.wikidata.org/entity/Q97602288,Aljibe Quebrado,Reservoir,,
Spain,Q29,http://www.wikidata.org/entity/Q97288274,Cortijo Casablanca,Reservoir,,
Spain,Q29,http://www.wikidata.org/entity/Q97288383,Cortijo Las Palmeras,Reservoir,,
Spain,Q29,http://www.wikidata.org/entity/Q97601753,"Aljibe, abrevadero, lavadero y balsa de Macián",Reservoir,,
Spain,Q29,http://www.wikidata.org/entity/Q97598959,Cortijo El Jabonero,Reservoir,,
Spain,Q29,http://www.wikidata.org/entity/Q97605525,Aljibe de Cogollos,Reservoir,,
Spain,Q29,http://www.wikidata.org/entity/Q97605587,Aljibe de las Cuevas,Reservoir,,
Spain,Q29,http://www.wikidata.org/entity/Q97625598,Paseo de la Victoria nº 49-Calle Tejón y Marín nº 6,Reservoir,,
Spain,Q29,http://www.wikidata.org/entity/Q97602290,Aljibe de Pampanico,Reservoir,,
Spain,Q29,http://www.wikidata.org/entity/Q97622811,Plaza de San Juan,Reservoir,,
Spain,Q29,http://www.wikidata.org/entity/Q97602196,Aljibe de la Cuesta,Reservoir,,
Spain,Q29,http://www.wikidata.org/entity/Q97602313,Aljibe de las Hoyuelas,Reservoir,,
Spain,Q29,http://www.wikidata.org/entity/Q97601756,Aljibe y abrevadero de Juan Blanquilla,Reservoir,,
Spain,Q29,http://www.wikidata.org/entity/Q97625571,Edificio Zeus. Polígono de Poniente,Reservoir,,
Spain,Q29,http://www.wikidata.org/entity/Q97602456,Algibe de la Cuesta,Reservoir,,
Spain,Q29,http://www.wikidata.org/entity/Q97628663,Aljibe Convento de Santa Clara,Reservoir,,
Spain,Q29,http://www.wikidata.org/entity/Q97601517,Piedra Ver de Olula,Reservoir,,
Spain,Q29,http://www.wikidata.org/entity/Q97617013,El Pilar,Reservoir,,
Spain,Q29,http://www.wikidata.org/entity/Q97602302,Aljibe de la Galianica,Reservoir,,
Spain,Q29,http://www.wikidata.org/entity/Q97631144,Cortijo de Las Casas,Reservoir,,
Spain,Q29,http://www.wikidata.org/entity/Q97618761,Pilas del Horgazal I,Reservoir,,
Spain,Q29,http://www.wikidata.org/entity/Q97622885,Calle Cruz de Juárez,Reservoir,,
Spain,Q29,http://www.wikidata.org/entity/Q97601694,Aljibe de la Cruz,Reservoir,,
Spain,Q29,http://www.wikidata.org/entity/Q97602286,Aljibe Seco,Reservoir,,
Spain,Q29,http://www.wikidata.org/entity/Q97618762,Pilas del Horgazal II,Reservoir,,
Spain,Q29,http://www.wikidata.org/entity/Q97598915,Aljibe de la Higuera,Reservoir,,
Spain,Q29,http://www.wikidata.org/entity/Q97602903,Cortijo de la Reala,Reservoir,,
Spain,Q29,http://www.wikidata.org/entity/Q97625455,Cuesta de Málaga,Reservoir,,
Spain,Q29,http://www.wikidata.org/entity/Q97602298,Aljibe Navarro,Reservoir,,
Spain,Q29,http://www.wikidata.org/entity/Q97618811,Loma de La Cueva del Siglo,Reservoir,,
Spain,Q29,http://www.wikidata.org/entity/Q97620461,Las Cruces de las Viñas,Reservoir,,
Spain,Q29,http://www.wikidata.org/entity/Q97602299,Aljibe de Balsa Matilla,Reservoir,,
Spain,Q29,http://www.wikidata.org/entity/Q97624867,Recinto fortificado de la Fuente del Carmen,Reservoir,,
Spain,Q29,http://www.wikidata.org/entity/Q97619257,Cerro de la Gálvez,Reservoir,,
Spain,Q29,http://www.wikidata.org/entity/Q97627233,Cabezo Gordo,Reservoir,,
Spain,Q29,http://www.wikidata.org/entity/Q97626000,El Laderón,Reservoir,,
Spain,Q29,http://www.wikidata.org/entity/Q97602312,Aljibe del Boque,Reservoir,,
Spain,Q29,http://www.wikidata.org/entity/Q97626224,La Cabaña,Reservoir,,
Spain,Q29,http://www.wikidata.org/entity/Q97602185,Loma de Casablanca,Reservoir,,
Spain,Q29,http://www.wikidata.org/entity/Q97602314,Aljibe de las Terreras,Reservoir,,
Spain,Q29,http://www.wikidata.org/entity/Q97602490,Aljibe árabe de Hilas,Reservoir,,
Spain,Q29,http://www.wikidata.org/entity/Q97603022,Baños árabes del Colegio de las Madres Mercedarias,Reservoir,,
Spain,Q29,http://www.wikidata.org/entity/Q97602458,Aljibe de San Roque,Reservoir,,
Spain,Q29,http://www.wikidata.org/entity/Q97602472,Aljibe del Campillo,Reservoir,,
Spain,Q29,http://www.wikidata.org/entity/Q97625453,Aljibe de la Yegüeriza,Reservoir,,
Spain,Q29,http://www.wikidata.org/entity/Q97620763,Fuente de Tarifa,Reservoir,,
Spain,Q29,http://www.wikidata.org/entity/Q97602418,Aljibe del Campillo,Reservoir,,
Spain,Q29,http://www.wikidata.org/entity/Q97601795,Cabrera,Reservoir,,
Spain,Q29,http://www.wikidata.org/entity/Q97631130,Las Quebradas,Reservoir,,
Spain,Q29,http://www.wikidata.org/entity/Q97604754,El Aljibe,Reservoir,,
Spain,Q29,http://www.wikidata.org/entity/Q97620469,Los Huertezuelos,Reservoir,,
Spain,Q29,http://www.wikidata.org/entity/Q97632885,Cortijo Mollina,Reservoir,,
Spain,Q29,http://www.wikidata.org/entity/Q97631928,Atalayuelas de Fuerte del Rey,Reservoir,,
Spain,Q29,http://www.wikidata.org/entity/Q98498600,Q98498600,Reservoir,,
Spain,Q29,http://www.wikidata.org/entity/Q98046981,Q98046981,Reservoir,,
Spain,Q29,http://www.wikidata.org/entity/Q98060863,Q98060863,Reservoir,,
Spain,Q29,http://www.wikidata.org/entity/Q97631905,El Castillo,Reservoir,,
Spain,Q29,http://www.wikidata.org/entity/Q97634253,Fuente Mañuña,Reservoir,,
Spain,Q29,http://www.wikidata.org/entity/Q97647661,Cortijo de Uceda,Reservoir,,
Spain,Q29,http://www.wikidata.org/entity/Q98059820,Q98059820,Reservoir,,
Spain,Q29,http://www.wikidata.org/entity/Q97631384,Huerta Marquina,Reservoir,,
Spain,Q29,http://www.wikidata.org/entity/Q97631524,Cerro San Cristóbal,Reservoir,,
Spain,Q29,http://www.wikidata.org/entity/Q98061566,Q98061566,Reservoir,,
Spain,Q29,http://www.wikidata.org/entity/Q97636945,Cortijo del Notario I,Reservoir,,
Spain,Q29,http://www.wikidata.org/entity/Q97646146,La Cañada I,Reservoir,,
Spain,Q29,http://www.wikidata.org/entity/Q97631561,Cerro San Antón,Reservoir,,
Spain,Q29,http://www.wikidata.org/entity/Q98046863,Q98046863,Reservoir,,
Spain,Q29,http://www.wikidata.org/entity/Q98046867,Q98046867,Reservoir,,
Spain,Q29,http://www.wikidata.org/entity/Q98046865,Q98046865,Reservoir,,
Spain,Q29,http://www.wikidata.org/entity/Q98046980,Q98046980,Reservoir,,
Spain,Q29,http://www.wikidata.org/entity/Q98058051,Q98058051,Reservoir,,
Spain,Q29,http://www.wikidata.org/entity/Q98058052,Q98058052,Reservoir,,
Spain,Q29,http://www.wikidata.org/entity/Q98058099,Q98058099,Reservoir,,
Spain,Q29,http://www.wikidata.org/entity/Q98058102,Q98058102,Reservoir,,
Spain,Q29,http://www.wikidata.org/entity/Q98058100,Q98058100,Reservoir,,
Spain,Q29,http://www.wikidata.org/entity/Q98058385,Q98058385,Reservoir,,
Spain,Q29,http://www.wikidata.org/entity/Q98058413,Q98058413,Reservoir,,
Spain,Q29,http://www.wikidata.org/entity/Q98058431,Q98058431,Reservoir,,
Spain,Q29,http://www.wikidata.org/entity/Q98058788,Q98058788,Reservoir,,
Spain,Q29,http://www.wikidata.org/entity/Q98058914,Q98058914,Reservoir,,
Spain,Q29,http://www.wikidata.org/entity/Q98058920,Q98058920,Reservoir,,
Spain,Q29,http://www.wikidata.org/entity/Q98059002,Q98059002,Reservoir,,
Spain,Q29,http://www.wikidata.org/entity/Q98059029,Q98059029,Reservoir,,
Spain,Q29,http://www.wikidata.org/entity/Q98059066,Q98059066,Reservoir,,
Spain,Q29,http://www.wikidata.org/entity/Q98059064,Q98059064,Reservoir,,
Spain,Q29,http://www.wikidata.org/entity/Q98059073,Q98059073,Reservoir,,
Spain,Q29,http://www.wikidata.org/entity/Q98059096,Q98059096,Reservoir,,
Spain,Q29,http://www.wikidata.org/entity/Q98060428,Q98060428,Reservoir,,
Spain,Q29,http://www.wikidata.org/entity/Q98060439,Q98060439,Reservoir,,
Spain,Q29,http://www.wikidata.org/entity/Q98060453,Q98060453,Reservoir,,
Spain,Q29,http://www.wikidata.org/entity/Q98060521,Q98060521,Reservoir,,
Spain,Q29,http://www.wikidata.org/entity/Q98061620,Q98061620,Reservoir,,
Spain,Q29,http://www.wikidata.org/entity/Q98498620,Q98498620,Reservoir,,
Spain,Q29,http://www.wikidata.org/entity/Q97634086,Aljibe romano de las Parras,Reservoir,,
Spain,Q29,http://www.wikidata.org/entity/Q97643884,El Lavadero,Reservoir,,
Spain,Q29,http://www.wikidata.org/entity/Q97637999,El Farelo,Reservoir,,
Spain,Q29,http://www.wikidata.org/entity/Q97631533,San Luís,Reservoir,,
Spain,Q29,http://www.wikidata.org/entity/Q97634124,El Bañaero de la Reina,Reservoir,,
Spain,Q29,http://www.wikidata.org/entity/Q97647073,Cortijo de Los Cosmes,Reservoir,,
Spain,Q29,http://www.wikidata.org/entity/Q98061569,Q98061569,Reservoir,,
Spain,Q29,http://www.wikidata.org/entity/Q98503010,Q98503010,Reservoir,,
Spain,Q29,http://www.wikidata.org/entity/Q98503012,Q98503012,Reservoir,,
Spain,Q29,http://www.wikidata.org/entity/Q98501977,Q98501977,Reservoir,,
Spain,Q29,http://www.wikidata.org/entity/Q116925874,Q116925874,Reservoir,,
Spain,Q29,http://www.wikidata.org/entity/Q117752246,Q117752246,Reservoir,,
Spain,Q29,http://www.wikidata.org/entity/Q117753488,Q117753488,Reservoir,,
Spain,Q29,http://www.wikidata.org/entity/Q117759244,Q117759244,Reservoir,,
Spain,Q29,http://www.wikidata.org/entity/Q117760178,Q117760178,Reservoir,,
Spain,Q29,http://www.wikidata.org/entity/Q117760195,Q117760195,Reservoir,,
Spain,Q29,http://www.wikidata.org/entity/Q117765315,Q117765315,Reservoir,,
Spain,Q29,http://www.wikidata.org/entity/Q117765520,Q117765520,Reservoir,,
Spain,Q29,http://www.wikidata.org/entity/Q117765539,Q117765539,Reservoir,,
Spain,Q29,http://www.wikidata.org/entity/Q117770293,Q117770293,Reservoir,,
Spain,Q29,http://www.wikidata.org/entity/Q117770304,Q117770304,Reservoir,,
Spain,Q29,http://www.wikidata.org/entity/Q117778621,Q117778621,Reservoir,,
Spain,Q29,http://www.wikidata.org/entity/Q117780899,Q117780899,Reservoir,,
Spain,Q29,http://www.wikidata.org/entity/Q117780900,Q117780900,Reservoir,,
Spain,Q29,http://www.wikidata.org/entity/Q110662431,Aljibe del Derramador,Reservoir,,
Spain,Q29,http://www.wikidata.org/entity/Q113552552,Pou-aljub Can Ramoneda,Reservoir,,
Spain,Q29,http://www.wikidata.org/entity/Q117759245,Aljibe Vieja,Reservoir,,
Spain,Q29,http://www.wikidata.org/entity/Q56640232,Espioca dam,Reservoir,,
Spain,Q29,http://www.wikidata.org/entity/Q98060474,Q98060474,Reservoir,,
Spain,Q29,http://www.wikidata.org/entity/Q98500528,Q98500528,Reservoir,,
Spain,Q29,http://www.wikidata.org/entity/Q97631200,Castillejo de Belda,Reservoir,,
Spain,Q29,http://www.wikidata.org/entity/Q24254805,Q24254805,Reservoir,,
Spain,Q29,http://www.wikidata.org/entity/Q97288004,Abrevadero-Lavadero de Carchelejo,Reservoir,,
Spain,Q29,http://www.wikidata.org/entity/Q97625055,Fuente del Escorial de Doña Rama,Reservoir,,
Spain,Q29,http://www.wikidata.org/entity/Q97625068,Pilar de la Rabanilla,Reservoir,,
Spain,Q29,http://www.wikidata.org/entity/Q25619917,Arguis Reservoir,Reservoir,,
Spain,Q29,http://www.wikidata.org/entity/Q98106260,Q98106260,Reservoir,,
Spain,Q29,http://www.wikidata.org/entity/Q94695771,Almudévar Reservoir,Reservoir,,
Spain,Q29,http://www.wikidata.org/entity/Q95060689,Aliaga reservoir,Reservoir,,
Spain,Q29,http://www.wikidata.org/entity/Q95674600,Ardisa reservoir,Reservoir,,
Spain,Q29,http://www.wikidata.org/entity/Q95674633,Azlor reservori,Reservoir,,
Spain,Q29,http://www.wikidata.org/entity/Q97643239,Embalse de El Judío,Reservoir,,
Spain,Q29,http://www.wikidata.org/entity/Q122842876,Embassament de la riera de Montnegre,Reservoir,,
Spain,Q29,http://www.wikidata.org/entity/Q108189737,Q108189737,Reservoir,,
Spain,Q29,http://www.wikidata.org/entity/Q115696456,Q115696456,Reservoir,,
Spain,Q29,http://www.wikidata.org/entity/Q110295650,Castro Reservoir,Reservoir,,
Spain,Q29,http://www.wikidata.org/entity/Q110295767,Villalcampo Reservoir,Reservoir,,
Spain,Q29,http://www.wikidata.org/entity/Q113330356,Embalse de la Jocica,Reservoir,,
Spain,Q29,http://www.wikidata.org/entity/Q97631856,Villar de Cuevas,Reservoir,,
Spain,Q29,http://www.wikidata.org/entity/Q97605336,El Puntal,Reservoir,,
Spain,Q29,http://www.wikidata.org/entity/Q97626155,Villa Julia II,Reservoir,,
Spain,Q29,http://www.wikidata.org/entity/Q97602422,Cuevas del Tejón,Reservoir,,
Spain,Q29,http://www.wikidata.org/entity/Q97602518,Cortijo del Sevillano,Reservoir,,
Spain,Q29,http://www.wikidata.org/entity/Q97602276,Cueva de Faraite,Reservoir,,
Spain,Q29,http://www.wikidata.org/entity/Q97602373,Pago de las Eras,Reservoir,,
Spain,Q29,http://www.wikidata.org/entity/Q97635503,Haza-Fría,Reservoir,,
Spain,Q29,http://www.wikidata.org/entity/Q97617057,La Viña,Reservoir,,
Spain,Q29,http://www.wikidata.org/entity/Q97619497,Huerta de La Marquina,Reservoir,,
Spain,Q29,http://www.wikidata.org/entity/Q97627318,La Encinilla,Reservoir,,
Spain,Q29,http://www.wikidata.org/entity/Q134312162,Gaitanejo Reservoir,Reservoir,,
Spain,Q29,http://www.wikidata.org/entity/Q97617070,Cortijo de Vaina,Reservoir,,
Spain,Q29,http://www.wikidata.org/entity/Q97602255,La Loma,Reservoir,,
Spain,Q29,http://www.wikidata.org/entity/Q97601732,Cuevas de Carchatas,Reservoir,,
Spain,Q29,http://www.wikidata.org/entity/Q97631498,Polideportivo de Martos,Reservoir,,
Spain,Q29,http://www.wikidata.org/entity/Q97631122,Barranco Hornillos Bajos,Reservoir,,
Spain,Q29,http://www.wikidata.org/entity/Q97630275,Cerro de Acequia,Reservoir,,
Spain,Q29,http://www.wikidata.org/entity/Q97625510,La Campana,Reservoir,,
Spain,Q29,http://www.wikidata.org/entity/Q97619554,Silos del Higueral,Reservoir,,
Spain,Q29,http://www.wikidata.org/entity/Q97634167,Haza del Almirón,Reservoir,,
Spain,Q29,http://www.wikidata.org/entity/Q97628614,Avenida de Andalucía,Reservoir,,
Spain,Q29,http://www.wikidata.org/entity/Q97625063,Villa Julia,Reservoir,,
Spain,Q29,http://www.wikidata.org/entity/Q97622686,Arco Viario Sur,Reservoir,,
Spain,Q29,http://www.wikidata.org/entity/Q97602333,La Torrecilla,Reservoir,,
Spain,Q29,http://www.wikidata.org/entity/Q97631927,Las Tiesas,Reservoir,,
Spain,Q29,http://www.wikidata.org/entity/Q97287109,Cañada de Vera,Reservoir,,
Spain,Q29,http://www.wikidata.org/entity/Q97629278,U-31,Reservoir,,
Spain,Q29,http://www.wikidata.org/entity/Q97617261,Palacio de la Contaduría,Reservoir,,
Spain,Q29,http://www.wikidata.org/entity/Q97631781,Vegas de Hurtado I,Reservoir,,
Spain,Q29,http://www.wikidata.org/entity/Q97635030,La Bajara,Reservoir,,
Spain,Q29,http://www.wikidata.org/entity/Q97618896,Sierra de Valleja,Reservoir,,
Spain,Q29,http://www.wikidata.org/entity/Q97619329,Carretera de El Cuervo- El Palomar,Reservoir,,
Spain,Q29,http://www.wikidata.org/entity/Q97636759,La Era,Reservoir,,
Spain,Q29,http://www.wikidata.org/entity/Q97620530,La Cantera,Reservoir,,
Spain,Q29,http://www.wikidata.org/entity/Q97620439,El Almendral,Reservoir,,
Spain,Q29,http://www.wikidata.org/entity/Q97619118,El Trobal,Reservoir,,
Spain,Q29,http://www.wikidata.org/entity/Q97632744,Pósito,Reservoir,,
Spain,Q29,http://www.wikidata.org/entity/Q97602349,La Cerrá I,Reservoir,,
Spain,Q29,http://www.wikidata.org/entity/Q134312251,Q134312251,Reservoir,,
Spain,Q29,http://www.wikidata.org/entity/Q134312258,Q134312258,Reservoir,,
Spain,Q29,http://www.wikidata.org/entity/Q97625849,Cuevas de Sequeira en Cortijo Calderon,Reservoir,,
Spain,Q29,http://www.wikidata.org/entity/Q97616926,Cerro de la Batería,Reservoir,,
Spain,Q29,http://www.wikidata.org/entity/Q97629928,El Palomar,Reservoir,,
Spain,Q29,http://www.wikidata.org/entity/Q97626109,Silos del Gramalejo,Reservoir,,
Spain,Q29,http://www.wikidata.org/entity/Q97639660,Descansadero de Marchena I,Reservoir,,
Spain,Q29,http://www.wikidata.org/entity/Q97648392,El Arca del Agua,Reservoir,,
Spain,Q29,http://www.wikidata.org/entity/Q117758440,new water trough of Casas de Nava,Reservoir,,
Spain,Q29,http://www.wikidata.org/entity/Q98058108,Q98058108,Reservoir,,
Spain,Q29,http://www.wikidata.org/entity/Q98061033,Q98061033,Reservoir,,
Spain,Q29,http://www.wikidata.org/entity/Q98061622,Q98061622,Reservoir,,
Spain,Q29,http://www.wikidata.org/entity/Q98061625,Q98061625,Reservoir,,
Spain,Q29,http://www.wikidata.org/entity/Q98502501,Q98502501,Reservoir,,
Spain,Q29,http://www.wikidata.org/entity/Q98505034,Q98505034,Reservoir,,
Spain,Q29,http://www.wikidata.org/entity/Q97626531,El Pozuelo,Reservoir,,
Spain,Q29,http://www.wikidata.org/entity/Q105594654,"Abrevadero de la Calle San Sebastián, Ayódar",Reservoir,,
Spain,Q29,http://www.wikidata.org/entity/Q105613363,Abrevadero de Casa la Pagua,Reservoir,,
Spain,Q29,http://www.wikidata.org/entity/Q105764007,Abrevadero del Nacimiento,Reservoir,,
Spain,Q29,http://www.wikidata.org/entity/Q98499606,Q98499606,Reservoir,,
Spain,Q29,http://www.wikidata.org/entity/Q117758586,Q117758586,Reservoir,,
Spain,Q29,http://www.wikidata.org/entity/Q117758649,Q117758649,Reservoir,,
Spain,Q29,http://www.wikidata.org/entity/Q117759778,Q117759778,Reservoir,,
Spain,Q29,http://www.wikidata.org/entity/Q117760420,Q117760420,Reservoir,,
Spain,Q29,http://www.wikidata.org/entity/Q117771095,Q117771095,Reservoir,,
Spain,Q29,http://www.wikidata.org/entity/Q97637077,El Cascajo,Reservoir,,
Spain,Q29,http://www.wikidata.org/entity/Q97653009,Campo de Silos I,Reservoir,,
Spain,Q29,http://www.wikidata.org/entity/Q97639149,Silo Redondo del Cortijo la Herrera,Reservoir,,
Spain,Q29,http://www.wikidata.org/entity/Q97638385,Huerta de Lacoma,Reservoir,,
Spain,Q29,http://www.wikidata.org/entity/Q97644878,Vereda de Alconchel,Reservoir,,
Spain,Q29,http://www.wikidata.org/entity/Q97646911,Era Vinagre,Reservoir,,
Spain,Q29,http://www.wikidata.org/entity/Q97652944,Cortijo de la Fuensanta,Reservoir,,
Spain,Q29,http://www.wikidata.org/entity/Q98499612,Q98499612,Reservoir,,
Spain,Q29,http://www.wikidata.org/entity/Q97652939,Campo de Silos II,Reservoir,,
Spain,Q29,http://www.wikidata.org/entity/Q97645405,La Cancholosa,Reservoir,,
Spain,Q29,http://www.wikidata.org/entity/Q97644575,Villar de las Culebras II,Reservoir,,
Spain,Q29,http://www.wikidata.org/entity/Q97637079,Cortijo de Trillas,Reservoir,,
Spain,Q29,http://www.wikidata.org/entity/Q97647068,Cortijo de Fuentidueñas,Reservoir,,
Spain,Q29,http://www.wikidata.org/entity/Q97644589,Dehesa de Valdivia,Reservoir,,
Spain,Q29,http://www.wikidata.org/entity/Q98058447,Q98058447,Reservoir,,
Spain,Q29,http://www.wikidata.org/entity/Q97637080,Cortijo de Casas Albas,Reservoir,,
Spain,Q29,http://www.wikidata.org/entity/Q97645799,Yacimiento Calcolítico,Reservoir,,
Spain,Q29,http://www.wikidata.org/entity/Q97647122,Casilla de Barrera,Reservoir,,
Spain,Q29,http://www.wikidata.org/entity/Q97647066,Necrópolis iberorromana del Cerro de las Balas,Reservoir,,
Spain,Q29,http://www.wikidata.org/entity/Q97637076,Cortijo de Arenales Altos,Reservoir,,
Spain,Q29,http://www.wikidata.org/entity/Q97653977,Cortijo de Cartujilla,Reservoir,,
Spain,Q29,http://www.wikidata.org/entity/Q98060691,Q98060691,Reservoir,,
Spain,Q29,http://www.wikidata.org/entity/Q97620544,Hotel Cristina III. Ruinas al oeste del complejo central,Reservoir,,
Spain,Q29,http://www.wikidata.org/entity/Q97631046,El Calar de los Baños,Reservoir,,
Spain,Q29,http://www.wikidata.org/entity/Q97646148,La Torre del Águila,Reservoir,,
Spain,Q29,http://www.wikidata.org/entity/Q97633799,Cerro de las Torres,Reservoir,,
Spain,Q29,http://www.wikidata.org/entity/Q11913962,Q11913962,Reservoir,,
Spain,Q29,http://www.wikidata.org/entity/Q96657948,Dipòsit vell soterrat,Reservoir,,
Spain,Q29,http://www.wikidata.org/entity/Q97625859,El Baño de la Reina,Reservoir,,
Spain,Q29,http://www.wikidata.org/entity/Q98060660,Q98060660,Reservoir,,
Spain,Q29,http://www.wikidata.org/entity/Q97626233,Cerro Cortijo del Puente,Reservoir,,
Spain,Q29,http://www.wikidata.org/entity/Q97629568,Cerro Maquiz y Necrópolis de Los Chorrillos,Reservoir,,
Spain,Q29,http://www.wikidata.org/entity/Q3957105,Aljibe de la Estación (Puerto Lumbreras),Reservoir,,
Spain,Q29,http://www.wikidata.org/entity/Q98059431,Castulo area,Reservoir,,
Spain,Q29,http://www.wikidata.org/entity/Q97623847,Doña Micaela,Reservoir,,
Spain,Q29,http://www.wikidata.org/entity/Q97629705,Finca de Torrubia,Reservoir,,
Spain,Q29,http://www.wikidata.org/entity/Q97623511,Don Germán,Reservoir,,
Spain,Q29,http://www.wikidata.org/entity/Q97602480,Alcora,Reservoir,,
Spain,Q29,http://www.wikidata.org/entity/Q97629746,Los Higuerones,Reservoir,,
Spain,Q29,http://www.wikidata.org/entity/Q5968727,Laderas de Morana,Reservoir,,
Spain,Q29,http://www.wikidata.org/entity/Q97623510,Cerro de Don Simón,Reservoir,,
Spain,Q29,http://www.wikidata.org/entity/Q97625484,La Mina,Reservoir,,
Spain,Q29,http://www.wikidata.org/entity/Q97623508,Las Matas,Reservoir,,
Spain,Q29,http://www.wikidata.org/entity/Q97622116,El Porretal,Reservoir,,
Spain,Q29,http://www.wikidata.org/entity/Q97620585,Cortijo de Los Pinos,Reservoir,,
Spain,Q29,http://www.wikidata.org/entity/Q97632137,Instituto de Bachillerato,Reservoir,,
Spain,Q29,http://www.wikidata.org/entity/Q97624475,La Grana,Reservoir,,
Spain,Q29,http://www.wikidata.org/entity/Q97625458,El Villar,Reservoir,,
Spain,Q29,http://www.wikidata.org/entity/Q97603107,Sitio Arqueológico de Almuñécar,Reservoir,,
Spain,Q29,http://www.wikidata.org/entity/Q97624471,Haza Colorada,Reservoir,,
Spain,Q29,http://www.wikidata.org/entity/Q97631945,El Dorado,Reservoir,,
Spain,Q29,http://www.wikidata.org/entity/Q97630280,Cortijo de Los Santos,Reservoir,,
Spain,Q29,http://www.wikidata.org/entity/Q97645423,Torre de Doña María II,Reservoir,,
Spain,Q29,http://www.wikidata.org/entity/Q97625695,Cuesta de los Reventones,Reservoir,,
Spain,Q29,http://www.wikidata.org/entity/Q97643211,Las Playas,Reservoir,,
Spain,Q29,http://www.wikidata.org/entity/Q97617745,Depósitos de Aguas de la Puerta de Tierra o del Muro,Reservoir,,
Spain,Q29,http://www.wikidata.org/entity/Q97636514,Cortijo de la Ramblilla Sur,Reservoir,,
Spain,Q29,http://www.wikidata.org/entity/Q107276075,Trull del Castell,Reservoir,,
Spain,Q29,http://www.wikidata.org/entity/Q116505146,Q116505146,Reservoir,,
Spain,Q29,http://www.wikidata.org/entity/Q97604725,Cuevas de Las Arenas,Reservoir,,
Spain,Q29,http://www.wikidata.org/entity/Q97620144,Viento nº 4,Reservoir,,
Spain,Q29,http://www.wikidata.org/entity/Q97625694,Cerro del Pero,Reservoir,,
Spain,Q29,http://www.wikidata.org/entity/Q97633800,Cisterna del Cerro de las Torres,Reservoir,,
Spain,Q29,http://www.wikidata.org/entity/Q97622504,Los Corralillos,Reservoir,,
Spain,Q29,http://www.wikidata.org/entity/Q97622495,Fuente de La Mora,Reservoir,,
Spain,Q29,http://www.wikidata.org/entity/Q113608783,Resclosa del torrent de Can Coll,Reservoir,,
Spain,Q29,http://www.wikidata.org/entity/Q99662520,Q99662520,Reservoir,,
Spain,Q29,http://www.wikidata.org/entity/Q124617030,Fuente de la Reina,Reservoir,,
Spain,Q29,http://www.wikidata.org/entity/Q124424797,Q124424797,Reservoir,,
Germany,Q183,http://www.wikidata.org/entity/Q98929202,Baptismal font of Nikolaikirche (Bächingen),Reservoir,,
Germany,Q183,http://www.wikidata.org/entity/Q98966423,Baptismal font of Dreifaltigkeitskirche (Haunsheim),Reservoir,,
Germany,Q183,http://www.wikidata.org/entity/Q98966302,baptismal font of Maria Rosenkranzkönigin,Reservoir,,
Germany,Q183,http://www.wikidata.org/entity/Q124759516,Q124759516,Reservoir,,
Germany,Q183,http://www.wikidata.org/entity/Q58404385,Q58404385,Reservoir,,
Germany,Q183,http://www.wikidata.org/entity/Q124808832,Q124808832,Reservoir,,
Germany,Q183,http://www.wikidata.org/entity/Q124808943,Q124808943,Reservoir,,
Germany,Q183,http://www.wikidata.org/entity/Q124759176,Q124759176,Reservoir,,
Germany,Q183,http://www.wikidata.org/entity/Q124808946,Q124808946,Reservoir,,
Germany,Q183,http://www.wikidata.org/entity/Q124808972,Q124808972,Reservoir,,
Germany,Q183,http://www.wikidata.org/entity/Q124808958,Q124808958,Reservoir,,
Germany,Q183,http://www.wikidata.org/entity/Q132472118,Bronze baptismal font of Halberstadt Cathedral,Reservoir,,
Germany,Q183,http://www.wikidata.org/entity/Q132472345,Baptismal font of St. Marien (Plau am See),Reservoir,,
Germany,Q183,http://www.wikidata.org/entity/Q132472459,Baptismal font of St. Mary’s Church (Parchim),Reservoir,,
Germany,Q183,http://www.wikidata.org/entity/Q132472560,"Baptismal font in St. George’s Church, Parchim",Reservoir,,
Germany,Q183,http://www.wikidata.org/entity/Q132489994,Baptismal font of St. Josef (Weiden in der Oberpfalz),Reservoir,,
Germany,Q183,http://www.wikidata.org/entity/Q132490713,Baptismal font of St. Michael (Weiden in der Oberpfalz),Reservoir,,
Germany,Q183,http://www.wikidata.org/entity/Q132491295,Baptismal font of Mariä Mutterschaft (Rothenstadt),Reservoir,,
Germany,Q183,http://www.wikidata.org/entity/Q132562513,Baptismal font of St. Nikolaus (Nabburg),Reservoir,,
Germany,Q183,http://www.wikidata.org/entity/Q132571741,Baptismal font of Church in Hohen Sprenz,Reservoir,,
Germany,Q183,http://www.wikidata.org/entity/Q132572499,Baptismal font in St. Martini (Halberstadt),Reservoir,,
Germany,Q183,http://www.wikidata.org/entity/Q132588020,Baptismal font of Kirche Flechtingen,Reservoir,,
Germany,Q183,http://www.wikidata.org/entity/Q132588323,Baptismal font of St. Paul (Schwaan),Reservoir,,
Germany,Q183,http://www.wikidata.org/entity/Q132589378,Baptismal font of St.-Nikolai-Kirche (Osterburg),Reservoir,,
Germany,Q183,http://www.wikidata.org/entity/Q132655508,Baptismal font of St. Johannis (Werben),Reservoir,,
Germany,Q183,http://www.wikidata.org/entity/Q132655932,Baptismal font of Klosterkirche Dobbertin,Reservoir,,
Germany,Q183,http://www.wikidata.org/entity/Q132666833,Baptismal font of Klosterkirche St. Georg und Pancratius (Hecklingen),Reservoir,,
Germany,Q183,http://www.wikidata.org/entity/Q132672323,Baptismal font of Klosterkirche St. Dionysius und Juliana (Schäftlarn),Reservoir,,
Germany,Q183,http://www.wikidata.org/entity/Q132681048,Baptismal font of Saint-Germain-de-Charonne,Reservoir,,
Germany,Q183,http://www.wikidata.org/entity/Q132818076,Baptismal font of Wallfahrtskirche St. Walburg (Eichstätt),Reservoir,,
Germany,Q183,http://www.wikidata.org/entity/Q116198461,"Baptismal font in St Mary, Lübeck",Reservoir,,
Germany,Q183,http://www.wikidata.org/entity/Q54887546,Baptismal font of Nikolaikirche,Reservoir,,
Germany,Q183,http://www.wikidata.org/entity/Q98967806,Q98967806,Reservoir,,
Germany,Q183,http://www.wikidata.org/entity/Q98967807,Q98967807,Reservoir,,
Germany,Q183,http://www.wikidata.org/entity/Q98967810,Q98967810,Reservoir,,
Germany,Q183,http://www.wikidata.org/entity/Q98967808,Q98967808,Reservoir,,
Germany,Q183,http://www.wikidata.org/entity/Q98967809,Q98967809,Reservoir,,
Germany,Q183,http://www.wikidata.org/entity/Q107711709,Baptismal font of Abteikirche Mariä Himmelfahrt (Rohr),Reservoir,,
Germany,Q183,http://www.wikidata.org/entity/Q114831374,Q114831374,Reservoir,,
Germany,Q183,http://www.wikidata.org/entity/Q117344861,baptismal font of St. Mauritz in Münster,Reservoir,,
Germany,Q183,http://www.wikidata.org/entity/Q132360678,Q132360678,Reservoir,,
Germany,Q183,http://www.wikidata.org/entity/Q132567190,Q132567190,Reservoir,,
Germany,Q183,http://www.wikidata.org/entity/Q2010705,Q2010705,Reservoir,,
Germany,Q183,http://www.wikidata.org/entity/Q16721589,Baptismal font of Walpurgiskirche Alsfeld,Reservoir,,
Germany,Q183,http://www.wikidata.org/entity/Q13105105,Q13105105,Reservoir,,
Germany,Q183,http://www.wikidata.org/entity/Q21042079,Q21042079,Reservoir,,
Germany,Q183,http://www.wikidata.org/entity/Q46966943,Q46966943,Reservoir,,
Germany,Q183,http://www.wikidata.org/entity/Q47144578,Q47144578,Reservoir,,
Germany,Q183,http://www.wikidata.org/entity/Q134704382,Baptismal font of St. Veit (Solnhofen),Reservoir,,
Germany,Q183,http://www.wikidata.org/entity/Q46967917,Neyetalsperre,Reservoir,,
Germany,Q183,http://www.wikidata.org/entity/Q89883008,Q89883008,Reservoir,,
Germany,Q183,http://www.wikidata.org/entity/Q63391313,Stauteich des Manuelskottens,Reservoir,,
Germany,Q183,http://www.wikidata.org/entity/Q63525400,Stauteich Schöllermühle,Reservoir,,
Germany,Q183,http://www.wikidata.org/entity/Q107618563,Q107618563,Reservoir,,
Germany,Q183,http://www.wikidata.org/entity/Q107599338,Wasserbehälter Hundsangen,Reservoir,,
Germany,Q183,http://www.wikidata.org/entity/Q55692929,Q55692929,Reservoir,,
Germany,Q183,http://www.wikidata.org/entity/Q67206068,Q67206068,Reservoir,,
Germany,Q183,http://www.wikidata.org/entity/Q59616382,Rainwater retention basins in the district of Marzahn-Hellersdorf,Reservoir,,
Germany,Q183,http://www.wikidata.org/entity/Q112637223,Q112637223,Reservoir,,
Lithuania,Q37,http://www.wikidata.org/entity/Q16456574,Q16456574,Reservoir,,
Lithuania,Q37,http://www.wikidata.org/entity/Q61382504,Q61382504,Reservoir,,
United Kingdom,Q145,http://www.wikidata.org/entity/Q21061758,Lily font,Reservoir,,
United Kingdom,Q145,http://www.wikidata.org/entity/Q26837285,Perry’s Dam,Reservoir,,
United Kingdom,Q145,http://www.wikidata.org/entity/Q124394639,Tamar Lakes,Reservoir,,
United Kingdom,Q145,http://www.wikidata.org/entity/Q118366787,Napton Reservoirs,Reservoir,,
United Kingdom,Q145,http://www.wikidata.org/entity/Q118469893,Stockton Reservoir,Reservoir,,
United Kingdom,Q145,http://www.wikidata.org/entity/Q118471014,Daventry Reservoir,Reservoir,,
United Kingdom,Q145,http://www.wikidata.org/entity/Q118499719,Clattercote Reservoir,Reservoir,,
United Kingdom,Q145,http://www.wikidata.org/entity/Q131687981,Baptismal font,Reservoir,,
United Kingdom,Q145,http://www.wikidata.org/entity/Q131695241,Baptismal font,Reservoir,,
United Kingdom,Q145,http://www.wikidata.org/entity/Q131687872,Bodmin baptismal font,Reservoir,,
United Kingdom,Q145,http://www.wikidata.org/entity/Q131688175,Crambe baptismal font,Reservoir,,
United Kingdom,Q145,http://www.wikidata.org/entity/Q130237961,Burnchurch baptismal font,Reservoir,,
United Kingdom,Q145,http://www.wikidata.org/entity/Q131687616,Buxted baptismal font,Reservoir,,
United Kingdom,Q145,http://www.wikidata.org/entity/Q131687669,Nassington baptismal font,Reservoir,,
United Kingdom,Q145,http://www.wikidata.org/entity/Q131687711,Battle baptismal font,Reservoir,,
United Kingdom,Q145,http://www.wikidata.org/entity/Q131687813,Lifton baptismal font,Reservoir,,
United Kingdom,Q145,http://www.wikidata.org/entity/Q131689478,St Mary Steps baptismal font,Reservoir,,
United Kingdom,Q145,http://www.wikidata.org/entity/Q131689558,Beverley Minster baptismal font,Reservoir,,
United Kingdom,Q145,http://www.wikidata.org/entity/Q131689577,Lewknor baptismal font,Reservoir,,
United Kingdom,Q145,http://www.wikidata.org/entity/Q131689662,Burnham Norton baptismal font,Reservoir,,
United Kingdom,Q145,http://www.wikidata.org/entity/Q131689785,Kilpeck baptismal font,Reservoir,,
United Kingdom,Q145,http://www.wikidata.org/entity/Q131695023,Southrop baptismal font,Reservoir,,
United Kingdom,Q145,http://www.wikidata.org/entity/Q131695177,Hereford Cathedral font,Reservoir,,
United Kingdom,Q145,http://www.wikidata.org/entity/Q131695285,Luppitt baptismal font,Reservoir,,
United Kingdom,Q145,http://www.wikidata.org/entity/Q131695571,Orleton baptismal font,Reservoir,,
United Kingdom,Q145,http://www.wikidata.org/entity/Q131695622,Wansford Norman baptismal font,Reservoir,,
United Kingdom,Q145,http://www.wikidata.org/entity/Q131695698,Harpole baptismal font,Reservoir,,
United Kingdom,Q145,http://www.wikidata.org/entity/Q131695750,West Haddon baptismal font,Reservoir,,
United Kingdom,Q145,http://www.wikidata.org/entity/Q131695881,Burnham Deepdale baptismal font,Reservoir,,
United Kingdom,Q145,http://www.wikidata.org/entity/Q131697158,Eaton Bray baptismal font,Reservoir,,
United Kingdom,Q145,http://www.wikidata.org/entity/Q131697199,Youlgreave baptismal font,Reservoir,,
United Kingdom,Q145,http://www.wikidata.org/entity/Q131697290,Barnack baptismal font,Reservoir,,
Turkey,Q43,http://www.wikidata.org/entity/Q69704792,Upper Kaleköy Reservoir,Reservoir,,
Turkey,Q43,http://www.wikidata.org/entity/Q130357793,Q130357793,Reservoir,,
Turkey,Q43,http://www.wikidata.org/entity/Q22964138,Cistern of Phocas,Reservoir,,
Turkey,Q43,http://www.wikidata.org/entity/Q130359199,Elmalı Dam Lake,Reservoir,,
Turkey,Q43,http://www.wikidata.org/entity/Q108784942,Q108784942,Reservoir,,
Iran,Q794,http://www.wikidata.org/entity/Q5874247,Q5874247,Reservoir,,
Iran,Q794,http://www.wikidata.org/entity/Q5874687,Q5874687,Reservoir,,
Iran,Q794,http://www.wikidata.org/entity/Q5875300,Q5875300,Reservoir,,
Iran,Q794,http://www.wikidata.org/entity/Q5875486,Q5875486,Reservoir,,
Iran,Q794,http://www.wikidata.org/entity/Q5875570,Q5875570,Reservoir,,
Iran,Q794,http://www.wikidata.org/entity/Q5875578,Q5875578,Reservoir,,
Iran,Q794,http://www.wikidata.org/entity/Q5875668,Q5875668,Reservoir,,
Iran,Q794,http://www.wikidata.org/entity/Q5875745,Q5875745,Reservoir,,
Iran,Q794,http://www.wikidata.org/entity/Q5876346,Q5876346,Reservoir,,
Iran,Q794,http://www.wikidata.org/entity/Q5876904,Q5876904,Reservoir,,
Iran,Q794,http://www.wikidata.org/entity/Q5877137,Q5877137,Reservoir,,
Iran,Q794,http://www.wikidata.org/entity/Q5877465,Q5877465,Reservoir,,
Iran,Q794,http://www.wikidata.org/entity/Q5877591,Q5877591,Reservoir,,
Iran,Q794,http://www.wikidata.org/entity/Q5877632,Q5877632,Reservoir,,
Iran,Q794,http://www.wikidata.org/entity/Q5877699,Q5877699,Reservoir,,
Iran,Q794,http://www.wikidata.org/entity/Q5877969,Q5877969,Reservoir,,
Iran,Q794,http://www.wikidata.org/entity/Q5877990,Q5877990,Reservoir,,
Iran,Q794,http://www.wikidata.org/entity/Q5878884,Q5878884,Reservoir,,
Iran,Q794,http://www.wikidata.org/entity/Q5879285,Q5879285,Reservoir,,
Iran,Q794,http://www.wikidata.org/entity/Q5879462,Q5879462,Reservoir,,
Iran,Q794,http://www.wikidata.org/entity/Q5879460,Q5879460,Reservoir,,
Iran,Q794,http://www.wikidata.org/entity/Q5879568,Q5879568,Reservoir,,
Iran,Q794,http://www.wikidata.org/entity/Q5879583,Q5879583,Reservoir,,
Iran,Q794,http://www.wikidata.org/entity/Q5879849,Q5879849,Reservoir,,
Iran,Q794,http://www.wikidata.org/entity/Q5879996,Q5879996,Reservoir,,
Iran,Q794,http://www.wikidata.org/entity/Q5880108,Q5880108,Reservoir,,
Iran,Q794,http://www.wikidata.org/entity/Q5880161,Q5880161,Reservoir,,
Iran,Q794,http://www.wikidata.org/entity/Q5880675,Q5880675,Reservoir,,
Iran,Q794,http://www.wikidata.org/entity/Q5880834,Q5880834,Reservoir,,
Iran,Q794,http://www.wikidata.org/entity/Q5874397,Beyki Ab Anbar,Reservoir,,
Iran,Q794,http://www.wikidata.org/entity/Q5875123,Haji Karim Ab Anbar,Reservoir,,
Iran,Q794,http://www.wikidata.org/entity/Q5875207,New Ab Anbar,Reservoir,,
Iran,Q794,http://www.wikidata.org/entity/Q5876435,Dehnow Ab Anbar,Reservoir,,
Iran,Q794,http://www.wikidata.org/entity/Q5876866,Hussainiya Ab Anbar (Gonabad),Reservoir,,
Iran,Q794,http://www.wikidata.org/entity/Q5878853,Zizgaz Korichan Ab Anbar,Reservoir,,
Iran,Q794,http://www.wikidata.org/entity/Q5880492,Shah Jahanabad Ab Anbar,Reservoir,,
Iran,Q794,http://www.wikidata.org/entity/Q5876302,Q5876302,Reservoir,,
Iran,Q794,http://www.wikidata.org/entity/Q5876412,Q5876412,Reservoir,,
Iran,Q794,http://www.wikidata.org/entity/Q5880599,Q5880599,Reservoir,,
Iran,Q794,http://www.wikidata.org/entity/Q5879309,Ardashiri Ab Anbar (Ardakan),Reservoir,,
Iran,Q794,http://www.wikidata.org/entity/Q5876227,Bandu Ab Anbar,Reservoir,,
Iran,Q794,http://www.wikidata.org/entity/Q5874311,Q5874311,Reservoir,,
Iran,Q794,http://www.wikidata.org/entity/Q5874551,Q5874551,Reservoir,,
Iran,Q794,http://www.wikidata.org/entity/Q5874713,Q5874713,Reservoir,,
Iran,Q794,http://www.wikidata.org/entity/Q5874682,Q5874682,Reservoir,,
Iran,Q794,http://www.wikidata.org/entity/Q5875306,Q5875306,Reservoir,,
Iran,Q794,http://www.wikidata.org/entity/Q5875369,Q5875369,Reservoir,,
Iran,Q794,http://www.wikidata.org/entity/Q5875377,Q5875377,Reservoir,,
Iran,Q794,http://www.wikidata.org/entity/Q5875526,Q5875526,Reservoir,,
Iran,Q794,http://www.wikidata.org/entity/Q5875024,Q5875024,Reservoir,,
Iran,Q794,http://www.wikidata.org/entity/Q5875278,Q5875278,Reservoir,,
Iran,Q794,http://www.wikidata.org/entity/Q5875210,Q5875210,Reservoir,,
Iran,Q794,http://www.wikidata.org/entity/Q5875383,Q5875383,Reservoir,,
Iran,Q794,http://www.wikidata.org/entity/Q5875935,Q5875935,Reservoir,,
Iran,Q794,http://www.wikidata.org/entity/Q5876095,Q5876095,Reservoir,,
Iran,Q794,http://www.wikidata.org/entity/Q5875753,Q5875753,Reservoir,,
Iran,Q794,http://www.wikidata.org/entity/Q5876293,Q5876293,Reservoir,,
Iran,Q794,http://www.wikidata.org/entity/Q5876379,Q5876379,Reservoir,,
Iran,Q794,http://www.wikidata.org/entity/Q5876108,Q5876108,Reservoir,,
Iran,Q794,http://www.wikidata.org/entity/Q5876880,Q5876880,Reservoir,,
Iran,Q794,http://www.wikidata.org/entity/Q5876508,Q5876508,Reservoir,,
Iran,Q794,http://www.wikidata.org/entity/Q5877126,Q5877126,Reservoir,,
Iran,Q794,http://www.wikidata.org/entity/Q5877429,Q5877429,Reservoir,,
Iran,Q794,http://www.wikidata.org/entity/Q5877027,Q5877027,Reservoir,,
Iran,Q794,http://www.wikidata.org/entity/Q5877860,Q5877860,Reservoir,,
Iran,Q794,http://www.wikidata.org/entity/Q5877475,Q5877475,Reservoir,,
Iran,Q794,http://www.wikidata.org/entity/Q5877431,Q5877431,Reservoir,,
Iran,Q794,http://www.wikidata.org/entity/Q5878288,Q5878288,Reservoir,,
Iran,Q794,http://www.wikidata.org/entity/Q5878280,Q5878280,Reservoir,,
Iran,Q794,http://www.wikidata.org/entity/Q5878091,Q5878091,Reservoir,,
Iran,Q794,http://www.wikidata.org/entity/Q5878167,Q5878167,Reservoir,,
Iran,Q794,http://www.wikidata.org/entity/Q5878847,Q5878847,Reservoir,,
Iran,Q794,http://www.wikidata.org/entity/Q5879004,Q5879004,Reservoir,,
Iran,Q794,http://www.wikidata.org/entity/Q5879940,Q5879940,Reservoir,,
Iran,Q794,http://www.wikidata.org/entity/Q5879551,Q5879551,Reservoir,,
Iran,Q794,http://www.wikidata.org/entity/Q5880181,Q5880181,Reservoir,,
Iran,Q794,http://www.wikidata.org/entity/Q5880280,Q5880280,Reservoir,,
Iran,Q794,http://www.wikidata.org/entity/Q5880345,Q5880345,Reservoir,,
Iran,Q794,http://www.wikidata.org/entity/Q5880791,Q5880791,Reservoir,,
Iran,Q794,http://www.wikidata.org/entity/Q5880565,Q5880565,Reservoir,,
Iran,Q794,http://www.wikidata.org/entity/Q5880765,Q5880765,Reservoir,,
Iran,Q794,http://www.wikidata.org/entity/Q5879258,Q5879258,Reservoir,,
Iran,Q794,http://www.wikidata.org/entity/Q5881041,Q5881041,Reservoir,,
Iran,Q794,http://www.wikidata.org/entity/Q5881104,Q5881104,Reservoir,,
Iran,Q794,http://www.wikidata.org/entity/Q5881640,Q5881640,Reservoir,,
Iran,Q794,http://www.wikidata.org/entity/Q5882227,Q5882227,Reservoir,,
Iran,Q794,http://www.wikidata.org/entity/Q5882253,Q5882253,Reservoir,,
Iran,Q794,http://www.wikidata.org/entity/Q5882259,Q5882259,Reservoir,,
Iran,Q794,http://www.wikidata.org/entity/Q5882666,Q5882666,Reservoir,,
Iran,Q794,http://www.wikidata.org/entity/Q5882878,Q5882878,Reservoir,,
Iran,Q794,http://www.wikidata.org/entity/Q5882992,Q5882992,Reservoir,,
Iran,Q794,http://www.wikidata.org/entity/Q5883153,Q5883153,Reservoir,,
Iran,Q794,http://www.wikidata.org/entity/Q5883562,Q5883562,Reservoir,,
Iran,Q794,http://www.wikidata.org/entity/Q5884396,Q5884396,Reservoir,,
Iran,Q794,http://www.wikidata.org/entity/Q5884463,Q5884463,Reservoir,,
Iran,Q794,http://www.wikidata.org/entity/Q5884758,Q5884758,Reservoir,,
Iran,Q794,http://www.wikidata.org/entity/Q5885799,Q5885799,Reservoir,,
Iran,Q794,http://www.wikidata.org/entity/Q5885847,Q5885847,Reservoir,,
Iran,Q794,http://www.wikidata.org/entity/Q5885861,Q5885861,Reservoir,,
Iran,Q794,http://www.wikidata.org/entity/Q5885915,Q5885915,Reservoir,,
Iran,Q794,http://www.wikidata.org/entity/Q5886052,Q5886052,Reservoir,,
Iran,Q794,http://www.wikidata.org/entity/Q5886484,Q5886484,Reservoir,,
Iran,Q794,http://www.wikidata.org/entity/Q5887011,Q5887011,Reservoir,,
Iran,Q794,http://www.wikidata.org/entity/Q5887273,Q5887273,Reservoir,,
Iran,Q794,http://www.wikidata.org/entity/Q5887809,Q5887809,Reservoir,,
Iran,Q794,http://www.wikidata.org/entity/Q5881268,Haji Nazar Haji Abol Ab Anbar,Reservoir,,
Iran,Q794,http://www.wikidata.org/entity/Q5881648,Tarabad Ab Anbar,Reservoir,,
Iran,Q794,http://www.wikidata.org/entity/Q5881546,Motamed Ab Anbar (Berak),Reservoir,,
Iran,Q794,http://www.wikidata.org/entity/Q5883397,Haji Husayn Ab Anbar (Shamsi),Reservoir,,
Iran,Q794,http://www.wikidata.org/entity/Q5884324,Old Bazaar Ab Anbar (Lar),Reservoir,,
Iran,Q794,http://www.wikidata.org/entity/Q5884458,Sheikh Garden Ab Anbar,Reservoir,,
Iran,Q794,http://www.wikidata.org/entity/Q5884827,"Haj Agha Reza Ab Anbar (Bastani Street, Jahrom)",Reservoir,,
Iran,Q794,http://www.wikidata.org/entity/Q5885492,Firuzabad Castle Ab Anbar,Reservoir,,
Iran,Q794,http://www.wikidata.org/entity/Q5885521,Haj Ali Muhammad Ab Anbar,Reservoir,,
Iran,Q794,http://www.wikidata.org/entity/Q5885709,Hassan Ab Anbar,Reservoir,,
Iran,Q794,http://www.wikidata.org/entity/Q5885121,Aliabad Ab Anbar (Darmian County),Reservoir,,
Iran,Q794,http://www.wikidata.org/entity/Q5886379,Sheikhnia Ab Anbar,Reservoir,,
Iran,Q794,http://www.wikidata.org/entity/Q5883005,Q5883005,Reservoir,,
Iran,Q794,http://www.wikidata.org/entity/Q5884622,Q5884622,Reservoir,,
Iran,Q794,http://www.wikidata.org/entity/Q5885123,Q5885123,Reservoir,,
Iran,Q794,http://www.wikidata.org/entity/Q5887029,Q5887029,Reservoir,,
Iran,Q794,http://www.wikidata.org/entity/Q5880936,Q5880936,Reservoir,,
Iran,Q794,http://www.wikidata.org/entity/Q5881082,Q5881082,Reservoir,,
Iran,Q794,http://www.wikidata.org/entity/Q5881236,Q5881236,Reservoir,,
Iran,Q794,http://www.wikidata.org/entity/Q5881999,Q5881999,Reservoir,,
Iran,Q794,http://www.wikidata.org/entity/Q5882467,Q5882467,Reservoir,,
Iran,Q794,http://www.wikidata.org/entity/Q5882388,Q5882388,Reservoir,,
Iran,Q794,http://www.wikidata.org/entity/Q5882362,Q5882362,Reservoir,,
Iran,Q794,http://www.wikidata.org/entity/Q5882910,Q5882910,Reservoir,,
Iran,Q794,http://www.wikidata.org/entity/Q5883132,Q5883132,Reservoir,,
Iran,Q794,http://www.wikidata.org/entity/Q5883399,Q5883399,Reservoir,,
Iran,Q794,http://www.wikidata.org/entity/Q5884142,Q5884142,Reservoir,,
Iran,Q794,http://www.wikidata.org/entity/Q5884027,Q5884027,Reservoir,,
Iran,Q794,http://www.wikidata.org/entity/Q5884289,Q5884289,Reservoir,,
Iran,Q794,http://www.wikidata.org/entity/Q5884528,Q5884528,Reservoir,,
Iran,Q794,http://www.wikidata.org/entity/Q5884819,Q5884819,Reservoir,,
Iran,Q794,http://www.wikidata.org/entity/Q5885130,Q5885130,Reservoir,,
Iran,Q794,http://www.wikidata.org/entity/Q5885027,Q5885027,Reservoir,,
Iran,Q794,http://www.wikidata.org/entity/Q5885339,Q5885339,Reservoir,,
Iran,Q794,http://www.wikidata.org/entity/Q5885342,Q5885342,Reservoir,,
Iran,Q794,http://www.wikidata.org/entity/Q5885963,Q5885963,Reservoir,,
Iran,Q794,http://www.wikidata.org/entity/Q5885960,Q5885960,Reservoir,,
Iran,Q794,http://www.wikidata.org/entity/Q5886284,Q5886284,Reservoir,,
Iran,Q794,http://www.wikidata.org/entity/Q5886281,Q5886281,Reservoir,,
Iran,Q794,http://www.wikidata.org/entity/Q5887004,Q5887004,Reservoir,,
Iran,Q794,http://www.wikidata.org/entity/Q5887385,Q5887385,Reservoir,,
Iran,Q794,http://www.wikidata.org/entity/Q5886967,Q5886967,Reservoir,,
Iran,Q794,http://www.wikidata.org/entity/Q5887284,Q5887284,Reservoir,,
Iran,Q794,http://www.wikidata.org/entity/Q5887963,Q5887963,Reservoir,,
Iran,Q794,http://www.wikidata.org/entity/Q5887852,Q5887852,Reservoir,,
Iran,Q794,http://www.wikidata.org/entity/Q5887251,Q5887251,Reservoir,,
Iran,Q794,http://www.wikidata.org/entity/Q5890033,Q5890033,Reservoir,,
Iran,Q794,http://www.wikidata.org/entity/Q5890509,Q5890509,Reservoir,,
Iran,Q794,http://www.wikidata.org/entity/Q5891794,Q5891794,Reservoir,,
Iran,Q794,http://www.wikidata.org/entity/Q5891836,Q5891836,Reservoir,,
Iran,Q794,http://www.wikidata.org/entity/Q5892690,Q5892690,Reservoir,,
Iran,Q794,http://www.wikidata.org/entity/Q5892769,Q5892769,Reservoir,,
Iran,Q794,http://www.wikidata.org/entity/Q5892822,Q5892822,Reservoir,,
Iran,Q794,http://www.wikidata.org/entity/Q5893523,Q5893523,Reservoir,,
Iran,Q794,http://www.wikidata.org/entity/Q5894363,Q5894363,Reservoir,,
Iran,Q794,http://www.wikidata.org/entity/Q5894807,Q5894807,Reservoir,,
Iran,Q794,http://www.wikidata.org/entity/Q5889083,Javaheri Quzhd Ab Anbar,Reservoir,,
Iran,Q794,http://www.wikidata.org/entity/Q5889345,Mashayekh Ab Anbar,Reservoir,,
Iran,Q794,http://www.wikidata.org/entity/Q5890354,Imamzadeh Jafar Ab Anbar,Reservoir,,
Iran,Q794,http://www.wikidata.org/entity/Q5890549,Ehsan Ab Anbar,Reservoir,,
Iran,Q794,http://www.wikidata.org/entity/Q5891222,New Bazaar Ab Anbar (Ardakan),Reservoir,,
Iran,Q794,http://www.wikidata.org/entity/Q5895685,Haji Muhammad Reza Ab Anbar,Reservoir,,
Iran,Q794,http://www.wikidata.org/entity/Q5894679,Tudeh Mansuriyeh Ab Anbar,Reservoir,,
Iran,Q794,http://www.wikidata.org/entity/Q5893533,Gonbad-e Sabz Ab Anbar,Reservoir,,
Iran,Q794,http://www.wikidata.org/entity/Q5892659,Q5892659,Reservoir,,
Iran,Q794,http://www.wikidata.org/entity/Q5893590,Q5893590,Reservoir,,
Iran,Q794,http://www.wikidata.org/entity/Q5891418,Sang Square Ab Anbar (Ardakan),Reservoir,,
Iran,Q794,http://www.wikidata.org/entity/Q5888671,Q5888671,Reservoir,,
Iran,Q794,http://www.wikidata.org/entity/Q5888358,Q5888358,Reservoir,,
Iran,Q794,http://www.wikidata.org/entity/Q5888391,Q5888391,Reservoir,,
Iran,Q794,http://www.wikidata.org/entity/Q5888156,Q5888156,Reservoir,,
Iran,Q794,http://www.wikidata.org/entity/Q5888416,Q5888416,Reservoir,,
Iran,Q794,http://www.wikidata.org/entity/Q5888696,Q5888696,Reservoir,,
Iran,Q794,http://www.wikidata.org/entity/Q5888789,Q5888789,Reservoir,,
Iran,Q794,http://www.wikidata.org/entity/Q5889139,Q5889139,Reservoir,,
Iran,Q794,http://www.wikidata.org/entity/Q5888959,Q5888959,Reservoir,,
Iran,Q794,http://www.wikidata.org/entity/Q5888965,Q5888965,Reservoir,,
Iran,Q794,http://www.wikidata.org/entity/Q5888938,Q5888938,Reservoir,,
Iran,Q794,http://www.wikidata.org/entity/Q5889195,Q5889195,Reservoir,,
Iran,Q794,http://www.wikidata.org/entity/Q5890046,Q5890046,Reservoir,,
Iran,Q794,http://www.wikidata.org/entity/Q5889484,Q5889484,Reservoir,,
Iran,Q794,http://www.wikidata.org/entity/Q5888663,Q5888663,Reservoir,,
Iran,Q794,http://www.wikidata.org/entity/Q5889594,Q5889594,Reservoir,,
Iran,Q794,http://www.wikidata.org/entity/Q5889842,Q5889842,Reservoir,,
Iran,Q794,http://www.wikidata.org/entity/Q5889704,Q5889704,Reservoir,,
Iran,Q794,http://www.wikidata.org/entity/Q5890543,Q5890543,Reservoir,,
Iran,Q794,http://www.wikidata.org/entity/Q5890328,Q5890328,Reservoir,,
Iran,Q794,http://www.wikidata.org/entity/Q5890518,Q5890518,Reservoir,,
Iran,Q794,http://www.wikidata.org/entity/Q5891496,Q5891496,Reservoir,,
Iran,Q794,http://www.wikidata.org/entity/Q5889564,Q5889564,Reservoir,,
Iran,Q794,http://www.wikidata.org/entity/Q5891491,Q5891491,Reservoir,,
Iran,Q794,http://www.wikidata.org/entity/Q5892325,Q5892325,Reservoir,,
Iran,Q794,http://www.wikidata.org/entity/Q5891914,Q5891914,Reservoir,,
Iran,Q794,http://www.wikidata.org/entity/Q5892453,Q5892453,Reservoir,,
Iran,Q794,http://www.wikidata.org/entity/Q5892576,Q5892576,Reservoir,,
Iran,Q794,http://www.wikidata.org/entity/Q5892765,Q5892765,Reservoir,,
Iran,Q794,http://www.wikidata.org/entity/Q5892997,Q5892997,Reservoir,,
Iran,Q794,http://www.wikidata.org/entity/Q5892541,Q5892541,Reservoir,,
Iran,Q794,http://www.wikidata.org/entity/Q5892550,Q5892550,Reservoir,,
Iran,Q794,http://www.wikidata.org/entity/Q5893341,Q5893341,Reservoir,,
Iran,Q794,http://www.wikidata.org/entity/Q5892943,Q5892943,Reservoir,,
Iran,Q794,http://www.wikidata.org/entity/Q5893033,Q5893033,Reservoir,,
Iran,Q794,http://www.wikidata.org/entity/Q5893145,Q5893145,Reservoir,,
Iran,Q794,http://www.wikidata.org/entity/Q5893256,Q5893256,Reservoir,,
Iran,Q794,http://www.wikidata.org/entity/Q5893444,Q5893444,Reservoir,,
Iran,Q794,http://www.wikidata.org/entity/Q5893418,Q5893418,Reservoir,,
Iran,Q794,http://www.wikidata.org/entity/Q5894865,Q5894865,Reservoir,,
Iran,Q794,http://www.wikidata.org/entity/Q5895018,Q5895018,Reservoir,,
Iran,Q794,http://www.wikidata.org/entity/Q5894484,Q5894484,Reservoir,,
Iran,Q794,http://www.wikidata.org/entity/Q5894467,Q5894467,Reservoir,,
Iran,Q794,http://www.wikidata.org/entity/Q5894557,Q5894557,Reservoir,,
Iran,Q794,http://www.wikidata.org/entity/Q5894705,Q5894705,Reservoir,,
Iran,Q794,http://www.wikidata.org/entity/Q5894920,Q5894920,Reservoir,,
Iran,Q794,http://www.wikidata.org/entity/Q5895312,Q5895312,Reservoir,,
Iran,Q794,http://www.wikidata.org/entity/Q5894213,Q5894213,Reservoir,,
Iran,Q794,http://www.wikidata.org/entity/Q5894927,Q5894927,Reservoir,,
Iran,Q794,http://www.wikidata.org/entity/Q5896909,Q5896909,Reservoir,,
Iran,Q794,http://www.wikidata.org/entity/Q5897125,Q5897125,Reservoir,,
Iran,Q794,http://www.wikidata.org/entity/Q5897752,Q5897752,Reservoir,,
Iran,Q794,http://www.wikidata.org/entity/Q5897820,Q5897820,Reservoir,,
Iran,Q794,http://www.wikidata.org/entity/Q5897873,Q5897873,Reservoir,,
Iran,Q794,http://www.wikidata.org/entity/Q5898025,Q5898025,Reservoir,,
Iran,Q794,http://www.wikidata.org/entity/Q5898232,Q5898232,Reservoir,,
Iran,Q794,http://www.wikidata.org/entity/Q5900421,Q5900421,Reservoir,,
Iran,Q794,http://www.wikidata.org/entity/Q5905899,Q5905899,Reservoir,,
Iran,Q794,http://www.wikidata.org/entity/Q5907209,Q5907209,Reservoir,,
Iran,Q794,http://www.wikidata.org/entity/Q5907745,Q5907745,Reservoir,,
Iran,Q794,http://www.wikidata.org/entity/Q5915366,Q5915366,Reservoir,,
Iran,Q794,http://www.wikidata.org/entity/Q5917725,Q5917725,Reservoir,,
Iran,Q794,http://www.wikidata.org/entity/Q5918287,Q5918287,Reservoir,,
Iran,Q794,http://www.wikidata.org/entity/Q5922568,Q5922568,Reservoir,,
Iran,Q794,http://www.wikidata.org/entity/Q5926195,Q5926195,Reservoir,,
Iran,Q794,http://www.wikidata.org/entity/Q5927562,Q5927562,Reservoir,,
Iran,Q794,http://www.wikidata.org/entity/Q5929111,Q5929111,Reservoir,,
Iran,Q794,http://www.wikidata.org/entity/Q5898210,Haji Husayn Attar Ab Anbar,Reservoir,,
Iran,Q794,http://www.wikidata.org/entity/Q5905465,Mahalleh-ye Bala Ab Anbar (Bafruiyeh),Reservoir,,
Iran,Q794,http://www.wikidata.org/entity/Q5904913,Q5904913,Reservoir,,
Iran,Q794,http://www.wikidata.org/entity/Q5906450,Q5906450,Reservoir,,
Iran,Q794,http://www.wikidata.org/entity/Q5908039,Q5908039,Reservoir,,
Iran,Q794,http://www.wikidata.org/entity/Q5900758,Abanbar Imamzadeh,Reservoir,,
Iran,Q794,http://www.wikidata.org/entity/Q5908310,Imamzadeh Ali Akbar Ab Anbar,Reservoir,,
Iran,Q794,http://www.wikidata.org/entity/Q5896063,Q5896063,Reservoir,,
Iran,Q794,http://www.wikidata.org/entity/Q5896670,Q5896670,Reservoir,,
Iran,Q794,http://www.wikidata.org/entity/Q5896103,Q5896103,Reservoir,,
Iran,Q794,http://www.wikidata.org/entity/Q5896450,Q5896450,Reservoir,,
Iran,Q794,http://www.wikidata.org/entity/Q5897260,Q5897260,Reservoir,,
Iran,Q794,http://www.wikidata.org/entity/Q5898020,Q5898020,Reservoir,,
Iran,Q794,http://www.wikidata.org/entity/Q5897642,Q5897642,Reservoir,,
Iran,Q794,http://www.wikidata.org/entity/Q5897664,Q5897664,Reservoir,,
Iran,Q794,http://www.wikidata.org/entity/Q5898050,Q5898050,Reservoir,,
Iran,Q794,http://www.wikidata.org/entity/Q5899285,Q5899285,Reservoir,,
Iran,Q794,http://www.wikidata.org/entity/Q5898753,Q5898753,Reservoir,,
Iran,Q794,http://www.wikidata.org/entity/Q5898871,Q5898871,Reservoir,,
Iran,Q794,http://www.wikidata.org/entity/Q5899715,Q5899715,Reservoir,,
Iran,Q794,http://www.wikidata.org/entity/Q5898321,Q5898321,Reservoir,,
Iran,Q794,http://www.wikidata.org/entity/Q5898358,Q5898358,Reservoir,,
Iran,Q794,http://www.wikidata.org/entity/Q5896803,Q5896803,Reservoir,,
Iran,Q794,http://www.wikidata.org/entity/Q5901029,Q5901029,Reservoir,,
Iran,Q794,http://www.wikidata.org/entity/Q5899674,Q5899674,Reservoir,,
Iran,Q794,http://www.wikidata.org/entity/Q5901585,Q5901585,Reservoir,,
Iran,Q794,http://www.wikidata.org/entity/Q5902688,Q5902688,Reservoir,,
Iran,Q794,http://www.wikidata.org/entity/Q5901307,Q5901307,Reservoir,,
Iran,Q794,http://www.wikidata.org/entity/Q5903530,Q5903530,Reservoir,,
Iran,Q794,http://www.wikidata.org/entity/Q5904786,Q5904786,Reservoir,,
Iran,Q794,http://www.wikidata.org/entity/Q5905870,Q5905870,Reservoir,,
Iran,Q794,http://www.wikidata.org/entity/Q5906443,Q5906443,Reservoir,,
Iran,Q794,http://www.wikidata.org/entity/Q5905388,Q5905388,Reservoir,,
Iran,Q794,http://www.wikidata.org/entity/Q5905177,Q5905177,Reservoir,,
Iran,Q794,http://www.wikidata.org/entity/Q5907947,Q5907947,Reservoir,,
Iran,Q794,http://www.wikidata.org/entity/Q5911358,Q5911358,Reservoir,,
Iran,Q794,http://www.wikidata.org/entity/Q5916157,Q5916157,Reservoir,,
Iran,Q794,http://www.wikidata.org/entity/Q5916962,Q5916962,Reservoir,,
Iran,Q794,http://www.wikidata.org/entity/Q5917825,Q5917825,Reservoir,,
Iran,Q794,http://www.wikidata.org/entity/Q5922376,Q5922376,Reservoir,,
Iran,Q794,http://www.wikidata.org/entity/Q5922803,Q5922803,Reservoir,,
Iran,Q794,http://www.wikidata.org/entity/Q5929102,Q5929102,Reservoir,,
Iran,Q794,http://www.wikidata.org/entity/Q5930293,Q5930293,Reservoir,,
Iran,Q794,http://www.wikidata.org/entity/Q5941504,Q5941504,Reservoir,,
Iran,Q794,http://www.wikidata.org/entity/Q5960453,Q5960453,Reservoir,,
Iran,Q794,http://www.wikidata.org/entity/Q6528387,Q6528387,Reservoir,,
Iran,Q794,http://www.wikidata.org/entity/Q6532840,Q6532840,Reservoir,,
Iran,Q794,http://www.wikidata.org/entity/Q6550180,Q6550180,Reservoir,,
Iran,Q794,http://www.wikidata.org/entity/Q42624753,Malek Ab Anbar,Reservoir,,
Iran,Q794,http://www.wikidata.org/entity/Q42627679,New Ab Anbar (Zavareh),Reservoir,,
Iran,Q794,http://www.wikidata.org/entity/Q42650442,New Ab Anbar (Bajestan),Reservoir,,
Iran,Q794,http://www.wikidata.org/entity/Q42677695,Tilab Ab Anbar,Reservoir,,
Iran,Q794,http://www.wikidata.org/entity/Q42677781,Natanz Bazaar Ab Anbar,Reservoir,,
Iran,Q794,http://www.wikidata.org/entity/Q42728617,Mir Mosque Ab Anbar (Borujerd),Reservoir,,
Iran,Q794,http://www.wikidata.org/entity/Q42652624,Seyyed Paderakht Mosque Ab Anbar,Reservoir,,
Iran,Q794,http://www.wikidata.org/entity/Q42672176,Kasnaviyeh Ab Anbar,Reservoir,,
Iran,Q794,http://www.wikidata.org/entity/Q42746707,Dowlatabad Ab Anbar (Larestan),Reservoir,,
Iran,Q794,http://www.wikidata.org/entity/Q61061664,Ibrahim Khan Ab Anbar,Reservoir,,
Iran,Q794,http://www.wikidata.org/entity/Q113700009,Baba Vali Ab Anbar,Reservoir,,
Iran,Q794,http://www.wikidata.org/entity/Q42686054,Mirizi Ab Anbar,Reservoir,,
Iran,Q794,http://www.wikidata.org/entity/Q42686094,Mesh Shao Ab Anbar,Reservoir,,
Iran,Q794,http://www.wikidata.org/entity/Q6531503,Miyan Deh Ab Anbar (Boshruyeh),Reservoir,,
Iran,Q794,http://www.wikidata.org/entity/Q6538206,Chahardah Masum Mosque (Meybod),Reservoir,,
Iran,Q794,http://www.wikidata.org/entity/Q6541473,Ibrahimabad Ab Anbar (Khur and Biabanak County),Reservoir,,
Iran,Q794,http://www.wikidata.org/entity/Q6531168,Q6531168,Reservoir,,
Iran,Q794,http://www.wikidata.org/entity/Q6531844,Q6531844,Reservoir,,
Iran,Q794,http://www.wikidata.org/entity/Q6534604,Q6534604,Reservoir,,
Iran,Q794,http://www.wikidata.org/entity/Q6535388,Q6535388,Reservoir,,
Iran,Q794,http://www.wikidata.org/entity/Q6536384,Q6536384,Reservoir,,
Iran,Q794,http://www.wikidata.org/entity/Q6536452,Q6536452,Reservoir,,
Iran,Q794,http://www.wikidata.org/entity/Q6539757,Q6539757,Reservoir,,
Iran,Q794,http://www.wikidata.org/entity/Q6544274,Q6544274,Reservoir,,
Iran,Q794,http://www.wikidata.org/entity/Q6557785,Q6557785,Reservoir,,
Iran,Q794,http://www.wikidata.org/entity/Q20109388,Q20109388,Reservoir,,
Iran,Q794,http://www.wikidata.org/entity/Q20109389,Q20109389,Reservoir,,
Iran,Q794,http://www.wikidata.org/entity/Q5866839,Q5866839,Reservoir,,
Iran,Q794,http://www.wikidata.org/entity/Q5869809,Q5869809,Reservoir,,
Iran,Q794,http://www.wikidata.org/entity/Q5871033,Q5871033,Reservoir,,
Iran,Q794,http://www.wikidata.org/entity/Q5873153,Q5873153,Reservoir,,
Iran,Q794,http://www.wikidata.org/entity/Q5873313,Q5873313,Reservoir,,
Iran,Q794,http://www.wikidata.org/entity/Q5872493,Q5872493,Reservoir,,
Iran,Q794,http://www.wikidata.org/entity/Q5872543,Q5872543,Reservoir,,
Iran,Q794,http://www.wikidata.org/entity/Q68082543,Water treatment system of Dur-Untash,Reservoir,,
Iran,Q794,http://www.wikidata.org/entity/Q5870506,Q5870506,Reservoir,,
Iran,Q794,http://www.wikidata.org/entity/Q5870610,Q5870610,Reservoir,,
Iran,Q794,http://www.wikidata.org/entity/Q5873641,Q5873641,Reservoir,,
Iran,Q794,http://www.wikidata.org/entity/Q5868458,Moqim Ab Anbar,Reservoir,,
Iran,Q794,http://www.wikidata.org/entity/Q5870969,Dehabad Ab Anbar,Reservoir,,
Iran,Q794,http://www.wikidata.org/entity/Q5874136,Molla Mohammad Ab Anbar,Reservoir,,
Iran,Q794,http://www.wikidata.org/entity/Q5872746,Mazraeh-ye Kalantar Ab Anbar,Reservoir,,
Iran,Q794,http://www.wikidata.org/entity/Q5901222,Barabad Hovz-anbar,Reservoir,,
Iran,Q794,http://www.wikidata.org/entity/Q5871905,Tehran Silo,Reservoir,,
Iran,Q794,http://www.wikidata.org/entity/Q5870477,Evaz Ab Anbar,Reservoir,,
Iran,Q794,http://www.wikidata.org/entity/Q69520473,Delqand Hovz-anbar,Reservoir,,
Canada,Q16,http://www.wikidata.org/entity/Q98962770,baptimals fonts,Reservoir,,
Russia,Q159,http://www.wikidata.org/entity/Q117774776,Q117774776,Reservoir,,
Russia,Q159,http://www.wikidata.org/entity/Q105741184,Q105741184,Reservoir,,
Russia,Q159,http://www.wikidata.org/entity/Q108784931,Q108784931,Reservoir,,
Russia,Q159,http://www.wikidata.org/entity/Q108784937,Q108784937,Reservoir,,
Russia,Q159,http://www.wikidata.org/entity/Q108784941,Q108784941,Reservoir,,
Russia,Q159,http://www.wikidata.org/entity/Q123819352,Q123819352,Reservoir,,
Russia,Q159,http://www.wikidata.org/entity/Q127420564,Q127420564,Reservoir,,
Estonia,Q191,http://www.wikidata.org/entity/Q32196336,Q32196336,Reservoir,,
Estonia,Q191,http://www.wikidata.org/entity/Q32196894,Q32196894,Reservoir,,
Estonia,Q191,http://www.wikidata.org/entity/Q32195749,Vanajärv,Reservoir,,
Estonia,Q191,http://www.wikidata.org/entity/Q31273399,Tõlinõmme Reservoir,Reservoir,,
Estonia,Q191,http://www.wikidata.org/entity/Q32196248,Lake Kauksi,Reservoir,,
Estonia,Q191,http://www.wikidata.org/entity/Q32197907,Sika sulg,Reservoir,,
Estonia,Q191,http://www.wikidata.org/entity/Q32199126,Mäesulg,Reservoir,,
Estonia,Q191,http://www.wikidata.org/entity/Q32199527,Viinakuajärv,Reservoir,,
Estonia,Q191,http://www.wikidata.org/entity/Q47908478,Lake Viinamärdi,Reservoir,,
Estonia,Q191,http://www.wikidata.org/entity/Q48929909,Lake Ropka,Reservoir,,
United States,Q30,http://www.wikidata.org/entity/Q116243809,Font,Reservoir,,
United States,Q30,http://www.wikidata.org/entity/Q116236488,Baptismal Font,Reservoir,,
United States,Q30,http://www.wikidata.org/entity/Q116247724,Holy-water Font,Reservoir,,
United States,Q30,http://www.wikidata.org/entity/Q116252261,Baptismal Font,Reservoir,,
United States,Q30,http://www.wikidata.org/entity/Q112114228,Ritter Park Fountain,Reservoir,,
United States,Q30,http://www.wikidata.org/entity/Q19987667,Powers Lake,Reservoir,,
United States,Q30,http://www.wikidata.org/entity/Q22060966,Dart's Elevator,Reservoir,,
United States,Q30,http://www.wikidata.org/entity/Q42310392,Tionesta Reservoir,Reservoir,,
United States,Q30,http://www.wikidata.org/entity/Q86673059,Q86673059,Reservoir,,
United States,Q30,http://www.wikidata.org/entity/Q65040298,Controlled lake,Reservoir,,
United States,Q30,http://www.wikidata.org/entity/Q66736992,Morefield Reservoir,Reservoir,,
United States,Q30,http://www.wikidata.org/entity/Q101063256,Sigsbee Reservoir,Reservoir,,
United States,Q30,http://www.wikidata.org/entity/Q104855782,Union Mills Reservoir,Reservoir,,
United States,Q30,http://www.wikidata.org/entity/Q107746933,Brookville Lake,Reservoir,,
United States,Q30,http://www.wikidata.org/entity/Q108603680,Lost Creek Reservoir,Reservoir,,
United States,Q30,http://www.wikidata.org/entity/Q123529367,Lake Aldred,Reservoir,,
United States,Q30,http://www.wikidata.org/entity/Q2859260,Floridan aquifer,Reservoir,,
United States,Q30,http://www.wikidata.org/entity/Q4917225,Biscayne Aquifer,Reservoir,,
United States,Q30,http://www.wikidata.org/entity/Q4917720,Bishop Subbasin,Reservoir,,
United States,Q30,http://www.wikidata.org/entity/Q19878905,Calumet Aquifer,Reservoir,,
United States,Q30,http://www.wikidata.org/entity/Q5346087,Edwards Aquifer,Reservoir,,
United States,Q30,http://www.wikidata.org/entity/Q23058918,Southern Hills Aquifer,Reservoir,,
United States,Q30,http://www.wikidata.org/entity/Q6415879,Kirkwood-Cohansey aquifer,Reservoir,,
United States,Q30,http://www.wikidata.org/entity/Q6734741,Mahomet Aquifer,Reservoir,,
United States,Q30,http://www.wikidata.org/entity/Q7418743,Sankoty Aquifer,Reservoir,,
United States,Q30,http://www.wikidata.org/entity/Q7419349,Santa Clara valley aquifer,Reservoir,,
United States,Q30,http://www.wikidata.org/entity/Q28228271,Carrizo-Wilcox Aquifer,Reservoir,,
United States,Q30,http://www.wikidata.org/entity/Q28455922,Willamette Lowland basin-fill aquifer,Reservoir,,
United States,Q30,http://www.wikidata.org/entity/Q30686824,Saginaw Aquifer,Reservoir,,
United States,Q30,http://www.wikidata.org/entity/Q43401212,Columbia Plateau Aquifer System,Reservoir,,
United States,Q30,http://www.wikidata.org/entity/Q5944434,Hunter Lake,Reservoir,,
United States,Q30,http://www.wikidata.org/entity/Q19877390,Premium Mill-Pond,Reservoir,,
United States,Q30,http://www.wikidata.org/entity/Q21551241,Darrah Number 1 Reservoir,Reservoir,,
United States,Q30,http://www.wikidata.org/entity/Q21551246,Darrah Number 3 Reservoir,Reservoir,,
United States,Q30,http://www.wikidata.org/entity/Q21551244,Darrah Number 2 Reservoir,Reservoir,,
United States,Q30,http://www.wikidata.org/entity/Q21551252,Darrah Reservoir,Reservoir,,
United States,Q30,http://www.wikidata.org/entity/Q21551359,Fryberger Reservoir,Reservoir,,
United States,Q30,http://www.wikidata.org/entity/Q21551444,Hartnett Lake,Reservoir,,
United States,Q30,http://www.wikidata.org/entity/Q21551649,Reasonover Lake,Reservoir,,
United States,Q30,http://www.wikidata.org/entity/Q21551673,Ryberg Tank,Reservoir,,
United States,Q30,http://www.wikidata.org/entity/Q22117403,Middle Wallace Tank,Reservoir,,
United States,Q30,http://www.wikidata.org/entity/Q7103895,Oroville-Thermalito Complex,Reservoir,,
United States,Q30,http://www.wikidata.org/entity/Q35186691,Hopkinton-Everett Lake,Reservoir,,
United States,Q30,http://www.wikidata.org/entity/Q47072933,Drale Reservoir,Reservoir,,
United States,Q30,http://www.wikidata.org/entity/Q60743869,Upper Colorado water resource region,Reservoir,,
United States,Q30,http://www.wikidata.org/entity/Q115315819,Mays Chapel Reservoir,Reservoir,,
Sri Lanka,Q854,http://www.wikidata.org/entity/Q19735854,Q19735854,Reservoir,,
Sri Lanka,Q854,http://www.wikidata.org/entity/Q133267780,Upper Kotmale Reservoir,Reservoir,,
Ukraine,Q212,http://www.wikidata.org/entity/Q12157099,Q12157099,Reservoir,,
Ukraine,Q212,http://www.wikidata.org/entity/Q72548690,Inhul Reservoir,Reservoir,,
Ukraine,Q212,http://www.wikidata.org/entity/Q20072876,Q20072876,Reservoir,,
Ukraine,Q212,http://www.wikidata.org/entity/Q20073802,Q20073802,Reservoir,,
Ukraine,Q212,http://www.wikidata.org/entity/Q20074706,Q20074706,Reservoir,,
Ukraine,Q212,http://www.wikidata.org/entity/Q20082420,Q20082420,Reservoir,,
Ukraine,Q212,http://www.wikidata.org/entity/Q20074689,reservoirs in Volyn Oblast,Reservoir,,
Ukraine,Q212,http://www.wikidata.org/entity/Q20074707,reservoirs in Sumy Oblast,Reservoir,,
Ukraine,Q212,http://www.wikidata.org/entity/Q20097266,reservoirs in Khmelnytskyi Oblast,Reservoir,,
Ukraine,Q212,http://www.wikidata.org/entity/Q30966629,Nedilchynske reservoir,Reservoir,,
Ukraine,Q212,http://www.wikidata.org/entity/Q30967903,Oleksandrivka Reservoir,Reservoir,,
Ukraine,Q212,http://www.wikidata.org/entity/Q65199281,Q65199281,Reservoir,,
Ukraine,Q212,http://www.wikidata.org/entity/Q108534998,Q108534998,Reservoir,,
Ukraine,Q212,http://www.wikidata.org/entity/Q72547530,Kirovohrad Reservoir,Reservoir,,
Ukraine,Q212,http://www.wikidata.org/entity/Q72548134,Dokuchaievske Reservoir,Reservoir,,
Japan,Q17,http://www.wikidata.org/entity/Q11353567,Q11353567,Reservoir,,
Japan,Q17,http://www.wikidata.org/entity/Q11354815,Q11354815,Reservoir,,
Japan,Q17,http://www.wikidata.org/entity/Q11359498,Q11359498,Reservoir,,
Japan,Q17,http://www.wikidata.org/entity/Q11360026,Q11360026,Reservoir,,
Japan,Q17,http://www.wikidata.org/entity/Q11366341,Q11366341,Reservoir,,
Japan,Q17,http://www.wikidata.org/entity/Q11380834,Q11380834,Reservoir,,
Japan,Q17,http://www.wikidata.org/entity/Q11419562,Q11419562,Reservoir,,
Japan,Q17,http://www.wikidata.org/entity/Q11425526,Q11425526,Reservoir,,
Japan,Q17,http://www.wikidata.org/entity/Q11436899,Q11436899,Reservoir,,
Japan,Q17,http://www.wikidata.org/entity/Q11436901,Q11436901,Reservoir,,
Japan,Q17,http://www.wikidata.org/entity/Q11447765,Q11447765,Reservoir,,
Japan,Q17,http://www.wikidata.org/entity/Q11491081,Q11491081,Reservoir,,
Japan,Q17,http://www.wikidata.org/entity/Q11618621,Q11618621,Reservoir,,
Japan,Q17,http://www.wikidata.org/entity/Q11638454,Q11638454,Reservoir,,
Japan,Q17,http://www.wikidata.org/entity/Q11561971,Watarase Retarding Basin,Reservoir,,
Japan,Q17,http://www.wikidata.org/entity/Q11633673,Hōheikyō Onsen,Reservoir,,
Japan,Q17,http://www.wikidata.org/entity/Q28684052,Q28684052,Reservoir,,
Japan,Q17,http://www.wikidata.org/entity/Q20044803,Shibakawa No. 1 Retention Basin,Reservoir,,
Japan,Q17,http://www.wikidata.org/entity/Q21652649,Ōyoshi Reservoir,Reservoir,,
Japan,Q17,http://www.wikidata.org/entity/Q85883431,Q85883431,Reservoir,,
Japan,Q17,http://www.wikidata.org/entity/Q109561622,Q109561622,Reservoir,,
Japan,Q17,http://www.wikidata.org/entity/Q11564330,Q11564330,Reservoir,,
Japan,Q17,http://www.wikidata.org/entity/Q11574205,Q11574205,Reservoir,,
Japan,Q17,http://www.wikidata.org/entity/Q11625521,Q11625521,Reservoir,,
Japan,Q17,http://www.wikidata.org/entity/Q11635708,Q11635708,Reservoir,,
Japan,Q17,http://www.wikidata.org/entity/Q11654029,Q11654029,Reservoir,,
Japan,Q17,http://www.wikidata.org/entity/Q11659240,Q11659240,Reservoir,,
Japan,Q17,http://www.wikidata.org/entity/Q11667791,Q11667791,Reservoir,,
Japan,Q17,http://www.wikidata.org/entity/Q11676320,Q11676320,Reservoir,,
Japan,Q17,http://www.wikidata.org/entity/Q17218719,Q17218719,Reservoir,,
Japan,Q17,http://www.wikidata.org/entity/Q17225502,Q17225502,Reservoir,,
Japan,Q17,http://www.wikidata.org/entity/Q18336736,Q18336736,Reservoir,,
Japan,Q17,http://www.wikidata.org/entity/Q18337273,Q18337273,Reservoir,,
Japan,Q17,http://www.wikidata.org/entity/Q22127384,Q22127384,Reservoir,,
Japan,Q17,http://www.wikidata.org/entity/Q11553150,Sayamaike Lake,Reservoir,,
Japan,Q17,http://www.wikidata.org/entity/Q11581268,Masuda Pond,Reservoir,,
Japan,Q17,http://www.wikidata.org/entity/Q65268211,Q65268211,Reservoir,,
Japan,Q17,http://www.wikidata.org/entity/Q85883842,Q85883842,Reservoir,,
Japan,Q17,http://www.wikidata.org/entity/Q109358491,Q109358491,Reservoir,,
Japan,Q17,http://www.wikidata.org/entity/Q109363804,Q109363804,Reservoir,,
Japan,Q17,http://www.wikidata.org/entity/Q125546318,Kurokawa Reservoir,Reservoir,,
Japan,Q17,http://www.wikidata.org/entity/Q125546271,Tataragi Reservoir,Reservoir,,
Japan,Q17,http://www.wikidata.org/entity/Q11492503,Q11492503,Reservoir,,
Japan,Q17,http://www.wikidata.org/entity/Q11540897,Q11540897,Reservoir,,
Japan,Q17,http://www.wikidata.org/entity/Q11279096,Lake Midori,Reservoir,,
Japan,Q17,http://www.wikidata.org/entity/Q11383176,Sori-ike Reservoir,Reservoir,,
Japan,Q17,http://www.wikidata.org/entity/Q11552454,Lake Kutsuzawa,Reservoir,,
Japan,Q17,http://www.wikidata.org/entity/Q11615853,Lake Hana-no-Suisho,Reservoir,,
Japan,Q17,http://www.wikidata.org/entity/Q11639565,Lake Tsūten,Reservoir,,
Japan,Q17,http://www.wikidata.org/entity/Q5295567,Tsukuhara Lake,Reservoir,,
Japan,Q17,http://www.wikidata.org/entity/Q109596833,Q109596833,Reservoir,,
Japan,Q17,http://www.wikidata.org/entity/Q109361638,Noma Ōike Flood Control Pond,Reservoir,,
Japan,Q17,http://www.wikidata.org/entity/Q123174091,Q123174091,Reservoir,,
Japan,Q17,http://www.wikidata.org/entity/Q113843051,Lake Usui,Reservoir,,
Japan,Q17,http://www.wikidata.org/entity/Q114074525,Saigawahakuchoko Lake,Reservoir,,
Japan,Q17,http://www.wikidata.org/entity/Q114347525,Lake Sesso,Reservoir,,
Japan,Q17,http://www.wikidata.org/entity/Q134493983,Q134493983,Reservoir,,
People's Republic of China,Q148,http://www.wikidata.org/entity/Q11065449,Q11065449,Reservoir,,
People's Republic of China,Q148,http://www.wikidata.org/entity/Q11066830,Q11066830,Reservoir,,
People's Republic of China,Q148,http://www.wikidata.org/entity/Q11066855,Q11066855,Reservoir,,
People's Republic of China,Q148,http://www.wikidata.org/entity/Q11069441,Q11069441,Reservoir,,
People's Republic of China,Q148,http://www.wikidata.org/entity/Q11069444,Q11069444,Reservoir,,
People's Republic of China,Q148,http://www.wikidata.org/entity/Q11070097,Q11070097,Reservoir,,
People's Republic of China,Q148,http://www.wikidata.org/entity/Q11070376,Q11070376,Reservoir,,
People's Republic of China,Q148,http://www.wikidata.org/entity/Q11072296,Q11072296,Reservoir,,
People's Republic of China,Q148,http://www.wikidata.org/entity/Q11073408,Q11073408,Reservoir,,
People's Republic of China,Q148,http://www.wikidata.org/entity/Q11073427,Q11073427,Reservoir,,
People's Republic of China,Q148,http://www.wikidata.org/entity/Q11074542,Q11074542,Reservoir,,
People's Republic of China,Q148,http://www.wikidata.org/entity/Q11075466,Q11075466,Reservoir,,
People's Republic of China,Q148,http://www.wikidata.org/entity/Q11075482,Q11075482,Reservoir,,
People's Republic of China,Q148,http://www.wikidata.org/entity/Q11075950,Q11075950,Reservoir,,
People's Republic of China,Q148,http://www.wikidata.org/entity/Q11077167,Q11077167,Reservoir,,
People's Republic of China,Q148,http://www.wikidata.org/entity/Q11077773,Q11077773,Reservoir,,
People's Republic of China,Q148,http://www.wikidata.org/entity/Q11079172,Q11079172,Reservoir,,
People's Republic of China,Q148,http://www.wikidata.org/entity/Q11079729,Q11079729,Reservoir,,
People's Republic of China,Q148,http://www.wikidata.org/entity/Q11079834,Q11079834,Reservoir,,
People's Republic of China,Q148,http://www.wikidata.org/entity/Q11080692,Q11080692,Reservoir,,
People's Republic of China,Q148,http://www.wikidata.org/entity/Q11081952,Q11081952,Reservoir,,
People's Republic of China,Q148,http://www.wikidata.org/entity/Q11082230,Q11082230,Reservoir,,
People's Republic of China,Q148,http://www.wikidata.org/entity/Q11082231,Q11082231,Reservoir,,
People's Republic of China,Q148,http://www.wikidata.org/entity/Q11082233,Q11082233,Reservoir,,
People's Republic of China,Q148,http://www.wikidata.org/entity/Q11082381,Q11082381,Reservoir,,
People's Republic of China,Q148,http://www.wikidata.org/entity/Q11084214,Q11084214,Reservoir,,
People's Republic of China,Q148,http://www.wikidata.org/entity/Q11084632,Q11084632,Reservoir,,
People's Republic of China,Q148,http://www.wikidata.org/entity/Q11087610,Q11087610,Reservoir,,
People's Republic of China,Q148,http://www.wikidata.org/entity/Q11087922,Q11087922,Reservoir,,
People's Republic of China,Q148,http://www.wikidata.org/entity/Q11087923,Q11087923,Reservoir,,
People's Republic of China,Q148,http://www.wikidata.org/entity/Q11088600,Q11088600,Reservoir,,
People's Republic of China,Q148,http://www.wikidata.org/entity/Q11090339,Q11090339,Reservoir,,
People's Republic of China,Q148,http://www.wikidata.org/entity/Q11090451,Q11090451,Reservoir,,
People's Republic of China,Q148,http://www.wikidata.org/entity/Q11091908,Q11091908,Reservoir,,
People's Republic of China,Q148,http://www.wikidata.org/entity/Q11092256,Q11092256,Reservoir,,
People's Republic of China,Q148,http://www.wikidata.org/entity/Q11092630,Q11092630,Reservoir,,
People's Republic of China,Q148,http://www.wikidata.org/entity/Q11097302,Q11097302,Reservoir,,
People's Republic of China,Q148,http://www.wikidata.org/entity/Q11100161,Q11100161,Reservoir,,
People's Republic of China,Q148,http://www.wikidata.org/entity/Q11101448,Q11101448,Reservoir,,
People's Republic of China,Q148,http://www.wikidata.org/entity/Q11101519,Q11101519,Reservoir,,
People's Republic of China,Q148,http://www.wikidata.org/entity/Q11101609,Q11101609,Reservoir,,
People's Republic of China,Q148,http://www.wikidata.org/entity/Q11104567,Q11104567,Reservoir,,
People's Republic of China,Q148,http://www.wikidata.org/entity/Q11108844,Q11108844,Reservoir,,
People's Republic of China,Q148,http://www.wikidata.org/entity/Q11109573,Q11109573,Reservoir,,
People's Republic of China,Q148,http://www.wikidata.org/entity/Q11109731,Q11109731,Reservoir,,
People's Republic of China,Q148,http://www.wikidata.org/entity/Q11110217,Q11110217,Reservoir,,
People's Republic of China,Q148,http://www.wikidata.org/entity/Q11110310,Q11110310,Reservoir,,
People's Republic of China,Q148,http://www.wikidata.org/entity/Q11111100,Q11111100,Reservoir,,
People's Republic of China,Q148,http://www.wikidata.org/entity/Q11112567,Q11112567,Reservoir,,
People's Republic of China,Q148,http://www.wikidata.org/entity/Q11112708,Q11112708,Reservoir,,
People's Republic of China,Q148,http://www.wikidata.org/entity/Q11113868,Q11113868,Reservoir,,
People's Republic of China,Q148,http://www.wikidata.org/entity/Q11114637,Q11114637,Reservoir,,
People's Republic of China,Q148,http://www.wikidata.org/entity/Q11115441,Q11115441,Reservoir,,
People's Republic of China,Q148,http://www.wikidata.org/entity/Q11117371,Q11117371,Reservoir,,
People's Republic of China,Q148,http://www.wikidata.org/entity/Q11119824,Q11119824,Reservoir,,
People's Republic of China,Q148,http://www.wikidata.org/entity/Q11120934,Q11120934,Reservoir,,
People's Republic of China,Q148,http://www.wikidata.org/entity/Q11120989,Q11120989,Reservoir,,
People's Republic of China,Q148,http://www.wikidata.org/entity/Q11121208,Q11121208,Reservoir,,
People's Republic of China,Q148,http://www.wikidata.org/entity/Q11121353,Q11121353,Reservoir,,
People's Republic of China,Q148,http://www.wikidata.org/entity/Q11121390,Q11121390,Reservoir,,
People's Republic of China,Q148,http://www.wikidata.org/entity/Q11121393,Q11121393,Reservoir,,
People's Republic of China,Q148,http://www.wikidata.org/entity/Q11121551,Q11121551,Reservoir,,
People's Republic of China,Q148,http://www.wikidata.org/entity/Q11121560,Q11121560,Reservoir,,
People's Republic of China,Q148,http://www.wikidata.org/entity/Q11122369,Q11122369,Reservoir,,
People's Republic of China,Q148,http://www.wikidata.org/entity/Q11124113,Q11124113,Reservoir,,
People's Republic of China,Q148,http://www.wikidata.org/entity/Q11125386,Q11125386,Reservoir,,
People's Republic of China,Q148,http://www.wikidata.org/entity/Q11125388,Q11125388,Reservoir,,
People's Republic of China,Q148,http://www.wikidata.org/entity/Q11125392,Q11125392,Reservoir,,
People's Republic of China,Q148,http://www.wikidata.org/entity/Q11128575,Q11128575,Reservoir,,
People's Republic of China,Q148,http://www.wikidata.org/entity/Q11130632,Q11130632,Reservoir,,
People's Republic of China,Q148,http://www.wikidata.org/entity/Q11130907,Q11130907,Reservoir,,
People's Republic of China,Q148,http://www.wikidata.org/entity/Q11131168,Q11131168,Reservoir,,
People's Republic of China,Q148,http://www.wikidata.org/entity/Q11131638,Q11131638,Reservoir,,
People's Republic of China,Q148,http://www.wikidata.org/entity/Q11132338,Q11132338,Reservoir,,
People's Republic of China,Q148,http://www.wikidata.org/entity/Q11130763,Shuimentang Reservoir,Reservoir,,
People's Republic of China,Q148,http://www.wikidata.org/entity/Q9522040,Q9522040,Reservoir,,
People's Republic of China,Q148,http://www.wikidata.org/entity/Q9999347,Q9999347,Reservoir,,
People's Republic of China,Q148,http://www.wikidata.org/entity/Q10296534,Q10296534,Reservoir,,
People's Republic of China,Q148,http://www.wikidata.org/entity/Q10341591,Q10341591,Reservoir,,
People's Republic of China,Q148,http://www.wikidata.org/entity/Q10353922,Q10353922,Reservoir,,
People's Republic of China,Q148,http://www.wikidata.org/entity/Q10425578,Q10425578,Reservoir,,
People's Republic of China,Q148,http://www.wikidata.org/entity/Q10430878,Q10430878,Reservoir,,
People's Republic of China,Q148,http://www.wikidata.org/entity/Q10471203,Q10471203,Reservoir,,
People's Republic of China,Q148,http://www.wikidata.org/entity/Q10566982,Q10566982,Reservoir,,
People's Republic of China,Q148,http://www.wikidata.org/entity/Q10864226,Q10864226,Reservoir,,
People's Republic of China,Q148,http://www.wikidata.org/entity/Q10864259,Q10864259,Reservoir,,
People's Republic of China,Q148,http://www.wikidata.org/entity/Q10864450,Q10864450,Reservoir,,
People's Republic of China,Q148,http://www.wikidata.org/entity/Q10865362,Q10865362,Reservoir,,
People's Republic of China,Q148,http://www.wikidata.org/entity/Q10865397,Q10865397,Reservoir,,
People's Republic of China,Q148,http://www.wikidata.org/entity/Q10865739,Q10865739,Reservoir,,
People's Republic of China,Q148,http://www.wikidata.org/entity/Q10865820,Q10865820,Reservoir,,
People's Republic of China,Q148,http://www.wikidata.org/entity/Q10865877,Q10865877,Reservoir,,
People's Republic of China,Q148,http://www.wikidata.org/entity/Q10866354,Q10866354,Reservoir,,
People's Republic of China,Q148,http://www.wikidata.org/entity/Q10866398,Q10866398,Reservoir,,
People's Republic of China,Q148,http://www.wikidata.org/entity/Q10866428,Q10866428,Reservoir,,
People's Republic of China,Q148,http://www.wikidata.org/entity/Q10866965,Q10866965,Reservoir,,
People's Republic of China,Q148,http://www.wikidata.org/entity/Q10867167,Q10867167,Reservoir,,
People's Republic of China,Q148,http://www.wikidata.org/entity/Q10867219,Q10867219,Reservoir,,
People's Republic of China,Q148,http://www.wikidata.org/entity/Q10867227,Q10867227,Reservoir,,
People's Republic of China,Q148,http://www.wikidata.org/entity/Q10867520,Q10867520,Reservoir,,
People's Republic of China,Q148,http://www.wikidata.org/entity/Q10868138,Q10868138,Reservoir,,
People's Republic of China,Q148,http://www.wikidata.org/entity/Q10868139,Q10868139,Reservoir,,
People's Republic of China,Q148,http://www.wikidata.org/entity/Q10868137,Q10868137,Reservoir,,
People's Republic of China,Q148,http://www.wikidata.org/entity/Q10868281,Q10868281,Reservoir,,
People's Republic of China,Q148,http://www.wikidata.org/entity/Q10868378,Q10868378,Reservoir,,
People's Republic of China,Q148,http://www.wikidata.org/entity/Q10868491,Q10868491,Reservoir,,
People's Republic of China,Q148,http://www.wikidata.org/entity/Q10868653,Q10868653,Reservoir,,
People's Republic of China,Q148,http://www.wikidata.org/entity/Q10868714,Q10868714,Reservoir,,
People's Republic of China,Q148,http://www.wikidata.org/entity/Q10869351,Q10869351,Reservoir,,
People's Republic of China,Q148,http://www.wikidata.org/entity/Q10869521,Q10869521,Reservoir,,
People's Republic of China,Q148,http://www.wikidata.org/entity/Q10869544,Q10869544,Reservoir,,
People's Republic of China,Q148,http://www.wikidata.org/entity/Q10869834,Q10869834,Reservoir,,
People's Republic of China,Q148,http://www.wikidata.org/entity/Q10869865,Q10869865,Reservoir,,
People's Republic of China,Q148,http://www.wikidata.org/entity/Q10406039,Niukouyu Reservoir,Reservoir,,
People's Republic of China,Q148,http://www.wikidata.org/entity/Q10567051,Q10567051,Reservoir,,
People's Republic of China,Q148,http://www.wikidata.org/entity/Q10413590,Wangjiayuan Reservoir,Reservoir,,
People's Republic of China,Q148,http://www.wikidata.org/entity/Q10870385,Q10870385,Reservoir,,
People's Republic of China,Q148,http://www.wikidata.org/entity/Q10870529,Q10870529,Reservoir,,
People's Republic of China,Q148,http://www.wikidata.org/entity/Q10870745,Q10870745,Reservoir,,
People's Republic of China,Q148,http://www.wikidata.org/entity/Q10871174,Q10871174,Reservoir,,
People's Republic of China,Q148,http://www.wikidata.org/entity/Q10871176,Q10871176,Reservoir,,
People's Republic of China,Q148,http://www.wikidata.org/entity/Q10871380,Q10871380,Reservoir,,
People's Republic of China,Q148,http://www.wikidata.org/entity/Q10871475,Q10871475,Reservoir,,
People's Republic of China,Q148,http://www.wikidata.org/entity/Q10876592,Q10876592,Reservoir,,
People's Republic of China,Q148,http://www.wikidata.org/entity/Q10876825,Q10876825,Reservoir,,
People's Republic of China,Q148,http://www.wikidata.org/entity/Q10876952,Q10876952,Reservoir,,
People's Republic of China,Q148,http://www.wikidata.org/entity/Q10877658,Q10877658,Reservoir,,
People's Republic of China,Q148,http://www.wikidata.org/entity/Q10877676,Q10877676,Reservoir,,
People's Republic of China,Q148,http://www.wikidata.org/entity/Q10877823,Q10877823,Reservoir,,
People's Republic of China,Q148,http://www.wikidata.org/entity/Q10877890,Q10877890,Reservoir,,
People's Republic of China,Q148,http://www.wikidata.org/entity/Q10877918,Q10877918,Reservoir,,
People's Republic of China,Q148,http://www.wikidata.org/entity/Q10878050,Q10878050,Reservoir,,
People's Republic of China,Q148,http://www.wikidata.org/entity/Q10878421,Q10878421,Reservoir,,
People's Republic of China,Q148,http://www.wikidata.org/entity/Q10878686,Q10878686,Reservoir,,
People's Republic of China,Q148,http://www.wikidata.org/entity/Q10878971,Q10878971,Reservoir,,
People's Republic of China,Q148,http://www.wikidata.org/entity/Q10879667,Q10879667,Reservoir,,
People's Republic of China,Q148,http://www.wikidata.org/entity/Q10879672,Q10879672,Reservoir,,
People's Republic of China,Q148,http://www.wikidata.org/entity/Q10879687,Q10879687,Reservoir,,
People's Republic of China,Q148,http://www.wikidata.org/entity/Q10879822,Q10879822,Reservoir,,
People's Republic of China,Q148,http://www.wikidata.org/entity/Q10880077,Q10880077,Reservoir,,
People's Republic of China,Q148,http://www.wikidata.org/entity/Q10880119,Q10880119,Reservoir,,
People's Republic of China,Q148,http://www.wikidata.org/entity/Q10880256,Q10880256,Reservoir,,
People's Republic of China,Q148,http://www.wikidata.org/entity/Q10880266,Q10880266,Reservoir,,
People's Republic of China,Q148,http://www.wikidata.org/entity/Q10880288,Q10880288,Reservoir,,
People's Republic of China,Q148,http://www.wikidata.org/entity/Q10880427,Q10880427,Reservoir,,
People's Republic of China,Q148,http://www.wikidata.org/entity/Q10880434,Q10880434,Reservoir,,
People's Republic of China,Q148,http://www.wikidata.org/entity/Q10880438,Q10880438,Reservoir,,
People's Republic of China,Q148,http://www.wikidata.org/entity/Q10880466,Q10880466,Reservoir,,
People's Republic of China,Q148,http://www.wikidata.org/entity/Q10881145,Q10881145,Reservoir,,
People's Republic of China,Q148,http://www.wikidata.org/entity/Q10881264,Q10881264,Reservoir,,
People's Republic of China,Q148,http://www.wikidata.org/entity/Q10881391,Q10881391,Reservoir,,
People's Republic of China,Q148,http://www.wikidata.org/entity/Q10881444,Q10881444,Reservoir,,
People's Republic of China,Q148,http://www.wikidata.org/entity/Q10881445,Q10881445,Reservoir,,
People's Republic of China,Q148,http://www.wikidata.org/entity/Q10881463,Q10881463,Reservoir,,
People's Republic of China,Q148,http://www.wikidata.org/entity/Q10882228,Q10882228,Reservoir,,
People's Republic of China,Q148,http://www.wikidata.org/entity/Q10882569,Q10882569,Reservoir,,
People's Republic of China,Q148,http://www.wikidata.org/entity/Q10883742,Q10883742,Reservoir,,
People's Republic of China,Q148,http://www.wikidata.org/entity/Q10884025,Q10884025,Reservoir,,
People's Republic of China,Q148,http://www.wikidata.org/entity/Q10884072,Q10884072,Reservoir,,
People's Republic of China,Q148,http://www.wikidata.org/entity/Q10884136,Q10884136,Reservoir,,
People's Republic of China,Q148,http://www.wikidata.org/entity/Q10880524,Erlongshan Reservoir,Reservoir,,
People's Republic of China,Q148,http://www.wikidata.org/entity/Q11133989,Q11133989,Reservoir,,
People's Republic of China,Q148,http://www.wikidata.org/entity/Q11136616,Q11136616,Reservoir,,
People's Republic of China,Q148,http://www.wikidata.org/entity/Q11138137,Q11138137,Reservoir,,
People's Republic of China,Q148,http://www.wikidata.org/entity/Q11139837,Q11139837,Reservoir,,
People's Republic of China,Q148,http://www.wikidata.org/entity/Q11140266,Q11140266,Reservoir,,
People's Republic of China,Q148,http://www.wikidata.org/entity/Q11140268,Q11140268,Reservoir,,
People's Republic of China,Q148,http://www.wikidata.org/entity/Q11140405,Q11140405,Reservoir,,
People's Republic of China,Q148,http://www.wikidata.org/entity/Q11142140,Q11142140,Reservoir,,
People's Republic of China,Q148,http://www.wikidata.org/entity/Q11142249,Q11142249,Reservoir,,
People's Republic of China,Q148,http://www.wikidata.org/entity/Q11142262,Q11142262,Reservoir,,
People's Republic of China,Q148,http://www.wikidata.org/entity/Q11142547,Q11142547,Reservoir,,
People's Republic of China,Q148,http://www.wikidata.org/entity/Q11143256,Q11143256,Reservoir,,
People's Republic of China,Q148,http://www.wikidata.org/entity/Q11143892,Q11143892,Reservoir,,
People's Republic of China,Q148,http://www.wikidata.org/entity/Q11144989,Q11144989,Reservoir,,
People's Republic of China,Q148,http://www.wikidata.org/entity/Q11146177,Q11146177,Reservoir,,
People's Republic of China,Q148,http://www.wikidata.org/entity/Q11146308,Q11146308,Reservoir,,
People's Republic of China,Q148,http://www.wikidata.org/entity/Q11146309,Q11146309,Reservoir,,
People's Republic of China,Q148,http://www.wikidata.org/entity/Q11146821,Q11146821,Reservoir,,
People's Republic of China,Q148,http://www.wikidata.org/entity/Q11147637,Q11147637,Reservoir,,
People's Republic of China,Q148,http://www.wikidata.org/entity/Q11148395,Q11148395,Reservoir,,
People's Republic of China,Q148,http://www.wikidata.org/entity/Q11149223,Q11149223,Reservoir,,
People's Republic of China,Q148,http://www.wikidata.org/entity/Q11149260,Q11149260,Reservoir,,
People's Republic of China,Q148,http://www.wikidata.org/entity/Q11151959,Q11151959,Reservoir,,
People's Republic of China,Q148,http://www.wikidata.org/entity/Q11151990,Q11151990,Reservoir,,
People's Republic of China,Q148,http://www.wikidata.org/entity/Q11173031,Q11173031,Reservoir,,
People's Republic of China,Q148,http://www.wikidata.org/entity/Q11173369,Q11173369,Reservoir,,
People's Republic of China,Q148,http://www.wikidata.org/entity/Q11174776,Q11174776,Reservoir,,
People's Republic of China,Q148,http://www.wikidata.org/entity/Q11174981,Q11174981,Reservoir,,
People's Republic of China,Q148,http://www.wikidata.org/entity/Q11175640,Q11175640,Reservoir,,
People's Republic of China,Q148,http://www.wikidata.org/entity/Q11177108,Q11177108,Reservoir,,
People's Republic of China,Q148,http://www.wikidata.org/entity/Q11177186,Q11177186,Reservoir,,
People's Republic of China,Q148,http://www.wikidata.org/entity/Q11140234,Shahezi Reservoir,Reservoir,,
People's Republic of China,Q148,http://www.wikidata.org/entity/Q11146453,Jinhe Reservoir,Reservoir,,
People's Republic of China,Q148,http://www.wikidata.org/entity/Q15932058,Xianghai Reservoir,Reservoir,,
People's Republic of China,Q148,http://www.wikidata.org/entity/Q10886539,Q10886539,Reservoir,,
People's Republic of China,Q148,http://www.wikidata.org/entity/Q10886724,Q10886724,Reservoir,,
People's Republic of China,Q148,http://www.wikidata.org/entity/Q10888049,Q10888049,Reservoir,,
People's Republic of China,Q148,http://www.wikidata.org/entity/Q10890376,Q10890376,Reservoir,,
People's Republic of China,Q148,http://www.wikidata.org/entity/Q10891122,Q10891122,Reservoir,,
People's Republic of China,Q148,http://www.wikidata.org/entity/Q10891874,Q10891874,Reservoir,,
People's Republic of China,Q148,http://www.wikidata.org/entity/Q10891875,Q10891875,Reservoir,,
People's Republic of China,Q148,http://www.wikidata.org/entity/Q10891872,Q10891872,Reservoir,,
People's Republic of China,Q148,http://www.wikidata.org/entity/Q10891873,Q10891873,Reservoir,,
People's Republic of China,Q148,http://www.wikidata.org/entity/Q10891879,Q10891879,Reservoir,,
People's Republic of China,Q148,http://www.wikidata.org/entity/Q10892267,Q10892267,Reservoir,,
People's Republic of China,Q148,http://www.wikidata.org/entity/Q10892326,Q10892326,Reservoir,,
People's Republic of China,Q148,http://www.wikidata.org/entity/Q10892351,Q10892351,Reservoir,,
People's Republic of China,Q148,http://www.wikidata.org/entity/Q10893057,Q10893057,Reservoir,,
People's Republic of China,Q148,http://www.wikidata.org/entity/Q10893063,Q10893063,Reservoir,,
People's Republic of China,Q148,http://www.wikidata.org/entity/Q10893186,Q10893186,Reservoir,,
People's Republic of China,Q148,http://www.wikidata.org/entity/Q10893241,Q10893241,Reservoir,,
People's Republic of China,Q148,http://www.wikidata.org/entity/Q10893309,Q10893309,Reservoir,,
People's Republic of China,Q148,http://www.wikidata.org/entity/Q10893348,Q10893348,Reservoir,,
People's Republic of China,Q148,http://www.wikidata.org/entity/Q10893789,Q10893789,Reservoir,,
People's Republic of China,Q148,http://www.wikidata.org/entity/Q10893834,Q10893834,Reservoir,,
People's Republic of China,Q148,http://www.wikidata.org/entity/Q10893835,Q10893835,Reservoir,,
People's Republic of China,Q148,http://www.wikidata.org/entity/Q10895416,Q10895416,Reservoir,,
People's Republic of China,Q148,http://www.wikidata.org/entity/Q10896331,Q10896331,Reservoir,,
People's Republic of China,Q148,http://www.wikidata.org/entity/Q10896339,Q10896339,Reservoir,,
People's Republic of China,Q148,http://www.wikidata.org/entity/Q10896974,Q10896974,Reservoir,,
People's Republic of China,Q148,http://www.wikidata.org/entity/Q10897473,Q10897473,Reservoir,,
People's Republic of China,Q148,http://www.wikidata.org/entity/Q10897828,Q10897828,Reservoir,,
People's Republic of China,Q148,http://www.wikidata.org/entity/Q10898489,Q10898489,Reservoir,,
People's Republic of China,Q148,http://www.wikidata.org/entity/Q10898867,Q10898867,Reservoir,,
People's Republic of China,Q148,http://www.wikidata.org/entity/Q10899039,Q10899039,Reservoir,,
People's Republic of China,Q148,http://www.wikidata.org/entity/Q10901794,Q10901794,Reservoir,,
People's Republic of China,Q148,http://www.wikidata.org/entity/Q10902850,Q10902850,Reservoir,,
People's Republic of China,Q148,http://www.wikidata.org/entity/Q10902851,Q10902851,Reservoir,,
People's Republic of China,Q148,http://www.wikidata.org/entity/Q10904731,Q10904731,Reservoir,,
People's Republic of China,Q148,http://www.wikidata.org/entity/Q10905192,Q10905192,Reservoir,,
People's Republic of China,Q148,http://www.wikidata.org/entity/Q10905702,Q10905702,Reservoir,,
People's Republic of China,Q148,http://www.wikidata.org/entity/Q10905703,Q10905703,Reservoir,,
People's Republic of China,Q148,http://www.wikidata.org/entity/Q10908336,Q10908336,Reservoir,,
People's Republic of China,Q148,http://www.wikidata.org/entity/Q10908337,Q10908337,Reservoir,,
People's Republic of China,Q148,http://www.wikidata.org/entity/Q10909014,Q10909014,Reservoir,,
People's Republic of China,Q148,http://www.wikidata.org/entity/Q10909182,Q10909182,Reservoir,,
People's Republic of China,Q148,http://www.wikidata.org/entity/Q10909688,Q10909688,Reservoir,,
People's Republic of China,Q148,http://www.wikidata.org/entity/Q10909702,Q10909702,Reservoir,,
People's Republic of China,Q148,http://www.wikidata.org/entity/Q10910194,Q10910194,Reservoir,,
People's Republic of China,Q148,http://www.wikidata.org/entity/Q10910755,Q10910755,Reservoir,,
People's Republic of China,Q148,http://www.wikidata.org/entity/Q10911759,Q10911759,Reservoir,,
People's Republic of China,Q148,http://www.wikidata.org/entity/Q10911830,Q10911830,Reservoir,,
People's Republic of China,Q148,http://www.wikidata.org/entity/Q10911874,Q10911874,Reservoir,,
People's Republic of China,Q148,http://www.wikidata.org/entity/Q10911979,Q10911979,Reservoir,,
People's Republic of China,Q148,http://www.wikidata.org/entity/Q10912143,Q10912143,Reservoir,,
People's Republic of China,Q148,http://www.wikidata.org/entity/Q10912213,Q10912213,Reservoir,,
People's Republic of China,Q148,http://www.wikidata.org/entity/Q10912246,Q10912246,Reservoir,,
People's Republic of China,Q148,http://www.wikidata.org/entity/Q10912443,Q10912443,Reservoir,,
People's Republic of China,Q148,http://www.wikidata.org/entity/Q10912567,Q10912567,Reservoir,,
People's Republic of China,Q148,http://www.wikidata.org/entity/Q10912574,Q10912574,Reservoir,,
People's Republic of China,Q148,http://www.wikidata.org/entity/Q10913062,Q10913062,Reservoir,,
People's Republic of China,Q148,http://www.wikidata.org/entity/Q10913165,Q10913165,Reservoir,,
People's Republic of China,Q148,http://www.wikidata.org/entity/Q10916421,Q10916421,Reservoir,,
People's Republic of China,Q148,http://www.wikidata.org/entity/Q10917296,Q10917296,Reservoir,,
People's Republic of China,Q148,http://www.wikidata.org/entity/Q10917422,Q10917422,Reservoir,,
People's Republic of China,Q148,http://www.wikidata.org/entity/Q10917917,Q10917917,Reservoir,,
People's Republic of China,Q148,http://www.wikidata.org/entity/Q10920184,Q10920184,Reservoir,,
People's Republic of China,Q148,http://www.wikidata.org/entity/Q10920422,Q10920422,Reservoir,,
People's Republic of China,Q148,http://www.wikidata.org/entity/Q10921963,Q10921963,Reservoir,,
People's Republic of China,Q148,http://www.wikidata.org/entity/Q10922294,Q10922294,Reservoir,,
People's Republic of China,Q148,http://www.wikidata.org/entity/Q10922293,Q10922293,Reservoir,,
People's Republic of China,Q148,http://www.wikidata.org/entity/Q10922751,Q10922751,Reservoir,,
People's Republic of China,Q148,http://www.wikidata.org/entity/Q10922884,Q10922884,Reservoir,,
People's Republic of China,Q148,http://www.wikidata.org/entity/Q10925163,Q10925163,Reservoir,,
People's Republic of China,Q148,http://www.wikidata.org/entity/Q10925559,Q10925559,Reservoir,,
People's Republic of China,Q148,http://www.wikidata.org/entity/Q10925682,Q10925682,Reservoir,,
People's Republic of China,Q148,http://www.wikidata.org/entity/Q10925710,Q10925710,Reservoir,,
People's Republic of China,Q148,http://www.wikidata.org/entity/Q10925712,Q10925712,Reservoir,,
People's Republic of China,Q148,http://www.wikidata.org/entity/Q10925713,Q10925713,Reservoir,,
People's Republic of China,Q148,http://www.wikidata.org/entity/Q10927797,Q10927797,Reservoir,,
People's Republic of China,Q148,http://www.wikidata.org/entity/Q10927831,Q10927831,Reservoir,,
People's Republic of China,Q148,http://www.wikidata.org/entity/Q10928489,Q10928489,Reservoir,,
People's Republic of China,Q148,http://www.wikidata.org/entity/Q10928736,Q10928736,Reservoir,,
People's Republic of China,Q148,http://www.wikidata.org/entity/Q10929972,Q10929972,Reservoir,,
People's Republic of China,Q148,http://www.wikidata.org/entity/Q10930626,Q10930626,Reservoir,,
People's Republic of China,Q148,http://www.wikidata.org/entity/Q10930801,Q10930801,Reservoir,,
People's Republic of China,Q148,http://www.wikidata.org/entity/Q10931005,Q10931005,Reservoir,,
People's Republic of China,Q148,http://www.wikidata.org/entity/Q10931191,Q10931191,Reservoir,,
People's Republic of China,Q148,http://www.wikidata.org/entity/Q10931391,Q10931391,Reservoir,,
People's Republic of China,Q148,http://www.wikidata.org/entity/Q10931733,Q10931733,Reservoir,,
People's Republic of China,Q148,http://www.wikidata.org/entity/Q10933515,Q10933515,Reservoir,,
People's Republic of China,Q148,http://www.wikidata.org/entity/Q10934401,Q10934401,Reservoir,,
People's Republic of China,Q148,http://www.wikidata.org/entity/Q10934669,Q10934669,Reservoir,,
People's Republic of China,Q148,http://www.wikidata.org/entity/Q10936178,Q10936178,Reservoir,,
People's Republic of China,Q148,http://www.wikidata.org/entity/Q10936179,Q10936179,Reservoir,,
People's Republic of China,Q148,http://www.wikidata.org/entity/Q10936230,Q10936230,Reservoir,,
People's Republic of China,Q148,http://www.wikidata.org/entity/Q10936401,Q10936401,Reservoir,,
People's Republic of China,Q148,http://www.wikidata.org/entity/Q10936465,Q10936465,Reservoir,,
People's Republic of China,Q148,http://www.wikidata.org/entity/Q10936570,Q10936570,Reservoir,,
People's Republic of China,Q148,http://www.wikidata.org/entity/Q10936571,Q10936571,Reservoir,,
People's Republic of China,Q148,http://www.wikidata.org/entity/Q10936966,Q10936966,Reservoir,,
People's Republic of China,Q148,http://www.wikidata.org/entity/Q10937074,Q10937074,Reservoir,,
People's Republic of China,Q148,http://www.wikidata.org/entity/Q10937110,Q10937110,Reservoir,,
People's Republic of China,Q148,http://www.wikidata.org/entity/Q10938061,Q10938061,Reservoir,,
People's Republic of China,Q148,http://www.wikidata.org/entity/Q10938082,Q10938082,Reservoir,,
People's Republic of China,Q148,http://www.wikidata.org/entity/Q10938083,Q10938083,Reservoir,,
People's Republic of China,Q148,http://www.wikidata.org/entity/Q10938081,Q10938081,Reservoir,,
People's Republic of China,Q148,http://www.wikidata.org/entity/Q10938495,Q10938495,Reservoir,,
People's Republic of China,Q148,http://www.wikidata.org/entity/Q10938755,Q10938755,Reservoir,,
People's Republic of China,Q148,http://www.wikidata.org/entity/Q10938756,Q10938756,Reservoir,,
People's Republic of China,Q148,http://www.wikidata.org/entity/Q15942707,Q15942707,Reservoir,,
People's Republic of China,Q148,http://www.wikidata.org/entity/Q16690334,Q16690334,Reservoir,,
People's Republic of China,Q148,http://www.wikidata.org/entity/Q16690470,Q16690470,Reservoir,,
People's Republic of China,Q148,http://www.wikidata.org/entity/Q16690472,Q16690472,Reservoir,,
People's Republic of China,Q148,http://www.wikidata.org/entity/Q16690487,Q16690487,Reservoir,,
People's Republic of China,Q148,http://www.wikidata.org/entity/Q16690500,Q16690500,Reservoir,,
People's Republic of China,Q148,http://www.wikidata.org/entity/Q16690512,Q16690512,Reservoir,,
People's Republic of China,Q148,http://www.wikidata.org/entity/Q16690524,Q16690524,Reservoir,,
People's Republic of China,Q148,http://www.wikidata.org/entity/Q16690536,Q16690536,Reservoir,,
People's Republic of China,Q148,http://www.wikidata.org/entity/Q16690679,Q16690679,Reservoir,,
People's Republic of China,Q148,http://www.wikidata.org/entity/Q16690676,Q16690676,Reservoir,,
People's Republic of China,Q148,http://www.wikidata.org/entity/Q16690697,Q16690697,Reservoir,,
People's Republic of China,Q148,http://www.wikidata.org/entity/Q16690720,Q16690720,Reservoir,,
People's Republic of China,Q148,http://www.wikidata.org/entity/Q16690726,Q16690726,Reservoir,,
People's Republic of China,Q148,http://www.wikidata.org/entity/Q16690733,Q16690733,Reservoir,,
People's Republic of China,Q148,http://www.wikidata.org/entity/Q16690770,Q16690770,Reservoir,,
People's Republic of China,Q148,http://www.wikidata.org/entity/Q16690787,Q16690787,Reservoir,,
People's Republic of China,Q148,http://www.wikidata.org/entity/Q16690794,Q16690794,Reservoir,,
People's Republic of China,Q148,http://www.wikidata.org/entity/Q16690828,Q16690828,Reservoir,,
People's Republic of China,Q148,http://www.wikidata.org/entity/Q16690849,Q16690849,Reservoir,,
People's Republic of China,Q148,http://www.wikidata.org/entity/Q16690878,Q16690878,Reservoir,,
People's Republic of China,Q148,http://www.wikidata.org/entity/Q16690888,Q16690888,Reservoir,,
People's Republic of China,Q148,http://www.wikidata.org/entity/Q16690900,Q16690900,Reservoir,,
People's Republic of China,Q148,http://www.wikidata.org/entity/Q16690919,Q16690919,Reservoir,,
People's Republic of China,Q148,http://www.wikidata.org/entity/Q16690945,Q16690945,Reservoir,,
People's Republic of China,Q148,http://www.wikidata.org/entity/Q16690953,Q16690953,Reservoir,,
People's Republic of China,Q148,http://www.wikidata.org/entity/Q16690962,Q16690962,Reservoir,,
People's Republic of China,Q148,http://www.wikidata.org/entity/Q16690985,Q16690985,Reservoir,,
People's Republic of China,Q148,http://www.wikidata.org/entity/Q16691035,Q16691035,Reservoir,,
People's Republic of China,Q148,http://www.wikidata.org/entity/Q16691033,Q16691033,Reservoir,,
People's Republic of China,Q148,http://www.wikidata.org/entity/Q16691069,Q16691069,Reservoir,,
People's Republic of China,Q148,http://www.wikidata.org/entity/Q16691078,Q16691078,Reservoir,,
People's Republic of China,Q148,http://www.wikidata.org/entity/Q16691097,Q16691097,Reservoir,,
People's Republic of China,Q148,http://www.wikidata.org/entity/Q16691159,Q16691159,Reservoir,,
People's Republic of China,Q148,http://www.wikidata.org/entity/Q16691162,Q16691162,Reservoir,,
People's Republic of China,Q148,http://www.wikidata.org/entity/Q16691165,Q16691165,Reservoir,,
People's Republic of China,Q148,http://www.wikidata.org/entity/Q16691200,Q16691200,Reservoir,,
People's Republic of China,Q148,http://www.wikidata.org/entity/Q16691207,Q16691207,Reservoir,,
People's Republic of China,Q148,http://www.wikidata.org/entity/Q16691204,Q16691204,Reservoir,,
People's Republic of China,Q148,http://www.wikidata.org/entity/Q16691210,Q16691210,Reservoir,,
People's Republic of China,Q148,http://www.wikidata.org/entity/Q16691240,Q16691240,Reservoir,,
People's Republic of China,Q148,http://www.wikidata.org/entity/Q16691251,Q16691251,Reservoir,,
People's Republic of China,Q148,http://www.wikidata.org/entity/Q16691268,Q16691268,Reservoir,,
People's Republic of China,Q148,http://www.wikidata.org/entity/Q16691291,Q16691291,Reservoir,,
People's Republic of China,Q148,http://www.wikidata.org/entity/Q16691298,Q16691298,Reservoir,,
People's Republic of China,Q148,http://www.wikidata.org/entity/Q16691310,Q16691310,Reservoir,,
People's Republic of China,Q148,http://www.wikidata.org/entity/Q16691322,Q16691322,Reservoir,,
People's Republic of China,Q148,http://www.wikidata.org/entity/Q16691335,Q16691335,Reservoir,,
People's Republic of China,Q148,http://www.wikidata.org/entity/Q16691354,Q16691354,Reservoir,,
People's Republic of China,Q148,http://www.wikidata.org/entity/Q16691359,Q16691359,Reservoir,,
People's Republic of China,Q148,http://www.wikidata.org/entity/Q16691421,Q16691421,Reservoir,,
People's Republic of China,Q148,http://www.wikidata.org/entity/Q16691434,Q16691434,Reservoir,,
People's Republic of China,Q148,http://www.wikidata.org/entity/Q16691618,Q16691618,Reservoir,,
People's Republic of China,Q148,http://www.wikidata.org/entity/Q16691123,Tongji Bridge Reservoir,Reservoir,,
People's Republic of China,Q148,http://www.wikidata.org/entity/Q10940576,Q10940576,Reservoir,,
People's Republic of China,Q148,http://www.wikidata.org/entity/Q10941404,Q10941404,Reservoir,,
People's Republic of China,Q148,http://www.wikidata.org/entity/Q10941408,Q10941408,Reservoir,,
People's Republic of China,Q148,http://www.wikidata.org/entity/Q10942024,Q10942024,Reservoir,,
People's Republic of China,Q148,http://www.wikidata.org/entity/Q10942090,Q10942090,Reservoir,,
People's Republic of China,Q148,http://www.wikidata.org/entity/Q10942230,Q10942230,Reservoir,,
People's Republic of China,Q148,http://www.wikidata.org/entity/Q10943289,Q10943289,Reservoir,,
People's Republic of China,Q148,http://www.wikidata.org/entity/Q10943649,Q10943649,Reservoir,,
People's Republic of China,Q148,http://www.wikidata.org/entity/Q10944138,Q10944138,Reservoir,,
People's Republic of China,Q148,http://www.wikidata.org/entity/Q10944662,Q10944662,Reservoir,,
People's Republic of China,Q148,http://www.wikidata.org/entity/Q10944661,Q10944661,Reservoir,,
People's Republic of China,Q148,http://www.wikidata.org/entity/Q10945184,Q10945184,Reservoir,,
People's Republic of China,Q148,http://www.wikidata.org/entity/Q10946306,Q10946306,Reservoir,,
People's Republic of China,Q148,http://www.wikidata.org/entity/Q10946330,Q10946330,Reservoir,,
People's Republic of China,Q148,http://www.wikidata.org/entity/Q10946948,Q10946948,Reservoir,,
People's Republic of China,Q148,http://www.wikidata.org/entity/Q10947872,Q10947872,Reservoir,,
People's Republic of China,Q148,http://www.wikidata.org/entity/Q10947978,Q10947978,Reservoir,,
People's Republic of China,Q148,http://www.wikidata.org/entity/Q10948303,Q10948303,Reservoir,,
People's Republic of China,Q148,http://www.wikidata.org/entity/Q10948320,Q10948320,Reservoir,,
People's Republic of China,Q148,http://www.wikidata.org/entity/Q10948351,Q10948351,Reservoir,,
People's Republic of China,Q148,http://www.wikidata.org/entity/Q10948418,Q10948418,Reservoir,,
People's Republic of China,Q148,http://www.wikidata.org/entity/Q10948450,Q10948450,Reservoir,,
People's Republic of China,Q148,http://www.wikidata.org/entity/Q10948464,Q10948464,Reservoir,,
People's Republic of China,Q148,http://www.wikidata.org/entity/Q10948577,Q10948577,Reservoir,,
People's Republic of China,Q148,http://www.wikidata.org/entity/Q10955000,Q10955000,Reservoir,,
People's Republic of China,Q148,http://www.wikidata.org/entity/Q10955408,Q10955408,Reservoir,,
People's Republic of China,Q148,http://www.wikidata.org/entity/Q10956803,Q10956803,Reservoir,,
People's Republic of China,Q148,http://www.wikidata.org/entity/Q10957963,Q10957963,Reservoir,,
People's Republic of China,Q148,http://www.wikidata.org/entity/Q10957974,Q10957974,Reservoir,,
People's Republic of China,Q148,http://www.wikidata.org/entity/Q10958481,Q10958481,Reservoir,,
People's Republic of China,Q148,http://www.wikidata.org/entity/Q10958562,Q10958562,Reservoir,,
People's Republic of China,Q148,http://www.wikidata.org/entity/Q10958573,Q10958573,Reservoir,,
People's Republic of China,Q148,http://www.wikidata.org/entity/Q10958840,Q10958840,Reservoir,,
People's Republic of China,Q148,http://www.wikidata.org/entity/Q10959469,Q10959469,Reservoir,,
People's Republic of China,Q148,http://www.wikidata.org/entity/Q10959864,Q10959864,Reservoir,,
People's Republic of China,Q148,http://www.wikidata.org/entity/Q11035269,Q11035269,Reservoir,,
People's Republic of China,Q148,http://www.wikidata.org/entity/Q11035346,Q11035346,Reservoir,,
People's Republic of China,Q148,http://www.wikidata.org/entity/Q11035736,Q11035736,Reservoir,,
People's Republic of China,Q148,http://www.wikidata.org/entity/Q11036589,Q11036589,Reservoir,,
People's Republic of China,Q148,http://www.wikidata.org/entity/Q11036754,Q11036754,Reservoir,,
People's Republic of China,Q148,http://www.wikidata.org/entity/Q11037998,Q11037998,Reservoir,,
People's Republic of China,Q148,http://www.wikidata.org/entity/Q11039351,Q11039351,Reservoir,,
People's Republic of China,Q148,http://www.wikidata.org/entity/Q11044843,Q11044843,Reservoir,,
People's Republic of China,Q148,http://www.wikidata.org/entity/Q11045123,Q11045123,Reservoir,,
People's Republic of China,Q148,http://www.wikidata.org/entity/Q11046195,Q11046195,Reservoir,,
People's Republic of China,Q148,http://www.wikidata.org/entity/Q11048744,Q11048744,Reservoir,,
People's Republic of China,Q148,http://www.wikidata.org/entity/Q11049158,Q11049158,Reservoir,,
People's Republic of China,Q148,http://www.wikidata.org/entity/Q11050259,Q11050259,Reservoir,,
People's Republic of China,Q148,http://www.wikidata.org/entity/Q11051407,Q11051407,Reservoir,,
People's Republic of China,Q148,http://www.wikidata.org/entity/Q11052692,Q11052692,Reservoir,,
People's Republic of China,Q148,http://www.wikidata.org/entity/Q11054075,Q11054075,Reservoir,,
People's Republic of China,Q148,http://www.wikidata.org/entity/Q11055124,Q11055124,Reservoir,,
People's Republic of China,Q148,http://www.wikidata.org/entity/Q11056562,Q11056562,Reservoir,,
People's Republic of China,Q148,http://www.wikidata.org/entity/Q11057228,Q11057228,Reservoir,,
People's Republic of China,Q148,http://www.wikidata.org/entity/Q11057743,Q11057743,Reservoir,,
People's Republic of China,Q148,http://www.wikidata.org/entity/Q11058721,Q11058721,Reservoir,,
People's Republic of China,Q148,http://www.wikidata.org/entity/Q11060316,Q11060316,Reservoir,,
People's Republic of China,Q148,http://www.wikidata.org/entity/Q11060379,Q11060379,Reservoir,,
People's Republic of China,Q148,http://www.wikidata.org/entity/Q11060740,Q11060740,Reservoir,,
People's Republic of China,Q148,http://www.wikidata.org/entity/Q11061344,Q11061344,Reservoir,,
People's Republic of China,Q148,http://www.wikidata.org/entity/Q11061506,Q11061506,Reservoir,,
People's Republic of China,Q148,http://www.wikidata.org/entity/Q11061505,Q11061505,Reservoir,,
People's Republic of China,Q148,http://www.wikidata.org/entity/Q11062681,Q11062681,Reservoir,,
People's Republic of China,Q148,http://www.wikidata.org/entity/Q11063221,Q11063221,Reservoir,,
People's Republic of China,Q148,http://www.wikidata.org/entity/Q11056543,Gongneng Reservoir,Reservoir,,
People's Republic of China,Q148,http://www.wikidata.org/entity/Q16691653,Q16691653,Reservoir,,
People's Republic of China,Q148,http://www.wikidata.org/entity/Q16691686,Q16691686,Reservoir,,
People's Republic of China,Q148,http://www.wikidata.org/entity/Q16935613,Q16935613,Reservoir,,
People's Republic of China,Q148,http://www.wikidata.org/entity/Q16935676,Q16935676,Reservoir,,
People's Republic of China,Q148,http://www.wikidata.org/entity/Q16935682,Q16935682,Reservoir,,
People's Republic of China,Q148,http://www.wikidata.org/entity/Q16935691,Q16935691,Reservoir,,
People's Republic of China,Q148,http://www.wikidata.org/entity/Q16935694,Q16935694,Reservoir,,
People's Republic of China,Q148,http://www.wikidata.org/entity/Q16935693,Q16935693,Reservoir,,
People's Republic of China,Q148,http://www.wikidata.org/entity/Q16935698,Q16935698,Reservoir,,
People's Republic of China,Q148,http://www.wikidata.org/entity/Q16935707,Q16935707,Reservoir,,
People's Republic of China,Q148,http://www.wikidata.org/entity/Q16935704,Q16935704,Reservoir,,
People's Republic of China,Q148,http://www.wikidata.org/entity/Q16935705,Q16935705,Reservoir,,
People's Republic of China,Q148,http://www.wikidata.org/entity/Q16935710,Q16935710,Reservoir,,
People's Republic of China,Q148,http://www.wikidata.org/entity/Q16935722,Q16935722,Reservoir,,
People's Republic of China,Q148,http://www.wikidata.org/entity/Q16935723,Q16935723,Reservoir,,
People's Republic of China,Q148,http://www.wikidata.org/entity/Q16935730,Q16935730,Reservoir,,
People's Republic of China,Q148,http://www.wikidata.org/entity/Q16935733,Q16935733,Reservoir,,
People's Republic of China,Q148,http://www.wikidata.org/entity/Q16935744,Q16935744,Reservoir,,
People's Republic of China,Q148,http://www.wikidata.org/entity/Q16935749,Q16935749,Reservoir,,
People's Republic of China,Q148,http://www.wikidata.org/entity/Q16935754,Q16935754,Reservoir,,
People's Republic of China,Q148,http://www.wikidata.org/entity/Q16935753,Q16935753,Reservoir,,
People's Republic of China,Q148,http://www.wikidata.org/entity/Q16935762,Q16935762,Reservoir,,
People's Republic of China,Q148,http://www.wikidata.org/entity/Q16935767,Q16935767,Reservoir,,
People's Republic of China,Q148,http://www.wikidata.org/entity/Q16935765,Q16935765,Reservoir,,
People's Republic of China,Q148,http://www.wikidata.org/entity/Q16935768,Q16935768,Reservoir,,
People's Republic of China,Q148,http://www.wikidata.org/entity/Q16935775,Q16935775,Reservoir,,
People's Republic of China,Q148,http://www.wikidata.org/entity/Q16935779,Q16935779,Reservoir,,
People's Republic of China,Q148,http://www.wikidata.org/entity/Q16935780,Q16935780,Reservoir,,
People's Republic of China,Q148,http://www.wikidata.org/entity/Q16935786,Q16935786,Reservoir,,
People's Republic of China,Q148,http://www.wikidata.org/entity/Q16935802,Q16935802,Reservoir,,
People's Republic of China,Q148,http://www.wikidata.org/entity/Q16935800,Q16935800,Reservoir,,
People's Republic of China,Q148,http://www.wikidata.org/entity/Q16935807,Q16935807,Reservoir,,
People's Republic of China,Q148,http://www.wikidata.org/entity/Q16935828,Q16935828,Reservoir,,
People's Republic of China,Q148,http://www.wikidata.org/entity/Q16935834,Q16935834,Reservoir,,
People's Republic of China,Q148,http://www.wikidata.org/entity/Q16935835,Q16935835,Reservoir,,
People's Republic of China,Q148,http://www.wikidata.org/entity/Q16935838,Q16935838,Reservoir,,
People's Republic of China,Q148,http://www.wikidata.org/entity/Q16935836,Q16935836,Reservoir,,
People's Republic of China,Q148,http://www.wikidata.org/entity/Q16935837,Q16935837,Reservoir,,
People's Republic of China,Q148,http://www.wikidata.org/entity/Q16935843,Q16935843,Reservoir,,
People's Republic of China,Q148,http://www.wikidata.org/entity/Q16935845,Q16935845,Reservoir,,
People's Republic of China,Q148,http://www.wikidata.org/entity/Q16935851,Q16935851,Reservoir,,
People's Republic of China,Q148,http://www.wikidata.org/entity/Q16935849,Q16935849,Reservoir,,
People's Republic of China,Q148,http://www.wikidata.org/entity/Q16935855,Q16935855,Reservoir,,
People's Republic of China,Q148,http://www.wikidata.org/entity/Q16935877,Q16935877,Reservoir,,
People's Republic of China,Q148,http://www.wikidata.org/entity/Q16935881,Q16935881,Reservoir,,
People's Republic of China,Q148,http://www.wikidata.org/entity/Q16935895,Q16935895,Reservoir,,
People's Republic of China,Q148,http://www.wikidata.org/entity/Q16935896,Q16935896,Reservoir,,
People's Republic of China,Q148,http://www.wikidata.org/entity/Q16935903,Q16935903,Reservoir,,
People's Republic of China,Q148,http://www.wikidata.org/entity/Q16935906,Q16935906,Reservoir,,
People's Republic of China,Q148,http://www.wikidata.org/entity/Q16935911,Q16935911,Reservoir,,
People's Republic of China,Q148,http://www.wikidata.org/entity/Q16935908,Q16935908,Reservoir,,
People's Republic of China,Q148,http://www.wikidata.org/entity/Q16935914,Q16935914,Reservoir,,
People's Republic of China,Q148,http://www.wikidata.org/entity/Q16935923,Q16935923,Reservoir,,
People's Republic of China,Q148,http://www.wikidata.org/entity/Q11177920,Q11177920,Reservoir,,
People's Republic of China,Q148,http://www.wikidata.org/entity/Q11177961,Q11177961,Reservoir,,
People's Republic of China,Q148,http://www.wikidata.org/entity/Q11178329,Q11178329,Reservoir,,
People's Republic of China,Q148,http://www.wikidata.org/entity/Q11179260,Q11179260,Reservoir,,
People's Republic of China,Q148,http://www.wikidata.org/entity/Q11179264,Q11179264,Reservoir,,
People's Republic of China,Q148,http://www.wikidata.org/entity/Q11179359,Q11179359,Reservoir,,
People's Republic of China,Q148,http://www.wikidata.org/entity/Q11179357,Q11179357,Reservoir,,
People's Republic of China,Q148,http://www.wikidata.org/entity/Q11179549,Q11179549,Reservoir,,
People's Republic of China,Q148,http://www.wikidata.org/entity/Q11179641,Q11179641,Reservoir,,
People's Republic of China,Q148,http://www.wikidata.org/entity/Q11179753,Q11179753,Reservoir,,
People's Republic of China,Q148,http://www.wikidata.org/entity/Q11180858,Q11180858,Reservoir,,
People's Republic of China,Q148,http://www.wikidata.org/entity/Q11180889,Q11180889,Reservoir,,
People's Republic of China,Q148,http://www.wikidata.org/entity/Q11180999,Q11180999,Reservoir,,
People's Republic of China,Q148,http://www.wikidata.org/entity/Q11181009,Q11181009,Reservoir,,
People's Republic of China,Q148,http://www.wikidata.org/entity/Q11181040,Q11181040,Reservoir,,
People's Republic of China,Q148,http://www.wikidata.org/entity/Q11181059,Q11181059,Reservoir,,
People's Republic of China,Q148,http://www.wikidata.org/entity/Q11181089,Q11181089,Reservoir,,
People's Republic of China,Q148,http://www.wikidata.org/entity/Q11181194,Q11181194,Reservoir,,
People's Republic of China,Q148,http://www.wikidata.org/entity/Q11181263,Q11181263,Reservoir,,
People's Republic of China,Q148,http://www.wikidata.org/entity/Q11181320,Q11181320,Reservoir,,
People's Republic of China,Q148,http://www.wikidata.org/entity/Q11181336,Q11181336,Reservoir,,
People's Republic of China,Q148,http://www.wikidata.org/entity/Q11181409,Q11181409,Reservoir,,
People's Republic of China,Q148,http://www.wikidata.org/entity/Q11181580,Q11181580,Reservoir,,
People's Republic of China,Q148,http://www.wikidata.org/entity/Q11181590,Q11181590,Reservoir,,
People's Republic of China,Q148,http://www.wikidata.org/entity/Q11181591,Q11181591,Reservoir,,
People's Republic of China,Q148,http://www.wikidata.org/entity/Q11181594,Q11181594,Reservoir,,
People's Republic of China,Q148,http://www.wikidata.org/entity/Q11181593,Q11181593,Reservoir,,
People's Republic of China,Q148,http://www.wikidata.org/entity/Q11181599,Q11181599,Reservoir,,
People's Republic of China,Q148,http://www.wikidata.org/entity/Q11181596,Q11181596,Reservoir,,
People's Republic of China,Q148,http://www.wikidata.org/entity/Q11181734,Q11181734,Reservoir,,
People's Republic of China,Q148,http://www.wikidata.org/entity/Q11181793,Q11181793,Reservoir,,
People's Republic of China,Q148,http://www.wikidata.org/entity/Q11181832,Q11181832,Reservoir,,
People's Republic of China,Q148,http://www.wikidata.org/entity/Q11181909,Q11181909,Reservoir,,
People's Republic of China,Q148,http://www.wikidata.org/entity/Q16935940,Q16935940,Reservoir,,
People's Republic of China,Q148,http://www.wikidata.org/entity/Q16935950,Q16935950,Reservoir,,
People's Republic of China,Q148,http://www.wikidata.org/entity/Q16935949,Q16935949,Reservoir,,
People's Republic of China,Q148,http://www.wikidata.org/entity/Q16935958,Q16935958,Reservoir,,
People's Republic of China,Q148,http://www.wikidata.org/entity/Q16935963,Q16935963,Reservoir,,
People's Republic of China,Q148,http://www.wikidata.org/entity/Q16935967,Q16935967,Reservoir,,
People's Republic of China,Q148,http://www.wikidata.org/entity/Q16935968,Q16935968,Reservoir,,
People's Republic of China,Q148,http://www.wikidata.org/entity/Q16935993,Q16935993,Reservoir,,
People's Republic of China,Q148,http://www.wikidata.org/entity/Q16935997,Q16935997,Reservoir,,
People's Republic of China,Q148,http://www.wikidata.org/entity/Q16936000,Q16936000,Reservoir,,
People's Republic of China,Q148,http://www.wikidata.org/entity/Q16936010,Q16936010,Reservoir,,
People's Republic of China,Q148,http://www.wikidata.org/entity/Q16936008,Q16936008,Reservoir,,
People's Republic of China,Q148,http://www.wikidata.org/entity/Q16936023,Q16936023,Reservoir,,
People's Republic of China,Q148,http://www.wikidata.org/entity/Q16936020,Q16936020,Reservoir,,
People's Republic of China,Q148,http://www.wikidata.org/entity/Q16936025,Q16936025,Reservoir,,
People's Republic of China,Q148,http://www.wikidata.org/entity/Q16936030,Q16936030,Reservoir,,
People's Republic of China,Q148,http://www.wikidata.org/entity/Q16936029,Q16936029,Reservoir,,
People's Republic of China,Q148,http://www.wikidata.org/entity/Q16936045,Q16936045,Reservoir,,
People's Republic of China,Q148,http://www.wikidata.org/entity/Q16936048,Q16936048,Reservoir,,
People's Republic of China,Q148,http://www.wikidata.org/entity/Q16936052,Q16936052,Reservoir,,
People's Republic of China,Q148,http://www.wikidata.org/entity/Q16936062,Q16936062,Reservoir,,
People's Republic of China,Q148,http://www.wikidata.org/entity/Q16936060,Q16936060,Reservoir,,
People's Republic of China,Q148,http://www.wikidata.org/entity/Q16936061,Q16936061,Reservoir,,
People's Republic of China,Q148,http://www.wikidata.org/entity/Q16936066,Q16936066,Reservoir,,
People's Republic of China,Q148,http://www.wikidata.org/entity/Q16936073,Q16936073,Reservoir,,
People's Republic of China,Q148,http://www.wikidata.org/entity/Q16936079,Q16936079,Reservoir,,
People's Republic of China,Q148,http://www.wikidata.org/entity/Q16936080,Q16936080,Reservoir,,
People's Republic of China,Q148,http://www.wikidata.org/entity/Q16936087,Q16936087,Reservoir,,
People's Republic of China,Q148,http://www.wikidata.org/entity/Q16936097,Q16936097,Reservoir,,
People's Republic of China,Q148,http://www.wikidata.org/entity/Q16936106,Q16936106,Reservoir,,
People's Republic of China,Q148,http://www.wikidata.org/entity/Q16936107,Q16936107,Reservoir,,
People's Republic of China,Q148,http://www.wikidata.org/entity/Q16936104,Q16936104,Reservoir,,
People's Republic of China,Q148,http://www.wikidata.org/entity/Q16936111,Q16936111,Reservoir,,
People's Republic of China,Q148,http://www.wikidata.org/entity/Q16936123,Q16936123,Reservoir,,
People's Republic of China,Q148,http://www.wikidata.org/entity/Q16936120,Q16936120,Reservoir,,
People's Republic of China,Q148,http://www.wikidata.org/entity/Q16936126,Q16936126,Reservoir,,
People's Republic of China,Q148,http://www.wikidata.org/entity/Q16936131,Q16936131,Reservoir,,
People's Republic of China,Q148,http://www.wikidata.org/entity/Q16936128,Q16936128,Reservoir,,
People's Republic of China,Q148,http://www.wikidata.org/entity/Q16936129,Q16936129,Reservoir,,
People's Republic of China,Q148,http://www.wikidata.org/entity/Q16936132,Q16936132,Reservoir,,
People's Republic of China,Q148,http://www.wikidata.org/entity/Q16936136,Q16936136,Reservoir,,
People's Republic of China,Q148,http://www.wikidata.org/entity/Q16936145,Q16936145,Reservoir,,
People's Republic of China,Q148,http://www.wikidata.org/entity/Q16936163,Q16936163,Reservoir,,
People's Republic of China,Q148,http://www.wikidata.org/entity/Q16936161,Q16936161,Reservoir,,
People's Republic of China,Q148,http://www.wikidata.org/entity/Q16936171,Q16936171,Reservoir,,
People's Republic of China,Q148,http://www.wikidata.org/entity/Q16936133,Hongshixia Reservoir,Reservoir,,
People's Republic of China,Q148,http://www.wikidata.org/entity/Q16936187,Q16936187,Reservoir,,
People's Republic of China,Q148,http://www.wikidata.org/entity/Q16936184,Q16936184,Reservoir,,
People's Republic of China,Q148,http://www.wikidata.org/entity/Q16936194,Q16936194,Reservoir,,
People's Republic of China,Q148,http://www.wikidata.org/entity/Q16936198,Q16936198,Reservoir,,
People's Republic of China,Q148,http://www.wikidata.org/entity/Q16936197,Q16936197,Reservoir,,
People's Republic of China,Q148,http://www.wikidata.org/entity/Q16936215,Q16936215,Reservoir,,
People's Republic of China,Q148,http://www.wikidata.org/entity/Q16936216,Q16936216,Reservoir,,
People's Republic of China,Q148,http://www.wikidata.org/entity/Q16936227,Q16936227,Reservoir,,
People's Republic of China,Q148,http://www.wikidata.org/entity/Q16936236,Q16936236,Reservoir,,
People's Republic of China,Q148,http://www.wikidata.org/entity/Q16936263,Q16936263,Reservoir,,
People's Republic of China,Q148,http://www.wikidata.org/entity/Q16936267,Q16936267,Reservoir,,
People's Republic of China,Q148,http://www.wikidata.org/entity/Q16936274,Q16936274,Reservoir,,
People's Republic of China,Q148,http://www.wikidata.org/entity/Q16936278,Q16936278,Reservoir,,
People's Republic of China,Q148,http://www.wikidata.org/entity/Q16936281,Q16936281,Reservoir,,
People's Republic of China,Q148,http://www.wikidata.org/entity/Q16936300,Q16936300,Reservoir,,
People's Republic of China,Q148,http://www.wikidata.org/entity/Q16936318,Q16936318,Reservoir,,
People's Republic of China,Q148,http://www.wikidata.org/entity/Q16936319,Q16936319,Reservoir,,
People's Republic of China,Q148,http://www.wikidata.org/entity/Q16936331,Q16936331,Reservoir,,
People's Republic of China,Q148,http://www.wikidata.org/entity/Q16936332,Q16936332,Reservoir,,
People's Republic of China,Q148,http://www.wikidata.org/entity/Q16936343,Q16936343,Reservoir,,
People's Republic of China,Q148,http://www.wikidata.org/entity/Q16936366,Q16936366,Reservoir,,
People's Republic of China,Q148,http://www.wikidata.org/entity/Q16936371,Q16936371,Reservoir,,
People's Republic of China,Q148,http://www.wikidata.org/entity/Q16936372,Q16936372,Reservoir,,
People's Republic of China,Q148,http://www.wikidata.org/entity/Q16936391,Q16936391,Reservoir,,
People's Republic of China,Q148,http://www.wikidata.org/entity/Q16936396,Q16936396,Reservoir,,
People's Republic of China,Q148,http://www.wikidata.org/entity/Q16936401,Q16936401,Reservoir,,
People's Republic of China,Q148,http://www.wikidata.org/entity/Q16936407,Q16936407,Reservoir,,
People's Republic of China,Q148,http://www.wikidata.org/entity/Q16936404,Q16936404,Reservoir,,
People's Republic of China,Q148,http://www.wikidata.org/entity/Q16936405,Q16936405,Reservoir,,
People's Republic of China,Q148,http://www.wikidata.org/entity/Q16936424,Q16936424,Reservoir,,
People's Republic of China,Q148,http://www.wikidata.org/entity/Q16936438,Q16936438,Reservoir,,
People's Republic of China,Q148,http://www.wikidata.org/entity/Q16936439,Q16936439,Reservoir,,
People's Republic of China,Q148,http://www.wikidata.org/entity/Q16936444,Q16936444,Reservoir,,
People's Republic of China,Q148,http://www.wikidata.org/entity/Q16936452,Q16936452,Reservoir,,
People's Republic of China,Q148,http://www.wikidata.org/entity/Q16936459,Q16936459,Reservoir,,
People's Republic of China,Q148,http://www.wikidata.org/entity/Q16936462,Q16936462,Reservoir,,
People's Republic of China,Q148,http://www.wikidata.org/entity/Q16936471,Q16936471,Reservoir,,
People's Republic of China,Q148,http://www.wikidata.org/entity/Q16936491,Q16936491,Reservoir,,
People's Republic of China,Q148,http://www.wikidata.org/entity/Q16936492,Q16936492,Reservoir,,
People's Republic of China,Q148,http://www.wikidata.org/entity/Q16936502,Q16936502,Reservoir,,
People's Republic of China,Q148,http://www.wikidata.org/entity/Q16936510,Q16936510,Reservoir,,
People's Republic of China,Q148,http://www.wikidata.org/entity/Q16936508,Q16936508,Reservoir,,
People's Republic of China,Q148,http://www.wikidata.org/entity/Q16936515,Q16936515,Reservoir,,
People's Republic of China,Q148,http://www.wikidata.org/entity/Q16936523,Q16936523,Reservoir,,
People's Republic of China,Q148,http://www.wikidata.org/entity/Q16936520,Q16936520,Reservoir,,
People's Republic of China,Q148,http://www.wikidata.org/entity/Q16936538,Q16936538,Reservoir,,
People's Republic of China,Q148,http://www.wikidata.org/entity/Q16936539,Q16936539,Reservoir,,
People's Republic of China,Q148,http://www.wikidata.org/entity/Q16936541,Q16936541,Reservoir,,
People's Republic of China,Q148,http://www.wikidata.org/entity/Q16936546,Q16936546,Reservoir,,
People's Republic of China,Q148,http://www.wikidata.org/entity/Q16936545,Q16936545,Reservoir,,
People's Republic of China,Q148,http://www.wikidata.org/entity/Q16936564,Q16936564,Reservoir,,
People's Republic of China,Q148,http://www.wikidata.org/entity/Q16936594,Q16936594,Reservoir,,
People's Republic of China,Q148,http://www.wikidata.org/entity/Q16936598,Q16936598,Reservoir,,
People's Republic of China,Q148,http://www.wikidata.org/entity/Q16936597,Q16936597,Reservoir,,
People's Republic of China,Q148,http://www.wikidata.org/entity/Q16936600,Q16936600,Reservoir,,
People's Republic of China,Q148,http://www.wikidata.org/entity/Q16936601,Q16936601,Reservoir,,
People's Republic of China,Q148,http://www.wikidata.org/entity/Q16936612,Q16936612,Reservoir,,
People's Republic of China,Q148,http://www.wikidata.org/entity/Q16936624,Q16936624,Reservoir,,
People's Republic of China,Q148,http://www.wikidata.org/entity/Q16936636,Q16936636,Reservoir,,
People's Republic of China,Q148,http://www.wikidata.org/entity/Q16936646,Q16936646,Reservoir,,
People's Republic of China,Q148,http://www.wikidata.org/entity/Q16936645,Q16936645,Reservoir,,
People's Republic of China,Q148,http://www.wikidata.org/entity/Q16936649,Q16936649,Reservoir,,
People's Republic of China,Q148,http://www.wikidata.org/entity/Q16936659,Q16936659,Reservoir,,
People's Republic of China,Q148,http://www.wikidata.org/entity/Q16936662,Q16936662,Reservoir,,
People's Republic of China,Q148,http://www.wikidata.org/entity/Q16936660,Q16936660,Reservoir,,
People's Republic of China,Q148,http://www.wikidata.org/entity/Q16936670,Q16936670,Reservoir,,
People's Republic of China,Q148,http://www.wikidata.org/entity/Q16936671,Q16936671,Reservoir,,
People's Republic of China,Q148,http://www.wikidata.org/entity/Q16936668,Q16936668,Reservoir,,
People's Republic of China,Q148,http://www.wikidata.org/entity/Q16936675,Q16936675,Reservoir,,
People's Republic of China,Q148,http://www.wikidata.org/entity/Q16936687,Q16936687,Reservoir,,
People's Republic of China,Q148,http://www.wikidata.org/entity/Q16936684,Q16936684,Reservoir,,
People's Republic of China,Q148,http://www.wikidata.org/entity/Q16936726,Q16936726,Reservoir,,
People's Republic of China,Q148,http://www.wikidata.org/entity/Q16936725,Q16936725,Reservoir,,
People's Republic of China,Q148,http://www.wikidata.org/entity/Q16936735,Q16936735,Reservoir,,
People's Republic of China,Q148,http://www.wikidata.org/entity/Q16936743,Q16936743,Reservoir,,
People's Republic of China,Q148,http://www.wikidata.org/entity/Q16936763,Q16936763,Reservoir,,
People's Republic of China,Q148,http://www.wikidata.org/entity/Q16936761,Q16936761,Reservoir,,
People's Republic of China,Q148,http://www.wikidata.org/entity/Q16936812,Q16936812,Reservoir,,
People's Republic of China,Q148,http://www.wikidata.org/entity/Q16936819,Q16936819,Reservoir,,
People's Republic of China,Q148,http://www.wikidata.org/entity/Q16936820,Q16936820,Reservoir,,
People's Republic of China,Q148,http://www.wikidata.org/entity/Q16936826,Q16936826,Reservoir,,
People's Republic of China,Q148,http://www.wikidata.org/entity/Q16936828,Q16936828,Reservoir,,
People's Republic of China,Q148,http://www.wikidata.org/entity/Q16936834,Q16936834,Reservoir,,
People's Republic of China,Q148,http://www.wikidata.org/entity/Q16936859,Q16936859,Reservoir,,
People's Republic of China,Q148,http://www.wikidata.org/entity/Q16936856,Q16936856,Reservoir,,
People's Republic of China,Q148,http://www.wikidata.org/entity/Q16936860,Q16936860,Reservoir,,
People's Republic of China,Q148,http://www.wikidata.org/entity/Q16936864,Q16936864,Reservoir,,
People's Republic of China,Q148,http://www.wikidata.org/entity/Q31845362,Q31845362,Reservoir,,
People's Republic of China,Q148,http://www.wikidata.org/entity/Q31845655,Q31845655,Reservoir,,
People's Republic of China,Q148,http://www.wikidata.org/entity/Q31845755,Q31845755,Reservoir,,
People's Republic of China,Q148,http://www.wikidata.org/entity/Q31846538,Q31846538,Reservoir,,
People's Republic of China,Q148,http://www.wikidata.org/entity/Q31821017,Qingnian Reservoir (Shaoshan),Reservoir,,
People's Republic of China,Q148,http://www.wikidata.org/entity/Q31846631,Q31846631,Reservoir,,
People's Republic of China,Q148,http://www.wikidata.org/entity/Q31846659,Q31846659,Reservoir,,
People's Republic of China,Q148,http://www.wikidata.org/entity/Q31846662,Q31846662,Reservoir,,
People's Republic of China,Q148,http://www.wikidata.org/entity/Q31846661,Q31846661,Reservoir,,
People's Republic of China,Q148,http://www.wikidata.org/entity/Q31846673,Q31846673,Reservoir,,
People's Republic of China,Q148,http://www.wikidata.org/entity/Q31847099,Q31847099,Reservoir,,
People's Republic of China,Q148,http://www.wikidata.org/entity/Q31847107,Q31847107,Reservoir,,
People's Republic of China,Q148,http://www.wikidata.org/entity/Q31847116,Q31847116,Reservoir,,
People's Republic of China,Q148,http://www.wikidata.org/entity/Q31847135,Q31847135,Reservoir,,
People's Republic of China,Q148,http://www.wikidata.org/entity/Q31847140,Q31847140,Reservoir,,
People's Republic of China,Q148,http://www.wikidata.org/entity/Q31847145,Q31847145,Reservoir,,
People's Republic of China,Q148,http://www.wikidata.org/entity/Q8649020,Q8649020,Reservoir,,
People's Republic of China,Q148,http://www.wikidata.org/entity/Q10869963,Q10869963,Reservoir,,
People's Republic of China,Q148,http://www.wikidata.org/entity/Q10884163,Q10884163,Reservoir,,
People's Republic of China,Q148,http://www.wikidata.org/entity/Q10907783,Q10907783,Reservoir,,
People's Republic of China,Q148,http://www.wikidata.org/entity/Q11133988,Q11133988,Reservoir,,
People's Republic of China,Q148,http://www.wikidata.org/entity/Q11177821,Q11177821,Reservoir,,
People's Republic of China,Q148,http://www.wikidata.org/entity/Q11177849,Q11177849,Reservoir,,
People's Republic of China,Q148,http://www.wikidata.org/entity/Q16936866,Q16936866,Reservoir,,
People's Republic of China,Q148,http://www.wikidata.org/entity/Q16936870,Q16936870,Reservoir,,
People's Republic of China,Q148,http://www.wikidata.org/entity/Q16936882,Q16936882,Reservoir,,
People's Republic of China,Q148,http://www.wikidata.org/entity/Q16936891,Q16936891,Reservoir,,
People's Republic of China,Q148,http://www.wikidata.org/entity/Q16936892,Q16936892,Reservoir,,
People's Republic of China,Q148,http://www.wikidata.org/entity/Q16936903,Q16936903,Reservoir,,
People's Republic of China,Q148,http://www.wikidata.org/entity/Q16936915,Q16936915,Reservoir,,
People's Republic of China,Q148,http://www.wikidata.org/entity/Q16936916,Q16936916,Reservoir,,
People's Republic of China,Q148,http://www.wikidata.org/entity/Q16936923,Q16936923,Reservoir,,
People's Republic of China,Q148,http://www.wikidata.org/entity/Q16936921,Q16936921,Reservoir,,
People's Republic of China,Q148,http://www.wikidata.org/entity/Q16936930,Q16936930,Reservoir,,
People's Republic of China,Q148,http://www.wikidata.org/entity/Q16936935,Q16936935,Reservoir,,
People's Republic of China,Q148,http://www.wikidata.org/entity/Q16936936,Q16936936,Reservoir,,
People's Republic of China,Q148,http://www.wikidata.org/entity/Q16936955,Q16936955,Reservoir,,
People's Republic of China,Q148,http://www.wikidata.org/entity/Q16936953,Q16936953,Reservoir,,
People's Republic of China,Q148,http://www.wikidata.org/entity/Q16936963,Q16936963,Reservoir,,
People's Republic of China,Q148,http://www.wikidata.org/entity/Q16936960,Q16936960,Reservoir,,
People's Republic of China,Q148,http://www.wikidata.org/entity/Q17030045,Q17030045,Reservoir,,
People's Republic of China,Q148,http://www.wikidata.org/entity/Q31848133,Q31848133,Reservoir,,
People's Republic of China,Q148,http://www.wikidata.org/entity/Q31848231,Q31848231,Reservoir,,
People's Republic of China,Q148,http://www.wikidata.org/entity/Q31849249,Q31849249,Reservoir,,
People's Republic of China,Q148,http://www.wikidata.org/entity/Q31849356,Q31849356,Reservoir,,
People's Republic of China,Q148,http://www.wikidata.org/entity/Q127690901,Shenxianling Reservoir,Reservoir,,
People's Republic of China,Q148,http://www.wikidata.org/entity/Q125351599,Q125351599,Reservoir,,
People's Republic of China,Q148,http://www.wikidata.org/entity/Q128306224,Q128306224,Reservoir,,
People's Republic of China,Q148,http://www.wikidata.org/entity/Q97198188,Dashiban Reservoir,Reservoir,,
People's Republic of China,Q148,http://www.wikidata.org/entity/Q48881648,Q48881648,Reservoir,,
People's Republic of China,Q148,http://www.wikidata.org/entity/Q109347117,Q109347117,Reservoir,,
People's Republic of China,Q148,http://www.wikidata.org/entity/Q107182857,Aweitan Reservoir,Reservoir,,
People's Republic of China,Q148,http://www.wikidata.org/entity/Q107183014,Tangba Reservoir,Reservoir,,
Belarus,Q184,http://www.wikidata.org/entity/Q110970169,Q110970169,Reservoir,,
Belarus,Q184,http://www.wikidata.org/entity/Q110992328,Q110992328,Reservoir,,
Belarus,Q184,http://www.wikidata.org/entity/Q17560674,Q17560674,Reservoir,,
Belarus,Q184,http://www.wikidata.org/entity/Q21029785,Q21029785,Reservoir,,
Belarus,Q184,http://www.wikidata.org/entity/Q24229115,Q24229115,Reservoir,,
Belarus,Q184,http://www.wikidata.org/entity/Q27156339,Q27156339,Reservoir,,
Belarus,Q184,http://www.wikidata.org/entity/Q51802496,Q51802496,Reservoir,,
Belarus,Q184,http://www.wikidata.org/entity/Q18409317,Q18409317,Reservoir,,
Belarus,Q184,http://www.wikidata.org/entity/Q105952450,Q105952450,Reservoir,,
Austria,Q40,http://www.wikidata.org/entity/Q54366508,Baptismal font of Pfarrkirche Altmünster,Reservoir,,
Switzerland,Q39,http://www.wikidata.org/entity/Q132303465,Q132303465,Reservoir,,
Switzerland,Q39,http://www.wikidata.org/entity/Q2010705,Q2010705,Reservoir,,
Kazakhstan,Q232,http://www.wikidata.org/entity/Q12527410,Q12527410,Reservoir,,
Kazakhstan,Q232,http://www.wikidata.org/entity/Q12528459,Q12528459,Reservoir,,
Kazakhstan,Q232,http://www.wikidata.org/entity/Q12528939,Q12528939,Reservoir,,
Kazakhstan,Q232,http://www.wikidata.org/entity/Q12531238,Q12531238,Reservoir,,
Kazakhstan,Q232,http://www.wikidata.org/entity/Q12531273,Q12531273,Reservoir,,
Kazakhstan,Q232,http://www.wikidata.org/entity/Q12531822,Q12531822,Reservoir,,
Kazakhstan,Q232,http://www.wikidata.org/entity/Q12532040,Q12532040,Reservoir,,
Kazakhstan,Q232,http://www.wikidata.org/entity/Q12532056,Q12532056,Reservoir,,
Kazakhstan,Q232,http://www.wikidata.org/entity/Q12532079,Q12532079,Reservoir,,
Kazakhstan,Q232,http://www.wikidata.org/entity/Q12532101,Q12532101,Reservoir,,
Kazakhstan,Q232,http://www.wikidata.org/entity/Q12532694,Q12532694,Reservoir,,
Kazakhstan,Q232,http://www.wikidata.org/entity/Q12533387,Q12533387,Reservoir,,
Kazakhstan,Q232,http://www.wikidata.org/entity/Q12541471,Q12541471,Reservoir,,
Kazakhstan,Q232,http://www.wikidata.org/entity/Q12542411,Q12542411,Reservoir,,
Kazakhstan,Q232,http://www.wikidata.org/entity/Q12544495,Q12544495,Reservoir,,
Kazakhstan,Q232,http://www.wikidata.org/entity/Q12546463,Q12546463,Reservoir,,
Kazakhstan,Q232,http://www.wikidata.org/entity/Q12549659,Q12549659,Reservoir,,
Kazakhstan,Q232,http://www.wikidata.org/entity/Q12550983,Q12550983,Reservoir,,
Kazakhstan,Q232,http://www.wikidata.org/entity/Q12554318,Q12554318,Reservoir,,
Kazakhstan,Q232,http://www.wikidata.org/entity/Q12555215,Q12555215,Reservoir,,
Kazakhstan,Q232,http://www.wikidata.org/entity/Q12558659,Q12558659,Reservoir,,
Kazakhstan,Q232,http://www.wikidata.org/entity/Q12561211,Q12561211,Reservoir,,
Kazakhstan,Q232,http://www.wikidata.org/entity/Q12564339,Q12564339,Reservoir,,
Kazakhstan,Q232,http://www.wikidata.org/entity/Q12566185,Q12566185,Reservoir,,
Kazakhstan,Q232,http://www.wikidata.org/entity/Q12570538,Q12570538,Reservoir,,
Kazakhstan,Q232,http://www.wikidata.org/entity/Q12570940,Q12570940,Reservoir,,
Kazakhstan,Q232,http://www.wikidata.org/entity/Q12571223,Q12571223,Reservoir,,
Kazakhstan,Q232,http://www.wikidata.org/entity/Q12571231,Q12571231,Reservoir,,
Kazakhstan,Q232,http://www.wikidata.org/entity/Q12573178,Q12573178,Reservoir,,
Kazakhstan,Q232,http://www.wikidata.org/entity/Q12574237,Q12574237,Reservoir,,
Kazakhstan,Q232,http://www.wikidata.org/entity/Q12574414,Q12574414,Reservoir,,
Kazakhstan,Q232,http://www.wikidata.org/entity/Q12574496,Q12574496,Reservoir,,
Kazakhstan,Q232,http://www.wikidata.org/entity/Q12574899,Q12574899,Reservoir,,
Kazakhstan,Q232,http://www.wikidata.org/entity/Q16431777,Q16431777,Reservoir,,
Kazakhstan,Q232,http://www.wikidata.org/entity/Q16432313,Q16432313,Reservoir,,
Kazakhstan,Q232,http://www.wikidata.org/entity/Q16432913,Q16432913,Reservoir,,
Kazakhstan,Q232,http://www.wikidata.org/entity/Q16433009,Q16433009,Reservoir,,
Kazakhstan,Q232,http://www.wikidata.org/entity/Q16433400,Q16433400,Reservoir,,
Kazakhstan,Q232,http://www.wikidata.org/entity/Q16434166,Q16434166,Reservoir,,
Kazakhstan,Q232,http://www.wikidata.org/entity/Q16434606,Q16434606,Reservoir,,
Kazakhstan,Q232,http://www.wikidata.org/entity/Q20486148,Q20486148,Reservoir,,
Kazakhstan,Q232,http://www.wikidata.org/entity/Q25492943,Q25492943,Reservoir,,
Kazakhstan,Q232,http://www.wikidata.org/entity/Q25492969,Q25492969,Reservoir,,
Kazakhstan,Q232,http://www.wikidata.org/entity/Q25531011,Q25531011,Reservoir,,
Kazakhstan,Q232,http://www.wikidata.org/entity/Q16431441,Bagyrlai Dam,Reservoir,,
South Korea,Q884,http://www.wikidata.org/entity/Q12620929,Tapjeong Reservoir,Reservoir,,
South Korea,Q884,http://www.wikidata.org/entity/Q12625361,Hong Ryu Reservoir,Reservoir,,
South Korea,Q884,http://www.wikidata.org/entity/Q12617322,Junam Reservoir,Reservoir,,
South Korea,Q884,http://www.wikidata.org/entity/Q16164532,Sannam Reservoir,Reservoir,,
South Korea,Q884,http://www.wikidata.org/entity/Q115630136,Galchi Reservoir,Reservoir,,
Bulgaria,Q219,http://www.wikidata.org/entity/Q67185082,Q67185082,Reservoir,,
Bulgaria,Q219,http://www.wikidata.org/entity/Q108655141,Kurşun çeşme (fountain) - Shumen,Reservoir,,
Italy,Q38,http://www.wikidata.org/entity/Q3678240,Q3678240,Reservoir,,
Italy,Q38,http://www.wikidata.org/entity/Q96315494,Q96315494,Reservoir,,
Italy,Q38,http://www.wikidata.org/entity/Q96315518,Q96315518,Reservoir,,
Italy,Q38,http://www.wikidata.org/entity/Q3747491,Baptistry of Callistus,Reservoir,,
Italy,Q38,http://www.wikidata.org/entity/Q128919726,Baptismal font of Nostra Signora Assunta,Reservoir,,
Italy,Q38,http://www.wikidata.org/entity/Q125996641,Font in Baptistry,Reservoir,,
Italy,Q38,http://www.wikidata.org/entity/Q122946345,Baptismal font of San Giovanni Battista,Reservoir,,
Italy,Q38,http://www.wikidata.org/entity/Q117028889,baptismal font of Savona Cathedral,Reservoir,,
Italy,Q38,http://www.wikidata.org/entity/Q121761874,Q121761874,Reservoir,,
Italy,Q38,http://www.wikidata.org/entity/Q98768725,Campolattaro lake,Reservoir,,
Italy,Q38,http://www.wikidata.org/entity/Q29721898,Q29721898,Reservoir,,
Italy,Q38,http://www.wikidata.org/entity/Q55162120,Q55162120,Reservoir,,
Italy,Q38,http://www.wikidata.org/entity/Q131823327,Cistern of the Bourbon Tunnel,Reservoir,,
Italy,Q38,http://www.wikidata.org/entity/Q66984631,Q66984631,Reservoir,,
Italy,Q38,http://www.wikidata.org/entity/Q63522086,Palombaro lungo,Reservoir,,
Italy,Q38,http://www.wikidata.org/entity/Q56612657,drinking trough,Reservoir,,
Italy,Q38,http://www.wikidata.org/entity/Q59598510,Serbatoi pensili dell'Acquedotto Pontino,Reservoir,,
Italy,Q38,http://www.wikidata.org/entity/Q107314139,Q107314139,Reservoir,,
Taiwan,Q865,http://www.wikidata.org/entity/Q10900612,Q10900612,Reservoir,,
Taiwan,Q865,http://www.wikidata.org/entity/Q21041659,Q21041659,Reservoir,,
Taiwan,Q865,http://www.wikidata.org/entity/Q101096696,Mingtan Reservoir,Reservoir,,
Taiwan,Q865,http://www.wikidata.org/entity/Q101096691,Qingshan Reservoir,Reservoir,,
Taiwan,Q865,http://www.wikidata.org/entity/Q101096727,Shihgang Reservoir,Reservoir,,
Taiwan,Q865,http://www.wikidata.org/entity/Q101096742,Zengwen Reservoir,Reservoir,,
Taiwan,Q865,http://www.wikidata.org/entity/Q101113845,Wujie Reservoir,Reservoir,,
Taiwan,Q865,http://www.wikidata.org/entity/Q65056126,Xiaochi Reservoir,Reservoir,,
Taiwan,Q865,http://www.wikidata.org/entity/Q107750859,Xihu Reservoir,Reservoir,,
Taiwan,Q865,http://www.wikidata.org/entity/Q98906914,Shengli Reservoir,Reservoir,,
Taiwan,Q865,http://www.wikidata.org/entity/Q130213146,Q130213146,Reservoir,,
Taiwan,Q865,http://www.wikidata.org/entity/Q130213809,Q130213809,Reservoir,,
Australia,Q408,http://www.wikidata.org/entity/Q17051936,Jandakot Mound,Reservoir,,
Australia,Q408,http://www.wikidata.org/entity/Q22271726,Leederville Aquifer,Reservoir,,
Australia,Q408,http://www.wikidata.org/entity/Q8049521,Yarragadee Aquifer,Reservoir,,
Australia,Q408,http://www.wikidata.org/entity/Q33129630,Amherst Reservoir,Reservoir,,
Australia,Q408,http://www.wikidata.org/entity/Q33129633,Bealiba Reservoir,Reservoir,,
Australia,Q408,http://www.wikidata.org/entity/Q33129639,Iron Stone Reservoir,Reservoir,,
Australia,Q408,http://www.wikidata.org/entity/Q33186961,Hepburn Reservoir,Reservoir,,
Australia,Q408,http://www.wikidata.org/entity/Q39892580,Willaura Reservoir,Reservoir,,
Chile,Q298,http://www.wikidata.org/entity/Q76825097,Q76825097,Reservoir,,
Chile,Q298,http://www.wikidata.org/entity/Q103996004,Q103996004,Reservoir,,
Chile,Q298,http://www.wikidata.org/entity/Q66827399,Embalse Corrales,Reservoir,,
Chile,Q298,http://www.wikidata.org/entity/Q67080067,Embalse Digua,Reservoir,,
Chile,Q298,http://www.wikidata.org/entity/Q70200094,Embalse Huechún,Reservoir,,
Chile,Q298,http://www.wikidata.org/entity/Q71544876,Ancoa Reservoir,Reservoir,,
Chile,Q298,http://www.wikidata.org/entity/Q115167077,Empedrado Reservoir,Reservoir,,
Colombia,Q739,http://www.wikidata.org/entity/Q130236492,Q130236492,Reservoir,,
New Zealand,Q664,http://www.wikidata.org/entity/Q125456934,Omāroro Reservoir,Reservoir,,
Cuba,Q241,http://www.wikidata.org/entity/Q98085259,Q98085259,Reservoir,,
Slovakia,Q214,http://www.wikidata.org/entity/Q112103666,Q112103666,Reservoir,,
Slovakia,Q214,http://www.wikidata.org/entity/Q112105634,Q112105634,Reservoir,,
Slovakia,Q214,http://www.wikidata.org/entity/Q112105743,Q112105743,Reservoir,,
Slovakia,Q214,http://www.wikidata.org/entity/Q112106174,Q112106174,Reservoir,,
Slovakia,Q214,http://www.wikidata.org/entity/Q104708076,Hrušov reservoir,Reservoir,,
Slovakia,Q214,http://www.wikidata.org/entity/Q112086201,Q112086201,Reservoir,,
Slovakia,Q214,http://www.wikidata.org/entity/Q112089119,Q112089119,Reservoir,,
Slovakia,Q214,http://www.wikidata.org/entity/Q112089251,Q112089251,Reservoir,,
Slovakia,Q214,http://www.wikidata.org/entity/Q112090760,Q112090760,Reservoir,,
Slovakia,Q214,http://www.wikidata.org/entity/Q112091946,Q112091946,Reservoir,,
Slovakia,Q214,http://www.wikidata.org/entity/Q112092936,Q112092936,Reservoir,,
Slovakia,Q214,http://www.wikidata.org/entity/Q112092959,Q112092959,Reservoir,,
Slovakia,Q214,http://www.wikidata.org/entity/Q112092960,Q112092960,Reservoir,,
Slovakia,Q214,http://www.wikidata.org/entity/Q112093266,Q112093266,Reservoir,,
Slovakia,Q214,http://www.wikidata.org/entity/Q112095194,Q112095194,Reservoir,,
Slovakia,Q214,http://www.wikidata.org/entity/Q112095546,Q112095546,Reservoir,,
Slovakia,Q214,http://www.wikidata.org/entity/Q112096626,Q112096626,Reservoir,,
Slovakia,Q214,http://www.wikidata.org/entity/Q112096627,Q112096627,Reservoir,,
Slovakia,Q214,http://www.wikidata.org/entity/Q112096630,Q112096630,Reservoir,,
Slovakia,Q214,http://www.wikidata.org/entity/Q112096628,Q112096628,Reservoir,,
Slovakia,Q214,http://www.wikidata.org/entity/Q112096629,Q112096629,Reservoir,,
Slovakia,Q214,http://www.wikidata.org/entity/Q112100882,Q112100882,Reservoir,,
Slovakia,Q214,http://www.wikidata.org/entity/Q112100906,Q112100906,Reservoir,,
Slovakia,Q214,http://www.wikidata.org/entity/Q112100908,Q112100908,Reservoir,,
Slovakia,Q214,http://www.wikidata.org/entity/Q112100909,Q112100909,Reservoir,,
Slovakia,Q214,http://www.wikidata.org/entity/Q112102810,Q112102810,Reservoir,,
Slovakia,Q214,http://www.wikidata.org/entity/Q112102865,Q112102865,Reservoir,,
Slovakia,Q214,http://www.wikidata.org/entity/Q112103324,Q112103324,Reservoir,,
Tunisia,Q948,http://www.wikidata.org/entity/Q89046137,El Kantara baptistry,Reservoir,,
Tunisia,Q948,http://www.wikidata.org/entity/Q42432929,Q42432929,Reservoir,,
Tunisia,Q948,http://www.wikidata.org/entity/Q42598050,Q42598050,Reservoir,,
Tunisia,Q948,http://www.wikidata.org/entity/Q42598139,Q42598139,Reservoir,,
Tunisia,Q948,http://www.wikidata.org/entity/Q42601628,Q42601628,Reservoir,,
Tunisia,Q948,http://www.wikidata.org/entity/Q42605835,Q42605835,Reservoir,,
Tunisia,Q948,http://www.wikidata.org/entity/Q42606106,Q42606106,Reservoir,,
Tunisia,Q948,http://www.wikidata.org/entity/Q42606204,Q42606204,Reservoir,,
Tunisia,Q948,http://www.wikidata.org/entity/Q42609443,Q42609443,Reservoir,,
Tunisia,Q948,http://www.wikidata.org/entity/Q42754262,Q42754262,Reservoir,,
Tunisia,Q948,http://www.wikidata.org/entity/Q42754293,Q42754293,Reservoir,,
Tunisia,Q948,http://www.wikidata.org/entity/Q42755626,Q42755626,Reservoir,,
Tunisia,Q948,http://www.wikidata.org/entity/Q42758774,Q42758774,Reservoir,,
Tunisia,Q948,http://www.wikidata.org/entity/Q42760076,Q42760076,Reservoir,,
Tunisia,Q948,http://www.wikidata.org/entity/Q42760802,Q42760802,Reservoir,,
Tunisia,Q948,http://www.wikidata.org/entity/Q42760820,Q42760820,Reservoir,,
Tunisia,Q948,http://www.wikidata.org/entity/Q42760957,Q42760957,Reservoir,,
Tunisia,Q948,http://www.wikidata.org/entity/Q42761001,Q42761001,Reservoir,,
Tunisia,Q948,http://www.wikidata.org/entity/Q42761265,Q42761265,Reservoir,,
Tunisia,Q948,http://www.wikidata.org/entity/Q42761418,Q42761418,Reservoir,,
Tunisia,Q948,http://www.wikidata.org/entity/Q42761581,Q42761581,Reservoir,,
Tunisia,Q948,http://www.wikidata.org/entity/Q42761737,Q42761737,Reservoir,,
Tunisia,Q948,http://www.wikidata.org/entity/Q42761847,Q42761847,Reservoir,,
Tunisia,Q948,http://www.wikidata.org/entity/Q42762964,Q42762964,Reservoir,,
Tunisia,Q948,http://www.wikidata.org/entity/Q42764003,Q42764003,Reservoir,,
Tunisia,Q948,http://www.wikidata.org/entity/Q42764246,Q42764246,Reservoir,,
Tunisia,Q948,http://www.wikidata.org/entity/Q42765208,Q42765208,Reservoir,,
Tunisia,Q948,http://www.wikidata.org/entity/Q60573997,Q60573997,Reservoir,,
Tunisia,Q948,http://www.wikidata.org/entity/Q60574219,Q60574219,Reservoir,,
Tunisia,Q948,http://www.wikidata.org/entity/Q8346471,Cisterns of Dougga,Reservoir,,
Tunisia,Q948,http://www.wikidata.org/entity/Q42600655,Cisterns of Oudna,Reservoir,,
Tunisia,Q948,http://www.wikidata.org/entity/Q42603201,Cisterns of Thuburbo Majus,Reservoir,,
Tunisia,Q948,http://www.wikidata.org/entity/Q67622037,Bekalta baptistry,Reservoir,,
Tunisia,Q948,http://www.wikidata.org/entity/Q2883687,Kelibia baptistry,Reservoir,,
Iraq,Q796,http://www.wikidata.org/entity/Q22686359,Q22686359,Reservoir,,
Iraq,Q796,http://www.wikidata.org/entity/Q55390229,Q55390229,Reservoir,,
Iraq,Q796,http://www.wikidata.org/entity/Q55390256,Q55390256,Reservoir,,
Iraq,Q796,http://www.wikidata.org/entity/Q55390261,Q55390261,Reservoir,,
Iraq,Q796,http://www.wikidata.org/entity/Q55390270,Q55390270,Reservoir,,
Iraq,Q796,http://www.wikidata.org/entity/Q55390268,Q55390268,Reservoir,,
Iraq,Q796,http://www.wikidata.org/entity/Q55390273,Q55390273,Reservoir,,
Iraq,Q796,http://www.wikidata.org/entity/Q55390276,Q55390276,Reservoir,,
Iraq,Q796,http://www.wikidata.org/entity/Q55390280,Q55390280,Reservoir,,
Iraq,Q796,http://www.wikidata.org/entity/Q55390314,Q55390314,Reservoir,,
Iraq,Q796,http://www.wikidata.org/entity/Q55390319,Q55390319,Reservoir,,
Iraq,Q796,http://www.wikidata.org/entity/Q55390317,Q55390317,Reservoir,,
Iraq,Q796,http://www.wikidata.org/entity/Q55390322,Q55390322,Reservoir,,
Iraq,Q796,http://www.wikidata.org/entity/Q55390327,Q55390327,Reservoir,,
Iraq,Q796,http://www.wikidata.org/entity/Q55390324,Q55390324,Reservoir,,
Iraq,Q796,http://www.wikidata.org/entity/Q55390331,Q55390331,Reservoir,,
Iraq,Q796,http://www.wikidata.org/entity/Q55390337,Q55390337,Reservoir,,
Iraq,Q796,http://www.wikidata.org/entity/Q55390341,Q55390341,Reservoir,,
Iraq,Q796,http://www.wikidata.org/entity/Q55390348,Q55390348,Reservoir,,
Iraq,Q796,http://www.wikidata.org/entity/Q55390352,Q55390352,Reservoir,,
Iraq,Q796,http://www.wikidata.org/entity/Q55390358,Q55390358,Reservoir,,
Iraq,Q796,http://www.wikidata.org/entity/Q55390356,Q55390356,Reservoir,,
Iraq,Q796,http://www.wikidata.org/entity/Q55390363,Q55390363,Reservoir,,
Iraq,Q796,http://www.wikidata.org/entity/Q55390371,Q55390371,Reservoir,,
Iraq,Q796,http://www.wikidata.org/entity/Q55390379,Q55390379,Reservoir,,
Iraq,Q796,http://www.wikidata.org/entity/Q55390377,Q55390377,Reservoir,,
Iraq,Q796,http://www.wikidata.org/entity/Q55390382,Q55390382,Reservoir,,
Iraq,Q796,http://www.wikidata.org/entity/Q55390384,Q55390384,Reservoir,,
Iraq,Q796,http://www.wikidata.org/entity/Q55390391,Q55390391,Reservoir,,
Iraq,Q796,http://www.wikidata.org/entity/Q55390388,Q55390388,Reservoir,,
Iraq,Q796,http://www.wikidata.org/entity/Q55390395,Q55390395,Reservoir,,
Iraq,Q796,http://www.wikidata.org/entity/Q55390401,Q55390401,Reservoir,,
Iraq,Q796,http://www.wikidata.org/entity/Q55390406,Q55390406,Reservoir,,
Iraq,Q796,http://www.wikidata.org/entity/Q55390411,Q55390411,Reservoir,,
Iraq,Q796,http://www.wikidata.org/entity/Q55390420,Q55390420,Reservoir,,
Iraq,Q796,http://www.wikidata.org/entity/Q55390444,Q55390444,Reservoir,,
Iraq,Q796,http://www.wikidata.org/entity/Q55390470,Q55390470,Reservoir,,
Iraq,Q796,http://www.wikidata.org/entity/Q55390477,Q55390477,Reservoir,,
Iraq,Q796,http://www.wikidata.org/entity/Q55390486,Q55390486,Reservoir,,
Iraq,Q796,http://www.wikidata.org/entity/Q55390489,Q55390489,Reservoir,,
Iraq,Q796,http://www.wikidata.org/entity/Q55390494,Q55390494,Reservoir,,
Iraq,Q796,http://www.wikidata.org/entity/Q55390500,Q55390500,Reservoir,,
Iraq,Q796,http://www.wikidata.org/entity/Q55390511,Q55390511,Reservoir,,
Iraq,Q796,http://www.wikidata.org/entity/Q55390509,Q55390509,Reservoir,,
Greece,Q41,http://www.wikidata.org/entity/Q131167081,Q131167081,Reservoir,,
Brazil,Q155,http://www.wikidata.org/entity/Q10359518,Represa Usina de Atibaia,Reservoir,,
Brazil,Q155,http://www.wikidata.org/entity/Q46343344,Q46343344,Reservoir,,
Brazil,Q155,http://www.wikidata.org/entity/Q111923726,Q111923726,Reservoir,,
Brazil,Q155,http://www.wikidata.org/entity/Q118444717,Q118444717,Reservoir,,
Portugal,Q45,http://www.wikidata.org/entity/Q123263286,Q123263286,Reservoir,,
Portugal,Q45,http://www.wikidata.org/entity/Q123263285,Q123263285,Reservoir,,
Portugal,Q45,http://www.wikidata.org/entity/Q123263288,Q123263288,Reservoir,,
Portugal,Q45,http://www.wikidata.org/entity/Q123653556,Q123653556,Reservoir,,
Israel,Q801,http://www.wikidata.org/entity/Q6547114,Q6547114,Reservoir,,
Israel,Q801,http://www.wikidata.org/entity/Q6569788,Q6569788,Reservoir,,
Israel,Q801,http://www.wikidata.org/entity/Q6584561,Q6584561,Reservoir,,
Israel,Q801,http://www.wikidata.org/entity/Q16938706,Yarkon-Taninim Aquifer,Reservoir,,
Israel,Q801,http://www.wikidata.org/entity/Q61126501,Water reservoirs in Golan Heights,Reservoir,,
Israel,Q801,http://www.wikidata.org/entity/Q108600330,Lake Qaraoun,Reservoir,,
Israel,Q801,http://www.wikidata.org/entity/Q108600404,Dolev Reservoir,Reservoir,,
Israel,Q801,http://www.wikidata.org/entity/Q108662323,Bental Reservoir,Reservoir,,
Norway,Q20,http://www.wikidata.org/entity/Q134562443,Q134562443,Reservoir,,
Norway,Q20,http://www.wikidata.org/entity/Q100147501,Q100147501,Reservoir,,
Norway,Q20,http://www.wikidata.org/entity/Q100152630,Q100152630,Reservoir,,
Norway,Q20,http://www.wikidata.org/entity/Q100152629,Q100152629,Reservoir,,
Norway,Q20,http://www.wikidata.org/entity/Q100156203,Q100156203,Reservoir,,
Norway,Q20,http://www.wikidata.org/entity/Q11966311,Q11966311,Reservoir,,
Norway,Q20,http://www.wikidata.org/entity/Q16746640,Q16746640,Reservoir,,
Ireland,Q27,http://www.wikidata.org/entity/Q131543051,Mullennakill font,Reservoir,,
Ireland,Q27,http://www.wikidata.org/entity/Q131543327,Kilbixy baptismal font,Reservoir,,
Ireland,Q27,http://www.wikidata.org/entity/Q131543339,Clonmel font,Reservoir,,
Ireland,Q27,http://www.wikidata.org/entity/Q131543366,Tallaght baptismal font,Reservoir,,
Ireland,Q27,http://www.wikidata.org/entity/Q131543386,Aghaboe baptismal font,Reservoir,,
Ireland,Q27,http://www.wikidata.org/entity/Q131543405,Seskinan Church font,Reservoir,,
Ireland,Q27,http://www.wikidata.org/entity/Q131543473,Kilkea baptismal font,Reservoir,,
Ireland,Q27,http://www.wikidata.org/entity/Q130239177,Thomastown baptismal font fragment,Reservoir,,
Ireland,Q27,http://www.wikidata.org/entity/Q130304310,St. Canice's Cathedral font base,Reservoir,,
Ireland,Q27,http://www.wikidata.org/entity/Q131542970,Q131542970,Reservoir,,
Ireland,Q27,http://www.wikidata.org/entity/Q1122332,"Baptismal font in church of St. Finian, Clonard",Reservoir,,
Hungary,Q28,http://www.wikidata.org/entity/Q112873836,Pátka reservoir,Reservoir,,
Serbia,Q403,http://www.wikidata.org/entity/Q116186138,Lake Selište,Reservoir,,
Ethiopia,Q115,http://www.wikidata.org/entity/Q69817188,Era,Reservoir,,
North Macedonia,Q221,http://www.wikidata.org/entity/Q12907923,Q12907923,Reservoir,,
Poland,Q36,http://www.wikidata.org/entity/Q29120218,Baptismal font by Jodocus Tauchen (National Museum in Warsaw),Reservoir,,
Armenia,Q399,http://www.wikidata.org/entity/Q16368260,Q16368260,Reservoir,,
Armenia,Q399,http://www.wikidata.org/entity/Q43091909,Q43091909,Reservoir,,
Armenia,Q399,http://www.wikidata.org/entity/Q89599731,Q89599731,Reservoir,,
Armenia,Q399,http://www.wikidata.org/entity/Q89603595,Q89603595,Reservoir,,
Armenia,Q399,http://www.wikidata.org/entity/Q89603778,Q89603778,Reservoir,,
Armenia,Q399,http://www.wikidata.org/entity/Q89603777,Q89603777,Reservoir,,
Armenia,Q399,http://www.wikidata.org/entity/Q89603922,Q89603922,Reservoir,,
Uzbekistan,Q265,http://www.wikidata.org/entity/Q25513392,Q25513392,Reservoir,,
Uzbekistan,Q265,http://www.wikidata.org/entity/Q25528104,Q25528104,Reservoir,,
Uzbekistan,Q265,http://www.wikidata.org/entity/Q25528630,Q25528630,Reservoir,,
Cyprus,Q229,http://www.wikidata.org/entity/Q68086575,Cistern of Salamis,Reservoir,,
Finland,Q33,http://www.wikidata.org/entity/Q56400911,Kemihaara reservoir,Reservoir,,
Finland,Q33,http://www.wikidata.org/entity/Q56703225,Old mill and silos in Mikkeli,Reservoir,,
Mexico,Q96,http://www.wikidata.org/entity/Q69111757,Q69111757,Reservoir,,
Mexico,Q96,http://www.wikidata.org/entity/Q69699005,Q69699005,Reservoir,,
Mexico,Q96,http://www.wikidata.org/entity/Q70764811,Q70764811,Reservoir,,
Mexico,Q96,http://www.wikidata.org/entity/Q126899349,Q126899349,Reservoir,,
Azerbaijan,Q227,http://www.wikidata.org/entity/Q16384408,Gahab Reservoir,Reservoir,,
Azerbaijan,Q227,http://www.wikidata.org/entity/Q16394347,Nakhchivan Reservoir,Reservoir,,
Vietnam,Q881,http://www.wikidata.org/entity/Q10772061,Q10772061,Reservoir,,
Vietnam,Q881,http://www.wikidata.org/entity/Q10771966,Hoa Binh Reservoir,Reservoir,,
Netherlands,Q55,http://www.wikidata.org/entity/Q66022756,Q66022756,Reservoir,,
Kyrgyzstan,Q813,http://www.wikidata.org/entity/Q13169329,Q13169329,Reservoir,,
Kyrgyzstan,Q813,http://www.wikidata.org/entity/Q13172961,Q13172961,Reservoir,,
Kyrgyzstan,Q813,http://www.wikidata.org/entity/Q13173030,Q13173030,Reservoir,,
Kyrgyzstan,Q813,http://www.wikidata.org/entity/Q13174397,Q13174397,Reservoir,,
Belgium,Q31,http://www.wikidata.org/entity/Q3076414,Fonts baptismaux de Theux,Reservoir,,
Belgium,Q31,http://www.wikidata.org/entity/Q3335988,chalk layer,Reservoir,,
Belgium,Q31,http://www.wikidata.org/entity/Q112729728,Spaarbekken van Nieuwpoort,Reservoir,,
Yemen,Q805,http://www.wikidata.org/entity/Q110155432,Ahmed Sweid sabil,Reservoir,,
Yemen,Q805,http://www.wikidata.org/entity/Q110155433,Al-abhar sabil,Reservoir,,
Yemen,Q805,http://www.wikidata.org/entity/Q110155446,Abdullah Lotf Zayed sabil,Reservoir,,
Yemen,Q805,http://www.wikidata.org/entity/Q110155436,Al-Taqwa Mosque sabil,Reservoir,,
Yemen,Q805,http://www.wikidata.org/entity/Q110155437,Al-harqan sabil,Reservoir,,
Yemen,Q805,http://www.wikidata.org/entity/Q110155440,Al-Tabari street sabil,Reservoir,,
Yemen,Q805,http://www.wikidata.org/entity/Q110155447,Al-Basha sabil,Reservoir,,
Yemen,Q805,http://www.wikidata.org/entity/Q110155445,Ahmed Al-Faqih sabil,Reservoir,,
Yemen,Q805,http://www.wikidata.org/entity/Q110155450,Al-khatari sabil,Reservoir,,
Yemen,Q805,http://www.wikidata.org/entity/Q110155451,Al-nadara sabil,Reservoir,,
Yemen,Q805,http://www.wikidata.org/entity/Q110155448,Al-maftoun sabil,Reservoir,,
Yemen,Q805,http://www.wikidata.org/entity/Q110155435,Bab al-Yaman sabil,Reservoir,,
Yemen,Q805,http://www.wikidata.org/entity/Q110155459,Al-Qazali Neighborhood Sabil,Reservoir,,
Yemen,Q805,http://www.wikidata.org/entity/Q110155462,Al-moutawakil ala allah sabil,Reservoir,,
Yemen,Q805,http://www.wikidata.org/entity/Q110155466,Ahmed Al-Suraihi sabil,Reservoir,,
Yemen,Q805,http://www.wikidata.org/entity/Q110155467,Al-jabbana sabil,Reservoir,,
Yemen,Q805,http://www.wikidata.org/entity/Q110155464,Al Qasimi sabil,Reservoir,,
Yemen,Q805,http://www.wikidata.org/entity/Q110155456,Amro sabil,Reservoir,,
Yemen,Q805,http://www.wikidata.org/entity/Q110155470,al -alami sabil,Reservoir,,
Yemen,Q805,http://www.wikidata.org/entity/Q110155465,Al-waqf sabil,Reservoir,,
Yemen,Q805,http://www.wikidata.org/entity/Q110155449,Bayt althawr sabil,Reservoir,,
Yemen,Q805,http://www.wikidata.org/entity/Q110155458,Bayt Al-Matari sabil,Reservoir,,
Yemen,Q805,http://www.wikidata.org/entity/Q110155460,Bayt dalal sabil,Reservoir,,
Yemen,Q805,http://www.wikidata.org/entity/Q110155468,bin Al hussein sabil,Reservoir,,
Yemen,Q805,http://www.wikidata.org/entity/Q110155442,Cow market sabil,Reservoir,,
Yemen,Q805,http://www.wikidata.org/entity/Q110155443,dome of the Mahdi sabil,Reservoir,,
Yemen,Q805,http://www.wikidata.org/entity/Q110155454,Daghibas sabil,Reservoir,,
Yemen,Q805,http://www.wikidata.org/entity/Q110155441,Muhammad Ali Al-Khudari sabil,Reservoir,,
Yemen,Q805,http://www.wikidata.org/entity/Q110155431,sultani sabil,Reservoir,,
Yemen,Q805,http://www.wikidata.org/entity/Q110155439,Talha sabil,Reservoir,,
Yemen,Q805,http://www.wikidata.org/entity/Q110155455,Souk alhalqa sabil,Reservoir,,
Yemen,Q805,http://www.wikidata.org/entity/Q110155452,Souk Al qurashi sabil,Reservoir,,
Yemen,Q805,http://www.wikidata.org/entity/Q110155453,Souk alkhatm sabil,Reservoir,,
Yemen,Q805,http://www.wikidata.org/entity/Q110155463,Talha Mosque sabil,Reservoir,,
Yemen,Q805,http://www.wikidata.org/entity/Q110155461,Tawos Mosque sabil,Reservoir,,
Yemen,Q805,http://www.wikidata.org/entity/Q110155469,zomor sabil,Reservoir,,
Bosnia and Herzegovina,Q225,http://www.wikidata.org/entity/Q10950762,Mostarsko Lake,Reservoir,,
Denmark,Q35,http://www.wikidata.org/entity/Q17518606,Q17518606,Reservoir,,
Denmark,Q35,http://www.wikidata.org/entity/Q12300141,Aa Kirke baptismal font,Reservoir,,
Morocco,Q1028,http://www.wikidata.org/entity/Q123203540,Barrage Sahla,Reservoir,,
Morocco,Q1028,http://www.wikidata.org/entity/Q124053484,Fontaine Chrabliyine,Reservoir,,
Morocco,Q1028,http://www.wikidata.org/entity/Q124053513,Fontaine Bab Guissa,Reservoir,,
Iceland,Q189,http://www.wikidata.org/entity/Q16419264,Q16419264,Reservoir,,
Iceland,Q189,http://www.wikidata.org/entity/Q131689131,Q131689131,Reservoir,,
Iceland,Q189,http://www.wikidata.org/entity/Q131689195,Q131689195,Reservoir,,
Iceland,Q189,http://www.wikidata.org/entity/Q131689304,Q131689304,Reservoir,,
Argentina,Q414,http://www.wikidata.org/entity/Q5657193,Q5657193,Reservoir,,
Argentina,Q414,http://www.wikidata.org/entity/Q114052160,Q114052160,Reservoir,,
State of Palestine,Q219060,http://www.wikidata.org/entity/Q6584561,Q6584561,Reservoir,,
State of Palestine,Q219060,http://www.wikidata.org/entity/Q131359462,Al-Kas,Reservoir,,
State of Palestine,Q219060,http://www.wikidata.org/entity/Q131266797,Q131266797,Reservoir,,
Croatia,Q224,http://www.wikidata.org/entity/Q2396877,baptismal font of Prince Višeslav,Reservoir,,
Croatia,Q224,http://www.wikidata.org/entity/Q114851364,Q114851364,Reservoir,,
Philippines,Q928,http://www.wikidata.org/entity/Q25052130,El Deposito,Reservoir,,
Turkmenistan,Q874,http://www.wikidata.org/entity/Q130488968,Q130488968,Reservoir,,
Syria,Q858,http://www.wikidata.org/entity/Q12196108,Q12196108,Reservoir,,
Syria,Q858,http://www.wikidata.org/entity/Q68085953,Pool of the Pilgrimage,Reservoir,,
Libya,Q1016,http://www.wikidata.org/entity/Q104671479,"Cistern, House of Hesychios",Reservoir,,
Singapore,Q334,http://www.wikidata.org/entity/Q10988675,Jalan Eunos Service Reservoir,Reservoir,,
Singapore,Q334,http://www.wikidata.org/entity/Q6353560,Kallang Service Reservoir,Reservoir,,
Singapore,Q334,http://www.wikidata.org/entity/Q6938800,Murnane Service Reservoir,Reservoir,,
Singapore,Q334,http://www.wikidata.org/entity/Q7424084,Sarimbun reservoir,Reservoir,,
Sudan,Q1049,http://www.wikidata.org/entity/Q126708855,Golo reservoir,Reservoir,,
Bangladesh,Q902,http://www.wikidata.org/entity/Q133872721,Q133872721,Reservoir,,
Bolivia,Q750,http://www.wikidata.org/entity/Q112061566,Purapurani Aquifer,Reservoir,,
Peru,Q419,http://www.wikidata.org/entity/Q127427656,Huarmey aquifer,Reservoir,,
Peru,Q419,http://www.wikidata.org/entity/Q124415319,Q124415319,Reservoir,,
Peru,Q419,http://www.wikidata.org/entity/Q127427658,Q127427658,Reservoir,,
Panama,Q804,http://www.wikidata.org/entity/Q97206345,Q97206345,Reservoir,,
Isle of Man,Q9676,http://www.wikidata.org/entity/Q17047972,Ballure Reservoir,Reservoir,,
Kenya,Q114,http://www.wikidata.org/entity/Q14943738,Lotikipi Basin Aquifer,Reservoir,,
Kenya,Q114,http://www.wikidata.org/entity/Q100955504,Turkwel reservoir,Reservoir,,
Kingdom of Denmark,Q756617,http://www.wikidata.org/entity/Q124515136,The royal baptismal font,Reservoir,,
Ancient Rome,Q1747689,http://www.wikidata.org/entity/Q126720157,Lacus Fundani,Reservoir,,
Ancient Rome,Q1747689,http://www.wikidata.org/entity/Q7198250,Piscina Publica,Reservoir,,
Luxembourg,Q32,http://www.wikidata.org/entity/Q13105105,Q13105105,Reservoir,,
China,Q29520,http://www.wikidata.org/entity/Q126614481,Q126614481,Reservoir,,
China,Q29520,http://www.wikidata.org/entity/Q129175256,Q129175256,Reservoir,,
Southern Netherlands,Q6581823,http://www.wikidata.org/entity/Q3410627,hanging laver,Reservoir,,
West Germany,Q713750,http://www.wikidata.org/entity/Q109078883,Regenreinigungsbecken Flugfeld,Reservoir,,
