country_name,country_qid,entity,label,type,latitude,longitude
Australia,Q408,http://www.wikidata.org/entity/Q29020173,Belmont,Electrical substation,,
Australia,Q408,http://www.wikidata.org/entity/Q29020142,Redbank Plains,Electrical substation,,
Australia,Q408,http://www.wikidata.org/entity/Q29020243,Sommersby,Electrical substation,,
Australia,Q408,http://www.wikidata.org/entity/Q29020175,Mudgeeraba,Electrical substation,,
Australia,Q408,http://www.wikidata.org/entity/Q29020232,Singleton,Electrical substation,,
Australia,Q408,http://www.wikidata.org/entity/Q29020184,Tenterfield,Electrical substation,,
Australia,Q408,http://www.wikidata.org/entity/Q29020203,Ballina,Electrical substation,,
Australia,Q408,http://www.wikidata.org/entity/Q29020242,Gosford,Electrical substation,,
Australia,Q408,http://www.wikidata.org/entity/Q29020227,Tomago,Electrical substation,,
Australia,Q408,http://www.wikidata.org/entity/Q29020241,Tuggerah,Electrical substation,,
Australia,Q408,http://www.wikidata.org/entity/Q29020206,Lennox Head,Electrical substation,,
Australia,Q408,http://www.wikidata.org/entity/Q29020143,Goodna,Electrical substation,,
Australia,Q408,http://www.wikidata.org/entity/Q29020149,Wulkuraka,Electrical substation,,
Australia,Q408,http://www.wikidata.org/entity/Q29020156,Molendinar,Electrical substation,,
Australia,Q408,http://www.wikidata.org/entity/Q29020190,Inverell,Electrical substation,,
Australia,Q408,http://www.wikidata.org/entity/Q29020229,Hawks Nest,Electrical substation,,
Australia,Q408,http://www.wikidata.org/entity/Q29020185,Casino,Electrical substation,,
Australia,Q408,http://www.wikidata.org/entity/Q29020198,Coffs Harbour,Electrical substation,,
Australia,Q408,http://www.wikidata.org/entity/Q29020153,Beenleigh,Electrical substation,,
Australia,Q408,http://www.wikidata.org/entity/Q29020210,Kempsey,Electrical substation,,
Australia,Q408,http://www.wikidata.org/entity/Q29020177,Bungalora,Electrical substation,,
Australia,Q408,http://www.wikidata.org/entity/Q29020234,Lake Munmorah,Electrical substation,,
Australia,Q408,http://www.wikidata.org/entity/Q29020212,Brandy Hill,Electrical substation,,
Australia,Q408,http://www.wikidata.org/entity/Q29020207,Suffolk Park,Electrical substation,,
Australia,Q408,http://www.wikidata.org/entity/Q29020152,Raceview,Electrical substation,,
Australia,Q408,http://www.wikidata.org/entity/Q29020238,West Gosford,Electrical substation,,
Australia,Q408,http://www.wikidata.org/entity/Q29020165,Yatala,Electrical substation,,
Australia,Q408,http://www.wikidata.org/entity/Q29020164,Coomera,Electrical substation,,
Australia,Q408,http://www.wikidata.org/entity/Q29020182,Lismore,Electrical substation,,
Australia,Q408,http://www.wikidata.org/entity/Q29020199,Koolkhan,Electrical substation,,
Australia,Q408,http://www.wikidata.org/entity/Q29020162,Robina,Electrical substation,,
Australia,Q408,http://www.wikidata.org/entity/Q29020217,Mullumbimby,Electrical substation,,
Australia,Q408,http://www.wikidata.org/entity/Q29020186,Glen Innes,Electrical substation,,
Australia,Q408,http://www.wikidata.org/entity/Q29020221,Beresfield,Electrical substation,,
Australia,Q408,http://www.wikidata.org/entity/Q29020211,Taree,Electrical substation,,
Australia,Q408,http://www.wikidata.org/entity/Q29020216,Stroud,Electrical substation,,
Australia,Q408,http://www.wikidata.org/entity/Q29020191,Narrabri,Electrical substation,,
Australia,Q408,http://www.wikidata.org/entity/Q29020159,Broadbeach,Electrical substation,,
Australia,Q408,http://www.wikidata.org/entity/Q29020194,Gunnedah,Electrical substation,,
Australia,Q408,http://www.wikidata.org/entity/Q29020219,Port Macquarie,Electrical substation,,
Australia,Q408,http://www.wikidata.org/entity/Q29020157,Southport,Electrical substation,,
Australia,Q408,http://www.wikidata.org/entity/Q29020178,South Lismore,Electrical substation,,
Australia,Q408,http://www.wikidata.org/entity/Q29020200,Raleigh,Electrical substation,,
Australia,Q408,http://www.wikidata.org/entity/Q29020171,Murarrie,Electrical substation,,
Australia,Q408,http://www.wikidata.org/entity/Q29020226,Liddell,Electrical substation,,
Australia,Q408,http://www.wikidata.org/entity/Q29020195,Armidale,Electrical substation,,
Australia,Q408,http://www.wikidata.org/entity/Q29020158,Surfers Paradise,Electrical substation,,
Australia,Q408,http://www.wikidata.org/entity/Q29020179,East Lismore,Electrical substation,,
Australia,Q408,http://www.wikidata.org/entity/Q29020214,Rothbury,Electrical substation,,
Australia,Q408,http://www.wikidata.org/entity/Q29020176,Terranora,Electrical substation,,
Australia,Q408,http://www.wikidata.org/entity/Q29020240,Wyong,Electrical substation,,
Australia,Q408,http://www.wikidata.org/entity/Q29020188,Moree,Electrical substation,,
Australia,Q408,http://www.wikidata.org/entity/Q29020208,Ewingsdale,Electrical substation,,
Australia,Q408,http://www.wikidata.org/entity/Q29020197,Dorrigo,Electrical substation,,
Australia,Q408,http://www.wikidata.org/entity/Q29020201,Alstonville,Electrical substation,,
Australia,Q408,http://www.wikidata.org/entity/Q29020209,Macksville,Electrical substation,,
Australia,Q408,http://www.wikidata.org/entity/Q29020237,Ourimbah,Electrical substation,,
Australia,Q408,http://www.wikidata.org/entity/Q29020160,Merrimac,Electrical substation,,
Australia,Q408,http://www.wikidata.org/entity/Q29020144,Blackstone,Electrical substation,,
Australia,Q408,http://www.wikidata.org/entity/Q29020161,Nerang,Electrical substation,,
Australia,Q408,http://www.wikidata.org/entity/Q29020205,Dunoon,Electrical substation,,
Australia,Q408,http://www.wikidata.org/entity/Q29020236,Charmhaven,Electrical substation,,
Australia,Q408,http://www.wikidata.org/entity/Q29020244,Colongra,Electrical substation,,
Australia,Q408,http://www.wikidata.org/entity/Q29020174,Cleveland,Electrical substation,,
Australia,Q408,http://www.wikidata.org/entity/Q29020230,Mitchell,Electrical substation,,
Australia,Q408,http://www.wikidata.org/entity/Q29020155,Rocky Point,Electrical substation,,
Australia,Q408,http://www.wikidata.org/entity/Q29020222,Kurri,Electrical substation,,
Australia,Q408,http://www.wikidata.org/entity/Q29020233,Redbank,Electrical substation,,
Australia,Q408,http://www.wikidata.org/entity/Q29020167,Browns Plains,Electrical substation,,
Australia,Q408,http://www.wikidata.org/entity/Q29020239,Vales Point,Electrical substation,,
Australia,Q408,http://www.wikidata.org/entity/Q29020204,Nambucca,Electrical substation,,
Australia,Q408,http://www.wikidata.org/entity/Q29020220,Heron Creek,Electrical substation,,
Australia,Q408,http://www.wikidata.org/entity/Q29020154,Stradbroke Island,Electrical substation,,
Australia,Q408,http://www.wikidata.org/entity/Q29020150,Abermain T136,Electrical substation,,
Australia,Q408,http://www.wikidata.org/entity/Q29020151,Abermain H062,Electrical substation,,
Australia,Q408,http://www.wikidata.org/entity/Q29020163,Cades County,Electrical substation,,
Australia,Q408,http://www.wikidata.org/entity/Q29020183,Casino_T,Electrical substation,,
Australia,Q408,http://www.wikidata.org/entity/Q29020192,Boggabri North,Electrical substation,,
Australia,Q408,http://www.wikidata.org/entity/Q29020193,Boggabri East,Electrical substation,,
Australia,Q408,http://www.wikidata.org/entity/Q29020202,Boambee South,Electrical substation,,
Australia,Q408,http://www.wikidata.org/entity/Q29020213,Capral,Electrical substation,,
Australia,Q408,http://www.wikidata.org/entity/Q29020170,Doboy,Electrical substation,,
Australia,Q408,http://www.wikidata.org/entity/Q29020196,Dumeresq,Electrical substation,,
Australia,Q408,http://www.wikidata.org/entity/Q29020180,Lismore S/S,Electrical substation,,
Australia,Q408,http://www.wikidata.org/entity/Q29020181,Lismore 132,Electrical substation,,
Australia,Q408,http://www.wikidata.org/entity/Q29020166,North Springwood,Electrical substation,,
Australia,Q408,http://www.wikidata.org/entity/Q29020189,Moree SF,Electrical substation,,
Australia,Q408,http://www.wikidata.org/entity/Q29020215,Kurri Zone Sub,Electrical substation,,
Australia,Q408,http://www.wikidata.org/entity/Q29020146,Swanbank East,Electrical substation,,
Australia,Q408,http://www.wikidata.org/entity/Q29020148,Swanbank East Power Station,Electrical substation,,
Australia,Q408,http://www.wikidata.org/entity/Q29020187,Rapville,Electrical substation,,
Australia,Q408,http://www.wikidata.org/entity/Q29020169,SSLBS,Electrical substation,,
Australia,Q408,http://www.wikidata.org/entity/Q29020172,SSBBS,Electrical substation,,
Australia,Q408,http://www.wikidata.org/entity/Q29020225,Muswell Brook 330,Electrical substation,,
Australia,Q408,http://www.wikidata.org/entity/Q29020231,Muswell Brook 132,Electrical substation,,
Australia,Q408,http://www.wikidata.org/entity/Q29020235,Munmorah,Electrical substation,,
Australia,Q408,http://www.wikidata.org/entity/Q29020228,Tomago 132,Electrical substation,,
Australia,Q408,http://www.wikidata.org/entity/Q29020141,Bundamba substation,Electrical substation,-27.594166666,152.818055555
Australia,Q408,http://www.wikidata.org/entity/Q29020223,Tamworth,Electrical substation,-31.131666666,150.924722222
Australia,Q408,http://www.wikidata.org/entity/Q29020168,Loganlea,Electrical substation,-27.664444444,153.131111111
Australia,Q408,http://www.wikidata.org/entity/Q29020034,Calvale,Electrical substation,-24.342552,150.6271554
Australia,Q408,http://www.wikidata.org/entity/Q29020042,Moura,Electrical substation,-24.5140298,150.0655577
Australia,Q408,http://www.wikidata.org/entity/Q29020059,Nudgee,Electrical substation,-27.39,153.083055555
Australia,Q408,http://www.wikidata.org/entity/Q29020057,Bald Hills substation,Electrical substation,-27.333611111,153.018888888
Australia,Q408,http://www.wikidata.org/entity/Q29020112,Runcorn,Electrical substation,,
Australia,Q408,http://www.wikidata.org/entity/Q29020122,Postmans Ridge,Electrical substation,,
Australia,Q408,http://www.wikidata.org/entity/Q29020060,Brendale,Electrical substation,,
Australia,Q408,http://www.wikidata.org/entity/Q29020138,Victoria Park,Electrical substation,,
Australia,Q408,http://www.wikidata.org/entity/Q29020084,Chinchilla,Electrical substation,,
Australia,Q408,http://www.wikidata.org/entity/Q29020128,Stanthorpe,Electrical substation,,
Australia,Q408,http://www.wikidata.org/entity/Q29020061,Griffin,Electrical substation,,
Australia,Q408,http://www.wikidata.org/entity/Q29020050,Tarong,Electrical substation,,
Australia,Q408,http://www.wikidata.org/entity/Q29020067,Roma,Electrical substation,,
Australia,Q408,http://www.wikidata.org/entity/Q29020099,Ruby,Electrical substation,,
Australia,Q408,http://www.wikidata.org/entity/Q29020101,Millmerran,Electrical substation,,
Australia,Q408,http://www.wikidata.org/entity/Q29020125,Yarranlea,Electrical substation,,
Australia,Q408,http://www.wikidata.org/entity/Q29020064,Upper Kedron,Electrical substation,,
Australia,Q408,http://www.wikidata.org/entity/Q29020121,Middle Ridge,Electrical substation,,
Australia,Q408,http://www.wikidata.org/entity/Q29020119,South Toowoomba,Electrical substation,,
Australia,Q408,http://www.wikidata.org/entity/Q29020131,Kelvin Grove,Electrical substation,,
Australia,Q408,http://www.wikidata.org/entity/Q29020115,Oakey,Electrical substation,,
Australia,Q408,http://www.wikidata.org/entity/Q29020076,Bellevue,Electrical substation,,
Australia,Q408,http://www.wikidata.org/entity/Q29020107,Corinda,Electrical substation,,
Australia,Q408,http://www.wikidata.org/entity/Q29020043,Cooroy,Electrical substation,,
Australia,Q408,http://www.wikidata.org/entity/Q29020113,Algester,Electrical substation,,
Australia,Q408,http://www.wikidata.org/entity/Q29020044,Nambour,Electrical substation,,
Australia,Q408,http://www.wikidata.org/entity/Q29020117,Dalby,Electrical substation,,
Australia,Q408,http://www.wikidata.org/entity/Q29020055,Caboolture,Electrical substation,,
Australia,Q408,http://www.wikidata.org/entity/Q29020100,Bulli Creek,Electrical substation,,
Australia,Q408,http://www.wikidata.org/entity/Q29020092,Orana,Electrical substation,,
Australia,Q408,http://www.wikidata.org/entity/Q29020037,Woolooga,Electrical substation,,
Australia,Q408,http://www.wikidata.org/entity/Q29020109,Sumner,Electrical substation,,
Australia,Q408,http://www.wikidata.org/entity/Q29020097,Braemar,Electrical substation,,
Australia,Q408,http://www.wikidata.org/entity/Q29020086,Blythdale,Electrical substation,,
Australia,Q408,http://www.wikidata.org/entity/Q29020088,Eurombah,Electrical substation,,
Australia,Q408,http://www.wikidata.org/entity/Q29020065,Greenbank,Electrical substation,,
Australia,Q408,http://www.wikidata.org/entity/Q29020090,Yuleba North,Electrical substation,,
Australia,Q408,http://www.wikidata.org/entity/Q29020032,Aramara,Electrical substation,,
Australia,Q408,http://www.wikidata.org/entity/Q29020046,Beerwah,Electrical substation,,
Australia,Q408,http://www.wikidata.org/entity/Q29020033,Mungar,Electrical substation,,
Australia,Q408,http://www.wikidata.org/entity/Q29020126,Lockrose,Electrical substation,,
Australia,Q408,http://www.wikidata.org/entity/Q29020120,Kearneys Spring,Electrical substation,,
Australia,Q408,http://www.wikidata.org/entity/Q29020063,Stafford,Electrical substation,,
Australia,Q408,http://www.wikidata.org/entity/Q29020127,Warwick,Electrical substation,,
Australia,Q408,http://www.wikidata.org/entity/Q29020132,Milton,Electrical substation,,
Australia,Q408,http://www.wikidata.org/entity/Q29020051,Halys,Electrical substation,,
Australia,Q408,http://www.wikidata.org/entity/Q29020108,Tennyson,Electrical substation,,
Australia,Q408,http://www.wikidata.org/entity/Q29020070,Western Downs,Electrical substation,,
Australia,Q408,http://www.wikidata.org/entity/Q29020129,West End,Electrical substation,,
Australia,Q408,http://www.wikidata.org/entity/Q29020045,Palmwoods,Electrical substation,-26.7069349,152.9370717
Australia,Q408,http://www.wikidata.org/entity/Q29020054,Blackwall substation,Electrical substation,-27.541388888,152.785833333
Australia,Q408,http://www.wikidata.org/entity/Q29020140,Wellington Road,Electrical substation,,
Australia,Q408,http://www.wikidata.org/entity/Q29020066,Roma Power Station,Electrical substation,,
Australia,Q408,http://www.wikidata.org/entity/Q29020124,Torrington,Electrical substation,,
Australia,Q408,http://www.wikidata.org/entity/Q29020085,Fairview West,Electrical substation,,
Australia,Q408,http://www.wikidata.org/entity/Q29020139,Ann Street,Electrical substation,,
Australia,Q408,http://www.wikidata.org/entity/Q29020111,Richlands,Electrical substation,,
Australia,Q408,http://www.wikidata.org/entity/Q29020106,Rocklea,Electrical substation,,
Australia,Q408,http://www.wikidata.org/entity/Q29020038,Gin Gin,Electrical substation,,
Australia,Q408,http://www.wikidata.org/entity/Q29020036,Teebar Creek,Electrical substation,,
Australia,Q408,http://www.wikidata.org/entity/Q29020083,Clifford Creek,Electrical substation,,
Australia,Q408,http://www.wikidata.org/entity/Q29020039,Callide B Power Station,Electrical substation,,
Australia,Q408,http://www.wikidata.org/entity/Q29020040,Callide C Power Station,Electrical substation,,
Australia,Q408,http://www.wikidata.org/entity/Q29020093,APLNG Orana,Electrical substation,,
Australia,Q408,http://www.wikidata.org/entity/Q29020094,Braemar 2 Power Station,Electrical substation,,
Australia,Q408,http://www.wikidata.org/entity/Q29020095,Braemar Power Station,Electrical substation,,
Australia,Q408,http://www.wikidata.org/entity/Q29020130,Ashgrove West,Electrical substation,,
Australia,Q408,http://www.wikidata.org/entity/Q29020068,Columboola T194,Electrical substation,,
Australia,Q408,http://www.wikidata.org/entity/Q29020069,Columboola H77,Electrical substation,,
Australia,Q408,http://www.wikidata.org/entity/Q29020075,Condamine Power Station,Electrical substation,,
Australia,Q408,http://www.wikidata.org/entity/Q29020079,Condabri Central,Electrical substation,,
Australia,Q408,http://www.wikidata.org/entity/Q29020077,Condabri North,Electrical substation,,
Australia,Q408,http://www.wikidata.org/entity/Q29020080,Condabri South,Electrical substation,,
Australia,Q408,http://www.wikidata.org/entity/Q29020082,Dinoun South,Electrical substation,,
Australia,Q408,http://www.wikidata.org/entity/Q29020056,Hays Inlet,Electrical substation,,
Australia,Q408,http://www.wikidata.org/entity/Q29020096,Darling Downs Power Station,Electrical substation,,
Australia,Q408,http://www.wikidata.org/entity/Q29020087,Fairview South,Electrical substation,,
Australia,Q408,http://www.wikidata.org/entity/Q29020116,Daadine,Electrical substation,,
Australia,Q408,http://www.wikidata.org/entity/Q29020052,Mt England,Electrical substation,,
Australia,Q408,http://www.wikidata.org/entity/Q29020081,Kogan Creek Power Station,Electrical substation,,
Australia,Q408,http://www.wikidata.org/entity/Q29020123,Gatton Bulk Supply,Electrical substation,,
Australia,Q408,http://www.wikidata.org/entity/Q29020098,Kumbarilla Park,Electrical substation,,
Australia,Q408,http://www.wikidata.org/entity/Q29020105,Millmerran Power Station,Electrical substation,,
Australia,Q408,http://www.wikidata.org/entity/Q29020047,Tarong Power Station,Electrical substation,,
Australia,Q408,http://www.wikidata.org/entity/Q29020049,Tarong North Power Station,Electrical substation,,
Australia,Q408,http://www.wikidata.org/entity/Q29020114,Oakey GT Power Station,Electrical substation,,
Australia,Q408,http://www.wikidata.org/entity/Q29020053,Wivvenhoe Power Station,Electrical substation,,
Australia,Q408,http://www.wikidata.org/entity/Q29020091,Wandoan South,Electrical substation,,
Australia,Q408,http://www.wikidata.org/entity/Q29020089,Woleebee Creek,Electrical substation,,
Australia,Q408,http://www.wikidata.org/entity/Q29020118,Tangkam,Electrical substation,,
Australia,Q408,http://www.wikidata.org/entity/Q29020134,SSQRT,Electrical substation,,
Australia,Q408,http://www.wikidata.org/entity/Q29020135,SSMST,Electrical substation,,
Australia,Q408,http://www.wikidata.org/entity/Q29020110,West Darra,Electrical substation,,
Australia,Q408,http://www.wikidata.org/entity/Q29020133,SSNSD,Electrical substation,,
Australia,Q408,http://www.wikidata.org/entity/Q29020136,SSMLS,Electrical substation,,
Australia,Q408,http://www.wikidata.org/entity/Q29020137,SSCST,Electrical substation,,
Australia,Q408,http://www.wikidata.org/entity/Q29020041,Biloela,Electrical substation,-24.5015934,150.5078716
Australia,Q408,http://www.wikidata.org/entity/Q29020035,Callide A Power Station,Electrical substation,-24.3345432,150.628162
Australia,Q408,http://www.wikidata.org/entity/Q29020058,Sandgate,Electrical substation,-27.330833333,153.050277777
Australia,Q408,http://www.wikidata.org/entity/Q29020062,South Pine substation,Electrical substation,-27.323888888,152.970277777
Australia,Q408,http://www.wikidata.org/entity/Q29020256,Eraring substation,Electrical substation,-33.061666666,151.515555555
Australia,Q408,http://www.wikidata.org/entity/Q29020257,Morisset,Electrical substation,,
Australia,Q408,http://www.wikidata.org/entity/Q29020345,Liverpool,Electrical substation,,
Australia,Q408,http://www.wikidata.org/entity/Q29020324,Potts Point,Electrical substation,,
Australia,Q408,http://www.wikidata.org/entity/Q29020335,Camellia,Electrical substation,,
Australia,Q408,http://www.wikidata.org/entity/Q29020298,Doonside,Electrical substation,,
Australia,Q408,http://www.wikidata.org/entity/Q29020246,Merewether,Electrical substation,,
Australia,Q408,http://www.wikidata.org/entity/Q29020262,Macquarie Park,Electrical substation,,
Australia,Q408,http://www.wikidata.org/entity/Q29020306,Clovelly,Electrical substation,,
Australia,Q408,http://www.wikidata.org/entity/Q29020252,Argenton,Electrical substation,,
Australia,Q408,http://www.wikidata.org/entity/Q29020297,Rooty Hill,Electrical substation,,
Australia,Q408,http://www.wikidata.org/entity/Q29020308,Double Bay,Electrical substation,,
Australia,Q408,http://www.wikidata.org/entity/Q29020303,Kogarah,Electrical substation,,
Australia,Q408,http://www.wikidata.org/entity/Q29020315,Kurnell,Electrical substation,,
Australia,Q408,http://www.wikidata.org/entity/Q29020341,Denham Court,Electrical substation,,
Australia,Q408,http://www.wikidata.org/entity/Q29020292,Waverley,Electrical substation,,
Australia,Q408,http://www.wikidata.org/entity/Q29020309,Campbell,Electrical substation,,
Australia,Q408,http://www.wikidata.org/entity/Q29020346,Bayswater,Electrical substation,,
Australia,Q408,http://www.wikidata.org/entity/Q29020302,Peakhurst,Electrical substation,,
Australia,Q408,http://www.wikidata.org/entity/Q29020276,Drummoyne,Electrical substation,,
Australia,Q408,http://www.wikidata.org/entity/Q29020300,Arndell Park,Electrical substation,,
Australia,Q408,http://www.wikidata.org/entity/Q29020321,Engadine,Electrical substation,,
Australia,Q408,http://www.wikidata.org/entity/Q29020320,Port Hacking,Electrical substation,,
Australia,Q408,http://www.wikidata.org/entity/Q29020273,Baulkham Hills,Electrical substation,,
Australia,Q408,http://www.wikidata.org/entity/Q29020271,Bella Vista,Electrical substation,,
Australia,Q408,http://www.wikidata.org/entity/Q29020318,Cronulla,Electrical substation,,
Australia,Q408,http://www.wikidata.org/entity/Q29020263,Vineyard,Electrical substation,,
Australia,Q408,http://www.wikidata.org/entity/Q29020349,Warrimoo,Electrical substation,,
Australia,Q408,http://www.wikidata.org/entity/Q29020319,Kirrawee,Electrical substation,,
Australia,Q408,http://www.wikidata.org/entity/Q29020279,Marrickville,Electrical substation,,
Australia,Q408,http://www.wikidata.org/entity/Q29020274,Rozelle,Electrical substation,,
Australia,Q408,http://www.wikidata.org/entity/Q29020248,Jesmond,Electrical substation,,
Australia,Q408,http://www.wikidata.org/entity/Q29020301,Blacktown,Electrical substation,,
Australia,Q408,http://www.wikidata.org/entity/Q29020332,Bankstown,Electrical substation,,
Australia,Q408,http://www.wikidata.org/entity/Q29020288,Lane Cove,Electrical substation,,
Australia,Q408,http://www.wikidata.org/entity/Q29020266,Rouse Hill,Electrical substation,,
Australia,Q408,http://www.wikidata.org/entity/Q29020327,North Parramatta,Electrical substation,,
Australia,Q408,http://www.wikidata.org/entity/Q29020333,Sefton,Electrical substation,,
Australia,Q408,http://www.wikidata.org/entity/Q29020295,Quakers Hill,Electrical substation,,
Australia,Q408,http://www.wikidata.org/entity/Q29020247,Waratah West,Electrical substation,,
Australia,Q408,http://www.wikidata.org/entity/Q29020310,Haymarket,Electrical substation,,
Australia,Q408,http://www.wikidata.org/entity/Q29020313,Maroubra,Electrical substation,,
Australia,Q408,http://www.wikidata.org/entity/Q29020347,Warragamba,Electrical substation,,
Australia,Q408,http://www.wikidata.org/entity/Q29020291,Surry Hills,Electrical substation,,
Australia,Q408,http://www.wikidata.org/entity/Q29020267,Parklea,Electrical substation,,
Australia,Q408,http://www.wikidata.org/entity/Q29020272,Carlingford,Electrical substation,,
Australia,Q408,http://www.wikidata.org/entity/Q29020255,Rathmines,Electrical substation,,
Australia,Q408,http://www.wikidata.org/entity/Q29020331,Wetherill Park,Electrical substation,,
Australia,Q408,http://www.wikidata.org/entity/Q29020322,Menai,Electrical substation,,
Australia,Q408,http://www.wikidata.org/entity/Q29020245,Broadmeadow,Electrical substation,,
Australia,Q408,http://www.wikidata.org/entity/Q29020258,Awaba,Electrical substation,,
Australia,Q408,http://www.wikidata.org/entity/Q29020348,Regentville,Electrical substation,,
Australia,Q408,http://www.wikidata.org/entity/Q29020328,Holroyd,Electrical substation,,
Australia,Q408,http://www.wikidata.org/entity/Q29020299,Huntingwood,Electrical substation,,
Australia,Q408,http://www.wikidata.org/entity/Q29020250,Maryland,Electrical substation,,
Australia,Q408,http://www.wikidata.org/entity/Q29020337,Smithfield,Electrical substation,,
Australia,Q408,http://www.wikidata.org/entity/Q29020334,Granville,Electrical substation,,
Australia,Q408,http://www.wikidata.org/entity/Q29020286,St Peter,Electrical substation,,
Australia,Q408,http://www.wikidata.org/entity/Q29020251,Charlestown,Electrical substation,,
Australia,Q408,http://www.wikidata.org/entity/Q29020342,Nepean,Electrical substation,,
Australia,Q408,http://www.wikidata.org/entity/Q29020294,BHP,Electrical substation,,
Australia,Q408,http://www.wikidata.org/entity/Q29020312,Kingsford,Electrical substation,,
Australia,Q408,http://www.wikidata.org/entity/Q29020336,Guilford,Electrical substation,,
Australia,Q408,http://www.wikidata.org/entity/Q29020338,Sydney West,Electrical substation,,
Australia,Q408,http://www.wikidata.org/entity/Q29020311,Green Square,Electrical substation,,
Australia,Q408,http://www.wikidata.org/entity/Q29020287,Meadowbank,Electrical substation,,
Australia,Q408,http://www.wikidata.org/entity/Q29020249,Waratah,Electrical substation,,
Australia,Q408,http://www.wikidata.org/entity/Q29020293,Rose Bay,Electrical substation,,
Australia,Q408,http://www.wikidata.org/entity/Q29020281,Belmore Park,Electrical substation,,
Australia,Q408,http://www.wikidata.org/entity/Q29020317,Gwawley Bay,Electrical substation,,
Australia,Q408,http://www.wikidata.org/entity/Q29020275,Homebush Bay,Electrical substation,,
Australia,Q408,http://www.wikidata.org/entity/Q29020282,Beaconsfield North,Electrical substation,,
Australia,Q408,http://www.wikidata.org/entity/Q29020283,Beaconsfield West,Electrical substation,,
Australia,Q408,http://www.wikidata.org/entity/Q29020280,Beaconsfield South,Electrical substation,,
Australia,Q408,http://www.wikidata.org/entity/Q29020339,Abootsbury,Electrical substation,,
Australia,Q408,http://www.wikidata.org/entity/Q29020314,Bunnerong,Electrical substation,,
Australia,Q408,http://www.wikidata.org/entity/Q29020270,Cheriton Avenue,Electrical substation,,
Australia,Q408,http://www.wikidata.org/entity/Q29020290,Dalley Street,Electrical substation,,
Australia,Q408,http://www.wikidata.org/entity/Q29020264,Hawksbury,Electrical substation,,
Australia,Q408,http://www.wikidata.org/entity/Q29020329,East Parramatta,Electrical substation,,
Australia,Q408,http://www.wikidata.org/entity/Q29020304,Hurstville North,Electrical substation,,
Australia,Q408,http://www.wikidata.org/entity/Q29020323,Greenacre Park,Electrical substation,,
Australia,Q408,http://www.wikidata.org/entity/Q29020265,Mungerie Park,Electrical substation,,
Australia,Q408,http://www.wikidata.org/entity/Q29020284,New Canterbury,Electrical substation,,
Australia,Q408,http://www.wikidata.org/entity/Q29020259,Sydney East,Electrical substation,,
Australia,Q408,http://www.wikidata.org/entity/Q29020260,Sydney North,Electrical substation,,
Australia,Q408,http://www.wikidata.org/entity/Q29020269,West Castle Hill,Electrical substation,,
Australia,Q408,http://www.wikidata.org/entity/Q29020289,Top Ryde,Electrical substation,,
Australia,Q408,http://www.wikidata.org/entity/Q29020325,Rockwood Road,Electrical substation,,
Australia,Q408,http://www.wikidata.org/entity/Q29020344,South Leppington,Electrical substation,,
Australia,Q408,http://www.wikidata.org/entity/Q29020326,West Parramatta,Electrical substation,,
Australia,Q408,http://www.wikidata.org/entity/Q29020330,West Wetherill,Electrical substation,,
Australia,Q408,http://www.wikidata.org/entity/Q29020343,West Liverpool,Electrical substation,,
Australia,Q408,http://www.wikidata.org/entity/Q29020261,Kemps Creek substation,Electrical substation,-33.900555555,150.808888888
Australia,Q408,http://www.wikidata.org/entity/Q29020254,Eraring 132 substation,Electrical substation,-33.049722222,151.525
Australia,Q408,http://www.wikidata.org/entity/Q29020277,Mason Park substation,Electrical substation,-33.856388888,151.074444444
Australia,Q408,http://www.wikidata.org/entity/Q29020253,Newcastle substation,Electrical substation,-32.927777777,151.561666666
Australia,Q408,http://www.wikidata.org/entity/Q29020278,Chullora substation,Electrical substation,-33.878888888,151.065833333
Australia,Q408,http://www.wikidata.org/entity/Q29020305,Zetland,Electrical substation,-33.903055555,151.204166666
Australia,Q408,http://www.wikidata.org/entity/Q29020285,Canterbury substation,Electrical substation,-33.921666666,151.115833333
Australia,Q408,http://www.wikidata.org/entity/Q29019942,Clare South,Electrical substation,-19.8384136,147.2126543
Australia,Q408,http://www.wikidata.org/entity/Q29019991,Rolleston,Electrical substation,-24.3894919,148.4360596
Australia,Q408,http://www.wikidata.org/entity/Q29019968,Moranbah South,Electrical substation,-22.0603127,147.9920133
Australia,Q408,http://www.wikidata.org/entity/Q29019950,Wandoo,Electrical substation,-21.7759965,148.885376
Australia,Q408,http://www.wikidata.org/entity/Q29019939,Oonooie,Electrical substation,-21.4228618,149.2208715
Australia,Q408,http://www.wikidata.org/entity/Q29019959,Eagle Downs,Electrical substation,-22.1749633,148.1890619
Australia,Q408,http://www.wikidata.org/entity/Q29019975,Norwich Park,Electrical substation,-22.7056037,148.4414386
Australia,Q408,http://www.wikidata.org/entity/Q29019931,Turkinje,Electrical substation,-17.0629197,145.435167
Australia,Q408,http://www.wikidata.org/entity/Q29019916,Mt Stuart GT Power Station,Electrical substation,-19.33781,146.85098
Australia,Q408,http://www.wikidata.org/entity/Q29019928,Cairns North,Electrical substation,-16.91381,145.75029
Australia,Q408,http://www.wikidata.org/entity/Q29019937,Mackay Ports,Electrical substation,-21.3024793,149.2764338
Australia,Q408,http://www.wikidata.org/entity/Q29019923,Innisfail,Electrical substation,-17.5352,145.97323
Australia,Q408,http://www.wikidata.org/entity/Q29019955,Burton Downs,Electrical substation,-21.6917656,148.2103421
Australia,Q408,http://www.wikidata.org/entity/Q29019962,Moranbah,Electrical substation,-21.9865254,148.0248658
Australia,Q408,http://www.wikidata.org/entity/Q29019934,Chalumbin,Electrical substation,-17.80076,145.52659
Australia,Q408,http://www.wikidata.org/entity/Q29020017,Bundaberg,Electrical substation,-24.9171967,152.2997412
Australia,Q408,http://www.wikidata.org/entity/Q29020018,Clayton,Electrical substation,,
Australia,Q408,http://www.wikidata.org/entity/Q29020029,Traveston,Electrical substation,,
Australia,Q408,http://www.wikidata.org/entity/Q29019940,Louisa Creek,Electrical substation,-21.2962628,149.2691846
Australia,Q408,http://www.wikidata.org/entity/Q29019982,Gregory,Electrical substation,-23.13795,148.42548
Australia,Q408,http://www.wikidata.org/entity/Q29019973,Rocklands,Electrical substation,,
Australia,Q408,http://www.wikidata.org/entity/Q29020001,Stanwell,Electrical substation,,
Australia,Q408,http://www.wikidata.org/entity/Q29020005,Callemondah,Electrical substation,,
Australia,Q408,http://www.wikidata.org/entity/Q29019974,Rockhampton,Electrical substation,,
Australia,Q408,http://www.wikidata.org/entity/Q29020031,Isis,Electrical substation,,
Australia,Q408,http://www.wikidata.org/entity/Q29019970,Bouldercombe,Electrical substation,,
Australia,Q408,http://www.wikidata.org/entity/Q29019998,Wycarbah,Electrical substation,,
Australia,Q408,http://www.wikidata.org/entity/Q29020030,Cooran,Electrical substation,,
Australia,Q408,http://www.wikidata.org/entity/Q29020006,Boyne Island,Electrical substation,,
Australia,Q408,http://www.wikidata.org/entity/Q29019992,Yarwun,Electrical substation,,
Australia,Q408,http://www.wikidata.org/entity/Q29019953,Newlands,Electrical substation,-21.288238888,147.942100111
Australia,Q408,http://www.wikidata.org/entity/Q29020013,Maryborough,Electrical substation,,
Australia,Q408,http://www.wikidata.org/entity/Q29019964,Broadlea,Electrical substation,,
Australia,Q408,http://www.wikidata.org/entity/Q29019976,Lilyvale,Electrical substation,-23.12925,148.42826
Australia,Q408,http://www.wikidata.org/entity/Q29019918,Ross,Electrical substation,-19.40428,146.72644
Australia,Q408,http://www.wikidata.org/entity/Q29019946,Mindi,Electrical substation,,
Australia,Q408,http://www.wikidata.org/entity/Q29020016,Granite Creek,Electrical substation,,
Australia,Q408,http://www.wikidata.org/entity/Q29019996,Raglan,Electrical substation,,
Australia,Q408,http://www.wikidata.org/entity/Q29019945,Bolingbroke,Electrical substation,,
Australia,Q408,http://www.wikidata.org/entity/Q29019947,Nebo,Electrical substation,-21.6315124,148.6831807
Australia,Q408,http://www.wikidata.org/entity/Q29019993,Boat Creek,Electrical substation,,
Australia,Q408,http://www.wikidata.org/entity/Q29019935,Proserpine,Electrical substation,-20.3885288,148.5396935
Australia,Q408,http://www.wikidata.org/entity/Q29019994,Calliope River,Electrical substation,-23.8559887,151.1925871
Australia,Q408,http://www.wikidata.org/entity/Q29019927,Cairns City,Electrical substation,-16.9266608,145.7767235
Australia,Q408,http://www.wikidata.org/entity/Q29019995,Larcom Creek,Electrical substation,,
Australia,Q408,http://www.wikidata.org/entity/Q29019971,Egans Hill,Electrical substation,,
Australia,Q408,http://www.wikidata.org/entity/Q29019948,Racecourse Mill,Electrical substation,,
Australia,Q408,http://www.wikidata.org/entity/Q29019977,Barcaldine Power Station,Electrical substation,,
Australia,Q408,http://www.wikidata.org/entity/Q29019967,Goonyella Riverside,Electrical substation,,
Australia,Q408,http://www.wikidata.org/entity/Q29019997,Grantleigh,Electrical substation,,
Australia,Q408,http://www.wikidata.org/entity/Q29020007,Gladstone T5,Electrical substation,,
Australia,Q408,http://www.wikidata.org/entity/Q29020004,Gladstone North,Electrical substation,,
Australia,Q408,http://www.wikidata.org/entity/Q29020008,Gladstone H7,Electrical substation,,
Australia,Q408,http://www.wikidata.org/entity/Q29020009,Gladstone South T19,Electrical substation,,
Australia,Q408,http://www.wikidata.org/entity/Q29019972,Pandoin,Electrical substation,,
Australia,Q408,http://www.wikidata.org/entity/Q29020015,Korenan,Electrical substation,,
Australia,Q408,http://www.wikidata.org/entity/Q29019985,Rangal,Electrical substation,,
Australia,Q408,http://www.wikidata.org/entity/Q29020010,Qal,Electrical substation,,
Australia,Q408,http://www.wikidata.org/entity/Q29020011,Qal West,Electrical substation,,
Australia,Q408,http://www.wikidata.org/entity/Q29020012,Qal South,Electrical substation,,
Australia,Q408,http://www.wikidata.org/entity/Q29019999,Stanwell Power Station Auxillary,Electrical substation,,
Australia,Q408,http://www.wikidata.org/entity/Q29020000,Stanwell Power Station,Electrical substation,,
Australia,Q408,http://www.wikidata.org/entity/Q29020003,Wiggins Island,Electrical substation,,
Australia,Q408,http://www.wikidata.org/entity/Q29020014,Wurdong,Electrical substation,,
Australia,Q408,http://www.wikidata.org/entity/Q29019952,Collinsville North,Electrical substation,-20.5427889,147.8055428
Australia,Q408,http://www.wikidata.org/entity/Q29019924,Kareeya Power Station,Electrical substation,-17.76738,145.57896
Australia,Q408,http://www.wikidata.org/entity/Q29019949,Strathmore,Electrical substation,-20.4993268,147.7753451
Australia,Q408,http://www.wikidata.org/entity/Q29020028,Kilkivan,Electrical substation,-26.0813701,152.2585103
Australia,Q408,http://www.wikidata.org/entity/Q29019930,Yalkula,Electrical substation,-16.6939858,145.3425571
Australia,Q408,http://www.wikidata.org/entity/Q29019988,Duringa,Electrical substation,-23.710744,149.6790691
Australia,Q408,http://www.wikidata.org/entity/Q29019951,King Creek,Electrical substation,-20.3652769,147.4728471
Australia,Q408,http://www.wikidata.org/entity/Q29019960,Peak Downs,Electrical substation,-22.2320342,148.2080377
Australia,Q408,http://www.wikidata.org/entity/Q29019954,Kemmis,Electrical substation,-21.7993927,148.4887774
Australia,Q408,http://www.wikidata.org/entity/Q29020002,Baralaba,Electrical substation,-24.1908348,149.8742588
Australia,Q408,http://www.wikidata.org/entity/Q29019966,North Goonyella,Electrical substation,-21.7179929,148.0234023
Australia,Q408,http://www.wikidata.org/entity/Q29019938,Alligator Creek,Electrical substation,-21.324268,149.1914948
Australia,Q408,http://www.wikidata.org/entity/Q29019965,Stony Creek,Electrical substation,-20.9565399,147.8929359
Australia,Q408,http://www.wikidata.org/entity/Q29019943,Bowen North,Electrical substation,-20.018175,148.1674989
Australia,Q408,http://www.wikidata.org/entity/Q29019989,Barcaldine,Electrical substation,-23.55142,145.31234
Australia,Q408,http://www.wikidata.org/entity/Q29019917,Millchester,Electrical substation,-20.1013418,146.2804194
Australia,Q408,http://www.wikidata.org/entity/Q29019990,Memooloo,Electrical substation,-24.1346046,148.6787646
Australia,Q408,http://www.wikidata.org/entity/Q29019944,Pioneer Valley,Electrical substation,-21.1596209,149.0141456
Australia,Q408,http://www.wikidata.org/entity/Q29019929,Craiglie,Electrical substation,-16.53087,145.45789
Australia,Q408,http://www.wikidata.org/entity/Q29019981,Clermont,Electrical substation,-22.84955,147.61112
Australia,Q408,http://www.wikidata.org/entity/Q29019925,Cairns,Electrical substation,-16.9461564,145.7547804
Australia,Q408,http://www.wikidata.org/entity/Q29019921,El Arish,Electrical substation,-17.80984,146.02562
Australia,Q408,http://www.wikidata.org/entity/Q29019956,Coppabella,Electrical substation,-21.9131634,148.3526846
Australia,Q408,http://www.wikidata.org/entity/Q29019983,Blackwater,Electrical substation,-23.5871928,148.8258862
Australia,Q408,http://www.wikidata.org/entity/Q29019957,Wotonga,Electrical substation,-21.9372676,148.0961068
Australia,Q408,http://www.wikidata.org/entity/Q29019963,Mt McLaren,Electrical substation,-22.4785741,147.6992216
Australia,Q408,http://www.wikidata.org/entity/Q29019920,Yabulu South,Electrical substation,-19.25115,146.57456
Australia,Q408,http://www.wikidata.org/entity/Q29019987,Dingo,Electrical substation,-23.6597041,149.4093432
Australia,Q408,http://www.wikidata.org/entity/Q29019969,Broadsound,Electrical substation,-22.8207428,149.4040046
Australia,Q408,http://www.wikidata.org/entity/Q29019961,Dysart,Electrical substation,-22.5474349,148.4061474
Australia,Q408,http://www.wikidata.org/entity/Q29019922,Edmonton,Electrical substation,-17.00239,145.75091
Australia,Q408,http://www.wikidata.org/entity/Q29019936,Mackay,Electrical substation,-21.1451114,149.158749
Australia,Q408,http://www.wikidata.org/entity/Q29019919,Kidston substation,Electrical substation,-18.8745052,144.143116
Australia,Q408,http://www.wikidata.org/entity/Q29019984,Bluff,Electrical substation,-23.5881904,149.0398877
Australia,Q408,http://www.wikidata.org/entity/Q29019926,Woree,Electrical substation,-16.9560721,145.7517481
Australia,Q408,http://www.wikidata.org/entity/Q29019941,Invicta Mill,Electrical substation,-19.5172319,147.1074282
Australia,Q408,http://www.wikidata.org/entity/Q29020410,Causeway,Electrical substation,-35.31528,149.14903
Australia,Q408,http://www.wikidata.org/entity/Q29020384,Macarthur substation,Electrical substation,-34.085277777,150.766111111
Australia,Q408,http://www.wikidata.org/entity/Q29020419,Woden,Electrical substation,-35.333888888,149.070555555
Australia,Q408,http://www.wikidata.org/entity/Q29020427,Yanco,Electrical substation,-34.602777777,146.396388888
Australia,Q408,http://www.wikidata.org/entity/Q29020404,Munyang,Electrical substation,-36.351111111,148.411666666
Australia,Q408,http://www.wikidata.org/entity/Q29020399,Williamsdale,Electrical substation,-35.585277777,149.133333333
Australia,Q408,http://www.wikidata.org/entity/Q29020422,Burrinjuck,Electrical substation,,
Australia,Q408,http://www.wikidata.org/entity/Q29020441,Jindera,Electrical substation,,
Australia,Q408,http://www.wikidata.org/entity/Q29020434,Corowa,Electrical substation,,
Australia,Q408,http://www.wikidata.org/entity/Q29020372,Orange,Electrical substation,,
Australia,Q408,http://www.wikidata.org/entity/Q29020433,Balranald,Electrical substation,,
Australia,Q408,http://www.wikidata.org/entity/Q29020379,Panorama,Electrical substation,,
Australia,Q408,http://www.wikidata.org/entity/Q29020392,Forbes,Electrical substation,,
Australia,Q408,http://www.wikidata.org/entity/Q29020418,Queanbeyan,Electrical substation,,
Australia,Q408,http://www.wikidata.org/entity/Q29020386,Woodlawn,Electrical substation,,
Australia,Q408,http://www.wikidata.org/entity/Q29020365,Dubbo,Electrical substation,,
Australia,Q408,http://www.wikidata.org/entity/Q29020387,Capital Hill,Electrical substation,,
Australia,Q408,http://www.wikidata.org/entity/Q29020432,Broken Hill,Electrical substation,,
Australia,Q408,http://www.wikidata.org/entity/Q29020376,Wallerawang,Electrical substation,,
Australia,Q408,http://www.wikidata.org/entity/Q29020425,Finley,Electrical substation,,
Australia,Q408,http://www.wikidata.org/entity/Q29020423,Uranquinty,Electrical substation,,
Australia,Q408,http://www.wikidata.org/entity/Q29020445,Gadara,Electrical substation,,
Australia,Q408,http://www.wikidata.org/entity/Q29020439,Darlington Point,Electrical substation,,
Australia,Q408,http://www.wikidata.org/entity/Q29020405,Bega,Electrical substation,,
Australia,Q408,http://www.wikidata.org/entity/Q29020355,Ingleburn,Electrical substation,,
Australia,Q408,http://www.wikidata.org/entity/Q29020449,Blowering,Electrical substation,,
Australia,Q408,http://www.wikidata.org/entity/Q29020393,Cowra,Electrical substation,,
Australia,Q408,http://www.wikidata.org/entity/Q29020390,Marulan,Electrical substation,,
Australia,Q408,http://www.wikidata.org/entity/Q29020444,Hume,Electrical substation,,
Australia,Q408,http://www.wikidata.org/entity/Q29020406,Steeple Flat,Electrical substation,,
Australia,Q408,http://www.wikidata.org/entity/Q29020452,T2,Electrical substation,,
Australia,Q408,http://www.wikidata.org/entity/Q29020426,Deniliquin,Electrical substation,,
Australia,Q408,http://www.wikidata.org/entity/Q29020408,Murrumburrah,Electrical substation,,
Australia,Q408,http://www.wikidata.org/entity/Q29020382,Goulburn,Electrical substation,,
Australia,Q408,http://www.wikidata.org/entity/Q29020443,Albury,Electrical substation,,
Australia,Q408,http://www.wikidata.org/entity/Q29020398,Royalla,Electrical substation,,
Australia,Q408,http://www.wikidata.org/entity/Q29020383,Kangaroo Valley,Electrical substation,,
Australia,Q408,http://www.wikidata.org/entity/Q29020371,Molong,Electrical substation,,
Australia,Q408,http://www.wikidata.org/entity/Q29020354,Penrith,Electrical substation,,
Australia,Q408,http://www.wikidata.org/entity/Q29020374,Wollar,Electrical substation,,
Australia,Q408,http://www.wikidata.org/entity/Q29020359,Beryl,Electrical substation,,
Australia,Q408,http://www.wikidata.org/entity/Q29020381,Taralga,Electrical substation,,
Australia,Q408,http://www.wikidata.org/entity/Q29020394,Gunning,Electrical substation,,
Australia,Q408,http://www.wikidata.org/entity/Q29020363,Narromine,Electrical substation,,
Australia,Q408,http://www.wikidata.org/entity/Q29020428,Griffith,Electrical substation,,
Australia,Q408,http://www.wikidata.org/entity/Q29020380,Bannaby,Electrical substation,,
Australia,Q408,http://www.wikidata.org/entity/Q29020430,Mulwala,Electrical substation,,
Australia,Q408,http://www.wikidata.org/entity/Q29020431,Buronga,Electrical substation,,
Australia,Q408,http://www.wikidata.org/entity/Q29020391,Parkes,Electrical substation,,
Australia,Q408,http://www.wikidata.org/entity/Q29020396,Yass,Electrical substation,,
Australia,Q408,http://www.wikidata.org/entity/Q29020368,Nyngan,Electrical substation,,
Australia,Q408,http://www.wikidata.org/entity/Q29020429,Coleambally,Electrical substation,,
Australia,Q408,http://www.wikidata.org/entity/Q29020367,Nevertire,Electrical substation,,
Australia,Q408,http://www.wikidata.org/entity/Q29020370,Manildra,Electrical substation,,
Australia,Q408,http://www.wikidata.org/entity/Q29020388,Capital,Electrical substation,,
Australia,Q408,http://www.wikidata.org/entity/Q29020360,Wellington,Electrical substation,,
Australia,Q408,http://www.wikidata.org/entity/Q29020358,Springhill,Electrical substation,,
Australia,Q408,http://www.wikidata.org/entity/Q29020451,T1,Electrical substation,,
Australia,Q408,http://www.wikidata.org/entity/Q29020350,Lawson,Electrical substation,,
Australia,Q408,http://www.wikidata.org/entity/Q29020411,City East,Electrical substation,-35.26937,149.15007
Australia,Q408,http://www.wikidata.org/entity/Q29020412,Canberra,Electrical substation,-35.219166666,148.996944444
Australia,Q408,http://www.wikidata.org/entity/Q29020352,Mamre,Electrical substation,,
Australia,Q408,http://www.wikidata.org/entity/Q29020438,Morven,Electrical substation,,
Australia,Q408,http://www.wikidata.org/entity/Q29020442,ANM,Electrical substation,,
Australia,Q408,http://www.wikidata.org/entity/Q29020416,Bruce,Electrical substation,-35.24625,149.10873
Australia,Q408,http://www.wikidata.org/entity/Q29020420,Gold Creek,Electrical substation,-35.17234,149.11667
Australia,Q408,http://www.wikidata.org/entity/Q29020389,Bendella,Electrical substation,,
Australia,Q408,http://www.wikidata.org/entity/Q29020407,Boco Rock,Electrical substation,,
Australia,Q408,http://www.wikidata.org/entity/Q29020361,Dubbo West,Electrical substation,,
Australia,Q408,http://www.wikidata.org/entity/Q29020364,Dubbo South,Electrical substation,,
Australia,Q408,http://www.wikidata.org/entity/Q29020385,Fairfax Lane,Electrical substation,,
Australia,Q408,http://www.wikidata.org/entity/Q29020397,Gullen Range,Electrical substation,,
Australia,Q408,http://www.wikidata.org/entity/Q29020377,Katoomba North,Electrical substation,,
Australia,Q408,http://www.wikidata.org/entity/Q29020353,Mt Druit,Electrical substation,,
Australia,Q408,http://www.wikidata.org/entity/Q29020362,Narromine South,Electrical substation,,
Australia,Q408,http://www.wikidata.org/entity/Q29020375,Mt Piper,Electrical substation,,
Australia,Q408,http://www.wikidata.org/entity/Q29020369,Ngngan Solar Farm,Electrical substation,,
Australia,Q408,http://www.wikidata.org/entity/Q29020373,Orange North,Electrical substation,,
Australia,Q408,http://www.wikidata.org/entity/Q29020448,Jounama,Electrical substation,,
Australia,Q408,http://www.wikidata.org/entity/Q29020356,Tallawarra,Electrical substation,,
Australia,Q408,http://www.wikidata.org/entity/Q29020366,Wellington Town,Electrical substation,,
Australia,Q408,http://www.wikidata.org/entity/Q29020435,Wagga 330,Electrical substation,,
Australia,Q408,http://www.wikidata.org/entity/Q29020436,Wagga 132,Electrical substation,,
Australia,Q408,http://www.wikidata.org/entity/Q29020437,Wagga North,Electrical substation,,
Australia,Q408,http://www.wikidata.org/entity/Q29020447,Tumut 132,Electrical substation,,
Australia,Q408,http://www.wikidata.org/entity/Q29020415,East Lake,Electrical substation,-35.3153,149.16451
Australia,Q408,http://www.wikidata.org/entity/Q29020395,Cullerin Range,Electrical substation,-34.7952732,149.3981961
Australia,Q408,http://www.wikidata.org/entity/Q29020450,Upper Tumut,Electrical substation,-35.911111111,148.385833333
Australia,Q408,http://www.wikidata.org/entity/Q29020402,Snowy Adit,Electrical substation,-36.294444444,148.509166666
Australia,Q408,http://www.wikidata.org/entity/Q29020413,Wanniassa,Electrical substation,-35.384166666,149.095555555
Australia,Q408,http://www.wikidata.org/entity/Q29020351,Sydney South substation,Electrical substation,-33.978611111,151.013055555
Australia,Q408,http://www.wikidata.org/entity/Q29020417,Belconnen,Electrical substation,-35.22902,149.08229
Australia,Q408,http://www.wikidata.org/entity/Q29020421,Latham,Electrical substation,-35.21534,149.0377
Australia,Q408,http://www.wikidata.org/entity/Q29020378,Avon substation,Electrical substation,-34.4475,150.743888888
Australia,Q408,http://www.wikidata.org/entity/Q29020446,Lower Tumut,Electrical substation,-35.606666666,148.288611111
Australia,Q408,http://www.wikidata.org/entity/Q29020357,Dapto substation,Electrical substation,-34.534166666,150.781111111
Australia,Q408,http://www.wikidata.org/entity/Q29020400,Theodore,Electrical substation,-35.459722222,149.117222222
Australia,Q408,http://www.wikidata.org/entity/Q29020409,Gilmore,Electrical substation,-35.410277777,149.141388888
Australia,Q408,http://www.wikidata.org/entity/Q29020414,Civic,Electrical substation,-35.26954,149.109
Australia,Q408,http://www.wikidata.org/entity/Q29020401,Cooma,Electrical substation,-36.218055555,149.14
Australia,Q408,http://www.wikidata.org/entity/Q29020454,Murraylink (Red Cliffs),Electrical substation,-34.293611111,142.238888888
Australia,Q408,http://www.wikidata.org/entity/Q29020463,Waubra,Electrical substation,-37.356111111,143.605555555
Australia,Q408,http://www.wikidata.org/entity/Q29020519,Bright,Electrical substation,-36.72636,146.97021
Australia,Q408,http://www.wikidata.org/entity/Q29020483,Morrabool substation,Electrical substation,-38.037222222,144.296388888
Australia,Q408,http://www.wikidata.org/entity/Q29020512,Glenrowan,Electrical substation,-36.49356,146.13251
Australia,Q408,http://www.wikidata.org/entity/Q29020517,Bogong,Electrical substation,-36.80487,147.23082
Australia,Q408,http://www.wikidata.org/entity/Q29020541,Hazelwood substation,Electrical substation,-38.281111111,146.428055555
Australia,Q408,http://www.wikidata.org/entity/Q29020487,West Melbourne,Electrical substation,,
Australia,Q408,http://www.wikidata.org/entity/Q29020547,Bairnsdale,Electrical substation,,
Australia,Q408,http://www.wikidata.org/entity/Q29020529,Jindabyne,Electrical substation,,
Australia,Q408,http://www.wikidata.org/entity/Q29020462,McArthur,Electrical substation,,
Australia,Q408,http://www.wikidata.org/entity/Q29020550,Tyabb,Electrical substation,,
Australia,Q408,http://www.wikidata.org/entity/Q29020565,Keith,Electrical substation,,
Australia,Q408,http://www.wikidata.org/entity/Q29020557,Heatherton,Electrical substation,,
Australia,Q408,http://www.wikidata.org/entity/Q29020566,Tailem Bend,Electrical substation,,
Australia,Q408,http://www.wikidata.org/entity/Q29020542,Rowville,Electrical substation,,
Australia,Q408,http://www.wikidata.org/entity/Q29020456,Kerang,Electrical substation,,
Australia,Q408,http://www.wikidata.org/entity/Q29020470,Heywood,Electrical substation,,
Australia,Q408,http://www.wikidata.org/entity/Q29020458,Fosterville,Electrical substation,,
Australia,Q408,http://www.wikidata.org/entity/Q29020515,Clover,Electrical substation,,
Australia,Q408,http://www.wikidata.org/entity/Q29020480,Geelong,Electrical substation,,
Australia,Q408,http://www.wikidata.org/entity/Q29020474,Terang,Electrical substation,,
Australia,Q408,http://www.wikidata.org/entity/Q29020457,Bendigo,Electrical substation,,
Australia,Q408,http://www.wikidata.org/entity/Q29020485,Elaine,Electrical substation,,
Australia,Q408,http://www.wikidata.org/entity/Q29020455,Wemen,Electrical substation,,
Australia,Q408,http://www.wikidata.org/entity/Q29020475,Yambuk,Electrical substation,,
Australia,Q408,http://www.wikidata.org/entity/Q29020478,Anglesea,Electrical substation,,
Australia,Q408,http://www.wikidata.org/entity/Q29020555,Wonthaggi,Electrical substation,,
Australia,Q408,http://www.wikidata.org/entity/Q29020556,Cranbourne,Electrical substation,,
Australia,Q408,http://www.wikidata.org/entity/Q29020481,Shepparton,Electrical substation,,
Australia,Q408,http://www.wikidata.org/entity/Q29020543,Yallourn,Electrical substation,,
Australia,Q408,http://www.wikidata.org/entity/Q29020489,Brooklyn,Electrical substation,,
Australia,Q408,http://www.wikidata.org/entity/Q29020527,Murray,Electrical substation,,
Australia,Q408,http://www.wikidata.org/entity/Q29020524,South Morang,Electrical substation,,
Australia,Q408,http://www.wikidata.org/entity/Q29020468,Horsham,Electrical substation,,
Australia,Q408,http://www.wikidata.org/entity/Q29020467,Stawell,Electrical substation,,
Australia,Q408,http://www.wikidata.org/entity/Q29020464,Tarrone,Electrical substation,,
Australia,Q408,http://www.wikidata.org/entity/Q29020473,Portland,Electrical substation,,
Australia,Q408,http://www.wikidata.org/entity/Q29020534,Richmond,Electrical substation,,
Australia,Q408,http://www.wikidata.org/entity/Q29020535,Brunswick,Electrical substation,,
Australia,Q408,http://www.wikidata.org/entity/Q29020510,Newport,Electrical substation,,
Australia,Q408,http://www.wikidata.org/entity/Q29020553,Springvale,Electrical substation,,
Australia,Q408,http://www.wikidata.org/entity/Q29020531,Malvern,Electrical substation,,
Australia,Q408,http://www.wikidata.org/entity/Q29020521,Somerton,Electrical substation,,
Australia,Q408,http://www.wikidata.org/entity/Q29020564,Blanche,Electrical substation,,
Australia,Q408,http://www.wikidata.org/entity/Q29020477,Oakland Hill,Electrical substation,,
Australia,Q408,http://www.wikidata.org/entity/Q29020540,Basslink L.C.,Electrical substation,-38.2625,146.608055555
Australia,Q408,http://www.wikidata.org/entity/Q29020509,Toyota,Electrical substation,,
Australia,Q408,http://www.wikidata.org/entity/Q29020538,Loy Yang Power Station,Electrical substation,,
Australia,Q408,http://www.wikidata.org/entity/Q29020562,Ladbroke Grove,Electrical substation,,
Australia,Q408,http://www.wikidata.org/entity/Q29020511,Fishermans Bend,Electrical substation,,
Australia,Q408,http://www.wikidata.org/entity/Q29020460,Ballarat,Electrical substation,-37.5675,143.921666666
Australia,Q408,http://www.wikidata.org/entity/Q29020548,John Lysaght,Electrical substation,,
Australia,Q408,http://www.wikidata.org/entity/Q29020559,South East,Electrical substation,,
Australia,Q408,http://www.wikidata.org/entity/Q29020558,Black Range,Electrical substation,,
Australia,Q408,http://www.wikidata.org/entity/Q29020479,Point Henry,Electrical substation,,
Australia,Q408,http://www.wikidata.org/entity/Q29020560,Kincraig,Electrical substation,,
Australia,Q408,http://www.wikidata.org/entity/Q29020466,Ararat ARTS,Electrical substation,,
Australia,Q408,http://www.wikidata.org/entity/Q29020465,Ararat ART,Electrical substation,,
Australia,Q408,http://www.wikidata.org/entity/Q29020472,Alcoa Portland,Electrical substation,,
Australia,Q408,http://www.wikidata.org/entity/Q29020488,Altona ATS,Electrical substation,,
Australia,Q408,http://www.wikidata.org/entity/Q29020492,Altona Chemical,Electrical substation,,
Australia,Q408,http://www.wikidata.org/entity/Q29020493,Altona AL,Electrical substation,,
Australia,Q408,http://www.wikidata.org/entity/Q29020461,Challicum Hills,Electrical substation,,
Australia,Q408,http://www.wikidata.org/entity/Q29020507,Gladstone South T152,Electrical substation,,
Australia,Q408,http://www.wikidata.org/entity/Q29020490,Laverton North LNGS,Electrical substation,,
Australia,Q408,http://www.wikidata.org/entity/Q29020491,Laverton North LVN,Electrical substation,,
Australia,Q408,http://www.wikidata.org/entity/Q29020476,Mortons Lane,Electrical substation,,
Australia,Q408,http://www.wikidata.org/entity/Q29020552,East Rowville,Electrical substation,,
Australia,Q408,http://www.wikidata.org/entity/Q29020486,Mt Mercer,Electrical substation,,
Australia,Q408,http://www.wikidata.org/entity/Q29020545,Jeeralang Power Station substation,Electrical substation,,
Australia,Q408,http://www.wikidata.org/entity/Q29020546,Loy Yang Sub.,Electrical substation,,
Australia,Q408,http://www.wikidata.org/entity/Q29020563,Mt Gambier,Electrical substation,,
Australia,Q408,http://www.wikidata.org/entity/Q29020567,Mt Barker,Electrical substation,,
Australia,Q408,http://www.wikidata.org/entity/Q29020568,Mt Barker South,Electrical substation,,
Australia,Q408,http://www.wikidata.org/entity/Q29020520,Somerton Power Station,Electrical substation,,
Australia,Q408,http://www.wikidata.org/entity/Q29020561,Penola West,Electrical substation,,
Australia,Q408,http://www.wikidata.org/entity/Q29020536,Valley Power,Electrical substation,,
Australia,Q408,http://www.wikidata.org/entity/Q29020569,Snuggery,Electrical substation,,
Australia,Q408,http://www.wikidata.org/entity/Q29020523,West Kiewa,Electrical substation,-36.75999,147.18564
Australia,Q408,http://www.wikidata.org/entity/Q29020554,Bald Hills (Wind Farm) substation,Electrical substation,-38.746944444,145.949027777
Australia,Q408,http://www.wikidata.org/entity/Q29020526,Wodonga,Electrical substation,-36.155,146.95
Australia,Q408,http://www.wikidata.org/entity/Q29020482,Sydenham substation,Electrical substation,-37.676388888,144.747777777
Australia,Q408,http://www.wikidata.org/entity/Q29020528,Geehi Dam,Electrical substation,-36.301666666,148.313611111
Australia,Q408,http://www.wikidata.org/entity/Q29020530,Templestowe substation,Electrical substation,-37.748611111,145.171111111
Australia,Q408,http://www.wikidata.org/entity/Q29020516,Mount Beauty,Electrical substation,-36.743611111,147.165555555
Australia,Q408,http://www.wikidata.org/entity/Q29020532,Thomastown substation,Electrical substation,-37.693333333,145.010277777
Australia,Q408,http://www.wikidata.org/entity/Q29020471,Mortlake substation,Electrical substation,-38.0625,142.670277777
Australia,Q408,http://www.wikidata.org/entity/Q29020518,McKay Creek,Electrical substation,-36.85835,147.23399
Australia,Q408,http://www.wikidata.org/entity/Q29020544,Hazelwood Power Station substation,Electrical substation,-38.273888888,146.393055555
Australia,Q408,http://www.wikidata.org/entity/Q29020453,Guthega,Electrical substation,-36.349444444,148.413333333
Australia,Q408,http://www.wikidata.org/entity/Q29020459,Ballarat North,Electrical substation,-37.534722222,143.847222222
Australia,Q408,http://www.wikidata.org/entity/Q29020549,Morwell substation,Electrical substation,-38.257777777,146.420555555
Australia,Q408,http://www.wikidata.org/entity/Q29020513,Wangaratta,Electrical substation,-36.36456,146.31443
Australia,Q408,http://www.wikidata.org/entity/Q29020514,Myrtleford,Electrical substation,-36.56537,146.70308
Australia,Q408,http://www.wikidata.org/entity/Q29020533,Ringwood substation,Electrical substation,-37.821388888,145.215555555
Australia,Q408,http://www.wikidata.org/entity/Q29020484,Keilor substation,Electrical substation,-37.738055555,144.846944444
Australia,Q408,http://www.wikidata.org/entity/Q29020469,Red Cliffs,Electrical substation,-34.291944444,142.238888888
Australia,Q408,http://www.wikidata.org/entity/Q29020525,Dederang,Electrical substation,-36.454722222,146.991944444
Australia,Q408,http://www.wikidata.org/entity/Q29020522,Dartmouth,Electrical substation,-36.55652,147.52084
Australia,Q408,http://www.wikidata.org/entity/Q29020640,Davenport substation,Electrical substation,-32.534,137.813
Australia,Q408,http://www.wikidata.org/entity/Q29020582,Para,Electrical substation,,
Australia,Q408,http://www.wikidata.org/entity/Q29020626,Waterloo,Electrical substation,,
Australia,Q408,http://www.wikidata.org/entity/Q29020636,Angaston,Electrical substation,,
Australia,Q408,http://www.wikidata.org/entity/Q29020641,Cultana,Electrical substation,,
Australia,Q408,http://www.wikidata.org/entity/Q29020616,Hallett,Electrical substation,,
Australia,Q408,http://www.wikidata.org/entity/Q29020624,Brinkworth,Electrical substation,,
Australia,Q408,http://www.wikidata.org/entity/Q29020629,Prospect,Electrical substation,,
Australia,Q408,http://www.wikidata.org/entity/Q29020584,Northfield,Electrical substation,,
Australia,Q408,http://www.wikidata.org/entity/Q29020638,Munno Para,Electrical substation,,
Australia,Q408,http://www.wikidata.org/entity/Q29020595,Happy Valley,Electrical substation,,
Australia,Q408,http://www.wikidata.org/entity/Q29020665,Port Pirie South,Electrical substation,,
Australia,Q408,http://www.wikidata.org/entity/Q29020575,Cherry Gardens,Electrical substation,,
Australia,Q408,http://www.wikidata.org/entity/Q29020619,Redhill,Electrical substation,,
Australia,Q408,http://www.wikidata.org/entity/Q29020667,Port Pirie,Electrical substation,,
Australia,Q408,http://www.wikidata.org/entity/Q29020633,Templers,Electrical substation,,
Australia,Q408,http://www.wikidata.org/entity/Q29020603,Magill,Electrical substation,,
Australia,Q408,http://www.wikidata.org/entity/Q29020664,Snowtown,Electrical substation,,
Australia,Q408,http://www.wikidata.org/entity/Q29020652,Bungama,Electrical substation,,
Australia,Q408,http://www.wikidata.org/entity/Q29020637,Clements Gap,Electrical substation,,
Australia,Q408,http://www.wikidata.org/entity/Q29020596,Tungkillo,Electrical substation,,
Australia,Q408,http://www.wikidata.org/entity/Q29020608,North West Bend,Electrical substation,,
Australia,Q408,http://www.wikidata.org/entity/Q29020606,Berri,Electrical substation,,
Australia,Q408,http://www.wikidata.org/entity/Q29020666,Baroota,Electrical substation,,
Australia,Q408,http://www.wikidata.org/entity/Q29020634,Roseworthy,Electrical substation,,
Australia,Q408,http://www.wikidata.org/entity/Q29020574,Canunda,Electrical substation,,
Australia,Q408,http://www.wikidata.org/entity/Q29020598,Lonsdale,Electrical substation,,
Australia,Q408,http://www.wikidata.org/entity/Q29020645,Woomera,Electrical substation,,
Australia,Q408,http://www.wikidata.org/entity/Q29020669,Bluff Point,Electrical substation,,
Australia,Q408,http://www.wikidata.org/entity/Q29020657,Sleaford,Electrical substation,,
Australia,Q408,http://www.wikidata.org/entity/Q29020617,Canowie,Electrical substation,,
Australia,Q408,http://www.wikidata.org/entity/Q29020578,Mannum,Electrical substation,,
Australia,Q408,http://www.wikidata.org/entity/Q29020622,Mintaro,Electrical substation,,
Australia,Q408,http://www.wikidata.org/entity/Q29020646,Pimba,Electrical substation,,
Australia,Q408,http://www.wikidata.org/entity/Q29020625,Kilburn,Electrical substation,,
Australia,Q408,http://www.wikidata.org/entity/Q29020585,Mobilong,Electrical substation,,
Australia,Q408,http://www.wikidata.org/entity/Q29020592,Quarantine,Electrical substation,,
Australia,Q408,http://www.wikidata.org/entity/Q29020670,Smithton,Electrical substation,,
Australia,Q408,http://www.wikidata.org/entity/Q29020600,Willunga,Electrical substation,,
Australia,Q408,http://www.wikidata.org/entity/Q29020660,Dalrymple,Electrical substation,,
Australia,Q408,http://www.wikidata.org/entity/Q29020576,Millbrook,Electrical substation,,
Australia,Q408,http://www.wikidata.org/entity/Q29020642,Stony Point,Electrical substation,,
Australia,Q408,http://www.wikidata.org/entity/Q29020586,Le Fevre,Electrical substation,,
Australia,Q408,http://www.wikidata.org/entity/Q29020602,East Terrace,Electrical substation,,
Australia,Q408,http://www.wikidata.org/entity/Q29020612,Belalie,Electrical substation,,
Australia,Q408,http://www.wikidata.org/entity/Q29020591,City West,Electrical substation,,
Australia,Q408,http://www.wikidata.org/entity/Q29020570,Mayura,Electrical substation,,
Australia,Q408,http://www.wikidata.org/entity/Q29020605,Murraylink (Monash),Electrical substation,-34.238055555,140.600277777
Australia,Q408,http://www.wikidata.org/entity/Q29020631,Dry Creek,Electrical substation,,
Australia,Q408,http://www.wikidata.org/entity/Q29020588,Kanmantoo Mine,Electrical substation,,
Australia,Q408,http://www.wikidata.org/entity/Q29020589,Pelican Point,Electrical substation,,
Australia,Q408,http://www.wikidata.org/entity/Q29020635,Dorrien,Electrical substation,,
Australia,Q408,http://www.wikidata.org/entity/Q29020656,Cathedral Rocks,Electrical substation,,
Australia,Q408,http://www.wikidata.org/entity/Q29020615,Hallett Hill,Electrical substation,,
Australia,Q408,http://www.wikidata.org/entity/Q29020639,Mount Lock,Electrical substation,,
Australia,Q408,http://www.wikidata.org/entity/Q29020661,Wattle Point,Electrical substation,,
Australia,Q408,http://www.wikidata.org/entity/Q29020601,Starfish Hill,Electrical substation,,
Australia,Q408,http://www.wikidata.org/entity/Q29020611,Mokota,Electrical substation,,
Australia,Q408,http://www.wikidata.org/entity/Q29020618,Hallett Power Station,Electrical substation,,
Australia,Q408,http://www.wikidata.org/entity/Q29020663,Hummocks,Electrical substation,,
Australia,Q408,http://www.wikidata.org/entity/Q29020581,Angas Creek,Electrical substation,,
Australia,Q408,http://www.wikidata.org/entity/Q29020614,Bluff/Porcupine,Electrical substation,,
Australia,Q408,http://www.wikidata.org/entity/Q29020651,Ardrossan West,Electrical substation,,
Australia,Q408,http://www.wikidata.org/entity/Q29020648,Blyth West,Electrical substation,,
Australia,Q408,http://www.wikidata.org/entity/Q29020623,Clare North,Electrical substation,,
Australia,Q408,http://www.wikidata.org/entity/Q29020571,Lake Bonney 1,Electrical substation,,
Australia,Q408,http://www.wikidata.org/entity/Q29020572,Lake Bonney 2,Electrical substation,,
Australia,Q408,http://www.wikidata.org/entity/Q29020573,Lake Bonney 3,Electrical substation,,
Australia,Q408,http://www.wikidata.org/entity/Q29020579,Mannum-Adelaide Pumping Station 2,Electrical substation,,
Australia,Q408,http://www.wikidata.org/entity/Q29020577,Mannum-Adelaide Pumping Station 1,Electrical substation,,
Australia,Q408,http://www.wikidata.org/entity/Q29020580,Mannum-Adelaide Pumping Station 3,Electrical substation,,
Australia,Q408,http://www.wikidata.org/entity/Q29020587,Muarry Bridge-Hahndorf Pump 1,Electrical substation,,
Australia,Q408,http://www.wikidata.org/entity/Q29020590,Muarry Bridge-Hahndorf Pump 2,Electrical substation,,
Australia,Q408,http://www.wikidata.org/entity/Q29020583,Parafield Gardens West,Electrical substation,,
Australia,Q408,http://www.wikidata.org/entity/Q29020597,Morphett Vale East,Electrical substation,,
Australia,Q408,http://www.wikidata.org/entity/Q29020630,Kilburn South,Electrical substation,,
Australia,Q408,http://www.wikidata.org/entity/Q29020609,Mor Pump,Electrical substation,,
Australia,Q408,http://www.wikidata.org/entity/Q29020599,Port Stanvac,Electrical substation,,
Australia,Q408,http://www.wikidata.org/entity/Q29020620,Morgan-Whyalla Pump 4,Electrical substation,,
Australia,Q408,http://www.wikidata.org/entity/Q29020613,North Brown Hill,Electrical substation,,
Australia,Q408,http://www.wikidata.org/entity/Q29020662,Kadina East,Electrical substation,,
Australia,Q408,http://www.wikidata.org/entity/Q29020647,Mt Gunson,Electrical substation,,
Australia,Q408,http://www.wikidata.org/entity/Q29020655,Middleback,Electrical substation,,
Australia,Q408,http://www.wikidata.org/entity/Q29020643,Olympic Dam West,Electrical substation,,
Australia,Q408,http://www.wikidata.org/entity/Q29020644,Olympic Dam North,Electrical substation,,
Australia,Q408,http://www.wikidata.org/entity/Q29020659,Mt Miller,Electrical substation,,
Australia,Q408,http://www.wikidata.org/entity/Q29020594,Torrens North,Electrical substation,,
Australia,Q408,http://www.wikidata.org/entity/Q29020593,Torrens B,Electrical substation,,
Australia,Q408,http://www.wikidata.org/entity/Q29020604,Torrens A,Electrical substation,,
Australia,Q408,http://www.wikidata.org/entity/Q29020658,Point Lincoln Terminal,Electrical substation,,
Australia,Q408,http://www.wikidata.org/entity/Q29020632,Templers West,Electrical substation,,
Australia,Q408,http://www.wikidata.org/entity/Q29020650,Snowtown South,Electrical substation,,
Australia,Q408,http://www.wikidata.org/entity/Q29020649,Snowtown North,Electrical substation,,
Australia,Q408,http://www.wikidata.org/entity/Q29020627,Waterloo East,Electrical substation,,
Australia,Q408,http://www.wikidata.org/entity/Q29020628,Waterloo Wind Farm,Electrical substation,,
Australia,Q408,http://www.wikidata.org/entity/Q29020654,Whyalla Terminal,Electrical substation,,
Australia,Q408,http://www.wikidata.org/entity/Q29020653,Whyalla Central,Electrical substation,,
Australia,Q408,http://www.wikidata.org/entity/Q29020668,Yadnarie,Electrical substation,,
Australia,Q408,http://www.wikidata.org/entity/Q29020610,Robertstown substation,Electrical substation,-33.955128,139.1267725
Australia,Q408,http://www.wikidata.org/entity/Q29020607,Monash substation,Electrical substation,-34.237777777,140.596666666
Australia,Q408,http://www.wikidata.org/entity/Q51705531,Townsville Port,Electrical substation,-19.26029,146.83278
Australia,Q408,http://www.wikidata.org/entity/Q29020682,Railton,Electrical substation,,
Australia,Q408,http://www.wikidata.org/entity/Q29020718,Arthurs Lake,Electrical substation,,
Australia,Q408,http://www.wikidata.org/entity/Q29020728,Waddamana,Electrical substation,,
Australia,Q408,http://www.wikidata.org/entity/Q29020702,Palmerston,Electrical substation,,
Australia,Q408,http://www.wikidata.org/entity/Q29020678,Ulverstone,Electrical substation,,
Australia,Q408,http://www.wikidata.org/entity/Q29020717,Tods Corner,Electrical substation,,
Australia,Q408,http://www.wikidata.org/entity/Q29020716,Avoca,Electrical substation,,
Australia,Q408,http://www.wikidata.org/entity/Q29020749,Risdon,Electrical substation,,
Australia,Q408,http://www.wikidata.org/entity/Q29020736,Electrona,Electrical substation,,
Australia,Q408,http://www.wikidata.org/entity/Q29020676,Burnie,Electrical substation,,
Australia,Q408,http://www.wikidata.org/entity/Q29020680,Devonport,Electrical substation,,
Australia,Q408,http://www.wikidata.org/entity/Q29020724,Derwent Bridge,Electrical substation,,
Australia,Q408,http://www.wikidata.org/entity/Q29020679,Paloona,Electrical substation,,
Australia,Q408,http://www.wikidata.org/entity/Q29020706,George Town,Electrical substation,,
Australia,Q408,http://www.wikidata.org/entity/Q29020743,Lindisfarne,Electrical substation,,
Australia,Q408,http://www.wikidata.org/entity/Q29020711,Scottsdale,Electrical substation,,
Australia,Q408,http://www.wikidata.org/entity/Q29020747,North Hobart,Electrical substation,,
Australia,Q408,http://www.wikidata.org/entity/Q29020722,Wayatinah,Electrical substation,,
Australia,Q408,http://www.wikidata.org/entity/Q29020744,Triabunna,Electrical substation,,
Australia,Q408,http://www.wikidata.org/entity/Q29020677,Emu Bay,Electrical substation,,
Australia,Q408,http://www.wikidata.org/entity/Q29020745,Sorell,Electrical substation,,
Australia,Q408,http://www.wikidata.org/entity/Q29020703,Hadspen,Electrical substation,,
Australia,Q408,http://www.wikidata.org/entity/Q29020696,Cethana,Electrical substation,,
Australia,Q408,http://www.wikidata.org/entity/Q29020730,New Norfolk,Electrical substation,,
Australia,Q408,http://www.wikidata.org/entity/Q29020673,Hampshire,Electrical substation,,
Australia,Q408,http://www.wikidata.org/entity/Q29020675,Savage River,Electrical substation,,
Australia,Q408,http://www.wikidata.org/entity/Q29020731,Boyer,Electrical substation,,
Australia,Q408,http://www.wikidata.org/entity/Q29842501,Gympie,Electrical substation,,
Australia,Q408,http://www.wikidata.org/entity/Q29020681,Wesley Vale,Electrical substation,,
Australia,Q408,http://www.wikidata.org/entity/Q29020725,Butlers Gorge,Electrical substation,,
Australia,Q408,http://www.wikidata.org/entity/Q29020701,Poatina,Electrical substation,,
Australia,Q408,http://www.wikidata.org/entity/Q29020719,Trevallyn,Electrical substation,,
Australia,Q408,http://www.wikidata.org/entity/Q29842568,Image Flat,Electrical substation,,
Australia,Q408,http://www.wikidata.org/entity/Q29588665,Fig Tree,Electrical substation,,
Australia,Q408,http://www.wikidata.org/entity/Q29843010,Burleigh Heads,Electrical substation,,
Australia,Q408,http://www.wikidata.org/entity/Q29020733,Kingston,Electrical substation,,
Australia,Q408,http://www.wikidata.org/entity/Q29842844,Jordan,Electrical substation,,
Australia,Q408,http://www.wikidata.org/entity/Q29020699,Fisher,Electrical substation,,
Australia,Q408,http://www.wikidata.org/entity/Q29020713,Norwood,Electrical substation,,
Australia,Q408,http://www.wikidata.org/entity/Q29020695,Wilmont,Electrical substation,,
Australia,Q408,http://www.wikidata.org/entity/Q29020692,Queenstown,Electrical substation,,
Australia,Q408,http://www.wikidata.org/entity/Q29020712,Derby,Electrical substation,,
Australia,Q408,http://www.wikidata.org/entity/Q29020729,Bridgewater,Electrical substation,,
Australia,Q408,http://www.wikidata.org/entity/Q29020740,Cluny,Electrical substation,,
Australia,Q408,http://www.wikidata.org/entity/Q29020674,Que,Electrical substation,,
Australia,Q408,http://www.wikidata.org/entity/Q29020742,Mornington,Electrical substation,,
Australia,Q408,http://www.wikidata.org/entity/Q29020746,Rokeby,Electrical substation,,
Australia,Q408,http://www.wikidata.org/entity/Q29020739,Repulse,Electrical substation,,
Australia,Q408,http://www.wikidata.org/entity/Q29020714,St Leonard,Electrical substation,,
Australia,Q408,http://www.wikidata.org/entity/Q29842986,Ibis,Electrical substation,,
Australia,Q408,http://www.wikidata.org/entity/Q29020689,Tribute,Electrical substation,,
Australia,Q408,http://www.wikidata.org/entity/Q29020715,St Marys,Electrical substation,,
Australia,Q408,http://www.wikidata.org/entity/Q29921726,Talinga,Electrical substation,,
Australia,Q408,http://www.wikidata.org/entity/Q29020700,Rowallan,Electrical substation,,
Australia,Q408,http://www.wikidata.org/entity/Q29020750,Creek Road,Electrical substation,,
Australia,Q408,http://www.wikidata.org/entity/Q29020694,Rosebury,Electrical substation,,
Australia,Q408,http://www.wikidata.org/entity/Q51702730,Cassowary,Electrical substation,-16.50491,145.39544
Australia,Q408,http://www.wikidata.org/entity/Q29020720,Mowbray,Electrical substation,,
Australia,Q408,http://www.wikidata.org/entity/Q29020748,Chapel Street,Electrical substation,,
Australia,Q408,http://www.wikidata.org/entity/Q29588671,Havilah,Electrical substation,,
Australia,Q408,http://www.wikidata.org/entity/Q29020727,Lake Echo,Electrical substation,,
Australia,Q408,http://www.wikidata.org/entity/Q29020688,John Butters,Electrical substation,,
Australia,Q408,http://www.wikidata.org/entity/Q29020704,Comalco,Electrical substation,,
Australia,Q408,http://www.wikidata.org/entity/Q29020737,Huon River,Electrical substation,,
Australia,Q408,http://www.wikidata.org/entity/Q29020683,Devils Gate,Electrical substation,,
Australia,Q408,http://www.wikidata.org/entity/Q29020672,Studland Bay,Electrical substation,,
Australia,Q408,http://www.wikidata.org/entity/Q55610705,Electricity Substation No. 269,Electrical substation,-33.8915,151.2605
Australia,Q408,http://www.wikidata.org/entity/Q29020708,Starwood,Electrical substation,,
Australia,Q408,http://www.wikidata.org/entity/Q29020690,Bastyan,Electrical substation,,
Australia,Q408,http://www.wikidata.org/entity/Q29020723,Catagunya,Electrical substation,,
Australia,Q408,http://www.wikidata.org/entity/Q29020697,Lemonthyme,Electrical substation,,
Australia,Q408,http://www.wikidata.org/entity/Q29020693,Makintosh,Electrical substation,,
Australia,Q408,http://www.wikidata.org/entity/Q29020671,Port Lata,Electrical substation,,
Australia,Q408,http://www.wikidata.org/entity/Q29020691,Newton Pumps,Electrical substation,,
Australia,Q408,http://www.wikidata.org/entity/Q29020721,Liapoota,Electrical substation,,
Australia,Q408,http://www.wikidata.org/entity/Q29020734,Knights Road,Electrical substation,,
Australia,Q408,http://www.wikidata.org/entity/Q29020738,Kermandie,Electrical substation,,
Australia,Q408,http://www.wikidata.org/entity/Q29020710,Mussellroe,Electrical substation,,
Australia,Q408,http://www.wikidata.org/entity/Q29020707,Tamar Valley Power Station,Electrical substation,,
Australia,Q408,http://www.wikidata.org/entity/Q29020709,Temco,Electrical substation,,
Australia,Q408,http://www.wikidata.org/entity/Q29843015,SSVSL,Electrical substation,,
Australia,Q408,http://www.wikidata.org/entity/Q29843053,SST114,Electrical substation,,
Australia,Q408,http://www.wikidata.org/entity/Q29843064,SSQR46,Electrical substation,,
Australia,Q408,http://www.wikidata.org/entity/Q29843146,SSJBB,Electrical substation,,
Australia,Q408,http://www.wikidata.org/entity/Q29843159,SSAFD,Electrical substation,,
Australia,Q408,http://www.wikidata.org/entity/Q29843175,SSMDH,Electrical substation,,
Australia,Q408,http://www.wikidata.org/entity/Q29843172,SSMTN,Electrical substation,,
Australia,Q408,http://www.wikidata.org/entity/Q29921627,SSQR50,Electrical substation,,
Australia,Q408,http://www.wikidata.org/entity/Q29020685,Farrell substation,Electrical substation,-41.734722222,145.531111111
Australia,Q408,http://www.wikidata.org/entity/Q29020732,Meadowbank substation,Electrical substation,-42.609444444,146.846388888
Australia,Q408,http://www.wikidata.org/entity/Q29020684,Sheffield substation,Electrical substation,-41.335833333,146.306944444
Australia,Q408,http://www.wikidata.org/entity/Q29588597,Blue Valley,Electrical substation,-20.4489457,147.3462192
Australia,Q408,http://www.wikidata.org/entity/Q29020687,Reece substation,Electrical substation,-41.723805555,145.136305555
Australia,Q408,http://www.wikidata.org/entity/Q29020735,Tarraleah substation,Electrical substation,-42.300555555,146.457777777
Australia,Q408,http://www.wikidata.org/entity/Q29020726,Tungatinah substation,Electrical substation,-42.297777777,146.457222222
Australia,Q408,http://www.wikidata.org/entity/Q55633772,St. David's Road Depot,Electrical substation,-33.8847,151.1372
Australia,Q408,http://www.wikidata.org/entity/Q33125757,Rasmussen,Electrical substation,-19.36382,146.72026
Australia,Q408,http://www.wikidata.org/entity/Q29020705,Basslink George Town,Electrical substation,-41.114722222,146.891944444
Australia,Q408,http://www.wikidata.org/entity/Q51705521,Hermit Park,Electrical substation,-19.28001,146.80025
Australia,Q408,http://www.wikidata.org/entity/Q116119785,Casula Zone Substation,Electrical substation,-33.95273,150.8901
Australia,Q408,http://www.wikidata.org/entity/Q125372620,Muja Terminal,Electrical substation,-33.448292,116.305348
Australia,Q408,http://www.wikidata.org/entity/Q133828197,Chapman Substation,Electrical substation,-28.7245,114.6322
Australia,Q408,http://www.wikidata.org/entity/Q133882878,Western Mining Kambalda,Electrical substation,-31.192325972,121.675043208
Australia,Q408,http://www.wikidata.org/entity/Q56754430,North Fitzroy electric railway substation,Electrical substation,-37.780138888,144.981277777
Australia,Q408,http://www.wikidata.org/entity/Q116005357,Electricity Substation No. 86,Electrical substation,-33.83439,151.147167
Australia,Q408,http://www.wikidata.org/entity/Q134299635,Barrack Silicon Smelter electrical substation,Electrical substation,-33.21920711,115.7463992
Australia,Q408,http://www.wikidata.org/entity/Q116817775,Liverpool Transmission Substation,Electrical substation,-33.93052,150.922
Australia,Q408,http://www.wikidata.org/entity/Q123527626,Rubicon A Zone Substation,Electrical substation,-37.29275,145.81858
Australia,Q408,http://www.wikidata.org/entity/Q133827921,Mumbida Wind Farm Substation,Electrical substation,-28.9918,114.9603
Australia,Q408,http://www.wikidata.org/entity/Q134289835,Binningup Desalination Plant  electrical substation,Electrical substation,-33.1297119,115.7053653
Australia,Q408,http://www.wikidata.org/entity/Q118163501,Hunters Hill Zone substation No. 129,Electrical substation,-33.828205818,151.129480388
Australia,Q408,http://www.wikidata.org/entity/Q133847273,Collie Power Station Terminal,Electrical substation,-33.34094865,116.2611228
Australia,Q408,http://www.wikidata.org/entity/Q133882805,Beckenham electrical substation,Electrical substation,-32.017830072,115.949706976
Australia,Q408,http://www.wikidata.org/entity/Q133828277,Moora Substation,Electrical substation,-30.6315,116.029
Australia,Q408,http://www.wikidata.org/entity/Q125469367,Kwinana Terminal,Electrical substation,-32.19691,115.77669
Australia,Q408,http://www.wikidata.org/entity/Q133882536,Bluewaters Power Station substation,Electrical substation,-33.330678505,116.2294208
Australia,Q408,http://www.wikidata.org/entity/Q125469281,East Perth Terminal,Electrical substation,-31.944536,115.880897
Australia,Q408,http://www.wikidata.org/entity/Q134299825,Golden Grove electrical substation,Electrical substation,-28.74475157,116.9423334
Australia,Q408,http://www.wikidata.org/entity/Q134300162,Kwinana Donaldson Road electrical substation,Electrical substation,-32.22410596,115.7776314
Australia,Q408,http://www.wikidata.org/entity/Q133887679,British Petroleum Refinery substation,Electrical substation,-32.223243761,115.765839198
Australia,Q408,http://www.wikidata.org/entity/Q134290335,Glen Iris electrical Substation,Electrical substation,-32.0932134,115.8501692
Australia,Q408,http://www.wikidata.org/entity/Q123527480,Merrijig,Electrical substation,-37.1024,146.26248
Australia,Q408,http://www.wikidata.org/entity/Q133828173,Rangeway Substation,Electrical substation,-28.7856,114.6238
Australia,Q408,http://www.wikidata.org/entity/Q134300171,Edna May Operations electrical substation,Electrical substation,-31.39597457,118.6830282
Australia,Q408,http://www.wikidata.org/entity/Q123527467,Mansfield,Electrical substation,-37.05047,146.07135
Australia,Q408,http://www.wikidata.org/entity/Q125469255,Northern Terminal,Electrical substation,-31.852628,115.892767
Australia,Q408,http://www.wikidata.org/entity/Q56701513,Bunyip Railway Substation,Electrical substation,-38.098555555,145.712611111
Australia,Q408,http://www.wikidata.org/entity/Q122375971,Kemps Creek Zone Substation,Electrical substation,-33.884150654,150.791815467
Australia,Q408,http://www.wikidata.org/entity/Q115682607,Hinchinbrook Zone Substation,Electrical substation,-33.924005964,150.84828135
Australia,Q408,http://www.wikidata.org/entity/Q124473515,Harrington Electricity Substation,Electrical substation,-31.87774,152.6593
Australia,Q408,http://www.wikidata.org/entity/Q133828212,Three Springs substation,Electrical substation,-29.5175,115.7693
Australia,Q408,http://www.wikidata.org/entity/Q133827896,Mungarra Terminal,Electrical substation,-28.8899,115.1187
Australia,Q408,http://www.wikidata.org/entity/Q133882476,Merredin Power Station Substation,Electrical substation,-31.5422,118.2265
Australia,Q408,http://www.wikidata.org/entity/Q125469382,Oakley Terminal,Electrical substation,-32.649297,115.94684
Australia,Q408,http://www.wikidata.org/entity/Q125469399,Landwehr Terminal,Electrical substation,-32.91564,115.922657
Australia,Q408,http://www.wikidata.org/entity/Q133882829,Kwinana Power Partnership,Electrical substation,-32.223103375,115.766281404
Australia,Q408,http://www.wikidata.org/entity/Q117193316,Bringelly Zone Substation,Electrical substation,-33.939555243,150.728773844
Australia,Q408,http://www.wikidata.org/entity/Q133827903,Walkaway Wind Farm Substation,Electrical substation,,
Australia,Q408,http://www.wikidata.org/entity/Q133887637,Tiwest Pigment Plant,Electrical substation,-32.227443787,115.772601445
Australia,Q408,http://www.wikidata.org/entity/Q134299842,Nowergup electrical substation,Electrical substation,-31.666042,115.7299282
Australia,Q408,http://www.wikidata.org/entity/Q133840714,Albany Substation (ALB),Electrical substation,-34.97628268,117.8318262
Australia,Q408,http://www.wikidata.org/entity/Q125469534,West Kalgoorlie Terminal,Electrical substation,-30.781405,121.423271
Australia,Q408,http://www.wikidata.org/entity/Q133828440,Muchea Substation,Electrical substation,-31.5579,115.9584
Australia,Q408,http://www.wikidata.org/entity/Q134290314,Parklands electrical Substation,Electrical substation,-32.48436484,115.7645514
Australia,Q408,http://www.wikidata.org/entity/Q133828681,Generation Newgen Neerabup Substation,Electrical substation,-31.6708,115.8021
Australia,Q408,http://www.wikidata.org/entity/Q133828307,Pinjar Gas Turbine Terminal,Electrical substation,-31.5574,115.8222
Australia,Q408,http://www.wikidata.org/entity/Q134300151,Colgar Wind farm electrical substation,Electrical substation,-31.54094972,118.4566701
Australia,Q408,http://www.wikidata.org/entity/Q123527558,Eildon,Electrical substation,-37.22422,145.92121
Australia,Q408,http://www.wikidata.org/entity/Q125469428,Kemerton Terminal,Electrical substation,-33.15128,115.76447
Australia,Q408,http://www.wikidata.org/entity/Q125468997,Three Springs Terminal,Electrical substation,-29.52529,115.79625
Australia,Q408,http://www.wikidata.org/entity/Q119247930,North Warragamba Zone Substation,Electrical substation,-33.876119325,150.615571135
Australia,Q408,http://www.wikidata.org/entity/Q133887738,Mumbida Wind Farm (WP),Electrical substation,-28.991854521,114.960467294
Australia,Q408,http://www.wikidata.org/entity/Q125469449,Shott's Terminal,Electrical substation,-33.236183,116.060053
Australia,Q408,http://www.wikidata.org/entity/Q125469339,Cannington Terminal,Electrical substation,-32.018832,115.942916
Australia,Q408,http://www.wikidata.org/entity/Q120282647,"No.4 Substation, Perth",Electrical substation,-31.942724617,115.857414013
Australia,Q408,http://www.wikidata.org/entity/Q133882435,Australian Fused Materials,Electrical substation,-32.264192696,115.762832636
Australia,Q408,http://www.wikidata.org/entity/Q134290237,CSBP elecrical substation,Electrical substation,-32.23630081,115.7757214
Australia,Q408,http://www.wikidata.org/entity/Q117313864,Leppington Substation,Electrical substation,-33.952413365,150.787857115
Australia,Q408,http://www.wikidata.org/entity/Q125469465,Well's Terminal,Electrical substation,-32.784812,116.446273
Australia,Q408,http://www.wikidata.org/entity/Q133828189,Geraldton 33 kV,Electrical substation,-28.7691,114.6488
Australia,Q408,http://www.wikidata.org/entity/Q117321989,ANZAC Village Zone Substation,Electrical substation,-33.945055555,150.930555555
Australia,Q408,http://www.wikidata.org/entity/Q117707573,Moorebank Zone Substation,Electrical substation,-33.93090365,150.93836422
Australia,Q408,http://www.wikidata.org/entity/Q134290262,Edgewater Electrical substation,Electrical substation,-31.77296709,115.7810845
Australia,Q408,http://www.wikidata.org/entity/Q125469502,Narrogin South Terminal,Electrical substation,-32.9573,117.18884
Australia,Q408,http://www.wikidata.org/entity/Q133828548,Kerr-McGee Muchea Substation,Electrical substation,-31.5336,115.9667
Australia,Q408,http://www.wikidata.org/entity/Q125469318,Kenwick Link Terminal,Electrical substation,-32.044576,115.978949
Australia,Q408,http://www.wikidata.org/entity/Q116058310,West Liverpool Transmission Substation,Electrical substation,-33.931096364,150.872020065
Australia,Q408,http://www.wikidata.org/entity/Q134289812,Emu Downs electrical substation,Electrical substation,-30.48830307,115.3768051
Australia,Q408,http://www.wikidata.org/entity/Q134299878,NewGen Kwinana Power Station electrical substation,Electrical substation,-32.20228543,115.7741382
Australia,Q408,http://www.wikidata.org/entity/Q133828224,Eneabba substation,Electrical substation,-29.9782,115.3329
Australia,Q408,http://www.wikidata.org/entity/Q134290475,ALCOA Pinjarra electrical substation,Electrical substation,-32.64901274,115.946331
Australia,Q408,http://www.wikidata.org/entity/Q134290369,Western Mining Smelter electrical substation,Electrical substation,-30.87475484,121.4862636
Australia,Q408,http://www.wikidata.org/entity/Q117338119,Chipping Norton Zone Substation,Electrical substation,-33.9193129,150.9623265
Australia,Q408,http://www.wikidata.org/entity/Q134290355,Walkawy Windfarm electrical substation,Electrical substation,-28.92294077,114.9281104
Australia,Q408,http://www.wikidata.org/entity/Q125469521,Merredin Terminal,Electrical substation,-32.45881,118.24723
Australia,Q408,http://www.wikidata.org/entity/Q123527458,Benalla,Electrical substation,-36.5561,145.96183
Australia,Q408,http://www.wikidata.org/entity/Q133887655,ALCOA Kwinana substation,Electrical substation,-32.196859429,115.778708777
Australia,Q408,http://www.wikidata.org/entity/Q130416006,Suffolk Park 132KV substation,Electrical substation,-28.672938715,153.59399986
Australia,Q408,http://www.wikidata.org/entity/Q134290274,Kerr McGee Cataby substation,Electrical substation,-30.65185158,115.4571865
Australia,Q408,http://www.wikidata.org/entity/Q125469352,Southern Terminal,Electrical substation,-32.09548,115.84577
Australia,Q408,http://www.wikidata.org/entity/Q29019913,Townsville South,Electrical substation,-19.35114,146.85288
Australia,Q408,http://www.wikidata.org/entity/Q92770932,Georgetown,Electrical substation,-18.3294122,143.5219478
Australia,Q408,http://www.wikidata.org/entity/Q29019906,Alan Sherriff,Electrical substation,-19.28653,146.74772
Australia,Q408,http://www.wikidata.org/entity/Q29019908,Bohle,Electrical substation,-19.26442,146.70805
Australia,Q408,http://www.wikidata.org/entity/Q29019909,Garbutt,Electrical substation,-19.2691,146.7779
Australia,Q408,http://www.wikidata.org/entity/Q29019903,Townsville,Electrical substation,-19.2001,146.61936
Australia,Q408,http://www.wikidata.org/entity/Q92750255,Walkamin,Electrical substation,-17.1850545,145.3797103
Australia,Q408,http://www.wikidata.org/entity/Q29019897,Kamerunga,Electrical substation,-16.8661404,145.6874509
Australia,Q408,http://www.wikidata.org/entity/Q58204904,Taylor Square Substation No. 6 and Underground Conveniences,Electrical substation,-33.8802,151.217
Australia,Q408,http://www.wikidata.org/entity/Q58204857,Ultimo Substation,Electrical substation,-33.8829,151.196
Australia,Q408,http://www.wikidata.org/entity/Q56755052,Pymble Substation,Electrical substation,-33.7489,151.145
Australia,Q408,http://www.wikidata.org/entity/Q92766955,Kidston Solar Farm,Electrical substation,-18.8884466,144.1394042
Australia,Q408,http://www.wikidata.org/entity/Q56278854,Paddington Substation,Electrical substation,-33.8843,151.2254
Australia,Q408,http://www.wikidata.org/entity/Q59491745,Argyle Street Railway Substation,Electrical substation,-33.858,151.2064
Australia,Q408,http://www.wikidata.org/entity/Q29019902,Townsville Power Station,Electrical substation,-19.20051,146.6190289
Australia,Q408,http://www.wikidata.org/entity/Q29019900,Ingham,Electrical substation,-18.6648782,146.1558504
Australia,Q408,http://www.wikidata.org/entity/Q19871584,Brisbane City Council Tramway Substation No 9,Electrical substation,-27.4749,153.055
Australia,Q408,http://www.wikidata.org/entity/Q29019910,Townsville Zinc,Electrical substation,-19.33536,146.88851
Australia,Q408,http://www.wikidata.org/entity/Q29019914,Townsville East,Electrical substation,-19.2617,146.83373
Australia,Q408,http://www.wikidata.org/entity/Q111417727,"No 3 Electricity Sub Station, West Perth",Electrical substation,-31.94717586,115.843072784
Australia,Q408,http://www.wikidata.org/entity/Q96741862,Brunswick West Tramway Substation,Electrical substation,-37.76916,144.94306
Australia,Q408,http://www.wikidata.org/entity/Q29019904,Dan Gleeson,Electrical substation,-19.32049,146.71804
Australia,Q408,http://www.wikidata.org/entity/Q58202535,Cammeray Substation,Electrical substation,-33.8195,151.2127
Australia,Q408,http://www.wikidata.org/entity/Q29019899,Ingham South,Electrical substation,-18.66534,146.15641
Australia,Q408,http://www.wikidata.org/entity/Q20861569,Windsor Town Quarry Park and Tramways Substation No. 6,Electrical substation,-27.4282,153.0324
Australia,Q408,http://www.wikidata.org/entity/Q92753001,Mount Emerald Wind Farm,Electrical substation,-17.1828305,145.3817006
Australia,Q408,http://www.wikidata.org/entity/Q58203172,Substation No. 15,Electrical substation,-33.8789,151.1716
Australia,Q408,http://www.wikidata.org/entity/Q92740016,Lakeland,Electrical substation,,
Australia,Q408,http://www.wikidata.org/entity/Q111132585,Malaga substation,Electrical substation,-31.85241,115.89181
Australia,Q408,http://www.wikidata.org/entity/Q29019901,Cardwell,Electrical substation,-18.34005,146.04684
Australia,Q408,http://www.wikidata.org/entity/Q29019896,Barron Gorge Power Station,Electrical substation,-16.85034,145.64666
Australia,Q408,http://www.wikidata.org/entity/Q29019905,Black River,Electrical substation,-19.23287,146.65312
Australia,Q408,http://www.wikidata.org/entity/Q29019898,Tully,Electrical substation,-17.95484,145.90944
Australia,Q408,http://www.wikidata.org/entity/Q19871587,Brisbane City Council Tramways Substation No. 8,Electrical substation,-27.4158,153.037
Australia,Q408,http://www.wikidata.org/entity/Q56755064,Electricity Substation No. 349,Electrical substation,-33.9102,151.2368
Australia,Q408,http://www.wikidata.org/entity/Q19872532,Coorparoo Substation No. 210,Electrical substation,-27.4982,153.051
Australia,Q408,http://www.wikidata.org/entity/Q29019912,Aitkenvale,Electrical substation,-19.29887,146.77112
Australia,Q408,http://www.wikidata.org/entity/Q29019915,Cranbrook,Electrical substation,-19.3115,146.74745
Australia,Q408,http://www.wikidata.org/entity/Q29019911,Stuart,Electrical substation,-19.34462,146.84824
Australia,Q408,http://www.wikidata.org/entity/Q19876790,Paddington Tramways Substation,Electrical substation,-27.4586,153.0
Austria,Q40,http://www.wikidata.org/entity/Q105632506,Umspannwerk Schmelz,Electrical substation,48.200595,16.333062
Austria,Q40,http://www.wikidata.org/entity/Q105137448,Q105137448,Electrical substation,47.39138923,12.42564803
Austria,Q40,http://www.wikidata.org/entity/Q1692020,Tauern substation,Electrical substation,47.2778,12.7397
Austria,Q40,http://www.wikidata.org/entity/Q37715443,"Elektrizitätswerk Walder Straße, Absam",Electrical substation,47.30654,11.520456
Austria,Q40,http://www.wikidata.org/entity/Q21881556,Andelsbuch substation,Electrical substation,47.40142,9.87758
Austria,Q40,http://www.wikidata.org/entity/Q2478701,Bisamberg substation,Electrical substation,48.3575,16.3786
Austria,Q40,http://www.wikidata.org/entity/Q120967425,Q120967425,Electrical substation,48.495889853,14.481215755
Austria,Q40,http://www.wikidata.org/entity/Q120967410,Q120967410,Electrical substation,48.518216228,14.28756258
Austria,Q40,http://www.wikidata.org/entity/Q67888341,Schärding substation,Electrical substation,48.434583333,13.442777777
Austria,Q40,http://www.wikidata.org/entity/Q37903008,Q37903008,Electrical substation,47.284229,11.410112
Austria,Q40,http://www.wikidata.org/entity/Q67885973,Werben substation,Electrical substation,47.4325,9.716944444
Austria,Q40,http://www.wikidata.org/entity/Q121856405,Q121856405,Electrical substation,48.49577,14.27863
Austria,Q40,http://www.wikidata.org/entity/Q56717633,Oststeiermark/Wünschendorf substation,Electrical substation,47.091111111,15.725833333
Austria,Q40,http://www.wikidata.org/entity/Q67883692,Pyhrn substation,Electrical substation,47.678472222,14.330555555
Austria,Q40,http://www.wikidata.org/entity/Q106455359,Q106455359,Electrical substation,47.39034405,11.79736888
Austria,Q40,http://www.wikidata.org/entity/Q15133023,Salzburg West substation,Electrical substation,47.791917,13.018667
Austria,Q40,http://www.wikidata.org/entity/Q37935581,Favoriten substation,Electrical substation,48.182179,16.377194
Austria,Q40,http://www.wikidata.org/entity/Q124350448,Josefstadt substation,Electrical substation,48.20784,16.34975
Austria,Q40,http://www.wikidata.org/entity/Q998879,Wien-Südost substation,Electrical substation,48.1219,16.4181
Austria,Q40,http://www.wikidata.org/entity/Q38086343,Trafostation Puntigam,Electrical substation,47.028852,15.434371
Austria,Q40,http://www.wikidata.org/entity/Q112943866,Substation Knittelfeld,Electrical substation,47.212569,14.813792
Austria,Q40,http://www.wikidata.org/entity/Q67895002,Wienerberg substation,Electrical substation,48.168333333,16.353888888
Austria,Q40,http://www.wikidata.org/entity/Q37918565,Q37918565,Electrical substation,48.01498,15.59745
Austria,Q40,http://www.wikidata.org/entity/Q872819,GK Dürnrohr,Electrical substation,48.3296,15.8799
Austria,Q40,http://www.wikidata.org/entity/Q38112491,Q38112491,Electrical substation,46.856469,15.53765
Austria,Q40,http://www.wikidata.org/entity/Q38177863,Q38177863,Electrical substation,47.26017597,9.60928979
Austria,Q40,http://www.wikidata.org/entity/Q37775645,Trafostation Währinger Gürtel,Electrical substation,48.226486,16.349874
Austria,Q40,http://www.wikidata.org/entity/Q2478707,Ernsthofen substation,Electrical substation,48.1248,14.4748
Austria,Q40,http://www.wikidata.org/entity/Q37813656,Trafostation Kaiserschützenplatz,Electrical substation,47.258357,11.396369
Austria,Q40,http://www.wikidata.org/entity/Q37719772,Umspannwerk Ost Trofaiach,Electrical substation,47.430138,15.011083
Austria,Q40,http://www.wikidata.org/entity/Q38070556,Städtisches Elektrizitätswerk Feldkirch,Electrical substation,47.236022,9.59629
Austria,Q40,http://www.wikidata.org/entity/Q2478720,Süd substation,Electrical substation,48.1654,16.3302
Austria,Q40,http://www.wikidata.org/entity/Q106660128,Q106660128,Electrical substation,47.9606,16.8378
Austria,Q40,http://www.wikidata.org/entity/Q113461296,E-Werk Tscheuritsch,Electrical substation,46.69626,13.6984
Austria,Q40,http://www.wikidata.org/entity/Q121063220,Q121063220,Electrical substation,48.415527919,14.610684936
Austria,Q40,http://www.wikidata.org/entity/Q1596537,Dürnrohr substation,Electrical substation,48.3289,15.8859
Austria,Q40,http://www.wikidata.org/entity/Q67894596,Enzesfeld substation,Electrical substation,47.9243,16.1856
Austria,Q40,http://www.wikidata.org/entity/Q115792845,Q115792845,Electrical substation,47.262471,11.39713
Austria,Q40,http://www.wikidata.org/entity/Q37760854,Q37760854,Electrical substation,47.405863,15.249315
Austria,Q40,http://www.wikidata.org/entity/Q873304,GK Wien–Southeast,Electrical substation,48.1227,16.4183
Austria,Q40,http://www.wikidata.org/entity/Q122911205,Q122911205,Electrical substation,48.29167,14.28608
Austria,Q40,http://www.wikidata.org/entity/Q37995068,Q37995068,Electrical substation,47.7864201,13.0755347
Austria,Q40,http://www.wikidata.org/entity/Q105633295,Weißgerber substation,Electrical substation,48.205526,16.391027
Austria,Q40,http://www.wikidata.org/entity/Q67882577,Klaus substation,Electrical substation,47.821388888,14.163194444
Austria,Q40,http://www.wikidata.org/entity/Q67892533,Forstsee substation,Electrical substation,46.622527777,14.072833333
Austria,Q40,http://www.wikidata.org/entity/Q38182891,Q38182891,Electrical substation,47.64613,14.95004
Austria,Q40,http://www.wikidata.org/entity/Q67884022,Sattledt substation,Electrical substation,48.083194444,14.052083333
Austria,Q40,http://www.wikidata.org/entity/Q38101990,Umspannwerk Präbichl,Electrical substation,47.523939,14.948895
Austria,Q40,http://www.wikidata.org/entity/Q121731009,Q121731009,Electrical substation,48.41727253,14.615668494
Austria,Q40,http://www.wikidata.org/entity/Q106811617,Q106811617,Electrical substation,47.37615649,10.89198442
Austria,Q40,http://www.wikidata.org/entity/Q113326781,Umspannwerk St. Peter,Electrical substation,48.256469911,13.07896614
Austria,Q40,http://www.wikidata.org/entity/Q38174797,Michelbeuern substation,Electrical substation,48.222729,16.348735
France,Q142,http://www.wikidata.org/entity/Q124962480,RTE electrical substation of Champagnier,Electrical substation,45.10645,5.70896
France,Q142,http://www.wikidata.org/entity/Q2304190,Q2304190,Electrical substation,,
France,Q142,http://www.wikidata.org/entity/Q111130723,Asasp substation,Electrical substation,43.10883,-0.62468
France,Q142,http://www.wikidata.org/entity/Q52524943,Tavel substation,Electrical substation,44.015,4.641944444
France,Q142,http://www.wikidata.org/entity/Q95960887,Poste électrique de Cusset,Electrical substation,45.76506,4.91648
France,Q142,http://www.wikidata.org/entity/Q111073939,Station électrique ferroviaire de Saint-Martin-du-Tertre,Electrical substation,48.22056,3.26338
France,Q142,http://www.wikidata.org/entity/Q130262516,Q130262516,Electrical substation,45.9291281,6.120604
France,Q142,http://www.wikidata.org/entity/Q111083391,Pont-l'Abbé substation,Electrical substation,47.84885,-4.25172
France,Q142,http://www.wikidata.org/entity/Q111061945,Clichy-sous-Bois substation,Electrical substation,48.91499,2.54329
France,Q142,http://www.wikidata.org/entity/Q124990039,Henri-Paul electrical substation,Electrical substation,46.74581274,4.504756598
France,Q142,http://www.wikidata.org/entity/Q111046637,Cézy railway traction substation,Electrical substation,47.98386,3.33947
France,Q142,http://www.wikidata.org/entity/Q111130257,Kembs substation,Electrical substation,47.65425,7.51706
France,Q142,http://www.wikidata.org/entity/Q55094225,Éguzon substation,Electrical substation,46.4575,1.619722222
France,Q142,http://www.wikidata.org/entity/Q100880611,"Transformateur électrique, rue Girardot",Electrical substation,48.860462,2.440448
France,Q142,http://www.wikidata.org/entity/Q100880657,"Transformateur électrique, avenue Paul-Signac",Electrical substation,48.866886,2.454982
France,Q142,http://www.wikidata.org/entity/Q113329568,Poste electrique de Pamiers,Electrical substation,43.123473114,1.618750691
France,Q142,http://www.wikidata.org/entity/Q111143062,Penchard railway traction substation,Electrical substation,48.99874,2.84773
France,Q142,http://www.wikidata.org/entity/Q111129353,Villejust substation,Electrical substation,48.6762,2.2302
France,Q142,http://www.wikidata.org/entity/Q3492079,Sous-station Bastille,Electrical substation,48.8517,2.36722
France,Q142,http://www.wikidata.org/entity/Q122970397,Tourbe Converter Station,Electrical substation,49.1108,-0.262
France,Q142,http://www.wikidata.org/entity/Q111046621,Arrighi substation,Electrical substation,48.78551,2.41454
France,Q142,http://www.wikidata.org/entity/Q100880597,"Transformateur électrique, rue de la Solidarité",Electrical substation,48.852889,2.44617
France,Q142,http://www.wikidata.org/entity/Q111135860,Le Pouget substation,Electrical substation,44.05903,2.76809
France,Q142,http://www.wikidata.org/entity/Q124989984,RTE electrical substation of Pariset,Electrical substation,45.180588691,5.700030241
France,Q142,http://www.wikidata.org/entity/Q111132716,Verger substation,Electrical substation,47.71189,1.59819
France,Q142,http://www.wikidata.org/entity/Q111135816,Villeneuve-sur-Yonne railway traction substation,Electrical substation,48.0958,3.27898
France,Q142,http://www.wikidata.org/entity/Q111287870,Aigurande substation,Electrical substation,46.44999,1.82707
France,Q142,http://www.wikidata.org/entity/Q96606347,Q96606347,Electrical substation,48.894308501,2.282087568
France,Q142,http://www.wikidata.org/entity/Q111045877,Station électrique ferroviaire Les Vignes,Electrical substation,46.4445,1.55255
France,Q142,http://www.wikidata.org/entity/Q134608505,Q134608505,Electrical substation,50.133118522,4.821216126
France,Q142,http://www.wikidata.org/entity/Q100880486,"Transformateur électrique, 91 rue François-Arago",Electrical substation,48.851784,2.428851
France,Q142,http://www.wikidata.org/entity/Q111143524,Lothiers railway traction substation,Electrical substation,46.69487,1.56327
France,Q142,http://www.wikidata.org/entity/Q111068261,old Lure substation,Electrical substation,47.67462,6.50884
France,Q142,http://www.wikidata.org/entity/Q111287844,La Ferrande substation,Electrical substation,46.63137,1.03998
France,Q142,http://www.wikidata.org/entity/Q111143149,Auneau substation,Electrical substation,48.44301,1.77631
France,Q142,http://www.wikidata.org/entity/Q113759717,Sous-station Cité,Electrical substation,48.854065902,2.350132376
France,Q142,http://www.wikidata.org/entity/Q111287786,Morbras substaiton,Electrical substation,48.77895,2.64804
France,Q142,http://www.wikidata.org/entity/Q52493300,Vigy substation,Electrical substation,49.1975,6.276388888
France,Q142,http://www.wikidata.org/entity/Q111135907,Bois-Tollot substation,Electrical substation,46.25062,6.05572
France,Q142,http://www.wikidata.org/entity/Q111203980,Mousseaux substation,Electrical substation,46.8119,1.7262
France,Q142,http://www.wikidata.org/entity/Q111287940,Châtillon-sur-Indre substation,Electrical substation,46.99816,1.17573
France,Q142,http://www.wikidata.org/entity/Q111142619,Saint-Contest substation,Electrical substation,49.21775,-0.40807
France,Q142,http://www.wikidata.org/entity/Q111074386,Saint-Maur substation,Electrical substation,48.8118,2.4771
France,Q142,http://www.wikidata.org/entity/Q111143467,Gannes railway traction substation,Electrical substation,49.58244,2.42031
France,Q142,http://www.wikidata.org/entity/Q111066885,old Fougerolles substation,Electrical substation,47.88856,6.40328
France,Q142,http://www.wikidata.org/entity/Q2390203,Vesoul substation,Electrical substation,47.6212,6.14612
France,Q142,http://www.wikidata.org/entity/Q122969276,La Martyre Converter Station,Electrical substation,48.4432,-4.1973
France,Q142,http://www.wikidata.org/entity/Q111072607,Sous-station électrique de la mine des Télots,Electrical substation,46.98754,4.30071
France,Q142,http://www.wikidata.org/entity/Q111076391,Grandval substation,Electrical substation,44.92201,3.07403
France,Q142,http://www.wikidata.org/entity/Q111063035,Faymoreau substation,Electrical substation,46.54816,-0.62269
France,Q142,http://www.wikidata.org/entity/Q111067484,old Frahier substation,Electrical substation,47.66525,6.73213
France,Q142,http://www.wikidata.org/entity/Q98399063,Cize substation,Electrical substation,46.20506,5.46228
France,Q142,http://www.wikidata.org/entity/Q111287758,Morosaglia substation,Electrical substation,42.45587,9.21425
France,Q142,http://www.wikidata.org/entity/Q111075055,Sarrans substation,Electrical substation,44.82885,2.74038
France,Q142,http://www.wikidata.org/entity/Q122975893,Peuplingues Converter Station,Electrical substation,50.9202,1.7806
France,Q142,http://www.wikidata.org/entity/Q111142704,Courrières substation,Electrical substation,50.45013,2.93072
France,Q142,http://www.wikidata.org/entity/Q111061487,Chevilly substation,Electrical substation,48.77399,2.36514
France,Q142,http://www.wikidata.org/entity/Q111130773,Lesquive substation,Electrical substation,43.81657,1.27334
France,Q142,http://www.wikidata.org/entity/Q111143086,Gambsheim substation,Electrical substation,48.68471,7.91192
France,Q142,http://www.wikidata.org/entity/Q82002104,Transformateur électrique de la rue Émile-Beaufils,Electrical substation,48.87259,2.45633
France,Q142,http://www.wikidata.org/entity/Q111135949,Thones substation,Electrical substation,45.88466,6.3198
France,Q142,http://www.wikidata.org/entity/Q111135848,Vogelgrun substation,Electrical substation,48.01896,7.57262
France,Q142,http://www.wikidata.org/entity/Q111062421,Essert substation,Electrical substation,47.63698,6.83939
France,Q142,http://www.wikidata.org/entity/Q129259607,Q129259607,Electrical substation,,
France,Q142,http://www.wikidata.org/entity/Q111142738,Soler railway traction substation,Electrical substation,42.68119,2.82208
France,Q142,http://www.wikidata.org/entity/Q126392351,Q126392351,Electrical substation,48.86619,2.36669
France,Q142,http://www.wikidata.org/entity/Q113329565,poste electrique de Portet,Electrical substation,43.528046661,1.386659145
France,Q142,http://www.wikidata.org/entity/Q111658735,Sous-station Sèvres,Electrical substation,48.852359919,2.328222661
France,Q142,http://www.wikidata.org/entity/Q104029935,Voltaire substation,Electrical substation,48.859595698,2.379568446
France,Q142,http://www.wikidata.org/entity/Q111070529,Ronchamp substation,Electrical substation,47.69561,6.62766
France,Q142,http://www.wikidata.org/entity/Q111068998,Saint-Victor substation,Electrical substation,44.05118,2.8044
France,Q142,http://www.wikidata.org/entity/Q111135772,Rousson substation,Electrical substation,48.09468,3.27846
Czech Republic,Q213,http://www.wikidata.org/entity/Q55992609,traction substation Rokoska,Electrical substation,50.1173264,14.4652722
Czech Republic,Q213,http://www.wikidata.org/entity/Q108560908,traction substation Radlice,Electrical substation,50.0602089,14.3951175
Czech Republic,Q213,http://www.wikidata.org/entity/Q108560165,traction substation Strašnice,Electrical substation,50.0756233,14.4869958
Czech Republic,Q213,http://www.wikidata.org/entity/Q116974385,Q116974385,Electrical substation,50.2507425,15.5217497
Czech Republic,Q213,http://www.wikidata.org/entity/Q108567919,traction substation Krejcárek,Electrical substation,50.0961742,14.4769922
Czech Republic,Q213,http://www.wikidata.org/entity/Q38040867,Q38040867,Electrical substation,49.9381836,17.9012744
Czech Republic,Q213,http://www.wikidata.org/entity/Q37818132,Zengerova trafostanice,Electrical substation,50.092296167,14.409823495
Czech Republic,Q213,http://www.wikidata.org/entity/Q120531178,Q120531178,Electrical substation,50.40198,13.2422375
Czech Republic,Q213,http://www.wikidata.org/entity/Q121396823,Q121396823,Electrical substation,49.7853258,18.5079678
Czech Republic,Q213,http://www.wikidata.org/entity/Q121397621,Q121397621,Electrical substation,49.2165447,17.5594803
Czech Republic,Q213,http://www.wikidata.org/entity/Q108562101,traction substation Střelničná,Electrical substation,50.1248317,14.4615044
Czech Republic,Q213,http://www.wikidata.org/entity/Q108561812,traction substation Libeň,Electrical substation,50.1019289,14.477975
Czech Republic,Q213,http://www.wikidata.org/entity/Q108567963,traction substation Trojská,Electrical substation,50.1159428,14.4327389
Czech Republic,Q213,http://www.wikidata.org/entity/Q108561556,traction substation Vyšehrad,Electrical substation,50.0658667,14.4209806
Czech Republic,Q213,http://www.wikidata.org/entity/Q108560197,traction substation Zelená Liška,Electrical substation,50.0489244,14.4455761
Czech Republic,Q213,http://www.wikidata.org/entity/Q108561872,traction substation Košíře,Electrical substation,50.0691294,14.3558675
Czech Republic,Q213,http://www.wikidata.org/entity/Q108560645,traction substation Hostivař 1955,Electrical substation,50.0565219,14.5146433
Czech Republic,Q213,http://www.wikidata.org/entity/Q113323078,Poříčí new electrical substation (open switchyard),Electrical substation,50.576703122,15.956541895
Czech Republic,Q213,http://www.wikidata.org/entity/Q37001235,Q37001235,Electrical substation,49.0261819,14.2401039
Czech Republic,Q213,http://www.wikidata.org/entity/Q108561955,traction substation Perštýn,Electrical substation,50.0819294,14.4204311
Czech Republic,Q213,http://www.wikidata.org/entity/Q113480405,Vratimov electrical substation,Electrical substation,49.775028736,18.324358463
Czech Republic,Q213,http://www.wikidata.org/entity/Q108561788,traction substation Hřebenka,Electrical substation,50.0732692,14.3910961
Czech Republic,Q213,http://www.wikidata.org/entity/Q113480449,Bohumín electrical substation,Electrical substation,49.895083638,18.33664298
Czech Republic,Q213,http://www.wikidata.org/entity/Q121682723,Q121682723,Electrical substation,49.5031858,17.4980406
Czech Republic,Q213,http://www.wikidata.org/entity/Q108560472,traction substation Opletalova (Střed),Electrical substation,50.08088,14.43021
Czech Republic,Q213,http://www.wikidata.org/entity/Q108562177,traction substation Řepy,Electrical substation,50.0640886,14.3101117
Czech Republic,Q213,http://www.wikidata.org/entity/Q108560834,traction substation Pivovar 1987,Electrical substation,50.1052133,14.4501836
Czech Republic,Q213,http://www.wikidata.org/entity/Q108562080,traction substation Altán,Electrical substation,50.0687867,14.4875381
Czech Republic,Q213,http://www.wikidata.org/entity/Q113480401,Kuncice electrical substation,Electrical substation,49.797998464,18.288631439
Czech Republic,Q213,http://www.wikidata.org/entity/Q108560510,traction substation Břevnov,Electrical substation,50.0803761,14.348745
Czech Republic,Q213,http://www.wikidata.org/entity/Q108560748,traction substation Karlín,Electrical substation,50.0897164,14.4377425
Czech Republic,Q213,http://www.wikidata.org/entity/Q108560835,traction substation Pivovar,Electrical substation,50.1054406,14.4500875
Czech Republic,Q213,http://www.wikidata.org/entity/Q63092573,traction substation Červený Vrch,Electrical substation,50.096722222,14.350361111
Czech Republic,Q213,http://www.wikidata.org/entity/Q108560747,traction substation Karlín 1963,Electrical substation,50.0921158,14.4400047
Czech Republic,Q213,http://www.wikidata.org/entity/Q108561661,traction substation Střešovice,Electrical substation,50.0944717,14.3896628
Czech Republic,Q213,http://www.wikidata.org/entity/Q108560647,traction substation Hostivař,Electrical substation,50.0566436,14.5142094
Czech Republic,Q213,http://www.wikidata.org/entity/Q113329494,Dubice electrical substation,Electrical substation,50.674406381,14.51886177
Czech Republic,Q213,http://www.wikidata.org/entity/Q108561379,traction substation Podolí,Electrical substation,50.0577397,14.4280967
Czech Republic,Q213,http://www.wikidata.org/entity/Q108560145,traction substation Žižkov,Electrical substation,50.0858386,14.4474983
Czech Republic,Q213,http://www.wikidata.org/entity/Q108560938,traction substation Barrandov,Electrical substation,50.0318322,14.3673658
Czech Republic,Q213,http://www.wikidata.org/entity/Q126287674,Q126287674,Electrical substation,50.0396203,15.3578944
Czech Republic,Q213,http://www.wikidata.org/entity/Q108561716,traction substation Zlíchov,Electrical substation,50.0498619,14.4099428
Czech Republic,Q213,http://www.wikidata.org/entity/Q108562038,traction substation Braník,Electrical substation,50.0428128,14.4119881
Czech Republic,Q213,http://www.wikidata.org/entity/Q84315204,Svornosti 19,Electrical substation,50.070483,14.408372
Czech Republic,Q213,http://www.wikidata.org/entity/Q127713002,Q127713002,Electrical substation,49.6141875,15.4111008
Czech Republic,Q213,http://www.wikidata.org/entity/Q108560790,traction substation Ohrada,Electrical substation,50.0850578,14.4692514
Czech Republic,Q213,http://www.wikidata.org/entity/Q38097030,Q38097030,Electrical substation,50.0691569,14.3994113
Czech Republic,Q213,http://www.wikidata.org/entity/Q108561299,traction substation Bělehradská,Electrical substation,50.0702258,14.4327594
Czech Republic,Q213,http://www.wikidata.org/entity/Q113329389,Trmice electrical substation,Electrical substation,50.633634597,13.986432552
Czech Republic,Q213,http://www.wikidata.org/entity/Q108567777,traction substation Strojnická (Holešovice),Electrical substation,50.1026267,14.4306181
Czech Republic,Q213,http://www.wikidata.org/entity/Q113480413,Lískovec Electrical substation,Electrical substation,49.704749752,18.315410614
Czech Republic,Q213,http://www.wikidata.org/entity/Q108560595,"traction substation Rokoska, 1996",Electrical substation,50.1181364,14.4661492
Czech Republic,Q213,http://www.wikidata.org/entity/Q108312213,Měnírna Křenovka,Electrical substation,50.0869081,14.4415697
Czech Republic,Q213,http://www.wikidata.org/entity/Q113480426,Pribor electrical substation,Electrical substation,49.629615832,18.143062591
Czech Republic,Q213,http://www.wikidata.org/entity/Q108560357,"traction substation Vokovice, 1932",Electrical substation,50.0983003,14.3671233
Czech Republic,Q213,http://www.wikidata.org/entity/Q116166571,Q116166571,Electrical substation,49.9912664,18.1111142
Czech Republic,Q213,http://www.wikidata.org/entity/Q37990504,transformer station in Nedvězí,Electrical substation,50.0164358,14.6523819
Czech Republic,Q213,http://www.wikidata.org/entity/Q108561892,traction substation Vinohrady,Electrical substation,50.0734864,14.4521747
Czech Republic,Q213,http://www.wikidata.org/entity/Q120531232,Q120531232,Electrical substation,50.1042825,14.5111867
Czech Republic,Q213,http://www.wikidata.org/entity/Q108560358,traction substation Vokovice,Electrical substation,50.0985986,14.3679183
Czech Republic,Q213,http://www.wikidata.org/entity/Q108562150,traction substation Poděbradská,Electrical substation,50.1042536,14.5260714
Czech Republic,Q213,http://www.wikidata.org/entity/Q113323052,Poříčí old electrical substation (Building),Electrical substation,50.576464657,15.958376526
Czech Republic,Q213,http://www.wikidata.org/entity/Q108562122,traction substation Petřiny,Electrical substation,50.0913419,14.3561675
Czech Republic,Q213,http://www.wikidata.org/entity/Q110715181,Q110715181,Electrical substation,,
Czech Republic,Q213,http://www.wikidata.org/entity/Q61268474,Q61268474,Electrical substation,50.664138888,14.027277777
Czech Republic,Q213,http://www.wikidata.org/entity/Q126956472,Q126956472,Electrical substation,50.147063888,12.824708333
Czech Republic,Q213,http://www.wikidata.org/entity/Q108560029,Q108560029,Electrical substation,50.0892133,14.4105036
Czech Republic,Q213,http://www.wikidata.org/entity/Q108560789,traction substation Ohrada 1953,Electrical substation,50.0848689,14.4696567
Czech Republic,Q213,http://www.wikidata.org/entity/Q108561354,traction substation Michle,Electrical substation,50.0619411,14.4724506
Czech Republic,Q213,http://www.wikidata.org/entity/Q108561742,traction substation Hloubětín,Electrical substation,50.1087786,14.5291922
Czech Republic,Q213,http://www.wikidata.org/entity/Q108562022,traction substation Ústřední dílny,Electrical substation,50.0729397,14.5299739
Czech Republic,Q213,http://www.wikidata.org/entity/Q108575866,Q108575866,Electrical substation,50.0841656,14.5290964
Czech Republic,Q213,http://www.wikidata.org/entity/Q124948383,Q124948383,Electrical substation,49.19047,16.60964
Czech Republic,Q213,http://www.wikidata.org/entity/Q126287717,Q126287717,Electrical substation,50.0440533,15.3588239
Czech Republic,Q213,http://www.wikidata.org/entity/Q11936236,Vozovna Královo Pole,Electrical substation,49.2289,16.5928
Czech Republic,Q213,http://www.wikidata.org/entity/Q108567938,traction substation Černý Kůň,Electrical substation,50.0224325,14.4030072
Czech Republic,Q213,http://www.wikidata.org/entity/Q108560936,traction substation Hlubočepy,Electrical substation,50.036045,14.3945442
Czech Republic,Q213,http://www.wikidata.org/entity/Q108567951,traction substation Modřany,Electrical substation,50.0020547,14.4040614
Czech Republic,Q213,http://www.wikidata.org/entity/Q120685729,Dasný substation,Electrical substation,,
Czech Republic,Q213,http://www.wikidata.org/entity/Q42293717,Sokolnice substation,Electrical substation,49.111944444,16.7
Czech Republic,Q213,http://www.wikidata.org/entity/Q52671831,Neznášov substation,Electrical substation,50.335833333,15.835
Czech Republic,Q213,http://www.wikidata.org/entity/Q55646085,Chotějovice substation,Electrical substation,50.583055555,13.801388888
Czech Republic,Q213,http://www.wikidata.org/entity/Q55551036,Sedlčany substation,Electrical substation,49.653055555,14.405555555
Czech Republic,Q213,http://www.wikidata.org/entity/Q55599725,Slavětice substation,Electrical substation,49.103888888,16.118888888
Czech Republic,Q213,http://www.wikidata.org/entity/Q55592244,Chrást substation,Electrical substation,49.778888888,13.474444444
Czech Republic,Q213,http://www.wikidata.org/entity/Q55590529,Kletné substation,Electrical substation,49.678055555,17.941388888
Czech Republic,Q213,http://www.wikidata.org/entity/Q55511923,Prosenice substation,Electrical substation,49.503055555,17.498055555
Czech Republic,Q213,http://www.wikidata.org/entity/Q124295318,Q124295318,Electrical substation,50.6511878,15.7489967
Czech Republic,Q213,http://www.wikidata.org/entity/Q55532968,Babylon substation,Electrical substation,50.635277777,14.455833333
Czech Republic,Q213,http://www.wikidata.org/entity/Q55536515,Kočín substation,Electrical substation,49.158055555,14.351944444
Czech Republic,Q213,http://www.wikidata.org/entity/Q55670028,Týnec substation,Electrical substation,50.054722222,15.361111111
Czech Republic,Q213,http://www.wikidata.org/entity/Q55549067,Sušice substation,Electrical substation,49.243888888,13.515555555
Czech Republic,Q213,http://www.wikidata.org/entity/Q55590496,Nošovice substation,Electrical substation,49.668611111,18.430555555
Czech Republic,Q213,http://www.wikidata.org/entity/Q55593462,Mírovka substation,Electrical substation,49.581111111,15.599444444
Czech Republic,Q213,http://www.wikidata.org/entity/Q55594393,Krasíkov substation,Electrical substation,49.858611111,16.668333333
Czech Republic,Q213,http://www.wikidata.org/entity/Q52641883,Chodov substation,Electrical substation,50.0175,14.503888888
Czech Republic,Q213,http://www.wikidata.org/entity/Q125350915,Q125350915,Electrical substation,50.7726889,14.9320392
Czech Republic,Q213,http://www.wikidata.org/entity/Q55532601,Výškov substation,Electrical substation,50.395555555,13.695
Czech Republic,Q213,http://www.wikidata.org/entity/Q12050038,Praha jih substation,Electrical substation,50.062222222,14.477777777
Czech Republic,Q213,http://www.wikidata.org/entity/Q55535504,Přeštice substation,Electrical substation,49.589722222,13.335277777
Czech Republic,Q213,http://www.wikidata.org/entity/Q55762220,Vítkov substation,Electrical substation,50.160833333,12.675
Czech Republic,Q213,http://www.wikidata.org/entity/Q55548681,Opočínek substation,Electrical substation,50.031944444,15.649166666
Czech Republic,Q213,http://www.wikidata.org/entity/Q55579543,Čebín substation,Electrical substation,49.330555555,16.4575
Czech Republic,Q213,http://www.wikidata.org/entity/Q12059561,Čechy Střed substation,Electrical substation,50.142777777,14.768611111
Czech Republic,Q213,http://www.wikidata.org/entity/Q52670968,Bezděčín substation,Electrical substation,50.657777777,15.1125
Czech Republic,Q213,http://www.wikidata.org/entity/Q130118560,Q130118560,Electrical substation,49.9546478,15.0301742
Czech Republic,Q213,http://www.wikidata.org/entity/Q2478719,Hradec substation,Electrical substation,50.344514,13.324753
Czech Republic,Q213,http://www.wikidata.org/entity/Q55580285,Milín substation,Electrical substation,49.5963856,14.0700219
Czech Republic,Q213,http://www.wikidata.org/entity/Q55754162,Horní Životice substation,Electrical substation,49.973333333,17.647777777
Czech Republic,Q213,http://www.wikidata.org/entity/Q96049907,"Electrical station at Spáleniště, Liberec",Electrical substation,50.7399619,15.0169039
Czech Republic,Q213,http://www.wikidata.org/entity/Q55496915,Řeporyje substation,Electrical substation,50.015833333,14.33
United States,Q30,http://www.wikidata.org/entity/Q55403188,Glen Canyon substation,Electrical substation,36.931944444,-111.486111111
United States,Q30,http://www.wikidata.org/entity/Q16900829,Substation 7,Electrical substation,40.7869,-73.9486
United States,Q30,http://www.wikidata.org/entity/Q55854409,Kingman substation,Electrical substation,36.012277777,-114.735472222
United States,Q30,http://www.wikidata.org/entity/Q6175599,Jefferson Substation,Electrical substation,45.513889,-122.674167
United States,Q30,http://www.wikidata.org/entity/Q130489444,Electric Substation #46,Electrical substation,35.246388888,-89.996666666
United States,Q30,http://www.wikidata.org/entity/Q54616542,Rockdale substation,Electrical substation,42.977222222,-89.0425
United States,Q30,http://www.wikidata.org/entity/Q55864278,SCE 230 kV substation,Electrical substation,36.015972222,-114.743333333
United States,Q30,http://www.wikidata.org/entity/Q7122438,Pacific Electric Railway Company Substation No. 8,Electrical substation,34.184444,-118.131944
United States,Q30,http://www.wikidata.org/entity/Q23016607,Adelanto Converter Station,Electrical substation,34.55111111,-117.43722222
United States,Q30,http://www.wikidata.org/entity/Q7981907,Welsh HVDC Converter Station,Electrical substation,33.0583,-94.8441
United States,Q30,http://www.wikidata.org/entity/Q55864360,SCE 138 kV substation,Electrical substation,36.019305555,-114.742805555
United States,Q30,http://www.wikidata.org/entity/Q7632097,Substation 17,Electrical substation,40.86,-73.926944
United States,Q30,http://www.wikidata.org/entity/Q111758688,Commonwealth Edison Clifton Substation,Electrical substation,41.962004818,-87.65771814
United States,Q30,http://www.wikidata.org/entity/Q30626738,Hartford Electric Light Company Maple Avenue Sub-Station,Electrical substation,41.74166667,-72.68333333
United States,Q30,http://www.wikidata.org/entity/Q7838703,Tres Amigas SuperStation,Electrical substation,34.4,-103.083
United States,Q30,http://www.wikidata.org/entity/Q6134975,Substation 42,Electrical substation,40.760278,-73.969167
United States,Q30,http://www.wikidata.org/entity/Q109123245,Bushwick-Boerum Substation,Electrical substation,40.706068052,-73.939243901
United States,Q30,http://www.wikidata.org/entity/Q6770951,Marketplace substation,Electrical substation,35.819444444,-115.011111111
United States,Q30,http://www.wikidata.org/entity/Q124653478,Brodie Lane Substation,Electrical substation,30.187563165,-97.848141178
United States,Q30,http://www.wikidata.org/entity/Q65013036,Northwestern Electric Company – Alberta Substation,Electrical substation,45.559166666,-122.636388888
United States,Q30,http://www.wikidata.org/entity/Q16890937,Egleston Substation,Electrical substation,42.3169,-71.0975
United States,Q30,http://www.wikidata.org/entity/Q7660590,Sylmar Converter Station,Electrical substation,34.312,-118.481
United States,Q30,http://www.wikidata.org/entity/Q7934519,Virginia Smith Converter Station,Electrical substation,41.1642,-102.988
United States,Q30,http://www.wikidata.org/entity/Q15964594,Roslindale Substation,Electrical substation,42.2864,-71.1281
United States,Q30,http://www.wikidata.org/entity/Q55859955,Nevada States/Pioche substation,Electrical substation,36.02025,-114.743611111
United States,Q30,http://www.wikidata.org/entity/Q55403703,Millbranch substation,Electrical substation,35.0325,-90.006666666
United States,Q30,http://www.wikidata.org/entity/Q5502849,Frequency Changing Station,Electrical substation,47.6517,-117.387
United States,Q30,http://www.wikidata.org/entity/Q55857321,Los Angeles substation,Electrical substation,36.01825,-114.742916666
United States,Q30,http://www.wikidata.org/entity/Q7122439,Pacific Electric Sub-Station No. 14,Electrical substation,33.748611,-117.860278
United States,Q30,http://www.wikidata.org/entity/Q62640457,"Covington Electrical Substation, Bonneville Power Administration",Electrical substation,47.34919,-122.11969
United States,Q30,http://www.wikidata.org/entity/Q55855206,Arizona-Nevada substation,Electrical substation,36.015138888,-114.745833333
United States,Q30,http://www.wikidata.org/entity/Q5058055,Celilo Converter Station,Electrical substation,45.5938,-121.113
United States,Q30,http://www.wikidata.org/entity/Q28854269,Denny Substation,Electrical substation,47.61911111,-122.33161111
United States,Q30,http://www.wikidata.org/entity/Q54607686,Wilde Lake substation,Electrical substation,39.213333333,-76.873888888
United States,Q30,http://www.wikidata.org/entity/Q7632101,Substation 401,Electrical substation,40.680278,-73.882639
United States,Q30,http://www.wikidata.org/entity/Q55858674,Metropolitan Water District substation,Electrical substation,36.016944444,-114.743527777
United States,Q30,http://www.wikidata.org/entity/Q114731403,Cushman Substation,Electrical substation,47.2666,-122.4869
United States,Q30,http://www.wikidata.org/entity/Q14705215,Mead substation,Electrical substation,35.9275,-114.836
United States,Q30,http://www.wikidata.org/entity/Q96399859,Post Street Electric Substation,Electrical substation,47.661388888,-117.423888888
United States,Q30,http://www.wikidata.org/entity/Q17510609,"Columbia Electric Street Railway, Light & Power Substation",Electrical substation,34.0025,-81.0361
United States,Q30,http://www.wikidata.org/entity/Q7232018,Portland Railroad Company Substation,Electrical substation,43.568333,-70.391944
Germany,Q183,http://www.wikidata.org/entity/Q52354076,Oberjettingen substation,Electrical substation,48.583741666,8.785861111
Germany,Q183,http://www.wikidata.org/entity/Q52636627,Opladen substation,Electrical substation,51.071111111,6.965
Germany,Q183,http://www.wikidata.org/entity/Q41211050,Hirschau substation,Electrical substation,48.164969,11.610786
Germany,Q183,http://www.wikidata.org/entity/Q52681984,Bechterdissen substation,Electrical substation,51.999722222,8.659444444
Germany,Q183,http://www.wikidata.org/entity/Q52637747,Alfstedt substation,Electrical substation,53.566388888,9.068611111
Germany,Q183,http://www.wikidata.org/entity/Q52359127,Wendlingen substation,Electrical substation,48.666388888,9.401666666
Germany,Q183,http://www.wikidata.org/entity/Q50358844,Würgau substation,Electrical substation,49.979166666,11.105277777
Germany,Q183,http://www.wikidata.org/entity/Q50358843,Urberach substation,Electrical substation,49.974444444,8.772222222
Germany,Q183,http://www.wikidata.org/entity/Q52636516,Ohligs substation,Electrical substation,51.174444444,7.008611111
Germany,Q183,http://www.wikidata.org/entity/Q51607008,Hoheneck substation,Electrical substation,48.913333333,9.193888888
Germany,Q183,http://www.wikidata.org/entity/Q52635399,Kriegenbrunn substation,Electrical substation,49.558611111,10.972777777
Germany,Q183,http://www.wikidata.org/entity/Q52680232,Audorf substation,Electrical substation,54.291111111,9.726944444
Germany,Q183,http://www.wikidata.org/entity/Q52635953,Neufinsing substation,Electrical substation,48.221111111,11.813055555
Germany,Q183,http://www.wikidata.org/entity/Q52679891,Aschaffenburg substation,Electrical substation,49.969722222,9.090277777
Germany,Q183,http://www.wikidata.org/entity/Q50098662,Altlußheim substation,Electrical substation,49.293888888,8.511944444
Germany,Q183,http://www.wikidata.org/entity/Q52635924,Neuenhagen substation,Electrical substation,52.539722222,13.71
Germany,Q183,http://www.wikidata.org/entity/Q37476826,Hannover/West substation,Electrical substation,52.360277777,9.5225
Germany,Q183,http://www.wikidata.org/entity/Q52681753,Bayer Dormagen substation,Electrical substation,51.083611111,6.833333333
Germany,Q183,http://www.wikidata.org/entity/Q52637364,Trennfeld substation,Electrical substation,49.798333333,9.593888888
Germany,Q183,http://www.wikidata.org/entity/Q52637084,Raitersaich substation,Electrical substation,49.378611111,10.842777777
Germany,Q183,http://www.wikidata.org/entity/Q52635890,Nehden substation,Electrical substation,51.427777777,8.624722222
Germany,Q183,http://www.wikidata.org/entity/Q52680421,Audorf/Süd substation,Electrical substation,54.288055555,9.725
Germany,Q183,http://www.wikidata.org/entity/Q52352206,Herbertingen substation,Electrical substation,48.064166666,9.425555555
Germany,Q183,http://www.wikidata.org/entity/Q52635590,Ließem substation,Electrical substation,50.6425,7.136944444
Germany,Q183,http://www.wikidata.org/entity/Q52637689,Abbenfleth substation,Electrical substation,53.657777777,9.491944444
Germany,Q183,http://www.wikidata.org/entity/Q52636035,Niederaußem substation,Electrical substation,50.988333333,6.664722222
Germany,Q183,http://www.wikidata.org/entity/Q50358736,Vieselbach substation,Electrical substation,50.999444444,11.122777777
Germany,Q183,http://www.wikidata.org/entity/Q52528761,Altenkleusheim substation,Electrical substation,51.011111111,7.9375
Germany,Q183,http://www.wikidata.org/entity/Q51553619,Kriftel substation,Electrical substation,50.096944444,8.470833333
Germany,Q183,http://www.wikidata.org/entity/Q52282397,Ganderkesee substation,Electrical substation,53.031944444,8.563888888
Germany,Q183,http://www.wikidata.org/entity/Q52635793,Mechlenreuth substation,Electrical substation,50.183055555,11.811111111
Germany,Q183,http://www.wikidata.org/entity/Q52637784,Altheim substation,Electrical substation,48.585555555,12.220555555
Germany,Q183,http://www.wikidata.org/entity/Q52635351,Karben substation,Electrical substation,50.203333333,8.809444444
Germany,Q183,http://www.wikidata.org/entity/Q50095054,Pulverdingen substation,Electrical substation,48.903055555,9.045
Germany,Q183,http://www.wikidata.org/entity/Q52635740,Magdeburg substation,Electrical substation,52.123888888,11.561944444
Germany,Q183,http://www.wikidata.org/entity/Q52636251,Ohlensehlen substation,Electrical substation,52.563888888,8.895
Germany,Q183,http://www.wikidata.org/entity/Q52637757,Altbach substation,Electrical substation,48.719166666,9.370833333
Germany,Q183,http://www.wikidata.org/entity/Q52635239,Herlasgrün substation,Electrical substation,50.567222222,12.242777777
Germany,Q183,http://www.wikidata.org/entity/Q47519210,Staffel substation,Electrical substation,50.3925,8.033611111
Germany,Q183,http://www.wikidata.org/entity/Q48757659,Rothensee substation,Electrical substation,52.186666666,11.67
Germany,Q183,http://www.wikidata.org/entity/Q52637157,Röhrsdorf substation,Electrical substation,50.857777777,12.813333333
Germany,Q183,http://www.wikidata.org/entity/Q51553434,Kaulsdorf substation,Electrical substation,52.504780555,13.585269444
Germany,Q183,http://www.wikidata.org/entity/Q52637302,Stalldorf substation,Electrical substation,49.578055555,9.946111111
Germany,Q183,http://www.wikidata.org/entity/Q52635436,Kruckel substation,Electrical substation,51.457222222,7.416666666
Germany,Q183,http://www.wikidata.org/entity/Q49234879,Q49234879,Electrical substation,51.33569,12.37679
Germany,Q183,http://www.wikidata.org/entity/Q52637796,Arpe substation,Electrical substation,51.178055555,8.211944444
Germany,Q183,http://www.wikidata.org/entity/Q52282223,Karlshagen substation,Electrical substation,54.111388888,13.814444444
Germany,Q183,http://www.wikidata.org/entity/Q52680069,Aßlar substation,Electrical substation,50.590833333,8.479722222
Germany,Q183,http://www.wikidata.org/entity/Q52637776,Altentreptow/Süd substation,Electrical substation,53.624166666,13.180277777
Germany,Q183,http://www.wikidata.org/entity/Q52636809,Pleinting substation,Electrical substation,48.666666666,13.103333333
Germany,Q183,http://www.wikidata.org/entity/Q52635648,Linde substation,Electrical substation,51.232222222,7.233055555
Germany,Q183,http://www.wikidata.org/entity/Q52637765,Altentreptow/Nord substation,Electrical substation,53.737055555,13.317388888
Germany,Q183,http://www.wikidata.org/entity/Q49375043,Q49375043,Electrical substation,51.17931,14.40009
Germany,Q183,http://www.wikidata.org/entity/Q52681091,Bandstahl substation,Electrical substation,50.436388888,7.433611111
Germany,Q183,http://www.wikidata.org/entity/Q52353578,Birkenfeld substation,Electrical substation,48.890277777,8.641666666
Germany,Q183,http://www.wikidata.org/entity/Q52637753,Algermissen substation,Electrical substation,52.278055555,9.9175
Germany,Q183,http://www.wikidata.org/entity/Q50358852,Goldshöfe substation,Electrical substation,48.896944444,10.116388888
Germany,Q183,http://www.wikidata.org/entity/Q52637207,Rommerskirchen substation,Electrical substation,51.008888888,6.701666666
Germany,Q183,http://www.wikidata.org/entity/Q50358741,Roxel substation,Electrical substation,51.970277777,7.545555555
Germany,Q183,http://www.wikidata.org/entity/Q34417877,Ludersheim substation,Electrical substation,49.393888888,11.325833333
Germany,Q183,http://www.wikidata.org/entity/Q32860686,Rheinau substation,Electrical substation,49.44,8.546944444
Germany,Q183,http://www.wikidata.org/entity/Q32662486,Humboldt substation,Electrical substation,52.548606,13.406829
Germany,Q183,http://www.wikidata.org/entity/Q52635989,Neurott substation,Electrical substation,49.356666666,8.623055555
Germany,Q183,http://www.wikidata.org/entity/Q52357359,Altenfeld substation,Electrical substation,50.574166666,10.989722222
Germany,Q183,http://www.wikidata.org/entity/Q51592934,Etzenricht substation,Electrical substation,49.631111111,12.113333333
Germany,Q183,http://www.wikidata.org/entity/Q50358846,Enniger substation,Electrical substation,51.822886111,7.993997222
Germany,Q183,http://www.wikidata.org/entity/Q52859010,Elsen substation,Electrical substation,51.736388888,8.7025
Germany,Q183,http://www.wikidata.org/entity/Q52788276,Dellmensingen substation,Electrical substation,48.304166666,9.885833333
Germany,Q183,http://www.wikidata.org/entity/Q52692615,Bollenacker substation,Electrical substation,50.833611111,6.963055555
Germany,Q183,http://www.wikidata.org/entity/Q53125274,Gronau substation,Electrical substation,52.202777777,7.034444444
Germany,Q183,http://www.wikidata.org/entity/Q52854303,Eiberg substation,Electrical substation,51.448055555,7.126388888
Germany,Q183,http://www.wikidata.org/entity/Q52801879,Hanekenfähr substation,Electrical substation,52.476388888,7.309166666
Germany,Q183,http://www.wikidata.org/entity/Q52692050,Bidingen substation,Electrical substation,47.826388888,10.7025
Germany,Q183,http://www.wikidata.org/entity/Q53054088,Frimmersdorf substation,Electrical substation,51.048888888,6.57
Germany,Q183,http://www.wikidata.org/entity/Q53054966,Fühlingen substation,Electrical substation,51.033611111,6.934722222
Germany,Q183,http://www.wikidata.org/entity/Q53053173,Freiberg/Nord substation,Electrical substation,50.929722222,13.256388888
Germany,Q183,http://www.wikidata.org/entity/Q52854891,Eickum substation,Electrical substation,52.105277777,8.571111111
Germany,Q183,http://www.wikidata.org/entity/Q52694096,Brunsbüttel substation,Electrical substation,53.895,9.2025
Germany,Q183,http://www.wikidata.org/entity/Q52859140,Eltmann substation,Electrical substation,49.98,10.664444444
Germany,Q183,http://www.wikidata.org/entity/Q53043326,Erzhausen PSW substation,Electrical substation,51.8975,9.923888888
Germany,Q183,http://www.wikidata.org/entity/Q53044613,Farge substation (1),Electrical substation,53.2025,8.518888888
Germany,Q183,http://www.wikidata.org/entity/Q52793161,Dhünnaue substation,Electrical substation,51.0375,6.975833333
Germany,Q183,http://www.wikidata.org/entity/Q52852659,Dresden substation,Electrical substation,50.99,13.841111111
Germany,Q183,http://www.wikidata.org/entity/Q53061443,Gohrpunkt substation,Electrical substation,51.090833333,6.709444444
Germany,Q183,http://www.wikidata.org/entity/Q52682360,Beerfelden substation,Electrical substation,49.567222222,8.953611111
Germany,Q183,http://www.wikidata.org/entity/Q52692305,Bixterheide substation,Electrical substation,51.409166666,7.724166666
Germany,Q183,http://www.wikidata.org/entity/Q52691551,Bertikow substation,Electrical substation,53.251944444,13.956944444
Germany,Q183,http://www.wikidata.org/entity/Q52778176,Daxlanden substation,Electrical substation,49.008888888,8.313611111
Germany,Q183,http://www.wikidata.org/entity/Q52778027,Crossen substation,Electrical substation,50.753055555,12.477222222
Germany,Q183,http://www.wikidata.org/entity/Q53062552,Graustein substation,Electrical substation,51.553888888,14.471944444
Germany,Q183,http://www.wikidata.org/entity/Q53059861,Godenau substation,Electrical substation,52.000555555,9.7975
Germany,Q183,http://www.wikidata.org/entity/Q52860688,Emden/KW substation,Electrical substation,53.341111111,7.207222222
Germany,Q183,http://www.wikidata.org/entity/Q52690994,Bergrheinfeld substation,Electrical substation,49.989166666,10.16
Germany,Q183,http://www.wikidata.org/entity/Q52791452,Wuhlheide substation,Electrical substation,52.473888888,13.505833333
Germany,Q183,http://www.wikidata.org/entity/Q53052231,Förderstedt substation,Electrical substation,51.908611111,11.644166666
Germany,Q183,http://www.wikidata.org/entity/Q52846257,Dipperz substation,Electrical substation,50.528611111,9.773888888
Germany,Q183,http://www.wikidata.org/entity/Q53044093,Farge substation (2),Electrical substation,53.203888888,8.515555555
Germany,Q183,http://www.wikidata.org/entity/Q53059300,Gersteinwerk substation,Electrical substation,51.676111111,7.708611111
Germany,Q183,http://www.wikidata.org/entity/Q52845323,Dillinger Hütte substation,Electrical substation,49.3575,6.741388888
Germany,Q183,http://www.wikidata.org/entity/Q52869563,Hamburg/Nord substation,Electrical substation,53.766111111,9.988055555
Germany,Q183,http://www.wikidata.org/entity/Q53060128,Görries substation,Electrical substation,53.600833333,11.370277777
Germany,Q183,http://www.wikidata.org/entity/Q53061582,Grafenrheinfeld substation,Electrical substation,49.981111111,10.188055555
Germany,Q183,http://www.wikidata.org/entity/Q52967640,Hamm Hafen substation,Electrical substation,51.676944444,7.773611111
Germany,Q183,http://www.wikidata.org/entity/Q52859933,Emden/Borssum substation,Electrical substation,53.35,7.224166666
Germany,Q183,http://www.wikidata.org/entity/Q52777937,Cloppenburg/Ost substation,Electrical substation,52.858055555,8.081944444
Germany,Q183,http://www.wikidata.org/entity/Q52789182,Dettingen substation,Electrical substation,50.06,8.989722222
Germany,Q183,http://www.wikidata.org/entity/Q52856982,Eisenach substation,Electrical substation,51.001666666,10.386111111
Germany,Q183,http://www.wikidata.org/entity/Q52852266,Dollern substation,Electrical substation,53.543055555,9.501944444
Germany,Q183,http://www.wikidata.org/entity/Q53051897,Flensburg substation,Electrical substation,54.716111111,9.318888888
Germany,Q183,http://www.wikidata.org/entity/Q52694971,Buschhaus/KW substation,Electrical substation,52.169722222,10.976111111
Germany,Q183,http://www.wikidata.org/entity/Q52861747,Engstlatt substation,Electrical substation,48.310277777,8.8725
Germany,Q183,http://www.wikidata.org/entity/Q52857451,Eiserfeld substation,Electrical substation,50.841944444,7.985277777
Germany,Q183,http://www.wikidata.org/entity/Q52691920,Beuren substation,Electrical substation,47.806111111,8.861111111
Germany,Q183,http://www.wikidata.org/entity/Q52689989,Bentwisch substation and converter station,Electrical substation,54.100277777,12.215
Germany,Q183,http://www.wikidata.org/entity/Q52786536,Karlsruhe-Ost substation,Electrical substation,49.007222222,8.451666666
Germany,Q183,http://www.wikidata.org/entity/Q52869111,Hamburg/Nord substation,Electrical substation,53.741388888,9.984722222
Germany,Q183,http://www.wikidata.org/entity/Q53041594,Rocholz substation,Electrical substation,51.332777777,7.365555555
Germany,Q183,http://www.wikidata.org/entity/Q52692434,Bocklemünd substation,Electrical substation,50.983888888,6.851388888
Germany,Q183,http://www.wikidata.org/entity/Q52693345,Braunschweig/Nord substation,Electrical substation,52.301666666,10.505277777
Germany,Q183,http://www.wikidata.org/entity/Q52682524,Bellendorf substation,Electrical substation,51.609444444,7.031944444
Germany,Q183,http://www.wikidata.org/entity/Q52682140,Beeck substation,Electrical substation,51.479722222,6.722222222
Germany,Q183,http://www.wikidata.org/entity/Q52844321,Dillenburg substation,Electrical substation,50.758611111,8.284444444
Germany,Q183,http://www.wikidata.org/entity/Q53124857,Grohnde substation,Electrical substation,52.026111111,9.389722222
Germany,Q183,http://www.wikidata.org/entity/Q52694393,Bünzwangen substation,Electrical substation,48.701388888,9.562777777
Germany,Q183,http://www.wikidata.org/entity/Q52691430,Bergshausen substation,Electrical substation,51.258888888,9.514166666
Germany,Q183,http://www.wikidata.org/entity/Q53053582,Friedrichshain substation,Electrical substation,52.521388888,13.456388888
Germany,Q183,http://www.wikidata.org/entity/Q53055731,Geithe substation,Electrical substation,51.672777777,7.930833333
Germany,Q183,http://www.wikidata.org/entity/Q52777852,Charlottenburg substation,Electrical substation,52.521944444,13.315555555
Germany,Q183,http://www.wikidata.org/entity/Q53052554,Frankfurt/Nord substation,Electrical substation,50.158888888,8.735
Germany,Q183,http://www.wikidata.org/entity/Q52692392,Bochum substation,Electrical substation,51.471944444,7.179166666
Germany,Q183,http://www.wikidata.org/entity/Q52778108,Dahlem substation,Electrical substation,50.389722222,6.531944444
Germany,Q183,http://www.wikidata.org/entity/Q52861577,Endersbach substation,Electrical substation,48.8125,9.3775
Germany,Q183,http://www.wikidata.org/entity/Q53059170,Gellep substation,Electrical substation,51.324722222,6.675
Germany,Q183,http://www.wikidata.org/entity/Q52862176,Ensdorf substation,Electrical substation,49.290277777,6.7725
Germany,Q183,http://www.wikidata.org/entity/Q52842361,Diele substation and converter station,Electrical substation,53.125555555,7.312222222
Germany,Q183,http://www.wikidata.org/entity/Q52857224,Eisenhüttenstadt substation,Electrical substation,52.174166666,14.604444444
Germany,Q183,http://www.wikidata.org/entity/Q53059579,Gießen/Nord substation,Electrical substation,50.605555555,8.656388888
Germany,Q183,http://www.wikidata.org/entity/Q52692268,Bischofsheim substation,Electrical substation,49.981944444,8.388888888
Germany,Q183,http://www.wikidata.org/entity/Q53113089,Friedrich Wilhelms-Hütte substation,Electrical substation,51.440555555,6.863611111
Germany,Q183,http://www.wikidata.org/entity/Q52691130,Bergrheinfeld/West substation,Electrical substation,49.981944444,10.151666666
Germany,Q183,http://www.wikidata.org/entity/Q52858225,Eller substation,Electrical substation,51.205833333,6.846944444
Germany,Q183,http://www.wikidata.org/entity/Q53059671,Gleidingen substation,Electrical substation,52.236944444,10.42
Germany,Q183,http://www.wikidata.org/entity/Q53060254,Göttingen substation,Electrical substation,51.515555555,9.882777777
Germany,Q183,http://www.wikidata.org/entity/Q52692344,Blockland substation,Electrical substation,53.107222222,8.82
Germany,Q183,http://www.wikidata.org/entity/Q52692791,Borken substation,Electrical substation,51.06,9.259444444
Germany,Q183,http://www.wikidata.org/entity/Q52693377,Brokdorf substation,Electrical substation,53.851666666,9.344444444
Germany,Q183,http://www.wikidata.org/entity/Q52683185,Benteler substation,Electrical substation,52.468888888,7.318055555
Germany,Q183,http://www.wikidata.org/entity/Q52846794,Dörnigheim substation,Electrical substation,50.130277777,8.872777777
Germany,Q183,http://www.wikidata.org/entity/Q52693803,Bruchsal-Kändelweg substation,Electrical substation,49.132777777,8.562222222
Germany,Q183,http://www.wikidata.org/entity/Q53126418,Großgartach substation (TransnetBW),Electrical substation,49.143333333,9.151388888
Germany,Q183,http://www.wikidata.org/entity/Q52849749,Dörpen/West substation and converter station,Electrical substation,52.981111111,7.257222222
Germany,Q183,http://www.wikidata.org/entity/Q52690755,Bergmannsglück substation,Electrical substation,51.598333333,7.037777777
Germany,Q183,http://www.wikidata.org/entity/Q52694490,Bürstadt substation,Electrical substation,49.633333333,8.419166666
Germany,Q183,http://www.wikidata.org/entity/Q52970420,Alter Hellweg substation,Electrical substation,51.541666666,7.669722222
Germany,Q183,http://www.wikidata.org/entity/Q52689585,Bentwisch substation,Electrical substation,54.111944444,12.213333333
Germany,Q183,http://www.wikidata.org/entity/Q53052906,Frankfurt/Südwest substation,Electrical substation,50.092222222,8.618611111
Germany,Q183,http://www.wikidata.org/entity/Q53062098,Gransee substation,Electrical substation,52.994444444,13.262777777
Germany,Q183,http://www.wikidata.org/entity/Q52785521,Oberwald substation,Electrical substation,48.985833333,8.445277777
Germany,Q183,http://www.wikidata.org/entity/Q53055266,Garenfeld substation,Electrical substation,51.401944444,7.505833333
Germany,Q183,http://www.wikidata.org/entity/Q52694604,Büscherhof substation,Electrical substation,51.498888888,6.926666666
Germany,Q183,http://www.wikidata.org/entity/Q52858464,Elmenhorst substation,Electrical substation,51.618,7.445
Germany,Q183,http://www.wikidata.org/entity/Q53043744,Eula substation,Electrical substation,51.156388888,12.5175
Germany,Q183,http://www.wikidata.org/entity/Q52853800,Edelstahl substation,Electrical substation,51.299166666,6.542222222
Germany,Q183,http://www.wikidata.org/entity/Q52853185,Dünnwald substation,Electrical substation,50.999166666,7.023611111
Germany,Q183,http://www.wikidata.org/entity/Q52852877,Dülken substation,Electrical substation,51.2425,6.33
Germany,Q183,http://www.wikidata.org/entity/Q52694345,Bühl substation,Electrical substation,48.705277777,8.120555555
Germany,Q183,http://www.wikidata.org/entity/Q53149965,Heidelberg substation,Electrical substation,49.36,8.663611111
Germany,Q183,http://www.wikidata.org/entity/Q53246778,Irsching substation,Electrical substation,48.763611111,11.584444444
Germany,Q183,http://www.wikidata.org/entity/Q53274620,Seewiesen substation,Electrical substation,48.820555555,9.176944444
Germany,Q183,http://www.wikidata.org/entity/Q55194728,Leupolz substation,Electrical substation,47.738055555,10.363055555
Germany,Q183,http://www.wikidata.org/entity/Q53133194,Gundremmingen substation,Electrical substation,48.509722222,10.401666666
Germany,Q183,http://www.wikidata.org/entity/Q55196317,Lüneburg substation,Electrical substation,53.219722222,10.378611111
Germany,Q183,http://www.wikidata.org/entity/Q53168176,Ibbenbüren (Nike) substation,Electrical substation,52.2775,7.726944444
Germany,Q183,http://www.wikidata.org/entity/Q53270217,Kiel/Süd substation,Electrical substation,54.275555555,10.156111111
Germany,Q183,http://www.wikidata.org/entity/Q55189093,Laichingen substation,Electrical substation,48.465,9.704166666
Germany,Q183,http://www.wikidata.org/entity/Q53151545,Heinersdorf substation,Electrical substation,52.443055555,14.133055555
Germany,Q183,http://www.wikidata.org/entity/Q53142572,Hardegsen substation,Electrical substation,51.649166666,9.851111111
Germany,Q183,http://www.wikidata.org/entity/Q53164420,Hüffenhardt substation,Electrical substation,49.294444444,9.091944444
Germany,Q183,http://www.wikidata.org/entity/Q55188738,Kummerfeld substation,Electrical substation,53.690555555,9.776388888
Germany,Q183,http://www.wikidata.org/entity/Q53272141,Knapsack substation,Electrical substation,50.863611111,6.842777777
Germany,Q183,http://www.wikidata.org/entity/Q53272821,Koblenz substation,Electrical substation,50.385833333,7.593055555
Germany,Q183,http://www.wikidata.org/entity/Q55188825,Lage substation,Electrical substation,51.983333333,8.814166666
Germany,Q183,http://www.wikidata.org/entity/Q53139267,Hallendorf substation,Electrical substation,52.166944444,10.369166666
Germany,Q183,http://www.wikidata.org/entity/Q53131216,Großkrotzenburg substation,Electrical substation,50.0825,8.958611111
Germany,Q183,http://www.wikidata.org/entity/Q55194951,Lippborg substation,Electrical substation,51.673333333,7.981388888
Germany,Q183,http://www.wikidata.org/entity/Q53269942,Kerzenheim substation,Electrical substation,49.577777777,8.068055555
Germany,Q183,http://www.wikidata.org/entity/Q53152353,Helmstedt substation,Electrical substation,52.2,10.999166666
Germany,Q183,http://www.wikidata.org/entity/Q53165179,Huntorf substation,Electrical substation,53.190277777,8.408888888
Germany,Q183,http://www.wikidata.org/entity/Q53163880,Höpfingen substation,Electrical substation,49.59,9.446666666
Germany,Q183,http://www.wikidata.org/entity/Q55188847,Lahe substation,Electrical substation,52.424444444,9.821111111
Germany,Q183,http://www.wikidata.org/entity/Q53255272,Iven substation,Electrical substation,53.794166666,13.399722222
Germany,Q183,http://www.wikidata.org/entity/Q53161445,Herrenwyk substation and converter station,Electrical substation,53.8975,10.802222222
Germany,Q183,http://www.wikidata.org/entity/Q53164699,Hüllen substation,Electrical substation,51.525277777,7.1225
Germany,Q183,http://www.wikidata.org/entity/Q55196355,Lüstringen substation,Electrical substation,52.264166666,8.104166666
Germany,Q183,http://www.wikidata.org/entity/Q55198986,Malchow substation,Electrical substation,52.589722222,13.494166666
Germany,Q183,http://www.wikidata.org/entity/Q55189130,Landesbergen substation,Electrical substation,52.538055555,9.125277777
Germany,Q183,http://www.wikidata.org/entity/Q53224686,Neuhof substation,Electrical substation,53.515833333,9.961666666
Germany,Q183,http://www.wikidata.org/entity/Q53271903,Klostermansfeld substation,Electrical substation,51.584166666,11.516111111
Germany,Q183,http://www.wikidata.org/entity/Q53254673,Itzehoe/West substation,Electrical substation,53.967222222,9.449722222
Germany,Q183,http://www.wikidata.org/entity/Q55195714,Lubmin substation,Electrical substation,54.139166666,13.6825
Germany,Q183,http://www.wikidata.org/entity/Q53259670,Karlsruhe-West substation,Electrical substation,49.013055555,8.348888888
Germany,Q183,http://www.wikidata.org/entity/Q55196237,Lübeck substation,Electrical substation,53.919166666,10.641111111
Germany,Q183,http://www.wikidata.org/entity/Q53137536,Hagenwerder substation,Electrical substation,51.0625,14.946388888
Germany,Q183,http://www.wikidata.org/entity/Q53162598,Heyden/KW substation,Electrical substation,52.379166666,8.996111111
Germany,Q183,http://www.wikidata.org/entity/Q53139886,Hamborn substation,Electrical substation,51.5056,6.7875
Germany,Q183,http://www.wikidata.org/entity/Q53163218,Höchst/Süd substation,Electrical substation,50.078055555,8.537222222
Germany,Q183,http://www.wikidata.org/entity/Q53260412,Karnap substation,Electrical substation,51.513888888,6.996944444
Germany,Q183,http://www.wikidata.org/entity/Q53140587,Hamburg/Ost substation,Electrical substation,53.555,10.158055555
Germany,Q183,http://www.wikidata.org/entity/Q53271537,Klein Ilsede substation,Electrical substation,52.293333333,10.235833333
Germany,Q183,http://www.wikidata.org/entity/Q53138969,Halfeshof substation,Electrical substation,51.171388888,7.123055555
Germany,Q183,http://www.wikidata.org/entity/Q55188765,Kuppenheim substation,Electrical substation,48.846111111,8.248888888
Germany,Q183,http://www.wikidata.org/entity/Q53255927,Jochenstein substation,Electrical substation,48.519166666,13.710833333
Germany,Q183,http://www.wikidata.org/entity/Q53258693,Jessen/Nord substation,Electrical substation,51.8,13.058888888
Germany,Q183,http://www.wikidata.org/entity/Q53255557,Jardelund substation,Electrical substation,54.851111111,9.196944444
Germany,Q183,http://www.wikidata.org/entity/Q53162127,Hesseln substation,Electrical substation,52.065833333,8.319166666
Germany,Q183,http://www.wikidata.org/entity/Q53142752,Hattingen substation,Electrical substation,51.389166666,7.168055555
Germany,Q183,http://www.wikidata.org/entity/Q53244880,Ingolstadt substation,Electrical substation,48.761111111,11.5075
Germany,Q183,http://www.wikidata.org/entity/Q53132464,Gütersloh substation,Electrical substation,51.926944444,8.364166666
Germany,Q183,http://www.wikidata.org/entity/Q53142188,Handbach substation,Electrical substation,51.519444444,6.812222222
Germany,Q183,http://www.wikidata.org/entity/Q55188681,Krün substation,Electrical substation,47.495833333,11.2775
Germany,Q183,http://www.wikidata.org/entity/Q55196267,Lüdershagen substation,Electrical substation,54.284722222,13.079166666
Germany,Q183,http://www.wikidata.org/entity/Q55199465,Marbach substation,Electrical substation,48.926944444,9.236388888
Germany,Q183,http://www.wikidata.org/entity/Q55188787,Kusenhorst substation,Electrical substation,51.696666666,7.060555555
Germany,Q183,http://www.wikidata.org/entity/Q53131540,Großschwabhausen substation,Electrical substation,50.930277777,11.470555555
Germany,Q183,http://www.wikidata.org/entity/Q53129265,Großgartach substation (Süwag),Electrical substation,49.143333333,9.143055555
Germany,Q183,http://www.wikidata.org/entity/Q53247600,Irsingen substation,Electrical substation,48.027222222,10.641388888
Germany,Q183,http://www.wikidata.org/entity/Q53143545,Hattorf substation,Electrical substation,52.367777777,10.761111111
Germany,Q183,http://www.wikidata.org/entity/Q53246461,Inhausen substation,Electrical substation,53.62,8.06
Germany,Q183,http://www.wikidata.org/entity/Q55188815,Laer substation,Electrical substation,51.471944444,7.278611111
Germany,Q183,http://www.wikidata.org/entity/Q55188751,Kupferzell substation,Electrical substation,49.232222222,9.694722222
Germany,Q183,http://www.wikidata.org/entity/Q55198001,Maade substation,Electrical substation,53.560277777,8.1225
Germany,Q183,http://www.wikidata.org/entity/Q53133910,Gurtweil substation,Electrical substation,47.64,8.251944444
Germany,Q183,http://www.wikidata.org/entity/Q53503083,Ravensburg substation,Electrical substation,47.795277777,9.621388888
Germany,Q183,http://www.wikidata.org/entity/Q53132275,Güstrow substation,Electrical substation,53.815555555,12.186666666
Germany,Q183,http://www.wikidata.org/entity/Q55199654,Marienberg substation,Electrical substation,47.913055555,12.13
Germany,Q183,http://www.wikidata.org/entity/Q55188462,Krümmel substation,Electrical substation,53.4125,10.414444444
Germany,Q183,http://www.wikidata.org/entity/Q53150792,Heilbronn substation,Electrical substation,49.174166666,9.208888888
Germany,Q183,http://www.wikidata.org/entity/Q53141282,Hamburg/Süd substation,Electrical substation,53.487777777,9.908611111
Germany,Q183,http://www.wikidata.org/entity/Q53132037,Grünkraut substation,Electrical substation,47.744722222,9.645
Germany,Q183,http://www.wikidata.org/entity/Q55194921,Limburg substation,Electrical substation,50.406666666,8.065833333
Germany,Q183,http://www.wikidata.org/entity/Q53152783,Hennigsdorf substation,Electrical substation,52.657222222,13.205833333
Germany,Q183,http://www.wikidata.org/entity/Q53271296,Kiel/West substation,Electrical substation,54.348611111,10.060277777
Germany,Q183,http://www.wikidata.org/entity/Q58221048,Setzer Wiese substation,Electrical substation,50.923611111,8.02
Germany,Q183,http://www.wikidata.org/entity/Q66823385,Königshofen substation,Electrical substation,49.55791,9.72471
Germany,Q183,http://www.wikidata.org/entity/Q58137535,Pöppinghausen substation,Electrical substation,51.573611111,7.264166666
Germany,Q183,http://www.wikidata.org/entity/Q58127621,Pfungstadt substation,Electrical substation,49.815,8.588611111
Germany,Q183,http://www.wikidata.org/entity/Q58219828,Selbeck substation,Electrical substation,51.374444444,6.868333333
Germany,Q183,http://www.wikidata.org/entity/Q58103607,Oberbachern substation,Electrical substation,48.291388888,11.370833333
Germany,Q183,http://www.wikidata.org/entity/Q58212581,Ruhrort substation,Electrical substation,51.459166666,6.732222222
Germany,Q183,http://www.wikidata.org/entity/Q61769743,Unterwerk Nikolassee,Electrical substation,52.428292,13.191752
Germany,Q183,http://www.wikidata.org/entity/Q58808932,Brendlorenzen substation,Electrical substation,50.339444444,10.216111111
Germany,Q183,http://www.wikidata.org/entity/Q58737860,Sittling substation,Electrical substation,48.838055555,11.792222222
Germany,Q183,http://www.wikidata.org/entity/Q68239576,Cottbus substation,Electrical substation,51.724388888,14.304638888
Germany,Q183,http://www.wikidata.org/entity/Q58119600,Paderborn/Süd substation,Electrical substation,51.7,8.736944444
Germany,Q183,http://www.wikidata.org/entity/Q58173548,Quint substation,Electrical substation,49.828888888,6.702222222
Germany,Q183,http://www.wikidata.org/entity/Q58731724,Siems substation,Electrical substation,53.909722222,10.761111111
Germany,Q183,http://www.wikidata.org/entity/Q58053816,Niedervieland substation,Electrical substation,53.0925,8.695277777
Germany,Q183,http://www.wikidata.org/entity/Q58737300,Simbach substation,Electrical substation,48.261944444,13.003055555
Germany,Q183,http://www.wikidata.org/entity/Q58197693,Rosenblumendelle substation,Electrical substation,51.444722222,6.948333333
Germany,Q183,http://www.wikidata.org/entity/Q58174870,Rath substation,Electrical substation,51.268333333,6.808888888
Germany,Q183,http://www.wikidata.org/entity/Q58019443,Lechhausen substation,Electrical substation,48.401111111,10.936666666
Germany,Q183,http://www.wikidata.org/entity/Q58136853,Plattling substation,Electrical substation,48.763333333,12.851944444
Germany,Q183,http://www.wikidata.org/entity/Q65728728,Pfahlbronn substation,Electrical substation,48.8425,9.656388888
Germany,Q183,http://www.wikidata.org/entity/Q98697892,Umspannwerk Schleusenweg 7 in Passau,Electrical substation,48.5801571,13.409939605
Germany,Q183,http://www.wikidata.org/entity/Q59216799,Möllen substation,Electrical substation,51.575666666,6.683055555
Germany,Q183,http://www.wikidata.org/entity/Q66823390,Bestenheid substation,Electrical substation,49.7804,9.4828
Germany,Q183,http://www.wikidata.org/entity/Q58050833,Niederhausen substation,Electrical substation,49.810555555,7.793055555
Germany,Q183,http://www.wikidata.org/entity/Q58195437,Rhede substation,Electrical substation,53.026666666,7.254444444
Germany,Q183,http://www.wikidata.org/entity/Q61767649,Gleichrichterwerk Charlottenburg,Electrical substation,52.513167636,13.312259275
Germany,Q183,http://www.wikidata.org/entity/Q62030539,Verlautenheide substation,Electrical substation,50.801944444,6.1675
Germany,Q183,http://www.wikidata.org/entity/Q58213520,Saarwellingen substation,Electrical substation,49.36,6.766111111
Germany,Q183,http://www.wikidata.org/entity/Q58173166,Putlitz substation,Electrical substation,53.250833333,12.087777777
Germany,Q183,http://www.wikidata.org/entity/Q65495800,Veltheim substation,Electrical substation,52.193333333,8.932222222
Germany,Q183,http://www.wikidata.org/entity/Q59489543,Conneforde substation,Electrical substation,53.332777777,8.053055555
Germany,Q183,http://www.wikidata.org/entity/Q65721236,Darmstadt-Süd substation,Electrical substation,49.847777777,8.636111111
Germany,Q183,http://www.wikidata.org/entity/Q58108419,Ossenberg substation,Electrical substation,51.556388888,6.576944444
Germany,Q183,http://www.wikidata.org/entity/Q57789257,Reuter substation,Electrical substation,52.531666666,13.248888888
Germany,Q183,http://www.wikidata.org/entity/Q58213667,Sandershausen substation,Electrical substation,51.325555555,9.567777777
Germany,Q183,http://www.wikidata.org/entity/Q58051273,Niederlangen substation,Electrical substation,52.869722222,7.194722222
Germany,Q183,http://www.wikidata.org/entity/Q58111885,Otterbach substation,Electrical substation,49.4825,7.729166666
Germany,Q183,http://www.wikidata.org/entity/Q58104632,Obergraben substation,Electrical substation,49.365277777,6.749722222
Germany,Q183,http://www.wikidata.org/entity/Q58125595,Perleberg substation,Electrical substation,53.086111111,11.8525
Germany,Q183,http://www.wikidata.org/entity/Q58217993,Schwandorf substation,Electrical substation,49.2975,12.081944444
Germany,Q183,http://www.wikidata.org/entity/Q58175347,Ratsbusch substation,Electrical substation,51.535,7.500277777
Germany,Q183,http://www.wikidata.org/entity/Q58194098,Redwitz substation,Electrical substation,50.162222222,11.193888888
Germany,Q183,http://www.wikidata.org/entity/Q58214751,Sandershausen Ost substation,Electrical substation,51.331111111,9.585277777
Germany,Q183,http://www.wikidata.org/entity/Q68344794,Philippsburg substation,Electrical substation,49.251111111,8.440833333
Germany,Q183,http://www.wikidata.org/entity/Q58126862,Pfalzdorf substation,Electrical substation,51.694444444,6.221944444
Germany,Q183,http://www.wikidata.org/entity/Q59393987,Eitze substation,Electrical substation,52.913888888,9.268333333
Germany,Q183,http://www.wikidata.org/entity/Q58174212,Ragow substation,Electrical substation,51.874166666,13.9025
Germany,Q183,http://www.wikidata.org/entity/Q61811820,Dörpen substation,Electrical substation,52.980277777,7.365555555
Germany,Q183,http://www.wikidata.org/entity/Q58172167,Pulgar substation,Electrical substation,51.196666666,12.3375
Germany,Q183,http://www.wikidata.org/entity/Q79120232,Q79120232,Electrical substation,,
Germany,Q183,http://www.wikidata.org/entity/Q58218950,Sechtem substation,Electrical substation,50.795277777,6.9725
Germany,Q183,http://www.wikidata.org/entity/Q66823398,Mergentheim substation,Electrical substation,49.4743,9.7725
Germany,Q183,http://www.wikidata.org/entity/Q98111815,Umspannwerk Sindelfingen-Mahdental,Electrical substation,48.70435,9.03739
Germany,Q183,http://www.wikidata.org/entity/Q66823399,Niederstetten substation,Electrical substation,49.4063,9.9168
Germany,Q183,http://www.wikidata.org/entity/Q64580708,Umspannwerk des ehem. Braunkohlekraftwerkes Wölfersheim,Electrical substation,50.39842,8.81651
Germany,Q183,http://www.wikidata.org/entity/Q58018722,Lauchstädt substation,Electrical substation,51.406111111,11.893055555
Germany,Q183,http://www.wikidata.org/entity/Q58215609,Schönewalde substation,Electrical substation,51.828333333,13.157222222
Germany,Q183,http://www.wikidata.org/entity/Q65725336,Dieburg substation,Electrical substation,49.911111111,8.849166666
Germany,Q183,http://www.wikidata.org/entity/Q68237571,Frose substation,Electrical substation,51.789583333,11.354944444
Germany,Q183,http://www.wikidata.org/entity/Q58195207,Remptendorf substation,Electrical substation,50.534444444,11.646666666
Germany,Q183,http://www.wikidata.org/entity/Q64991468,Trier substation,Electrical substation,49.748611111,6.620555555
Germany,Q183,http://www.wikidata.org/entity/Q61768688,Schaltwerk Ebersstraße,Electrical substation,52.478345,13.351654
Germany,Q183,http://www.wikidata.org/entity/Q66823394,Tauberbischofsheim substation,Electrical substation,49.636286,9.654634
Germany,Q183,http://www.wikidata.org/entity/Q58218815,Schwörstadt substation,Electrical substation,47.586111111,7.843055555
Germany,Q183,http://www.wikidata.org/entity/Q68709238,Teinach substation,Electrical substation,48.676111111,8.725416666
Germany,Q183,http://www.wikidata.org/entity/Q58197995,Rotensohl substation,Electrical substation,48.736666666,10.222222222
Germany,Q183,http://www.wikidata.org/entity/Q57786822,Mitte substation,Electrical substation,52.503333333,13.368888888
Germany,Q183,http://www.wikidata.org/entity/Q58122141,Paffendorf substation,Electrical substation,50.952777777,6.596111111
Germany,Q183,http://www.wikidata.org/entity/Q58123164,Pasewalk substation,Electrical substation,53.507777777,14.033611111
Germany,Q183,http://www.wikidata.org/entity/Q58738476,Sottrum substation,Electrical substation,53.114444444,9.251111111
Germany,Q183,http://www.wikidata.org/entity/Q58171758,Preilack substation,Electrical substation,51.888611111,14.428333333
Germany,Q183,http://www.wikidata.org/entity/Q58106646,Obermooweiler substation,Electrical substation,47.6525,9.801666666
Germany,Q183,http://www.wikidata.org/entity/Q58051678,Niederrhein substation,Electrical substation,51.645833333,6.680277777
Germany,Q183,http://www.wikidata.org/entity/Q58171473,Polsum substation,Electrical substation,51.625277777,7.023333333
Germany,Q183,http://www.wikidata.org/entity/Q58104180,Oberbrunn substation,Electrical substation,48.051666666,11.293888888
Germany,Q183,http://www.wikidata.org/entity/Q58194895,Reisholz substation,Electrical substation,51.162777777,6.828055555
Germany,Q183,http://www.wikidata.org/entity/Q98721096,Umspannwerk Nähe Wolfzahnau in Augsburg,Electrical substation,48.40130658,10.888503379
Germany,Q183,http://www.wikidata.org/entity/Q58100211,Norf substation,Electrical substation,51.146944444,6.772222222
Germany,Q183,http://www.wikidata.org/entity/Q58107817,Osburg substation,Electrical substation,49.724722222,6.813611111
Germany,Q183,http://www.wikidata.org/entity/Q61669023,Wustermark substation,Electrical substation,52.561944444,12.941111111
Germany,Q183,http://www.wikidata.org/entity/Q58094504,Nordlicht substation,Electrical substation,51.565,6.906666666
Germany,Q183,http://www.wikidata.org/entity/Q58053106,Niederstotzingen substation,Electrical substation,48.53,10.232222222
Germany,Q183,http://www.wikidata.org/entity/Q58221246,Siedenbrünzow substation,Electrical substation,53.908055555,13.142777777
Germany,Q183,http://www.wikidata.org/entity/Q61769388,Q61769388,Electrical substation,52.471478,13.383225
Germany,Q183,http://www.wikidata.org/entity/Q58194317,Regensburg substation,Electrical substation,49.0125,12.150555555
Germany,Q183,http://www.wikidata.org/entity/Q58093566,Niederwiesa substation,Electrical substation,50.865833333,13.002222222
Germany,Q183,http://www.wikidata.org/entity/Q58735022,Siersdorf substation,Electrical substation,50.912222222,6.215833333
Germany,Q183,http://www.wikidata.org/entity/Q58110642,Ottenhofen substation,Electrical substation,48.206666666,11.868055555
Germany,Q183,http://www.wikidata.org/entity/Q58129952,Pirach substation,Electrical substation,48.148611111,12.747222222
Germany,Q183,http://www.wikidata.org/entity/Q58213300,Ruhrzink substation,Electrical substation,51.621388888,7.324444444
Germany,Q183,http://www.wikidata.org/entity/Q62578411,Rheinelbe substation,Electrical substation,51.491388888,7.111666666
Germany,Q183,http://www.wikidata.org/entity/Q66823395,Schweigern substation,Electrical substation,49.480948,9.670303
Germany,Q183,http://www.wikidata.org/entity/Q58218647,Schweinfurt substation,Electrical substation,50.028611111,10.196388888
Germany,Q183,http://www.wikidata.org/entity/Q58215173,Schmölln substation,Electrical substation,51.120555555,14.218888888
Germany,Q183,http://www.wikidata.org/entity/Q58052602,Niederstedem substation,Electrical substation,49.922222222,6.474722222
Germany,Q183,http://www.wikidata.org/entity/Q61769427,Gleichrichterschaltwerk Friedrichstraße,Electrical substation,52.520253,13.389814
Germany,Q183,http://www.wikidata.org/entity/Q58106207,Oberhaid substation,Electrical substation,49.928055555,10.835833333
Germany,Q183,http://www.wikidata.org/entity/Q58049865,Mühlhausen substation,Electrical substation,48.8525,9.215555555
Germany,Q183,http://www.wikidata.org/entity/Q58221640,Siegburg substation,Electrical substation,50.798055555,7.193055555
Germany,Q183,http://www.wikidata.org/entity/Q49320808,Transformatorenhäuschen Helbersdorfer Straße Chemnitz,Electrical substation,50.81214,12.90121
Germany,Q183,http://www.wikidata.org/entity/Q113563790,Umspannwerk Bad Hersfeld,Electrical substation,50.863299606,9.729681015
Germany,Q183,http://www.wikidata.org/entity/Q49446924,distribution substation,Electrical substation,50.898397934,13.058680458
Germany,Q183,http://www.wikidata.org/entity/Q49458073,Lausa transformer station,Electrical substation,51.1398,13.79792
Germany,Q183,http://www.wikidata.org/entity/Q1316018,Transformatorenhäuschen,Electrical substation,50.8462,8.8639
Germany,Q183,http://www.wikidata.org/entity/Q98740214,Transformatorenhaus Böttingerstraße 15 in München,Electrical substation,48.167383156,11.566082815
Germany,Q183,http://www.wikidata.org/entity/Q114025928,Q114025928,Electrical substation,48.20169,11.65546
Germany,Q183,http://www.wikidata.org/entity/Q49413571,Straße der Republik 78,Electrical substation,50.953989,14.725747
Germany,Q183,http://www.wikidata.org/entity/Q49450815,Q49450815,Electrical substation,51.303471444,13.642391679
Germany,Q183,http://www.wikidata.org/entity/Q113633247,Umspannwerk Villingen,Electrical substation,48.043502653,8.465078473
Germany,Q183,http://www.wikidata.org/entity/Q130252679,Q130252679,Electrical substation,51.144566,11.830253
Germany,Q183,http://www.wikidata.org/entity/Q49447678,Q49447678,Electrical substation,50.97906641,13.106883241
Germany,Q183,http://www.wikidata.org/entity/Q115793107,Gleichrichterwerk,Electrical substation,52.64265,13.201084
Germany,Q183,http://www.wikidata.org/entity/Q113551706,Umspannwerk Felser,Electrical substation,50.48836447,6.495328545
Germany,Q183,http://www.wikidata.org/entity/Q49458322,distribution substation Marsdorf,Electrical substation,51.16314,13.76697
Germany,Q183,http://www.wikidata.org/entity/Q47497535,Q47497535,Electrical substation,50.8618,8.849351
Germany,Q183,http://www.wikidata.org/entity/Q98585788,Transformatorenhaus Trettlachstraße 13 in Forchheim,Electrical substation,49.713748958,11.095394991
Germany,Q183,http://www.wikidata.org/entity/Q113815814,Umspannwerk Auerbach,Electrical substation,48.399181272,10.676817297
Germany,Q183,http://www.wikidata.org/entity/Q115792597,Gleichrichterwerk Charlottenburg,Electrical substation,52.503145,13.299786
Germany,Q183,http://www.wikidata.org/entity/Q115793117,Q115793117,Electrical substation,52.47189,13.454183
Germany,Q183,http://www.wikidata.org/entity/Q113786274,Umspannwerk Güssefeld,Electrical substation,52.722725598,11.381213665
Germany,Q183,http://www.wikidata.org/entity/Q113674922,Umspannwerk Fallersleben,Electrical substation,52.413237735,10.733170509
Germany,Q183,http://www.wikidata.org/entity/Q49320804,Transformatorenhäuschen Heinrich-Sturm-Weg Chemnitz-Helbersdorf,Electrical substation,50.806924,12.902616
Germany,Q183,http://www.wikidata.org/entity/Q41238933,Transformatorenhaus,Electrical substation,49.746593206,10.304097597
Germany,Q183,http://www.wikidata.org/entity/Q49220772,Transformatorenhäuschen Röttis,Electrical substation,50.545833,12.162778
Germany,Q183,http://www.wikidata.org/entity/Q113505384,Former Dieskau high voltage substation,Electrical substation,51.438841461,12.044062614
Germany,Q183,http://www.wikidata.org/entity/Q2449133,Transformatorenstation Prester,Electrical substation,52.1028,11.6754
Germany,Q183,http://www.wikidata.org/entity/Q113551667,Umspannwerk Jünkerath,Electrical substation,50.340506574,6.593019962
Germany,Q183,http://www.wikidata.org/entity/Q98495740,Transformatorenhaus,Electrical substation,49.807354923,9.597155238
Germany,Q183,http://www.wikidata.org/entity/Q49438999,"distribution substation house Zwickauer Straße, Werdau",Electrical substation,50.736301774,12.381986677
Germany,Q183,http://www.wikidata.org/entity/Q64585091,Trafohaus Schwarzwasserstraße-Roter Graben,Electrical substation,49.37878,11.21405
Germany,Q183,http://www.wikidata.org/entity/Q49452348,Q49452348,Electrical substation,51.087447852,12.642636671
Germany,Q183,http://www.wikidata.org/entity/Q49445408,Transformatorenstation Freiroda,Electrical substation,51.422037648,12.264670925
Germany,Q183,http://www.wikidata.org/entity/Q116136901,Schubertstr. 4,Electrical substation,52.438941,13.282606
Germany,Q183,http://www.wikidata.org/entity/Q113529351,Umspannwerk Marienthal,Electrical substation,53.573798371,10.102497339
Germany,Q183,http://www.wikidata.org/entity/Q49451416,Transformatorenstation Gävernitz,Electrical substation,51.22839987,13.507732386
Germany,Q183,http://www.wikidata.org/entity/Q98643732,Wasserkraftwerk Rosshof,Electrical substation,47.610253482,12.942466001
Germany,Q183,http://www.wikidata.org/entity/Q113674984,Umspannwerk Niendorf,Electrical substation,53.824608293,10.596592426
Germany,Q183,http://www.wikidata.org/entity/Q98682572,Transformatorenhaus Greflingerstraße 22 in Regensburg,Electrical substation,49.013097338,12.120298613
Germany,Q183,http://www.wikidata.org/entity/Q49452532,Q49452532,Electrical substation,51.238852514,12.729382857
Germany,Q183,http://www.wikidata.org/entity/Q98717801,Transformatorenhaus,Electrical substation,48.101782289,10.559956569
Germany,Q183,http://www.wikidata.org/entity/Q49451391,Transformatorenstation Blattersleben,Electrical substation,51.238877999,13.465764241
Germany,Q183,http://www.wikidata.org/entity/Q49385330,transformer house,Electrical substation,51.12774,13.68015
Germany,Q183,http://www.wikidata.org/entity/Q113686250,Umspannwerk Genthin,Electrical substation,52.431485686,12.131738662
Germany,Q183,http://www.wikidata.org/entity/Q41182497,Q41182497,Electrical substation,48.112242,11.489524
Germany,Q183,http://www.wikidata.org/entity/Q115793113,Q115793113,Electrical substation,52.590844,13.287309
Germany,Q183,http://www.wikidata.org/entity/Q56957046,Transformatorenhaus in der Saathainer Straße 2,Electrical substation,51.46975,13.512611
Germany,Q183,http://www.wikidata.org/entity/Q49444567,Transformer station Außig,Electrical substation,51.404722,13.190833
Germany,Q183,http://www.wikidata.org/entity/Q123126131,Q123126131,Electrical substation,51.482355,11.967428
Germany,Q183,http://www.wikidata.org/entity/Q67002591,Q67002591,Electrical substation,51.503052,11.737237
Germany,Q183,http://www.wikidata.org/entity/Q57207338,Diesdorf substation,Electrical substation,52.128111111,11.574047222
Germany,Q183,http://www.wikidata.org/entity/Q26821343,Trafostation Augustusweg (Radebeul),Electrical substation,51.107291666,13.66525
Germany,Q183,http://www.wikidata.org/entity/Q49445499,Transformatorenstation Graßdorf,Electrical substation,51.388056,12.487778
Germany,Q183,http://www.wikidata.org/entity/Q49403413,Q49403413,Electrical substation,51.170334,13.822586
Germany,Q183,http://www.wikidata.org/entity/Q123126422,Q123126422,Electrical substation,51.481946,11.9805
Germany,Q183,http://www.wikidata.org/entity/Q113847541,Umspannwerk Grünberg,Electrical substation,50.581615248,8.968545198
Germany,Q183,http://www.wikidata.org/entity/Q49444882,Transformatorenstation,Electrical substation,51.454859,12.574354
Germany,Q183,http://www.wikidata.org/entity/Q123347862,Q123347862,Electrical substation,49.417625693,9.428807017
Germany,Q183,http://www.wikidata.org/entity/Q130386685,Burg substation,Electrical substation,52.277023,11.823494
Germany,Q183,http://www.wikidata.org/entity/Q123127245,Q123127245,Electrical substation,51.428247,12.027976
Germany,Q183,http://www.wikidata.org/entity/Q41176867,Q41176867,Electrical substation,48.156987,11.609775
Germany,Q183,http://www.wikidata.org/entity/Q113815478,Umspannwerk Ersinger Straße,Electrical substation,48.269811725,9.877417087
Germany,Q183,http://www.wikidata.org/entity/Q98678724,Transformatorenhaus Rumpelbachstraße 12 in Flossenbürg,Electrical substation,49.738707308,12.351309344
Germany,Q183,http://www.wikidata.org/entity/Q49445054,Transformatorenstation,Electrical substation,51.353396168,13.189704214
Germany,Q183,http://www.wikidata.org/entity/Q134125821,Q134125821,Electrical substation,49.723219,6.811778
Germany,Q183,http://www.wikidata.org/entity/Q113674964,Umspannwerk Stendal,Electrical substation,52.585111879,11.831116676
Germany,Q183,http://www.wikidata.org/entity/Q133188307,transformer station,Electrical substation,52.319973,10.503768
Germany,Q183,http://www.wikidata.org/entity/Q113631512,Umspannwerk Pfrombach,Electrical substation,48.44126238,11.991153359
Germany,Q183,http://www.wikidata.org/entity/Q115792965,Q115792965,Electrical substation,52.48534,13.423893
Germany,Q183,http://www.wikidata.org/entity/Q118400380,Q118400380,Electrical substation,49.5166931,9.352837
Germany,Q183,http://www.wikidata.org/entity/Q98748914,Transformatorenhaus Neumühlstraße 40 in Bernau am Chiemsee,Electrical substation,47.832412734,12.393324246
Germany,Q183,http://www.wikidata.org/entity/Q49321667,Q49321667,Electrical substation,50.845517,12.962834
Germany,Q183,http://www.wikidata.org/entity/Q63391069,Trafostation Kabelstraße,Electrical substation,,
Germany,Q183,http://www.wikidata.org/entity/Q124703355,Q124703355,Electrical substation,49.075731426,11.292411806
Germany,Q183,http://www.wikidata.org/entity/Q120441645,Hof-Jägersruh substation,Electrical substation,50.318735813,11.956894169
Germany,Q183,http://www.wikidata.org/entity/Q132352704,Q132352704,Electrical substation,51.05212,13.719437
Germany,Q183,http://www.wikidata.org/entity/Q49457622,Transformatorenhaus Paulusplatz,Electrical substation,51.050651834,13.800487862
Germany,Q183,http://www.wikidata.org/entity/Q115792989,Q115792989,Electrical substation,,
Germany,Q183,http://www.wikidata.org/entity/Q115793050,Q115793050,Electrical substation,,
Germany,Q183,http://www.wikidata.org/entity/Q115793077,Q115793077,Electrical substation,,
Germany,Q183,http://www.wikidata.org/entity/Q116788911,Q116788911,Electrical substation,,
Germany,Q183,http://www.wikidata.org/entity/Q134485646,rectifier plant Hbf,Electrical substation,52.25148,10.536752
Germany,Q183,http://www.wikidata.org/entity/Q49451896,Transformatorenstation,Electrical substation,51.38008,13.27907
Germany,Q183,http://www.wikidata.org/entity/Q98678641,Transformatorenhaus Nähe Silberhüttenstraße in Flossenbürg,Electrical substation,49.736856478,12.354659929
Germany,Q183,http://www.wikidata.org/entity/Q98650409,Transformatorenhaus,Electrical substation,48.151482952,11.445869989
Germany,Q183,http://www.wikidata.org/entity/Q132157794,rectifier plant,Electrical substation,52.296077,10.518652
Germany,Q183,http://www.wikidata.org/entity/Q98741080,Transformatorenhaus Infanteriestraße 13 in München,Electrical substation,48.158129959,11.553031019
Germany,Q183,http://www.wikidata.org/entity/Q98741905,Transformatorenhaus Thumseestraße 25 in Bad Reichenhall,Electrical substation,47.718379815,12.863560941
Germany,Q183,http://www.wikidata.org/entity/Q49450771,Q49450771,Electrical substation,51.363651807,13.660270227
Germany,Q183,http://www.wikidata.org/entity/Q113847361,Umspannwerk Möbisburg,Electrical substation,50.918510812,10.974950194
Germany,Q183,http://www.wikidata.org/entity/Q49571023,"Transformatorenstation, Grunaer Hauptstraße",Electrical substation,51.074084206,13.300073051
Germany,Q183,http://www.wikidata.org/entity/Q57207344,Neue Neustadt substation,Electrical substation,52.150661111,11.638158333
Germany,Q183,http://www.wikidata.org/entity/Q98738978,Transformatorenhaus Schloßlände 26 in Ingolstadt,Electrical substation,48.764869073,11.434338604
Germany,Q183,http://www.wikidata.org/entity/Q129435914,Umspannwerk Hallbergmoos,Electrical substation,48.326611111,11.73825
Germany,Q183,http://www.wikidata.org/entity/Q49438980,"distribution substation house Jägerweg, Werdau",Electrical substation,50.740164068,12.401495128
Germany,Q183,http://www.wikidata.org/entity/Q49452490,"distribution substation Köhlerstraße, Grimma",Electrical substation,51.231549949,12.725546892
Germany,Q183,http://www.wikidata.org/entity/Q126374385,Q126374385,Electrical substation,52.1738,9.9293
Germany,Q183,http://www.wikidata.org/entity/Q49394040,Q49394040,Electrical substation,51.092841,14.31996
Germany,Q183,http://www.wikidata.org/entity/Q130347874,Global Tech I Offshore Substation,Electrical substation,54.51325,6.36863
Germany,Q183,http://www.wikidata.org/entity/Q60190986,Riffgat substation platform,Electrical substation,53.691,6.4846
Germany,Q183,http://www.wikidata.org/entity/Q129452321,Steinlachallee 61,Electrical substation,48.509319341,9.055464863
Germany,Q183,http://www.wikidata.org/entity/Q2478704,Büttel substation and converter station,Electrical substation,53.916944444,9.235
Germany,Q183,http://www.wikidata.org/entity/Q111082978,Stromhäuschen Sachsenplatz,Electrical substation,51.05552,13.755473
Germany,Q183,http://www.wikidata.org/entity/Q113355607,Alte Trafostation,Electrical substation,51.440831043,6.49325788
Germany,Q183,http://www.wikidata.org/entity/Q123147707,DanTysk Offshore Substation,Electrical substation,55.12306,7.23363
Germany,Q183,http://www.wikidata.org/entity/Q130347506,Hohe See Offshore Substation,Electrical substation,54.44442,6.32804
Germany,Q183,http://www.wikidata.org/entity/Q52793446,Diefflen switching station,Electrical substation,49.364722222,6.755277777
Germany,Q183,http://www.wikidata.org/entity/Q113327286,Trafostation Hörvelsingen,Electrical substation,48.478447724,10.031778216
Germany,Q183,http://www.wikidata.org/entity/Q59197249,Ringbahn-Schaltwerk,Electrical substation,52.54842,13.380655
Germany,Q183,http://www.wikidata.org/entity/Q60289244,Baltic 1 substation platform,Electrical substation,54.61281,12.63
Germany,Q183,http://www.wikidata.org/entity/Q64180852,Stuttgart-Rohr substation,Electrical substation,48.714027777,9.11
Germany,Q183,http://www.wikidata.org/entity/Q111051534,Q111051534,Electrical substation,49.416007306,9.404929287
Germany,Q183,http://www.wikidata.org/entity/Q123149972,Gode Wind II Offshore Substation,Electrical substation,54.05528,7.03833
Germany,Q183,http://www.wikidata.org/entity/Q123140867,Butendiek Offshore Substation,Electrical substation,55.01961,7.79977
Germany,Q183,http://www.wikidata.org/entity/Q123149656,Nordsee One Offshore Substation,Electrical substation,53.98237,6.83651
Germany,Q183,http://www.wikidata.org/entity/Q128997018,Baltic Eagle Offshore Substation,Electrical substation,54.82099,13.89935
Germany,Q183,http://www.wikidata.org/entity/Q58050339,Neckarwestheim switching station,Electrical substation,49.042222222,9.205277777
Germany,Q183,http://www.wikidata.org/entity/Q60189831,Alpha ventus substation platform,Electrical substation,54.0,6.623333333
Germany,Q183,http://www.wikidata.org/entity/Q121811504,Q121811504,Electrical substation,51.4876,11.9668
Germany,Q183,http://www.wikidata.org/entity/Q104979366,"Trafohäuschen Schillerplatz, Dresden",Electrical substation,51.052024864,13.807226915
Germany,Q183,http://www.wikidata.org/entity/Q53248171,Isar switching station,Electrical substation,48.606944444,12.296944444
Germany,Q183,http://www.wikidata.org/entity/Q110883784,Q110883784,Electrical substation,49.26147,7.06301
Germany,Q183,http://www.wikidata.org/entity/Q60203512,Borkum Riffgrund 2 substation platform,Electrical substation,53.95712,6.47421
Germany,Q183,http://www.wikidata.org/entity/Q130344082,Veja Mate Offshore Substation,Electrical substation,54.32193,5.88146
Germany,Q183,http://www.wikidata.org/entity/Q113365869,Trafoturm,Electrical substation,49.022300603,12.25670278
Germany,Q183,http://www.wikidata.org/entity/Q123127119,Amrumbank West Offshore Substation,Electrical substation,54.51998,7.73502
Germany,Q183,http://www.wikidata.org/entity/Q61439100,Schaltwerk Halensee,Electrical substation,52.498468,13.283848
Germany,Q183,http://www.wikidata.org/entity/Q133886389,Q133886389,Electrical substation,51.06459,13.763573
Germany,Q183,http://www.wikidata.org/entity/Q59217170,Zensenbusch switching station,Electrical substation,51.576388888,6.689444444
Germany,Q183,http://www.wikidata.org/entity/Q55207325,Meitingen switching station,Electrical substation,48.539166666,10.8675
Germany,Q183,http://www.wikidata.org/entity/Q123136272,Nordsee Ost Offshore Substation,Electrical substation,54.4416,7.67922
Germany,Q183,http://www.wikidata.org/entity/Q124806417,Q124806417,Electrical substation,48.479414969,9.064042568
Germany,Q183,http://www.wikidata.org/entity/Q123127107,Q123127107,Electrical substation,51.490535,11.906275
Germany,Q183,http://www.wikidata.org/entity/Q37475763,Wunstorf substation,Electrical substation,52.415555555,9.482777777
Germany,Q183,http://www.wikidata.org/entity/Q113550689,Bahnstrom-Unterwerk Böhla,Electrical substation,51.235744155,13.545509576
Germany,Q183,http://www.wikidata.org/entity/Q52681431,Bauler switching station,Electrical substation,49.958333333,6.211111111
Germany,Q183,http://www.wikidata.org/entity/Q55195104,Uentrop switching station,Electrical substation,51.683611111,7.992777777
Germany,Q183,http://www.wikidata.org/entity/Q123126801,Q123126801,Electrical substation,51.462572,11.973737
Germany,Q183,http://www.wikidata.org/entity/Q60291303,Baltic 2 substation platform,Electrical substation,54.97214,13.16168
Germany,Q183,http://www.wikidata.org/entity/Q53132651,Gundelfingen switching station,Electrical substation,48.517777777,10.391944444
Germany,Q183,http://www.wikidata.org/entity/Q128939854,Arkona Offshore Substation,Electrical substation,54.78693,14.09786
Germany,Q183,http://www.wikidata.org/entity/Q60197185,BARD 1 substation platform,Electrical substation,54.35161,6.01002
Germany,Q183,http://www.wikidata.org/entity/Q64182999,Langenfeld substation,Electrical substation,51.103444444,6.937166666
Germany,Q183,http://www.wikidata.org/entity/Q53061082,Götzdorf switching station,Electrical substation,53.636388888,9.487777777
Germany,Q183,http://www.wikidata.org/entity/Q110636249,Stromhäuschen Seidnitzer Straße/Blochmannstraße,Electrical substation,51.048061829,13.753851781
Germany,Q183,http://www.wikidata.org/entity/Q113472054,Trafoturm,Electrical substation,49.761963137,11.550074815
Germany,Q183,http://www.wikidata.org/entity/Q113466989,Historischer Trafoturm,Electrical substation,50.865070385,13.665586709
Germany,Q183,http://www.wikidata.org/entity/Q52680521,Bärwalde switching station,Electrical substation,51.413611111,14.508888888
Germany,Q183,http://www.wikidata.org/entity/Q123156219,Merkur Offshore Substation,Electrical substation,54.03723,6.56055
Germany,Q183,http://www.wikidata.org/entity/Q123126468,Q123126468,Electrical substation,51.475682,11.982607
Germany,Q183,http://www.wikidata.org/entity/Q129005387,Gode Wind III Offshore Substation,Electrical substation,54.04421,7.10856
Germany,Q183,http://www.wikidata.org/entity/Q64177938,Orscheid substation,Electrical substation,50.655277777,7.323555555
Germany,Q183,http://www.wikidata.org/entity/Q55195283,Lippe switching station,Electrical substation,51.644444444,7.403333333
Germany,Q183,http://www.wikidata.org/entity/Q52679342,Amelsbüren switching station,Electrical substation,51.898333333,7.6075
Germany,Q183,http://www.wikidata.org/entity/Q64178514,Wiesental substation,Electrical substation,49.221944444,8.496666666
Germany,Q183,http://www.wikidata.org/entity/Q130344102,Deutsche Bucht Offshore Substation,Electrical substation,54.30272,5.78636
Germany,Q183,http://www.wikidata.org/entity/Q60181332,Meerwind Süd/Ost substation platform,Electrical substation,54.399722222,7.698888888
Germany,Q183,http://www.wikidata.org/entity/Q130603888,Q130603888,Electrical substation,52.1308,12.622463
Germany,Q183,http://www.wikidata.org/entity/Q130347074,Albatros Offshore Substation,Electrical substation,54.48686,6.27061
Germany,Q183,http://www.wikidata.org/entity/Q64180202,Eutingen substation,Electrical substation,48.479722222,8.778888888
Germany,Q183,http://www.wikidata.org/entity/Q57751129,Ovenstädt switching station,Electrical substation,52.402777777,8.939444444
Germany,Q183,http://www.wikidata.org/entity/Q64177321,Leonberg substation,Electrical substation,48.793277777,8.974583333
Germany,Q183,http://www.wikidata.org/entity/Q105045173,Eduard-Willis-Haus,Electrical substation,52.539297,13.26793
Germany,Q183,http://www.wikidata.org/entity/Q111051557,Q111051557,Electrical substation,49.33884496,9.1148909
Germany,Q183,http://www.wikidata.org/entity/Q123126304,Q123126304,Electrical substation,51.479005,11.966361
Germany,Q183,http://www.wikidata.org/entity/Q106539410,Q106539410,Electrical substation,,
Germany,Q183,http://www.wikidata.org/entity/Q124669937,"Transformer station Heinrich-Heine-Straße, Hannover",Electrical substation,52.35754,9.76036
Germany,Q183,http://www.wikidata.org/entity/Q110500546,"Trafostation Schwarzheide, Senftenberger Straße",Electrical substation,51.472774261,13.894759544
Germany,Q183,http://www.wikidata.org/entity/Q116514767,Q116514767,Electrical substation,50.079514035,8.654530755
Germany,Q183,http://www.wikidata.org/entity/Q123147068,Sandbank Offshore Substation,Electrical substation,55.19889,6.85528
Germany,Q183,http://www.wikidata.org/entity/Q110765691,Stromhäuschen Glacisstraße,Electrical substation,51.06159355,13.74963306
Germany,Q183,http://www.wikidata.org/entity/Q123126940,Q123126940,Electrical substation,51.426158,11.984651
Germany,Q183,http://www.wikidata.org/entity/Q128939112,Arcadis Ost 1 Offshore Substation,Electrical substation,54.81728,13.67714
Germany,Q183,http://www.wikidata.org/entity/Q123127341,Q123127341,Electrical substation,51.512795,11.958484
Germany,Q183,http://www.wikidata.org/entity/Q123135005,Kaskasi Offshore Substation,Electrical substation,54.48847,7.7286
Germany,Q183,http://www.wikidata.org/entity/Q1719731,Kühmoos substation,Electrical substation,47.595022,7.958552
Germany,Q183,http://www.wikidata.org/entity/Q128990606,Borkum Riffgrund 1 Offshore Substation,Electrical substation,53.96391,6.56562
Germany,Q183,http://www.wikidata.org/entity/Q104979367,"Transformatorenstation Grundstraße, Dresden",Electrical substation,51.05857,13.82824
Germany,Q183,http://www.wikidata.org/entity/Q113341720,Umspannwerk Wipperoda,Electrical substation,50.870280757,10.657317638
Germany,Q183,http://www.wikidata.org/entity/Q132449920,Jägerstraße,Electrical substation,50.942587124,10.708842455
Germany,Q183,http://www.wikidata.org/entity/Q128986792,Borkum West II Offshore Substation,Electrical substation,54.0465,6.4669
Germany,Q183,http://www.wikidata.org/entity/Q122970362,Q122970362,Electrical substation,51.82686,10.79325
Germany,Q183,http://www.wikidata.org/entity/Q131295626,Substation,Electrical substation,50.6392523,13.4775194
Germany,Q183,http://www.wikidata.org/entity/Q113680906,Umspannstation Lohmühle,Electrical substation,48.443796103,8.800317049
Germany,Q183,http://www.wikidata.org/entity/Q658977,GKK Etzenricht,Electrical substation,49.631,12.1156
Germany,Q183,http://www.wikidata.org/entity/Q128924619,Nordergründe Offshore Substation,Electrical substation,53.82429,8.17899
Germany,Q183,http://www.wikidata.org/entity/Q98773890,Q98773890,Electrical substation,52.27001,9.12819
Germany,Q183,http://www.wikidata.org/entity/Q123149943,Gode Wind I Offshore Substation,Electrical substation,54.02451,7.00876
Germany,Q183,http://www.wikidata.org/entity/Q123536687,Q123536687,Electrical substation,48.82256,10.51647
Germany,Q183,http://www.wikidata.org/entity/Q124656146,"Transformer station at Bertha-von-Suttner-Platz, Hannover",Electrical substation,52.36032,9.76223
Germany,Q183,http://www.wikidata.org/entity/Q128939494,Wikinger Offshore Substation,Electrical substation,54.83461,14.07401
Germany,Q183,http://www.wikidata.org/entity/Q110501017,Q110501017,Electrical substation,51.817389,14.038765
Germany,Q183,http://www.wikidata.org/entity/Q108045365,E-Werk Straßenbahndepot,Electrical substation,50.985568858,11.332286998
Germany,Q183,http://www.wikidata.org/entity/Q110655285,transformer brick factory,Electrical substation,52.370969,11.988945
Germany,Q183,http://www.wikidata.org/entity/Q32663910,Q32663910,Electrical substation,52.532851,13.426983
Germany,Q183,http://www.wikidata.org/entity/Q49234136,Floßplatz 3; 4; 5,Electrical substation,51.330696,12.372248
Germany,Q183,http://www.wikidata.org/entity/Q49453166,Transformatorenturm,Electrical substation,51.274316734,12.63934444
Germany,Q183,http://www.wikidata.org/entity/Q110883660,Q110883660,Electrical substation,49.40218,6.71055
Germany,Q183,http://www.wikidata.org/entity/Q133575276,Q133575276,Electrical substation,48.9617713,8.8290856
Germany,Q183,http://www.wikidata.org/entity/Q116518627,Q116518627,Electrical substation,50.345056814,9.212448289
Germany,Q183,http://www.wikidata.org/entity/Q60159567,BorWin beta,Electrical substation,54.355166666,6.024611111
Germany,Q183,http://www.wikidata.org/entity/Q129014536,DolWin kappa,Electrical substation,53.97854,6.92156
Germany,Q183,http://www.wikidata.org/entity/Q32662299,Q32662299,Electrical substation,52.551818,13.408573
Germany,Q183,http://www.wikidata.org/entity/Q57170352,Trafoturm Brachstedt,Electrical substation,51.570277777,12.050555555
Germany,Q183,http://www.wikidata.org/entity/Q116497374,Q116497374,Electrical substation,51.124713931,9.112080587
Germany,Q183,http://www.wikidata.org/entity/Q116519418,Q116519418,Electrical substation,49.832964022,8.900136259
Germany,Q183,http://www.wikidata.org/entity/Q122696693,transformer tower in Plaußig,Electrical substation,51.391222222,12.455944444
Germany,Q183,http://www.wikidata.org/entity/Q110953976,Q110953976,Electrical substation,49.46758,6.59088
Germany,Q183,http://www.wikidata.org/entity/Q116497059,Q116497059,Electrical substation,51.388451078,9.006829312
Germany,Q183,http://www.wikidata.org/entity/Q49444525,Probsthain transformer station,Electrical substation,51.466019,12.89757
Germany,Q183,http://www.wikidata.org/entity/Q60173970,DolWin gamma,Electrical substation,53.995930555,6.42065
Germany,Q183,http://www.wikidata.org/entity/Q15789376,BorWin gamma,Electrical substation,54.387819444,6.380930555
Germany,Q183,http://www.wikidata.org/entity/Q111770729,Transformatorenstation,Electrical substation,48.28118,11.67249
Germany,Q183,http://www.wikidata.org/entity/Q111318117,Ehem. Transformatorenhaus Garching-Hochbrück,Electrical substation,48.24761,11.60552
Germany,Q183,http://www.wikidata.org/entity/Q131572562,DolWin epsilon,Electrical substation,,
Germany,Q183,http://www.wikidata.org/entity/Q131572635,BorWin epsilon,Electrical substation,,
Germany,Q183,http://www.wikidata.org/entity/Q112895463,Herrenmühle,Electrical substation,50.807934677,8.772690414
Germany,Q183,http://www.wikidata.org/entity/Q2447943,Meißner Straße transformer tower,Electrical substation,51.1009,13.6855
Germany,Q183,http://www.wikidata.org/entity/Q116512708,Q116512708,Electrical substation,49.798673368,8.600769276
Germany,Q183,http://www.wikidata.org/entity/Q49444422,Altenhof transformer station,Electrical substation,51.595819,12.566174
Germany,Q183,http://www.wikidata.org/entity/Q20170985,Transformatorenhaus,Electrical substation,49.995738888,9.575311111
Germany,Q183,http://www.wikidata.org/entity/Q116511858,Q116511858,Electrical substation,49.718282843,8.713365925
Germany,Q183,http://www.wikidata.org/entity/Q49366567,"Elektrizitätswerk, Rosa-Luxemburg-Straße 7, 9",Electrical substation,51.121953521,13.115331566
Germany,Q183,http://www.wikidata.org/entity/Q116519401,Q116519401,Electrical substation,50.412289674,9.006315762
Germany,Q183,http://www.wikidata.org/entity/Q49444412,Stehla transformer station,Electrical substation,51.494794835,13.18370375
Germany,Q183,http://www.wikidata.org/entity/Q125692532,Gas- und Elektrizitätswerk Prenzlau,Electrical substation,53.321559087,13.854736269
Germany,Q183,http://www.wikidata.org/entity/Q47748089,Transformatorenturm,Electrical substation,50.503437071,8.940727045
Germany,Q183,http://www.wikidata.org/entity/Q116519867,Q116519867,Electrical substation,51.179043099,9.057665747
Germany,Q183,http://www.wikidata.org/entity/Q823183,BorWin alpha,Electrical substation,54.354011111,6.02495
Germany,Q183,http://www.wikidata.org/entity/Q108106606,Transformatorenstation,Electrical substation,49.414838,7.117184
Germany,Q183,http://www.wikidata.org/entity/Q49444378,Arzberg transformer station,Electrical substation,51.525719918,13.135162932
Germany,Q183,http://www.wikidata.org/entity/Q47793511,Butzbacher Straße 11,Electrical substation,50.485924437,8.717383696
Germany,Q183,http://www.wikidata.org/entity/Q49444490,Rosenfeld transformer station,Electrical substation,51.600253085,13.038907569
Germany,Q183,http://www.wikidata.org/entity/Q116519650,Q116519650,Electrical substation,50.347773479,9.532469942
Germany,Q183,http://www.wikidata.org/entity/Q116192887,Transformatorenstation (Bebenhausen),Electrical substation,48.559177777,9.059802777
Germany,Q183,http://www.wikidata.org/entity/Q116514310,Q116514310,Electrical substation,50.125796849,8.479639969
Germany,Q183,http://www.wikidata.org/entity/Q60153323,SylWin alpha,Electrical substation,55.062333333,7.241472222
Germany,Q183,http://www.wikidata.org/entity/Q49450351,Q49450351,Electrical substation,51.33289377,13.393849781
Germany,Q183,http://www.wikidata.org/entity/Q49444418,Stehla transformer station,Electrical substation,51.494547852,13.149511598
Germany,Q183,http://www.wikidata.org/entity/Q116496441,Q116496441,Electrical substation,50.104973937,8.918124973
Germany,Q183,http://www.wikidata.org/entity/Q49444558,Sitzenroda transformer station,Electrical substation,51.450918,12.96648
Germany,Q183,http://www.wikidata.org/entity/Q60154705,DolWin alpha,Electrical substation,53.997166666,6.420388888
Germany,Q183,http://www.wikidata.org/entity/Q116497260,Q116497260,Electrical substation,51.382632512,8.892131123
Germany,Q183,http://www.wikidata.org/entity/Q59219622,Transformatorenhaus Langennaundorf,Electrical substation,51.603286111,13.343261111
Germany,Q183,http://www.wikidata.org/entity/Q60152307,DolWin beta,Electrical substation,53.978194444,6.9235
Germany,Q183,http://www.wikidata.org/entity/Q57235545,Cracau transformer station,Electrical substation,52.115727777,11.663713888
Germany,Q183,http://www.wikidata.org/entity/Q28162445,Q28162445,Electrical substation,51.39946,8.05967
Germany,Q183,http://www.wikidata.org/entity/Q32664229,Q32664229,Electrical substation,52.542653,13.419753
Germany,Q183,http://www.wikidata.org/entity/Q116513958,Ehemaliger Trafoturm,Electrical substation,50.199426481,9.181548012
Germany,Q183,http://www.wikidata.org/entity/Q60150983,HelWin alpha,Electrical substation,54.452119444,7.739919444
Germany,Q183,http://www.wikidata.org/entity/Q60151321,HelWin beta,Electrical substation,54.453511111,7.739430555
Germany,Q183,http://www.wikidata.org/entity/Q126874663,Q126874663,Electrical substation,53.754202,9.145075
Germany,Q183,http://www.wikidata.org/entity/Q116749440,Transformatorenturm,Electrical substation,50.253775172,9.322143192
Germany,Q183,http://www.wikidata.org/entity/Q116496616,Q116496616,Electrical substation,50.239153188,9.477145723
Germany,Q183,http://www.wikidata.org/entity/Q49445562,transformer tower,Electrical substation,51.5279644,12.9371394
Germany,Q183,http://www.wikidata.org/entity/Q134996800,Q134996800,Electrical substation,,
Germany,Q183,http://www.wikidata.org/entity/Q116497218,Q116497218,Electrical substation,51.362310198,8.805437868
Germany,Q183,http://www.wikidata.org/entity/Q49445136,Q49445136,Electrical substation,51.487876752,12.903775003
Germany,Q183,http://www.wikidata.org/entity/Q116497259,Q116497259,Electrical substation,51.345124242,8.763141357
Germany,Q183,http://www.wikidata.org/entity/Q116490504,Q116490504,Electrical substation,51.262963442,9.310864128
Germany,Q183,http://www.wikidata.org/entity/Q111172876,Q111172876,Electrical substation,49.14578,7.11915
Germany,Q183,http://www.wikidata.org/entity/Q56228992,Westerkappeln substation,Electrical substation,52.276944444,7.889444444
Germany,Q183,http://www.wikidata.org/entity/Q28974727,Kelsterbach substation,Electrical substation,50.04795,8.531688888
Germany,Q183,http://www.wikidata.org/entity/Q55205987,Mehrum substation,Electrical substation,52.314444444,10.087777777
Germany,Q183,http://www.wikidata.org/entity/Q2478692,Brauweiler substation,Electrical substation,50.9668,6.80642
Germany,Q183,http://www.wikidata.org/entity/Q113472044,Umspannwerk Pegnitz,Electrical substation,49.767254245,11.545214653
Germany,Q183,http://www.wikidata.org/entity/Q105702276,Abspannwerk Oberspree,Electrical substation,52.46045,13.52133
Germany,Q183,http://www.wikidata.org/entity/Q56191988,Schwelgern substation,Electrical substation,51.513055555,6.741111111
Germany,Q183,http://www.wikidata.org/entity/Q56209223,Weisweiler substation,Electrical substation,50.836944444,6.321666666
Germany,Q183,http://www.wikidata.org/entity/Q325230,E-Werk,Electrical substation,52.5089,13.3869
Germany,Q183,http://www.wikidata.org/entity/Q108549422,Q108549422,Electrical substation,48.68637792,9.041034579
Germany,Q183,http://www.wikidata.org/entity/Q55208189,Meppen substation,Electrical substation,52.753333333,7.2775
Germany,Q183,http://www.wikidata.org/entity/Q55205549,Meckenheim substation,Electrical substation,50.6175,7.013055555
Germany,Q183,http://www.wikidata.org/entity/Q57087318,Moabit substation,Electrical substation,52.537777777,13.35
Germany,Q183,http://www.wikidata.org/entity/Q21977947,Scharnhorst substation,Electrical substation,52.537372,13.367366
Germany,Q183,http://www.wikidata.org/entity/Q107564568,Q107564568,Electrical substation,54.1046,12.0623
Germany,Q183,http://www.wikidata.org/entity/Q55476280,Garching substation,Electrical substation,48.258888888,11.658888888
Germany,Q183,http://www.wikidata.org/entity/Q1515772,Uchtelfangen substation,Electrical substation,49.3758,6.99651
Germany,Q183,http://www.wikidata.org/entity/Q113327158,Electrical substation Porte du Rhin,Electrical substation,48.556642513,7.795743942
Germany,Q183,http://www.wikidata.org/entity/Q113341709,Umspannwerk Suhl,Electrical substation,50.589517177,10.716133117
Germany,Q183,http://www.wikidata.org/entity/Q56191976,Mündelheim substation,Electrical substation,51.355555555,6.723888888
Germany,Q183,http://www.wikidata.org/entity/Q29167446,Oberzier substation,Electrical substation,50.871811,6.457015
Germany,Q183,http://www.wikidata.org/entity/Q113327254,Umspannwerk Etting,Electrical substation,48.795118387,11.404784917
Germany,Q183,http://www.wikidata.org/entity/Q111345041,Böblingen-Hulb substation,Electrical substation,48.67316,8.96445
Germany,Q183,http://www.wikidata.org/entity/Q108549396,Substation Sindelfingen,Electrical substation,48.714008069,8.98912847
Germany,Q183,http://www.wikidata.org/entity/Q57784267,Oberhavel substation,Electrical substation,52.579444444,13.211944444
Germany,Q183,http://www.wikidata.org/entity/Q108353582,Umspannwerk Sandbreite,Electrical substation,52.100172,11.643954
Germany,Q183,http://www.wikidata.org/entity/Q55203930,Maximiliansau substation,Electrical substation,49.028611111,8.272222222
Germany,Q183,http://www.wikidata.org/entity/Q98969332,Umspannwerk Stangenmühle,Electrical substation,49.24642,6.90092
Germany,Q183,http://www.wikidata.org/entity/Q55201345,Marzahn substation,Electrical substation,52.535555555,13.524166666
Germany,Q183,http://www.wikidata.org/entity/Q55482397,Darmstadt-Nord substation,Electrical substation,49.889583333,8.649166666
Germany,Q183,http://www.wikidata.org/entity/Q56209115,Zukunft substation,Electrical substation,50.828611111,6.300833333
Germany,Q183,http://www.wikidata.org/entity/Q113493370,Umspannwerk Breitungen,Electrical substation,50.7582804,10.320104956
Germany,Q183,http://www.wikidata.org/entity/Q56427969,Prenzlauer Berg substation,Electrical substation,52.541388888,13.433055555
Germany,Q183,http://www.wikidata.org/entity/Q57777854,Bommersheim substation,Electrical substation,50.1925,8.608055555
Germany,Q183,http://www.wikidata.org/entity/Q111862205,Umspannwerk Mühlholz,Electrical substation,49.608270755,9.436478058
Germany,Q183,http://www.wikidata.org/entity/Q23785425,Q23785425,Electrical substation,49.875360273,8.623743124
Germany,Q183,http://www.wikidata.org/entity/Q2478725,Neuhof substation,Electrical substation,51.5844,10.5753
Germany,Q183,http://www.wikidata.org/entity/Q798859,Badeborner Weg 16,Electrical substation,51.7857,11.1659
Germany,Q183,http://www.wikidata.org/entity/Q113462796,Umspannwerk Freiberg-Ost,Electrical substation,50.909223288,13.362582921
Germany,Q183,http://www.wikidata.org/entity/Q113329703,USW Merzig,Electrical substation,49.454553977,6.629927158
Germany,Q183,http://www.wikidata.org/entity/Q55456441,Schönaich substation,Electrical substation,48.645555555,9.051666666
Germany,Q183,http://www.wikidata.org/entity/Q55490215,Dexheim substation,Electrical substation,49.851388888,8.317222222
Germany,Q183,http://www.wikidata.org/entity/Q113320771,Umspannwerk Itzehoe-Mitte,Electrical substation,53.931732714,9.486587047
Germany,Q183,http://www.wikidata.org/entity/Q106566569,Umspannwerk Buckau,Electrical substation,52.112538,11.630404
Germany,Q183,http://www.wikidata.org/entity/Q56207506,Walsum substation,Electrical substation,51.526388888,6.714166666
Germany,Q183,http://www.wikidata.org/entity/Q56191953,Rheinhausen substation,Electrical substation,51.391388888,6.72
Germany,Q183,http://www.wikidata.org/entity/Q57777446,Mönchhof substation,Electrical substation,50.034166666,8.482777777
Germany,Q183,http://www.wikidata.org/entity/Q55207621,Meitingen substation,Electrical substation,48.546388888,10.863888888
Germany,Q183,http://www.wikidata.org/entity/Q56207389,Utfort substation,Electrical substation,51.475833333,6.616666666
Germany,Q183,http://www.wikidata.org/entity/Q15133022,Dauersberg substation,Electrical substation,50.767907,7.864006
Germany,Q183,http://www.wikidata.org/entity/Q55207739,Memmingen substation,Electrical substation,47.970555555,10.194722222
Germany,Q183,http://www.wikidata.org/entity/Q57713388,Woringen substation,Electrical substation,47.939444444,10.213055555
Germany,Q183,http://www.wikidata.org/entity/Q2478712,Gröbers substation,Electrical substation,51.4314,12.1069
Germany,Q183,http://www.wikidata.org/entity/Q55208371,Mettmann substation,Electrical substation,51.248611111,6.998333333
Germany,Q183,http://www.wikidata.org/entity/Q25016146,Möhringen substation,Electrical substation,48.72595,9.13329
Germany,Q183,http://www.wikidata.org/entity/Q55510913,Coesfeld substation,Electrical substation,51.958888888,7.195
Germany,Q183,http://www.wikidata.org/entity/Q55205725,Mecklar substation,Electrical substation,50.916666666,9.745833333
Germany,Q183,http://www.wikidata.org/entity/Q1695209,Recklinghausen substation,Electrical substation,51.5611,7.20778
Germany,Q183,http://www.wikidata.org/entity/Q113327204,USW Ingolstadt-Kothau,Electrical substation,48.738226845,11.453472375
Germany,Q183,http://www.wikidata.org/entity/Q1756667,Wolmirstedt substation,Electrical substation,52.2689,11.64
Germany,Q183,http://www.wikidata.org/entity/Q105712821,"Umspannwerk am Mediapark, Köln",Electrical substation,50.946807,6.940377
Germany,Q183,http://www.wikidata.org/entity/Q108340843,Q108340843,Electrical substation,49.24855,6.88449
Germany,Q183,http://www.wikidata.org/entity/Q113323881,Umspannwerk Falkenberg,Electrical substation,51.570721579,13.230113983
Germany,Q183,http://www.wikidata.org/entity/Q113341775,Umspannwerk Waltershausen,Electrical substation,50.909541245,10.569528937
Germany,Q183,http://www.wikidata.org/entity/Q57715976,Oberottmarshausen substation,Electrical substation,48.238055555,10.840555555
Germany,Q183,http://www.wikidata.org/entity/Q105045399,Umspannwerk Paul-Lincke-Ufer,Electrical substation,52.493974419,13.429531815
Germany,Q183,http://www.wikidata.org/entity/Q113489571,Umspannwerk Köthensdorf,Electrical substation,50.916671041,12.87535429
Germany,Q183,http://www.wikidata.org/entity/Q55208515,Metzingen substation,Electrical substation,48.549722222,9.274722222
Germany,Q183,http://www.wikidata.org/entity/Q27842217,Lehrte substation,Electrical substation,52.379680555,9.917330555
Germany,Q183,http://www.wikidata.org/entity/Q55206444,Meißen substation,Electrical substation,52.279101,8.959088
Germany,Q183,http://www.wikidata.org/entity/Q55456294,Sielmingen substation,Electrical substation,48.664722222,9.245833333
Germany,Q183,http://www.wikidata.org/entity/Q55479623,Leonhardstanne substation,Electrical substation,49.930555555,8.671944444
Germany,Q183,http://www.wikidata.org/entity/Q2478696,Osterath substation,Electrical substation,51.2603,6.62598
Germany,Q183,http://www.wikidata.org/entity/Q55207802,Mengede substation,Electrical substation,51.575555555,7.353055555
Germany,Q183,http://www.wikidata.org/entity/Q55456210,Hockenheim substation,Electrical substation,49.3325,8.535277777
Germany,Q183,http://www.wikidata.org/entity/Q57785934,Teufelsbruch substation,Electrical substation,52.580555555,13.211388888
Germany,Q183,http://www.wikidata.org/entity/Q113006642,Schaltanlage Forchenweg Aidlingen,Electrical substation,48.675971968,8.881528973
Germany,Q183,http://www.wikidata.org/entity/Q111860436,Q111860436,Electrical substation,49.543271688,9.208791916
Germany,Q183,http://www.wikidata.org/entity/Q113494253,Umspannwerk Hüttenrode,Electrical substation,51.766326048,10.900336503
Germany,Q183,http://www.wikidata.org/entity/Q55519436,Rudolfplatz substation,Electrical substation,52.502472222,13.455388888
Germany,Q183,http://www.wikidata.org/entity/Q113326895,Umspannwerk Töging,Electrical substation,48.247833014,12.587360143
Germany,Q183,http://www.wikidata.org/entity/Q55199795,Marke substation,Electrical substation,51.740833333,12.261944444
Germany,Q183,http://www.wikidata.org/entity/Q29031598,Radebeul substation,Electrical substation,51.10486111,13.65111111
Germany,Q183,http://www.wikidata.org/entity/Q134580933,Q134580933,Electrical substation,,
Germany,Q183,http://www.wikidata.org/entity/Q55491660,Elsterwerda substation,Electrical substation,51.459166666,13.541111111
Netherlands,Q55,http://www.wikidata.org/entity/Q111956091,Dodewaard substation,Electrical substation,51.9269,5.6641
Netherlands,Q55,http://www.wikidata.org/entity/Q111958609,Eemshaven Oost substation,Electrical substation,53.42995,6.86966
Netherlands,Q55,http://www.wikidata.org/entity/Q112112748,Roosendaal substation,Electrical substation,51.54686,4.48525
Netherlands,Q55,http://www.wikidata.org/entity/Q111952659,Oss substation,Electrical substation,51.76458,5.55102
Netherlands,Q55,http://www.wikidata.org/entity/Q111959467,Doekegat substation,Electrical substation,53.4511,6.85676
Netherlands,Q55,http://www.wikidata.org/entity/Q111950986,Helmond Oost substation,Electrical substation,51.4642,5.6883
Netherlands,Q55,http://www.wikidata.org/entity/Q111950984,Best substation,Electrical substation,51.48814,5.41244
Netherlands,Q55,http://www.wikidata.org/entity/Q112112754,Kruiningen substation,Electrical substation,51.46818,4.03107
Netherlands,Q55,http://www.wikidata.org/entity/Q111951967,Crayestein substation,Electrical substation,51.8137,4.7482
Netherlands,Q55,http://www.wikidata.org/entity/Q111954792,BritNed converterstation,Electrical substation,51.95706,4.02162
Netherlands,Q55,http://www.wikidata.org/entity/Q112071473,'s-Hertogenbosch Noord substation,Electrical substation,51.7093,5.2982
Netherlands,Q55,http://www.wikidata.org/entity/Q111957797,Teersdijk substation,Electrical substation,51.82071,5.77975
Netherlands,Q55,http://www.wikidata.org/entity/Q111950997,Eindhoven Oost substation,Electrical substation,51.44615,5.53003
Netherlands,Q55,http://www.wikidata.org/entity/Q111952661,Uden substation,Electrical substation,51.67848,5.64835
Netherlands,Q55,http://www.wikidata.org/entity/Q111957190,Gennep substation,Electrical substation,51.69333,5.96773
Netherlands,Q55,http://www.wikidata.org/entity/Q111951978,Krimpen a/d IJssel substation,Electrical substation,51.9138,4.62975
Netherlands,Q55,http://www.wikidata.org/entity/Q111956128,Horst substation,Electrical substation,51.45241,6.08451
Netherlands,Q55,http://www.wikidata.org/entity/Q111958425,Burgum substation,Electrical substation,53.2125,6.0288
Netherlands,Q55,http://www.wikidata.org/entity/Q111954817,Eemshaven Oudeschip substation,Electrical substation,53.43598,6.86226
Netherlands,Q55,http://www.wikidata.org/entity/Q111951973,Hoek van Holland substation,Electrical substation,51.95941,4.1626
Netherlands,Q55,http://www.wikidata.org/entity/Q112112745,Moerdijk substation,Electrical substation,51.66416,4.58206
Netherlands,Q55,http://www.wikidata.org/entity/Q111956130,Venray substation,Electrical substation,51.54167,5.99164
Netherlands,Q55,http://www.wikidata.org/entity/Q112071469,Tiburg Noord substation,Electrical substation,51.59401,5.085
Netherlands,Q55,http://www.wikidata.org/entity/Q112112843,Westdorpe substation,Electrical substation,51.26443,3.82883
Netherlands,Q55,http://www.wikidata.org/entity/Q111950991,Eindhoven substation,Electrical substation,51.44669,5.53259
Netherlands,Q55,http://www.wikidata.org/entity/Q111957882,Breukelen Kortrijk substation,Electrical substation,52.1602,4.98779
Netherlands,Q55,http://www.wikidata.org/entity/Q111950983,Hapert substation,Electrical substation,51.37326,5.27036
Netherlands,Q55,http://www.wikidata.org/entity/Q112112746,Princenhage substation,Electrical substation,51.58185,4.72773
Netherlands,Q55,http://www.wikidata.org/entity/Q111951124,Budel substation,Electrical substation,51.24011,5.60202
Netherlands,Q55,http://www.wikidata.org/entity/Q111958230,Weiwerd substation,Electrical substation,53.30305,6.95686
Netherlands,Q55,http://www.wikidata.org/entity/Q112112840,Middelburg substation,Electrical substation,51.48795,3.64863
Netherlands,Q55,http://www.wikidata.org/entity/Q112112744,Breda substation,Electrical substation,51.60809,4.77435
Netherlands,Q55,http://www.wikidata.org/entity/Q111954789,NorNed converterstation,Electrical substation,53.4347,6.86609
Netherlands,Q55,http://www.wikidata.org/entity/Q111957886,Ens substation,Electrical substation,52.6179,5.8094
Netherlands,Q55,http://www.wikidata.org/entity/Q111951958,Maasbracht substation,Electrical substation,51.1481,5.9201
Netherlands,Q55,http://www.wikidata.org/entity/Q111956090,Boxmeer substation,Electrical substation,51.63905,5.91362
Netherlands,Q55,http://www.wikidata.org/entity/Q111956126,Californië substation,Electrical substation,51.4223,6.10222
Netherlands,Q55,http://www.wikidata.org/entity/Q111951979,Rilland substation,Electrical substation,51.42396,4.21874
Netherlands,Q55,http://www.wikidata.org/entity/Q112071466,Tilburg substation,Electrical substation,51.6076,5.0643
Netherlands,Q55,http://www.wikidata.org/entity/Q111958184,Hessenweg substation,Electrical substation,52.53137,6.18771
Netherlands,Q55,http://www.wikidata.org/entity/Q111957883,Zwolle substation,Electrical substation,52.52988,6.19004
Netherlands,Q55,http://www.wikidata.org/entity/Q111951962,Diemen substation,Electrical substation,52.3372,5.0152
Netherlands,Q55,http://www.wikidata.org/entity/Q111951964,Beverwijk substation,Electrical substation,52.47289,4.67916
Netherlands,Q55,http://www.wikidata.org/entity/Q111957196,Cuijk substation,Electrical substation,51.74035,5.84408
Netherlands,Q55,http://www.wikidata.org/entity/Q112112752,Woensdrecht substation,Electrical substation,51.46695,4.30543
Netherlands,Q55,http://www.wikidata.org/entity/Q112112750,Borchwerf substation,Electrical substation,51.54811,4.44115
Netherlands,Q55,http://www.wikidata.org/entity/Q111951982,Kattenberg substation,Electrical substation,52.0094,5.8925
Netherlands,Q55,http://www.wikidata.org/entity/Q111958608,Eemshaven Hogeland substation,Electrical substation,53.4188,6.859
Netherlands,Q55,http://www.wikidata.org/entity/Q112112841,Vlissingen substation,Electrical substation,51.45229,3.59127
Netherlands,Q55,http://www.wikidata.org/entity/Q111950981,Eindhoven Zuid substation,Electrical substation,51.40951,5.46621
Netherlands,Q55,http://www.wikidata.org/entity/Q111950978,Eindhoven Noord substation,Electrical substation,51.46178,5.44457
Netherlands,Q55,http://www.wikidata.org/entity/Q112112853,Weertheide substation,Electrical substation,51.24742,5.65619
Netherlands,Q55,http://www.wikidata.org/entity/Q112112838,Willem-Annapolder substation,Electrical substation,51.4667,3.96484
Netherlands,Q55,http://www.wikidata.org/entity/Q112112743,Zevenbergschenhoek substation,Electrical substation,51.68384,4.66586
Netherlands,Q55,http://www.wikidata.org/entity/Q111951969,Simonshaven substation,Electrical substation,51.8393,4.2658
Netherlands,Q55,http://www.wikidata.org/entity/Q111958208,Zeyerveen substation,Electrical substation,53.0094,6.5238
Netherlands,Q55,http://www.wikidata.org/entity/Q111960028,Boxtel substation,Electrical substation,51.57584,5.32132
Netherlands,Q55,http://www.wikidata.org/entity/Q111958227,Meeden substation,Electrical substation,53.12423,6.9468
Netherlands,Q55,http://www.wikidata.org/entity/Q111956269,Belfeld substation,Electrical substation,51.32253,6.12146
Netherlands,Q55,http://www.wikidata.org/entity/Q112112751,Dinteloord substation,Electrical substation,51.62137,4.39542
Netherlands,Q55,http://www.wikidata.org/entity/Q111958226,Eemshaven substation,Electrical substation,53.42481,6.87426
Netherlands,Q55,http://www.wikidata.org/entity/Q112112839,Goes de Poel substation,Electrical substation,51.4905,3.8641
Netherlands,Q55,http://www.wikidata.org/entity/Q111958218,Louwsmeer substation,Electrical substation,53.18977,5.87566
Netherlands,Q55,http://www.wikidata.org/entity/Q111957885,Hengelo substation,Electrical substation,52.24878,6.75932
Netherlands,Q55,http://www.wikidata.org/entity/Q111959466,Gemini substation,Electrical substation,53.44383,6.87141
Netherlands,Q55,http://www.wikidata.org/entity/Q112112844,Oostburg substation,Electrical substation,51.3386,3.50979
Netherlands,Q55,http://www.wikidata.org/entity/Q112112852,Nederweert substation,Electrical substation,51.27065,5.73551
Netherlands,Q55,http://www.wikidata.org/entity/Q111950988,Aarle Rixtel substation,Electrical substation,51.5103,5.67069
Netherlands,Q55,http://www.wikidata.org/entity/Q111957798,Nijmegen substation,Electrical substation,51.85791,5.83585
Netherlands,Q55,http://www.wikidata.org/entity/Q111959290,Eemshaven compensation and filter substation,Electrical substation,53.43749,6.86834
Netherlands,Q55,http://www.wikidata.org/entity/Q111951976,Bleiswijk substation,Electrical substation,52.0364,4.5301
Netherlands,Q55,http://www.wikidata.org/entity/Q111958606,Robbenplaat substation,Electrical substation,53.42439,6.87297
Netherlands,Q55,http://www.wikidata.org/entity/Q112071472,'s-Hertogenbosch West substation,Electrical substation,51.71248,5.27445
Netherlands,Q55,http://www.wikidata.org/entity/Q111959464,Saturn substation,Electrical substation,53.42738,6.86565
Netherlands,Q55,http://www.wikidata.org/entity/Q111957884,Lelystad substation,Electrical substation,52.5765,5.5384
Netherlands,Q55,http://www.wikidata.org/entity/Q111951975,Borssele substation,Electrical substation,51.43382,3.72722
Netherlands,Q55,http://www.wikidata.org/entity/Q111951970,Maasvlakte substation,Electrical substation,51.95598,4.02277
Netherlands,Q55,http://www.wikidata.org/entity/Q112112747,Etten substation,Electrical substation,51.57272,4.60769
Netherlands,Q55,http://www.wikidata.org/entity/Q112071467,Tilburg Zuid substation,Electrical substation,51.53749,5.05183
Netherlands,Q55,http://www.wikidata.org/entity/Q112112753,Bergen op Zoom substation,Electrical substation,51.50479,4.27107
Netherlands,Q55,http://www.wikidata.org/entity/Q111950985,Helmond Zuid substation,Electrical substation,51.4591,5.6666
Netherlands,Q55,http://www.wikidata.org/entity/Q112071470,Oosteind substation,Electrical substation,51.64638,4.92635
Netherlands,Q55,http://www.wikidata.org/entity/Q111956117,Buggenum substation,Electrical substation,51.224,5.9687
Netherlands,Q55,http://www.wikidata.org/entity/Q111960031,Eerde substation,Electrical substation,51.6061,5.48972
Netherlands,Q55,http://www.wikidata.org/entity/Q111954795,COBRA converterstation,Electrical substation,53.43569,6.86718
Netherlands,Q55,http://www.wikidata.org/entity/Q111957191,Haps substation,Electrical substation,51.68057,5.88492
Netherlands,Q55,http://www.wikidata.org/entity/Q111951121,Maarheeze substation,Electrical substation,51.31791,5.63084
Netherlands,Q55,http://www.wikidata.org/entity/Q111950980,Eindhoven West substation,Electrical substation,51.42711,5.43283
Netherlands,Q55,http://www.wikidata.org/entity/Q112112854,Kelpen substation,Electrical substation,51.23636,5.81485
Netherlands,Q55,http://www.wikidata.org/entity/Q111956104,Helden substation,Electrical substation,51.3066,5.9827
Netherlands,Q55,http://www.wikidata.org/entity/Q112112842,Terneuzen substation,Electrical substation,51.33225,3.77614
Netherlands,Q55,http://www.wikidata.org/entity/Q111959465,Eemshaven Midden substation,Electrical substation,53.44849,6.79433
Netherlands,Q55,http://www.wikidata.org/entity/Q111951441,Marnezijl substation,Electrical substation,53.06292,5.50795
Netherlands,Q55,http://www.wikidata.org/entity/Q111958217,Oudehaske substation,Electrical substation,52.973,5.8714
Netherlands,Q55,http://www.wikidata.org/entity/Q111958211,Vierverlaten substation,Electrical substation,53.2123,6.4752
Netherlands,Q55,http://www.wikidata.org/entity/Q112071471,Waalwijk substation,Electrical substation,51.7055,5.0886
Netherlands,Q55,http://www.wikidata.org/entity/Q112071468,Tilburg West substation,Electrical substation,51.59921,5.02546
Netherlands,Q55,http://www.wikidata.org/entity/Q111951960,Vijfhuizen substation,Electrical substation,52.37378,4.69528
Netherlands,Q55,http://www.wikidata.org/entity/Q111956119,Blerick substation,Electrical substation,51.37591,6.15781
Netherlands,Q55,http://www.wikidata.org/entity/Q111956110,Boekend substation,Electrical substation,51.39003,6.11317
Netherlands,Q55,http://www.wikidata.org/entity/Q17604646,Q17604646,Electrical substation,51.55744,5.1146
Netherlands,Q55,http://www.wikidata.org/entity/Q17191433,Q17191433,Electrical substation,52.18425,5.272944444
Netherlands,Q55,http://www.wikidata.org/entity/Q17469887,Q17469887,Electrical substation,51.95705,4.96734
Netherlands,Q55,http://www.wikidata.org/entity/Q123367735,HV substation Oosterscheldekering,Electrical substation,51.63072,3.71142
Netherlands,Q55,http://www.wikidata.org/entity/Q17599676,Q17599676,Electrical substation,52.23448,5.1747
Netherlands,Q55,http://www.wikidata.org/entity/Q17605546,Q17605546,Electrical substation,52.837416666,5.713305555
Netherlands,Q55,http://www.wikidata.org/entity/Q17455584,Q17455584,Electrical substation,53.05087,6.44278
Netherlands,Q55,http://www.wikidata.org/entity/Q17463621,Q17463621,Electrical substation,52.00506,6.20068
Netherlands,Q55,http://www.wikidata.org/entity/Q129948659,High-voltage substation Wateringen,Electrical substation,52.01584,4.306855
Netherlands,Q55,http://www.wikidata.org/entity/Q17594305,Transformatorgebouw,Electrical substation,52.12535,5.14358
Netherlands,Q55,http://www.wikidata.org/entity/Q17602754,Q17602754,Electrical substation,52.29343,4.88781
Netherlands,Q55,http://www.wikidata.org/entity/Q17592349,Q17592349,Electrical substation,51.82424,5.56737
Netherlands,Q55,http://www.wikidata.org/entity/Q17463778,Q17463778,Electrical substation,53.28092,5.71718
Netherlands,Q55,http://www.wikidata.org/entity/Q18813780,Q18813780,Electrical substation,52.3646,5.73093
Netherlands,Q55,http://www.wikidata.org/entity/Q17594099,Q17594099,Electrical substation,53.348683333,6.666630555
Netherlands,Q55,http://www.wikidata.org/entity/Q17593582,Q17593582,Electrical substation,51.49328,4.29036
Netherlands,Q55,http://www.wikidata.org/entity/Q17600185,Q17600185,Electrical substation,51.854416666,5.824694444
Netherlands,Q55,http://www.wikidata.org/entity/Q17603034,Q17603034,Electrical substation,52.12522,4.37516
Netherlands,Q55,http://www.wikidata.org/entity/Q2074520,Q2074520,Electrical substation,51.980475,5.787103
Netherlands,Q55,http://www.wikidata.org/entity/Q17599029,Q17599029,Electrical substation,53.24817,6.99663
Netherlands,Q55,http://www.wikidata.org/entity/Q17591298,Transformatorhuisje,Electrical substation,53.37476,6.83743
Netherlands,Q55,http://www.wikidata.org/entity/Q5624399,Transformatorhuisje Esserhaag (Groningen),Electrical substation,53.19177,6.59121
Netherlands,Q55,http://www.wikidata.org/entity/Q2116049,Q2116049,Electrical substation,52.932283,6.838678
Netherlands,Q55,http://www.wikidata.org/entity/Q17456825,Q17456825,Electrical substation,51.688327777,3.9837
Netherlands,Q55,http://www.wikidata.org/entity/Q115792879,Q115792879,Electrical substation,52.157664312,5.383346101
Netherlands,Q55,http://www.wikidata.org/entity/Q17601245,Q17601245,Electrical substation,51.81516,5.8874
Netherlands,Q55,http://www.wikidata.org/entity/Q17590912,Q17590912,Electrical substation,52.92093,5.03909
Netherlands,Q55,http://www.wikidata.org/entity/Q17594493,Distribution substation,Electrical substation,52.15175,5.36535
Netherlands,Q55,http://www.wikidata.org/entity/Q17599938,"Trafohuisje Stationstraat 15, Kesteren",Electrical substation,51.93507,5.57655
Netherlands,Q55,http://www.wikidata.org/entity/Q17600357,Q17600357,Electrical substation,51.95182,5.22943
Netherlands,Q55,http://www.wikidata.org/entity/Q2257156,Transformatorhuisje Nieuwe Ebbingestraat,Electrical substation,53.22711,6.56077
Netherlands,Q55,http://www.wikidata.org/entity/Q17600174,Q17600174,Electrical substation,51.86175,5.86281
Netherlands,Q55,http://www.wikidata.org/entity/Q17607635,Q17607635,Electrical substation,51.538898,4.778226
Netherlands,Q55,http://www.wikidata.org/entity/Q17594512,Q17594512,Electrical substation,52.15962,5.41478
Netherlands,Q55,http://www.wikidata.org/entity/Q17191439,Q17191439,Electrical substation,52.144861,5.299331
Netherlands,Q55,http://www.wikidata.org/entity/Q17600631,Q17600631,Electrical substation,52.29571,6.06196
Netherlands,Q55,http://www.wikidata.org/entity/Q68160374,Java island transformer and gas houses,Electrical substation,52.378597,4.928489
Netherlands,Q55,http://www.wikidata.org/entity/Q17598565,Transformatergebouw Burgemeester Schönfeldplein,Electrical substation,53.14294,7.03975
Netherlands,Q55,http://www.wikidata.org/entity/Q17601596,Q17601596,Electrical substation,51.8175,5.39468
Netherlands,Q55,http://www.wikidata.org/entity/Q17456735,Transformatorstation,Electrical substation,52.78244,4.80798
Netherlands,Q55,http://www.wikidata.org/entity/Q101623488,Portrettenhuisje,Electrical substation,52.322244,4.942747
Netherlands,Q55,http://www.wikidata.org/entity/Q17339428,Q17339428,Electrical substation,52.16104,4.50062
Netherlands,Q55,http://www.wikidata.org/entity/Q17601352,Q17601352,Electrical substation,52.358186,5.695055
Netherlands,Q55,http://www.wikidata.org/entity/Q17598102,Antoniuskapel,Electrical substation,51.083102777,5.817922222
Netherlands,Q55,http://www.wikidata.org/entity/Q17604017,transformation station Molenstraat Helden,Electrical substation,51.32728,6.00206
Netherlands,Q55,http://www.wikidata.org/entity/Q18812982,Q18812982,Electrical substation,52.098805555,4.312666666
Netherlands,Q55,http://www.wikidata.org/entity/Q2004569,Q2004569,Electrical substation,53.282122,6.290339
Netherlands,Q55,http://www.wikidata.org/entity/Q17598918,Transformatorhuisje,Electrical substation,51.83845,5.94426
Netherlands,Q55,http://www.wikidata.org/entity/Q18813818,Q18813818,Electrical substation,52.01604,5.82995
Netherlands,Q55,http://www.wikidata.org/entity/Q17593710,Q17593710,Electrical substation,51.62395,4.93177
Netherlands,Q55,http://www.wikidata.org/entity/Q17456897,Q17456897,Electrical substation,53.10746,6.10164
Netherlands,Q55,http://www.wikidata.org/entity/Q17469840,Q17469840,Electrical substation,51.95483,6.46374
Netherlands,Q55,http://www.wikidata.org/entity/Q17600087,Q17600087,Electrical substation,51.84133,5.87003
Netherlands,Q55,http://www.wikidata.org/entity/Q17598889,Q17598889,Electrical substation,52.06435,6.18708
Netherlands,Q55,http://www.wikidata.org/entity/Q2071901,Transformatorstation (Halfweg),Electrical substation,52.38299,4.75266
Netherlands,Q55,http://www.wikidata.org/entity/Q17593000,Q17593000,Electrical substation,51.99587,5.88526
Netherlands,Q55,http://www.wikidata.org/entity/Q17463024,Q17463024,Electrical substation,52.25655,6.80582
Netherlands,Q55,http://www.wikidata.org/entity/Q17463624,Q17463624,Electrical substation,51.9867,6.19367
Netherlands,Q55,http://www.wikidata.org/entity/Q17456040,Q17456040,Electrical substation,53.07802,6.57821
Netherlands,Q55,http://www.wikidata.org/entity/Q17463615,Q17463615,Electrical substation,51.90745,5.65646
Netherlands,Q55,http://www.wikidata.org/entity/Q39336788,Gemaal Mercatorstraat,Electrical substation,52.373194444,4.85
Netherlands,Q55,http://www.wikidata.org/entity/Q17465014,"Transformatorhuisje Boompjeswal, Groenlo",Electrical substation,52.04015,6.61863
Netherlands,Q55,http://www.wikidata.org/entity/Q17592116,"Trafohuisje Burgemeester Bloemersstraat 40a, Borculo",Electrical substation,52.11565,6.51946
Netherlands,Q55,http://www.wikidata.org/entity/Q17467949,Transformatorgebouw,Electrical substation,52.14942,5.22264
Netherlands,Q55,http://www.wikidata.org/entity/Q2116461,Q2116461,Electrical substation,52.05299,5.67364
Netherlands,Q55,http://www.wikidata.org/entity/Q17468556,Q17468556,Electrical substation,53.013441666,5.573063888
Netherlands,Q55,http://www.wikidata.org/entity/Q17292185,Q17292185,Electrical substation,52.347665,4.886373
Netherlands,Q55,http://www.wikidata.org/entity/Q17461773,Q17461773,Electrical substation,53.3567,6.53468
Netherlands,Q55,http://www.wikidata.org/entity/Q17602043,Q17602043,Electrical substation,52.45784,6.06603
Netherlands,Q55,http://www.wikidata.org/entity/Q17463030,Q17463030,Electrical substation,52.246480555,6.804030555
Netherlands,Q55,http://www.wikidata.org/entity/Q17594097,Q17594097,Electrical substation,53.352658333,6.794986111
Netherlands,Q55,http://www.wikidata.org/entity/Q17594090,Q17594090,Electrical substation,53.35477,6.78624
Netherlands,Q55,http://www.wikidata.org/entity/Q17456257,Q17456257,Electrical substation,52.21509,6.57916
Netherlands,Q55,http://www.wikidata.org/entity/Q4421202,Transformatorhuisje Julianalaan 3,Electrical substation,52.043083,4.945394
Netherlands,Q55,http://www.wikidata.org/entity/Q17597554,Q17597554,Electrical substation,52.89778,7.08433
Netherlands,Q55,http://www.wikidata.org/entity/Q17601635,Q17601635,Electrical substation,51.89353,5.60896
Netherlands,Q55,http://www.wikidata.org/entity/Q17599036,Q17599036,Electrical substation,53.2513,7.02003
Netherlands,Q55,http://www.wikidata.org/entity/Q17467330,Q17467330,Electrical substation,52.16229,5.96071
Netherlands,Q55,http://www.wikidata.org/entity/Q17462054,Q17462054,Electrical substation,52.85076,6.84766
Netherlands,Q55,http://www.wikidata.org/entity/Q17467374,Q17467374,Electrical substation,52.22002,5.87802
Netherlands,Q55,http://www.wikidata.org/entity/Q17606947,Q17606947,Electrical substation,,
Netherlands,Q55,http://www.wikidata.org/entity/Q17593121,Q17593121,Electrical substation,52.00169,5.92403
Netherlands,Q55,http://www.wikidata.org/entity/Q46284847,Corned beef,Electrical substation,52.368222222,4.942472222
Netherlands,Q55,http://www.wikidata.org/entity/Q123046477,Luchterduinen Offshore Substation,Electrical substation,52.40383,4.17383
Netherlands,Q55,http://www.wikidata.org/entity/Q60040426,Wateringen substation,Electrical substation,52.016111111,4.306944444
Netherlands,Q55,http://www.wikidata.org/entity/Q122977357,Hollandse Kust Zuid Beta Offshore Substation,Electrical substation,52.25767,4.08469
Netherlands,Q55,http://www.wikidata.org/entity/Q52638637,Geertruidenberg substation,Electrical substation,51.700833333,4.833055555
Netherlands,Q55,http://www.wikidata.org/entity/Q60040400,Westerlee substation,Electrical substation,51.9825,4.223888888
Netherlands,Q55,http://www.wikidata.org/entity/Q17598903,"Elektrisch Onderstation, Beek",Electrical substation,51.82773,5.92708
Netherlands,Q55,http://www.wikidata.org/entity/Q123039748,Gemini I Buitengaats Offshore Substation,Electrical substation,54.03697,6.04163
Netherlands,Q55,http://www.wikidata.org/entity/Q17460620,"Henriëtte van Lijndenlaan 1, Zeist",Electrical substation,52.08299,5.23609
Netherlands,Q55,http://www.wikidata.org/entity/Q122977837,Hollandse Kust West Beta Offshore Substation,Electrical substation,52.6138,3.7374
Netherlands,Q55,http://www.wikidata.org/entity/Q18771686,P.G.E.M. substation complex Arnhem,Electrical substation,,
Netherlands,Q55,http://www.wikidata.org/entity/Q49164335,Oudehoofdplein transformer column,Electrical substation,51.919111111,4.493444444
Netherlands,Q55,http://www.wikidata.org/entity/Q122977227,Hollandse Kust Zuid Alpha Offshore Substation,Electrical substation,52.31933,4.043
Netherlands,Q55,http://www.wikidata.org/entity/Q123046629,Prinses Amaliawindpark Offshore Substation,Electrical substation,52.58551,4.23537
Netherlands,Q55,http://www.wikidata.org/entity/Q17459754,Peperbus,Electrical substation,52.34058,4.99981
Netherlands,Q55,http://www.wikidata.org/entity/Q116952573,De Vlacie 16a  trafo,Electrical substation,51.719801,5.27159482
Netherlands,Q55,http://www.wikidata.org/entity/Q122976844,Borssele Beta Offshore Substation,Electrical substation,51.72622,2.9655
Netherlands,Q55,http://www.wikidata.org/entity/Q60040545,Doetinchem substation,Electrical substation,51.981666666,6.252222222
Netherlands,Q55,http://www.wikidata.org/entity/Q113070526,Transformatorhuisje,Electrical substation,52.741719444,4.901447222
Netherlands,Q55,http://www.wikidata.org/entity/Q3335703,Westerpark substation,Electrical substation,52.38597,4.88219
Netherlands,Q55,http://www.wikidata.org/entity/Q2754484,Oostzaan substation,Electrical substation,52.428888888,4.875833333
Netherlands,Q55,http://www.wikidata.org/entity/Q125225680,Trafo Project,Electrical substation,51.941386,5.90092
Netherlands,Q55,http://www.wikidata.org/entity/Q17603409,Radio Kootwijk 50 kV substation,Electrical substation,52.186388888,5.810833333
Netherlands,Q55,http://www.wikidata.org/entity/Q131714396,IJmuiden Ver Beta Offshore Converter Station,Electrical substation,52.914,3.58
Netherlands,Q55,http://www.wikidata.org/entity/Q122976514,Borssele Alpha Offshore Substation,Electrical substation,51.7,3.05667
Netherlands,Q55,http://www.wikidata.org/entity/Q122977661,Hollandse Kust West Alpha Offshore Substation,Electrical substation,52.67976,3.80464
Netherlands,Q55,http://www.wikidata.org/entity/Q114838851,Q114838851,Electrical substation,,
Netherlands,Q55,http://www.wikidata.org/entity/Q17597601,Q17597601,Electrical substation,53.06536,6.94558
Netherlands,Q55,http://www.wikidata.org/entity/Q122977574,Hollandse Kust Noord Offshore Substation,Electrical substation,52.69775,4.29363
Netherlands,Q55,http://www.wikidata.org/entity/Q17291906,GEB-gebouw,Electrical substation,52.34918,4.90754
Netherlands,Q55,http://www.wikidata.org/entity/Q123039860,Gemini II ZeeEnergie Offshore Substation,Electrical substation,54.03261,5.88849
Netherlands,Q55,http://www.wikidata.org/entity/Q2625001,Marnixstraat substation,Electrical substation,52.37052,4.87594
Netherlands,Q55,http://www.wikidata.org/entity/Q17464479,Keppelseweg substation,Electrical substation,51.972261111,6.27535
Netherlands,Q55,http://www.wikidata.org/entity/Q131713025,IJmuiden Ver Alpha Offshore Converter Station,Electrical substation,52.8107,3.4809
United Kingdom,Q145,http://www.wikidata.org/entity/Q26672537,Heaton Moor Electricity Substation,Electrical substation,53.418609,-2.188077
United Kingdom,Q145,http://www.wikidata.org/entity/Q57610302,Bolney substation,Electrical substation,50.975277777,-0.235277777
United Kingdom,Q145,http://www.wikidata.org/entity/Q95098210,Electricity Sub-Station,Electrical substation,53.34298,-2.73593
United Kingdom,Q145,http://www.wikidata.org/entity/Q93985528,Perrywood Road substation,Electrical substation,52.54334,-1.9263
United Kingdom,Q145,http://www.wikidata.org/entity/Q131560727,Dogger Bank A Offshore Substation,Electrical substation,54.7833,1.86005
United Kingdom,Q145,http://www.wikidata.org/entity/Q109303151,Princess Alice Orphanage substation,Electrical substation,52.552002,-1.86351
United Kingdom,Q145,http://www.wikidata.org/entity/Q91779216,Cramlington Road substation,Electrical substation,52.541307,-1.918744
United Kingdom,Q145,http://www.wikidata.org/entity/Q130477217,Cedar Park Substation,Electrical substation,51.280840205,-0.818073749
United Kingdom,Q145,http://www.wikidata.org/entity/Q122975912,Folkestone Converter Station,Electrical substation,51.0984,1.1447
United Kingdom,Q145,http://www.wikidata.org/entity/Q17808175,"Electricity Substation, Victoria Road, Kirkcaldy",Electrical substation,56.1191,-3.15558
United Kingdom,Q145,http://www.wikidata.org/entity/Q130479027,Albany Close substation,Electrical substation,51.278840305,-0.82788527
United Kingdom,Q145,http://www.wikidata.org/entity/Q122214120,Avon Crescent Substation,Electrical substation,51.446674,-2.6190564
United Kingdom,Q145,http://www.wikidata.org/entity/Q26675171,The Glade transformer pillar,Electrical substation,51.296652,-0.195994
United Kingdom,Q145,http://www.wikidata.org/entity/Q130478851,The Canal Substation,Electrical substation,51.276031575,-0.839783549
United Kingdom,Q145,http://www.wikidata.org/entity/Q130477226,Dakotas Substation,Electrical substation,51.292431866,-0.829199552
United Kingdom,Q145,http://www.wikidata.org/entity/Q97605711,Cardington Avenue substation,Electrical substation,52.544089,-1.916853
United Kingdom,Q145,http://www.wikidata.org/entity/Q114045687,Tanhouse Avenue substation,Electrical substation,52.535675,-1.946423
United Kingdom,Q145,http://www.wikidata.org/entity/Q60569759,Blackhillock Substation,Electrical substation,57.523,-2.948
United Kingdom,Q145,http://www.wikidata.org/entity/Q54112348,Legacy substation,Electrical substation,53.028333333,-3.053055555
United Kingdom,Q145,http://www.wikidata.org/entity/Q130476502,St Michaels Close Substation,Electrical substation,51.277011462,-0.824720263
United Kingdom,Q145,http://www.wikidata.org/entity/Q54105546,Monk Fryston substation,Electrical substation,53.756666666,-1.266388888
United Kingdom,Q145,http://www.wikidata.org/entity/Q123124773,Seagreen Offshore Substation,Electrical substation,56.58493,-1.75896
United Kingdom,Q145,http://www.wikidata.org/entity/Q133464920,Crookham substation,Electrical substation,51.273526391,-0.830039083
United Kingdom,Q145,http://www.wikidata.org/entity/Q130477201,Pondtail Road Substation,Electrical substation,51.278987952,-0.82276225
United Kingdom,Q145,http://www.wikidata.org/entity/Q109123061,"Substation, Cooksey Lane, Birmingham",Electrical substation,52.5610514,-1.8923525
United Kingdom,Q145,http://www.wikidata.org/entity/Q130477316,Hanover Drive Substation,Electrical substation,51.294052116,-0.822236537
United Kingdom,Q145,http://www.wikidata.org/entity/Q110206238,Wyndley Lane substation,Electrical substation,52.55959,-1.831485
United Kingdom,Q145,http://www.wikidata.org/entity/Q126188644,The Firs Glen Road Substation,Electrical substation,51.27564,-0.84565
United Kingdom,Q145,http://www.wikidata.org/entity/Q126716687,Electricity Sub Station,Electrical substation,54.5763,-5.86864
United Kingdom,Q145,http://www.wikidata.org/entity/Q67888549,Former transporter bridge power house,Electrical substation,53.3478,-2.736
United Kingdom,Q145,http://www.wikidata.org/entity/Q118171441,Tividale 11kV Substation,Electrical substation,52.520296,-2.054432
United Kingdom,Q145,http://www.wikidata.org/entity/Q85842544,Gulson Road Coventry substation,Electrical substation,52.407335,-1.491085
United Kingdom,Q145,http://www.wikidata.org/entity/Q17574330,"Electric Sub Station, 1 Jamaica Street South Lane, Edinburgh",Electrical substation,55.9555,-3.20492
United Kingdom,Q145,http://www.wikidata.org/entity/Q130478892,Aldershot Road substation,Electrical substation,51.276974549,-0.829752087
United Kingdom,Q145,http://www.wikidata.org/entity/Q54104974,Creyke Beck substation,Electrical substation,53.800833333,-0.414444444
United Kingdom,Q145,http://www.wikidata.org/entity/Q109303059,Banners Gate Road Substation,Electrical substation,52.556351,-1.869881
United Kingdom,Q145,http://www.wikidata.org/entity/Q29496733,Former Mumbles Railway Electricity Sub-Station,Electrical substation,51.597028,-3.9949826
United Kingdom,Q145,http://www.wikidata.org/entity/Q122971586,Daedalus Converter Station,Electrical substation,50.818,-1.194
United Kingdom,Q145,http://www.wikidata.org/entity/Q131572461,Sofia Offshore Converter Platform,Electrical substation,54.99518,2.25928
United Kingdom,Q145,http://www.wikidata.org/entity/Q107019537,Little Aston Substation,Electrical substation,52.602312,-1.889916
United Kingdom,Q145,http://www.wikidata.org/entity/Q7330376,Richborough Energy Park,Electrical substation,51.3106091,1.3446422
United Kingdom,Q145,http://www.wikidata.org/entity/Q39922029,Winson Green Substation,Electrical substation,52.486973,-1.928244
United Kingdom,Q145,http://www.wikidata.org/entity/Q113680112,Cherry Orchard Road Substation,Electrical substation,52.524776,-1.923823
United Kingdom,Q145,http://www.wikidata.org/entity/Q29482994,Park Square transformer column,Electrical substation,51.583422,-2.9960235
United Kingdom,Q145,http://www.wikidata.org/entity/Q131560777,Dogger Bank B Offshore Substation,Electrical substation,54.98462,1.65343
United Kingdom,Q145,http://www.wikidata.org/entity/Q26639138,Audenshaw transformer pillar,Electrical substation,53.474113,-2.142259
United Kingdom,Q145,http://www.wikidata.org/entity/Q7448695,Selly Oak Pumping Station,Electrical substation,52.444052,-1.9369
United Kingdom,Q145,http://www.wikidata.org/entity/Q102789343,Beeches Road Substation,Electrical substation,52.535222,-1.918934
United Kingdom,Q145,http://www.wikidata.org/entity/Q108636932,Welshman Hill - New Oscott substation,Electrical substation,52.552507,-1.866996
United Kingdom,Q145,http://www.wikidata.org/entity/Q63148605,Auchencrosh Converter Station,Electrical substation,55.069722222,-4.980833333
United Kingdom,Q145,http://www.wikidata.org/entity/Q134731299,Dogger Bank C Offshore Substation,Electrical substation,55.02233,2.71059
United Kingdom,Q145,http://www.wikidata.org/entity/Q17805455,"Electricity Sub-Station, 22 Mid Causeway, Culross",Electrical substation,56.0551,-3.62948
United Kingdom,Q145,http://www.wikidata.org/entity/Q106962830,Charnwood Rd Substation,Electrical substation,52.53853,-1.928229
United Kingdom,Q145,http://www.wikidata.org/entity/Q110749028,Kennedy Road Substation,Electrical substation,22.274222222,114.165638888
Canada,Q16,http://www.wikidata.org/entity/Q113379368,Le Saguenay Substation,Electrical substation,48.375556,-71.286389
Canada,Q16,http://www.wikidata.org/entity/Q113379378,Tilly Substation,Electrical substation,53.8902778,-73.4625
Canada,Q16,http://www.wikidata.org/entity/Q113995988,Beauceville-Est substation,Electrical substation,46.209,-70.76983
Canada,Q16,http://www.wikidata.org/entity/Q112966989,Q112966989,Electrical substation,50.289443888,-65.524166111
Canada,Q16,http://www.wikidata.org/entity/Q113379366,La Nemiscau Substation,Electrical substation,51.709444444,-76.055555555
Canada,Q16,http://www.wikidata.org/entity/Q23073794,Poste Adélard-Godbout,Electrical substation,45.497528,-73.556308
Canada,Q16,http://www.wikidata.org/entity/Q115101115,Poste de Melocheville,Electrical substation,45.3141667,-73.9102778
Canada,Q16,http://www.wikidata.org/entity/Q113379370,La Grande-2-A Substation,Electrical substation,53.7794444,-77.5491667
Canada,Q16,http://www.wikidata.org/entity/Q64216167,Poste Atwater,Electrical substation,45.473694444,-73.571444444
Canada,Q16,http://www.wikidata.org/entity/Q5347061,Eel River Converter Station,Electrical substation,48.0181,-66.4442
Canada,Q16,http://www.wikidata.org/entity/Q116995723,Poste de East-Broughton,Electrical substation,46.23609,-71.04204
Canada,Q16,http://www.wikidata.org/entity/Q115101106,Poste de Blanc-Sablon,Electrical substation,51.445278,-57.128333
Canada,Q16,http://www.wikidata.org/entity/Q63758817,Q63758817,Electrical substation,45.274443,-72.118888
Canada,Q16,http://www.wikidata.org/entity/Q113379376,Nikamo Substation,Electrical substation,54.1597222,-72.5438889
Canada,Q16,http://www.wikidata.org/entity/Q113379377,Robert Bourassa Substation,Electrical substation,53.781944444,-77.532777777
Canada,Q16,http://www.wikidata.org/entity/Q113379362,Hauterive Substation,Electrical substation,49.189166666,-68.386666666
Canada,Q16,http://www.wikidata.org/entity/Q113379367,Les Montagnais Substation,Electrical substation,51.891666666,-65.729166666
Canada,Q16,http://www.wikidata.org/entity/Q113379373,Laforge-1 Substation,Electrical substation,54.159722222,-72.543888888
Canada,Q16,http://www.wikidata.org/entity/Q113379369,La Grande-1 Substation,Electrical substation,53.7344444,-78.5738889
Canada,Q16,http://www.wikidata.org/entity/Q123149973,Poste St-Évaryste,Electrical substation,45.96571,-70.93059
Canada,Q16,http://www.wikidata.org/entity/Q115916560,Saint-Agapit Substation,Electrical substation,46.560697,-71.419887
Canada,Q16,http://www.wikidata.org/entity/Q113379358,Chissibi Substation,Electrical substation,53.732777777,-76.008888888
Canada,Q16,http://www.wikidata.org/entity/Q78670511,Q78670511,Electrical substation,48.2075,-70.284721
Canada,Q16,http://www.wikidata.org/entity/Q113379372,La Grande-4 Substation,Electrical substation,53.886111111,-73.467222222
Canada,Q16,http://www.wikidata.org/entity/Q14875550,Madawaska HVDC,Electrical substation,47.5086,-68.5236
Canada,Q16,http://www.wikidata.org/entity/Q113379364,La Jacques-Cartier Substation,Electrical substation,46.78389,-71.71889
Canada,Q16,http://www.wikidata.org/entity/Q113996003,Poste de St-Georges,Electrical substation,46.14747,-70.67334
Canada,Q16,http://www.wikidata.org/entity/Q113939125,Outaouais HVDC back-to-back station,Electrical substation,45.600152,-75.446312
Canada,Q16,http://www.wikidata.org/entity/Q91827876,Q91827876,Electrical substation,50.629166111,-69.747221111
Canada,Q16,http://www.wikidata.org/entity/Q113379360,Beauharnois-Est Substation,Electrical substation,45.313333333,-73.901944444
Canada,Q16,http://www.wikidata.org/entity/Q113379361,Chibougamau Substation,Electrical substation,49.778333333,-74.653333333
Canada,Q16,http://www.wikidata.org/entity/Q111526017,Hydro Sub-Station No. 5,Electrical substation,45.402023,-75.675054
Canada,Q16,http://www.wikidata.org/entity/Q113379374,Laforge-2 Substation,Electrical substation,54.5916667,-71.2708333
Canada,Q16,http://www.wikidata.org/entity/Q7281356,Radisson Substation,Electrical substation,53.7258,-77.7381
Canada,Q16,http://www.wikidata.org/entity/Q113944164,Lévis substation,Electrical substation,46.7069,-71.1924
Canada,Q16,http://www.wikidata.org/entity/Q28005748,Poste Albanel,Electrical substation,51.6,-75.680832
Canada,Q16,http://www.wikidata.org/entity/Q6802531,McNeill HVDC Back-to-back station,Electrical substation,50.5989,-110.024
Canada,Q16,http://www.wikidata.org/entity/Q113938373,Beauceville substation,Electrical substation,46.2246,-70.79531
Canada,Q16,http://www.wikidata.org/entity/Q113379371,La Grande-3 Substation,Electrical substation,53.73,-75.997222222
Canada,Q16,http://www.wikidata.org/entity/Q113379365,La Manicouagan Substation,Electrical substation,49.291944444,-68.391111111
Canada,Q16,http://www.wikidata.org/entity/Q1090757,Châteauguay HVDC-back-to-back station,Electrical substation,45.2531,-73.8694
Canada,Q16,http://www.wikidata.org/entity/Q113379363,Chamouchouane Substation,Electrical substation,48.665556,-72.713611
Canada,Q16,http://www.wikidata.org/entity/Q5713103,Henday Converter Station,Electrical substation,56.5039,-94.14
Canada,Q16,http://www.wikidata.org/entity/Q113379357,Arnaud Substation,Electrical substation,50.192777777,-66.592222222
Canada,Q16,http://www.wikidata.org/entity/Q113379359,Abitibi Substation,Electrical substation,49.825833333,-75.466944444
Canada,Q16,http://www.wikidata.org/entity/Q117813380,Q117813380,Electrical substation,45.49116,-73.57098
Canada,Q16,http://www.wikidata.org/entity/Q114443175,Q114443175,Electrical substation,47.444166,-72.799444
Canada,Q16,http://www.wikidata.org/entity/Q54878633,Bay Street Substation,Electrical substation,48.435619,-123.36677
Canada,Q16,http://www.wikidata.org/entity/Q104390744,London Hydro Substation No. 4,Electrical substation,42.983708,-81.251615
Canada,Q16,http://www.wikidata.org/entity/Q81827612,Street Railway Substation No. 600,Electrical substation,53.550649,-113.535396
Canada,Q16,http://www.wikidata.org/entity/Q115101109,Poste de L'Île-d'Entrée,Electrical substation,47.22,-61.845278
Canada,Q16,http://www.wikidata.org/entity/Q7425655,Saskatoon Electrical System Substation,Electrical substation,52.11696,-106.65541
Canada,Q16,http://www.wikidata.org/entity/Q113379375,Le Moyne Substation,Electrical substation,53.484444444,-75.035833333
Canada,Q16,http://www.wikidata.org/entity/Q113997324,Chaudière substation,Electrical substation,46.6998,-71.295
Spain,Q29,http://www.wikidata.org/entity/Q105062380,Distribution Substation 01 at Finca El Terol,Electrical substation,38.553033,-0.606764
Spain,Q29,http://www.wikidata.org/entity/Q54866482,La Mudarra substation,Electrical substation,41.789444444,-4.936666666
Spain,Q29,http://www.wikidata.org/entity/Q113325072,Switchyard,Electrical substation,40.363566286,-2.828722
Spain,Q29,http://www.wikidata.org/entity/Q62561362,Órgiva substation,Electrical substation,36.895,-3.421111111
Spain,Q29,http://www.wikidata.org/entity/Q55080405,Algirós substation,Electrical substation,39.483333333,-0.338333333
Spain,Q29,http://www.wikidata.org/entity/Q54857408,Es Bessons substation,Electrical substation,39.581944444,3.158055555
Spain,Q29,http://www.wikidata.org/entity/Q45890724,Estació transformadora,Electrical substation,41.562777777,2.100277777
Spain,Q29,http://www.wikidata.org/entity/Q113325092,Old switchyard,Electrical substation,40.361694221,-2.820664644
Spain,Q29,http://www.wikidata.org/entity/Q97485456,transformer station in Mas del Jutge road,Electrical substation,39.438858,-0.521821
Spain,Q29,http://www.wikidata.org/entity/Q98060357,Q98060357,Electrical substation,37.700031345,-6.593790183
Spain,Q29,http://www.wikidata.org/entity/Q97628400,Subestación Eléctrica,Electrical substation,37.69266803,-6.571488686
Spain,Q29,http://www.wikidata.org/entity/Q18624991,Santa Ponça converter station,Electrical substation,39.533885,2.506393
Spain,Q29,http://www.wikidata.org/entity/Q108460191,Substation 802 of Electra Valenciana,Electrical substation,39.459061111,-0.369175
Spain,Q29,http://www.wikidata.org/entity/Q114870858,edificio del transformador de la Torrassa,Electrical substation,41.368388888,2.123361111
Spain,Q29,http://www.wikidata.org/entity/Q98060716,Q98060716,Electrical substation,,
Spain,Q29,http://www.wikidata.org/entity/Q97485362,Q97485362,Electrical substation,39.436782,-0.436049
Spain,Q29,http://www.wikidata.org/entity/Q54858709,El Ingenio substation,Electrical substation,39.978333333,-0.015277777
Spain,Q29,http://www.wikidata.org/entity/Q54858023,Son Orlandis substation,Electrical substation,39.600277777,2.744444444
Spain,Q29,http://www.wikidata.org/entity/Q105062381,Distribution Substation 02 at Finca El Terol,Electrical substation,38.548392,-0.604817
Spain,Q29,http://www.wikidata.org/entity/Q127385122,Estació receptora de la Canadenca,Electrical substation,41.37628,2.10588
Poland,Q36,http://www.wikidata.org/entity/Q113320542,Starachowice electrical substation,Electrical substation,51.041717697,21.075811386
Poland,Q36,http://www.wikidata.org/entity/Q118146881,Krapkowice 110 kV substation,Electrical substation,50.474898148,17.95553863
Poland,Q36,http://www.wikidata.org/entity/Q113326730,Szprotawa electrical substation,Electrical substation,51.573795648,15.553411245
Poland,Q36,http://www.wikidata.org/entity/Q113330276,Kadzielow gantry tower,Electrical substation,50.468486217,19.402863979
Poland,Q36,http://www.wikidata.org/entity/Q118146501,Wydminy 110 kV substation,Electrical substation,53.972050959,22.038075327
Poland,Q36,http://www.wikidata.org/entity/Q61911925,Distribution station at Żelazna Street in Warsaw,Electrical substation,52.22872,20.995067
Poland,Q36,http://www.wikidata.org/entity/Q113329987,Szymanowice electrical substation,Electrical substation,51.181643126,16.089048385
Poland,Q36,http://www.wikidata.org/entity/Q30161503,Q30161503,Electrical substation,50.089812,19.884306
Poland,Q36,http://www.wikidata.org/entity/Q30076839,Q30076839,Electrical substation,51.104545469,17.086950052
Poland,Q36,http://www.wikidata.org/entity/Q113330290,Remnants of electrical substation,Electrical substation,50.308693189,19.060726761
Poland,Q36,http://www.wikidata.org/entity/Q113564722,Bialogard electrical substation,Electrical substation,54.00224515,15.977318286
Poland,Q36,http://www.wikidata.org/entity/Q30785361,Q30785361,Electrical substation,53.978604443,18.50819248
Poland,Q36,http://www.wikidata.org/entity/Q113320016,Nysa electrical substation,Electrical substation,50.450454401,17.356081008
Poland,Q36,http://www.wikidata.org/entity/Q113325917,Warszow electrical substation,Electrical substation,53.897435343,14.290809631
Poland,Q36,http://www.wikidata.org/entity/Q30045820,Q30045820,Electrical substation,50.828120975,15.7845841
Poland,Q36,http://www.wikidata.org/entity/Q113326343,Budziechów electrical substation,Electrical substation,51.769911374,14.989138841
Poland,Q36,http://www.wikidata.org/entity/Q113322829,Boguszów electrical substation,Electrical substation,50.752558616,16.190199851
Poland,Q36,http://www.wikidata.org/entity/Q113330320,Duszniki-Zdrój electrical substation,Electrical substation,50.407061101,16.382192373
Poland,Q36,http://www.wikidata.org/entity/Q113329946,Zawidow electrical substation,Electrical substation,51.027815886,15.066901445
Poland,Q36,http://www.wikidata.org/entity/Q30066812,Q30066812,Electrical substation,50.394899722,18.676429722
Poland,Q36,http://www.wikidata.org/entity/Q33088093,Q33088093,Electrical substation,52.512317646,16.982990752
Poland,Q36,http://www.wikidata.org/entity/Q113330315,Racibórz electrical substation,Electrical substation,50.074865632,18.197768926
Poland,Q36,http://www.wikidata.org/entity/Q105846070,Dluzyna Gor.72b,Electrical substation,51.221198443,15.169748067
Poland,Q36,http://www.wikidata.org/entity/Q113322741,Mokrzesow electrical substation,Electrical substation,50.854048479,16.353020668
Poland,Q36,http://www.wikidata.org/entity/Q113320483,Kętrzyn electrical substation,Electrical substation,54.066685759,21.362797021
Poland,Q36,http://www.wikidata.org/entity/Q113330343,Zarow electrical substation,Electrical substation,50.941535603,16.489786505
Poland,Q36,http://www.wikidata.org/entity/Q9334175,Former power plant of the Juliusz Słowacki Theatre,Electrical substation,50.06367,19.94369
Poland,Q36,http://www.wikidata.org/entity/Q113331652,Kamienna Gora electrical substation,Electrical substation,50.780583922,16.015040874
Poland,Q36,http://www.wikidata.org/entity/Q113359210,Nowa Ruda electrical substation,Electrical substation,50.598330351,16.518502235
Poland,Q36,http://www.wikidata.org/entity/Q113320035,Nowy Dwor electrical substation,Electrical substation,54.218352804,19.127840995
Poland,Q36,http://www.wikidata.org/entity/Q113330176,Ozimek electrical substation,Electrical substation,50.669184346,18.213486671
Poland,Q36,http://www.wikidata.org/entity/Q118146499,Former 60 kV substation building,Electrical substation,53.972420121,22.037984132
Poland,Q36,http://www.wikidata.org/entity/Q118146436,Old Electrical substation,Electrical substation,54.067900898,21.37861669
Poland,Q36,http://www.wikidata.org/entity/Q113359223,Bielawa electrical substation,Electrical substation,50.689226183,16.611821651
Poland,Q36,http://www.wikidata.org/entity/Q113329998,Piechowice electrical substation,Electrical substation,50.853398258,15.612623691
Poland,Q36,http://www.wikidata.org/entity/Q113331671,Marciszów electrical substation,Electrical substation,50.836557075,16.03775382
Poland,Q36,http://www.wikidata.org/entity/Q113323378,Jelenia Góra electrical substation,Electrical substation,50.890405806,15.706114768
Poland,Q36,http://www.wikidata.org/entity/Q113322613,Bytow electrical substation,Electrical substation,54.174894823,17.484784126
Poland,Q36,http://www.wikidata.org/entity/Q113325948,Pszczelnik electrical substation,Electrical substation,53.343762293,14.990115165
Poland,Q36,http://www.wikidata.org/entity/Q118146877,Old Electrical substation,Electrical substation,50.474918632,17.95641303
Poland,Q36,http://www.wikidata.org/entity/Q113330138,Debnik electrical substation,Electrical substation,50.616128746,18.464798927
Poland,Q36,http://www.wikidata.org/entity/Q113330277,Kadzielow electrical substation,Electrical substation,50.46919642,19.40202713
Poland,Q36,http://www.wikidata.org/entity/Q113331687,Tysiaclecia electrical substation,Electrical substation,51.262613071,15.601379871
Poland,Q36,http://www.wikidata.org/entity/Q113322695,Bolesławiec electrical substation,Electrical substation,51.249385399,15.560449361
Poland,Q36,http://www.wikidata.org/entity/Q113358234,Matylda electrical substation,Electrical substation,50.7584365,16.27036035
Poland,Q36,http://www.wikidata.org/entity/Q113320160,Power line Chwalowice-Jankowice,Electrical substation,50.065610468,18.559706211
Poland,Q36,http://www.wikidata.org/entity/Q113329898,New electrical substation,Electrical substation,50.961602838,15.634553432
Poland,Q36,http://www.wikidata.org/entity/Q113323286,Hallerczykow electrical substation,Electrical substation,50.904210096,15.773470401
Poland,Q36,http://www.wikidata.org/entity/Q30107580,Q30107580,Electrical substation,51.811181447,15.712588432
Poland,Q36,http://www.wikidata.org/entity/Q113322443,Motlawa electrical substation,Electrical substation,54.353833375,18.666865825
Poland,Q36,http://www.wikidata.org/entity/Q113320224,Jankowa Zaganska electrical substation,Electrical substation,51.560224166,15.180745124
Poland,Q36,http://www.wikidata.org/entity/Q33086217,Q33086217,Electrical substation,53.14314041,16.748706728
Poland,Q36,http://www.wikidata.org/entity/Q113329991,Piatnica electrical substation,Electrical substation,51.219350506,16.170378327
Poland,Q36,http://www.wikidata.org/entity/Q113320194,Groszowice electrical substation,Electrical substation,50.612561436,17.970757484
Poland,Q36,http://www.wikidata.org/entity/Q113585483,Tarnow-Moscice power station,Electrical substation,50.027772442,20.907819271
Poland,Q36,http://www.wikidata.org/entity/Q113323202,Kowary electrical substation,Electrical substation,50.807660224,15.817732214
Poland,Q36,http://www.wikidata.org/entity/Q73134525,Electrical substation Jeżyce,Electrical substation,52.406943,16.90572
Poland,Q36,http://www.wikidata.org/entity/Q113331698,Iwiny-Konrad electrical substation,Electrical substation,51.215835862,15.727121829
Poland,Q36,http://www.wikidata.org/entity/Q113319584,Pyszkowice old electrical substation,Electrical substation,50.393233056,18.636234998
Poland,Q36,http://www.wikidata.org/entity/Q30783752,Q30783752,Electrical substation,53.975785553,18.564760893
Poland,Q36,http://www.wikidata.org/entity/Q118732541,Historic electrical substation building,Electrical substation,50.663427874,16.597160696
Poland,Q36,http://www.wikidata.org/entity/Q113359215,Pieszyce former electrical substation,Electrical substation,50.69856773,16.568611264
Poland,Q36,http://www.wikidata.org/entity/Q113330284,Wojkowice electrical substation,Electrical substation,50.353538807,19.051376581
Poland,Q36,http://www.wikidata.org/entity/Q113330193,Groszowice old electrical substation,Electrical substation,50.620172278,17.967849969
Poland,Q36,http://www.wikidata.org/entity/Q113323927,Sobotka electrical substation,Electrical substation,50.896834784,16.713423728
Poland,Q36,http://www.wikidata.org/entity/Q113319138,Kędzierzyn-Koźle electrical substation,Electrical substation,50.347788223,18.145895004
Poland,Q36,http://www.wikidata.org/entity/Q118146861,Suchan electrical substation,Electrical substation,53.282990862,15.329849123
Poland,Q36,http://www.wikidata.org/entity/Q55506645,Lewkowo substation,Electrical substation,52.890277777,23.696944444
Poland,Q36,http://www.wikidata.org/entity/Q55496760,Ciechocinek substation,Electrical substation,52.869722222,18.784444444
Poland,Q36,http://www.wikidata.org/entity/Q122265323,Q122265323,Electrical substation,52.95773,14.4395
Poland,Q36,http://www.wikidata.org/entity/Q122263916,Q122263916,Electrical substation,52.19734,20.88315
Poland,Q36,http://www.wikidata.org/entity/Q121886027,Q121886027,Electrical substation,49.78619,22.76682
Poland,Q36,http://www.wikidata.org/entity/Q55325262,Żarnowiec substation,Electrical substation,54.718055555,18.106944444
Poland,Q36,http://www.wikidata.org/entity/Q55322748,R-19 Wrocław Zachód substation,Electrical substation,51.103888888,16.975
Poland,Q36,http://www.wikidata.org/entity/Q113331667,Old Reichsbahn transformer substation,Electrical substation,50.814171794,16.069210767
Poland,Q36,http://www.wikidata.org/entity/Q113330171,Fosowskie transformator station,Electrical substation,50.660860525,18.359291553
Poland,Q36,http://www.wikidata.org/entity/Q122261972,Q122261972,Electrical substation,49.77937,22.78429
Poland,Q36,http://www.wikidata.org/entity/Q122261969,Q122261969,Electrical substation,49.77877,22.7916
Poland,Q36,http://www.wikidata.org/entity/Q113330314,Sośnicowice pole-mounted transformer,Electrical substation,50.270460897,18.535126447
Poland,Q36,http://www.wikidata.org/entity/Q111851494,Q111851494,Electrical substation,52.240253,21.028832
Poland,Q36,http://www.wikidata.org/entity/Q113320198,Old electrical substation building,Electrical substation,50.792331911,16.834766864
Poland,Q36,http://www.wikidata.org/entity/Q122262454,Q122262454,Electrical substation,54.36121,18.65676
Poland,Q36,http://www.wikidata.org/entity/Q122261975,Q122261975,Electrical substation,49.775,22.78146
Poland,Q36,http://www.wikidata.org/entity/Q115547226,Q115547226,Electrical substation,54.323205569,18.580440034
Poland,Q36,http://www.wikidata.org/entity/Q113323947,Zerniki distribution substation building,Electrical substation,51.121303671,16.930425167
Poland,Q36,http://www.wikidata.org/entity/Q59195675,Krosno substation,Electrical substation,49.688055555,21.852222222
Poland,Q36,http://www.wikidata.org/entity/Q61765579,Krajnik substation,Electrical substation,53.196666666,14.476666666
Poland,Q36,http://www.wikidata.org/entity/Q122261970,Q122261970,Electrical substation,49.78607,22.78793
Poland,Q36,http://www.wikidata.org/entity/Q18430385,Q18430385,Electrical substation,52.260666666,21.0375
Poland,Q36,http://www.wikidata.org/entity/Q122261977,Q122261977,Electrical substation,49.79324,22.7766
Poland,Q36,http://www.wikidata.org/entity/Q55318607,Mikułowa substation,Electrical substation,51.090833333,15.115
Poland,Q36,http://www.wikidata.org/entity/Q115547277,Q115547277,Electrical substation,54.365254628,18.645194597
Poland,Q36,http://www.wikidata.org/entity/Q121886003,Q121886003,Electrical substation,49.79166,22.76613
Poland,Q36,http://www.wikidata.org/entity/Q134713942,Q134713942,Electrical substation,52.254833,21.045784
Poland,Q36,http://www.wikidata.org/entity/Q55315354,Rzeszów substation,Electrical substation,50.191111111,21.871944444
Poland,Q36,http://www.wikidata.org/entity/Q122261976,Q122261976,Electrical substation,49.78145,22.77994
Poland,Q36,http://www.wikidata.org/entity/Q113324251,Former transformer substation,Electrical substation,51.118943271,17.126290798
Poland,Q36,http://www.wikidata.org/entity/Q113323771,Transformer substation,Electrical substation,50.971163662,15.387607812
Poland,Q36,http://www.wikidata.org/entity/Q106357206,16a Parkowa Street in Świerklaniec,Electrical substation,50.430742959,18.946946063
Poland,Q36,http://www.wikidata.org/entity/Q121886029,Q121886029,Electrical substation,49.77788,22.78025
Poland,Q36,http://www.wikidata.org/entity/Q113331637,Transformer substation,Electrical substation,50.792128449,16.03978157
Poland,Q36,http://www.wikidata.org/entity/Q113325861,Electrical substation switchyard,Electrical substation,52.727777629,15.209594964
Poland,Q36,http://www.wikidata.org/entity/Q122261971,Q122261971,Electrical substation,49.78593,22.75803
Poland,Q36,http://www.wikidata.org/entity/Q121886004,Q121886004,Electrical substation,49.78273,22.78525
Poland,Q36,http://www.wikidata.org/entity/Q111851514,Q111851514,Electrical substation,52.240476,21.02894
Poland,Q36,http://www.wikidata.org/entity/Q113330083,Zawada transformer building,Electrical substation,50.394737786,18.675234317
Poland,Q36,http://www.wikidata.org/entity/Q113330174,Staniszcze Male transformator station,Electrical substation,50.663778111,18.315480351
Poland,Q36,http://www.wikidata.org/entity/Q113322792,Reichsbahn electrical substation,Electrical substation,50.811351694,16.301136016
Poland,Q36,http://www.wikidata.org/entity/Q115547497,Q115547497,Electrical substation,54.36352881,18.655691842
Poland,Q36,http://www.wikidata.org/entity/Q113329958,Bolkow electrical substation,Electrical substation,50.92567981,16.118756532
Poland,Q36,http://www.wikidata.org/entity/Q122264809,Q122264809,Electrical substation,54.01147,20.07025
Denmark,Q35,http://www.wikidata.org/entity/Q29810885,Herslev converter station,Electrical substation,55.531944444,11.315277777
Denmark,Q35,http://www.wikidata.org/entity/Q134776175,Horns Rev B Offshore Substation,Electrical substation,55.5994,7.62256
Denmark,Q35,http://www.wikidata.org/entity/Q29810871,Fraugde substation and converter station,Electrical substation,55.36600278,10.50520833
Denmark,Q35,http://www.wikidata.org/entity/Q56427658,Gørløse substation,Electrical substation,55.894722222,12.199444444
Denmark,Q35,http://www.wikidata.org/entity/Q80415134,Q80415134,Electrical substation,55.6491,11.092
Denmark,Q35,http://www.wikidata.org/entity/Q16324668,Tandslet transformer museum,Electrical substation,54.92567,9.97749
Denmark,Q35,http://www.wikidata.org/entity/Q113324279,Ikast electrical substation,Electrical substation,56.14520284,9.157040119
Denmark,Q35,http://www.wikidata.org/entity/Q63140565,Kassø substation,Electrical substation,55.036666666,9.269722222
Denmark,Q35,http://www.wikidata.org/entity/Q29084840,Tjele substation and converter station,Electrical substation,56.4785,9.5671
Denmark,Q35,http://www.wikidata.org/entity/Q54541492,Bellahøj substation,Electrical substation,55.704722222,12.519722222
Denmark,Q35,http://www.wikidata.org/entity/Q42892295,Q42892295,Electrical substation,54.900418766,9.683230393
Denmark,Q35,http://www.wikidata.org/entity/Q113329663,Tange electrical substation,Electrical substation,56.354676667,9.602780342
Denmark,Q35,http://www.wikidata.org/entity/Q56288353,Herstedgård substation,Electrical substation,55.67,12.371944444
Denmark,Q35,http://www.wikidata.org/entity/Q54547677,Svanemølle substation,Electrical substation,55.71,12.580555555
Denmark,Q35,http://www.wikidata.org/entity/Q54541837,Amager substation,Electrical substation,55.641111111,12.608611111
Denmark,Q35,http://www.wikidata.org/entity/Q113329650,Lykkegárd electrical substation,Electrical substation,55.466350707,8.503139019
Denmark,Q35,http://www.wikidata.org/entity/Q113483396,Ålegården electrical substation,Electrical substation,55.488516665,9.468557238
Denmark,Q35,http://www.wikidata.org/entity/Q124719269,Q124719269,Electrical substation,55.5047,9.1663
Denmark,Q35,http://www.wikidata.org/entity/Q54543979,Bremerholm substation,Electrical substation,55.678888888,12.582694444
Denmark,Q35,http://www.wikidata.org/entity/Q60240956,Horns Rev C substation platform,Electrical substation,55.6903,7.6863
Denmark,Q35,http://www.wikidata.org/entity/Q63152313,Vester Hassing substation and converter station,Electrical substation,57.062777777,10.09
Denmark,Q35,http://www.wikidata.org/entity/Q134776169,Horns Rev A Offshore Substation,Electrical substation,55.50895,7.87492
Belgium,Q31,http://www.wikidata.org/entity/Q52637888,Mercator substation,Electrical substation,51.153888888,4.247777777
Belgium,Q31,http://www.wikidata.org/entity/Q113632409,Q113632409,Electrical substation,51.111694444,3.983694444
Belgium,Q31,http://www.wikidata.org/entity/Q123094990,Belwind Offshore Substation,Electrical substation,51.69464,2.81726
Belgium,Q31,http://www.wikidata.org/entity/Q123053682,Rentel Offshore Substation,Electrical substation,51.57557,2.91887
Belgium,Q31,http://www.wikidata.org/entity/Q123084694,Nobelwind Offshore Substation,Electrical substation,51.68999,2.82544
Belgium,Q31,http://www.wikidata.org/entity/Q123078030,Mermaid Offshore Substation,Electrical substation,51.71196,2.7238
Belgium,Q31,http://www.wikidata.org/entity/Q52637885,Avelgem substation,Electrical substation,50.782222222,3.468888888
Belgium,Q31,http://www.wikidata.org/entity/Q55071439,Zandvliet substation,Electrical substation,51.369166666,4.248333333
Belgium,Q31,http://www.wikidata.org/entity/Q123082079,Elia Modular Offshore Grid Offshore Switchyard 1,Electrical substation,51.58237,2.86858
Belgium,Q31,http://www.wikidata.org/entity/Q123060110,Seastar Offshore Substation,Electrical substation,51.62419,2.84438
Belgium,Q31,http://www.wikidata.org/entity/Q72099622,Drogenbos substation,Electrical substation,50.803888888,4.30125
Belgium,Q31,http://www.wikidata.org/entity/Q123052681,Norther Offshore Substation,Electrical substation,51.5135,2.9915
Belgium,Q31,http://www.wikidata.org/entity/Q117100771,Princess Elisabeth Island,Electrical substation,51.52717,2.49832
Belgium,Q31,http://www.wikidata.org/entity/Q123053606,Thorntonbank Offshore Substation,Electrical substation,51.53283,2.955
Belgium,Q31,http://www.wikidata.org/entity/Q123059179,Northwind Offshore Substation,Electrical substation,51.6198,2.91774
Belgium,Q31,http://www.wikidata.org/entity/Q123081345,Northwester 2 Offshore Substation,Electrical substation,51.68817,2.75933
Belgium,Q31,http://www.wikidata.org/entity/Q55873064,Brugge converter station,Electrical substation,51.265,3.21
Slovakia,Q214,http://www.wikidata.org/entity/Q56167822,Sučany substation,Electrical substation,49.090555555,18.975555555
Slovakia,Q214,http://www.wikidata.org/entity/Q65553662,Bošáca substation,Electrical substation,48.7945214,17.8384394
Slovakia,Q214,http://www.wikidata.org/entity/Q59195485,Horná Ždaňa substation,Electrical substation,48.558888888,18.741111111
Slovakia,Q214,http://www.wikidata.org/entity/Q59191821,Medzibrod substation,Electrical substation,48.796944444,19.366944444
Slovakia,Q214,http://www.wikidata.org/entity/Q64223434,Považská Bystrica substation,Electrical substation,49.1159781,18.4261086
Slovakia,Q214,http://www.wikidata.org/entity/Q56166985,Varín substation,Electrical substation,49.213888888,18.863055555
Slovakia,Q214,http://www.wikidata.org/entity/Q112101308,Q112101308,Electrical substation,49.1385,20.230167
Slovakia,Q214,http://www.wikidata.org/entity/Q55619669,Križovany substation,Electrical substation,48.336944444,17.659722222
Slovakia,Q214,http://www.wikidata.org/entity/Q59196099,Veľký Ďur substation,Electrical substation,48.206111111,18.425
Slovakia,Q214,http://www.wikidata.org/entity/Q60189365,Košice substation,Electrical substation,48.627548611,21.189695833
Slovakia,Q214,http://www.wikidata.org/entity/Q59192608,Liptovská Mara substation,Electrical substation,,
Slovakia,Q214,http://www.wikidata.org/entity/Q56168068,Lemešany substation,Electrical substation,48.858611111,21.255277777
Slovakia,Q214,http://www.wikidata.org/entity/Q59215436,Levice substation,Electrical substation,48.233333333,18.603333333
Slovakia,Q214,http://www.wikidata.org/entity/Q60189037,Moldava substation,Electrical substation,48.601944444,21.045028333
Slovakia,Q214,http://www.wikidata.org/entity/Q60189201,Veľké Kapušany substation,Electrical substation,48.568748888,22.039818611
Slovakia,Q214,http://www.wikidata.org/entity/Q59194017,Spišská Nová Ves substation,Electrical substation,48.964444444,20.535
Slovakia,Q214,http://www.wikidata.org/entity/Q59193126,Bystričany substation,Electrical substation,48.666388888,18.512222222
Slovakia,Q214,http://www.wikidata.org/entity/Q55619544,Stupava substation,Electrical substation,48.305277777,17.031388888
Slovakia,Q214,http://www.wikidata.org/entity/Q60188452,Rimavská Sobota substation,Electrical substation,48.38,20.045277777
Russia,Q159,http://www.wikidata.org/entity/Q132732655,Q132732655,Electrical substation,59.923004,30.305169
Russia,Q159,http://www.wikidata.org/entity/Q117320351,Vasileostrovskaya tram substation,Electrical substation,59.931143,30.265089
Russia,Q159,http://www.wikidata.org/entity/Q118873853,Old 60 kV electrical substation building,Electrical substation,54.504056299,20.448136925
Russia,Q159,http://www.wikidata.org/entity/Q123189077,Noginsk tram substation,Electrical substation,55.85785,38.44836
Russia,Q159,http://www.wikidata.org/entity/Q6487499,Lanskaya electric substation,Electrical substation,59.9953,30.3254
Russia,Q159,http://www.wikidata.org/entity/Q113501410,Korsakov electrical substation,Electrical substation,46.623579114,142.773975133
Russia,Q159,http://www.wikidata.org/entity/Q70414410,First electrical substation of Moscow Metro,Electrical substation,55.755543,37.607653
Russia,Q159,http://www.wikidata.org/entity/Q113320307,Primorsk electrical substation,Electrical substation,54.736149267,20.006221532
Russia,Q159,http://www.wikidata.org/entity/Q129202528,R-22,Electrical substation,47.216113,39.722338
Russia,Q159,http://www.wikidata.org/entity/Q1411764,Vyborg HVDC scheme,Electrical substation,60.6803,28.9186
Russia,Q159,http://www.wikidata.org/entity/Q132772817,Q132772817,Electrical substation,59.93956,30.381473
Russia,Q159,http://www.wikidata.org/entity/Q25443355,Transformer substation and electricity pylons,Electrical substation,44.948611111,34.095722222
Russia,Q159,http://www.wikidata.org/entity/Q113320271,Chernyakhovsk electrical substation,Electrical substation,54.626083766,21.846699714
Russia,Q159,http://www.wikidata.org/entity/Q113320247,Kaliningrad southern electrical substation,Electrical substation,54.645755553,20.484051704
Russia,Q159,http://www.wikidata.org/entity/Q113320303,Polessk electrical substation,Electrical substation,54.857114664,21.112031936
Russia,Q159,http://www.wikidata.org/entity/Q109739708,Q109739708,Electrical substation,55.0109,82.931
Russia,Q159,http://www.wikidata.org/entity/Q113320256,Znamensk electrical substation,Electrical substation,54.601729239,21.215801239
Russia,Q159,http://www.wikidata.org/entity/Q113501412,Korsakovskaya electrical substation,Electrical substation,46.639654664,142.804155349
Russia,Q159,http://www.wikidata.org/entity/Q123675762,Polustrovskaya tram substation,Electrical substation,59.960161,30.406063
Russia,Q159,http://www.wikidata.org/entity/Q124481257,"Mira Avenue 17, Moscow",Electrical substation,55.77767,37.63195
Russia,Q159,http://www.wikidata.org/entity/Q107438034,Electrical substation No 130 «Elektrostal»,Electrical substation,55.79894,38.44762
Russia,Q159,http://www.wikidata.org/entity/Q113320310,Sovyetsk electrical substation,Electrical substation,55.065934335,21.865711212
Russia,Q159,http://www.wikidata.org/entity/Q113494598,Primorsk electrical substation,Electrical substation,54.741989989,20.012948513
Russia,Q159,http://www.wikidata.org/entity/Q55154121,Luch power plant,Electrical substation,56.83372,60.60775
New Zealand,Q664,http://www.wikidata.org/entity/Q115548216,Oxford-Tuam Zone Substation,Electrical substation,-43.535136111,172.631227777
New Zealand,Q664,http://www.wikidata.org/entity/Q134688707,Quay Substation,Electrical substation,-36.844927,174.77448
New Zealand,Q664,http://www.wikidata.org/entity/Q134593940,Mahora Zone Substation,Electrical substation,-39.626056342,176.85355274
New Zealand,Q664,http://www.wikidata.org/entity/Q76859509,Auckland Electric Power Board Substation (Former),Electrical substation,-36.893061,174.770292
New Zealand,Q664,http://www.wikidata.org/entity/Q134688715,Penrose Substation,Electrical substation,-36.905431,174.817693
New Zealand,Q664,http://www.wikidata.org/entity/Q79308366,Transformer House and Shelter,Electrical substation,-39.670457,176.876827
New Zealand,Q664,http://www.wikidata.org/entity/Q125822992,Argyle Substation,Electrical substation,-41.671,173.203
New Zealand,Q664,http://www.wikidata.org/entity/Q123523132,Addington substation,Electrical substation,-43.538963888,172.602580555
New Zealand,Q664,http://www.wikidata.org/entity/Q134688669,McNab Substation,Electrical substation,-36.906293,174.815743
New Zealand,Q664,http://www.wikidata.org/entity/Q134688694,Ponsonby Substation,Electrical substation,-36.854553,174.739249
Switzerland,Q39,http://www.wikidata.org/entity/Q123309282,Q123309282,Electrical substation,47.492835421,8.704489465
Switzerland,Q39,http://www.wikidata.org/entity/Q29933060,Transformatorenstation,Electrical substation,47.45227,8.533077
Switzerland,Q39,http://www.wikidata.org/entity/Q16176902,Laufenburg substation,Electrical substation,47.550602777,8.049813888
Switzerland,Q39,http://www.wikidata.org/entity/Q127685571,Q127685571,Electrical substation,47.569113888,9.098063888
Switzerland,Q39,http://www.wikidata.org/entity/Q29678192,Trafo,Electrical substation,47.466423,7.855212
Switzerland,Q39,http://www.wikidata.org/entity/Q127686567,Q127686567,Electrical substation,46.762622222,6.6321
Switzerland,Q39,http://www.wikidata.org/entity/Q52334619,Fällanden substation,Electrical substation,47.378611111,8.624444444
Switzerland,Q39,http://www.wikidata.org/entity/Q127685977,Q127685977,Electrical substation,47.453427777,9.639763888
Switzerland,Q39,http://www.wikidata.org/entity/Q96141410,NOK-Unterwerk Töss II,Electrical substation,47.481941666,8.702783333
Switzerland,Q39,http://www.wikidata.org/entity/Q52332750,Breite substation,Electrical substation,47.466944444,8.652777777
Switzerland,Q39,http://www.wikidata.org/entity/Q123309813,Q123309813,Electrical substation,47.473752403,8.793084014
Switzerland,Q39,http://www.wikidata.org/entity/Q123508476,Transformer house / former wash house or oven house (1705),Electrical substation,46.85401,7.7412
Switzerland,Q39,http://www.wikidata.org/entity/Q29880450,substation,Electrical substation,47.667973,8.432687
Switzerland,Q39,http://www.wikidata.org/entity/Q106695299,Unterwerk Vorderprättigau,Electrical substation,,
Switzerland,Q39,http://www.wikidata.org/entity/Q108462212,Poste électrique de Romanel,Electrical substation,,
Switzerland,Q39,http://www.wikidata.org/entity/Q127328099,Q127328099,Electrical substation,47.661730555,8.818588888
Switzerland,Q39,http://www.wikidata.org/entity/Q105981993,former transformer house (1920),Electrical substation,47.04318,7.27535
Switzerland,Q39,http://www.wikidata.org/entity/Q123309364,Q123309364,Electrical substation,47.505717161,8.770985068
Japan,Q17,http://www.wikidata.org/entity/Q1617659,Higashi-Shimizu Frequency Converter,Electrical substation,35.05805556,138.5
Japan,Q17,http://www.wikidata.org/entity/Q56089068,Minami-Iwaki switching station,Electrical substation,37.381111111,140.804722222
Japan,Q17,http://www.wikidata.org/entity/Q6862860,Minami-Fukumitsu,Electrical substation,36.496187,136.915854
Japan,Q17,http://www.wikidata.org/entity/Q11511064,Former Hitachi Aircraft Tachikawa Factory Transformer Substation,Electrical substation,35.735333,139.421278
Japan,Q17,http://www.wikidata.org/entity/Q126180639,Komondo Electrical Substation,Electrical substation,33.597527777,130.405388888
Japan,Q17,http://www.wikidata.org/entity/Q115365898,Chūō Shinkansen Meijō electrical substation,Electrical substation,35.17755443,136.901834924
Japan,Q17,http://www.wikidata.org/entity/Q7497226,Shin Shinano,Electrical substation,36.13722222,137.88277778
Japan,Q17,http://www.wikidata.org/entity/Q55106416,West Tokyo substation,Electrical substation,35.605,139.456944444
Japan,Q17,http://www.wikidata.org/entity/Q11503879,Shin Fukushima substation,Electrical substation,37.35972222,140.96111111
Japan,Q17,http://www.wikidata.org/entity/Q11382696,Sakuma Frequency Converter Station,Electrical substation,35.08225,137.799194
Japan,Q17,http://www.wikidata.org/entity/Q56089170,Higashi-Gunma substation,Electrical substation,36.579166666,139.223611111
Japan,Q17,http://www.wikidata.org/entity/Q123368464,Kyūshū-denryoku Kashii Electrical Substation,Electrical substation,33.65793,130.43368
Ukraine,Q212,http://www.wikidata.org/entity/Q122295922,"Tram transformer station, Mala Arnautska - Litvaka, Odesa",Electrical substation,46.4719016,30.7290373
Ukraine,Q212,http://www.wikidata.org/entity/Q113322346,Uzhhorod-1 electrical substation,Electrical substation,48.5932856,22.308490276
Ukraine,Q212,http://www.wikidata.org/entity/Q20082302,Q20082302,Electrical substation,,
Ukraine,Q212,http://www.wikidata.org/entity/Q113322225,Vynohradiv electrical substation,Electrical substation,48.135348991,23.018288612
Ukraine,Q212,http://www.wikidata.org/entity/Q113322253,Khust electric substation,Electrical substation,48.173555582,23.281702995
Ukraine,Q212,http://www.wikidata.org/entity/Q25443355,Transformer substation and electricity pylons,Electrical substation,44.948611111,34.095722222
Ukraine,Q212,http://www.wikidata.org/entity/Q122295752,"Tram transformer station, Mala Arnautska - Yevropeiska, Odesa",Electrical substation,46.4714804,30.7367513
Ukraine,Q212,http://www.wikidata.org/entity/Q122295798,"Tram transformer station, Pastera - Sechenova, Odesa",Electrical substation,46.4931742,30.7225638
Ukraine,Q212,http://www.wikidata.org/entity/Q111132463,Prohresivka substation,Electrical substation,46.9155,31.0702
Ukraine,Q212,http://www.wikidata.org/entity/Q113322396,Berehove electrical substation,Electrical substation,48.212187716,22.657719254
Ukraine,Q212,http://www.wikidata.org/entity/Q122298747,"Tram transformer station, Italiiska - Hretska, Odesa",Electrical substation,46.4824752,30.7425262
Ukraine,Q212,http://www.wikidata.org/entity/Q113322288,Mukachevo-1 electric substation,Electrical substation,48.424715346,22.705435752
Ukraine,Q212,http://www.wikidata.org/entity/Q109920282,Novoodeska 330 kV substation,Electrical substation,46.4538,30.386961111
Ukraine,Q212,http://www.wikidata.org/entity/Q109923302,Artsyz 330 kV substation,Electrical substation,45.9925,29.44692
Philippines,Q928,http://www.wikidata.org/entity/Q56245035,San Manuel substation,Electrical substation,16.063888888,120.650277777
Philippines,Q928,http://www.wikidata.org/entity/Q56241638,Biñan substation,Electrical substation,14.330833333,121.076111111
Philippines,Q928,http://www.wikidata.org/entity/Q56245466,Nagsaag EHV substation,Electrical substation,16.060277777,120.651944444
Philippines,Q928,http://www.wikidata.org/entity/Q56241614,Mexico substation,Electrical substation,15.054166666,120.716388888
Philippines,Q928,http://www.wikidata.org/entity/Q56241454,Concepcion substation,Electrical substation,15.3775,120.616944444
Philippines,Q928,http://www.wikidata.org/entity/Q56247221,San Rafael substation,Electrical substation,15.028888888,120.936388888
Italy,Q38,http://www.wikidata.org/entity/Q131760691,Q131760691,Electrical substation,45.512828,9.235704
Italy,Q38,http://www.wikidata.org/entity/Q131759705,Q131759705,Electrical substation,45.462529,9.159025
Italy,Q38,http://www.wikidata.org/entity/Q131100632,Ronco Scrivia electrical substation,Electrical substation,44.61284,8.95096
Italy,Q38,http://www.wikidata.org/entity/Q52635012,Camporosso substation,Electrical substation,43.827777777,7.629722222
Italy,Q38,http://www.wikidata.org/entity/Q117197843,Q117197843,Electrical substation,46.40147,8.87328
Finland,Q33,http://www.wikidata.org/entity/Q113329669,Imatra electrical substation,Electrical substation,61.165223599,28.775253295
Finland,Q33,http://www.wikidata.org/entity/Q56400203,Yllikkälä substation,Electrical substation,,
Finland,Q33,http://www.wikidata.org/entity/Q18659892,Q18659892,Electrical substation,60.16474444,24.947503681
Finland,Q33,http://www.wikidata.org/entity/Q55597001,distribution substation in Vääräkoski groundwood and board mill,Electrical substation,62.52347304,24.04232954
Brazil,Q155,http://www.wikidata.org/entity/Q116943412,Q116943412,Electrical substation,-23.5909502,-46.6350406
Brazil,Q155,http://www.wikidata.org/entity/Q100155025,Estação de Energia da Empresa Luz e Força,Electrical substation,-23.192225772,-46.881269736
Brazil,Q155,http://www.wikidata.org/entity/Q53797578,Campo Mourão substation,Electrical substation,-24.074166666,-52.367222222
Brazil,Q155,http://www.wikidata.org/entity/Q113325168,Historical electrical substation,Electrical substation,-23.951145687,-46.303070783
Brazil,Q155,http://www.wikidata.org/entity/Q53843430,Foz do Iguaçu substation and converter station,Electrical substation,-25.466111111,-54.5425
Norway,Q20,http://www.wikidata.org/entity/Q123173043,Q123173043,Electrical substation,70.171938,28.541849
Norway,Q20,http://www.wikidata.org/entity/Q123173065,Q123173065,Electrical substation,70.409564,26.696411
Norway,Q20,http://www.wikidata.org/entity/Q123173383,Q123173383,Electrical substation,70.008621,29.121087
Norway,Q20,http://www.wikidata.org/entity/Q17195081,Q17195081,Electrical substation,60.37286389,5.33923694
Norway,Q20,http://www.wikidata.org/entity/Q116155693,Q116155693,Electrical substation,60.266901,8.961338
Norway,Q20,http://www.wikidata.org/entity/Q123015790,Q123015790,Electrical substation,60.437653,8.576362
Norway,Q20,http://www.wikidata.org/entity/Q53517491,Sogn substation,Electrical substation,59.958055555,10.721111111
Norway,Q20,http://www.wikidata.org/entity/Q26807802,Moholt substation,Electrical substation,63.411238,10.43714
Norway,Q20,http://www.wikidata.org/entity/Q110665680,Q110665680,Electrical substation,,
Norway,Q20,http://www.wikidata.org/entity/Q110671996,Q110671996,Electrical substation,,
Norway,Q20,http://www.wikidata.org/entity/Q110672426,Q110672426,Electrical substation,,
Norway,Q20,http://www.wikidata.org/entity/Q113016483,Q113016483,Electrical substation,,
Norway,Q20,http://www.wikidata.org/entity/Q116431248,Q116431248,Electrical substation,,
Norway,Q20,http://www.wikidata.org/entity/Q67256948,Q67256948,Electrical substation,59.435772222,10.671502777
India,Q668,http://www.wikidata.org/entity/Q7937990,Vizag back to back HVDC converter station,Electrical substation,17.6425,83.1325
India,Q668,http://www.wikidata.org/entity/Q7425009,Sasaram back to back HVDC converter station,Electrical substation,25.12833333,83.70805556
India,Q668,http://www.wikidata.org/entity/Q105728107,Madakkathara substation,Electrical substation,10.561773,76.270442
India,Q668,http://www.wikidata.org/entity/Q5071436,Chandrapur back to back HVDC converter station,Electrical substation,20.08916667,79.14333333
Luxembourg,Q32,http://www.wikidata.org/entity/Q52637884,Berchem substation,Electrical substation,49.550833333,6.139166666
Luxembourg,Q32,http://www.wikidata.org/entity/Q52491611,Schifflange substation,Electrical substation,49.520277777,6.018888888
Luxembourg,Q32,http://www.wikidata.org/entity/Q52637880,Roost substation,Electrical substation,49.776388888,6.083888888
Luxembourg,Q32,http://www.wikidata.org/entity/Q52637872,Flebour substation,Electrical substation,49.905,6.114722222
Luxembourg,Q32,http://www.wikidata.org/entity/Q52637863,Heisdorf substation,Electrical substation,49.668333333,6.139722222
Turkey,Q43,http://www.wikidata.org/entity/Q52454542,İkitelli substation,Electrical substation,41.068333333,28.789444444
Turkey,Q43,http://www.wikidata.org/entity/Q52460991,Paşaköy substation,Electrical substation,40.996388888,29.2425
Turkey,Q43,http://www.wikidata.org/entity/Q52457069,Yıldıztepe substation,Electrical substation,41.06,28.955
Portugal,Q45,http://www.wikidata.org/entity/Q111146446,Pinhão substation,Electrical substation,41.193498,-7.542252
Portugal,Q45,http://www.wikidata.org/entity/Q109461969,Electrical substation of Leiria,Electrical substation,39.743027,-8.802912
Portugal,Q45,http://www.wikidata.org/entity/Q68133347,Posto de Transformação do Caramanchão,Electrical substation,32.72912,-16.78348
Portugal,Q45,http://www.wikidata.org/entity/Q68112706,Posto de Transformação do Porto da Cruz,Electrical substation,32.77177,-16.82956
Uruguay,Q77,http://www.wikidata.org/entity/Q114005983,Electrical substation Montevideo-Norte,Electrical substation,-34.786580557,-56.183824539
Uruguay,Q77,http://www.wikidata.org/entity/Q6813262,Melo HVDC Back-to-back station,Electrical substation,,
Uruguay,Q77,http://www.wikidata.org/entity/Q7338051,Rivera HVDC Back-to-back station,Electrical substation,-30.94138889,-55.55944444
People's Republic of China,Q148,http://www.wikidata.org/entity/Q127225068,Ting Kok Road Substation,Electrical substation,22.451683523,114.163329005
People's Republic of China,Q148,http://www.wikidata.org/entity/Q11122997,Q11122997,Electrical substation,,
People's Republic of China,Q148,http://www.wikidata.org/entity/Q32169304,Q32169304,Electrical substation,,
People's Republic of China,Q148,http://www.wikidata.org/entity/Q130251265,Lhasa Converter Station,Electrical substation,29.8775,91.195555555
People's Republic of China,Q148,http://www.wikidata.org/entity/Q108531450,Lotus Substation,Electrical substation,,
People's Republic of China,Q148,http://www.wikidata.org/entity/Q16923436,Victoria Gap Electric Substation,Electrical substation,22.27148,114.14952
People's Republic of China,Q148,http://www.wikidata.org/entity/Q131318150,Lai Cheung Road Substation,Electrical substation,22.311674006,114.164471626
People's Republic of China,Q148,http://www.wikidata.org/entity/Q130482404,Tai Po Old Market Public School Substation,Electrical substation,22.448649313,114.16996479
Mexico,Q96,http://www.wikidata.org/entity/Q118164276,Antigua subestación electrica de Pachuca,Electrical substation,20.114872738,-98.694788217
Mexico,Q96,http://www.wikidata.org/entity/Q113325587,San Lorenzo electrical substation,Electrical substation,19.980638998,-98.301125764
Mexico,Q96,http://www.wikidata.org/entity/Q118164286,Antigua subestación eléctrica,Electrical substation,20.144559268,-98.673115968
Mexico,Q96,http://www.wikidata.org/entity/Q113325543,El Salto electric substation,Electrical substation,20.212408099,-97.995386123
Mexico,Q96,http://www.wikidata.org/entity/Q113325623,Teotihuacán electrical substation,Electrical substation,19.663320632,-98.86639595
Mexico,Q96,http://www.wikidata.org/entity/Q113325606,Sahagún electrical substation,Electrical substation,19.766461231,-98.592209815
Georgia,Q230,http://www.wikidata.org/entity/Q113496842,Zahesi electrical substation,Electrical substation,41.823533303,44.761294126
Georgia,Q230,http://www.wikidata.org/entity/Q113496830,Didube electrical substation,Electrical substation,41.740049545,44.77407217
Egypt,Q79,http://www.wikidata.org/entity/Q120192094,East Sohag Converter Station,Electrical substation,26.490909669,31.867527315
Egypt,Q79,http://www.wikidata.org/entity/Q120758945,New Qena Converter Station,Electrical substation,26.222328985,32.747697472
Ireland,Q27,http://www.wikidata.org/entity/Q113332862,Waterford 110 kV electrical substation,Electrical substation,52.263219699,-7.124429941
Ireland,Q27,http://www.wikidata.org/entity/Q113332979,Wexford electrical substation,Electrical substation,52.324435538,-6.464467048
Ireland,Q27,http://www.wikidata.org/entity/Q122969878,Ballyadam Converter Station,Electrical substation,51.9158,-8.2302
Ireland,Q27,http://www.wikidata.org/entity/Q113332956,Carricklawn electrical substation,Electrical substation,52.342546516,-6.485490202
Ireland,Q27,http://www.wikidata.org/entity/Q113332683,Kilbarry 110 kV electrical substation,Electrical substation,51.922795459,-8.476762175
Ireland,Q27,http://www.wikidata.org/entity/Q110820139,"Electricity substation, Clontarf Road",Electrical substation,53.364447,-6.229375
Ireland,Q27,http://www.wikidata.org/entity/Q113332674,Mallow 110 kV substation,Electrical substation,52.143128339,-8.621134757
Ireland,Q27,http://www.wikidata.org/entity/Q57610027,Cashla substation,Electrical substation,53.308055555,-8.853333333
Ireland,Q27,http://www.wikidata.org/entity/Q113332967,Whitemill electrical substation,Electrical substation,52.330084337,-6.487019062
Ireland,Q27,http://www.wikidata.org/entity/Q113332891,Rosbercon electrical substation,Electrical substation,52.401217705,-6.954764127
Ireland,Q27,http://www.wikidata.org/entity/Q113332711,Portlaoise 110 kV electrical substation,Electrical substation,53.027496863,-7.298762798
Ireland,Q27,http://www.wikidata.org/entity/Q113332608,Ardnacrusha - 110 kV switchyard,Electrical substation,52.705047009,-8.616714477
Armenia,Q399,http://www.wikidata.org/entity/Q113501389,Tsovagyugh electrical substation,Electrical substation,40.630809215,44.976546764
Armenia,Q399,http://www.wikidata.org/entity/Q42807662,Q42807662,Electrical substation,,
Azerbaijan,Q227,http://www.wikidata.org/entity/Q134599772,Aghstafa City Electrical Substation,Electrical substation,41.116495322,45.444383759
Azerbaijan,Q227,http://www.wikidata.org/entity/Q134589445,Boyuk Kasik Electical Substation,Electrical substation,41.392927959,45.178542711
Azerbaijan,Q227,http://www.wikidata.org/entity/Q134589318,Poylu Power Substation,Electrical substation,41.23536668,45.442746632
Slovenia,Q215,http://www.wikidata.org/entity/Q60357063,Q60357063,Electrical substation,46.04360555,14.505570545
Slovenia,Q215,http://www.wikidata.org/entity/Q60357048,Q60357048,Electrical substation,46.048737666,14.523995002
Angola,Q916,http://www.wikidata.org/entity/Q111130822,Capanda hydroelectric power plant substation,Electrical substation,-9.79302,15.46365
Bangladesh,Q902,http://www.wikidata.org/entity/Q111795951,Q111795951,Electrical substation,,
Estonia,Q191,http://www.wikidata.org/entity/Q111903059,Q111903059,Electrical substation,,
Estonia,Q191,http://www.wikidata.org/entity/Q52489842,Aruküla substation,Electrical substation,59.360555555,25.041111111
Sweden,Q34,http://www.wikidata.org/entity/Q19977715,Ellevios teknikhus,Electrical substation,59.354,18.08825
Sweden,Q34,http://www.wikidata.org/entity/Q18288495,Djursholms elektricitetsverk,Electrical substation,,
Sweden,Q34,http://www.wikidata.org/entity/Q18331530,Q18331530,Electrical substation,59.308611,18.023611
Sweden,Q34,http://www.wikidata.org/entity/Q107491430,Breviks vatten- och elverk,Electrical substation,59.350333333,18.192833333
Sweden,Q34,http://www.wikidata.org/entity/Q118255910,Uppsala Stads Elektricitetsverk,Electrical substation,,
Peru,Q419,http://www.wikidata.org/entity/Q113324390,Pasco electrical substation,Electrical substation,-10.672732919,-76.277732849
New South Wales,Q3224,http://www.wikidata.org/entity/Q122375971,Kemps Creek Zone Substation,Electrical substation,-33.884150654,150.791815467
Hungary,Q28,http://www.wikidata.org/entity/Q113329582,Electrical substation debrecen,Electrical substation,47.566500504,21.600784063
Hungary,Q28,http://www.wikidata.org/entity/Q113329600,Nyiregyhaza substation,Electrical substation,47.930893821,21.679211854
Hungary,Q28,http://www.wikidata.org/entity/Q24067620,Albertfalva substation,Electrical substation,47.439902,19.041661
Hungary,Q28,http://www.wikidata.org/entity/Q53040126,Biatorbágy substation,Electrical substation,47.473888888,18.844166666
German Reich,Q1206012,http://www.wikidata.org/entity/Q108526227,Städtisches Elektricitätswerk Rostock,Electrical substation,54.0863,12.1461
Belarus,Q184,http://www.wikidata.org/entity/Q113495168,Minsk-Severnaya substation,Electrical substation,53.995416666,27.529833333
Romania,Q218,http://www.wikidata.org/entity/Q118467485,Busteni Hydroelectric substation building (Electrica),Electrical substation,45.419012665,25.540241003
Romania,Q218,http://www.wikidata.org/entity/Q113321706,Florești electrical substation,Electrical substation,45.026311573,25.793715119
Israel,Q801,http://www.wikidata.org/entity/Q30526895,Historical Electric Transformers,Electrical substation,32.077761,34.78
South Region,Q125372661,http://www.wikidata.org/entity/Q134289835,Binningup Desalination Plant  electrical substation,Electrical substation,-33.1297119,115.7053653
Latvia,Q211,http://www.wikidata.org/entity/Q62089152,Aizkraukle substation,Electrical substation,56.589166666,25.240138888
Ethiopia,Q115,http://www.wikidata.org/entity/Q56083538,Wolayta Sodo Converter Station,Electrical substation,6.9075,37.721944444
Moldova,Q217,http://www.wikidata.org/entity/Q57548806,Bălți substation,Electrical substation,47.798611111,27.869444444
Saudi Arabia,Q851,http://www.wikidata.org/entity/Q1485743,Al-Fadhili back to back HVDC converter station,Electrical substation,26.90083333,49.35083333
Taiwan,Q865,http://www.wikidata.org/entity/Q69825524,Former Dadaocheng Substation,Electrical substation,25.056305766,121.516966277
Shire of Harvey,Q968490,http://www.wikidata.org/entity/Q134289835,Binningup Desalination Plant  electrical substation,Electrical substation,-33.1297119,115.7053653
Paraguay,Q733,http://www.wikidata.org/entity/Q53679310,Itaipu right bank substation,Electrical substation,-25.42,-54.608888888
South Africa,Q258,http://www.wikidata.org/entity/Q55214975,Merapi substation,Electrical substation,-28.943333333,27.084166666
Kenya,Q114,http://www.wikidata.org/entity/Q56083697,Suswa converter station,Electrical substation,-1.062222222,36.359722222
Namibia,Q1030,http://www.wikidata.org/entity/Q70870551,Kokerboom substation,Electrical substation,-26.423055555,18.288888888
