country_name,country_qid,entity,label,type,latitude,longitude
Taiwan,Q865,http://www.wikidata.org/entity/Q124957929,Xinwu Century-old Stone Weirs,Weir,,
Taiwan,Q865,http://www.wikidata.org/entity/Q15909837,Q15909837,Weir,24.83138889,121.52888889
Taiwan,Q865,http://www.wikidata.org/entity/Q15911437,Q15911437,Weir,24.84972222,121.58722222
Taiwan,Q865,http://www.wikidata.org/entity/Q5299574,Double-Heart of Stacked Stones,Weir,23.220223,119.44698
Taiwan,Q865,http://www.wikidata.org/entity/Q15906505,Jiji Weir,Weir,23.82027778,120.76416667
Taiwan,Q865,http://www.wikidata.org/entity/Q101223526,Q101223526,Weir,,
Taiwan,Q865,http://www.wikidata.org/entity/Q20688613,Q20688613,Weir,22.50447222,120.46222222
Taiwan,Q865,http://www.wikidata.org/entity/Q22097586,Banan Weir,Weir,22.87747222,121.05783333
India,Q668,http://www.wikidata.org/entity/Q101424738,Sikatiya Bridge,Weir,24.1427,86.8023
India,Q668,http://www.wikidata.org/entity/Q48731741,ITO barrage,Weir,28.628337,77.255186
Egypt,Q79,http://www.wikidata.org/entity/Q67180173,Asyut head regulator,Weir,27.195571,31.185615
Egypt,Q79,http://www.wikidata.org/entity/Q66776578,Dairut regulator,Weir,27.558908,30.811302
Egypt,Q79,http://www.wikidata.org/entity/Q66774303,Illahun regulator,Weir,29.206626,30.971472
Egypt,Q79,http://www.wikidata.org/entity/Q23950069,New Esna dam,Weir,25.31762,32.556267
Egypt,Q79,http://www.wikidata.org/entity/Q16740403,Zifta dam,Weir,30.74374962,31.24058342
Egypt,Q79,http://www.wikidata.org/entity/Q29514083,al-Magdhub barrage,Weir,27.177211,31.182917
Indonesia,Q252,http://www.wikidata.org/entity/Q116142286,Bendung Tegal,Weir,-7.933185092,110.365633215
Indonesia,Q252,http://www.wikidata.org/entity/Q25118638,Bendung Kaligending,Weir,-7.581666666,109.675833333
Indonesia,Q252,http://www.wikidata.org/entity/Q104570963,Waru Turi weir,Weir,-7.7644972,112.0235655
Indonesia,Q252,http://www.wikidata.org/entity/Q25115836,Dam Pesucen,Weir,-7.684482636,109.696347344
Indonesia,Q252,http://www.wikidata.org/entity/Q12475712,Katulampa floodgate,Weir,-6.63336,106.83705
Indonesia,Q252,http://www.wikidata.org/entity/Q109404571,Benteng weir,Weir,-3.688006334,119.676829278
France,Q142,http://www.wikidata.org/entity/Q130214588,Q130214588,Weir,46.247318,-1.56154
France,Q142,http://www.wikidata.org/entity/Q13105104,Écluse d'Apach-Schengen,Weir,49.46697,6.36668
France,Q142,http://www.wikidata.org/entity/Q133798585,Q133798585,Weir,45.6262662,6.5118972
France,Q142,http://www.wikidata.org/entity/Q130262497,Q130262497,Weir,45.9294269,6.1203796
France,Q142,http://www.wikidata.org/entity/Q130532526,Q130532526,Weir,49.154691,3.425916
Netherlands,Q55,http://www.wikidata.org/entity/Q17418074,Q17418074,Weir,52.15902,5.18727
Netherlands,Q55,http://www.wikidata.org/entity/Q17441064,Hillenraad Castle: weir with piles at the southwest corner of the outer moat,Weir,51.21924,6.03594
Netherlands,Q55,http://www.wikidata.org/entity/Q17592232,Stuw in Lith,Weir,51.81,5.45386
Netherlands,Q55,http://www.wikidata.org/entity/Q17418176,Q17418176,Weir,52.14879,5.12798
Netherlands,Q55,http://www.wikidata.org/entity/Q17603926,Q17603926,Weir,51.70165,5.77113
Netherlands,Q55,http://www.wikidata.org/entity/Q97009789,weir and lock complex Driel,Weir,51.96361111,5.80666667
Netherlands,Q55,http://www.wikidata.org/entity/Q17597001,weir of weir and lock complex in Roermond,Weir,51.20545,5.97584
Netherlands,Q55,http://www.wikidata.org/entity/Q17418115,Q17418115,Weir,52.12905,5.17316
Netherlands,Q55,http://www.wikidata.org/entity/Q17463801,Q17463801,Weir,51.44859,5.45064
Netherlands,Q55,http://www.wikidata.org/entity/Q17590393,Q17590393,Weir,52.146042,6.23922
Netherlands,Q55,http://www.wikidata.org/entity/Q125536814,Hezenbergerstuw,Weir,52.45288,6.07851
Netherlands,Q55,http://www.wikidata.org/entity/Q17440815,weir with bridge Stadspark Sittard,Weir,50.989330555,5.861602777
Netherlands,Q55,http://www.wikidata.org/entity/Q2242127,Hagestein weir-lock complex,Weir,51.99111,5.13333
Netherlands,Q55,http://www.wikidata.org/entity/Q17418096,Q17418096,Weir,52.12155,5.158488888
Netherlands,Q55,http://www.wikidata.org/entity/Q17595721,Q17595721,Weir,51.63013,5.75246
Netherlands,Q55,http://www.wikidata.org/entity/Q17595761,Q17595761,Weir,51.63013,5.75246
Netherlands,Q55,http://www.wikidata.org/entity/Q821997,Stormvloedkering Hollandse IJssel,Weir,51.917222,4.579167
Netherlands,Q55,http://www.wikidata.org/entity/Q28151558,weir and lock complex Grave,Weir,51.769171,5.736548
Netherlands,Q55,http://www.wikidata.org/entity/Q17464770,Q17464770,Weir,52.14564,5.5942
Netherlands,Q55,http://www.wikidata.org/entity/Q17602412,weir S7 of Peel-Raam Line,Weir,51.46123,5.87006
Netherlands,Q55,http://www.wikidata.org/entity/Q2439819,Schuivenhuisje,Weir,52.38717,6.96872
Netherlands,Q55,http://www.wikidata.org/entity/Q17595875,Q17595875,Weir,52.06093,6.13343
Netherlands,Q55,http://www.wikidata.org/entity/Q17602406,weir S10 of Peel-Raam Line,Weir,51.5524,5.84172
Netherlands,Q55,http://www.wikidata.org/entity/Q17602408,weir S9 of Peel-Raam Line,Weir,51.5524,5.84172
Netherlands,Q55,http://www.wikidata.org/entity/Q17603928,Q17603928,Weir,51.70985,5.76624
Netherlands,Q55,http://www.wikidata.org/entity/Q18772875,weir and lock complex in Roermond,Weir,51.210909,5.982485
Netherlands,Q55,http://www.wikidata.org/entity/Q27768225,weir and lock complex in Belfeld,Weir,51.320322,6.111917
Netherlands,Q55,http://www.wikidata.org/entity/Q17417999,Waterkering Tienhoven,Weir,52.17207,5.0921
Netherlands,Q55,http://www.wikidata.org/entity/Q17459942,Q17459942,Weir,51.68666,5.77669
Netherlands,Q55,http://www.wikidata.org/entity/Q17594546,Q17594546,Weir,52.15924,5.38542
Netherlands,Q55,http://www.wikidata.org/entity/Q17603923,Q17603923,Weir,51.68217,5.77104
Netherlands,Q55,http://www.wikidata.org/entity/Q17603919,Q17603919,Weir,51.67771,5.75991
Netherlands,Q55,http://www.wikidata.org/entity/Q17603917,Q17603917,Weir,51.6646,5.74742
Netherlands,Q55,http://www.wikidata.org/entity/Q17596060,Singraven: weir,Weir,,
Netherlands,Q55,http://www.wikidata.org/entity/Q17418107,Stuwtje Kooidijk,Weir,52.14021,5.11845
Netherlands,Q55,http://www.wikidata.org/entity/Q105092463,Walramstuw,Weir,50.863430555,5.835505555
Netherlands,Q55,http://www.wikidata.org/entity/Q2303005,Bonenburgersluis,Weir,52.381425,6.048344
Netherlands,Q55,http://www.wikidata.org/entity/Q17418136,"Stuw bij Voordorpsedijk 2, Utrecht",Weir,52.11505,5.14261
Netherlands,Q55,http://www.wikidata.org/entity/Q17602411,weir S8 of Peel-Raam Line,Weir,51.50768,5.8622
Netherlands,Q55,http://www.wikidata.org/entity/Q28912425,weir and lock complex Linne,Weir,51.169377,5.922468
Netherlands,Q55,http://www.wikidata.org/entity/Q17418101,Q17418101,Weir,52.12986,5.14636
Netherlands,Q55,http://www.wikidata.org/entity/Q17418084,Q17418084,Weir,52.15838,5.17125
Netherlands,Q55,http://www.wikidata.org/entity/Q17418155,Stuw in Westbroek,Weir,52.15461,5.11712
Netherlands,Q55,http://www.wikidata.org/entity/Q28873999,weir and lock complex Sambeek,Weir,51.6406,5.984372
Netherlands,Q55,http://www.wikidata.org/entity/Q17603925,Q17603925,Weir,51.68768,5.77572
Netherlands,Q55,http://www.wikidata.org/entity/Q17610405,Q17610405,Weir,52.0792245,6.4434708
Netherlands,Q55,http://www.wikidata.org/entity/Q17595763,Q17595763,Weir,51.63013,5.75246
Netherlands,Q55,http://www.wikidata.org/entity/Q17595764,Q17595764,Weir,51.63013,5.75246
Netherlands,Q55,http://www.wikidata.org/entity/Q17602405,weir S11 of Peel-Raam Line,Weir,51.56159,5.83976
Netherlands,Q55,http://www.wikidata.org/entity/Q17603920,Q17603920,Weir,51.68041,5.76846
Netherlands,Q55,http://www.wikidata.org/entity/Q17455768,Q17455768,Weir,52.12893,5.10349
Netherlands,Q55,http://www.wikidata.org/entity/Q17448878,Q17448878,Weir,52.20292,5.01981
Netherlands,Q55,http://www.wikidata.org/entity/Q804937,Balgstuw Ramspol,Weir,52.61139,5.84028
Netherlands,Q55,http://www.wikidata.org/entity/Q17457420,weir and lock complex Borgharen,Weir,50.868962,5.697044
Netherlands,Q55,http://www.wikidata.org/entity/Q17592236,Q17592236,Weir,51.80737,5.4559
Netherlands,Q55,http://www.wikidata.org/entity/Q17418068,Q17418068,Weir,52.15672,5.17588
United Kingdom,Q145,http://www.wikidata.org/entity/Q26662312,Weir To The Serpentine And River Alne Approximately 120 Metres South East Of Wootton Hall,Weir,52.266539,-1.773357
United Kingdom,Q145,http://www.wikidata.org/entity/Q26285564,"Beech Grove Lock, Accommodation Bridge, And Apron Wier",Weir,51.36739179,-1.611217848
United Kingdom,Q145,http://www.wikidata.org/entity/Q26560021,"Weir On River Teme Including Attached Sluice, Retaining Walls And Culvert",Weir,52.431512,-2.828094
United Kingdom,Q145,http://www.wikidata.org/entity/Q26615182,Cantilevered Footpath And Weir On The East Bank Of Hebble Brook,Weir,53.719353,-1.853171
United Kingdom,Q145,http://www.wikidata.org/entity/Q26675994,Weir And Associated Water Management System,Weir,52.822897,-1.537215
United Kingdom,Q145,http://www.wikidata.org/entity/Q26481213,Wier And Fish Lock North East Of Old Fish Locks House,Weir,54.482535,-1.458007
United Kingdom,Q145,http://www.wikidata.org/entity/Q26496487,Kirkthorpe Weir And Sluice Gates,Weir,53.686461,-1.459646
United Kingdom,Q145,http://www.wikidata.org/entity/Q26676816,Darley Abbey Weir,Weir,52.942467,-1.475771
United Kingdom,Q145,http://www.wikidata.org/entity/Q26591559,Stony Weir,Weir,50.683187,-2.211163
United Kingdom,Q145,http://www.wikidata.org/entity/Q26539881,Sandersons Weir On River Don,Weir,53.395745,-1.441498
United Kingdom,Q145,http://www.wikidata.org/entity/Q26675416,Spill Weir,Weir,51.739941,-2.255165
United Kingdom,Q145,http://www.wikidata.org/entity/Q26495495,Avon Weir,Weir,51.511846,-2.065848
United Kingdom,Q145,http://www.wikidata.org/entity/Q26443206,Weir And Bridge Between Ripley Lakes,Weir,54.043531,-1.575197
United Kingdom,Q145,http://www.wikidata.org/entity/Q26655882,Leeds Dam On River Aire,Weir,53.793361,-1.533355
United Kingdom,Q145,http://www.wikidata.org/entity/Q26429776,"Sluices, weir and culvert carrying Shores Clough under Macclesfield Canal",Weir,53.271169,-2.107216
United Kingdom,Q145,http://www.wikidata.org/entity/Q26465796,Taw Green Mill Bridge And Weir,Weir,50.754167,-3.90968
United Kingdom,Q145,http://www.wikidata.org/entity/Q26672643,Rushey Paddle And Rymer Weir,Weir,51.69807,-1.534478
United Kingdom,Q145,http://www.wikidata.org/entity/Q27085663,Weir With Inlet Pipes At King George Pumping Station And Adjacent To King George Reservoir,Weir,51.662684,-0.016614
United Kingdom,Q145,http://www.wikidata.org/entity/Q26547289,Weir On River Aire At Armley Mills,Weir,53.80318,-1.585843
United Kingdom,Q145,http://www.wikidata.org/entity/Q26539415,The Giants Basin,Weir,53.475564,-2.257899
United Kingdom,Q145,http://www.wikidata.org/entity/Q26672641,Streatley Paddle And Rymer Weir,Weir,51.522462,-1.143709
United Kingdom,Q145,http://www.wikidata.org/entity/Q26519231,Weir And Gateway,Weir,53.261149,-1.15347
United Kingdom,Q145,http://www.wikidata.org/entity/Q26672642,Goring Paddle And Rymer Weir,Weir,51.522903,-1.140556
United Kingdom,Q145,http://www.wikidata.org/entity/Q26545200,Frodsham Weir With Sluice Gates,Weir,53.302866,-2.694781
United Kingdom,Q145,http://www.wikidata.org/entity/Q26583909,Weir On River Skell Approximately 10 Metres East Of The Infirmary At Fountains Abbey,Weir,54.109883,-1.578891
United Kingdom,Q145,http://www.wikidata.org/entity/Q26655876,Weir And Sluice Gates At Ngr 2658 3497 Approximately 450 Metres North West Of Burley Mills,Weir,53.810348,-1.597718
United Kingdom,Q145,http://www.wikidata.org/entity/Q26534678,Weir on River Goyt,Weir,53.407212,-2.055332
United Kingdom,Q145,http://www.wikidata.org/entity/Q26615158,Weir At North End Of Clough Pool,Weir,53.289855,-2.087126
United Kingdom,Q145,http://www.wikidata.org/entity/Q26498421,"Weir, adjacent to bridge over Teme, Oakley Park Drive",Weir,52.385873,-2.763297
United Kingdom,Q145,http://www.wikidata.org/entity/Q26700186,Nazeing Labyrinth Weir,Weir,51.740171,0.000161
United Kingdom,Q145,http://www.wikidata.org/entity/Q26428849,"Overflow to Lower Lake, 3 weirs to east side of dam and pump house adjacent to Middle Weir in Bretton Park",Weir,53.608541,-1.563053
United Kingdom,Q145,http://www.wikidata.org/entity/Q26432057,"Weir east of Hunt's Lock, with footbridge",Weir,53.254291,-2.516136
United Kingdom,Q145,http://www.wikidata.org/entity/Q26442744,Weir Across River Nidd At Castle Mill,Weir,54.006522,-1.471287
United Kingdom,Q145,http://www.wikidata.org/entity/Q26425680,Bridge and weir at west end of Morley Pond,Weir,53.464143,-1.410506
United Kingdom,Q145,http://www.wikidata.org/entity/Q26468470,Weir And Cascade At Outlet From The Lake With Flanking Wall And Ford,Weir,54.118552,-1.570376
United Kingdom,Q145,http://www.wikidata.org/entity/Q26424048,Weir Bridge In Amesbury Abbey Park,Weir,51.175935,-1.784546
United Kingdom,Q145,http://www.wikidata.org/entity/Q26655878,Weir On River Aire At Ngr 2655 3488,Weir,53.809501,-1.598347
United Kingdom,Q145,http://www.wikidata.org/entity/Q26550084,Manton Weir,Weir,51.417928,-1.755686
United Kingdom,Q145,http://www.wikidata.org/entity/Q26468254,Weir On River Skell Approximately 120 Metres West Of The Reservoir,Weir,54.110409,-1.575279
United Kingdom,Q145,http://www.wikidata.org/entity/Q26440297,Weir At Rushes Lock,Weir,51.751159,0.598651
United Kingdom,Q145,http://www.wikidata.org/entity/Q26538916,Kelham Weir,Weir,53.390271,-1.475191
United Kingdom,Q145,http://www.wikidata.org/entity/Q26581683,The Weir,Weir,52.185041,-0.973776
United Kingdom,Q145,http://www.wikidata.org/entity/Q26459223,Lake Abutment And Weir,Weir,53.32885,-0.511699
United Kingdom,Q145,http://www.wikidata.org/entity/Q26443243,"Weir, Stone Basin And Footbridge At Lake Outlet, Ripley Castle",Weir,54.039203,-1.571164
United Kingdom,Q145,http://www.wikidata.org/entity/Q29493191,"Wern Outfall Weir, Wern Mill",Weir,52.71976,-3.1094109
United Kingdom,Q145,http://www.wikidata.org/entity/Q26656278,Weir And Retaining Walls On River Aire,Weir,53.828267,-1.63797
United Kingdom,Q145,http://www.wikidata.org/entity/Q29493193,"Gauging Weir Structures at The Wern, Wern Mill",Weir,52.718925,-3.1092269
United Kingdom,Q145,http://www.wikidata.org/entity/Q26670780,Crumpwood Weir,Weir,52.983309,-1.90342
United Kingdom,Q145,http://www.wikidata.org/entity/Q26539607,Sandbed Weir,Weir,53.39771,-1.48677
United Kingdom,Q145,http://www.wikidata.org/entity/Q26432195,Weir At Astle Hall,Weir,53.262069,-2.283054
United Kingdom,Q145,http://www.wikidata.org/entity/Q26675415,Spill Weir In The Grounds Of Bridge House,Weir,51.740046,-2.253241
United Kingdom,Q145,http://www.wikidata.org/entity/Q26432355,Havannah Weir,Weir,53.178891,-2.197612
United Kingdom,Q145,http://www.wikidata.org/entity/Q26553719,Gipping Weir,Weir,52.115091,1.093408
United Kingdom,Q145,http://www.wikidata.org/entity/Q26529397,Bridge/Weir At Langford Park Grove,Weir,51.760334,0.669597
United Kingdom,Q145,http://www.wikidata.org/entity/Q26534008,Ludford Mill Weir (that part in Ludlow civil parish),Weir,52.36386,-2.716113
United Kingdom,Q145,http://www.wikidata.org/entity/Q26498465,Weir On River Teme,Weir,52.363696,-2.72141
United Kingdom,Q145,http://www.wikidata.org/entity/Q114128329,"Grennan Mill, Weir",Weir,55.100045,-4.127588
United Kingdom,Q145,http://www.wikidata.org/entity/Q114128380,"Mills of Earn, Weir",Weir,56.331133,-3.7479498
United Kingdom,Q145,http://www.wikidata.org/entity/Q114128273,"Caledonian Canal, Loch Darroch Weir",Weir,57.427166,-4.3094151
United Kingdom,Q145,http://www.wikidata.org/entity/Q114128375,"Millearne, Weir",Weir,56.330614,-3.7401622
United Kingdom,Q145,http://www.wikidata.org/entity/Q65295445,Gored Beuno,Weir,53.031482,-4.368808
United Kingdom,Q145,http://www.wikidata.org/entity/Q114128252,"Annan, Weir",Weir,54.986547,-3.2669634
United Kingdom,Q145,http://www.wikidata.org/entity/Q114128285,"Dalbeattie, Barrbridge Mill, Weir",Weir,54.932982,-3.8108146
United Kingdom,Q145,http://www.wikidata.org/entity/Q114128278,"Clunas Reservoir, Overflow Weir",Weir,57.489965,-3.8950726
United Kingdom,Q145,http://www.wikidata.org/entity/Q114128297,"Dunipace, Weir",Weir,56.015732,-3.8758132
United Kingdom,Q145,http://www.wikidata.org/entity/Q114128280,"Coldstream, Weir",Weir,55.654678,-2.2413419
United Kingdom,Q145,http://www.wikidata.org/entity/Q114128333,"Hollows Mill, Weir",Weir,55.096545,-2.9662216
United Kingdom,Q145,http://www.wikidata.org/entity/Q114128339,"Innerleithen, Mills, Leithen Water, Weir",Weir,55.635528,-3.0556797
United Kingdom,Q145,http://www.wikidata.org/entity/Q114128309,"Edinburgh, Water of Leith, Damside",Weir,55.95237,-3.2198567
United Kingdom,Q145,http://www.wikidata.org/entity/Q114128290,"Dalkeith, Woodburn Saw Mill, Weir",Weir,55.892037,-3.0633068
United Kingdom,Q145,http://www.wikidata.org/entity/Q114128358,"Kirkland, Burn Mill Dam",Weir,56.194851,-3.0267076
United Kingdom,Q145,http://www.wikidata.org/entity/Q114128265,"Blairgowrie, Weir",Weir,56.601969,-3.3430628
United Kingdom,Q145,http://www.wikidata.org/entity/Q114128313,"Gairlochy, Mucomir Cut, Downstream Weir",Weir,56.909834,-4.9853439
United Kingdom,Q145,http://www.wikidata.org/entity/Q114128298,"Dunipace, Weir",Weir,56.013126,-3.8639761
United Kingdom,Q145,http://www.wikidata.org/entity/Q114128353,"Kalemouth, Weir",Weir,55.542139,-2.4647872
United Kingdom,Q145,http://www.wikidata.org/entity/Q114128270,"Bridge of Allan, Weir",Weir,56.156062,-3.9513383
United Kingdom,Q145,http://www.wikidata.org/entity/Q114128300,"East Cluden Mill, Weir",Weir,55.097049,-3.6609992
United Kingdom,Q145,http://www.wikidata.org/entity/Q114128245,"Balloch, River Leven Barrage",Weir,55.999155,-4.5784374
United Kingdom,Q145,http://www.wikidata.org/entity/Q114128335,"Houston Mill, Weir",Weir,55.988517,-2.6553296
United Kingdom,Q145,http://www.wikidata.org/entity/Q114128282,"Crosskirk Bay, weir",Weir,58.605793,-3.6728103
United Kingdom,Q145,http://www.wikidata.org/entity/Q114128256,"Ayr, Mill Brae, Nether Mill, Weir",Weir,55.459216,-4.621834
United Kingdom,Q145,http://www.wikidata.org/entity/Q114128362,"Lornty House, Weir",Weir,56.603611,-3.3565115
United Kingdom,Q145,http://www.wikidata.org/entity/Q114128359,"Kirkland, Kirkland Dam",Weir,56.191817,-3.0424347
United Kingdom,Q145,http://www.wikidata.org/entity/Q114128377,"Millhall Mill, Polnoon Water, Weir",Weir,55.733178,-4.2554729
United Kingdom,Q145,http://www.wikidata.org/entity/Q114128281,"Corse Holm, Caul",Weir,55.150001,-3.0109635
United Kingdom,Q145,http://www.wikidata.org/entity/Q114128263,"Bladnoch, Bladnoch Distillery, Weir",Weir,54.862889,-4.4812555
United Kingdom,Q145,http://www.wikidata.org/entity/Q114128314,"Gairlochy, Mucomir Cut, Upstream Weir",Weir,56.909954,-4.9851892
United Kingdom,Q145,http://www.wikidata.org/entity/Q114128240,"Achranich, weir",Weir,56.561921,-5.7431929
United Kingdom,Q145,http://www.wikidata.org/entity/Q114128288,"Dalkeith, Ironmills Park, Weir",Weir,55.891996,-3.0813743
United Kingdom,Q145,http://www.wikidata.org/entity/Q114128268,"Bonawe, River Awe, Weir",Weir,56.438706,-5.2193488
United Kingdom,Q145,http://www.wikidata.org/entity/Q114128260,Blackhouse Farm,Weir,55.752615,-4.3316719
United Kingdom,Q145,http://www.wikidata.org/entity/Q114128370,"Mein Water, Caul",Weir,55.058282,-3.2441629
United Kingdom,Q145,http://www.wikidata.org/entity/Q77778991,"Weir, Leithen Water",Weir,55.635545,-3.0558073
United Kingdom,Q145,http://www.wikidata.org/entity/Q114128356,"Kirkdale Sawmill, Weir",Weir,54.853357,-4.3116574
United Kingdom,Q145,http://www.wikidata.org/entity/Q114128264,"Blairgowrie, Brooklinn Mill, Weir",Weir,56.603322,-3.3499852
United Kingdom,Q145,http://www.wikidata.org/entity/Q114128322,"Glasgow, Dawsholm, Weir",Weir,55.900091,-4.3079935
United Kingdom,Q145,http://www.wikidata.org/entity/Q114128305,"Edinburgh, Redbraes",Weir,55.969178,-3.1899278
United Kingdom,Q145,http://www.wikidata.org/entity/Q114128269,"Brechin, Weir",Weir,56.723598,-2.6473782
United Kingdom,Q145,http://www.wikidata.org/entity/Q114128320,"Glasgow, 125 Garriochmill Road, North Woodside Flint Mill, Weir",Weir,55.878921,-4.2850885
United Kingdom,Q145,http://www.wikidata.org/entity/Q110934614,Sandford Lasher,Weir,51.711442,-1.235523
United Kingdom,Q145,http://www.wikidata.org/entity/Q114128274,"Castle Pool, Cauld",Weir,55.594556,-2.4564257
United Kingdom,Q145,http://www.wikidata.org/entity/Q114128312,"Finzean, Weir",Weir,57.012667,-2.6775061
United Kingdom,Q145,http://www.wikidata.org/entity/Q114128317,"Gattonside, Weir",Weir,55.602057,-2.7267176
United Kingdom,Q145,http://www.wikidata.org/entity/Q114128326,"Glasgow, Forth And Clyde Canal, Lock 31, Weir",Weir,55.903573,-4.3524043
United Kingdom,Q145,http://www.wikidata.org/entity/Q114128253,"Ardkinglas House, Weir",Weir,56.248486,-4.9407199
United Kingdom,Q145,http://www.wikidata.org/entity/Q114128316,"Galashiels, Gala Water, Weir",Weir,55.609056,-2.7823904
United Kingdom,Q145,http://www.wikidata.org/entity/Q114128321,"Glasgow, Crookston Mill, Weir",Weir,55.809906,-4.395108
United Kingdom,Q145,http://www.wikidata.org/entity/Q114128302,"Edinburgh, Belford Bridge, Weir",Weir,55.950679,-3.2218054
United Kingdom,Q145,http://www.wikidata.org/entity/Q84150287,Warleigh Weir,Weir,51.3769,-2.3003
United Kingdom,Q145,http://www.wikidata.org/entity/Q114128337,"Huntly, Upstream Weir",Weir,57.444726,-2.7777943
United Kingdom,Q145,http://www.wikidata.org/entity/Q114128369,"Malzie Smithy, Weir",Weir,54.855138,-4.5404865
United Kingdom,Q145,http://www.wikidata.org/entity/Q114128336,"Huntly, Downstream Weir",Weir,57.445144,-2.7769868
United Kingdom,Q145,http://www.wikidata.org/entity/Q114128247,Danes Dyke,Weir,57.651667,-2.5281052
United Kingdom,Q145,http://www.wikidata.org/entity/Q114128332,"Hollows Mill, Lade",Weir,55.095655,-2.9662785
United Kingdom,Q145,http://www.wikidata.org/entity/Q114128259,"Blackadder Water, Blackadder Mount,  Weir",Weir,55.777374,-2.2436946
United Kingdom,Q145,http://www.wikidata.org/entity/Q114128251,"Annan, Gala Bank, Newbie Mill, Weir",Weir,55.002235,-3.2673172
United Kingdom,Q145,http://www.wikidata.org/entity/Q114128373,"Mertoun Mill, Caul",Weir,55.582464,-2.6231017
United Kingdom,Q145,http://www.wikidata.org/entity/Q114128367,"Lybster Harbour, Weir",Weir,58.297747,-3.291163
United Kingdom,Q145,http://www.wikidata.org/entity/Q114128301,"East Linton, Preston Mill, Weir",Weir,55.991378,-2.6530376
United Kingdom,Q145,http://www.wikidata.org/entity/Q114128272,"Caledonian Canal, Allt-An-Lagain Weir",Weir,57.037417,-4.8124819
United Kingdom,Q145,http://www.wikidata.org/entity/Q114128327,"Glasgow, Kelvindale Road, Kelvindale Paper Mill, Weir",Weir,55.891168,-4.3002345
United Kingdom,Q145,http://www.wikidata.org/entity/Q114128363,"Luce Viaduct, Weir",Weir,54.877669,-4.8200254
United Kingdom,Q145,http://www.wikidata.org/entity/Q114128275,"Catrine Mill, Water Works, Weir",Weir,55.507362,-4.3207887
United Kingdom,Q145,http://www.wikidata.org/entity/Q114128381,"Musselburgh, Goose Green, Weir",Weir,55.948011,-3.049228
United Kingdom,Q145,http://www.wikidata.org/entity/Q114128307,"Edinburgh, Saughton Park, Weir",Weir,55.932841,-3.2479756
United Kingdom,Q145,http://www.wikidata.org/entity/Q114128331,"Heiton Mill, Watermill, weir",Weir,55.576512,-2.4687144
United Kingdom,Q145,http://www.wikidata.org/entity/Q114128341,"Invergarry, Aldernaig Mill, Weir",Weir,57.070488,-4.8106455
United Kingdom,Q145,http://www.wikidata.org/entity/Q114128328,"Gorbals Water Works, Waulkmill Glen, Brock Burn Compensation Supply Weir",Weir,55.792533,-4.3592633
United Kingdom,Q145,http://www.wikidata.org/entity/Q114128283,Cuaich Weir,Weir,56.953056,-4.1814278
United Kingdom,Q145,http://www.wikidata.org/entity/Q114128246,"Dingwall, Weir",Weir,57.598429,-4.4279005
United Kingdom,Q145,http://www.wikidata.org/entity/Q114128352,"Islay, Bridgend, Weir",Weir,55.781572,-6.2500657
United Kingdom,Q145,http://www.wikidata.org/entity/Q114128340,"Inveravon, weir",Weir,55.997827,-3.6844445
United Kingdom,Q145,http://www.wikidata.org/entity/Q114128241,"Blantyre Mills, Weir",Weir,55.801051,-4.081825
United Kingdom,Q145,http://www.wikidata.org/entity/Q114128255,"Ayr, Alloway Mill, Weir",Weir,55.43269,-4.6472654
United Kingdom,Q145,http://www.wikidata.org/entity/Q114128248,Aberchalder Weir,Weir,57.091269,-4.7461154
United Kingdom,Q145,http://www.wikidata.org/entity/Q114128310,"Edington Mill, Weir",Weir,55.787687,-2.1760516
United Kingdom,Q145,http://www.wikidata.org/entity/Q114128294,"Dubbidale Mill, Weir",Weir,54.989871,-3.9166039
United Kingdom,Q145,http://www.wikidata.org/entity/Q114128355,"Kingcausie, Weir",Weir,57.090802,-2.2334253
United Kingdom,Q145,http://www.wikidata.org/entity/Q114128242,"Carmichael Mill, Weir",Weir,55.656226,-3.7124993
United Kingdom,Q145,http://www.wikidata.org/entity/Q114128351,"Irvine, Weir",Weir,55.621251,-4.6753125
United Kingdom,Q145,http://www.wikidata.org/entity/Q106399248,Botterham bridge and locks with adjacent circular weir,Weir,52.51969,-2.20741
United Kingdom,Q145,http://www.wikidata.org/entity/Q114128287,"Dalbeattie, Maidenholm Forge, Weir",Weir,54.932267,-3.8087221
United Kingdom,Q145,http://www.wikidata.org/entity/Q114128365,"Lugar Water, Weir",Weir,55.462633,-4.3567588
United Kingdom,Q145,http://www.wikidata.org/entity/Q114128296,"Dumfries, Stakeford Caul",Weir,55.072259,-3.6130624
United Kingdom,Q145,http://www.wikidata.org/entity/Q114128250,"Amisfield Park, The Cascade",Weir,55.960677,-2.7565709
United Kingdom,Q145,http://www.wikidata.org/entity/Q114128292,"Dalmore, Water of Ayr And Tam O'shanter Hone Works, Weir",Weir,55.479939,-4.4744979
United Kingdom,Q145,http://www.wikidata.org/entity/Q114128346,"Inverness, Ness Islands, Weir",Weir,57.462979,-4.2313221
United Kingdom,Q145,http://www.wikidata.org/entity/Q114128350,"Inverness, Ness Islands, Weir",Weir,57.462481,-4.2320254
United Kingdom,Q145,http://www.wikidata.org/entity/Q114128348,"Inverness, Ness Islands, Weir",Weir,57.462842,-4.2314638
United Kingdom,Q145,http://www.wikidata.org/entity/Q114128343,"Inverness, Ness Islands, Weir",Weir,57.463147,-4.2309655
United Kingdom,Q145,http://www.wikidata.org/entity/Q114128276,"Chirnsidebridge Paper Mill, Weir",Weir,55.800536,-2.2441424
United Kingdom,Q145,http://www.wikidata.org/entity/Q114128345,"Inverness, Ness Islands, Weir",Weir,57.463294,-4.2303075
United Kingdom,Q145,http://www.wikidata.org/entity/Q114128360,Loch Cragach,Weir,58.087549,-6.8822745
United Kingdom,Q145,http://www.wikidata.org/entity/Q114128243,"Millhill Mill, Weir",Weir,55.657032,-3.7075592
United Kingdom,Q145,http://www.wikidata.org/entity/Q114128244,"Selkirk, weir",Weir,55.548287,-2.8535996
United Kingdom,Q145,http://www.wikidata.org/entity/Q114128257,"Ayr, Overmills, Weir",Weir,55.459294,-4.5886189
United Kingdom,Q145,http://www.wikidata.org/entity/Q17665131,Coastal fish weir 440m north west of Pewet Island,Weir,51.7367,0.877045
United Kingdom,Q145,http://www.wikidata.org/entity/Q122221203,Gorad Friars Bach Fish Weir,Weir,53.278284,-4.0788529
United Kingdom,Q145,http://www.wikidata.org/entity/Q17813908,"Tidal Weir, Glasgow Green, Glasgow",Weir,55.852,-4.24574
United Kingdom,Q145,http://www.wikidata.org/entity/Q127607316,Fleet Pond Weir,Weir,51.292156786,-0.829290747
United Kingdom,Q145,http://www.wikidata.org/entity/Q124784347,Bonnington Linn Weir,Weir,55.646871,-3.773784
United Kingdom,Q145,http://www.wikidata.org/entity/Q114128403,"River Ewe, weir",Weir,57.762304,-5.6003738
United Kingdom,Q145,http://www.wikidata.org/entity/Q114128409,"Snade Mill, Caul",Weir,55.165111,-3.8158443
United Kingdom,Q145,http://www.wikidata.org/entity/Q122221148,Ogwen Fish Weir,Weir,53.24051,-4.0930117
United Kingdom,Q145,http://www.wikidata.org/entity/Q5093760,Chester Weir,Weir,53.1862,-2.8879
United Kingdom,Q145,http://www.wikidata.org/entity/Q122221180,Traeth Lligwy Fish Weir,Weir,53.360482,-4.2550999
United Kingdom,Q145,http://www.wikidata.org/entity/Q6773332,Marsh Lock,Weir,51.528,-0.8871
United Kingdom,Q145,http://www.wikidata.org/entity/Q122221181,Coed Mor Fish Weir,Weir,53.218797,-4.1842391
United Kingdom,Q145,http://www.wikidata.org/entity/Q114128397,"Riccarton Mill, Weir",Weir,55.603583,-4.4655469
United Kingdom,Q145,http://www.wikidata.org/entity/Q1610051,Teddington Lock,Weir,51.4315,-0.3239
United Kingdom,Q145,http://www.wikidata.org/entity/Q114128398,"River Esk, Inveresk, Weir",Weir,55.934088,-3.0602167
United Kingdom,Q145,http://www.wikidata.org/entity/Q114128421,"Union Canal, Calder Weir, Edinburgh",Weir,55.91837,-3.3004744
United Kingdom,Q145,http://www.wikidata.org/entity/Q114128410,"Southwick Mill, Weir",Weir,54.90511,-3.6756239
United Kingdom,Q145,http://www.wikidata.org/entity/Q130633163,Carmyle Weir,Weir,55.8283,-4.152
United Kingdom,Q145,http://www.wikidata.org/entity/Q17665125,"Coastal fish weirs at West Mersea, 570m south east of St Peter's Well",Weir,51.77,0.911702
United Kingdom,Q145,http://www.wikidata.org/entity/Q122221189,Newlands Fish Weir,Weir,53.295632,-4.5646786
United Kingdom,Q145,http://www.wikidata.org/entity/Q3397534,Ynys Gored Goch,Weir,53.2186,-4.18094
United Kingdom,Q145,http://www.wikidata.org/entity/Q17840635,"Cauld On River Tweed, Kelso",Weir,55.6,-2.43952
United Kingdom,Q145,http://www.wikidata.org/entity/Q114128412,"Springfield, Russell Mills, Weir",Weir,56.295154,-3.0496578
United Kingdom,Q145,http://www.wikidata.org/entity/Q122221173,Aberlleiniog Fish Weir I,Weir,53.289868,-4.0672623
United Kingdom,Q145,http://www.wikidata.org/entity/Q17664178,Calver weir and water management system 200m north east of Stocking Farm,Weir,53.2714,-1.63211
United Kingdom,Q145,http://www.wikidata.org/entity/Q122221191,Trecastell Fish Weir,Weir,53.286135,-4.0699475
United Kingdom,Q145,http://www.wikidata.org/entity/Q15223749,Hertford Castle Weir,Weir,51.787037,-0.086657
United Kingdom,Q145,http://www.wikidata.org/entity/Q6471869,Lagan Weir,Weir,54.6009,-5.92
United Kingdom,Q145,http://www.wikidata.org/entity/Q114128416,"Sunlaws, Weir",Weir,55.559013,-2.4767974
United Kingdom,Q145,http://www.wikidata.org/entity/Q114128540,"Wick, Weir",Weir,58.441939,-3.0900695
United Kingdom,Q145,http://www.wikidata.org/entity/Q114128387,"Old Bridge of Urr, Watermill, Weir",Weir,54.990429,-3.9171151
United Kingdom,Q145,http://www.wikidata.org/entity/Q114128420,"The Hirsel, Caul",Weir,55.659676,-2.270141
United Kingdom,Q145,http://www.wikidata.org/entity/Q114128399,"River Ewe, weir",Weir,57.758361,-5.5967856
United Kingdom,Q145,http://www.wikidata.org/entity/Q17571809,"Weir, River Clyde, New Lanark",Weir,55.6593,-3.77994
United Kingdom,Q145,http://www.wikidata.org/entity/Q114128394,"Polton, Springfield Paper Mill, Weir",Weir,55.868413,-3.1416995
United Kingdom,Q145,http://www.wikidata.org/entity/Q114128432,"Whitehall, Weir",Weir,55.786459,-2.1977002
United Kingdom,Q145,http://www.wikidata.org/entity/Q128221714,Glenlochar Barrage,Weir,54.9597212,-3.9818474
United Kingdom,Q145,http://www.wikidata.org/entity/Q114128437,"Wick, Weir",Weir,58.442183,-3.095553
United Kingdom,Q145,http://www.wikidata.org/entity/Q122221190,Cored Gwyrfai Fish Weir,Weir,53.123033,-4.3152087
United Kingdom,Q145,http://www.wikidata.org/entity/Q6413032,Kings Weir,Weir,51.7281,-0.013116
United Kingdom,Q145,http://www.wikidata.org/entity/Q114128428,"West Cluden Mill, Weir",Weir,55.097932,-3.6627599
United Kingdom,Q145,http://www.wikidata.org/entity/Q17677459,Coastal fish weir at the northern end of The Nass,Weir,51.7623,0.896114
United Kingdom,Q145,http://www.wikidata.org/entity/Q17813611,"Weir, Pollok House, Pollok Park, Pollokshaws Road, Glasgow",Weir,55.8258,-4.3168
United Kingdom,Q145,http://www.wikidata.org/entity/Q122221727,Fish traps on Beach SW of Aberarth,Weir,52.250452,-4.2407559
United Kingdom,Q145,http://www.wikidata.org/entity/Q122221182,Gorad Ddu Fish Weir,Weir,53.221372,-4.1796065
United Kingdom,Q145,http://www.wikidata.org/entity/Q17840770,"Weir, Lochwinnoch",Weir,55.7997,-4.63606
United Kingdom,Q145,http://www.wikidata.org/entity/Q5055088,Caversham Lock and Weir,Weir,51.4607,-0.9641
United Kingdom,Q145,http://www.wikidata.org/entity/Q124779646,Stonebyres Hydoelectric Scheme weir,Weir,55.676126,-3.822159
United Kingdom,Q145,http://www.wikidata.org/entity/Q114128543,"Glasgow, Dawsholm, Weir",Weir,55.897276,-4.3056988
United Kingdom,Q145,http://www.wikidata.org/entity/Q114128404,"River Ewe, weir",Weir,57.759908,-5.5967545
United Kingdom,Q145,http://www.wikidata.org/entity/Q114128442,"Cockburn Mill, weir",Weir,55.816733,-2.3649828
United Kingdom,Q145,http://www.wikidata.org/entity/Q17547323,Clumber Cascade,Weir,53.25872,-1.06915
United Kingdom,Q145,http://www.wikidata.org/entity/Q17545164,"Belper River Weirs, Retaining Walls And Sluices To Belper River Weirs",Weir,53.0297,-1.48644
United Kingdom,Q145,http://www.wikidata.org/entity/Q114128383,"Newbank Mill, Weir",Weir,55.005143,-3.8685444
United Kingdom,Q145,http://www.wikidata.org/entity/Q17536400,"Weir At North End Of The Canal, With Piers, Fishing Pavilions And Balustrade",Weir,54.1167,-1.57277
United Kingdom,Q145,http://www.wikidata.org/entity/Q114128388,"Peebles, Weir",Weir,55.650718,-3.1953619
United Kingdom,Q145,http://www.wikidata.org/entity/Q114128423,"Union Canal, Ratho Weir",Weir,55.923199,-3.4166607
United Kingdom,Q145,http://www.wikidata.org/entity/Q7852590,Tumbling Weir,Weir,50.7505,-3.28474
United Kingdom,Q145,http://www.wikidata.org/entity/Q117307451,Bath Weir,Weir,51.382699,-2.35751
United Kingdom,Q145,http://www.wikidata.org/entity/Q17796179,"Weir, River Nith, Dumfries",Weir,55.0676,-3.61512
United Kingdom,Q145,http://www.wikidata.org/entity/Q15262169,Newmans Weir,Weir,51.6727,-0.0144
United Kingdom,Q145,http://www.wikidata.org/entity/Q114128426,"Walkerburn, Weir And Salmon Shute",Weir,55.622206,-3.0320734
United Kingdom,Q145,http://www.wikidata.org/entity/Q114128434,"Whittleinch, Cauld",Weir,55.509736,-2.5617514
United Kingdom,Q145,http://www.wikidata.org/entity/Q5906032,Horseshoe Falls,Weir,52.981316,-3.2004358
United Kingdom,Q145,http://www.wikidata.org/entity/Q114128414,"Stanley, Weir",Weir,56.476176,-3.4489685
United Kingdom,Q145,http://www.wikidata.org/entity/Q17794388,Fair A Far Dam,Weir,55.9738,-3.30895
United Kingdom,Q145,http://www.wikidata.org/entity/Q7797644,Three Mills Wall River Weir,Weir,51.529,-0.004
United Kingdom,Q145,http://www.wikidata.org/entity/Q26274770,Sawmills Bridge (And Weir),Weir,51.07759142,-1.864426438
United Kingdom,Q145,http://www.wikidata.org/entity/Q114128407,"Skeldon Mills, Weir",Weir,55.395396,-4.545666
United Kingdom,Q145,http://www.wikidata.org/entity/Q122217359,"North Weir and Smoke Tower, Ynys Gorad Goch",Weir,53.21868,-4.1812822
United Kingdom,Q145,http://www.wikidata.org/entity/Q114128384,"Newton Stewart, Weir",Weir,54.959728,-4.4822243
United Kingdom,Q145,http://www.wikidata.org/entity/Q114128418,"Tarff, Waulk Mill, Weir",Weir,54.908475,-4.6048194
United Kingdom,Q145,http://www.wikidata.org/entity/Q12059605,Hartham Weir,Weir,51.8031,-0.07235
United Kingdom,Q145,http://www.wikidata.org/entity/Q6841924,Middlesex Filter Beds Weir,Weir,51.5617,-0.0445
United Kingdom,Q145,http://www.wikidata.org/entity/Q114128424,"Walkerburn, Tweedvale Mills, Weir And Salmon Ladder",Weir,55.622216,-3.0318832
United Kingdom,Q145,http://www.wikidata.org/entity/Q5047312,Carthagena Weir,Weir,51.744,-0.0021
United Kingdom,Q145,http://www.wikidata.org/entity/Q114128405,"Roxburgh Mill, Weir",Weir,55.571537,-2.4702093
United Kingdom,Q145,http://www.wikidata.org/entity/Q5286545,Dobbs Weir,Weir,51.7559,0.004863
United Kingdom,Q145,http://www.wikidata.org/entity/Q114128392,"Poll A' Charachaidh, Weir And Fish Ladder",Weir,57.690395,-4.2562132
United Kingdom,Q145,http://www.wikidata.org/entity/Q114128440,"Inver Dalavil, weir",Weir,57.073595,-6.0022404
United Kingdom,Q145,http://www.wikidata.org/entity/Q114128390,"Philipshill Mill, Weir",Weir,55.774734,-4.2225547
United Kingdom,Q145,http://www.wikidata.org/entity/Q7969259,Ware Weir,Weir,51.811,-0.04166
United Kingdom,Q145,http://www.wikidata.org/entity/Q122221183,Aberlleiniog Fish Weir II,Weir,53.291024,-4.0628019
United Kingdom,Q145,http://www.wikidata.org/entity/Q114128430,"Whitehall, Weir",Weir,55.785446,-2.1963397
United Kingdom,Q145,http://www.wikidata.org/entity/Q114128444,"Strafontane Mill, weir",Weir,55.859874,-2.4094966
United Kingdom,Q145,http://www.wikidata.org/entity/Q114128413,"Sprouston, Cauld",Weir,55.61292,-2.3919791
United Kingdom,Q145,http://www.wikidata.org/entity/Q5441549,Feildes Weir,Weir,51.7641,0.014001
United Kingdom,Q145,http://www.wikidata.org/entity/Q5744724,Hertford Weir,Weir,51.8031,-0.0722222
United Kingdom,Q145,http://www.wikidata.org/entity/Q124372353,Whitesands Caul,Weir,55.06744,-3.61507
United Kingdom,Q145,http://www.wikidata.org/entity/Q17536558,Weir And Salmon Ladder,Weir,54.0337,-1.23831
United Kingdom,Q145,http://www.wikidata.org/entity/Q114128396,Port Na Carradh,Weir,58.115019,-6.8605404
United Kingdom,Q145,http://www.wikidata.org/entity/Q5904465,Horns Mill Weir,Weir,51.787,-0.086657
United Kingdom,Q145,http://www.wikidata.org/entity/Q114128415,"Stronuich, Weir",Weir,56.547319,-4.422155
United Kingdom,Q145,http://www.wikidata.org/entity/Q17574743,"Weir, Deanston Mills, Deanston",Weir,56.1989,-4.0919
Czech Republic,Q213,http://www.wikidata.org/entity/Q123547848,Q123547848,Weir,50.550605104,15.033397734
Czech Republic,Q213,http://www.wikidata.org/entity/Q123547866,Q123547866,Weir,50.61702,15.30843
Czech Republic,Q213,http://www.wikidata.org/entity/Q123547869,Q123547869,Weir,50.595364983,15.344862869
Czech Republic,Q213,http://www.wikidata.org/entity/Q123547932,Q123547932,Weir,50.627706315,15.516657553
Czech Republic,Q213,http://www.wikidata.org/entity/Q123547828,Q123547828,Weir,50.397790107,14.876169371
Czech Republic,Q213,http://www.wikidata.org/entity/Q123547894,Q123547894,Weir,50.733833481,15.41948004
Czech Republic,Q213,http://www.wikidata.org/entity/Q123547909,Q123547909,Weir,50.259843278,15.679414854
Czech Republic,Q213,http://www.wikidata.org/entity/Q123547765,Q123547765,Weir,50.293285094,15.481229764
Czech Republic,Q213,http://www.wikidata.org/entity/Q123547851,Q123547851,Weir,50.571008929,15.058485297
Czech Republic,Q213,http://www.wikidata.org/entity/Q123547762,Q123547762,Weir,50.120690452,15.4288883
Czech Republic,Q213,http://www.wikidata.org/entity/Q123547862,Q123547862,Weir,50.650738347,15.220769421
Czech Republic,Q213,http://www.wikidata.org/entity/Q123547861,Q123547861,Weir,50.640343248,15.192263688
Czech Republic,Q213,http://www.wikidata.org/entity/Q123547847,Q123547847,Weir,50.557721893,15.01390064
Czech Republic,Q213,http://www.wikidata.org/entity/Q123547916,Q123547916,Weir,50.35432965,15.669585584
Czech Republic,Q213,http://www.wikidata.org/entity/Q123547944,Q123547944,Weir,50.659635056,15.324870397
Czech Republic,Q213,http://www.wikidata.org/entity/Q123547956,Q123547956,Weir,50.733719847,15.310458378
Czech Republic,Q213,http://www.wikidata.org/entity/Q123547781,Q123547781,Weir,50.449287494,15.355149974
Czech Republic,Q213,http://www.wikidata.org/entity/Q123547865,Q123547865,Weir,50.640984615,15.253975494
Czech Republic,Q213,http://www.wikidata.org/entity/Q123547910,Q123547910,Weir,50.288785805,15.693151018
Czech Republic,Q213,http://www.wikidata.org/entity/Q123547748,Q123547748,Weir,50.373930135,15.987040889
Czech Republic,Q213,http://www.wikidata.org/entity/Q123547753,Q123547753,Weir,50.134318034,15.256298386
Czech Republic,Q213,http://www.wikidata.org/entity/Q123547772,Q123547772,Weir,50.163219357,15.476343248
Czech Republic,Q213,http://www.wikidata.org/entity/Q123547760,Q123547760,Weir,50.135983488,15.397745334
Czech Republic,Q213,http://www.wikidata.org/entity/Q123547958,Q123547958,Weir,50.736403222,15.303786863
Czech Republic,Q213,http://www.wikidata.org/entity/Q123547889,Q123547889,Weir,50.699364078,15.432131657
Czech Republic,Q213,http://www.wikidata.org/entity/Q123547784,Q123547784,Weir,50.32485618,15.494885141
Czech Republic,Q213,http://www.wikidata.org/entity/Q123547928,Q123547928,Weir,50.631740754,15.472174115
Czech Republic,Q213,http://www.wikidata.org/entity/Q123547769,Q123547769,Weir,50.320676583,15.428589772
Czech Republic,Q213,http://www.wikidata.org/entity/Q123547808,Q123547808,Weir,50.482566367,15.601617261
Czech Republic,Q213,http://www.wikidata.org/entity/Q123547946,Q123547946,Weir,50.665277818,15.327025213
Czech Republic,Q213,http://www.wikidata.org/entity/Q123547819,Q123547819,Weir,50.202107144,14.751865067
Czech Republic,Q213,http://www.wikidata.org/entity/Q123547853,Q123547853,Weir,50.585720043,15.148744076
Czech Republic,Q213,http://www.wikidata.org/entity/Q123547904,Q123547904,Weir,50.216938154,15.632166889
Czech Republic,Q213,http://www.wikidata.org/entity/Q123547742,Q123547742,Weir,50.085158454,16.625406373
Czech Republic,Q213,http://www.wikidata.org/entity/Q123547919,Q123547919,Weir,50.360282117,15.664639975
Czech Republic,Q213,http://www.wikidata.org/entity/Q123547807,Q123547807,Weir,50.474414372,15.584034005
Czech Republic,Q213,http://www.wikidata.org/entity/Q123547931,Q123547931,Weir,50.626890957,15.49564053
Czech Republic,Q213,http://www.wikidata.org/entity/Q123547831,Q123547831,Weir,50.404556254,14.88792643
Czech Republic,Q213,http://www.wikidata.org/entity/Q123547770,Q123547770,Weir,50.263885862,15.511313313
Czech Republic,Q213,http://www.wikidata.org/entity/Q123547874,Q123547874,Weir,50.606161383,15.390813298
Czech Republic,Q213,http://www.wikidata.org/entity/Q123547786,Q123547786,Weir,50.344088557,15.497672869
Czech Republic,Q213,http://www.wikidata.org/entity/Q123547881,Q123547881,Weir,50.63387942,15.463261103
Czech Republic,Q213,http://www.wikidata.org/entity/Q123547820,Q123547820,Weir,50.269666495,14.775521796
Czech Republic,Q213,http://www.wikidata.org/entity/Q123547805,Q123547805,Weir,50.449403642,15.579076614
Czech Republic,Q213,http://www.wikidata.org/entity/Q123547908,Q123547908,Weir,50.245391358,15.662857673
Czech Republic,Q213,http://www.wikidata.org/entity/Q123547870,Q123547870,Weir,50.595252158,15.36216826
Czech Republic,Q213,http://www.wikidata.org/entity/Q123547738,Q123547738,Weir,50.048354231,16.608035093
Czech Republic,Q213,http://www.wikidata.org/entity/Q123547951,Q123547951,Weir,50.730016211,15.314310166
Czech Republic,Q213,http://www.wikidata.org/entity/Q123547877,Q123547877,Weir,50.608329157,15.393256003
Czech Republic,Q213,http://www.wikidata.org/entity/Q123547885,Q123547885,Weir,50.667003802,15.453766705
Czech Republic,Q213,http://www.wikidata.org/entity/Q123547913,Q123547913,Weir,50.342463367,15.681011326
Czech Republic,Q213,http://www.wikidata.org/entity/Q123547804,Q123547804,Weir,50.407713401,15.568301687
Czech Republic,Q213,http://www.wikidata.org/entity/Q123547886,Q123547886,Weir,50.679757738,15.451525015
Czech Republic,Q213,http://www.wikidata.org/entity/Q123547938,Q123547938,Weir,50.634951183,15.518198357
Czech Republic,Q213,http://www.wikidata.org/entity/Q123547845,Q123547845,Weir,50.539358614,14.964226427
Czech Republic,Q213,http://www.wikidata.org/entity/Q123547826,Q123547826,Weir,50.324856885,14.856829518
Czech Republic,Q213,http://www.wikidata.org/entity/Q123547858,Q123547858,Weir,50.601262774,15.171767258
Czech Republic,Q213,http://www.wikidata.org/entity/Q123547814,Q123547814,Weir,50.295389049,15.623091728
Czech Republic,Q213,http://www.wikidata.org/entity/Q123547792,Q123547792,Weir,50.373779416,15.555207377
Czech Republic,Q213,http://www.wikidata.org/entity/Q123547764,Q123547764,Weir,50.139530942,15.455644023
Czech Republic,Q213,http://www.wikidata.org/entity/Q123547900,Q123547900,Weir,50.17722425,15.539127956
Czech Republic,Q213,http://www.wikidata.org/entity/Q123547745,Q123547745,Weir,50.099712284,16.479968031
Czech Republic,Q213,http://www.wikidata.org/entity/Q123547961,Q123547961,Weir,50.734581459,15.295144121
Czech Republic,Q213,http://www.wikidata.org/entity/Q123547922,Q123547922,Weir,50.373077785,15.654011866
Czech Republic,Q213,http://www.wikidata.org/entity/Q123547927,Q123547927,Weir,50.406075873,15.682187585
Czech Republic,Q213,http://www.wikidata.org/entity/Q123547758,Q123547758,Weir,50.141195894,15.36527958
Czech Republic,Q213,http://www.wikidata.org/entity/Q123547924,Q123547924,Weir,50.40331674,15.684415659
Czech Republic,Q213,http://www.wikidata.org/entity/Q123547823,Q123547823,Weir,50.309984643,14.846388829
Czech Republic,Q213,http://www.wikidata.org/entity/Q123547810,Q123547810,Weir,50.466440151,15.572771606
Czech Republic,Q213,http://www.wikidata.org/entity/Q123547947,Q123547947,Weir,50.699495943,15.322315166
Czech Republic,Q213,http://www.wikidata.org/entity/Q123547832,Q123547832,Weir,50.43003291,14.896460897
Czech Republic,Q213,http://www.wikidata.org/entity/Q123547890,Q123547890,Weir,50.703225602,15.425036408
Czech Republic,Q213,http://www.wikidata.org/entity/Q123547822,Q123547822,Weir,50.291210834,14.829174308
Czech Republic,Q213,http://www.wikidata.org/entity/Q123547942,Q123547942,Weir,50.652303332,15.329841679
Czech Republic,Q213,http://www.wikidata.org/entity/Q123547884,Q123547884,Weir,50.654597476,15.448242326
Czech Republic,Q213,http://www.wikidata.org/entity/Q123547839,Q123547839,Weir,50.457474947,14.896264264
Czech Republic,Q213,http://www.wikidata.org/entity/Q123547871,Q123547871,Weir,50.595879832,15.381223989
Czech Republic,Q213,http://www.wikidata.org/entity/Q123547799,Q123547799,Weir,50.39254677,15.552437858
Czech Republic,Q213,http://www.wikidata.org/entity/Q123547744,Q123547744,Weir,50.096414342,16.629257631
Czech Republic,Q213,http://www.wikidata.org/entity/Q123547788,Q123547788,Weir,50.365812752,15.513372243
Czech Republic,Q213,http://www.wikidata.org/entity/Q123547802,Q123547802,Weir,50.398928206,15.541295751
Czech Republic,Q213,http://www.wikidata.org/entity/Q123547797,Q123547797,Weir,50.376583531,15.562305701
Czech Republic,Q213,http://www.wikidata.org/entity/Q123547779,Q123547779,Weir,50.37882911,15.39674175
Czech Republic,Q213,http://www.wikidata.org/entity/Q123547941,Q123547941,Weir,50.65190902,15.513734913
Czech Republic,Q213,http://www.wikidata.org/entity/Q123547777,Q123547777,Weir,50.346528542,15.425215695
Czech Republic,Q213,http://www.wikidata.org/entity/Q123547950,Q123547950,Weir,50.702880012,15.321937396
Czech Republic,Q213,http://www.wikidata.org/entity/Q123547923,Q123547923,Weir,50.37829993,15.660254159
Czech Republic,Q213,http://www.wikidata.org/entity/Q123547852,Q123547852,Weir,50.581700702,15.113435663
Czech Republic,Q213,http://www.wikidata.org/entity/Q123547750,Q123547750,Weir,50.126762197,15.189690253
Czech Republic,Q213,http://www.wikidata.org/entity/Q123547905,Q123547905,Weir,50.243688731,15.651686384
Czech Republic,Q213,http://www.wikidata.org/entity/Q123547891,Q123547891,Weir,50.728555342,15.414301728
Czech Republic,Q213,http://www.wikidata.org/entity/Q123547842,Q123547842,Weir,50.484389047,14.928633404
Czech Republic,Q213,http://www.wikidata.org/entity/Q123547936,Q123547936,Weir,50.631605347,15.519418025
Czech Republic,Q213,http://www.wikidata.org/entity/Q123547903,Q123547903,Weir,50.179689429,15.625904998
Czech Republic,Q213,http://www.wikidata.org/entity/Q123547783,Q123547783,Weir,50.486832208,15.344094079
Czech Republic,Q213,http://www.wikidata.org/entity/Q123547843,Q123547843,Weir,50.511262359,14.962894992
Czech Republic,Q213,http://www.wikidata.org/entity/Q123547827,Q123547827,Weir,50.373209721,14.869319747
Czech Republic,Q213,http://www.wikidata.org/entity/Q123547897,Q123547897,Weir,50.767838106,15.383432327
Czech Republic,Q213,http://www.wikidata.org/entity/Q123547790,Q123547790,Weir,50.372836803,15.532427578
Czech Republic,Q213,http://www.wikidata.org/entity/Q123547767,Q123547767,Weir,50.306667757,15.465300026
Czech Republic,Q213,http://www.wikidata.org/entity/Q123548163,Q123548163,Weir,49.930001977,15.478694487
Czech Republic,Q213,http://www.wikidata.org/entity/Q123548213,Q123548213,Weir,50.377549475,15.927047019
Czech Republic,Q213,http://www.wikidata.org/entity/Q123548070,Q123548070,Weir,50.225521345,14.937827202
Czech Republic,Q213,http://www.wikidata.org/entity/Q123548205,Q123548205,Weir,49.944304443,15.336783671
Czech Republic,Q213,http://www.wikidata.org/entity/Q123548212,Q123548212,Weir,49.886569109,15.339740665
Czech Republic,Q213,http://www.wikidata.org/entity/Q123548048,Q123548048,Weir,50.533107907,14.940965795
Czech Republic,Q213,http://www.wikidata.org/entity/Q123548185,Q123548185,Weir,49.808523162,15.609295843
Czech Republic,Q213,http://www.wikidata.org/entity/Q123548195,Q123548195,Weir,49.915900803,15.381660947
Czech Republic,Q213,http://www.wikidata.org/entity/Q123548111,Q123548111,Weir,50.872750845,15.223261057
Czech Republic,Q213,http://www.wikidata.org/entity/Q123548101,Q123548101,Weir,50.874958371,15.194857923
Czech Republic,Q213,http://www.wikidata.org/entity/Q123548066,Q123548066,Weir,50.187716417,14.957627386
Czech Republic,Q213,http://www.wikidata.org/entity/Q123548124,Q123548124,Weir,50.413436593,16.071419004
Czech Republic,Q213,http://www.wikidata.org/entity/Q123548096,Q123548096,Weir,50.882717146,15.169256721
Czech Republic,Q213,http://www.wikidata.org/entity/Q123548025,Q123548025,Weir,50.517263211,15.487240644
Czech Republic,Q213,http://www.wikidata.org/entity/Q123548074,Q123548074,Weir,50.954793619,15.030929825
Czech Republic,Q213,http://www.wikidata.org/entity/Q123548088,Q123548088,Weir,50.922274097,15.072020452
Czech Republic,Q213,http://www.wikidata.org/entity/Q123548061,Q123548061,Weir,50.173850415,14.932948547
Czech Republic,Q213,http://www.wikidata.org/entity/Q123548004,Q123548004,Weir,50.748280594,15.31420313
Czech Republic,Q213,http://www.wikidata.org/entity/Q123548209,Q123548209,Weir,49.927409798,15.350105542
Czech Republic,Q213,http://www.wikidata.org/entity/Q123548171,Q123548171,Weir,49.887653002,15.496597988
Czech Republic,Q213,http://www.wikidata.org/entity/Q123548106,Q123548106,Weir,50.876101957,15.210973766
Czech Republic,Q213,http://www.wikidata.org/entity/Q123548032,Q123548032,Weir,50.610507905,14.981809813
Czech Republic,Q213,http://www.wikidata.org/entity/Q123548008,Q123548008,Weir,50.752238907,15.315102763
Czech Republic,Q213,http://www.wikidata.org/entity/Q123548029,Q123548029,Weir,50.587659523,14.962457074
Czech Republic,Q213,http://www.wikidata.org/entity/Q123547963,Q123547963,Weir,50.736956277,15.283323305
Czech Republic,Q213,http://www.wikidata.org/entity/Q123548138,Q123548138,Weir,50.797573149,15.089082389
Czech Republic,Q213,http://www.wikidata.org/entity/Q123547965,Q123547965,Weir,50.737133957,15.278090441
Czech Republic,Q213,http://www.wikidata.org/entity/Q123548129,Q123548129,Weir,50.795444047,15.064936921
Czech Republic,Q213,http://www.wikidata.org/entity/Q123547990,Q123547990,Weir,50.768244653,15.319186396
Czech Republic,Q213,http://www.wikidata.org/entity/Q123548054,Q123548054,Weir,50.82749817,14.870527963
Czech Republic,Q213,http://www.wikidata.org/entity/Q123548010,Q123548010,Weir,50.519974121,15.24324491
Czech Republic,Q213,http://www.wikidata.org/entity/Q123548179,Q123548179,Weir,49.831391303,15.565830691
Czech Republic,Q213,http://www.wikidata.org/entity/Q123548038,Q123548038,Weir,50.67157974,15.094698073
Czech Republic,Q213,http://www.wikidata.org/entity/Q123548055,Q123548055,Weir,50.821325568,14.883719598
Czech Republic,Q213,http://www.wikidata.org/entity/Q123548099,Q123548099,Weir,50.876633303,15.186742344
Czech Republic,Q213,http://www.wikidata.org/entity/Q123547999,Q123547999,Weir,50.74395197,15.310289476
Czech Republic,Q213,http://www.wikidata.org/entity/Q123548092,Q123548092,Weir,50.890215336,15.148277346
Czech Republic,Q213,http://www.wikidata.org/entity/Q123548191,Q123548191,Weir,49.802664886,15.533149614
Czech Republic,Q213,http://www.wikidata.org/entity/Q123547972,Q123547972,Weir,50.770342964,15.253009119
Czech Republic,Q213,http://www.wikidata.org/entity/Q123548050,Q123548050,Weir,50.627090232,14.907408269
Czech Republic,Q213,http://www.wikidata.org/entity/Q123548051,Q123548051,Weir,50.487174014,14.925258555
Czech Republic,Q213,http://www.wikidata.org/entity/Q123548141,Q123548141,Weir,50.797963727,15.090678436
Czech Republic,Q213,http://www.wikidata.org/entity/Q123548116,Q123548116,Weir,50.871983194,15.228711968
Czech Republic,Q213,http://www.wikidata.org/entity/Q123548043,Q123548043,Weir,50.648503039,15.255663826
Czech Republic,Q213,http://www.wikidata.org/entity/Q123548173,Q123548173,Weir,49.883863678,15.528221282
Czech Republic,Q213,http://www.wikidata.org/entity/Q123548062,Q123548062,Weir,50.182339993,14.944528797
Czech Republic,Q213,http://www.wikidata.org/entity/Q123548147,Q123548147,Weir,50.79731243,15.101561091
Czech Republic,Q213,http://www.wikidata.org/entity/Q123548130,Q123548130,Weir,50.797228331,15.080483433
Czech Republic,Q213,http://www.wikidata.org/entity/Q123548027,Q123548027,Weir,50.579104216,14.961713334
Czech Republic,Q213,http://www.wikidata.org/entity/Q123547980,Q123547980,Weir,50.779719874,15.238427864
Czech Republic,Q213,http://www.wikidata.org/entity/Q123548154,Q123548154,Weir,50.006841305,15.365407129
Czech Republic,Q213,http://www.wikidata.org/entity/Q123548068,Q123548068,Weir,50.200838668,14.95780671
Czech Republic,Q213,http://www.wikidata.org/entity/Q123548202,Q123548202,Weir,49.969790261,15.321177874
Czech Republic,Q213,http://www.wikidata.org/entity/Q123548041,Q123548041,Weir,50.646160215,15.256404237
Czech Republic,Q213,http://www.wikidata.org/entity/Q123548104,Q123548104,Weir,50.875565215,15.210104622
Czech Republic,Q213,http://www.wikidata.org/entity/Q123548177,Q123548177,Weir,49.834730262,15.566416431
Czech Republic,Q213,http://www.wikidata.org/entity/Q123548166,Q123548166,Weir,49.900052688,15.477023158
Czech Republic,Q213,http://www.wikidata.org/entity/Q123547970,Q123547970,Weir,50.766476997,15.263334049
Czech Republic,Q213,http://www.wikidata.org/entity/Q123548072,Q123548072,Weir,50.31644873,14.941246693
Czech Republic,Q213,http://www.wikidata.org/entity/Q123548119,Q123548119,Weir,50.3735982,14.857004818
Czech Republic,Q213,http://www.wikidata.org/entity/Q123547988,Q123547988,Weir,50.764817304,15.319539835
Czech Republic,Q213,http://www.wikidata.org/entity/Q123547966,Q123547966,Weir,50.747209651,15.265898718
Czech Republic,Q213,http://www.wikidata.org/entity/Q123547978,Q123547978,Weir,50.776508221,15.241342605
Czech Republic,Q213,http://www.wikidata.org/entity/Q123548156,Q123548156,Weir,50.001519337,15.38163604
Czech Republic,Q213,http://www.wikidata.org/entity/Q123548122,Q123548122,Weir,50.397835368,14.8127484
Czech Republic,Q213,http://www.wikidata.org/entity/Q123547985,Q123547985,Weir,50.762814264,15.318943299
Czech Republic,Q213,http://www.wikidata.org/entity/Q123547975,Q123547975,Weir,50.771665201,15.250895124
Czech Republic,Q213,http://www.wikidata.org/entity/Q123547968,Q123547968,Weir,50.760577526,15.268224257
Czech Republic,Q213,http://www.wikidata.org/entity/Q123548200,Q123548200,Weir,49.831307845,15.441699718
Czech Republic,Q213,http://www.wikidata.org/entity/Q123548149,Q123548149,Weir,50.795233423,15.113758395
Czech Republic,Q213,http://www.wikidata.org/entity/Q123548132,Q123548132,Weir,50.796624916,15.083014166
Czech Republic,Q213,http://www.wikidata.org/entity/Q123548197,Q123548197,Weir,49.865947329,15.408178243
Czech Republic,Q213,http://www.wikidata.org/entity/Q123548013,Q123548013,Weir,50.593593809,15.3306721
Czech Republic,Q213,http://www.wikidata.org/entity/Q123548152,Q123548152,Weir,50.814717069,15.135199361
Czech Republic,Q213,http://www.wikidata.org/entity/Q123548126,Q123548126,Weir,50.409464936,14.79519263
Czech Republic,Q213,http://www.wikidata.org/entity/Q123548189,Q123548189,Weir,49.719071876,15.70201434
Czech Republic,Q213,http://www.wikidata.org/entity/Q123548174,Q123548174,Weir,49.8729548,15.536856984
Czech Republic,Q213,http://www.wikidata.org/entity/Q123548020,Q123548020,Weir,50.54334243,15.428539277
Czech Republic,Q213,http://www.wikidata.org/entity/Q123548023,Q123548023,Weir,50.538997754,15.441487468
Czech Republic,Q213,http://www.wikidata.org/entity/Q123548006,Q123548006,Weir,50.749781827,15.315059047
Czech Republic,Q213,http://www.wikidata.org/entity/Q123548079,Q123548079,Weir,50.929888786,15.043934385
Czech Republic,Q213,http://www.wikidata.org/entity/Q123548094,Q123548094,Weir,50.889400452,15.152791264
Czech Republic,Q213,http://www.wikidata.org/entity/Q123548002,Q123548002,Weir,50.74642876,15.312579475
Czech Republic,Q213,http://www.wikidata.org/entity/Q123548160,Q123548160,Weir,49.954861777,15.450194152
Czech Republic,Q213,http://www.wikidata.org/entity/Q123548084,Q123548084,Weir,50.921734174,15.063180183
Czech Republic,Q213,http://www.wikidata.org/entity/Q123548057,Q123548057,Weir,50.787191825,14.972342103
Czech Republic,Q213,http://www.wikidata.org/entity/Q123548046,Q123548046,Weir,50.523601334,14.945488051
Czech Republic,Q213,http://www.wikidata.org/entity/Q123548143,Q123548143,Weir,50.798334385,15.093363727
Czech Republic,Q213,http://www.wikidata.org/entity/Q123548201,Q123548201,Weir,49.998553011,15.292404239
Czech Republic,Q213,http://www.wikidata.org/entity/Q123548168,Q123548168,Weir,49.886839001,15.485119825
Czech Republic,Q213,http://www.wikidata.org/entity/Q123547993,Q123547993,Weir,50.77190292,15.320577295
Czech Republic,Q213,http://www.wikidata.org/entity/Q123548136,Q123548136,Weir,50.291895665,14.582764872
Czech Republic,Q213,http://www.wikidata.org/entity/Q123547984,Q123547984,Weir,50.760008873,15.315650903
Czech Republic,Q213,http://www.wikidata.org/entity/Q123548182,Q123548182,Weir,49.811817653,15.598943581
Czech Republic,Q213,http://www.wikidata.org/entity/Q123547982,Q123547982,Weir,50.781703709,15.229582986
Czech Republic,Q213,http://www.wikidata.org/entity/Q123548034,Q123548034,Weir,50.626205418,14.9907726
Czech Republic,Q213,http://www.wikidata.org/entity/Q123548077,Q123548077,Weir,50.934675194,15.036768088
Czech Republic,Q213,http://www.wikidata.org/entity/Q123548036,Q123548036,Weir,50.627135899,15.03505496
Czech Republic,Q213,http://www.wikidata.org/entity/Q123548015,Q123548015,Weir,50.575102073,15.385018368
Czech Republic,Q213,http://www.wikidata.org/entity/Q123548017,Q123548017,Weir,50.563103089,15.414879972
Czech Republic,Q213,http://www.wikidata.org/entity/Q123546012,Q123546012,Weir,49.536039032,13.017406179
Czech Republic,Q213,http://www.wikidata.org/entity/Q123545961,Q123545961,Weir,49.528609162,12.945263884
Czech Republic,Q213,http://www.wikidata.org/entity/Q123545990,Q123545990,Weir,49.219717638,14.217544906
Czech Republic,Q213,http://www.wikidata.org/entity/Q123545987,Q123545987,Weir,49.751629291,13.383707453
Czech Republic,Q213,http://www.wikidata.org/entity/Q117822920,Stolbergův jez,Weir,49.7200197,18.3131764
Czech Republic,Q213,http://www.wikidata.org/entity/Q122247715,Q122247715,Weir,49.2162092,15.8762719
Czech Republic,Q213,http://www.wikidata.org/entity/Q115677757,Jez Těšov,Weir,49.0262953,17.6650808
Czech Republic,Q213,http://www.wikidata.org/entity/Q123546002,Q123546002,Weir,49.633357071,13.119299033
Czech Republic,Q213,http://www.wikidata.org/entity/Q123546050,Q123546050,Weir,49.749775711,12.997873882
Czech Republic,Q213,http://www.wikidata.org/entity/Q123546006,Q123546006,Weir,49.586175648,13.09344678
Czech Republic,Q213,http://www.wikidata.org/entity/Q123545967,Q123545967,Weir,49.563416636,12.830673954
Czech Republic,Q213,http://www.wikidata.org/entity/Q120175406,Q120175406,Weir,50.2499894,13.3662544
Czech Republic,Q213,http://www.wikidata.org/entity/Q123545992,Q123545992,Weir,49.545170775,12.856853943
Czech Republic,Q213,http://www.wikidata.org/entity/Q123546021,Q123546021,Weir,49.502952862,13.013976269
Czech Republic,Q213,http://www.wikidata.org/entity/Q114347725,Weisshuhn Weir,Weir,49.8313233,17.8317319
Czech Republic,Q213,http://www.wikidata.org/entity/Q123546024,Q123546024,Weir,49.721330745,13.635925705
Czech Republic,Q213,http://www.wikidata.org/entity/Q115858359,Q115858359,Weir,50.6040519,15.6205658
Czech Republic,Q213,http://www.wikidata.org/entity/Q123546023,Q123546023,Weir,49.726064979,13.702442773
Czech Republic,Q213,http://www.wikidata.org/entity/Q123545956,Q123545956,Weir,49.535667483,12.869676391
Czech Republic,Q213,http://www.wikidata.org/entity/Q116961934,Q116961934,Weir,49.2916575,13.1407519
Czech Republic,Q213,http://www.wikidata.org/entity/Q123546051,Q123546051,Weir,49.758878871,13.016832738
Czech Republic,Q213,http://www.wikidata.org/entity/Q123546044,Q123546044,Weir,49.421651989,13.935388269
Czech Republic,Q213,http://www.wikidata.org/entity/Q123546007,Q123546007,Weir,49.608017489,13.099763303
Czech Republic,Q213,http://www.wikidata.org/entity/Q122249330,Q122249330,Weir,49.2155269,15.8539139
Czech Republic,Q213,http://www.wikidata.org/entity/Q123546033,Q123546033,Weir,49.722586552,13.000372064
Czech Republic,Q213,http://www.wikidata.org/entity/Q116760109,Q116760109,Weir,49.1602094,14.1606497
Czech Republic,Q213,http://www.wikidata.org/entity/Q123545966,Q123545966,Weir,49.544888667,12.85677497
Czech Republic,Q213,http://www.wikidata.org/entity/Q121363080,Q121363080,Weir,49.8870431,16.2633378
Czech Republic,Q213,http://www.wikidata.org/entity/Q123139595,Q123139595,Weir,48.7569742,16.8699922
Czech Republic,Q213,http://www.wikidata.org/entity/Q116247832,Q116247832,Weir,49.3524264,16.6489928
Czech Republic,Q213,http://www.wikidata.org/entity/Q116201458,Q116201458,Weir,48.8111225,15.9783503
Czech Republic,Q213,http://www.wikidata.org/entity/Q122389943,Q122389943,Weir,49.3086325,16.6426656
Czech Republic,Q213,http://www.wikidata.org/entity/Q114451884,Q114451884,Weir,50.3985692,15.6882581
Czech Republic,Q213,http://www.wikidata.org/entity/Q123151861,Q123151861,Weir,48.9313233,17.3226861
Czech Republic,Q213,http://www.wikidata.org/entity/Q123546064,Q123546064,Weir,49.432816878,13.966480426
Czech Republic,Q213,http://www.wikidata.org/entity/Q122426702,Jez U Autokempu,Weir,49.5986964,18.3632992
Czech Republic,Q213,http://www.wikidata.org/entity/Q123545993,Q123545993,Weir,49.634005466,13.133780328
Czech Republic,Q213,http://www.wikidata.org/entity/Q120617329,Q120617329,Weir,50.9133925,15.0822997
Czech Republic,Q213,http://www.wikidata.org/entity/Q121840795,Q121840795,Weir,49.6034322,15.5834889
Czech Republic,Q213,http://www.wikidata.org/entity/Q117405888,weir on the Malše at Malče,Weir,48.7852758,14.5167194
Czech Republic,Q213,http://www.wikidata.org/entity/Q120617445,Q120617445,Weir,50.9203219,15.0772722
Czech Republic,Q213,http://www.wikidata.org/entity/Q123545963,Q123545963,Weir,49.548073663,13.062806395
Czech Republic,Q213,http://www.wikidata.org/entity/Q120175408,Q120175408,Weir,50.2484725,13.3641317
Czech Republic,Q213,http://www.wikidata.org/entity/Q123545975,Q123545975,Weir,49.570630641,12.798686222
Czech Republic,Q213,http://www.wikidata.org/entity/Q123546048,Q123546048,Weir,49.746212204,12.991892329
Czech Republic,Q213,http://www.wikidata.org/entity/Q121037976,Q121037976,Weir,50.4142203,16.1679025
Czech Republic,Q213,http://www.wikidata.org/entity/Q123546042,Q123546042,Weir,49.415302739,13.904522407
Czech Republic,Q213,http://www.wikidata.org/entity/Q117218375,Q117218375,Weir,49.7590131,13.3062622
Czech Republic,Q213,http://www.wikidata.org/entity/Q123545969,Q123545969,Weir,49.567484317,12.820194724
Czech Republic,Q213,http://www.wikidata.org/entity/Q123545999,Q123545999,Weir,49.638134465,13.163346241
Czech Republic,Q213,http://www.wikidata.org/entity/Q120175405,Q120175405,Weir,50.2513881,13.3687919
Czech Republic,Q213,http://www.wikidata.org/entity/Q117216394,Weir on Elbe in Vrchlabí,Weir,50.6268231,15.6132981
Czech Republic,Q213,http://www.wikidata.org/entity/Q122980284,Q122980284,Weir,49.0935019,16.6197289
Czech Republic,Q213,http://www.wikidata.org/entity/Q121087846,Q121087846,Weir,50.3363797,16.0607736
Czech Republic,Q213,http://www.wikidata.org/entity/Q123546010,Q123546010,Weir,49.549991154,13.07096124
Czech Republic,Q213,http://www.wikidata.org/entity/Q116504815,Q116504815,Weir,49.5625892,13.9541356
Czech Republic,Q213,http://www.wikidata.org/entity/Q121334923,Q121334923,Weir,50.0442183,15.775045
Czech Republic,Q213,http://www.wikidata.org/entity/Q115614992,Weir in Ostrava-Přívoz,Weir,49.8643267,18.2702903
Czech Republic,Q213,http://www.wikidata.org/entity/Q123110666,Q123110666,Weir,48.9933125,16.5181342
Czech Republic,Q213,http://www.wikidata.org/entity/Q116864671,Q116864671,Weir,48.8127094,15.9809433
Czech Republic,Q213,http://www.wikidata.org/entity/Q123546008,Q123546008,Weir,49.569694423,13.082145495
Czech Republic,Q213,http://www.wikidata.org/entity/Q122246606,Q122246606,Weir,49.2151231,15.8870342
Czech Republic,Q213,http://www.wikidata.org/entity/Q120175409,Q120175409,Weir,50.247555,13.3528461
Czech Republic,Q213,http://www.wikidata.org/entity/Q116304444,Weir with footbridge in Nymburk,Weir,50.1849275,15.0489528
Czech Republic,Q213,http://www.wikidata.org/entity/Q115908092,Q115908092,Weir,50.1223047,16.2953417
Czech Republic,Q213,http://www.wikidata.org/entity/Q121840756,Q121840756,Weir,49.6030042,15.5932703
Czech Republic,Q213,http://www.wikidata.org/entity/Q117814726,Válcovenský jez,Weir,49.6880253,18.3326325
Czech Republic,Q213,http://www.wikidata.org/entity/Q115652508,Q115652508,Weir,49.2998117,17.47753
Czech Republic,Q213,http://www.wikidata.org/entity/Q121840777,Q121840777,Weir,49.5995575,15.6033761
Czech Republic,Q213,http://www.wikidata.org/entity/Q121840726,Q121840726,Weir,49.6043392,15.5643725
Czech Republic,Q213,http://www.wikidata.org/entity/Q123546030,Q123546030,Weir,49.187569561,14.221531012
Czech Republic,Q213,http://www.wikidata.org/entity/Q116864647,Q116864647,Weir,48.8185856,15.9720356
Czech Republic,Q213,http://www.wikidata.org/entity/Q123545958,Q123545958,Weir,49.536134654,12.976567479
Czech Republic,Q213,http://www.wikidata.org/entity/Q123545982,Q123545982,Weir,49.589679078,12.724202482
Czech Republic,Q213,http://www.wikidata.org/entity/Q117405865,Chlumský jez,Weir,48.7936839,14.5180819
Czech Republic,Q213,http://www.wikidata.org/entity/Q116279276,Miřejovický most,Weir,50.2758519,14.3126947
Czech Republic,Q213,http://www.wikidata.org/entity/Q123546060,Q123546060,Weir,49.4358609,13.967159082
Czech Republic,Q213,http://www.wikidata.org/entity/Q122196566,Q122196566,Weir,49.1058058,16.1867781
Czech Republic,Q213,http://www.wikidata.org/entity/Q123545965,Q123545965,Weir,49.013225558,14.006037668
Czech Republic,Q213,http://www.wikidata.org/entity/Q123546056,Q123546056,Weir,49.710992684,12.986549074
Czech Republic,Q213,http://www.wikidata.org/entity/Q123545984,Q123545984,Weir,49.172512687,14.215720192
Czech Republic,Q213,http://www.wikidata.org/entity/Q123545980,Q123545980,Weir,49.574431892,12.776240123
Czech Republic,Q213,http://www.wikidata.org/entity/Q123546067,Q123546067,Weir,49.693691649,12.944687219
Czech Republic,Q213,http://www.wikidata.org/entity/Q123546014,Q123546014,Weir,49.072323274,14.049291347
Czech Republic,Q213,http://www.wikidata.org/entity/Q123545959,Q123545959,Weir,49.53267059,12.957406729
Czech Republic,Q213,http://www.wikidata.org/entity/Q123546047,Q123546047,Weir,49.43505364,13.976988775
Czech Republic,Q213,http://www.wikidata.org/entity/Q123546004,Q123546004,Weir,49.082345127,14.049903675
Czech Republic,Q213,http://www.wikidata.org/entity/Q123546028,Q123546028,Weir,49.760756653,13.330720148
Czech Republic,Q213,http://www.wikidata.org/entity/Q123546054,Q123546054,Weir,49.805235944,13.507203204
Czech Republic,Q213,http://www.wikidata.org/entity/Q117320122,Weir Studénka,Weir,49.7004486,18.0662175
Czech Republic,Q213,http://www.wikidata.org/entity/Q123545986,Q123545986,Weir,49.750555107,13.365027093
Czech Republic,Q213,http://www.wikidata.org/entity/Q115103807,Q115103807,Weir,50.6566267,14.0375836
Czech Republic,Q213,http://www.wikidata.org/entity/Q123151781,Q123151781,Weir,48.9551547,17.3783272
Czech Republic,Q213,http://www.wikidata.org/entity/Q123546037,Q123546037,Weir,49.350230657,14.144648812
Czech Republic,Q213,http://www.wikidata.org/entity/Q115908184,Q115908184,Weir,50.1192233,16.2882219
Czech Republic,Q213,http://www.wikidata.org/entity/Q123546031,Q123546031,Weir,49.235614554,14.145803875
Czech Republic,Q213,http://www.wikidata.org/entity/Q123546018,Q123546018,Weir,49.542722871,13.054643851
Czech Republic,Q213,http://www.wikidata.org/entity/Q120089626,Q120089626,Weir,50.4508069,14.1623358
Czech Republic,Q213,http://www.wikidata.org/entity/Q116201459,Q116201459,Weir,48.8161786,15.9729572
Czech Republic,Q213,http://www.wikidata.org/entity/Q123546026,Q123546026,Weir,49.715995393,13.651540861
Czech Republic,Q213,http://www.wikidata.org/entity/Q123548437,Q123548437,Weir,51.013504344,15.031887765
Czech Republic,Q213,http://www.wikidata.org/entity/Q123548444,Q123548444,Weir,50.601452951,15.173710371
Czech Republic,Q213,http://www.wikidata.org/entity/Q123548261,Q123548261,Weir,49.956131431,15.941369132
Czech Republic,Q213,http://www.wikidata.org/entity/Q123548348,Q123548348,Weir,49.964763727,15.009448579
Czech Republic,Q213,http://www.wikidata.org/entity/Q123548383,Q123548383,Weir,50.33405565,15.272019627
Czech Republic,Q213,http://www.wikidata.org/entity/Q123548218,Q123548218,Weir,50.414844598,15.978816859
Czech Republic,Q213,http://www.wikidata.org/entity/Q123548292,Q123548292,Weir,49.885510227,15.948808877
Czech Republic,Q213,http://www.wikidata.org/entity/Q123548373,Q123548373,Weir,50.09976587,14.906671175
Czech Republic,Q213,http://www.wikidata.org/entity/Q123548460,Q123548460,Weir,50.789956262,15.01119679
Czech Republic,Q213,http://www.wikidata.org/entity/Q123548313,Q123548313,Weir,49.939650154,15.921893883
Czech Republic,Q213,http://www.wikidata.org/entity/Q123548286,Q123548286,Weir,50.321197254,15.428027336
Czech Republic,Q213,http://www.wikidata.org/entity/Q123548379,Q123548379,Weir,50.275777566,15.280989912
Czech Republic,Q213,http://www.wikidata.org/entity/Q123548393,Q123548393,Weir,50.374682918,15.221601611
Czech Republic,Q213,http://www.wikidata.org/entity/Q123548317,Q123548317,Weir,49.916918245,15.90304895
Czech Republic,Q213,http://www.wikidata.org/entity/Q123548424,Q123548424,Weir,50.40482582,14.888208605
Czech Republic,Q213,http://www.wikidata.org/entity/Q123548230,Q123548230,Weir,50.581546441,15.704916762
Czech Republic,Q213,http://www.wikidata.org/entity/Q123548250,Q123548250,Weir,50.640152133,15.65738409
Czech Republic,Q213,http://www.wikidata.org/entity/Q123548356,Q123548356,Weir,49.921688412,15.022522351
Czech Republic,Q213,http://www.wikidata.org/entity/Q123548414,Q123548414,Weir,50.013339849,15.035752188
Czech Republic,Q213,http://www.wikidata.org/entity/Q123548343,Q123548343,Weir,49.997337482,14.984999722
Czech Republic,Q213,http://www.wikidata.org/entity/Q123548450,Q123548450,Weir,50.622044789,16.255313753
Czech Republic,Q213,http://www.wikidata.org/entity/Q123548381,Q123548381,Weir,50.274522566,15.203393862
Czech Republic,Q213,http://www.wikidata.org/entity/Q123548235,Q123548235,Weir,50.623894263,15.712052195
Czech Republic,Q213,http://www.wikidata.org/entity/Q123548395,Q123548395,Weir,50.325758531,15.181027593
Czech Republic,Q213,http://www.wikidata.org/entity/Q123548297,Q123548297,Weir,50.259484146,15.145529279
Czech Republic,Q213,http://www.wikidata.org/entity/Q123548328,Q123548328,Weir,50.126328642,15.040525193
Czech Republic,Q213,http://www.wikidata.org/entity/Q123548303,Q123548303,Weir,50.304701513,15.173312386
Czech Republic,Q213,http://www.wikidata.org/entity/Q123548417,Q123548417,Weir,50.235091212,16.308682981
Czech Republic,Q213,http://www.wikidata.org/entity/Q123548241,Q123548241,Weir,50.612620975,15.656848273
Czech Republic,Q213,http://www.wikidata.org/entity/Q123548446,Q123548446,Weir,50.621841468,16.261563335
Czech Republic,Q213,http://www.wikidata.org/entity/Q123548299,Q123548299,Weir,50.264391621,15.140829728
Czech Republic,Q213,http://www.wikidata.org/entity/Q123548332,Q123548332,Weir,50.070602827,15.001026774
Czech Republic,Q213,http://www.wikidata.org/entity/Q123548284,Q123548284,Weir,49.882429578,16.038106457
Czech Republic,Q213,http://www.wikidata.org/entity/Q123548244,Q123548244,Weir,50.622056867,15.654845228
Czech Republic,Q213,http://www.wikidata.org/entity/Q123548295,Q123548295,Weir,50.239906647,15.14562279
Czech Republic,Q213,http://www.wikidata.org/entity/Q123548238,Q123548238,Weir,50.564851969,15.681057517
Czech Republic,Q213,http://www.wikidata.org/entity/Q123548228,Q123548228,Weir,50.57156632,15.718518045
Czech Republic,Q213,http://www.wikidata.org/entity/Q123548400,Q123548400,Weir,50.171239144,16.285129897
Czech Republic,Q213,http://www.wikidata.org/entity/Q123548291,Q123548291,Weir,49.898536793,15.955505202
Czech Republic,Q213,http://www.wikidata.org/entity/Q123548263,Q123548263,Weir,49.955568126,15.956447976
Czech Republic,Q213,http://www.wikidata.org/entity/Q123548308,Q123548308,Weir,50.333810832,15.26934305
Czech Republic,Q213,http://www.wikidata.org/entity/Q123548268,Q123548268,Weir,49.953431612,15.991364717
Czech Republic,Q213,http://www.wikidata.org/entity/Q123548272,Q123548272,Weir,49.941457992,16.0195059
Czech Republic,Q213,http://www.wikidata.org/entity/Q123548339,Q123548339,Weir,50.020533201,14.982387925
Czech Republic,Q213,http://www.wikidata.org/entity/Q123548440,Q123548440,Weir,50.961999689,15.031142922
Czech Republic,Q213,http://www.wikidata.org/entity/Q123548223,weir in Arnultovice,Weir,50.55647492,15.724120148
Czech Republic,Q213,http://www.wikidata.org/entity/Q123548411,Q123548411,Weir,50.206903435,16.246446619
Czech Republic,Q213,http://www.wikidata.org/entity/Q123548376,Q123548376,Weir,50.276739397,15.239955344
Czech Republic,Q213,http://www.wikidata.org/entity/Q123548375,Q123548375,Weir,50.069645567,14.856561177
Czech Republic,Q213,http://www.wikidata.org/entity/Q123548407,Q123548407,Weir,50.217336787,16.27733288
Czech Republic,Q213,http://www.wikidata.org/entity/Q123548456,Q123548456,Weir,50.810522324,14.955797076
Czech Republic,Q213,http://www.wikidata.org/entity/Q123548309,Q123548309,Weir,50.338982642,15.285416445
Czech Republic,Q213,http://www.wikidata.org/entity/Q123548270,Q123548270,Weir,49.952232211,15.996787712
Czech Republic,Q213,http://www.wikidata.org/entity/Q123548330,Q123548330,Weir,50.078776435,15.03278135
Czech Republic,Q213,http://www.wikidata.org/entity/Q123548369,Q123548369,Weir,50.10740427,14.919875976
Czech Republic,Q213,http://www.wikidata.org/entity/Q123548364,Q123548364,Weir,50.013384515,14.700257205
Czech Republic,Q213,http://www.wikidata.org/entity/Q123548390,Q123548390,Weir,50.384497247,15.217790203
Czech Republic,Q213,http://www.wikidata.org/entity/Q123548341,Q123548341,Weir,50.003903779,14.981029497
Czech Republic,Q213,http://www.wikidata.org/entity/Q123548225,Q123548225,Weir,50.567929471,15.729333787
Czech Republic,Q213,http://www.wikidata.org/entity/Q123548324,Q123548324,Weir,49.893867287,15.86254671
Czech Republic,Q213,http://www.wikidata.org/entity/Q123548410,Q123548410,Weir,50.208695352,16.252601031
Czech Republic,Q213,http://www.wikidata.org/entity/Q123548362,Q123548362,Weir,50.076862718,14.72397688
Czech Republic,Q213,http://www.wikidata.org/entity/Q123548345,Q123548345,Weir,49.995578623,14.988393863
Czech Republic,Q213,http://www.wikidata.org/entity/Q123548289,Q123548289,Weir,49.908112154,15.947152528
Czech Republic,Q213,http://www.wikidata.org/entity/Q123548350,Q123548350,Weir,49.959434111,14.99760272
Czech Republic,Q213,http://www.wikidata.org/entity/Q123548398,Q123548398,Weir,50.159273907,16.270841559
Czech Republic,Q213,http://www.wikidata.org/entity/Q123548314,Q123548314,Weir,49.928616177,15.921696905
Czech Republic,Q213,http://www.wikidata.org/entity/Q123548403,Q123548403,Weir,50.173784468,16.292050075
Czech Republic,Q213,http://www.wikidata.org/entity/Q123548434,Q123548434,Weir,50.608166285,16.323013775
Czech Republic,Q213,http://www.wikidata.org/entity/Q123548388,Q123548388,Weir,50.31631942,15.189751472
Czech Republic,Q213,http://www.wikidata.org/entity/Q123548294,Q123548294,Weir,50.18623166,15.049003863
Czech Republic,Q213,http://www.wikidata.org/entity/Q123548453,Q123548453,Weir,50.824610973,14.923614666
Czech Republic,Q213,http://www.wikidata.org/entity/Q123548421,Q123548421,Weir,50.564362048,16.350724855
Czech Republic,Q213,http://www.wikidata.org/entity/Q123548266,Q123548266,Weir,49.955829529,15.967936389
Czech Republic,Q213,http://www.wikidata.org/entity/Q123548246,Q123548246,Weir,50.627250622,15.657042372
Czech Republic,Q213,http://www.wikidata.org/entity/Q123548326,Q123548326,Weir,50.300903962,16.177776248
Czech Republic,Q213,http://www.wikidata.org/entity/Q123548336,Q123548336,Weir,50.032079879,14.993185551
Czech Republic,Q213,http://www.wikidata.org/entity/Q123548259,Q123548259,Weir,49.958840744,15.922681706
Czech Republic,Q213,http://www.wikidata.org/entity/Q123548352,Q123548352,Weir,49.934203458,14.99273396
Czech Republic,Q213,http://www.wikidata.org/entity/Q123548406,Q123548406,Weir,50.169067707,16.305661492
Czech Republic,Q213,http://www.wikidata.org/entity/Q123548359,Q123548359,Weir,49.915684838,15.037818027
Czech Republic,Q213,http://www.wikidata.org/entity/Q123548418,Q123548418,Weir,50.21972429,16.281683987
Czech Republic,Q213,http://www.wikidata.org/entity/Q123548319,Q123548319,Weir,49.91252802,15.892314755
Czech Republic,Q213,http://www.wikidata.org/entity/Q123548354,Q123548354,Weir,49.922209375,15.014287829
Czech Republic,Q213,http://www.wikidata.org/entity/Q123548301,Q123548301,Weir,50.289471384,15.170715311
Czech Republic,Q213,http://www.wikidata.org/entity/Q123548216,Q123548216,Weir,50.396262638,15.951670684
Czech Republic,Q213,http://www.wikidata.org/entity/Q123548334,Q123548334,Weir,50.043792099,15.021687923
Czech Republic,Q213,http://www.wikidata.org/entity/Q123548249,Q123548249,Weir,50.631729774,15.658855763
Czech Republic,Q213,http://www.wikidata.org/entity/Q123548222,Q123548222,Weir,50.42090402,15.97189116
Czech Republic,Q213,http://www.wikidata.org/entity/Q123548257,Q123548257,Weir,49.972553425,15.908276893
Czech Republic,Q213,http://www.wikidata.org/entity/Q123548430,Q123548430,Weir,50.603577556,16.329823452
Czech Republic,Q213,http://www.wikidata.org/entity/Q123548274,Q123548274,Weir,49.925634955,16.026650694
Czech Republic,Q213,http://www.wikidata.org/entity/Q123548281,Q123548281,Weir,49.899771534,16.033549997
Czech Republic,Q213,http://www.wikidata.org/entity/Q123548305,Q123548305,Weir,50.328271535,15.2605975
Czech Republic,Q213,http://www.wikidata.org/entity/Q123548278,Q123548278,Weir,49.912665701,16.026669522
Czech Republic,Q213,http://www.wikidata.org/entity/Q123548428,Q123548428,Weir,50.507867998,14.964914269
Czech Republic,Q213,http://www.wikidata.org/entity/Q123548253,Q123548253,Weir,50.644157108,15.657510835
Czech Republic,Q213,http://www.wikidata.org/entity/Q123548321,Q123548321,Weir,49.905866842,15.875445929
Czech Republic,Q213,http://www.wikidata.org/entity/Q123548366,Q123548366,Weir,49.958450553,15.083156055
Czech Republic,Q213,http://www.wikidata.org/entity/Q123548232,Q123548232,Weir,50.615111428,15.707478093
Czech Republic,Q213,http://www.wikidata.org/entity/Q123546567,Q123546567,Weir,49.812580528,14.931819682
Czech Republic,Q213,http://www.wikidata.org/entity/Q123546775,Q123546775,Weir,48.917143374,14.424795574
Czech Republic,Q213,http://www.wikidata.org/entity/Q123546585,Q123546585,Weir,49.790846746,14.971397033
Czech Republic,Q213,http://www.wikidata.org/entity/Q123546696,Q123546696,Weir,49.144035717,15.119479154
Czech Republic,Q213,http://www.wikidata.org/entity/Q123546734,Q123546734,Weir,49.367032485,14.514395225
Czech Republic,Q213,http://www.wikidata.org/entity/Q123546631,Q123546631,Weir,49.070520967,14.909413932
Czech Republic,Q213,http://www.wikidata.org/entity/Q123546651,Q123546651,Weir,49.371439402,14.687595065
Czech Republic,Q213,http://www.wikidata.org/entity/Q123546655,Q123546655,Weir,49.23443785,15.072097937
Czech Republic,Q213,http://www.wikidata.org/entity/Q123546611,Q123546611,Weir,49.069180467,14.924879553
Czech Republic,Q213,http://www.wikidata.org/entity/Q123546552,Q123546552,Weir,49.882397487,14.858221447
Czech Republic,Q213,http://www.wikidata.org/entity/Q123546657,Q123546657,Weir,49.089961171,14.853255279
Czech Republic,Q213,http://www.wikidata.org/entity/Q123546760,Q123546760,Weir,49.338500725,14.502133899
Czech Republic,Q213,http://www.wikidata.org/entity/Q123546578,Q123546578,Weir,49.709363224,14.886626676
Czech Republic,Q213,http://www.wikidata.org/entity/Q123546565,Q123546565,Weir,49.872060342,14.913629532
Czech Republic,Q213,http://www.wikidata.org/entity/Q123546594,Q123546594,Weir,49.578241457,15.254376165
Czech Republic,Q213,http://www.wikidata.org/entity/Q123546694,Q123546694,Weir,49.158783501,15.211821803
Czech Republic,Q213,http://www.wikidata.org/entity/Q123546619,Q123546619,Weir,49.070565684,14.949769292
Czech Republic,Q213,http://www.wikidata.org/entity/Q123546665,Q123546665,Weir,49.152720489,13.902388069
Czech Republic,Q213,http://www.wikidata.org/entity/Q123546686,Q123546686,Weir,49.150728075,14.999389976
Czech Republic,Q213,http://www.wikidata.org/entity/Q123546601,Q123546601,Weir,49.52811819,15.217422397
Czech Republic,Q213,http://www.wikidata.org/entity/Q123546683,Q123546683,Weir,49.101825939,14.989793304
Czech Republic,Q213,http://www.wikidata.org/entity/Q123546623,Q123546623,Weir,49.071516808,14.955841993
Czech Republic,Q213,http://www.wikidata.org/entity/Q123546702,Q123546702,Weir,49.145529959,15.069199302
Czech Republic,Q213,http://www.wikidata.org/entity/Q123546633,Q123546633,Weir,49.411415132,14.660601187
Czech Republic,Q213,http://www.wikidata.org/entity/Q123546560,Q123546560,Weir,49.849713726,14.951686766
Czech Republic,Q213,http://www.wikidata.org/entity/Q123546591,Q123546591,Weir,49.776268844,15.027464424
Czech Republic,Q213,http://www.wikidata.org/entity/Q123546675,Q123546675,Weir,49.226161226,15.1490922
Czech Republic,Q213,http://www.wikidata.org/entity/Q123546695,Q123546695,Weir,49.150618078,15.113352799
Czech Republic,Q213,http://www.wikidata.org/entity/Q123546574,Q123546574,Weir,49.708200133,14.891078895
Czech Republic,Q213,http://www.wikidata.org/entity/Q123546736,Q123546736,Weir,49.378174623,14.52875868
Czech Republic,Q213,http://www.wikidata.org/entity/Q123546669,Q123546669,Weir,49.194899524,15.075564745
Czech Republic,Q213,http://www.wikidata.org/entity/Q123546773,Q123546773,Weir,48.926278982,14.437251667
Czech Republic,Q213,http://www.wikidata.org/entity/Q123546643,Q123546643,Weir,49.262124751,14.719126904
Czech Republic,Q213,http://www.wikidata.org/entity/Q123546606,Q123546606,Weir,49.703989298,14.882893573
Czech Republic,Q213,http://www.wikidata.org/entity/Q123546654,Q123546654,Weir,49.354014056,14.700643446
Czech Republic,Q213,http://www.wikidata.org/entity/Q123546672,Q123546672,Weir,49.196333363,15.086308769
Czech Republic,Q213,http://www.wikidata.org/entity/Q123546682,Q123546682,Weir,49.182527488,15.064960482
Czech Republic,Q213,http://www.wikidata.org/entity/Q123546730,Q123546730,Weir,49.29570613,14.477845338
Czech Republic,Q213,http://www.wikidata.org/entity/Q123546666,Q123546666,Weir,49.231553473,15.158479719
Czech Republic,Q213,http://www.wikidata.org/entity/Q123546659,Q123546659,Weir,49.319751503,13.696627597
Czech Republic,Q213,http://www.wikidata.org/entity/Q123546597,Q123546597,Weir,49.559394797,15.243648653
Czech Republic,Q213,http://www.wikidata.org/entity/Q123546586,Q123546586,Weir,49.790175977,14.988657902
Czech Republic,Q213,http://www.wikidata.org/entity/Q123546713,Q123546713,Weir,49.408794738,14.669373379
Czech Republic,Q213,http://www.wikidata.org/entity/Q123546770,Q123546770,Weir,48.91411714,14.415738247
Czech Republic,Q213,http://www.wikidata.org/entity/Q123546691,Q123546691,Weir,49.155747172,15.229248353
Czech Republic,Q213,http://www.wikidata.org/entity/Q123546747,Q123546747,Weir,49.554362246,15.803348823
Czech Republic,Q213,http://www.wikidata.org/entity/Q123546689,Q123546689,Weir,49.094241457,14.984138798
Czech Republic,Q213,http://www.wikidata.org/entity/Q123546725,Q123546725,Weir,49.272642811,13.62217048
Czech Republic,Q213,http://www.wikidata.org/entity/Q123546767,Q123546767,Weir,48.896287257,14.396147167
Czech Republic,Q213,http://www.wikidata.org/entity/Q123546647,Q123546647,Weir,48.949222222,14.486694444
Czech Republic,Q213,http://www.wikidata.org/entity/Q123546646,Q123546646,Weir,49.305987925,14.715649904
Czech Republic,Q213,http://www.wikidata.org/entity/Q123546636,Q123546636,Weir,49.148006868,14.782212341
Czech Republic,Q213,http://www.wikidata.org/entity/Q123546727,Q123546727,Weir,49.313009712,13.67596064
Czech Republic,Q213,http://www.wikidata.org/entity/Q123546609,Q123546609,Weir,49.114141862,14.995752299
Czech Republic,Q213,http://www.wikidata.org/entity/Q123546743,Q123546743,Weir,49.290245119,14.469121721
Czech Republic,Q213,http://www.wikidata.org/entity/Q123546558,Q123546558,Weir,49.847562003,14.96022798
Czech Republic,Q213,http://www.wikidata.org/entity/Q123546637,Q123546637,Weir,49.075538058,14.969624294
Czech Republic,Q213,http://www.wikidata.org/entity/Q123546678,Q123546678,Weir,49.211217928,15.136921264
Czech Republic,Q213,http://www.wikidata.org/entity/Q123546699,Q123546699,Weir,49.148487206,15.039532345
Czech Republic,Q213,http://www.wikidata.org/entity/Q123546765,Q123546765,Weir,48.889475177,14.351784688
Czech Republic,Q213,http://www.wikidata.org/entity/Q123546706,Q123546706,Weir,49.177646882,13.889119803
Czech Republic,Q213,http://www.wikidata.org/entity/Q123546704,Q123546704,Weir,49.144810118,15.100565598
Czech Republic,Q213,http://www.wikidata.org/entity/Q123546755,Q123546755,Weir,49.151156687,13.511772917
Czech Republic,Q213,http://www.wikidata.org/entity/Q123546740,Q123546740,Weir,49.350086417,14.514141571
Czech Republic,Q213,http://www.wikidata.org/entity/Q123546715,Q123546715,Weir,49.15861581,15.00868499
Czech Republic,Q213,http://www.wikidata.org/entity/Q123546722,Q123546722,Weir,49.188989258,13.490326922
Czech Republic,Q213,http://www.wikidata.org/entity/Q123546600,Q123546600,Weir,49.547461906,15.218525936
Czech Republic,Q213,http://www.wikidata.org/entity/Q123546762,Q123546762,Weir,48.707641007,14.48049546
Czech Republic,Q213,http://www.wikidata.org/entity/Q123546534,Q123546534,Weir,49.499703138,15.282693584
Czech Republic,Q213,http://www.wikidata.org/entity/Q123546745,Q123546745,Weir,50.092368533,12.985062728
Czech Republic,Q213,http://www.wikidata.org/entity/Q123546544,Q123546544,Weir,49.880999396,14.911219895
Czech Republic,Q213,http://www.wikidata.org/entity/Q123546640,Q123546640,Weir,49.171893203,14.733016986
Czech Republic,Q213,http://www.wikidata.org/entity/Q123546589,Q123546589,Weir,49.759519113,15.022041945
Czech Republic,Q213,http://www.wikidata.org/entity/Q123546710,Q123546710,Weir,49.139653114,15.000087964
Czech Republic,Q213,http://www.wikidata.org/entity/Q123546627,Q123546627,Weir,49.071620258,14.891478641
Czech Republic,Q213,http://www.wikidata.org/entity/Q123546738,Q123546738,Weir,49.386296638,14.545721762
Czech Republic,Q213,http://www.wikidata.org/entity/Q123546674,Q123546674,Weir,49.212781365,15.117042717
Czech Republic,Q213,http://www.wikidata.org/entity/Q123546616,Q123546616,Weir,49.066429165,14.943652798
Czech Republic,Q213,http://www.wikidata.org/entity/Q123546709,Q123546709,Weir,49.135049564,14.996738327
Czech Republic,Q213,http://www.wikidata.org/entity/Q123546650,Q123546650,Weir,49.258802059,14.708935079
Czech Republic,Q213,http://www.wikidata.org/entity/Q123546556,Q123546556,Weir,49.843813791,14.953607023
Czech Republic,Q213,http://www.wikidata.org/entity/Q123546719,Q123546719,Weir,49.23247633,13.522469843
Czech Republic,Q213,http://www.wikidata.org/entity/Q123546732,Q123546732,Weir,49.388744074,14.677231586
Czech Republic,Q213,http://www.wikidata.org/entity/Q123546570,Q123546570,Weir,49.738963836,14.922024761
Czech Republic,Q213,http://www.wikidata.org/entity/Q123546662,Q123546662,Weir,49.199142018,15.059573673
Czech Republic,Q213,http://www.wikidata.org/entity/Q123546537,Q123546537,Weir,49.59935022,14.837224423
Czech Republic,Q213,http://www.wikidata.org/entity/Q123546718,Q123546718,Weir,49.24840737,13.548109407
Czech Republic,Q213,http://www.wikidata.org/entity/Q123546624,Q123546624,Weir,49.080642711,14.882194954
Czech Republic,Q213,http://www.wikidata.org/entity/Q123546615,Q123546615,Weir,49.068768466,14.931684132
Czech Republic,Q213,http://www.wikidata.org/entity/Q123546605,Q123546605,Weir,49.770672208,12.889526525
Czech Republic,Q213,http://www.wikidata.org/entity/Q123546759,Q123546759,Weir,49.211635253,13.502465154
Czech Republic,Q213,http://www.wikidata.org/entity/Q123546581,Q123546581,Weir,49.524384991,15.132504033
Czech Republic,Q213,http://www.wikidata.org/entity/Q123546577,Q123546577,Weir,49.510142825,15.102873219
Czech Republic,Q213,http://www.wikidata.org/entity/Q123546539,Q123546539,Weir,49.869666328,14.800088652
Czech Republic,Q213,http://www.wikidata.org/entity/Q123546582,Q123546582,Weir,49.788492243,14.955131906
Czech Republic,Q213,http://www.wikidata.org/entity/Q123546753,Q123546753,Weir,49.141378147,13.513278399
Czech Republic,Q213,http://www.wikidata.org/entity/Q123546548,Q123546548,Weir,49.877457359,14.899408031
Czech Republic,Q213,http://www.wikidata.org/entity/Q123546563,Q123546563,Weir,49.862127724,14.918391699
Czech Republic,Q213,http://www.wikidata.org/entity/Q123546750,Q123546750,Weir,49.240794322,14.378963953
Czech Republic,Q213,http://www.wikidata.org/entity/Q123546632,Q123546632,Weir,49.059639303,14.857391241
Czech Republic,Q213,http://www.wikidata.org/entity/Q123546413,Q123546413,Weir,49.819636157,14.332403707
Czech Republic,Q213,http://www.wikidata.org/entity/Q123546460,Q123546460,Weir,49.85709642,14.657761187
Czech Republic,Q213,http://www.wikidata.org/entity/Q123546443,Q123546443,Weir,49.862420231,14.502440631
Czech Republic,Q213,http://www.wikidata.org/entity/Q123546506,Q123546506,Weir,49.508176658,14.984819672
Czech Republic,Q213,http://www.wikidata.org/entity/Q123546503,Q123546503,Weir,49.500372375,15.012737033
Czech Republic,Q213,http://www.wikidata.org/entity/Q123546375,Q123546375,Weir,49.629132723,15.493022479
Czech Republic,Q213,http://www.wikidata.org/entity/Q123546412,Q123546412,Weir,49.799781513,14.306709669
Czech Republic,Q213,http://www.wikidata.org/entity/Q123546314,Q123546314,Weir,49.301245476,13.150541951
Czech Republic,Q213,http://www.wikidata.org/entity/Q123546401,Q123546401,Weir,49.467973038,14.081471224
Czech Republic,Q213,http://www.wikidata.org/entity/Q123546432,Q123546432,Weir,49.541562094,14.015165506
Czech Republic,Q213,http://www.wikidata.org/entity/Q123546340,Q123546340,Weir,49.563367834,15.777221308
Czech Republic,Q213,http://www.wikidata.org/entity/Q123546502,Q123546502,Weir,48.810109558,14.932557275
Czech Republic,Q213,http://www.wikidata.org/entity/Q123546347,Q123546347,Weir,49.567858762,15.866654456
Czech Republic,Q213,http://www.wikidata.org/entity/Q123546370,Q123546370,Weir,49.667375355,15.406140986
Czech Republic,Q213,http://www.wikidata.org/entity/Q123546452,Q123546452,Weir,49.831666621,14.593482614
Czech Republic,Q213,http://www.wikidata.org/entity/Q123546362,Q123546362,Weir,49.708066336,15.196798114
Czech Republic,Q213,http://www.wikidata.org/entity/Q123546331,Q123546331,Weir,49.568221057,15.750618733
Czech Republic,Q213,http://www.wikidata.org/entity/Q123546493,Q123546493,Weir,49.797157163,12.669893317
Czech Republic,Q213,http://www.wikidata.org/entity/Q123546462,Q123546462,Weir,49.867570426,14.721474308
Czech Republic,Q213,http://www.wikidata.org/entity/Q123546431,Q123546431,Weir,49.595092938,13.918888583
Czech Republic,Q213,http://www.wikidata.org/entity/Q123546480,Q123546480,Weir,49.554982766,13.95860001
Czech Republic,Q213,http://www.wikidata.org/entity/Q123546470,Q123546470,Weir,49.434973842,14.019836924
Czech Republic,Q213,http://www.wikidata.org/entity/Q123546517,Q123546517,Weir,49.513908897,15.277630488
Czech Republic,Q213,http://www.wikidata.org/entity/Q123546510,Q123546510,Weir,49.527828915,15.28508603
Czech Republic,Q213,http://www.wikidata.org/entity/Q123546329,Q123546329,Weir,49.595258706,15.686045023
Czech Republic,Q213,http://www.wikidata.org/entity/Q123546474,Q123546474,Weir,49.803623962,12.604853486
Czech Republic,Q213,http://www.wikidata.org/entity/Q123546336,Q123546336,Weir,49.573670887,15.733892485
Czech Republic,Q213,http://www.wikidata.org/entity/Q123546519,Q123546519,Weir,49.855673673,14.6997272
Czech Republic,Q213,http://www.wikidata.org/entity/Q123546359,Q123546359,Weir,49.568981349,13.948976788
Czech Republic,Q213,http://www.wikidata.org/entity/Q123546527,Q123546527,Weir,49.479996682,15.245902133
Czech Republic,Q213,http://www.wikidata.org/entity/Q123546366,Q123546366,Weir,49.695326283,15.275685434
Czech Republic,Q213,http://www.wikidata.org/entity/Q123546488,Q123546488,Weir,50.095227316,13.075478455
Czech Republic,Q213,http://www.wikidata.org/entity/Q123546317,Q123546317,Weir,49.313097808,13.150713314
Czech Republic,Q213,http://www.wikidata.org/entity/Q123546325,Q123546325,Weir,49.609632637,15.615152728
Czech Republic,Q213,http://www.wikidata.org/entity/Q123546444,Q123546444,Weir,49.807668688,12.699824403
Czech Republic,Q213,http://www.wikidata.org/entity/Q123546435,Q123546435,Weir,49.815047773,12.557164158
Czech Republic,Q213,http://www.wikidata.org/entity/Q123546485,Q123546485,Weir,49.818463666,12.776311244
Czech Republic,Q213,http://www.wikidata.org/entity/Q123546384,Q123546384,Weir,49.649190776,14.513931448
Czech Republic,Q213,http://www.wikidata.org/entity/Q123546469,Q123546469,Weir,49.432121158,14.044098346
Czech Republic,Q213,http://www.wikidata.org/entity/Q123546409,Q123546409,Weir,49.514532361,14.032802743
Czech Republic,Q213,http://www.wikidata.org/entity/Q123546496,Q123546496,Weir,49.873961947,14.779318864
Czech Republic,Q213,http://www.wikidata.org/entity/Q123546455,Q123546455,Weir,49.841006749,14.595641534
Czech Republic,Q213,http://www.wikidata.org/entity/Q123546404,Q123546404,Weir,49.511379082,14.049039299
Czech Republic,Q213,http://www.wikidata.org/entity/Q123546343,Q123546343,Weir,49.565796976,15.894270047
Czech Republic,Q213,http://www.wikidata.org/entity/Q123546484,Q123546484,Weir,49.789433058,13.499828671
Czech Republic,Q213,http://www.wikidata.org/entity/Q123546451,Q123546451,Weir,49.839014464,14.575740089
Czech Republic,Q213,http://www.wikidata.org/entity/Q123546388,Q123546388,Weir,49.444884256,14.110637037
Czech Republic,Q213,http://www.wikidata.org/entity/Q123546481,Q123546481,Weir,49.567175397,13.951483116
Czech Republic,Q213,http://www.wikidata.org/entity/Q123546512,Q123546512,Weir,49.530811509,15.223128819
Czech Republic,Q213,http://www.wikidata.org/entity/Q123546523,Q123546523,Weir,49.520469783,15.162937657
Czech Republic,Q213,http://www.wikidata.org/entity/Q123546310,Q123546310,Weir,49.330575993,13.16947457
Czech Republic,Q213,http://www.wikidata.org/entity/Q123546382,Q123546382,Weir,49.12891842,14.997672626
Czech Republic,Q213,http://www.wikidata.org/entity/Q123546405,Q123546405,Weir,49.848148097,14.402836731
Czech Republic,Q213,http://www.wikidata.org/entity/Q123546386,Q123546386,Weir,49.452995608,14.085003206
Czech Republic,Q213,http://www.wikidata.org/entity/Q123546398,Q123546398,Weir,49.482170958,14.078317426
Czech Republic,Q213,http://www.wikidata.org/entity/Q123546394,Q123546394,Weir,49.491397104,14.076745642
Czech Republic,Q213,http://www.wikidata.org/entity/Q123546353,Q123546353,Weir,49.561118662,15.934596819
Czech Republic,Q213,http://www.wikidata.org/entity/Q123546471,Q123546471,Weir,49.80275724,12.61821851
Czech Republic,Q213,http://www.wikidata.org/entity/Q123546312,Q123546312,Weir,49.340301666,13.192057019
Czech Republic,Q213,http://www.wikidata.org/entity/Q123546355,Q123546355,Weir,49.730855737,15.163268463
Czech Republic,Q213,http://www.wikidata.org/entity/Q123546499,Q123546499,Weir,49.594624882,13.907799041
Czech Republic,Q213,http://www.wikidata.org/entity/Q123546439,Q123546439,Weir,49.872887311,14.759698135
Czech Republic,Q213,http://www.wikidata.org/entity/Q123546390,Q123546390,Weir,49.436369865,14.130343673
Czech Republic,Q213,http://www.wikidata.org/entity/Q123546427,Q123546427,Weir,49.58622041,13.938321192
Czech Republic,Q213,http://www.wikidata.org/entity/Q123546351,Q123546351,Weir,49.275352499,14.43548791
Czech Republic,Q213,http://www.wikidata.org/entity/Q123546316,Q123546316,Weir,49.699194203,13.479785797
Czech Republic,Q213,http://www.wikidata.org/entity/Q123546338,Q123546338,Weir,49.55882624,15.797213532
Czech Republic,Q213,http://www.wikidata.org/entity/Q123546392,Q123546392,Weir,49.421549503,14.141352475
Czech Republic,Q213,http://www.wikidata.org/entity/Q123546416,Q123546416,Weir,49.523333321,14.030584519
Czech Republic,Q213,http://www.wikidata.org/entity/Q123546364,Q123546364,Weir,49.699183351,15.258674469
Czech Republic,Q213,http://www.wikidata.org/entity/Q123546420,Q123546420,Weir,49.797537193,12.622243041
Czech Republic,Q213,http://www.wikidata.org/entity/Q123546417,Q123546417,Weir,49.721112686,15.180363692
Czech Republic,Q213,http://www.wikidata.org/entity/Q123546345,Q123546345,Weir,49.567701161,15.88084426
Czech Republic,Q213,http://www.wikidata.org/entity/Q123546320,Q123546320,Weir,49.138732901,14.116442542
Czech Republic,Q213,http://www.wikidata.org/entity/Q123546466,Q123546466,Weir,49.855737205,14.512526888
Czech Republic,Q213,http://www.wikidata.org/entity/Q123546492,Q123546492,Weir,49.574751144,13.943144511
Czech Republic,Q213,http://www.wikidata.org/entity/Q123546532,Q123546532,Weir,49.561966575,15.918455072
Czech Republic,Q213,http://www.wikidata.org/entity/Q123546373,Q123546373,Weir,49.645808214,15.461210662
Czech Republic,Q213,http://www.wikidata.org/entity/Q123546323,Q123546323,Weir,50.011080057,14.625678248
Czech Republic,Q213,http://www.wikidata.org/entity/Q123546447,Q123546447,Weir,49.843947363,14.553503009
Czech Republic,Q213,http://www.wikidata.org/entity/Q123546456,Q123546456,Weir,49.852532857,14.672849249
Czech Republic,Q213,http://www.wikidata.org/entity/Q123546408,Q123546408,Weir,49.50952436,14.038299509
Czech Republic,Q213,http://www.wikidata.org/entity/Q123546327,Q123546327,Weir,49.56354044,15.908689492
Czech Republic,Q213,http://www.wikidata.org/entity/Q123546436,Q123546436,Weir,49.870440567,14.49324271
Czech Republic,Q213,http://www.wikidata.org/entity/Q123546428,Q123546428,Weir,49.593484877,13.931716871
Czech Republic,Q213,http://www.wikidata.org/entity/Q123546379,Q123546379,Weir,49.604240293,15.563559174
Czech Republic,Q213,http://www.wikidata.org/entity/Q123546397,Q123546397,Weir,49.484409977,14.075018028
Czech Republic,Q213,http://www.wikidata.org/entity/Q123546377,Q123546377,Weir,49.611350349,15.548512546
Czech Republic,Q213,http://www.wikidata.org/entity/Q123546423,Q123546423,Weir,49.582541803,13.941388085
Czech Republic,Q213,http://www.wikidata.org/entity/Q123546489,Q123546489,Weir,49.810299026,12.757709943
Czech Republic,Q213,http://www.wikidata.org/entity/Q123546448,Q123546448,Weir,49.853459253,14.549049435
Czech Republic,Q213,http://www.wikidata.org/entity/Q123546507,Q123546507,Weir,49.513530547,14.970323176
Czech Republic,Q213,http://www.wikidata.org/entity/Q123546424,Q123546424,Weir,49.794499127,12.639093347
Czech Republic,Q213,http://www.wikidata.org/entity/Q123546368,Q123546368,Weir,49.65840592,15.355746779
Czech Republic,Q213,http://www.wikidata.org/entity/Q123546333,Q123546333,Weir,49.56833538,15.744360599
Czech Republic,Q213,http://www.wikidata.org/entity/Q123546529,Q123546529,Weir,49.745079986,15.077112603
Czech Republic,Q213,http://www.wikidata.org/entity/Q123546357,Q123546357,Weir,49.604808274,15.654637144
Czech Republic,Q213,http://www.wikidata.org/entity/Q123546465,Q123546465,Weir,49.737784447,15.128675574
Czech Republic,Q213,http://www.wikidata.org/entity/Q123546349,Q123546349,Weir,49.560351397,15.854862517
Czech Republic,Q213,http://www.wikidata.org/entity/Q123546477,Q123546477,Weir,49.597533098,13.882568538
Czech Republic,Q213,http://www.wikidata.org/entity/Q123548497,Q123548497,Weir,50.5464683,15.071138805
Czech Republic,Q213,http://www.wikidata.org/entity/Q123548505,Q123548505,Weir,50.579294682,15.965434817
Czech Republic,Q213,http://www.wikidata.org/entity/Q123548665,Q123548665,Weir,50.276425817,15.504778571
Czech Republic,Q213,http://www.wikidata.org/entity/Q123548680,Q123548680,Weir,49.954684967,16.165979364
Czech Republic,Q213,http://www.wikidata.org/entity/Q123548618,Q123548618,Weir,50.135978256,16.376139012
Czech Republic,Q213,http://www.wikidata.org/entity/Q123548623,Q123548623,Weir,50.126471432,16.322255589
Czech Republic,Q213,http://www.wikidata.org/entity/Q123548513,Q123548513,Weir,50.595521689,15.990457502
Czech Republic,Q213,http://www.wikidata.org/entity/Q123548631,Q123548631,Weir,50.362803795,15.138243061
Czech Republic,Q213,http://www.wikidata.org/entity/Q123548530,Q123548530,Weir,50.261875631,16.144552283
Czech Republic,Q213,http://www.wikidata.org/entity/Q123548613,Q123548613,Weir,50.157952975,16.394426917
Czech Republic,Q213,http://www.wikidata.org/entity/Q123548605,Q123548605,Weir,49.938463116,15.661723835
Czech Republic,Q213,http://www.wikidata.org/entity/Q123548667,Q123548667,Weir,50.040642631,15.783490993
Czech Republic,Q213,http://www.wikidata.org/entity/Q123548501,Q123548501,Weir,49.99673388,16.256507269
Czech Republic,Q213,http://www.wikidata.org/entity/Q123548641,Q123548641,Weir,50.127531396,16.182655184
Czech Republic,Q213,http://www.wikidata.org/entity/Q123548490,Q123548490,Weir,50.286179366,14.573521703
Czech Republic,Q213,http://www.wikidata.org/entity/Q123548482,Q123548482,Weir,50.689009391,15.763791763
Czech Republic,Q213,http://www.wikidata.org/entity/Q123548555,Q123548555,Weir,49.851251295,16.293120227
Czech Republic,Q213,http://www.wikidata.org/entity/Q123548469,Q123548469,Weir,50.753450897,15.054629832
Czech Republic,Q213,http://www.wikidata.org/entity/Q123548473,Q123548473,Weir,50.722462093,15.144308325
Czech Republic,Q213,http://www.wikidata.org/entity/Q123548660,Q123548660,Weir,50.240489092,15.501746903
Czech Republic,Q213,http://www.wikidata.org/entity/Q123548603,Q123548603,Weir,49.870873077,16.075725329
Czech Republic,Q213,http://www.wikidata.org/entity/Q123548699,Q123548699,Weir,50.493737868,14.848256546
Czech Republic,Q213,http://www.wikidata.org/entity/Q123548591,Q123548591,Weir,49.977349413,15.892434593
Czech Republic,Q213,http://www.wikidata.org/entity/Q123548643,Q123548643,Weir,50.128566325,16.1470202
Czech Republic,Q213,http://www.wikidata.org/entity/Q123548470,Q123548470,Weir,50.750565218,15.057427139
Czech Republic,Q213,http://www.wikidata.org/entity/Q123548559,Q123548559,Weir,49.847541622,16.289692439
Czech Republic,Q213,http://www.wikidata.org/entity/Q123548494,Q123548494,Weir,50.550700646,15.047771796
Czech Republic,Q213,http://www.wikidata.org/entity/Q123548566,Q123548566,Weir,49.944664157,15.726184211
Czech Republic,Q213,http://www.wikidata.org/entity/Q123548544,Q123548544,Weir,49.955256046,16.176538306
Czech Republic,Q213,http://www.wikidata.org/entity/Q123548577,Q123548577,Weir,50.828386975,14.994565181
Czech Republic,Q213,http://www.wikidata.org/entity/Q123548493,Q123548493,Weir,50.450150896,16.198356731
Czech Republic,Q213,http://www.wikidata.org/entity/Q123548580,Q123548580,Weir,50.845342009,15.090439739
Czech Republic,Q213,http://www.wikidata.org/entity/Q123548498,Q123548498,Weir,50.527509456,15.14020846
Czech Republic,Q213,http://www.wikidata.org/entity/Q123548485,Q123548485,Weir,50.373362881,14.858545372
Czech Republic,Q213,http://www.wikidata.org/entity/Q123548481,Q123548481,Weir,50.059762362,15.599484095
Czech Republic,Q213,http://www.wikidata.org/entity/Q123548663,Q123548663,Weir,49.875038506,16.490989775
Czech Republic,Q213,http://www.wikidata.org/entity/Q123548478,Q123548478,Weir,50.154432712,15.794860058
Czech Republic,Q213,http://www.wikidata.org/entity/Q123548669,Q123548669,Weir,49.999743985,16.224659908
Czech Republic,Q213,http://www.wikidata.org/entity/Q123548514,Q123548514,Weir,50.601632257,15.997893767
Czech Republic,Q213,http://www.wikidata.org/entity/Q123548549,Q123548549,Weir,49.884258362,16.483889599
Czech Republic,Q213,http://www.wikidata.org/entity/Q123548625,Q123548625,Weir,50.117308784,16.284627738
Czech Republic,Q213,http://www.wikidata.org/entity/Q123548548,Q123548548,Weir,49.891127049,16.469544386
Czech Republic,Q213,http://www.wikidata.org/entity/Q123548517,Q123548517,Weir,50.286912965,16.059678238
Czech Republic,Q213,http://www.wikidata.org/entity/Q123548522,Q123548522,Weir,50.267769427,16.105548074
Czech Republic,Q213,http://www.wikidata.org/entity/Q123548684,Q123548684,Weir,49.952977251,16.183694346
Czech Republic,Q213,http://www.wikidata.org/entity/Q123548563,Q123548563,Weir,49.824916945,16.258262683
Czech Republic,Q213,http://www.wikidata.org/entity/Q123548677,Q123548677,Weir,49.955725967,16.406868837
Czech Republic,Q213,http://www.wikidata.org/entity/Q123548475,Q123548475,Weir,50.725635855,15.156591778
Czech Republic,Q213,http://www.wikidata.org/entity/Q123548519,Q123548519,Weir,50.270669785,16.093426791
Czech Republic,Q213,http://www.wikidata.org/entity/Q123548671,Q123548671,Weir,50.481239296,16.158768821
Czech Republic,Q213,http://www.wikidata.org/entity/Q123548649,Q123548649,Weir,50.424000073,15.426476656
Czech Republic,Q213,http://www.wikidata.org/entity/Q123548645,Q123548645,Weir,49.896648106,16.029319382
Czech Republic,Q213,http://www.wikidata.org/entity/Q123548635,Q123548635,Weir,50.500352681,16.204292237
Czech Republic,Q213,http://www.wikidata.org/entity/Q123548595,Q123548595,Weir,50.183337918,16.298634937
Czech Republic,Q213,http://www.wikidata.org/entity/Q123548638,Q123548638,Weir,50.062332061,16.158021091
Czech Republic,Q213,http://www.wikidata.org/entity/Q123548552,Q123548552,Weir,49.889397397,16.246379137
Czech Republic,Q213,http://www.wikidata.org/entity/Q123548533,Q123548533,Weir,50.260081807,16.183850665
Czech Republic,Q213,http://www.wikidata.org/entity/Q123548510,Q123548510,Weir,50.588857867,15.986221935
Czech Republic,Q213,http://www.wikidata.org/entity/Q123548696,Q123548696,Weir,50.545606298,16.271271741
Czech Republic,Q213,http://www.wikidata.org/entity/Q123548532,Q123548532,Weir,50.259045935,16.15480916
Czech Republic,Q213,http://www.wikidata.org/entity/Q123548629,Q123548629,Weir,50.560612334,16.371869031
Czech Republic,Q213,http://www.wikidata.org/entity/Q123548527,Q123548527,Weir,50.26643646,16.13743738
Czech Republic,Q213,http://www.wikidata.org/entity/Q123548542,Q123548542,Weir,50.263878806,15.510880716
Czech Republic,Q213,http://www.wikidata.org/entity/Q123548686,Q123548686,Weir,49.878112477,15.499762622
Czech Republic,Q213,http://www.wikidata.org/entity/Q123548607,Q123548607,Weir,49.959914429,15.678811715
Czech Republic,Q213,http://www.wikidata.org/entity/Q123548584,Q123548584,Weir,49.958881929,15.680912791
Czech Republic,Q213,http://www.wikidata.org/entity/Q123548537,Q123548537,Weir,50.244367377,15.496978837
Czech Republic,Q213,http://www.wikidata.org/entity/Q123548561,Q123548561,Weir,49.82728466,16.258685162
Czech Republic,Q213,http://www.wikidata.org/entity/Q123548466,Q123548466,Weir,50.758251625,15.056941257
Czech Republic,Q213,http://www.wikidata.org/entity/Q123548586,Q123548586,Weir,49.958340145,15.083763738
Czech Republic,Q213,http://www.wikidata.org/entity/Q123548609,Q123548609,Weir,49.981132562,15.604438651
Czech Republic,Q213,http://www.wikidata.org/entity/Q123548508,Q123548508,Weir,50.586556583,15.975886654
Czech Republic,Q213,http://www.wikidata.org/entity/Q123548611,Q123548611,Weir,49.986749022,15.621896655
Czech Republic,Q213,http://www.wikidata.org/entity/Q123548589,Q123548589,Weir,50.027419561,15.17128256
Czech Republic,Q213,http://www.wikidata.org/entity/Q123548574,Q123548574,Weir,50.824861721,14.983972627
Czech Republic,Q213,http://www.wikidata.org/entity/Q123548601,Q123548601,Weir,49.880046258,15.068390217
Czech Republic,Q213,http://www.wikidata.org/entity/Q123548616,Q123548616,Weir,50.14142102,16.391737775
Czech Republic,Q213,http://www.wikidata.org/entity/Q123548502,Q123548502,Weir,50.223713732,16.2329674
Czech Republic,Q213,http://www.wikidata.org/entity/Q123548633,Q123548633,Weir,50.210144293,15.3124877
Czech Republic,Q213,http://www.wikidata.org/entity/Q123548540,Q123548540,Weir,50.245011791,15.497387427
Czech Republic,Q213,http://www.wikidata.org/entity/Q123548675,Q123548675,Weir,50.054793774,15.674178332
Czech Republic,Q213,http://www.wikidata.org/entity/Q123548647,Q123548647,Weir,49.873914052,16.069193465
Czech Republic,Q213,http://www.wikidata.org/entity/Q123548570,Q123548570,Weir,49.928539351,16.429875033
Czech Republic,Q213,http://www.wikidata.org/entity/Q123548621,Q123548621,Weir,50.126185058,16.345290163
Czech Republic,Q213,http://www.wikidata.org/entity/Q123548598,Q123548598,Weir,50.21602163,16.39855155
Czech Republic,Q213,http://www.wikidata.org/entity/Q123548568,Q123548568,Weir,49.967440232,16.395024735
Czech Republic,Q213,http://www.wikidata.org/entity/Q123548656,Q123548656,Weir,50.709710027,15.726180982
Czech Republic,Q213,http://www.wikidata.org/entity/Q123548691,Q123548691,Weir,50.309248197,14.602387605
Czech Republic,Q213,http://www.wikidata.org/entity/Q123548536,Q123548536,Weir,50.240800353,15.499251267
Czech Republic,Q213,http://www.wikidata.org/entity/Q123548461,Q123548461,Weir,50.776166353,15.048698394
Czech Republic,Q213,http://www.wikidata.org/entity/Q123548673,Q123548673,Weir,50.127823655,15.250042123
Czech Republic,Q213,http://www.wikidata.org/entity/Q123548654,Q123548654,Weir,50.698628116,15.737272249
Czech Republic,Q213,http://www.wikidata.org/entity/Q123548593,Q123548593,Weir,50.150098731,16.400134771
Czech Republic,Q213,http://www.wikidata.org/entity/Q123548486,Q123548486,Weir,50.278593856,14.552555031
Czech Republic,Q213,http://www.wikidata.org/entity/Q123548572,Q123548572,Weir,49.900221635,16.457785873
Czech Republic,Q213,http://www.wikidata.org/entity/Q123548581,Q123548581,Weir,49.683397931,15.830634808
Czech Republic,Q213,http://www.wikidata.org/entity/Q123548689,Q123548689,Weir,49.905950991,15.351795246
Czech Republic,Q213,http://www.wikidata.org/entity/Q123548525,Q123548525,Weir,50.270407761,16.128458108
Czech Republic,Q213,http://www.wikidata.org/entity/Q123548694,Q123548694,Weir,50.413627077,14.79236266
Czech Republic,Q213,http://www.wikidata.org/entity/Q123548682,Q123548682,Weir,49.956343791,16.159290607
Czech Republic,Q213,http://www.wikidata.org/entity/Q123546191,Q123546191,Weir,49.109592719,14.076456862
Czech Republic,Q213,http://www.wikidata.org/entity/Q123546288,Q123546288,Weir,49.377569012,13.238312316
Czech Republic,Q213,http://www.wikidata.org/entity/Q123546069,Q123546069,Weir,49.740170999,12.981451618
Czech Republic,Q213,http://www.wikidata.org/entity/Q123546258,Q123546258,Weir,49.653528261,13.274041933
Czech Republic,Q213,http://www.wikidata.org/entity/Q123546296,Q123546296,Weir,49.285187659,13.144087019
Czech Republic,Q213,http://www.wikidata.org/entity/Q123546129,Q123546129,Weir,49.047574636,13.983794807
Czech Republic,Q213,http://www.wikidata.org/entity/Q123546234,Q123546234,Weir,49.688334507,13.324646149
Czech Republic,Q213,http://www.wikidata.org/entity/Q123546290,Q123546290,Weir,49.380002817,13.241051419
Czech Republic,Q213,http://www.wikidata.org/entity/Q123546075,Q123546075,Weir,49.741221201,12.95506543
Czech Republic,Q213,http://www.wikidata.org/entity/Q123546253,Q123546253,Weir,49.09874942,14.065124802
Czech Republic,Q213,http://www.wikidata.org/entity/Q123546161,Q123546161,Weir,49.610068543,13.357010294
Czech Republic,Q213,http://www.wikidata.org/entity/Q123546088,Q123546088,Weir,49.769794216,13.294504501
Czech Republic,Q213,http://www.wikidata.org/entity/Q123546084,Q123546084,Weir,49.235601308,14.166235027
Czech Republic,Q213,http://www.wikidata.org/entity/Q123546104,Q123546104,Weir,49.771221156,13.24398452
Czech Republic,Q213,http://www.wikidata.org/entity/Q123546171,Q123546171,Weir,49.545683537,13.318067629
Czech Republic,Q213,http://www.wikidata.org/entity/Q123546168,Q123546168,Weir,49.531396994,13.31215875
Czech Republic,Q213,http://www.wikidata.org/entity/Q123546273,Q123546273,Weir,49.087348698,14.057629753
Czech Republic,Q213,http://www.wikidata.org/entity/Q123546268,Q123546268,Weir,49.272807863,14.095466881
Czech Republic,Q213,http://www.wikidata.org/entity/Q123546245,Q123546245,Weir,49.153102362,14.123187781
Czech Republic,Q213,http://www.wikidata.org/entity/Q123546277,Q123546277,Weir,49.434444334,13.250082474
Czech Republic,Q213,http://www.wikidata.org/entity/Q123546078,Q123546078,Weir,49.741734906,12.965899491
Czech Republic,Q213,http://www.wikidata.org/entity/Q123546172,Q123546172,Weir,49.545981921,13.317958222
Czech Republic,Q213,http://www.wikidata.org/entity/Q123546122,Q123546122,Weir,49.312836248,14.1447902
Czech Republic,Q213,http://www.wikidata.org/entity/Q123546202,Q123546202,Weir,49.597805599,13.53150287
Czech Republic,Q213,http://www.wikidata.org/entity/Q123546124,Q123546124,Weir,49.307413541,14.145265883
Czech Republic,Q213,http://www.wikidata.org/entity/Q123546155,Q123546155,Weir,49.685653607,13.501047989
Czech Republic,Q213,http://www.wikidata.org/entity/Q123546071,Q123546071,Weir,49.739542899,12.993998614
Czech Republic,Q213,http://www.wikidata.org/entity/Q123546257,Q123546257,Weir,49.771558407,13.41769939
Czech Republic,Q213,http://www.wikidata.org/entity/Q123546239,Q123546239,Weir,49.154922571,14.181565431
Czech Republic,Q213,http://www.wikidata.org/entity/Q123546264,Q123546264,Weir,49.773410625,13.443012956
Czech Republic,Q213,http://www.wikidata.org/entity/Q123546301,Q123546301,Weir,49.278620173,13.15074704
Czech Republic,Q213,http://www.wikidata.org/entity/Q123546232,Q123546232,Weir,49.531225707,13.591856225
Czech Republic,Q213,http://www.wikidata.org/entity/Q123546089,Q123546089,Weir,49.772275678,13.25006667
Czech Republic,Q213,http://www.wikidata.org/entity/Q123546187,Q123546187,Weir,49.620171657,13.389841913
Czech Republic,Q213,http://www.wikidata.org/entity/Q123546255,Q123546255,Weir,49.657703239,13.253456359
Czech Republic,Q213,http://www.wikidata.org/entity/Q123546235,Q123546235,Weir,49.818693743,12.800106725
Czech Republic,Q213,http://www.wikidata.org/entity/Q123546140,Q123546140,Weir,49.694448109,13.399242278
Czech Republic,Q213,http://www.wikidata.org/entity/Q123546217,Q123546217,Weir,49.496070036,13.503313532
Czech Republic,Q213,http://www.wikidata.org/entity/Q123546094,Q123546094,Weir,49.764565427,13.272302908
Czech Republic,Q213,http://www.wikidata.org/entity/Q123546212,Q123546212,Weir,49.51207296,13.61573315
Czech Republic,Q213,http://www.wikidata.org/entity/Q123546306,Q123546306,Weir,49.729628664,13.428907566
Czech Republic,Q213,http://www.wikidata.org/entity/Q123546266,Q123546266,Weir,49.642536074,13.197137792
Czech Republic,Q213,http://www.wikidata.org/entity/Q123546116,Q123546116,Weir,49.737496762,13.607042776
Czech Republic,Q213,http://www.wikidata.org/entity/Q123546163,Q123546163,Weir,49.631953042,13.39512413
Czech Republic,Q213,http://www.wikidata.org/entity/Q123546098,Q123546098,Weir,49.770518489,13.231901775
Czech Republic,Q213,http://www.wikidata.org/entity/Q123546205,Q123546205,Weir,49.558971154,13.572556075
Czech Republic,Q213,http://www.wikidata.org/entity/Q123546180,Q123546180,Weir,49.506412032,13.305001063
Czech Republic,Q213,http://www.wikidata.org/entity/Q123546195,Q123546195,Weir,49.63016516,13.527012011
Czech Republic,Q213,http://www.wikidata.org/entity/Q123546249,Q123546249,Weir,49.274051457,13.151735176
Czech Republic,Q213,http://www.wikidata.org/entity/Q123546137,Q123546137,Weir,49.742794342,13.38053621
Czech Republic,Q213,http://www.wikidata.org/entity/Q123546150,Q123546150,Weir,49.646343298,13.395420267
Czech Republic,Q213,http://www.wikidata.org/entity/Q123546093,Q123546093,Weir,49.764876705,13.25917837
Czech Republic,Q213,http://www.wikidata.org/entity/Q123546281,Q123546281,Weir,49.375746715,13.302185927
Czech Republic,Q213,http://www.wikidata.org/entity/Q123546251,Q123546251,Weir,49.700995699,13.346021399
Czech Republic,Q213,http://www.wikidata.org/entity/Q123546175,Q123546175,Weir,49.55712374,13.332899036
Czech Republic,Q213,http://www.wikidata.org/entity/Q123546229,Q123546229,Weir,49.423916297,13.251488302
Czech Republic,Q213,http://www.wikidata.org/entity/Q123546073,Q123546073,Weir,49.746078827,12.951740558
Czech Republic,Q213,http://www.wikidata.org/entity/Q123546102,Q123546102,Weir,49.770015925,13.231474851
Czech Republic,Q213,http://www.wikidata.org/entity/Q123546120,Q123546120,Weir,49.30765431,14.130624652
Czech Republic,Q213,http://www.wikidata.org/entity/Q123546204,Q123546204,Weir,49.582623104,13.541931348
Czech Republic,Q213,http://www.wikidata.org/entity/Q123546185,Q123546185,Weir,49.453291622,13.256635113
Czech Republic,Q213,http://www.wikidata.org/entity/Q123546198,Q123546198,Weir,49.589708238,13.540132545
Czech Republic,Q213,http://www.wikidata.org/entity/Q123546142,Q123546142,Weir,49.699944912,13.410697694
Czech Republic,Q213,http://www.wikidata.org/entity/Q123546261,Q123546261,Weir,49.650765631,13.282422771
Czech Republic,Q213,http://www.wikidata.org/entity/Q123546308,Q123546308,Weir,49.711885629,13.429798978
Czech Republic,Q213,http://www.wikidata.org/entity/Q123546167,Q123546167,Weir,49.522853645,13.30682194
Czech Republic,Q213,http://www.wikidata.org/entity/Q123546292,Q123546292,Weir,49.369804674,13.235835263
Czech Republic,Q213,http://www.wikidata.org/entity/Q123546189,Q123546189,Weir,49.113462403,14.085574675
Czech Republic,Q213,http://www.wikidata.org/entity/Q123546158,Q123546158,Weir,49.600517113,13.351068042
Czech Republic,Q213,http://www.wikidata.org/entity/Q123546304,Q123546304,Weir,49.658339879,13.530295789
Czech Republic,Q213,http://www.wikidata.org/entity/Q123546210,Q123546210,Weir,49.567652236,13.552713873
Czech Republic,Q213,http://www.wikidata.org/entity/Q123546242,Q123546242,Weir,49.658837163,13.290149035
Czech Republic,Q213,http://www.wikidata.org/entity/Q123546275,Q123546275,Weir,49.672863791,13.5201763
Czech Republic,Q213,http://www.wikidata.org/entity/Q123546117,Q123546117,Weir,49.255009309,14.120900851
Czech Republic,Q213,http://www.wikidata.org/entity/Q123546279,Q123546279,Weir,49.439459601,13.254365725
Czech Republic,Q213,http://www.wikidata.org/entity/Q123546147,Q123546147,Weir,49.156769384,14.123511715
Czech Republic,Q213,http://www.wikidata.org/entity/Q123546080,Q123546080,Weir,49.750077999,13.001729178
Czech Republic,Q213,http://www.wikidata.org/entity/Q123546294,Q123546294,Weir,49.358896843,13.220869201
Czech Republic,Q213,http://www.wikidata.org/entity/Q123546165,Q123546165,Weir,49.570554831,13.331951391
Czech Republic,Q213,http://www.wikidata.org/entity/Q123546247,Q123546247,Weir,49.676739497,13.316076335
Czech Republic,Q213,http://www.wikidata.org/entity/Q123546270,Q123546270,Weir,50.210701132,14.356303331
Czech Republic,Q213,http://www.wikidata.org/entity/Q123546182,Q123546182,Weir,49.474648267,13.286988318
Czech Republic,Q213,http://www.wikidata.org/entity/Q123546227,Q123546227,Weir,49.724754839,13.389242002
Czech Republic,Q213,http://www.wikidata.org/entity/Q123546224,Q123546224,Weir,49.505697996,13.548040055
Czech Republic,Q213,http://www.wikidata.org/entity/Q123546177,Q123546177,Weir,49.497744868,13.296015833
Czech Republic,Q213,http://www.wikidata.org/entity/Q123546192,Q123546192,Weir,49.604315475,13.527656572
Czech Republic,Q213,http://www.wikidata.org/entity/Q123546215,Q123546215,Weir,49.501416271,13.58217495
Czech Republic,Q213,http://www.wikidata.org/entity/Q123546133,Q123546133,Weir,49.672443871,13.515806337
Czech Republic,Q213,http://www.wikidata.org/entity/Q123546285,Q123546285,Weir,49.392053202,13.259103609
Czech Republic,Q213,http://www.wikidata.org/entity/Q123546113,Q123546113,Weir,49.23350102,14.167549484
Czech Republic,Q213,http://www.wikidata.org/entity/Q123546108,Q123546108,Weir,49.796747204,13.502724438
Czech Republic,Q213,http://www.wikidata.org/entity/Q123546153,Q123546153,Weir,49.668372686,13.391947978
Czech Republic,Q213,http://www.wikidata.org/entity/Q123546208,Q123546208,Weir,49.559882831,13.567634053
Czech Republic,Q213,http://www.wikidata.org/entity/Q123546145,Q123546145,Weir,49.710383007,13.399891375
Czech Republic,Q213,http://www.wikidata.org/entity/Q123546221,Q123546221,Weir,49.503130197,13.539318192
Czech Republic,Q213,http://www.wikidata.org/entity/Q123546127,Q123546127,Weir,49.053193179,13.989070012
Czech Republic,Q213,http://www.wikidata.org/entity/Q123546097,Q123546097,Weir,49.781277447,13.191054108
Czech Republic,Q213,http://www.wikidata.org/entity/Q123546237,Q123546237,Weir,49.764443752,12.910859349
Czech Republic,Q213,http://www.wikidata.org/entity/Q123546297,Q123546297,Weir,49.138010325,14.105952721
Czech Republic,Q213,http://www.wikidata.org/entity/Q123546286,Q123546286,Weir,49.402012213,13.263920165
Czech Republic,Q213,http://www.wikidata.org/entity/Q123550097,Q123550097,Weir,50.102160353,12.393749413
Czech Republic,Q213,http://www.wikidata.org/entity/Q123550081,Q123550081,Weir,50.40624922,13.195610238
Czech Republic,Q213,http://www.wikidata.org/entity/Q123550059,Q123550059,Weir,50.378033402,12.924083365
Czech Republic,Q213,http://www.wikidata.org/entity/Q123550035,Q123550035,Weir,50.518649347,13.453006828
Czech Republic,Q213,http://www.wikidata.org/entity/Q123550109,Q123550109,Weir,50.356643591,12.71722417
Czech Republic,Q213,http://www.wikidata.org/entity/Q123550122,Q123550122,Weir,50.095905424,12.835100049
Czech Republic,Q213,http://www.wikidata.org/entity/Q123550061,Q123550061,Weir,50.161157294,12.777216761
Czech Republic,Q213,http://www.wikidata.org/entity/Q123550025,Q123550025,Weir,50.482777675,13.266555001
Czech Republic,Q213,http://www.wikidata.org/entity/Q123550057,Q123550057,Weir,50.230288302,12.585503795
Czech Republic,Q213,http://www.wikidata.org/entity/Q123550037,Q123550037,Weir,50.508629058,13.030969709
Czech Republic,Q213,http://www.wikidata.org/entity/Q123550118,Q123550118,Weir,50.613642857,13.425378237
Czech Republic,Q213,http://www.wikidata.org/entity/Q123550068,Q123550068,Weir,50.864430778,14.303144638
Czech Republic,Q213,http://www.wikidata.org/entity/Q123550058,Q123550058,Weir,50.26620146,12.697540325
Czech Republic,Q213,http://www.wikidata.org/entity/Q123550113,Q123550113,Weir,50.108971285,12.634530883
Czech Republic,Q213,http://www.wikidata.org/entity/Q123550087,Q123550087,Weir,50.407475559,14.126942307
Czech Republic,Q213,http://www.wikidata.org/entity/Q123550056,Q123550056,Weir,50.320183475,12.730436579
Czech Republic,Q213,http://www.wikidata.org/entity/Q123550119,Q123550119,Weir,50.636050117,13.512904316
Czech Republic,Q213,http://www.wikidata.org/entity/Q123550049,Q123550049,Weir,50.252388286,12.690268298
Czech Republic,Q213,http://www.wikidata.org/entity/Q123550075,Q123550075,Weir,50.331821606,12.858059238
Czech Republic,Q213,http://www.wikidata.org/entity/Q123550040,Q123550040,Weir,50.427943077,12.990835342
Czech Republic,Q213,http://www.wikidata.org/entity/Q123550052,Q123550052,Weir,50.194901482,12.865996815
Czech Republic,Q213,http://www.wikidata.org/entity/Q123550121,Q123550121,Weir,50.196334595,12.616929846
Czech Republic,Q213,http://www.wikidata.org/entity/Q123550101,Q123550101,Weir,50.253462559,12.817188755
Czech Republic,Q213,http://www.wikidata.org/entity/Q123550043,Q123550043,Weir,50.338494304,14.535508934
Czech Republic,Q213,http://www.wikidata.org/entity/Q123550102,Q123550102,Weir,50.342722015,12.711608351
Czech Republic,Q213,http://www.wikidata.org/entity/Q123550070,Q123550070,Weir,50.301030278,12.9411556
Czech Republic,Q213,http://www.wikidata.org/entity/Q123550069,Q123550069,Weir,50.298223492,12.949923933
Czech Republic,Q213,http://www.wikidata.org/entity/Q123550027,Q123550027,Weir,50.464542322,13.402481225
Czech Republic,Q213,http://www.wikidata.org/entity/Q123550117,Q123550117,Weir,50.641934494,13.392554914
Czech Republic,Q213,http://www.wikidata.org/entity/Q123550030,Q123550030,Weir,50.733049949,14.312095784
Czech Republic,Q213,http://www.wikidata.org/entity/Q123550083,Q123550083,Weir,51.014709726,14.456151647
Czech Republic,Q213,http://www.wikidata.org/entity/Q123550064,Q123550064,Weir,50.346877937,12.821901762
Czech Republic,Q213,http://www.wikidata.org/entity/Q123550125,Q123550125,Weir,50.338464353,12.507150179
Czech Republic,Q213,http://www.wikidata.org/entity/Q123550078,Q123550078,Weir,50.340079668,12.839541416
Czech Republic,Q213,http://www.wikidata.org/entity/Q123550107,Q123550107,Weir,50.302487491,12.755096815
Czech Republic,Q213,http://www.wikidata.org/entity/Q123550076,Q123550076,Weir,50.335061986,12.853614093
Czech Republic,Q213,http://www.wikidata.org/entity/Q123550092,Q123550092,Weir,50.146350692,12.697056003
Czech Republic,Q213,http://www.wikidata.org/entity/Q123550104,Q123550104,Weir,50.343364804,12.710655269
Czech Republic,Q213,http://www.wikidata.org/entity/Q123550032,Q123550032,Weir,50.513281009,13.457439353
Czech Republic,Q213,http://www.wikidata.org/entity/Q123550100,Q123550100,Weir,50.326515904,12.6466883
Czech Republic,Q213,http://www.wikidata.org/entity/Q123550095,Q123550095,Weir,50.650474174,13.375547086
Czech Republic,Q213,http://www.wikidata.org/entity/Q123550055,Q123550055,Weir,50.432809099,12.994844317
Czech Republic,Q213,http://www.wikidata.org/entity/Q123550047,Q123550047,Weir,50.45621636,13.247739611
Czech Republic,Q213,http://www.wikidata.org/entity/Q123550090,Q123550090,Weir,50.053833392,12.793686642
Czech Republic,Q213,http://www.wikidata.org/entity/Q123550036,Q123550036,Weir,50.509429117,13.036879014
Czech Republic,Q213,http://www.wikidata.org/entity/Q123550123,Q123550123,Weir,50.275035346,12.552594733
Czech Republic,Q213,http://www.wikidata.org/entity/Q123550077,Q123550077,Weir,50.338940905,12.843359553
Czech Republic,Q213,http://www.wikidata.org/entity/Q123550085,Q123550085,Weir,50.131465164,12.283446933
Czech Republic,Q213,http://www.wikidata.org/entity/Q123550116,Q123550116,Weir,50.736739056,14.873651253
Czech Republic,Q213,http://www.wikidata.org/entity/Q123550067,Q123550067,Weir,50.869731094,14.275529923
Czech Republic,Q213,http://www.wikidata.org/entity/Q123550044,Q123550044,Weir,50.079078493,12.826379143
Czech Republic,Q213,http://www.wikidata.org/entity/Q123550103,Q123550103,Weir,50.101418131,12.254335273
Czech Republic,Q213,http://www.wikidata.org/entity/Q123550099,Q123550099,Weir,50.302369207,12.605801329
Czech Republic,Q213,http://www.wikidata.org/entity/Q123550089,Q123550089,Weir,50.123946087,12.527785887
Czech Republic,Q213,http://www.wikidata.org/entity/Q123550031,Q123550031,Weir,50.517026356,13.455360629
Czech Republic,Q213,http://www.wikidata.org/entity/Q123550053,Q123550053,Weir,50.45901455,13.020162498
Czech Republic,Q213,http://www.wikidata.org/entity/Q123550033,Q123550033,Weir,50.511537292,13.459574721
Czech Republic,Q213,http://www.wikidata.org/entity/Q123550071,Q123550071,Weir,50.347072852,12.822609117
Czech Republic,Q213,http://www.wikidata.org/entity/Q123550023,weir Želina,Weir,50.365515319,13.292659139
Czech Republic,Q213,http://www.wikidata.org/entity/Q123550048,Q123550048,Weir,50.250853424,12.723647309
Czech Republic,Q213,http://www.wikidata.org/entity/Q123550079,Q123550079,Weir,50.342051596,12.835370278
Czech Republic,Q213,http://www.wikidata.org/entity/Q123550088,Q123550088,Weir,50.742815813,13.862034775
Czech Republic,Q213,http://www.wikidata.org/entity/Q123550042,Q123550042,Weir,50.029988463,12.395895492
Czech Republic,Q213,http://www.wikidata.org/entity/Q123550062,Q123550062,Weir,50.153422037,12.790760335
Czech Republic,Q213,http://www.wikidata.org/entity/Q123550115,Q123550115,Weir,50.703122925,14.01892266
Czech Republic,Q213,http://www.wikidata.org/entity/Q123550050,Q123550050,Weir,50.231952163,12.805542273
Czech Republic,Q213,http://www.wikidata.org/entity/Q123550082,Q123550082,Weir,50.122650391,12.514248935
Czech Republic,Q213,http://www.wikidata.org/entity/Q123550026,Q123550026,Weir,50.507378585,13.321096608
Czech Republic,Q213,http://www.wikidata.org/entity/Q123550024,Q123550024,Weir,50.383822595,13.177707554
Czech Republic,Q213,http://www.wikidata.org/entity/Q123550041,Q123550041,Weir,50.033778774,12.399743513
Czech Republic,Q213,http://www.wikidata.org/entity/Q123550093,Q123550093,Weir,50.357609464,12.981710372
Czech Republic,Q213,http://www.wikidata.org/entity/Q123550096,Q123550096,Weir,50.703518997,13.557643793
Czech Republic,Q213,http://www.wikidata.org/entity/Q123550120,Q123550120,Weir,50.344623073,12.518000013
Czech Republic,Q213,http://www.wikidata.org/entity/Q123550110,Q123550110,Weir,50.311541051,12.748122901
Czech Republic,Q213,http://www.wikidata.org/entity/Q123550094,Q123550094,Weir,50.35788353,12.981729629
Czech Republic,Q213,http://www.wikidata.org/entity/Q123550080,Q123550080,Weir,50.429316209,12.759412403
Czech Republic,Q213,http://www.wikidata.org/entity/Q123550108,Q123550108,Weir,50.345794836,12.70976313
Czech Republic,Q213,http://www.wikidata.org/entity/Q123550114,Q123550114,Weir,50.69445351,14.020636255
Czech Republic,Q213,http://www.wikidata.org/entity/Q123550111,Q123550111,Weir,50.30789813,12.754200093
Czech Republic,Q213,http://www.wikidata.org/entity/Q123550038,Q123550038,Weir,50.506431224,13.031272563
Czech Republic,Q213,http://www.wikidata.org/entity/Q123550063,Q123550063,Weir,50.153077917,12.261771902
Czech Republic,Q213,http://www.wikidata.org/entity/Q123550072,Q123550072,Weir,50.351894021,12.82394807
Czech Republic,Q213,http://www.wikidata.org/entity/Q123550029,Q123550029,Weir,50.50434963,13.137769533
Czech Republic,Q213,http://www.wikidata.org/entity/Q123550028,Q123550028,Weir,50.517533338,13.133817694
Czech Republic,Q213,http://www.wikidata.org/entity/Q123550065,Q123550065,Weir,50.34991402,12.810127363
Czech Republic,Q213,http://www.wikidata.org/entity/Q123550091,Q123550091,Weir,50.151912581,12.692143746
Czech Republic,Q213,http://www.wikidata.org/entity/Q123550051,Q123550051,Weir,50.204062869,12.869097827
Czech Republic,Q213,http://www.wikidata.org/entity/Q123550086,Q123550086,Weir,50.131472984,12.282031391
Czech Republic,Q213,http://www.wikidata.org/entity/Q123550054,Q123550054,Weir,50.454864145,13.022818679
Czech Republic,Q213,http://www.wikidata.org/entity/Q123550045,Q123550045,Weir,50.087147712,12.838200817
Czech Republic,Q213,http://www.wikidata.org/entity/Q123550066,Q123550066,Weir,50.530532629,13.209889345
Czech Republic,Q213,http://www.wikidata.org/entity/Q123550046,Q123550046,Weir,50.228222985,12.431504213
Czech Republic,Q213,http://www.wikidata.org/entity/Q123550106,Q123550106,Weir,50.096039096,12.238963422
Czech Republic,Q213,http://www.wikidata.org/entity/Q123550060,Q123550060,Weir,50.169029964,12.773604095
Czech Republic,Q213,http://www.wikidata.org/entity/Q123550124,Q123550124,Weir,50.195437461,12.607741812
Czech Republic,Q213,http://www.wikidata.org/entity/Q123550073,Q123550073,Weir,50.324681985,12.862993236
Czech Republic,Q213,http://www.wikidata.org/entity/Q123550098,Q123550098,Weir,50.302661445,12.589782864
Czech Republic,Q213,http://www.wikidata.org/entity/Q123550112,Q123550112,Weir,50.125655296,12.553386102
Czech Republic,Q213,http://www.wikidata.org/entity/Q123550084,Q123550084,Weir,50.131140682,12.284826075
Czech Republic,Q213,http://www.wikidata.org/entity/Q123550039,Q123550039,Weir,50.162211698,12.972386921
Czech Republic,Q213,http://www.wikidata.org/entity/Q123546988,Q123546988,Weir,49.050789361,14.013247423
Czech Republic,Q213,http://www.wikidata.org/entity/Q123546910,Q123546910,Weir,49.904823014,13.984153507
Czech Republic,Q213,http://www.wikidata.org/entity/Q123546981,Q123546981,Weir,49.49822418,14.062073361
Czech Republic,Q213,http://www.wikidata.org/entity/Q123546779,Q123546779,Weir,48.961017892,14.459427102
Czech Republic,Q213,http://www.wikidata.org/entity/Q123546916,Q123546916,Weir,49.734421616,14.008326812
Czech Republic,Q213,http://www.wikidata.org/entity/Q123547004,Q123547004,Weir,49.92224289,13.553995535
Czech Republic,Q213,http://www.wikidata.org/entity/Q123546889,Q123546889,Weir,50.026439254,13.915422463
Czech Republic,Q213,http://www.wikidata.org/entity/Q123546941,Q123546941,Weir,50.076103894,13.278909908
Czech Republic,Q213,http://www.wikidata.org/entity/Q123546878,Q123546878,Weir,49.044708683,13.985114906
Czech Republic,Q213,http://www.wikidata.org/entity/Q123546844,Q123546844,Weir,48.782756701,14.519292841
Czech Republic,Q213,http://www.wikidata.org/entity/Q123546871,Q123546871,Weir,49.9248227,14.273414145
Czech Republic,Q213,http://www.wikidata.org/entity/Q123546842,Q123546842,Weir,48.899401888,14.489439911
Czech Republic,Q213,http://www.wikidata.org/entity/Q123546826,Q123546826,Weir,49.163807589,14.450975248
Czech Republic,Q213,http://www.wikidata.org/entity/Q123546876,Q123546876,Weir,49.677726518,13.975763088
Czech Republic,Q213,http://www.wikidata.org/entity/Q123546962,Q123546962,Weir,49.833379667,13.417384959
Czech Republic,Q213,http://www.wikidata.org/entity/Q123546892,Q123546892,Weir,49.871880487,13.996198429
Czech Republic,Q213,http://www.wikidata.org/entity/Q123546781,Q123546781,Weir,48.655719266,14.45673689
Czech Republic,Q213,http://www.wikidata.org/entity/Q123546914,Q123546914,Weir,49.910797956,13.98831982
Czech Republic,Q213,http://www.wikidata.org/entity/Q123546938,Q123546938,Weir,49.901660502,13.545975554
Czech Republic,Q213,http://www.wikidata.org/entity/Q123546906,Q123546906,Weir,49.890644132,13.981409302
Czech Republic,Q213,http://www.wikidata.org/entity/Q123546800,Q123546800,Weir,48.814240673,14.320004792
Czech Republic,Q213,http://www.wikidata.org/entity/Q123546851,Q123546851,Weir,49.157713319,14.766732877
Czech Republic,Q213,http://www.wikidata.org/entity/Q123546930,Q123546930,Weir,49.228341482,13.519983906
Czech Republic,Q213,http://www.wikidata.org/entity/Q123546901,Q123546901,Weir,49.917629249,14.001346659
Czech Republic,Q213,http://www.wikidata.org/entity/Q123546822,Q123546822,Weir,49.154477537,14.453838257
Czech Republic,Q213,http://www.wikidata.org/entity/Q123546927,Q123546927,Weir,49.296583901,13.75540719
Czech Republic,Q213,http://www.wikidata.org/entity/Q123546815,Q123546815,Weir,48.851460892,14.365902903
Czech Republic,Q213,http://www.wikidata.org/entity/Q123546790,Q123546790,Weir,48.740965907,14.491278137
Czech Republic,Q213,http://www.wikidata.org/entity/Q123546986,Q123546986,Weir,49.824592985,13.974974645
Czech Republic,Q213,http://www.wikidata.org/entity/Q123547009,Q123547009,Weir,49.920426739,13.415930308
Czech Republic,Q213,http://www.wikidata.org/entity/Q123546998,Q123546998,Weir,49.93270222,13.63418321
Czech Republic,Q213,http://www.wikidata.org/entity/Q123546833,Q123546833,Weir,48.986918366,14.84799973
Czech Republic,Q213,http://www.wikidata.org/entity/Q123546862,Q123546862,Weir,49.01472476,14.453556377
Czech Republic,Q213,http://www.wikidata.org/entity/Q123546836,Q123546836,Weir,49.105530562,14.739262597
Czech Republic,Q213,http://www.wikidata.org/entity/Q123546831,Q123546831,Weir,48.905267723,14.909213124
Czech Republic,Q213,http://www.wikidata.org/entity/Q123546897,Q123546897,Weir,49.927285237,14.186564778
Czech Republic,Q213,http://www.wikidata.org/entity/Q123546967,Q123546967,Weir,49.839615884,13.233274896
Czech Republic,Q213,http://www.wikidata.org/entity/Q123546886,Q123546886,Weir,50.001117046,14.006123153
Czech Republic,Q213,http://www.wikidata.org/entity/Q123546884,Q123546884,Weir,49.987283314,14.045248102
Czech Republic,Q213,http://www.wikidata.org/entity/Q123546848,Q123546848,Weir,48.856553231,14.495742477
Czech Republic,Q213,http://www.wikidata.org/entity/Q123546974,Q123546974,Weir,49.815121515,13.528201928
Czech Republic,Q213,http://www.wikidata.org/entity/Q123546818,Q123546818,Weir,49.030584412,15.138262006
Czech Republic,Q213,http://www.wikidata.org/entity/Q123546945,Q123546945,Weir,50.045929461,13.293117635
Czech Republic,Q213,http://www.wikidata.org/entity/Q123546960,Q123546960,Weir,49.866607692,13.523338918
Czech Republic,Q213,http://www.wikidata.org/entity/Q123546863,Q123546863,Weir,49.710591877,13.990369703
Czech Republic,Q213,http://www.wikidata.org/entity/Q123546847,Q123546847,Weir,48.791689732,14.498322748
Czech Republic,Q213,http://www.wikidata.org/entity/Q123546806,Q123546806,Weir,48.630740968,14.245919987
Czech Republic,Q213,http://www.wikidata.org/entity/Q123546858,Q123546858,Weir,48.925408791,14.49004369
Czech Republic,Q213,http://www.wikidata.org/entity/Q123546908,Q123546908,Weir,49.897007228,13.983264781
Czech Republic,Q213,http://www.wikidata.org/entity/Q123546802,Q123546802,Weir,48.855362198,13.82048883
Czech Republic,Q213,http://www.wikidata.org/entity/Q123546903,Q123546903,Weir,49.881195356,13.988265662
Czech Republic,Q213,http://www.wikidata.org/entity/Q123546948,Q123546948,Weir,50.042189656,13.295942828
Czech Republic,Q213,http://www.wikidata.org/entity/Q123546991,Q123546991,Weir,49.053394445,14.005600458
Czech Republic,Q213,http://www.wikidata.org/entity/Q123546803,Q123546803,Weir,48.619827809,14.258655706
Czech Republic,Q213,http://www.wikidata.org/entity/Q123546813,Q123546813,Weir,48.778875424,14.30066184
Czech Republic,Q213,http://www.wikidata.org/entity/Q123546923,Q123546923,Weir,49.792927701,13.980844621
Czech Republic,Q213,http://www.wikidata.org/entity/Q123546829,Q123546829,Weir,48.886093028,14.886717485
Czech Republic,Q213,http://www.wikidata.org/entity/Q123546880,Q123546880,Weir,49.052032777,14.023770416
Czech Republic,Q213,http://www.wikidata.org/entity/Q123546958,Q123546958,Weir,49.885308429,13.521071763
Czech Republic,Q213,http://www.wikidata.org/entity/Q123546786,Q123546786,Weir,48.725703312,14.503260094
Czech Republic,Q213,http://www.wikidata.org/entity/Q123546921,Q123546921,Weir,49.780124272,13.998862818
Czech Republic,Q213,http://www.wikidata.org/entity/Q123546994,Q123546994,Weir,50.025764691,13.860573801
Czech Republic,Q213,http://www.wikidata.org/entity/Q123546934,Q123546934,Weir,49.773507302,14.005855586
Czech Republic,Q213,http://www.wikidata.org/entity/Q123546783,Q123546783,Weir,48.666058915,14.480478993
Czech Republic,Q213,http://www.wikidata.org/entity/Q123546893,Q123546893,Weir,49.91597686,14.231840155
Czech Republic,Q213,http://www.wikidata.org/entity/Q123546820,Q123546820,Weir,49.127368519,14.454745232
Czech Republic,Q213,http://www.wikidata.org/entity/Q123546840,Q123546840,Weir,48.862984214,14.898857968
Czech Republic,Q213,http://www.wikidata.org/entity/Q123546792,Q123546792,Weir,48.746600526,14.494792396
Czech Republic,Q213,http://www.wikidata.org/entity/Q123546854,Q123546854,Weir,48.892623361,14.5006906
Czech Republic,Q213,http://www.wikidata.org/entity/Q123546824,Hněvkovice weir,Weir,49.19337273,14.444180702
Czech Republic,Q213,http://www.wikidata.org/entity/Q123546869,Q123546869,Weir,49.032789873,13.950225652
Czech Republic,Q213,http://www.wikidata.org/entity/Q123546983,Q123546983,Weir,49.959281473,13.69306566
Czech Republic,Q213,http://www.wikidata.org/entity/Q123546866,Q123546866,Weir,49.017422107,13.937854779
Czech Republic,Q213,http://www.wikidata.org/entity/Q123547005,Q123547005,Weir,49.915242729,13.514901801
Czech Republic,Q213,http://www.wikidata.org/entity/Q123546808,Q123546808,Weir,48.619073004,14.347687229
Czech Republic,Q213,http://www.wikidata.org/entity/Q123546794,Q123546794,Weir,49.2428149,15.080680569
Czech Republic,Q213,http://www.wikidata.org/entity/Q123546965,Q123546965,Weir,49.842043941,13.443407287
Czech Republic,Q213,http://www.wikidata.org/entity/Q123546777,Q123546777,Weir,48.949598755,14.463479995
Czech Republic,Q213,http://www.wikidata.org/entity/Q123546925,Q123546925,Weir,49.813718151,13.969107539
Czech Republic,Q213,http://www.wikidata.org/entity/Q123546951,Q123546951,Weir,50.086891733,13.144904819
Czech Republic,Q213,http://www.wikidata.org/entity/Q123546931,Q123546931,Weir,49.839357104,13.977687567
Czech Republic,Q213,http://www.wikidata.org/entity/Q123546899,Q123546899,Weir,49.92056894,14.205402679
Czech Republic,Q213,http://www.wikidata.org/entity/Q123546996,Q123546996,Weir,49.965823511,13.747692697
Czech Republic,Q213,http://www.wikidata.org/entity/Q123546873,Q123546873,Weir,49.778571055,14.003724608
Czech Republic,Q213,http://www.wikidata.org/entity/Q123546977,Q123546977,Weir,49.814897917,13.516564756
Czech Republic,Q213,http://www.wikidata.org/entity/Q123546918,Q123546918,Weir,49.866033029,13.990487149
Czech Republic,Q213,http://www.wikidata.org/entity/Q123546797,Q123546797,Weir,48.668774105,14.476448693
Czech Republic,Q213,http://www.wikidata.org/entity/Q123546810,Q123546810,Weir,48.655122866,14.365136299
Czech Republic,Q213,http://www.wikidata.org/entity/Q123546855,Q123546855,Weir,49.267843453,14.698511535
Czech Republic,Q213,http://www.wikidata.org/entity/Q123547001,Q123547001,Weir,49.936964355,13.589702186
Czech Republic,Q213,http://www.wikidata.org/entity/Q123546943,Q123546943,Weir,50.061252264,13.277513285
Czech Republic,Q213,http://www.wikidata.org/entity/Q123546838,Q123546838,Weir,49.068074139,14.758094375
Czech Republic,Q213,http://www.wikidata.org/entity/Q123546953,Q123546953,Weir,50.079601766,12.981338538
Czech Republic,Q213,http://www.wikidata.org/entity/Q123546956,Q123546956,Weir,50.088476641,13.063871591
Czech Republic,Q213,http://www.wikidata.org/entity/Q123546882,Q123546882,Weir,49.967593389,14.074241979
Czech Republic,Q213,http://www.wikidata.org/entity/Q123546937,Q123546937,Weir,49.852820982,13.982853459
Czech Republic,Q213,http://www.wikidata.org/entity/Q123546972,Q123546972,Weir,49.8352876,13.51422049
Czech Republic,Q213,http://www.wikidata.org/entity/Q123546788,Q123546788,Weir,48.717390542,14.498930367
Czech Republic,Q213,http://www.wikidata.org/entity/Q123547008,Q123547008,Weir,49.910603805,13.494139458
Czech Republic,Q213,http://www.wikidata.org/entity/Q123546969,Q123546969,Weir,49.82581859,13.273015764
Czech Republic,Q213,http://www.wikidata.org/entity/Q123548808,Q123548808,Weir,50.025876329,15.529118167
Czech Republic,Q213,http://www.wikidata.org/entity/Q123548924,Q123548924,Weir,49.382253687,16.316089644
Czech Republic,Q213,http://www.wikidata.org/entity/Q123548896,Q123548896,Weir,49.324733819,17.996798342
Czech Republic,Q213,http://www.wikidata.org/entity/Q123548884,Weir Přerov,Weir,49.449220426,17.438266794
Czech Republic,Q213,http://www.wikidata.org/entity/Q123548790,Q123548790,Weir,50.656970186,15.006700421
Czech Republic,Q213,http://www.wikidata.org/entity/Q123548823,Q123548823,Weir,49.775976326,16.102584698
Czech Republic,Q213,http://www.wikidata.org/entity/Q123548819,Q123548819,Weir,50.265009501,15.974078554
Czech Republic,Q213,http://www.wikidata.org/entity/Q123548761,Q123548761,Weir,50.060790916,15.87521378
Czech Republic,Q213,http://www.wikidata.org/entity/Q123548873,Q123548873,Weir,49.459201334,18.124398334
Czech Republic,Q213,http://www.wikidata.org/entity/Q123548815,Q123548815,Weir,50.739990256,15.2692709
Czech Republic,Q213,http://www.wikidata.org/entity/Q123548712,Q123548712,Weir,50.605373661,14.907370552
Czech Republic,Q213,http://www.wikidata.org/entity/Q123548889,Q123548889,Weir,49.335842319,18.193155735
Czech Republic,Q213,http://www.wikidata.org/entity/Q123548759,Q123548759,Weir,50.710493996,15.725149751
Czech Republic,Q213,http://www.wikidata.org/entity/Q123548795,Q123548795,Weir,50.475976384,16.23455818
Czech Republic,Q213,http://www.wikidata.org/entity/Q123548907,Q123548907,Weir,49.269125574,16.412170915
Czech Republic,Q213,http://www.wikidata.org/entity/Q123548801,Q123548801,Weir,50.465800095,16.149450505
Czech Republic,Q213,http://www.wikidata.org/entity/Q123548927,Q123548927,Weir,49.389779484,16.307097315
Czech Republic,Q213,http://www.wikidata.org/entity/Q123548804,Q123548804,Weir,49.949731043,16.069116108
Czech Republic,Q213,http://www.wikidata.org/entity/Q123548930,Q123548930,Weir,49.391989955,16.30008304
Czech Republic,Q213,http://www.wikidata.org/entity/Q123548848,Q123548848,Weir,49.362361532,15.934979803
Czech Republic,Q213,http://www.wikidata.org/entity/Q123548863,Q123548863,Weir,49.449551528,18.198555096
Czech Republic,Q213,http://www.wikidata.org/entity/Q123548749,Q123548749,Weir,50.517548191,16.037586421
Czech Republic,Q213,http://www.wikidata.org/entity/Q123548776,Q123548776,Weir,50.240772373,15.080383738
Czech Republic,Q213,http://www.wikidata.org/entity/Q123548763,Q123548763,Weir,50.512727805,15.439279785
Czech Republic,Q213,http://www.wikidata.org/entity/Q123548745,Q123548745,Weir,50.028446917,15.967537223
Czech Republic,Q213,http://www.wikidata.org/entity/Q123548734,Q123548734,Weir,50.344273593,16.247275893
Czech Republic,Q213,http://www.wikidata.org/entity/Q123548882,Q123548882,Weir,49.431723031,17.333896084
Czech Republic,Q213,http://www.wikidata.org/entity/Q123548825,Q123548825,Weir,49.82575183,15.940823874
Czech Republic,Q213,http://www.wikidata.org/entity/Q123548846,Q123548846,Weir,49.357525594,15.940487858
Czech Republic,Q213,http://www.wikidata.org/entity/Q123548799,Q123548799,Weir,50.58443676,16.410074882
Czech Republic,Q213,http://www.wikidata.org/entity/Q123548878,"Weir Hranice - Bečva km 38,7",Weir,49.544806363,17.721961109
Czech Republic,Q213,http://www.wikidata.org/entity/Q123548784,Q123548784,Weir,50.22524151,15.53684813
Czech Republic,Q213,http://www.wikidata.org/entity/Q123548756,Q123548756,Weir,50.736111623,15.190681868
Czech Republic,Q213,http://www.wikidata.org/entity/Q123548729,Q123548729,Weir,50.357302737,16.230849316
Czech Republic,Q213,http://www.wikidata.org/entity/Q123548856,Q123548856,Weir,49.43588125,18.243277966
Czech Republic,Q213,http://www.wikidata.org/entity/Q123548836,Q123548836,Weir,50.549495328,16.160233612
Czech Republic,Q213,http://www.wikidata.org/entity/Q123548813,Q123548813,Weir,50.02284654,15.786569017
Czech Republic,Q213,http://www.wikidata.org/entity/Q123548721,Q123548721,Weir,50.537127257,16.244017918
Czech Republic,Q213,http://www.wikidata.org/entity/Q123548786,Q123548786,Weir,50.225440038,15.537674992
Czech Republic,Q213,http://www.wikidata.org/entity/Q123548887,Q123548887,Weir,49.343167509,18.217534432
Czech Republic,Q213,http://www.wikidata.org/entity/Q123548811,Q123548811,Weir,50.557990809,16.393284737
Czech Republic,Q213,http://www.wikidata.org/entity/Q123548717,Q123548717,Weir,50.527603704,16.224076775
Czech Republic,Q213,http://www.wikidata.org/entity/Q123548839,Q123548839,Weir,50.87166809,15.202939665
Czech Republic,Q213,http://www.wikidata.org/entity/Q123548771,Q123548771,Weir,50.871080468,15.236311402
Czech Republic,Q213,http://www.wikidata.org/entity/Q123548736,Q123548736,Weir,50.356379413,16.266221124
Czech Republic,Q213,http://www.wikidata.org/entity/Q123548844,Q123548844,Weir,49.350328147,15.942566735
Czech Republic,Q213,http://www.wikidata.org/entity/Q123548754,Q123548754,Weir,50.727719789,15.154521088
Czech Republic,Q213,http://www.wikidata.org/entity/Q123548710,Q123548710,Weir,50.588364942,14.924555928
Czech Republic,Q213,http://www.wikidata.org/entity/Q123548742,Q123548742,Weir,50.372058873,16.306522672
Czech Republic,Q213,http://www.wikidata.org/entity/Q123548867,Q123548867,Weir,49.471990495,18.020943473
Czech Republic,Q213,http://www.wikidata.org/entity/Q123548832,Q123548832,Weir,49.799279069,15.952560341
Czech Republic,Q213,http://www.wikidata.org/entity/Q123548914,Q123548914,Weir,49.132359275,16.524197029
Czech Republic,Q213,http://www.wikidata.org/entity/Q123548917,Q123548917,Weir,49.360023095,16.337566655
Czech Republic,Q213,http://www.wikidata.org/entity/Q123548891,Q123548891,Weir,49.352584492,18.229141764
Czech Republic,Q213,http://www.wikidata.org/entity/Q123548834,Q123548834,Weir,50.587690615,15.230178283
Czech Republic,Q213,http://www.wikidata.org/entity/Q123548732,Q123548732,Weir,50.465385527,15.157158396
Czech Republic,Q213,http://www.wikidata.org/entity/Q123548705,Q123548705,Weir,50.537625032,14.936904493
Czech Republic,Q213,http://www.wikidata.org/entity/Q123548912,Q123548912,Weir,49.40341856,17.292597061
Czech Republic,Q213,http://www.wikidata.org/entity/Q123548842,Q123548842,Weir,49.903513352,15.533574983
Czech Republic,Q213,http://www.wikidata.org/entity/Q123548903,Q123548903,Weir,49.482747462,16.678634858
Czech Republic,Q213,http://www.wikidata.org/entity/Q123548865,Q123548865,Weir,49.474144393,17.993475902
Czech Republic,Q213,http://www.wikidata.org/entity/Q123548782,Q123548782,Weir,50.271284668,15.501897052
Czech Republic,Q213,http://www.wikidata.org/entity/Q123548861,Q123548861,Weir,49.453555722,18.188873798
Czech Republic,Q213,http://www.wikidata.org/entity/Q123548905,Q123548905,Weir,49.675284558,16.211822567
Czech Republic,Q213,http://www.wikidata.org/entity/Q123548875,Q123548875,Weir,49.529656306,17.789010287
Czech Republic,Q213,http://www.wikidata.org/entity/Q123548788,Q123548788,Weir,50.12333698,15.866786199
Czech Republic,Q213,http://www.wikidata.org/entity/Q123548853,Q123548853,Weir,49.335543569,15.959697269
Czech Republic,Q213,http://www.wikidata.org/entity/Q123548920,Q123548920,Weir,49.356259246,16.361850178
Czech Republic,Q213,http://www.wikidata.org/entity/Q123548827,Q123548827,Weir,49.779085987,16.098630909
Czech Republic,Q213,http://www.wikidata.org/entity/Q123548898,Q123548898,Weir,49.302935978,18.081012662
Czech Republic,Q213,http://www.wikidata.org/entity/Q123548859,Q123548859,Weir,49.438110854,18.234394733
Czech Republic,Q213,http://www.wikidata.org/entity/Q123548719,Q123548719,Weir,50.529643297,16.225367975
Czech Republic,Q213,http://www.wikidata.org/entity/Q123548768,Q123548768,Weir,50.700166635,15.736645856
Czech Republic,Q213,http://www.wikidata.org/entity/Q123548723,Q123548723,Weir,50.508553925,14.909441435
Czech Republic,Q213,http://www.wikidata.org/entity/Q123548806,Q123548806,Weir,50.027906963,15.526527607
Czech Republic,Q213,http://www.wikidata.org/entity/Q123548708,Q123548708,Weir,50.566194465,14.933281796
Czech Republic,Q213,http://www.wikidata.org/entity/Q123548921,Q123548921,Weir,49.371786257,16.320486088
Czech Republic,Q213,http://www.wikidata.org/entity/Q123548778,Q123548778,Weir,50.256762681,15.681276953
Czech Republic,Q213,http://www.wikidata.org/entity/Q123548829,Q123548829,Weir,49.815535588,15.957670553
Czech Republic,Q213,http://www.wikidata.org/entity/Q123548817,Q123548817,Weir,50.254334976,15.985437181
Czech Republic,Q213,http://www.wikidata.org/entity/Q123548821,Q123548821,Weir,50.016812073,16.025391265
Czech Republic,Q213,http://www.wikidata.org/entity/Q123548714,Q123548714,Weir,50.647299466,14.910231458
Czech Republic,Q213,http://www.wikidata.org/entity/Q123548793,Q123548793,Weir,50.676510568,15.008441013
Czech Republic,Q213,http://www.wikidata.org/entity/Q123548871,Q123548871,Weir,49.464022197,18.05427354
Czech Republic,Q213,http://www.wikidata.org/entity/Q123548751,Q123548751,Weir,49.876196783,16.268274454
Czech Republic,Q213,http://www.wikidata.org/entity/Q123548747,Q123548747,Weir,50.13977672,15.455955113
Czech Republic,Q213,http://www.wikidata.org/entity/Q123548702,Q123548702,Weir,50.524335437,14.944911647
Czech Republic,Q213,http://www.wikidata.org/entity/Q123548797,Q123548797,Weir,50.246724179,15.286951523
Czech Republic,Q213,http://www.wikidata.org/entity/Q123548880,Osek weir,Weir,49.510122086,17.562955963
Czech Republic,Q213,http://www.wikidata.org/entity/Q123548893,Q123548893,Weir,49.325630838,18.163100052
Czech Republic,Q213,http://www.wikidata.org/entity/Q123548765,Q123548765,Weir,50.607352092,15.622392266
Czech Republic,Q213,http://www.wikidata.org/entity/Q123548931,Q123548931,Weir,49.395616619,16.275389902
Czech Republic,Q213,http://www.wikidata.org/entity/Q123548739,Q123548739,Weir,50.481901608,14.932740591
Czech Republic,Q213,http://www.wikidata.org/entity/Q123548774,Q123548774,Weir,50.279043734,15.557579335
Czech Republic,Q213,http://www.wikidata.org/entity/Q123548727,Q123548727,Weir,50.802154323,14.958528941
Czech Republic,Q213,http://www.wikidata.org/entity/Q123548851,Q123548851,Weir,49.355300605,15.998458307
Czech Republic,Q213,http://www.wikidata.org/entity/Q123548909,Q123548909,Weir,49.270419084,16.424908807
Czech Republic,Q213,http://www.wikidata.org/entity/Q123548869,Q123548869,Weir,49.464356568,18.158788745
Czech Republic,Q213,http://www.wikidata.org/entity/Q123548901,Q123548901,Weir,49.479528058,16.659346783
Czech Republic,Q213,http://www.wikidata.org/entity/Q123548780,Q123548780,Weir,50.384506056,15.554296765
Czech Republic,Q213,http://www.wikidata.org/entity/Q123547069,Q123547069,Weir,49.261418508,14.037762263
Czech Republic,Q213,http://www.wikidata.org/entity/Q123547220,Q123547220,Weir,48.77480419,14.984946844
Czech Republic,Q213,http://www.wikidata.org/entity/Q123547216,Q123547216,Weir,49.701986905,13.467008763
Czech Republic,Q213,http://www.wikidata.org/entity/Q123547197,Q123547197,Weir,49.515589172,14.807475217
Czech Republic,Q213,http://www.wikidata.org/entity/Q123547096,Q123547096,Weir,48.603811613,14.560570993
Czech Republic,Q213,http://www.wikidata.org/entity/Q123547187,Q123547187,Weir,49.631582729,14.841270614
Czech Republic,Q213,http://www.wikidata.org/entity/Q123547084,Q123547084,Weir,50.169528574,14.402304621
Czech Republic,Q213,http://www.wikidata.org/entity/Q123547100,Q123547100,Weir,48.614644644,14.540058193
Czech Republic,Q213,http://www.wikidata.org/entity/Q123547227,Q123547227,Weir,49.815985607,13.318860838
Czech Republic,Q213,http://www.wikidata.org/entity/Q123547109,Q123547109,Weir,48.622995341,14.266161511
Czech Republic,Q213,http://www.wikidata.org/entity/Q123547027,Q123547027,Weir,49.21770168,13.88645425
Czech Republic,Q213,http://www.wikidata.org/entity/Q123547158,Q123547158,Weir,49.9901717,13.2314883
Czech Republic,Q213,http://www.wikidata.org/entity/Q123547164,Q123547164,Weir,48.885408508,14.640150029
Czech Republic,Q213,http://www.wikidata.org/entity/Q123547091,Q123547091,Weir,49.798732155,13.465867595
Czech Republic,Q213,http://www.wikidata.org/entity/Q123547075,Q123547075,Weir,50.008389065,14.398623905
Czech Republic,Q213,http://www.wikidata.org/entity/Q123547232,Q123547232,Weir,49.208889168,15.137162348
Czech Republic,Q213,http://www.wikidata.org/entity/Q123547038,Q123547038,Weir,49.14050264,13.888933689
Czech Republic,Q213,http://www.wikidata.org/entity/Q123547153,Q123547153,Weir,48.819021403,14.271339377
Czech Republic,Q213,http://www.wikidata.org/entity/Q123547102,Q123547102,Weir,48.614786253,14.536671899
Czech Republic,Q213,http://www.wikidata.org/entity/Q123547229,Q123547229,Weir,49.208046749,15.134337194
Czech Republic,Q213,http://www.wikidata.org/entity/Q123547174,Q123547174,Weir,49.6820928,14.855482023
Czech Republic,Q213,http://www.wikidata.org/entity/Q123547161,Q123547161,Weir,49.993769278,13.208003592
Czech Republic,Q213,http://www.wikidata.org/entity/Q123547234,Q123547234,Weir,49.804356897,12.70951473
Czech Republic,Q213,http://www.wikidata.org/entity/Q123547163,Q123547163,Weir,49.076345978,14.284297166
Czech Republic,Q213,http://www.wikidata.org/entity/Q123547064,Q123547064,Weir,50.095199044,14.431527998
Czech Republic,Q213,http://www.wikidata.org/entity/Q123547130,Q123547130,Weir,48.891600388,14.885545124
Czech Republic,Q213,http://www.wikidata.org/entity/Q123547035,Q123547035,Weir,49.259352359,13.900684928
Czech Republic,Q213,http://www.wikidata.org/entity/Q123547116,Q123547116,Weir,49.022258775,14.825851775
Czech Republic,Q213,http://www.wikidata.org/entity/Q123547019,Q123547019,Weir,49.258857539,15.190882323
Czech Republic,Q213,http://www.wikidata.org/entity/Q123547119,Q123547119,Weir,48.986786578,14.848227647
Czech Republic,Q213,http://www.wikidata.org/entity/Q123547144,Q123547144,Weir,49.001986418,14.075063311
Czech Republic,Q213,http://www.wikidata.org/entity/Q123547124,Q123547124,Weir,49.785848262,14.286320159
Czech Republic,Q213,http://www.wikidata.org/entity/Q123547199,Q123547199,Weir,49.515121711,14.799159885
Czech Republic,Q213,http://www.wikidata.org/entity/Q123547176,Q123547176,Weir,49.728858624,14.916796498
Czech Republic,Q213,http://www.wikidata.org/entity/Q123547157,Q123547157,Weir,49.992136157,13.24212518
Czech Republic,Q213,http://www.wikidata.org/entity/Q123547195,Q123547195,Weir,49.517367482,14.809913617
Czech Republic,Q213,http://www.wikidata.org/entity/Q123547106,Q123547106,Weir,49.964473304,13.706058151
Czech Republic,Q213,http://www.wikidata.org/entity/Q123547098,Q123547098,Weir,48.613849343,14.545927563
Czech Republic,Q213,http://www.wikidata.org/entity/Q123547142,Q123547142,Weir,49.052134186,14.079853411
Czech Republic,Q213,http://www.wikidata.org/entity/Q123547067,Q123547067,Weir,49.272651503,13.824869166
Czech Republic,Q213,http://www.wikidata.org/entity/Q123547173,Q123547173,Weir,49.758967273,14.919429132
Czech Republic,Q213,http://www.wikidata.org/entity/Q123547151,Q123547151,Weir,49.593635079,15.601754314
Czech Republic,Q213,http://www.wikidata.org/entity/Q123547218,Q123547218,Weir,49.506131152,13.548895133
Czech Republic,Q213,http://www.wikidata.org/entity/Q123547134,Q123547134,Weir,48.957341427,13.94138935
Czech Republic,Q213,http://www.wikidata.org/entity/Q123547095,Q123547095,Weir,49.553820294,14.007515423
Czech Republic,Q213,http://www.wikidata.org/entity/Q123547208,Q123547208,Weir,49.415872968,14.654249393
Czech Republic,Q213,http://www.wikidata.org/entity/Q123547204,Q123547204,Weir,49.297439449,15.078606511
Czech Republic,Q213,http://www.wikidata.org/entity/Q123547113,Q123547113,Weir,49.840716071,14.563119654
Czech Republic,Q213,http://www.wikidata.org/entity/Q123547071,Q123547071,Weir,49.315035399,13.719056601
Czech Republic,Q213,http://www.wikidata.org/entity/Q123547225,Q123547225,Weir,49.818782689,13.321858623
Czech Republic,Q213,http://www.wikidata.org/entity/Q123547115,Q123547115,Weir,49.122008912,14.737026785
Czech Republic,Q213,http://www.wikidata.org/entity/Q123547181,Q123547181,Weir,49.711167324,14.901743045
Czech Republic,Q213,http://www.wikidata.org/entity/Q123547136,Q123547136,Weir,49.550494207,13.986925709
Czech Republic,Q213,http://www.wikidata.org/entity/Q123547042,Q123547042,Weir,49.227329514,13.899475531
Czech Republic,Q213,http://www.wikidata.org/entity/Q123547188,Q123547188,Weir,49.60897046,14.837332549
Czech Republic,Q213,http://www.wikidata.org/entity/Q123547103,Q123547103,Weir,50.017998334,13.833044502
Czech Republic,Q213,http://www.wikidata.org/entity/Q123547222,Q123547222,Weir,49.382691206,13.252322906
Czech Republic,Q213,http://www.wikidata.org/entity/Q123547078,Q123547078,Weir,49.960451765,14.32637435
Czech Republic,Q213,http://www.wikidata.org/entity/Q123547045,Q123547045,Weir,49.17355421,13.887684655
Czech Republic,Q213,http://www.wikidata.org/entity/Q123547033,Q123547033,Weir,49.122653146,14.090751432
Czech Republic,Q213,http://www.wikidata.org/entity/Q123547031,Q123547031,Weir,49.160174151,13.89999266
Czech Republic,Q213,http://www.wikidata.org/entity/Q123547012,Q123547012,Weir,49.944463849,13.373067202
Czech Republic,Q213,http://www.wikidata.org/entity/Q123547021,Q123547021,Weir,49.283340829,13.7936101
Czech Republic,Q213,http://www.wikidata.org/entity/Q123547087,Q123547087,Weir,50.112065674,14.427693309
Czech Republic,Q213,http://www.wikidata.org/entity/Q123547025,Q123547025,Weir,50.315109452,14.353273802
Czech Republic,Q213,http://www.wikidata.org/entity/Q123547016,Q123547016,Weir,49.97048645,13.343286331
Czech Republic,Q213,http://www.wikidata.org/entity/Q123547148,Q123547148,Weir,49.579793731,15.629263377
Czech Republic,Q213,http://www.wikidata.org/entity/Q123547236,Q123547236,Weir,49.804546007,12.707658292
Czech Republic,Q213,http://www.wikidata.org/entity/Q123547211,Q123547211,Weir,49.951734076,14.052051504
Czech Republic,Q213,http://www.wikidata.org/entity/Q123547193,Q123547193,Weir,49.546926511,14.816660033
Czech Republic,Q213,http://www.wikidata.org/entity/Q123547170,Q123547170,Weir,49.764691788,14.923385343
Czech Republic,Q213,http://www.wikidata.org/entity/Q123547074,Q123547074,Weir,49.299051028,13.749397738
Czech Republic,Q213,http://www.wikidata.org/entity/Q123547167,Q123547167,Weir,49.56700422,15.87471552
Czech Republic,Q213,http://www.wikidata.org/entity/Q123547201,Q123547201,Weir,49.208613023,15.06511315
Czech Republic,Q213,http://www.wikidata.org/entity/Q123547080,Vltava weir Holešovice,Weir,50.094432595,14.437504756
Czech Republic,Q213,http://www.wikidata.org/entity/Q123547051,Q123547051,Weir,49.262793057,13.910642922
Czech Republic,Q213,http://www.wikidata.org/entity/Q123547090,Q123547090,Weir,49.970198481,14.666356041
Czech Republic,Q213,http://www.wikidata.org/entity/Q123547054,Q123547054,Weir,49.262358402,13.943567442
Czech Republic,Q213,http://www.wikidata.org/entity/Q123547183,Q123547183,Weir,49.671561791,14.858067853
Czech Republic,Q213,http://www.wikidata.org/entity/Q123547207,Q123547207,Weir,49.337920594,15.073767906
Czech Republic,Q213,http://www.wikidata.org/entity/Q123547146,Q123547146,Weir,48.99109166,14.081334664
Czech Republic,Q213,http://www.wikidata.org/entity/Q123547082,Q123547082,Weir,49.316922946,13.705977936
Czech Republic,Q213,http://www.wikidata.org/entity/Q123547041,Q123547041,Weir,49.237066583,13.897098096
Czech Republic,Q213,http://www.wikidata.org/entity/Q123547056,Q123547056,Weir,49.256462736,14.008517609
Czech Republic,Q213,http://www.wikidata.org/entity/Q123547063,Q123547063,Weir,49.203898601,13.881844807
Czech Republic,Q213,http://www.wikidata.org/entity/Q123547029,Q123547029,Weir,49.257898005,14.045136241
Czech Republic,Q213,http://www.wikidata.org/entity/Q123547049,Q123547049,Weir,49.246185382,13.901449726
Czech Republic,Q213,http://www.wikidata.org/entity/Q123547178,Q123547178,Weir,49.741325706,14.915545402
Czech Republic,Q213,http://www.wikidata.org/entity/Q123547059,Q123547059,Weir,49.266864209,13.995724229
Czech Republic,Q213,http://www.wikidata.org/entity/Q123547140,Q123547140,Weir,49.054490951,14.079869273
Czech Republic,Q213,http://www.wikidata.org/entity/Q123547138,Q123547138,Weir,49.092088518,14.086357112
Czech Republic,Q213,http://www.wikidata.org/entity/Q123547111,Q123547111,Weir,49.849079824,14.549328409
Czech Republic,Q213,http://www.wikidata.org/entity/Q123547214,Q123547214,Weir,49.635056575,14.54125016
Czech Republic,Q213,http://www.wikidata.org/entity/Q123547023,Q123547023,Weir,48.87023853,14.49474969
Czech Republic,Q213,http://www.wikidata.org/entity/Q123547047,Q123547047,Weir,49.939891125,14.323641569
Czech Republic,Q213,http://www.wikidata.org/entity/Q123547238,Q123547238,Weir,49.143263081,15.084702142
Czech Republic,Q213,http://www.wikidata.org/entity/Q123547126,Q123547126,Weir,49.789789108,14.292783206
Czech Republic,Q213,http://www.wikidata.org/entity/Q123547014,Q123547014,Weir,49.935780668,13.38833484
Czech Republic,Q213,http://www.wikidata.org/entity/Q123547191,Q123547191,Weir,49.563088396,14.82938964
Czech Republic,Q213,http://www.wikidata.org/entity/Q123547155,Q123547155,Weir,48.816505784,14.289720349
Czech Republic,Q213,http://www.wikidata.org/entity/Q123547286,Q123547286,Weir,49.643478483,14.854100256
Czech Republic,Q213,http://www.wikidata.org/entity/Q123547391,Q123547391,Weir,50.401328426,15.870355678
Czech Republic,Q213,http://www.wikidata.org/entity/Q123547405,Q123547405,Weir,50.477208083,16.180247076
Czech Republic,Q213,http://www.wikidata.org/entity/Q123547350,Q123547350,Weir,50.565191602,15.650946277
Czech Republic,Q213,http://www.wikidata.org/entity/Q123547312,Q123547312,Weir,50.342419292,16.156516908
Czech Republic,Q213,http://www.wikidata.org/entity/Q123547353,Q123547353,Weir,50.584267831,15.613259443
Czech Republic,Q213,http://www.wikidata.org/entity/Q123547344,Q123547344,Weir,50.708836016,15.584344736
Czech Republic,Q213,http://www.wikidata.org/entity/Q123547292,Q123547292,Weir,49.508766463,13.617494258
Czech Republic,Q213,http://www.wikidata.org/entity/Q123547245,Q123547245,Weir,49.174423372,15.248764692
Czech Republic,Q213,http://www.wikidata.org/entity/Q123547272,Q123547272,Weir,49.420800701,13.453844592
Czech Republic,Q213,http://www.wikidata.org/entity/Q123547259,Q123547259,Weir,49.155083584,15.230109559
Czech Republic,Q213,http://www.wikidata.org/entity/Q123547372,Q123547372,Weir,50.515380327,15.740711331
Czech Republic,Q213,http://www.wikidata.org/entity/Q123547479,Q123547479,Weir,50.33455277,16.058999788
Czech Republic,Q213,http://www.wikidata.org/entity/Q123547288,Q123547288,Weir,49.617954722,14.83893885
Czech Republic,Q213,http://www.wikidata.org/entity/Q123547307,Q123547307,Weir,50.349062434,16.117757895
Czech Republic,Q213,http://www.wikidata.org/entity/Q123547368,Q123547368,Weir,50.446479614,15.784546587
Czech Republic,Q213,http://www.wikidata.org/entity/Q123547449,Q123547449,Weir,50.474179061,14.345609551
Czech Republic,Q213,http://www.wikidata.org/entity/Q123547282,Q123547282,Weir,49.264110053,14.717822085
Czech Republic,Q213,http://www.wikidata.org/entity/Q123547358,Q123547358,Weir,50.634413768,15.605381184
Czech Republic,Q213,http://www.wikidata.org/entity/Q123547263,Q123547263,Weir,49.796491562,14.296308434
Czech Republic,Q213,http://www.wikidata.org/entity/Q123547377,Q123547377,Weir,50.355085868,15.920520882
Czech Republic,Q213,http://www.wikidata.org/entity/Q123547423,Q123547423,Weir,50.168972393,14.985769461
Czech Republic,Q213,http://www.wikidata.org/entity/Q123547481,Q123547481,Weir,50.495376289,16.183501885
Czech Republic,Q213,http://www.wikidata.org/entity/Q123547386,Q123547386,Weir,50.379883738,15.920784533
Czech Republic,Q213,http://www.wikidata.org/entity/Q123547339,Q123547339,Weir,50.65865641,15.599683409
Czech Republic,Q213,http://www.wikidata.org/entity/Q123547356,weir Vrchlabí - Škoda,Weir,50.613636449,15.616981807
Czech Republic,Q213,http://www.wikidata.org/entity/Q123547410,Q123547410,Weir,50.486899474,16.180886022
Czech Republic,Q213,http://www.wikidata.org/entity/Q123547362,Q123547362,Weir,50.425679512,15.813141773
Czech Republic,Q213,http://www.wikidata.org/entity/Q123547332,Q123547332,Weir,50.348198395,15.987358274
Czech Republic,Q213,http://www.wikidata.org/entity/Q123547256,Q123547256,Weir,49.143825857,15.092645556
Czech Republic,Q213,http://www.wikidata.org/entity/Q123547240,Q123547240,Weir,49.154832602,15.238490417
Czech Republic,Q213,http://www.wikidata.org/entity/Q123547289,Q123547289,Weir,49.842872915,13.22123234
Czech Republic,Q213,http://www.wikidata.org/entity/Q123547446,Q123547446,Weir,50.041224123,15.691289102
Czech Republic,Q213,http://www.wikidata.org/entity/Q123547431,Q123547431,Weir,50.301645743,14.483018876
Czech Republic,Q213,http://www.wikidata.org/entity/Q123547463,Q123547463,Weir,50.521374006,16.211998341
Czech Republic,Q213,http://www.wikidata.org/entity/Q123547359,Q123547359,Weir,50.418651256,15.853146392
Czech Republic,Q213,http://www.wikidata.org/entity/Q123547314,Q123547314,Weir,50.34536332,16.152192217
Czech Republic,Q213,http://www.wikidata.org/entity/Q123547384,Q123547384,Weir,50.364517166,15.917815319
Czech Republic,Q213,http://www.wikidata.org/entity/Q123547260,Q123547260,Weir,49.534961404,12.891144434
Czech Republic,Q213,http://www.wikidata.org/entity/Q123547450,Q123547450,Weir,50.638711275,14.047960511
Czech Republic,Q213,http://www.wikidata.org/entity/Q123547354,Q123547354,Weir,50.59131606,15.612786318
Czech Republic,Q213,http://www.wikidata.org/entity/Q123547255,Q123547255,Weir,49.252140168,15.300772036
Czech Republic,Q213,http://www.wikidata.org/entity/Q123547328,Q123547328,Weir,50.345081575,15.971689288
Czech Republic,Q213,http://www.wikidata.org/entity/Q123547303,Q123547303,Weir,50.420486541,16.191307829
Czech Republic,Q213,http://www.wikidata.org/entity/Q123547267,Q123547267,Weir,49.443374528,13.469030954
Czech Republic,Q213,http://www.wikidata.org/entity/Q123547444,Q123547444,Weir,50.428414171,14.261557797
Czech Republic,Q213,http://www.wikidata.org/entity/Q123547252,Q123547252,Weir,49.203419696,15.254253808
Czech Republic,Q213,http://www.wikidata.org/entity/Q123547435,Q123547435,Weir,50.139268403,15.121763108
Czech Republic,Q213,http://www.wikidata.org/entity/Q123547308,Q123547308,Weir,50.34976861,16.139634452
Czech Republic,Q213,http://www.wikidata.org/entity/Q123547284,Q123547284,Weir,48.764443226,14.967021157
Czech Republic,Q213,http://www.wikidata.org/entity/Q123547471,Q123547471,Weir,50.593592205,16.16570447
Czech Republic,Q213,http://www.wikidata.org/entity/Q123547330,Q123547330,Weir,50.345630048,15.957690477
Czech Republic,Q213,http://www.wikidata.org/entity/Q123547342,Q123547342,Weir,50.664807085,15.593620466
Czech Republic,Q213,http://www.wikidata.org/entity/Q123547318,Q123547318,Weir,50.350074361,16.162290249
Czech Republic,Q213,http://www.wikidata.org/entity/Q123547429,Q123547429,Weir,50.177039832,14.827283106
Czech Republic,Q213,http://www.wikidata.org/entity/Q123547396,Q123547396,Weir,50.168817417,14.753265764
Czech Republic,Q213,http://www.wikidata.org/entity/Q123547242,Q123547242,Weir,49.16934326,15.252456547
Czech Republic,Q213,http://www.wikidata.org/entity/Q123547275,Q123547275,Weir,49.411588347,13.45013331
Czech Republic,Q213,http://www.wikidata.org/entity/Q123547393,Q123547393,Weir,50.188086568,14.668671893
Czech Republic,Q213,http://www.wikidata.org/entity/Q123547280,Q123547280,Weir,49.02213642,15.11154757
Czech Republic,Q213,http://www.wikidata.org/entity/Q123547299,Q123547299,Weir,49.165885706,15.01937609
Czech Republic,Q213,http://www.wikidata.org/entity/Q123547452,Q123547452,Weir,50.036147108,15.350858868
Czech Republic,Q213,http://www.wikidata.org/entity/Q123547457,Q123547457,Weir,50.484634937,16.181691112
Czech Republic,Q213,http://www.wikidata.org/entity/Q123547466,Q123547466,Weir,50.503454637,16.210800248
Czech Republic,Q213,http://www.wikidata.org/entity/Q123547278,Q123547278,Weir,49.379545458,13.478256835
Czech Republic,Q213,http://www.wikidata.org/entity/Q123547331,Q123547331,Weir,50.347530677,15.976002412
Czech Republic,Q213,http://www.wikidata.org/entity/Q123547322,Q123547322,Weir,50.343753975,16.026648071
Czech Republic,Q213,http://www.wikidata.org/entity/Q123547371,Q123547371,Weir,50.498406588,15.741425031
Czech Republic,Q213,http://www.wikidata.org/entity/Q123547398,Q123547398,Weir,50.526366536,14.180438117
Czech Republic,Q213,http://www.wikidata.org/entity/Q123547295,Q123547295,Weir,49.254571153,13.760292144
Czech Republic,Q213,http://www.wikidata.org/entity/Q123547248,Q123547248,Weir,49.17823073,15.249478335
Czech Republic,Q213,http://www.wikidata.org/entity/Q123547487,Q123547487,Weir,50.541848016,16.132980296
Czech Republic,Q213,http://www.wikidata.org/entity/Q123547376,Q123547376,Weir,50.537125038,15.734326657
Czech Republic,Q213,http://www.wikidata.org/entity/Q123547419,Q123547419,Weir,50.029275309,15.204052873
Czech Republic,Q213,http://www.wikidata.org/entity/Q123547348,Q123547348,Weir,50.550996778,15.689656484
Czech Republic,Q213,http://www.wikidata.org/entity/Q123547475,Q123547475,Weir,50.6113478,16.141980625
Czech Republic,Q213,http://www.wikidata.org/entity/Q123547310,Q123547310,Weir,50.342776413,16.150628074
Czech Republic,Q213,http://www.wikidata.org/entity/Q123547482,Q123547482,Weir,50.519187378,16.18138504
Czech Republic,Q213,http://www.wikidata.org/entity/Q123547441,Q123547441,Weir,50.043632236,15.574204395
Czech Republic,Q213,http://www.wikidata.org/entity/Q123547433,Q123547433,Weir,50.161239183,15.809696731
Czech Republic,Q213,http://www.wikidata.org/entity/Q123547249,Q123547249,Weir,49.200333677,15.247396141
Czech Republic,Q213,http://www.wikidata.org/entity/Q123547301,Q123547301,Weir,50.407573273,16.161239153
Czech Republic,Q213,http://www.wikidata.org/entity/Q123547428,Q123547428,Weir,50.516723303,14.073977033
Czech Republic,Q213,http://www.wikidata.org/entity/Q123547403,Q123547403,Weir,50.168819236,14.940165666
Czech Republic,Q213,http://www.wikidata.org/entity/Q123547270,Q123547270,Weir,49.428954938,13.461021682
Czech Republic,Q213,http://www.wikidata.org/entity/Q123547366,Q123547366,Weir,50.439817181,15.809144492
Czech Republic,Q213,http://www.wikidata.org/entity/Q123547454,Q123547454,Weir,50.090366313,15.164274137
Czech Republic,Q213,http://www.wikidata.org/entity/Q123547325,Q123547325,Weir,50.344676479,16.023521129
Czech Republic,Q213,http://www.wikidata.org/entity/Q123547380,Q123547380,Weir,50.358204222,15.917762527
Czech Republic,Q213,http://www.wikidata.org/entity/Q123547476,Q123547476,Weir,50.607276024,16.115929695
Czech Republic,Q213,http://www.wikidata.org/entity/Q123547336,Q123547336,Weir,50.647635307,15.605216789
Czech Republic,Q213,http://www.wikidata.org/entity/Q123547414,Q123547414,Weir,50.054936946,15.176750309
Czech Republic,Q213,http://www.wikidata.org/entity/Q123547426,Q123547426,Weir,50.258041299,14.527381194
Czech Republic,Q213,http://www.wikidata.org/entity/Q123547401,Q123547401,Weir,50.400619471,14.450246157
Czech Republic,Q213,http://www.wikidata.org/entity/Q123547421,Q123547421,Weir,50.235003858,14.59861861
Czech Republic,Q213,http://www.wikidata.org/entity/Q123547470,Q123547470,Weir,50.536998637,16.179477114
Czech Republic,Q213,http://www.wikidata.org/entity/Q123547265,Q123547265,Weir,49.452703591,13.468878656
Czech Republic,Q213,http://www.wikidata.org/entity/Q123547335,Q123547335,Weir,50.347424949,15.992322868
Czech Republic,Q213,http://www.wikidata.org/entity/Q123547381,Q123547381,Weir,50.358560622,15.914500687
Czech Republic,Q213,http://www.wikidata.org/entity/Q123547459,Q123547459,Weir,50.493369607,16.188766623
Czech Republic,Q213,http://www.wikidata.org/entity/Q123547613,Q123547613,Weir,50.543079897,15.979053989
Czech Republic,Q213,http://www.wikidata.org/entity/Q123547638,Q123547638,Weir,50.606101035,15.833113925
Czech Republic,Q213,http://www.wikidata.org/entity/Q123547532,Q123547532,Weir,49.889283051,16.248030574
Czech Republic,Q213,http://www.wikidata.org/entity/Q123547648,Q123547648,Weir,50.659968014,15.821140053
Czech Republic,Q213,http://www.wikidata.org/entity/Q123547687,Q123547687,Weir,50.062247122,16.533424043
Czech Republic,Q213,http://www.wikidata.org/entity/Q123547523,Q123547523,Weir,49.92997696,16.199321354
Czech Republic,Q213,http://www.wikidata.org/entity/Q123547552,Q123547552,Weir,49.963620313,15.809100298
Czech Republic,Q213,http://www.wikidata.org/entity/Q123547605,Q123547605,Weir,50.505649485,16.022711534
Czech Republic,Q213,http://www.wikidata.org/entity/Q123547560,Q123547560,Weir,49.915841611,15.811875599
Czech Republic,Q213,http://www.wikidata.org/entity/Q123547699,Q123547699,Weir,50.054187424,16.160203116
Czech Republic,Q213,http://www.wikidata.org/entity/Q123547543,Q123547543,Weir,49.876296798,16.304421794
Czech Republic,Q213,http://www.wikidata.org/entity/Q123547549,Q123547549,Weir,49.975464898,15.843556572
Czech Republic,Q213,http://www.wikidata.org/entity/Q123547577,Q123547577,Weir,49.743271735,15.925649679
Czech Republic,Q213,http://www.wikidata.org/entity/Q123547512,Q123547512,Weir,49.974208702,16.146184038
Czech Republic,Q213,http://www.wikidata.org/entity/Q123547685,Q123547685,Weir,50.074219397,16.514370723
Czech Republic,Q213,http://www.wikidata.org/entity/Q123547556,Q123547556,Weir,49.933597708,15.813801619
Czech Republic,Q213,http://www.wikidata.org/entity/Q123547515,Q123547515,Weir,49.959367523,16.163757864
Czech Republic,Q213,http://www.wikidata.org/entity/Q123547645,Q123547645,Weir,50.654053645,15.820921287
Czech Republic,Q213,http://www.wikidata.org/entity/Q123547707,Q123547707,Weir,49.999257743,16.247478659
Czech Republic,Q213,http://www.wikidata.org/entity/Q123547635,Q123547635,Weir,50.602213697,15.851847608
Czech Republic,Q213,http://www.wikidata.org/entity/Q123547495,Q123547495,Weir,50.055579404,15.861174445
Czech Republic,Q213,http://www.wikidata.org/entity/Q123547644,Q123547644,Weir,50.647787047,15.816400586
Czech Republic,Q213,http://www.wikidata.org/entity/Q123547617,Q123547617,Weir,50.573652025,15.966082075
Czech Republic,Q213,http://www.wikidata.org/entity/Q123547620,Q123547620,Weir,50.574546202,15.958704311
Czech Republic,Q213,http://www.wikidata.org/entity/Q123547538,Q123547538,Weir,49.884712053,16.282464494
Czech Republic,Q213,http://www.wikidata.org/entity/Q123547678,Q123547678,Weir,50.086883358,16.475004276
Czech Republic,Q213,http://www.wikidata.org/entity/Q123547662,Q123547662,Weir,50.102756936,16.268239059
Czech Republic,Q213,http://www.wikidata.org/entity/Q123547511,Q123547511,Weir,49.986238404,16.131086644
Czech Republic,Q213,http://www.wikidata.org/entity/Q123547652,Q123547652,Weir,50.661860093,15.816408134
Czech Republic,Q213,http://www.wikidata.org/entity/Q123547640,Q123547640,Weir,50.622442135,15.817702931
Czech Republic,Q213,http://www.wikidata.org/entity/Q123547554,Q123547554,Weir,49.940320177,15.802322405
Czech Republic,Q213,http://www.wikidata.org/entity/Q123547611,Q123547611,Weir,50.527766225,15.997017167
Czech Republic,Q213,http://www.wikidata.org/entity/Q123547585,Q123547585,Weir,50.367275183,15.975213034
Czech Republic,Q213,http://www.wikidata.org/entity/Q123547595,Q123547595,Weir,50.400273424,16.047212607
Czech Republic,Q213,http://www.wikidata.org/entity/Q123547564,Q123547564,Weir,49.886705173,15.813962931
Czech Republic,Q213,http://www.wikidata.org/entity/Q123547708,Q123547708,Weir,50.000963055,16.280618333
Czech Republic,Q213,http://www.wikidata.org/entity/Q123547558,Q123547558,Weir,49.93097095,15.816383521
Czech Republic,Q213,http://www.wikidata.org/entity/Q123547668,Q123547668,Weir,50.069454139,16.335665991
Czech Republic,Q213,http://www.wikidata.org/entity/Q123547694,Q123547694,Weir,50.089798535,16.113091495
Czech Republic,Q213,http://www.wikidata.org/entity/Q123547657,Q123547657,Weir,50.668246554,15.793172494
Czech Republic,Q213,http://www.wikidata.org/entity/Q123547718,Q123547718,Weir,49.971514291,16.362809386
Czech Republic,Q213,http://www.wikidata.org/entity/Q123547704,Q123547704,Weir,49.999333439,16.225055141
Czech Republic,Q213,http://www.wikidata.org/entity/Q123547689,Q123547689,Weir,50.128960858,16.557212551
Czech Republic,Q213,http://www.wikidata.org/entity/Q123547519,Q123547519,Weir,49.948144856,16.190892587
Czech Republic,Q213,http://www.wikidata.org/entity/Q123547720,Q123547720,Weir,49.985562694,16.405648141
Czech Republic,Q213,http://www.wikidata.org/entity/Q123547621,Q123547621,Weir,50.568664748,15.935531517
Czech Republic,Q213,http://www.wikidata.org/entity/Q123547526,Q123547526,Weir,49.911498013,16.205972843
Czech Republic,Q213,http://www.wikidata.org/entity/Q123547491,Q123547491,Weir,50.061607114,15.826432038
Czech Republic,Q213,http://www.wikidata.org/entity/Q123547534,Q123547534,Weir,49.885379958,16.274806518
Czech Republic,Q213,http://www.wikidata.org/entity/Q123547540,Q123547540,Weir,49.882004505,16.292820665
Czech Republic,Q213,http://www.wikidata.org/entity/Q123547615,Q123547615,Weir,50.548581927,15.977985137
Czech Republic,Q213,http://www.wikidata.org/entity/Q123547508,Q123547508,Weir,49.993102198,16.11762833
Czech Republic,Q213,http://www.wikidata.org/entity/Q123547631,Q123547631,Weir,50.598391722,15.871100403
Czech Republic,Q213,http://www.wikidata.org/entity/Q123547664,Q123547664,Weir,50.085317489,16.307117804
Czech Republic,Q213,http://www.wikidata.org/entity/Q123547580,Q123547580,Weir,50.023503834,15.310819894
Czech Republic,Q213,http://www.wikidata.org/entity/Q123547587,Q123547587,Weir,50.375410828,15.987991423
Czech Republic,Q213,http://www.wikidata.org/entity/Q123547680,Q123547680,Weir,50.080606327,16.504651103
Czech Republic,Q213,http://www.wikidata.org/entity/Q123547497,Q123547497,Weir,50.006579105,15.954857223
Czech Republic,Q213,http://www.wikidata.org/entity/Q123547660,Q123547660,Weir,50.114122255,16.218585263
Czech Republic,Q213,http://www.wikidata.org/entity/Q123547642,Q123547642,Weir,50.633735453,15.812884314
Czech Republic,Q213,http://www.wikidata.org/entity/Q123547522,Q123547522,Weir,49.943875231,16.195155064
Czech Republic,Q213,http://www.wikidata.org/entity/Q123547489,Q123547489,Weir,50.139879101,16.067519223
Czech Republic,Q213,http://www.wikidata.org/entity/Q123547676,Q123547676,Weir,50.09299679,16.457772731
Czech Republic,Q213,http://www.wikidata.org/entity/Q123547572,Q123547572,Weir,49.799142519,15.77186526
Czech Republic,Q213,http://www.wikidata.org/entity/Q123547502,Q123547502,Weir,49.989140349,16.032956896
Czech Republic,Q213,http://www.wikidata.org/entity/Q123547524,Q123547524,Weir,49.914763035,16.20183167
Czech Republic,Q213,http://www.wikidata.org/entity/Q123547575,Q123547575,Weir,49.748732717,15.872663329
Czech Republic,Q213,http://www.wikidata.org/entity/Q123547705,Q123547705,Weir,49.997205998,16.236234308
Czech Republic,Q213,http://www.wikidata.org/entity/Q123547566,Q123547566,Weir,49.845693426,15.717482615
Czech Republic,Q213,http://www.wikidata.org/entity/Q123547624,Q123547624,Weir,50.573953324,15.900589235
Czech Republic,Q213,http://www.wikidata.org/entity/Q123547633,Q123547633,Weir,50.60026602,15.860789026
Czech Republic,Q213,http://www.wikidata.org/entity/Q123547504,Q123547504,Weir,50.000655682,16.102864117
Czech Republic,Q213,http://www.wikidata.org/entity/Q123547670,Q123547670,Weir,50.084016392,16.353522236
Czech Republic,Q213,http://www.wikidata.org/entity/Q123547601,Q123547601,Weir,50.484675752,16.038636992
Czech Republic,Q213,http://www.wikidata.org/entity/Q123547701,Q123547701,Weir,50.028776204,16.186833565
Czech Republic,Q213,http://www.wikidata.org/entity/Q123547600,Q123547600,Weir,50.451595789,16.049723757
Czech Republic,Q213,http://www.wikidata.org/entity/Q123547518,Q123547518,Weir,49.954832913,16.188654146
Czech Republic,Q213,http://www.wikidata.org/entity/Q123547593,Q123547593,Weir,50.394828649,16.037937074
Czech Republic,Q213,http://www.wikidata.org/entity/Q123547608,Q123547608,Weir,50.514759706,16.015581016
Czech Republic,Q213,http://www.wikidata.org/entity/Q123547604,Q123547604,Weir,50.484489887,16.044712351
Czech Republic,Q213,http://www.wikidata.org/entity/Q123547499,Q123547499,Weir,49.997088888,15.987655717
Czech Republic,Q213,http://www.wikidata.org/entity/Q123547569,Q123547569,Weir,49.806770228,15.727125118
Czech Republic,Q213,http://www.wikidata.org/entity/Q123547655,Q123547655,Weir,50.665511459,15.796226287
Czech Republic,Q213,http://www.wikidata.org/entity/Q123547542,Q123547542,Weir,49.879287598,16.297138756
Czech Republic,Q213,http://www.wikidata.org/entity/Q123547625,Q123547625,Weir,50.58404656,15.894193285
Czech Republic,Q213,http://www.wikidata.org/entity/Q123547581,Q123547581,Weir,50.362401569,15.936617532
Czech Republic,Q213,http://www.wikidata.org/entity/Q123547673,Q123547673,Weir,50.092529914,16.386172387
Czech Republic,Q213,http://www.wikidata.org/entity/Q123547590,Q123547590,Weir,50.384889228,16.008711844
Czech Republic,Q213,http://www.wikidata.org/entity/Q123547690,Q123547690,Weir,50.297252451,16.461591035
Czech Republic,Q213,http://www.wikidata.org/entity/Q123547696,Q123547696,Weir,50.076891246,16.140383852
Czech Republic,Q213,http://www.wikidata.org/entity/Q123547583,Q123547583,Weir,50.363498745,15.948973885
Czech Republic,Q213,http://www.wikidata.org/entity/Q123547711,Q123547711,Weir,49.999715832,16.290925021
Czech Republic,Q213,http://www.wikidata.org/entity/Q123547682,Q123547682,Weir,50.078431358,16.507905559
Czech Republic,Q213,http://www.wikidata.org/entity/Q123547530,Q123547530,Weir,49.899758063,16.218529308
Czech Republic,Q213,http://www.wikidata.org/entity/Q123547665,Q123547665,Weir,50.075472139,16.306386665
Czech Republic,Q213,http://www.wikidata.org/entity/Q123547597,Q123547597,Weir,50.412196161,16.056070048
Czech Republic,Q213,http://www.wikidata.org/entity/Q123547628,Q123547628,Weir,50.593711427,15.881045282
Czech Republic,Q213,http://www.wikidata.org/entity/Q123547537,Q123547537,Weir,49.885130204,16.27920377
Czech Republic,Q213,http://www.wikidata.org/entity/Q123547562,Q123547562,Weir,49.897864491,15.821898311
Czech Republic,Q213,http://www.wikidata.org/entity/Q123547546,Q123547546,Weir,49.869827965,16.310032038
Czech Republic,Q213,http://www.wikidata.org/entity/Q123549194,Q123549194,Weir,49.100551712,16.210349828
Czech Republic,Q213,http://www.wikidata.org/entity/Q123549345,Weir Bolelouc,Weir,49.496171794,17.275785597
Czech Republic,Q213,http://www.wikidata.org/entity/Q123549269,Q123549269,Weir,50.085699681,16.839304695
Czech Republic,Q213,http://www.wikidata.org/entity/Q123549230,Q123549230,Weir,49.597559463,16.45257606
Czech Republic,Q213,http://www.wikidata.org/entity/Q123549227,Q123549227,Weir,50.108183484,16.930674446
Czech Republic,Q213,http://www.wikidata.org/entity/Q123549248,Q123549248,Weir,49.136990373,17.031105842
Czech Republic,Q213,http://www.wikidata.org/entity/Q123549256,Q123549256,Weir,49.143975888,16.927471433
Czech Republic,Q213,http://www.wikidata.org/entity/Q123549409,Q123549409,Weir,49.492275898,17.342216144
Czech Republic,Q213,http://www.wikidata.org/entity/Q123549358,Q123549358,Weir,48.952089408,15.471964839
Czech Republic,Q213,http://www.wikidata.org/entity/Q123549253,Šestisplav weir,Weir,49.143837407,16.860634531
Czech Republic,Q213,http://www.wikidata.org/entity/Q123549267,Q123549267,Weir,49.786472422,16.900523875
Czech Republic,Q213,http://www.wikidata.org/entity/Q123549177,Q123549177,Weir,49.368276106,15.714684509
Czech Republic,Q213,http://www.wikidata.org/entity/Q123549232,Q123549232,Weir,49.616617297,16.418923231
Czech Republic,Q213,http://www.wikidata.org/entity/Q123549354,Q123549354,Weir,49.028933405,15.434052672
Czech Republic,Q213,http://www.wikidata.org/entity/Q123549225,Q123549225,Weir,50.178655347,16.932731011
Czech Republic,Q213,http://www.wikidata.org/entity/Q123549219,Q123549219,Weir,49.457662284,17.777525697
Czech Republic,Q213,http://www.wikidata.org/entity/Q123549312,Q123549312,Weir,50.023410309,16.89817268
Czech Republic,Q213,http://www.wikidata.org/entity/Q123549352,Q123549352,Weir,49.016371031,15.430695786
Czech Republic,Q213,http://www.wikidata.org/entity/Q123549371,Q123549371,Weir,49.064681223,15.428992181
Czech Republic,Q213,http://www.wikidata.org/entity/Q123549206,Q123549206,Weir,49.097793713,16.385285165
Czech Republic,Q213,http://www.wikidata.org/entity/Q123549182,Q123549182,Weir,49.410047547,15.596303334
Czech Republic,Q213,http://www.wikidata.org/entity/Q123549333,weir in Morava river,Weir,49.706027614,17.062834129
Czech Republic,Q213,http://www.wikidata.org/entity/Q123549395,Q123549395,Weir,48.953545391,17.376778684
Czech Republic,Q213,http://www.wikidata.org/entity/Q123549327,Q123549327,Weir,49.586268203,17.262036206
Czech Republic,Q213,http://www.wikidata.org/entity/Q123549393,Q123549393,Weir,49.415935,17.482579397
Czech Republic,Q213,http://www.wikidata.org/entity/Q123549207,Q123549207,Weir,49.393988552,15.641258285
Czech Republic,Q213,http://www.wikidata.org/entity/Q123549175,Q123549175,Weir,49.307374074,15.747818548
Czech Republic,Q213,http://www.wikidata.org/entity/Q123549284,Q123549284,Weir,48.983569345,17.389963785
Czech Republic,Q213,http://www.wikidata.org/entity/Q123549357,Q123549357,Weir,49.036590416,15.433286874
Czech Republic,Q213,http://www.wikidata.org/entity/Q123549235,Q123549235,Weir,49.014569038,17.125965175
Czech Republic,Q213,http://www.wikidata.org/entity/Q123549350,Q123549350,Weir,48.993009473,15.435311032
Czech Republic,Q213,http://www.wikidata.org/entity/Q123549347,Q123549347,Weir,49.107050953,15.44600534
Czech Republic,Q213,http://www.wikidata.org/entity/Q123549318,Q123549318,Weir,48.64883321,16.969283728
Czech Republic,Q213,http://www.wikidata.org/entity/Q123549374,Q123549374,Weir,49.073399727,15.431709622
Czech Republic,Q213,http://www.wikidata.org/entity/Q123549237,Q123549237,Weir,48.911266601,17.054067361
Czech Republic,Q213,http://www.wikidata.org/entity/Q123549217,Q123549217,Weir,49.434252723,17.77060692
Czech Republic,Q213,http://www.wikidata.org/entity/Q123549335,Q123549335,Weir,49.135301618,17.502488609
Czech Republic,Q213,http://www.wikidata.org/entity/Q123549286,Q123549286,Weir,50.088252279,16.92022125
Czech Republic,Q213,http://www.wikidata.org/entity/Q123549201,Q123549201,Weir,49.090783127,16.34823362
Czech Republic,Q213,http://www.wikidata.org/entity/Q123549368,Q123549368,Weir,49.051928373,15.437802884
Czech Republic,Q213,http://www.wikidata.org/entity/Q123549190,Q123549190,Weir,49.209176832,15.990311693
Czech Republic,Q213,http://www.wikidata.org/entity/Q123549385,Q123549385,Weir,49.911281402,16.641345996
Czech Republic,Q213,http://www.wikidata.org/entity/Q123549406,Q123549406,Weir,49.496517675,17.388017177
Czech Republic,Q213,http://www.wikidata.org/entity/Q123549325,Q123549325,Weir,49.735198807,16.992148422
Czech Republic,Q213,http://www.wikidata.org/entity/Q123549263,Q123549263,Weir,49.689807913,17.093185532
Czech Republic,Q213,http://www.wikidata.org/entity/Q123549301,Q123549301,Weir,49.831648656,16.922917002
Czech Republic,Q213,http://www.wikidata.org/entity/Q123549295,Q123549295,Weir,49.806827862,16.938017941
Czech Republic,Q213,http://www.wikidata.org/entity/Q123549362,Q123549362,Weir,49.079528523,15.439593736
Czech Republic,Q213,http://www.wikidata.org/entity/Q123549243,Q123549243,Weir,48.873128985,17.060930543
Czech Republic,Q213,http://www.wikidata.org/entity/Q123549258,Q123549258,Weir,49.103585648,17.758338637
Czech Republic,Q213,http://www.wikidata.org/entity/Q123549316,Q123549316,Weir,49.319903997,17.37840872
Czech Republic,Q213,http://www.wikidata.org/entity/Q123549292,Q123549292,Weir,49.932978524,16.909420249
Czech Republic,Q213,http://www.wikidata.org/entity/Q123549398,Q123549398,Weir,48.992528927,17.388251684
Czech Republic,Q213,http://www.wikidata.org/entity/Q123549320,Q123549320,Weir,48.734949023,17.021573851
Czech Republic,Q213,http://www.wikidata.org/entity/Q123549257,Q123549257,Weir,49.12760303,16.815904653
Czech Republic,Q213,http://www.wikidata.org/entity/Q123549297,Q123549297,Weir,49.795546515,16.945370363
Czech Republic,Q213,http://www.wikidata.org/entity/Q123549289,Q123549289,Weir,49.942144649,16.900166875
Czech Republic,Q213,http://www.wikidata.org/entity/Q123549198,Q123549198,Weir,49.096893798,16.302693507
Czech Republic,Q213,http://www.wikidata.org/entity/Q123549382,Q123549382,Weir,49.887508465,16.633932735
Czech Republic,Q213,http://www.wikidata.org/entity/Q123549299,Q123549299,Weir,49.968979605,16.873631818
Czech Republic,Q213,http://www.wikidata.org/entity/Q123549186,Q123549186,Weir,49.21200969,15.972741904
Czech Republic,Q213,http://www.wikidata.org/entity/Q123549405,Q123549405,Weir,48.978006248,17.485158667
Czech Republic,Q213,http://www.wikidata.org/entity/Q123549366,Q123549366,Weir,49.074429238,15.421734902
Czech Republic,Q213,http://www.wikidata.org/entity/Q123549414,Q123549414,Weir,49.041998925,17.530840055
Czech Republic,Q213,http://www.wikidata.org/entity/Q123549309,Q123549309,Weir,49.996211146,16.895088081
Czech Republic,Q213,http://www.wikidata.org/entity/Q123549294,Q123549294,Weir,49.955924994,16.868778776
Czech Republic,Q213,http://www.wikidata.org/entity/Q123549233,Q123549233,Weir,49.027474094,17.126629018
Czech Republic,Q213,http://www.wikidata.org/entity/Q123549272,Q123549272,Weir,50.089032543,16.847894491
Czech Republic,Q213,http://www.wikidata.org/entity/Q123549387,Q123549387,Weir,49.425450101,17.547644755
Czech Republic,Q213,http://www.wikidata.org/entity/Q123549259,Q123549259,Weir,49.687653395,17.109369979
Czech Republic,Q213,http://www.wikidata.org/entity/Q123549184,Q123549184,Weir,49.038154297,16.509301392
Czech Republic,Q213,http://www.wikidata.org/entity/Q123549223,Q123549223,Weir,50.166921098,16.943660337
Czech Republic,Q213,http://www.wikidata.org/entity/Q123549250,Q123549250,Weir,49.144761837,16.950965681
Czech Republic,Q213,http://www.wikidata.org/entity/Q123549342,Q123549342,Weir,49.534717076,17.26986282
Czech Republic,Q213,http://www.wikidata.org/entity/Q123549400,Q123549400,Weir,48.937003203,17.32451373
Czech Republic,Q213,http://www.wikidata.org/entity/Q123549179,Q123549179,Weir,49.365823362,15.731471809
Czech Republic,Q213,http://www.wikidata.org/entity/Q123549214,Q123549214,Weir,49.09466427,16.400962789
Czech Republic,Q213,http://www.wikidata.org/entity/Q123549314,Q123549314,Weir,49.218015751,17.502186135
Czech Republic,Q213,http://www.wikidata.org/entity/Q123549322,Q123549322,Weir,49.720198509,17.001291465
Czech Republic,Q213,http://www.wikidata.org/entity/Q123549274,Q123549274,Weir,50.157798239,16.815314486
Czech Republic,Q213,http://www.wikidata.org/entity/Q123549377,Q123549377,Weir,49.853643095,16.91461895
Czech Republic,Q213,http://www.wikidata.org/entity/Q123549330,Q123549330,Weir,49.67459828,17.171511579
Czech Republic,Q213,http://www.wikidata.org/entity/Q123549276,Q123549276,Weir,50.129003624,16.799950229
Czech Republic,Q213,http://www.wikidata.org/entity/Q123549411,Q123549411,Weir,49.04070991,17.506671927
Czech Republic,Q213,http://www.wikidata.org/entity/Q123549397,Q123549397,Weir,49.453728762,16.330930297
Czech Republic,Q213,http://www.wikidata.org/entity/Q123549246,Q123549246,Weir,49.112066882,17.140309875
Czech Republic,Q213,http://www.wikidata.org/entity/Q123549338,Q123549338,Weir,49.018123676,17.389718541
Czech Republic,Q213,http://www.wikidata.org/entity/Q123549278,Q123549278,Weir,50.123978005,16.800465766
Czech Republic,Q213,http://www.wikidata.org/entity/Q123549328,Q123549328,Weir,49.676518845,17.168489598
Czech Republic,Q213,http://www.wikidata.org/entity/Q123549280,Q123549280,Weir,50.116637807,16.799865909
Czech Republic,Q213,http://www.wikidata.org/entity/Q123549337,Q123549337,Weir,49.062243544,17.423341078
Czech Republic,Q213,http://www.wikidata.org/entity/Q123549403,Q123549403,Weir,48.978979697,17.431709445
Czech Republic,Q213,http://www.wikidata.org/entity/Q123549379,Q123549379,Weir,49.901304395,16.63601326
Czech Republic,Q213,http://www.wikidata.org/entity/Q123549308,Q123549308,Weir,49.983108596,16.889487266
Czech Republic,Q213,http://www.wikidata.org/entity/Q123549265,Q123549265,Weir,49.71173438,17.01447763
Czech Republic,Q213,http://www.wikidata.org/entity/Q123549390,Q123549390,Weir,49.409819242,17.465882154
Czech Republic,Q213,http://www.wikidata.org/entity/Q123549212,Q123549212,Weir,49.213599616,15.927810259
Czech Republic,Q213,http://www.wikidata.org/entity/Q123549181,Q123549181,Weir,49.358077261,15.734787268
Czech Republic,Q213,http://www.wikidata.org/entity/Q123549305,Q123549305,Weir,49.963632424,16.867051698
Czech Republic,Q213,http://www.wikidata.org/entity/Q123549360,Q123549360,Weir,48.964546701,15.465432228
Czech Republic,Q213,http://www.wikidata.org/entity/Q123550173,Q123550173,Weir,50.248317109,13.35688231
Czech Republic,Q213,http://www.wikidata.org/entity/Q123550177,Q123550177,Weir,50.041109203,12.824577886
Czech Republic,Q213,http://www.wikidata.org/entity/Q123550176,Q123550176,Weir,50.297774011,13.002639318
Czech Republic,Q213,http://www.wikidata.org/entity/Q123550137,Q123550137,Weir,50.388552012,13.587368476
Czech Republic,Q213,http://www.wikidata.org/entity/Q123550150,Q123550150,Weir,50.033673346,12.392476391
Czech Republic,Q213,http://www.wikidata.org/entity/Q123550128,Q123550128,Weir,50.34071576,12.873427864
Czech Republic,Q213,http://www.wikidata.org/entity/Q123550162,Q123550162,Weir,50.75419808,14.749191775
Czech Republic,Q213,http://www.wikidata.org/entity/Q123550158,Q123550158,Weir,50.77154899,14.675528157
Czech Republic,Q213,http://www.wikidata.org/entity/Q123550153,Q123550153,Weir,50.800586606,14.383284794
Czech Republic,Q213,http://www.wikidata.org/entity/Q123550151,Q123550151,Weir,50.0326124,12.385512425
Czech Republic,Q213,http://www.wikidata.org/entity/Q123550165,Q123550165,Weir,50.341471777,12.713875371
Czech Republic,Q213,http://www.wikidata.org/entity/Q123550185,Q123550185,Weir,50.916061911,14.477092281
Czech Republic,Q213,http://www.wikidata.org/entity/Q123550180,Q123550180,Weir,50.327377314,12.597314643
Czech Republic,Q213,http://www.wikidata.org/entity/Q123550134,Q123550134,Weir,50.417293573,12.766621411
Czech Republic,Q213,http://www.wikidata.org/entity/Q123550135,Q123550135,Weir,50.505105199,13.683131471
Czech Republic,Q213,http://www.wikidata.org/entity/Q123550148,Q123550148,Weir,50.336313988,12.873651006
Czech Republic,Q213,http://www.wikidata.org/entity/Q124354115,Q124354115,Weir,50.3428625,15.9381208
Czech Republic,Q213,http://www.wikidata.org/entity/Q123550167,Q123550167,Weir,50.316927259,13.026327821
Czech Republic,Q213,http://www.wikidata.org/entity/Q123550130,Q123550130,Weir,50.307996715,12.58595512
Czech Republic,Q213,http://www.wikidata.org/entity/Q123550140,Q123550140,Weir,50.237965149,12.78828816
Czech Republic,Q213,http://www.wikidata.org/entity/Q123550178,Q123550178,Weir,50.305960716,13.557930941
Czech Republic,Q213,http://www.wikidata.org/entity/Q123558148,weir in Soutice,Weir,49.73011767,15.058386325
Czech Republic,Q213,http://www.wikidata.org/entity/Q123550129,Q123550129,Weir,50.330350502,12.574116922
Czech Republic,Q213,http://www.wikidata.org/entity/Q123550133,Q123550133,Weir,50.419975197,12.758433635
Czech Republic,Q213,http://www.wikidata.org/entity/Q123550126,Q123550126,Weir,50.239512889,12.56276545
Czech Republic,Q213,http://www.wikidata.org/entity/Q123550139,Q123550139,Weir,50.246677258,12.732557593
Czech Republic,Q213,http://www.wikidata.org/entity/Q123550143,Q123550143,Weir,50.22947431,13.48337683
Czech Republic,Q213,http://www.wikidata.org/entity/Q123550166,Q123550166,Weir,50.329747285,12.866867661
Czech Republic,Q213,http://www.wikidata.org/entity/Q123550127,Q123550127,Weir,50.33258619,12.866446402
Czech Republic,Q213,http://www.wikidata.org/entity/Q123550159,Q123550159,Weir,50.723609941,14.503651187
Czech Republic,Q213,http://www.wikidata.org/entity/Q123550131,Q123550131,Weir,50.188225851,12.667462672
Czech Republic,Q213,http://www.wikidata.org/entity/Q123550174,Q123550174,Weir,50.364429385,13.32664406
Czech Republic,Q213,http://www.wikidata.org/entity/Q123550152,Q123550152,Weir,50.028183405,12.374265318
Czech Republic,Q213,http://www.wikidata.org/entity/Q123550161,Q123550161,Weir,50.816688694,14.655308516
Czech Republic,Q213,http://www.wikidata.org/entity/Q123550132,Q123550132,Weir,50.427729786,12.744700837
Czech Republic,Q213,http://www.wikidata.org/entity/Q123557045,Q123557045,Weir,50.030798101,14.55702424
Czech Republic,Q213,http://www.wikidata.org/entity/Q125689802,Q125689802,Weir,49.999653333,16.293941111
Czech Republic,Q213,http://www.wikidata.org/entity/Q123550141,Q123550141,Weir,50.251606533,13.510758317
Czech Republic,Q213,http://www.wikidata.org/entity/Q123550184,Q123550184,Weir,50.808695207,14.359308215
Czech Republic,Q213,http://www.wikidata.org/entity/Q123550157,Q123550157,Weir,50.844335303,14.403585326
Czech Republic,Q213,http://www.wikidata.org/entity/Q123550169,Q123550169,Weir,50.65338609,14.373601844
Czech Republic,Q213,http://www.wikidata.org/entity/Q123550172,Q123550172,Weir,50.579499294,14.182282214
Czech Republic,Q213,http://www.wikidata.org/entity/Q123550156,Q123550156,Weir,50.858971907,14.439899365
Czech Republic,Q213,http://www.wikidata.org/entity/Q123550154,Q123550154,Weir,50.797589291,14.386842958
Czech Republic,Q213,http://www.wikidata.org/entity/Q123550149,Q123550149,Weir,50.124372622,12.530354896
Czech Republic,Q213,http://www.wikidata.org/entity/Q123550182,Q123550182,Weir,50.811169133,14.355047411
Czech Republic,Q213,http://www.wikidata.org/entity/Q125689801,Q125689801,Weir,49.9989675,16.307691388
Czech Republic,Q213,http://www.wikidata.org/entity/Q123550186,Q123550186,Weir,50.978803437,14.295503633
Czech Republic,Q213,http://www.wikidata.org/entity/Q123550144,Q123550144,Weir,50.218165292,13.464237211
Czech Republic,Q213,http://www.wikidata.org/entity/Q123550155,Q123550155,Weir,50.799337129,14.424100273
Czech Republic,Q213,http://www.wikidata.org/entity/Q123550145,Q123550145,Weir,50.187945846,13.457256405
Czech Republic,Q213,http://www.wikidata.org/entity/Q123550170,Q123550170,Weir,50.489065462,14.364512687
Czech Republic,Q213,http://www.wikidata.org/entity/Q123550164,Q123550164,Weir,50.906736562,14.63555338
Czech Republic,Q213,http://www.wikidata.org/entity/Q123550163,Q123550163,Weir,50.808804864,14.600924631
Czech Republic,Q213,http://www.wikidata.org/entity/Q123557677,Q123557677,Weir,49.808246817,15.687183737
Czech Republic,Q213,http://www.wikidata.org/entity/Q123550160,Q123550160,Weir,50.809264633,14.664786462
Czech Republic,Q213,http://www.wikidata.org/entity/Q123550138,Q123550138,Weir,50.222140127,12.882329458
Czech Republic,Q213,http://www.wikidata.org/entity/Q123550168,Q123550168,Weir,50.804953583,14.360926597
Czech Republic,Q213,http://www.wikidata.org/entity/Q123550146,Q123550146,Weir,50.205623215,13.466207775
Czech Republic,Q213,http://www.wikidata.org/entity/Q123550171,Q123550171,Weir,50.619756124,13.976608195
Czech Republic,Q213,http://www.wikidata.org/entity/Q123550179,Q123550179,Weir,50.320740259,12.601392095
Czech Republic,Q213,http://www.wikidata.org/entity/Q123550175,Q123550175,Weir,50.35942043,13.316959779
Czech Republic,Q213,http://www.wikidata.org/entity/Q123549026,Q123549026,Weir,50.07671556,17.085599583
Czech Republic,Q213,http://www.wikidata.org/entity/Q123548964,Q123548964,Weir,50.144285517,17.013687671
Czech Republic,Q213,http://www.wikidata.org/entity/Q123548963,Q123548963,Weir,49.473419775,16.169111708
Czech Republic,Q213,http://www.wikidata.org/entity/Q123549151,Q123549151,Weir,49.264057369,15.782595505
Czech Republic,Q213,http://www.wikidata.org/entity/Q123549136,weir Český mlýn,Weir,49.406248045,15.580828625
Czech Republic,Q213,http://www.wikidata.org/entity/Q123548982,Q123548982,Weir,49.308471436,15.680371908
Czech Republic,Q213,http://www.wikidata.org/entity/Q123549003,Q123549003,Weir,49.620797837,17.401444381
Czech Republic,Q213,http://www.wikidata.org/entity/Q123549030,Q123549030,Weir,50.08476554,17.089227823
Czech Republic,Q213,http://www.wikidata.org/entity/Q123549011,weir for Šenkova pila (sawmill),Weir,49.668575693,17.417402333
Czech Republic,Q213,http://www.wikidata.org/entity/Q123549088,Q123549088,Weir,48.827132553,16.769847949
Czech Republic,Q213,http://www.wikidata.org/entity/Q123549145,Q123549145,Weir,49.246266221,15.791041598
Czech Republic,Q213,http://www.wikidata.org/entity/Q123549036,Q123549036,Weir,50.051119185,17.081062915
Czech Republic,Q213,http://www.wikidata.org/entity/Q123549126,Q123549126,Weir,48.822177719,16.379550074
Czech Republic,Q213,http://www.wikidata.org/entity/Q123549171,Q123549171,Weir,49.344032185,15.742544413
Czech Republic,Q213,http://www.wikidata.org/entity/Q123549110,Q123549110,Weir,49.47151014,17.040451901
Czech Republic,Q213,http://www.wikidata.org/entity/Q123548959,Q123548959,Weir,49.47968304,16.119101993
Czech Republic,Q213,http://www.wikidata.org/entity/Q123548981,Q123548981,Weir,49.353817071,17.159684472
Czech Republic,Q213,http://www.wikidata.org/entity/Q123549156,Q123549156,Weir,49.224372109,15.836620219
Czech Republic,Q213,http://www.wikidata.org/entity/Q123549056,Q123549056,Weir,49.218449454,17.757996371
Czech Republic,Q213,http://www.wikidata.org/entity/Q123548978,Q123548978,Weir,49.358733233,17.137724186
Czech Republic,Q213,http://www.wikidata.org/entity/Q123549000,Q123549000,Weir,49.897906911,16.756244684
Czech Republic,Q213,http://www.wikidata.org/entity/Q123549041,Q123549041,Weir,49.219139951,17.625204345
Czech Republic,Q213,http://www.wikidata.org/entity/Q123549133,Šašek's weir,Weir,49.40826398,15.511768131
Czech Republic,Q213,http://www.wikidata.org/entity/Q123549102,Q123549102,Weir,49.276512007,17.007178001
Czech Republic,Q213,http://www.wikidata.org/entity/Q123549038,Q123549038,Weir,50.027078506,17.051389841
Czech Republic,Q213,http://www.wikidata.org/entity/Q123549128,Q123549128,Weir,48.918368782,16.13944808
Czech Republic,Q213,http://www.wikidata.org/entity/Q123549144,Q123549144,Weir,49.255632102,15.781471319
Czech Republic,Q213,http://www.wikidata.org/entity/Q123549024,Q123549024,Weir,49.945878048,16.976148813
Czech Republic,Q213,http://www.wikidata.org/entity/Q123549076,Q123549076,Weir,48.852661881,15.863221616
Czech Republic,Q213,http://www.wikidata.org/entity/Q123549140,Q123549140,Weir,49.398560681,15.504476116
Czech Republic,Q213,http://www.wikidata.org/entity/Q123549014,Q123549014,Weir,49.746811265,17.437479154
Czech Republic,Q213,http://www.wikidata.org/entity/Q123549022,Q123549022,Weir,49.916568898,16.939973409
Czech Republic,Q213,http://www.wikidata.org/entity/Q123548998,Q123548998,Weir,49.962353185,16.775430372
Czech Republic,Q213,http://www.wikidata.org/entity/Q123549072,Q123549072,Weir,48.90341353,15.688766393
Czech Republic,Q213,http://www.wikidata.org/entity/Q123548935,Q123548935,Weir,49.448386263,16.187958294
Czech Republic,Q213,http://www.wikidata.org/entity/Q123549004,Q123549004,Weir,49.59344444,17.319140183
Czech Republic,Q213,http://www.wikidata.org/entity/Q123548933,Q123548933,Weir,49.421170363,16.243981601
Czech Republic,Q213,http://www.wikidata.org/entity/Q123549064,Q123549064,Weir,48.834261944,16.058536117
Czech Republic,Q213,http://www.wikidata.org/entity/Q123549093,Q123549093,Weir,49.636943071,16.216474785
Czech Republic,Q213,http://www.wikidata.org/entity/Q123548990,Q123548990,Weir,49.932023454,16.769911502
Czech Republic,Q213,http://www.wikidata.org/entity/Q123548951,Q123548951,Weir,49.485492344,16.088873745
Czech Republic,Q213,http://www.wikidata.org/entity/Q123549168,Q123549168,Weir,49.322170919,15.748033909
Czech Republic,Q213,http://www.wikidata.org/entity/Q123549173,Q123549173,Weir,49.317427275,15.746091048
Czech Republic,Q213,http://www.wikidata.org/entity/Q123549148,Q123549148,Weir,49.299078917,15.754644394
Czech Republic,Q213,http://www.wikidata.org/entity/Q123549138,Q123549138,Weir,49.402843907,15.513702657
Czech Republic,Q213,http://www.wikidata.org/entity/Q123549020,Q123549020,Weir,49.984661012,17.009723044
Czech Republic,Q213,http://www.wikidata.org/entity/Q123549007,Q123549007,Weir,49.593972039,17.331388565
Czech Republic,Q213,http://www.wikidata.org/entity/Q123549053,Q123549053,Weir,49.220805992,17.742356928
Czech Republic,Q213,http://www.wikidata.org/entity/Q123549105,Q123549105,Weir,49.28181333,17.046713043
Czech Republic,Q213,http://www.wikidata.org/entity/Q123548996,Q123548996,Weir,49.909219951,16.755218809
Czech Republic,Q213,http://www.wikidata.org/entity/Q123549047,Q123549047,Weir,49.224369255,17.70961241
Czech Republic,Q213,http://www.wikidata.org/entity/Q123549142,Q123549142,Weir,49.359185006,15.487650538
Czech Republic,Q213,http://www.wikidata.org/entity/Q123549154,Q123549154,Weir,49.275129457,15.779112188
Czech Republic,Q213,http://www.wikidata.org/entity/Q123549158,Q123549158,Weir,49.230768365,15.820545264
Czech Republic,Q213,http://www.wikidata.org/entity/Q123549017,Q123549017,Weir,49.991692004,17.012291775
Czech Republic,Q213,http://www.wikidata.org/entity/Q123548943,Q123548943,Weir,49.469750232,16.171282241
Czech Republic,Q213,http://www.wikidata.org/entity/Q123548971,Q123548971,Weir,50.106786536,16.996113568
Czech Republic,Q213,http://www.wikidata.org/entity/Q123548970,Q123548970,Weir,50.0881057,16.974667857
Czech Republic,Q213,http://www.wikidata.org/entity/Q123549090,Q123549090,Weir,48.725185606,16.890249838
Czech Republic,Q213,http://www.wikidata.org/entity/Q123549165,Q123549165,Weir,49.397818222,15.631072405
Czech Republic,Q213,http://www.wikidata.org/entity/Q123548977,Q123548977,Weir,49.338122318,17.180400773
Czech Republic,Q213,http://www.wikidata.org/entity/Q123548986,Q123548986,Weir,49.936095689,16.764060723
Czech Republic,Q213,http://www.wikidata.org/entity/Q123549061,Q123549061,Weir,48.813685674,16.168446352
Czech Republic,Q213,http://www.wikidata.org/entity/Q123548991,Q123548991,Weir,49.939183903,16.764232727
Czech Republic,Q213,http://www.wikidata.org/entity/Q123549120,Q123549120,Weir,48.991790084,15.98776701
Czech Republic,Q213,http://www.wikidata.org/entity/Q123548994,Q123548994,Weir,49.902041384,16.756831259
Czech Republic,Q213,http://www.wikidata.org/entity/Q123549070,Q123549070,Weir,48.899718603,15.683871388
Czech Republic,Q213,http://www.wikidata.org/entity/Q123549111,Q123549111,Weir,48.986007398,15.896798246
Czech Republic,Q213,http://www.wikidata.org/entity/Q123548941,Q123548941,Weir,49.354321281,16.378115987
Czech Republic,Q213,http://www.wikidata.org/entity/Q123549114,Q123549114,Weir,48.944044031,16.056768852
Czech Republic,Q213,http://www.wikidata.org/entity/Q123548938,Q123548938,Weir,49.455605579,16.178701041
Czech Republic,Q213,http://www.wikidata.org/entity/Q123549116,Q123549116,Weir,48.953999182,16.041267004
Czech Republic,Q213,http://www.wikidata.org/entity/Q123549094,Q123549094,Weir,49.634432801,16.182494241
Czech Republic,Q213,http://www.wikidata.org/entity/Q123549162,Q123549162,Weir,49.378343229,15.662352177
Czech Republic,Q213,http://www.wikidata.org/entity/Q123549160,Q123549160,Weir,49.217107085,15.848694533
Czech Republic,Q213,http://www.wikidata.org/entity/Q123549045,Q123549045,Weir,49.226083859,17.653696166
Czech Republic,Q213,http://www.wikidata.org/entity/Q123549118,Q123549118,Weir,48.961714769,16.044505691
Czech Republic,Q213,http://www.wikidata.org/entity/Q123549098,Q123549098,Weir,49.635511945,16.142913561
Czech Republic,Q213,http://www.wikidata.org/entity/Q123549079,Q123549079,Weir,48.766056917,16.886450166
Czech Republic,Q213,http://www.wikidata.org/entity/Q123549033,Q123549033,Weir,50.088949666,17.092147932
Czech Republic,Q213,http://www.wikidata.org/entity/Q123548955,Q123548955,Weir,49.478884645,16.09317734
Czech Republic,Q213,http://www.wikidata.org/entity/Q123549123,Q123549123,Weir,48.937418487,16.062483897
Czech Republic,Q213,http://www.wikidata.org/entity/Q123549074,Q123549074,Weir,48.854685064,15.860710104
Czech Republic,Q213,http://www.wikidata.org/entity/Q123548949,Q123548949,Weir,49.495899265,16.086325329
Czech Republic,Q213,http://www.wikidata.org/entity/Q123549163,Q123549163,Weir,49.372966668,15.69119784
Czech Republic,Q213,http://www.wikidata.org/entity/Q123549015,Q123549015,Weir,49.971791548,17.004793005
Czech Republic,Q213,http://www.wikidata.org/entity/Q123548957,Q123548957,Weir,49.47926555,16.163639738
Czech Republic,Q213,http://www.wikidata.org/entity/Q123548974,Q123548974,Weir,50.099650487,16.992421311
Czech Republic,Q213,http://www.wikidata.org/entity/Q123549082,Q123549082,Weir,48.817125201,16.819511487
Czech Republic,Q213,http://www.wikidata.org/entity/Q123548984,Q123548984,Weir,49.088498289,18.020658918
Czech Republic,Q213,http://www.wikidata.org/entity/Q123549097,Q123549097,Weir,49.645881028,16.158968571
Czech Republic,Q213,http://www.wikidata.org/entity/Q123549034,Q123549034,Weir,50.091202841,17.093979484
Czech Republic,Q213,http://www.wikidata.org/entity/Q123549131,Q123549131,Weir,48.920094618,16.172749553
Czech Republic,Q213,http://www.wikidata.org/entity/Q123548961,Q123548961,Weir,49.477989918,16.116382669
Czech Republic,Q213,http://www.wikidata.org/entity/Q123549029,Q123549029,Weir,50.094910602,17.098533894
Czech Republic,Q213,http://www.wikidata.org/entity/Q123549101,Q123549101,Weir,49.632595652,16.117861409
Czech Republic,Q213,http://www.wikidata.org/entity/Q123549122,Q123549122,Weir,48.992002513,15.982382585
Czech Republic,Q213,http://www.wikidata.org/entity/Q123549010,Q123549010,Weir,49.606102019,17.384256213
Czech Republic,Q213,http://www.wikidata.org/entity/Q123549067,Q123549067,Weir,48.831578137,16.138601632
Czech Republic,Q213,http://www.wikidata.org/entity/Q123548967,Q123548967,Weir,50.18646061,17.055807279
Czech Republic,Q213,http://www.wikidata.org/entity/Q123549519,Q123549519,Weir,49.038851265,15.97343527
Czech Republic,Q213,http://www.wikidata.org/entity/Q123549574,Q123549574,Weir,49.660500547,16.492969617
Czech Republic,Q213,http://www.wikidata.org/entity/Q123549620,Q123549620,Weir,49.457414497,16.336838498
Czech Republic,Q213,http://www.wikidata.org/entity/Q123549444,Q123549444,Weir,49.144946583,16.19644321
Czech Republic,Q213,http://www.wikidata.org/entity/Q123549639,Q123549639,Weir,49.666711804,16.204734495
Czech Republic,Q213,http://www.wikidata.org/entity/Q123549588,Q123549588,Weir,49.510696303,16.586493053
Czech Republic,Q213,http://www.wikidata.org/entity/Q123549611,Q123549611,Weir,49.528702341,16.34746061
Czech Republic,Q213,http://www.wikidata.org/entity/Q123549580,Q123549580,Weir,49.408497454,16.635670501
Czech Republic,Q213,http://www.wikidata.org/entity/Q123549633,Q123549633,Weir,49.377314223,16.384140663
Czech Republic,Q213,http://www.wikidata.org/entity/Q123549471,Q123549471,Weir,49.428323886,15.976725267
Czech Republic,Q213,http://www.wikidata.org/entity/Q123549618,Q123549618,Weir,49.485961236,16.335958642
Czech Republic,Q213,http://www.wikidata.org/entity/Q123549517,Q123549517,Weir,49.041445905,16.145324844
Czech Republic,Q213,http://www.wikidata.org/entity/Q123549613,Q123549613,Weir,49.517794701,16.341603396
Czech Republic,Q213,http://www.wikidata.org/entity/Q123549475,Q123549475,Weir,49.819518312,17.194459405
Czech Republic,Q213,http://www.wikidata.org/entity/Q123549609,Q123549609,Weir,49.53390454,16.348917388
Czech Republic,Q213,http://www.wikidata.org/entity/Q123549650,Q123549650,Weir,49.602976345,16.243783993
Czech Republic,Q213,http://www.wikidata.org/entity/Q123549430,Q123549430,Weir,49.444890447,15.962450036
Czech Republic,Q213,http://www.wikidata.org/entity/Q123549448,Q123549448,Weir,49.22134583,16.146272964
Czech Republic,Q213,http://www.wikidata.org/entity/Q123549626,Q123549626,Weir,49.432036858,16.346770116
Czech Republic,Q213,http://www.wikidata.org/entity/Q123549552,Q123549552,Weir,49.091012648,17.425428762
Czech Republic,Q213,http://www.wikidata.org/entity/Q123549424,Q123549424,Weir,49.780878816,17.129254376
Czech Republic,Q213,http://www.wikidata.org/entity/Q123549541,Q123549541,Weir,49.322589585,17.499289453
Czech Republic,Q213,http://www.wikidata.org/entity/Q123549584,Q123549584,Weir,49.503874642,16.601583812
Czech Republic,Q213,http://www.wikidata.org/entity/Q123549535,Q123549535,Weir,49.496030087,17.091170679
Czech Republic,Q213,http://www.wikidata.org/entity/Q123549563,Q123549563,Weir,49.630991389,17.233502039
Czech Republic,Q213,http://www.wikidata.org/entity/Q123549648,Q123549648,Weir,49.638744597,16.226054857
Czech Republic,Q213,http://www.wikidata.org/entity/Q123549550,Q123549550,Weir,49.131911955,16.728186589
Czech Republic,Q213,http://www.wikidata.org/entity/Q123549498,Q123549498,Weir,49.072926805,15.932447243
Czech Republic,Q213,http://www.wikidata.org/entity/Q123549597,Q123549597,Weir,49.505590784,16.591162172
Czech Republic,Q213,http://www.wikidata.org/entity/Q123549570,Q123549570,Weir,49.636314197,16.514859547
Czech Republic,Q213,http://www.wikidata.org/entity/Q123549481,Q123549481,Weir,49.3619213,16.698045693
Czech Republic,Q213,http://www.wikidata.org/entity/Q123549423,Q123549423,Weir,49.721173624,17.159152266
Czech Republic,Q213,http://www.wikidata.org/entity/Q123549438,Q123549438,Weir,49.119475205,16.318478187
Czech Republic,Q213,http://www.wikidata.org/entity/Q123549460,Q123549460,Weir,49.298359092,16.038560931
Czech Republic,Q213,http://www.wikidata.org/entity/Q123549605,Q123549605,Weir,49.562471804,16.309021502
Czech Republic,Q213,http://www.wikidata.org/entity/Q123549451,Q123549451,Weir,49.340262692,16.030595014
Czech Republic,Q213,http://www.wikidata.org/entity/Q123549453,Q123549453,Weir,49.285945621,16.07109352
Czech Republic,Q213,http://www.wikidata.org/entity/Q123549560,Q123549560,Weir,49.655250977,17.193578079
Czech Republic,Q213,http://www.wikidata.org/entity/Q123549643,Q123549643,Weir,49.660158754,16.221456662
Czech Republic,Q213,http://www.wikidata.org/entity/Q123549514,Q123549514,Weir,49.040039793,16.148991573
Czech Republic,Q213,http://www.wikidata.org/entity/Q123549468,Q123549468,Weir,49.436966736,15.973983753
Czech Republic,Q213,http://www.wikidata.org/entity/Q123549615,Q123549615,Weir,49.508703779,16.342574603
Czech Republic,Q213,http://www.wikidata.org/entity/Q123549522,Q123549522,Weir,49.024115203,16.27917663
Czech Republic,Q213,http://www.wikidata.org/entity/Q123549533,Q123549533,Weir,49.493760704,17.104415024
Czech Republic,Q213,http://www.wikidata.org/entity/Q123549557,Q123549557,Weir,48.811884213,16.816846694
Czech Republic,Q213,http://www.wikidata.org/entity/Q123549603,Q123549603,Weir,49.251842816,16.670539372
Czech Republic,Q213,http://www.wikidata.org/entity/Q123549525,Q123549525,Weir,49.022646732,16.293696165
Czech Republic,Q213,http://www.wikidata.org/entity/Q123549593,Q123549593,Weir,49.553467268,16.572664876
Czech Republic,Q213,http://www.wikidata.org/entity/Q123549576,Q123549576,Weir,49.522822713,16.584847223
Czech Republic,Q213,http://www.wikidata.org/entity/Q123549486,Q123549486,Weir,49.240604006,16.915965614
Czech Republic,Q213,http://www.wikidata.org/entity/Q123549548,Q123549548,Weir,49.313132882,17.465756201
Czech Republic,Q213,http://www.wikidata.org/entity/Q123549443,Q123549443,Weir,49.137966388,16.240350055
Czech Republic,Q213,http://www.wikidata.org/entity/Q123549568,Q123549568,Weir,49.628706365,16.520886545
Czech Republic,Q213,http://www.wikidata.org/entity/Q123549465,Q123549465,Weir,49.269911926,16.083915589
Czech Republic,Q213,http://www.wikidata.org/entity/Q123549510,Q123549510,Weir,49.041341431,16.044565889
Czech Republic,Q213,http://www.wikidata.org/entity/Q123549484,Q123549484,Weir,49.139259156,16.833030238
Czech Republic,Q213,http://www.wikidata.org/entity/Q123549653,Q123549653,Weir,49.593039933,16.243283326
Czech Republic,Q213,http://www.wikidata.org/entity/Q123549564,Q123549564,Weir,49.371301858,16.639089312
Czech Republic,Q213,http://www.wikidata.org/entity/Q123549546,Q123549546,Weir,49.34836781,17.604796378
Czech Republic,Q213,http://www.wikidata.org/entity/Q123549601,Q123549601,Weir,49.565415883,16.566912503
Czech Republic,Q213,http://www.wikidata.org/entity/Q123549635,Q123549635,Weir,49.686274908,16.145152664
Czech Republic,Q213,http://www.wikidata.org/entity/Q123549594,Q123549594,Weir,49.558912729,16.573596656
Czech Republic,Q213,http://www.wikidata.org/entity/Q123549578,Q123549578,Weir,49.38982862,16.635860471
Czech Republic,Q213,http://www.wikidata.org/entity/Q123549511,Q123549511,Weir,49.043705091,16.032310617
Czech Republic,Q213,http://www.wikidata.org/entity/Q123549623,Q123549623,Weir,49.45013799,16.34569274
Czech Republic,Q213,http://www.wikidata.org/entity/Q123549637,Q123549637,Weir,49.67123046,16.200247225
Czech Republic,Q213,http://www.wikidata.org/entity/Q123549528,Q123549528,Weir,49.036545116,16.001623381
Czech Republic,Q213,http://www.wikidata.org/entity/Q123549495,Q123549495,Weir,49.200180946,16.886782392
Czech Republic,Q213,http://www.wikidata.org/entity/Q123549590,Q123549590,Weir,49.579268311,16.549837963
Czech Republic,Q213,http://www.wikidata.org/entity/Q123549466,Q123549466,Weir,49.384542924,16.01814685
Czech Republic,Q213,http://www.wikidata.org/entity/Q123549463,Q123549463,Weir,49.290447838,16.052945023
Czech Republic,Q213,http://www.wikidata.org/entity/Q123549432,Q123549432,Weir,49.214068612,16.153099288
Czech Republic,Q213,http://www.wikidata.org/entity/Q123549587,Q123549587,Weir,49.591878021,16.53914704
Czech Republic,Q213,http://www.wikidata.org/entity/Q123549459,Q123549459,Weir,49.312034336,16.029443565
Czech Republic,Q213,http://www.wikidata.org/entity/Q123549434,Q123549434,Weir,49.464789792,15.973276644
Czech Republic,Q213,http://www.wikidata.org/entity/Q123549501,Q123549501,Weir,49.080761304,15.92082696
Czech Republic,Q213,http://www.wikidata.org/entity/Q123549599,Q123549599,Weir,49.556143416,16.571888685
Czech Republic,Q213,http://www.wikidata.org/entity/Q123549507,Q123549507,Weir,49.038239092,16.101142673
Czech Republic,Q213,http://www.wikidata.org/entity/Q123549539,Q123549539,Weir,49.059698441,16.124558795
Czech Republic,Q213,http://www.wikidata.org/entity/Q123549555,Q123549555,Weir,49.725575968,17.291324523
Czech Republic,Q213,http://www.wikidata.org/entity/Q123549543,Q123549543,Weir,49.321705651,17.479544711
Czech Republic,Q213,http://www.wikidata.org/entity/Q123549630,Q123549630,Weir,49.418905296,16.370611735
Czech Republic,Q213,http://www.wikidata.org/entity/Q123549566,Q123549566,Weir,49.618350936,16.528862201
Czech Republic,Q213,http://www.wikidata.org/entity/Q123549477,Q123549477,Weir,49.901408181,16.625456096
Czech Republic,Q213,http://www.wikidata.org/entity/Q123549426,Q123549426,Weir,49.691798938,17.21070445
Czech Republic,Q213,http://www.wikidata.org/entity/Q123549439,Q123549439,Weir,49.198424345,16.156790362
Czech Republic,Q213,http://www.wikidata.org/entity/Q123549455,Q123549455,Weir,49.28201217,16.079392368
Czech Republic,Q213,http://www.wikidata.org/entity/Q123549608,Q123549608,Weir,48.963746507,16.636438092
Czech Republic,Q213,http://www.wikidata.org/entity/Q123549490,Q123549490,Weir,49.248163518,16.908188271
Czech Republic,Q213,http://www.wikidata.org/entity/Q123549537,Q123549537,Weir,49.072222412,16.089387283
Czech Republic,Q213,http://www.wikidata.org/entity/Q123549435,Q123549435,Weir,49.117331687,16.342228864
Czech Republic,Q213,http://www.wikidata.org/entity/Q123549419,Q123549419,Weir,49.722736258,17.148090828
Czech Republic,Q213,http://www.wikidata.org/entity/Q123549421,Q123549421,Weir,49.726645205,17.133063923
Czech Republic,Q213,http://www.wikidata.org/entity/Q123549530,Q123549530,Weir,49.494645372,17.099721044
Czech Republic,Q213,http://www.wikidata.org/entity/Q123549582,Q123549582,Weir,49.441000142,16.622765522
Czech Republic,Q213,http://www.wikidata.org/entity/Q123549446,Q123549446,Weir,49.252160922,16.110728905
Czech Republic,Q213,http://www.wikidata.org/entity/Q123549505,Q123549505,Weir,49.036963082,16.315892956
Czech Republic,Q213,http://www.wikidata.org/entity/Q123549503,Q123549503,Weir,49.092093278,15.895534932
Czech Republic,Q213,http://www.wikidata.org/entity/Q123549416,Q123549416,Weir,49.01747044,17.758572074
Czech Republic,Q213,http://www.wikidata.org/entity/Q123549473,Q123549473,Weir,49.369560096,16.014874569
Czech Republic,Q213,http://www.wikidata.org/entity/Q113169342,Weir on Úpa in Temný Důl,Weir,50.6641892,15.8074903
Czech Republic,Q213,http://www.wikidata.org/entity/Q83473350,"weir on Elbe in Vrchlabí, km 1070,1 (232,8)",Weir,50.6199633,15.6175769
Czech Republic,Q213,http://www.wikidata.org/entity/Q38228359,Q38228359,Weir,48.842012,16.055176
Czech Republic,Q213,http://www.wikidata.org/entity/Q123549685,Q123549685,Weir,49.744398262,16.935387192
Czech Republic,Q213,http://www.wikidata.org/entity/Q123549827,Q123549827,Weir,49.804257595,17.781275464
Czech Republic,Q213,http://www.wikidata.org/entity/Q123549757,Q123549757,Weir,49.028118002,16.218666445
Czech Republic,Q213,http://www.wikidata.org/entity/Q123549808,Q123549808,Weir,49.720287872,18.293048571
Czech Republic,Q213,http://www.wikidata.org/entity/Q123549669,Q123549669,Weir,49.732414915,16.899334431
Czech Republic,Q213,http://www.wikidata.org/entity/Q123549672,Q123549672,Weir,49.718010447,16.893800936
Czech Republic,Q213,http://www.wikidata.org/entity/Q123549860,Q123549860,Weir,50.267085135,17.715400151
Czech Republic,Q213,http://www.wikidata.org/entity/Q123549731,Q123549731,Weir,49.701013451,16.75088212
Czech Republic,Q213,http://www.wikidata.org/entity/Q123549740,Q123549740,Weir,49.685820094,16.739875093
Czech Republic,Q213,http://www.wikidata.org/entity/Q123549663,Q123549663,Weir,49.343484731,16.420371376
Czech Republic,Q213,http://www.wikidata.org/entity/Q123549862,Q123549862,Weir,50.080320505,17.744972607
Czech Republic,Q213,http://www.wikidata.org/entity/Q123549792,Q123549792,Weir,50.297373882,17.319440433
Czech Republic,Q213,http://www.wikidata.org/entity/Q123549711,Q123549711,Weir,48.962892718,15.655367591
Czech Republic,Q213,http://www.wikidata.org/entity/Q123549677,Q123549677,Weir,49.708448993,16.849478055
Czech Republic,Q213,http://www.wikidata.org/entity/Q123549850,Q123549850,Weir,49.683892091,17.99562753
Czech Republic,Q213,http://www.wikidata.org/entity/Q123549760,Q123549760,Weir,50.097582675,17.101417441
Czech Republic,Q213,http://www.wikidata.org/entity/Q123549747,Q123549747,Weir,49.844671293,17.103413708
Czech Republic,Q213,http://www.wikidata.org/entity/Q123549854,Q123549854,Weir,50.057602974,17.76152915
Czech Republic,Q213,http://www.wikidata.org/entity/Q123549707,Q123549707,Weir,48.943003641,15.620638464
Czech Republic,Q213,http://www.wikidata.org/entity/Q123549866,Q123549866,Weir,50.002164117,17.315923632
Czech Republic,Q213,http://www.wikidata.org/entity/Q123549816,Q123549816,Weir,49.868005676,18.345849634
Czech Republic,Q213,http://www.wikidata.org/entity/Q123549855,Q123549855,Weir,50.285988171,17.288016044
Czech Republic,Q213,http://www.wikidata.org/entity/Q123549720,Q123549720,Weir,49.284853461,16.078790598
Czech Republic,Q213,http://www.wikidata.org/entity/Q123549848,Q123549848,Weir,49.822804785,18.159522286
Czech Republic,Q213,http://www.wikidata.org/entity/Q123549675,Q123549675,Weir,49.735309388,16.908255925
Czech Republic,Q213,http://www.wikidata.org/entity/Q123549683,Q123549683,Weir,49.713159277,16.759098206
Czech Republic,Q213,http://www.wikidata.org/entity/Q123549725,Q123549725,Weir,49.610483648,16.238808072
Czech Republic,Q213,http://www.wikidata.org/entity/Q123549832,Q123549832,Weir,49.89361798,17.809912492
Czech Republic,Q213,http://www.wikidata.org/entity/Q123549871,Q123549871,Weir,50.361024815,17.134813084
Czech Republic,Q213,http://www.wikidata.org/entity/Q123549714,Q123549714,Weir,49.008975949,15.572565507
Czech Republic,Q213,http://www.wikidata.org/entity/Q123549661,Q123549661,Weir,49.354071409,16.410167188
Czech Republic,Q213,http://www.wikidata.org/entity/Q123549873,Q123549873,Weir,49.982735223,17.322509223
Czech Republic,Q213,http://www.wikidata.org/entity/Q123549874,Q123549874,Weir,49.83589373,18.204845503
Czech Republic,Q213,http://www.wikidata.org/entity/Q123549694,Q123549694,Weir,48.871668738,17.550899502
Czech Republic,Q213,http://www.wikidata.org/entity/Q123549847,Q123549847,Weir,49.808707975,18.220141713
Czech Republic,Q213,http://www.wikidata.org/entity/Q123549658,Q123549658,Weir,49.325599044,16.426050008
Czech Republic,Q213,http://www.wikidata.org/entity/Q123549864,Q123549864,Weir,49.765121849,18.611749407
Czech Republic,Q213,http://www.wikidata.org/entity/Q123549822,Q123549822,Weir,49.781176719,18.360695104
Czech Republic,Q213,http://www.wikidata.org/entity/Q123549680,Q123549680,Weir,49.730260858,16.734726026
Czech Republic,Q213,http://www.wikidata.org/entity/Q123549692,Q123549692,Weir,48.90719767,17.47445353
Czech Republic,Q213,http://www.wikidata.org/entity/Q123549810,Q123549810,Weir,49.860143674,18.363296125
Czech Republic,Q213,http://www.wikidata.org/entity/Q123549758,Q123549758,Weir,49.037253408,16.20123698
Czech Republic,Q213,http://www.wikidata.org/entity/Q123549824,Q123549824,Weir,50.162134039,17.583534241
Czech Republic,Q213,http://www.wikidata.org/entity/Q123549829,Q123549829,Weir,49.923683684,17.954795705
Czech Republic,Q213,http://www.wikidata.org/entity/Q123549745,Q123549745,Weir,49.827654735,17.112539584
Czech Republic,Q213,http://www.wikidata.org/entity/Q123549682,Q123549682,Weir,49.762332442,16.67269042
Czech Republic,Q213,http://www.wikidata.org/entity/Q123549780,Q123549780,Weir,49.670260678,18.576556827
Czech Republic,Q213,http://www.wikidata.org/entity/Q123549857,Q123549857,Weir,50.294024236,17.30550222
Czech Republic,Q213,http://www.wikidata.org/entity/Q123549754,Q123549754,Weir,49.828550126,17.204716552
Czech Republic,Q213,http://www.wikidata.org/entity/Q123549702,Q123549702,Weir,48.961430449,15.684151114
Czech Republic,Q213,http://www.wikidata.org/entity/Q123549778,Q123549778,Weir,49.90624272,17.908209359
Czech Republic,Q213,http://www.wikidata.org/entity/Q123549805,Q123549805,Weir,49.88605739,18.356685173
Czech Republic,Q213,http://www.wikidata.org/entity/Q123549752,Q123549752,Weir,49.516545952,17.422646545
Czech Republic,Q213,http://www.wikidata.org/entity/Q123549868,Q123549868,Weir,50.087032839,17.699260796
Czech Republic,Q213,http://www.wikidata.org/entity/Q123549787,Q123549787,Weir,49.675149001,18.323282659
Czech Republic,Q213,http://www.wikidata.org/entity/Q123549736,Q123549736,Weir,49.635980933,16.723962158
Czech Republic,Q213,http://www.wikidata.org/entity/Q123549798,Q123549798,Weir,49.737230405,18.286826006
Czech Republic,Q213,http://www.wikidata.org/entity/Q123549734,Q123549734,Weir,49.658160885,16.744184552
Czech Republic,Q213,http://www.wikidata.org/entity/Q123549688,Q123549688,Weir,48.910142473,17.31532647
Czech Republic,Q213,http://www.wikidata.org/entity/Q123549749,Q123549749,Weir,49.493784466,17.360092243
Czech Republic,Q213,http://www.wikidata.org/entity/Q123549839,Q123549839,Weir,50.242420274,17.211586402
Czech Republic,Q213,http://www.wikidata.org/entity/Q123549841,Q123549841,Weir,50.26614108,17.270446403
Czech Republic,Q213,http://www.wikidata.org/entity/Q123549765,Q123549765,Weir,49.873975419,16.888227929
Czech Republic,Q213,http://www.wikidata.org/entity/Q123549733,Q123549733,Weir,49.674334227,16.746032627
Czech Republic,Q213,http://www.wikidata.org/entity/Q123549800,Q123549800,Weir,49.881273565,18.348789425
Czech Republic,Q213,http://www.wikidata.org/entity/Q123549655,Q123549655,Weir,49.554252049,16.32775387
Czech Republic,Q213,http://www.wikidata.org/entity/Q123549775,Q123549775,Weir,49.626034236,18.464971702
Czech Republic,Q213,http://www.wikidata.org/entity/Q123549700,Q123549700,Weir,49.101735359,15.629994309
Czech Republic,Q213,http://www.wikidata.org/entity/Q123549770,Q123549770,Weir,49.044067056,17.58675557
Czech Republic,Q213,http://www.wikidata.org/entity/Q123549834,Q123549834,Weir,49.908390983,17.91589607
Czech Republic,Q213,http://www.wikidata.org/entity/Q123549666,Q123549666,Weir,49.277150406,16.451568938
Czech Republic,Q213,http://www.wikidata.org/entity/Q123549767,Q123549767,Weir,49.20750958,17.5536937
Czech Republic,Q213,http://www.wikidata.org/entity/Q123549709,Q123549709,Weir,48.961169121,15.644804545
Czech Republic,Q213,http://www.wikidata.org/entity/Q123549846,Q123549846,Weir,49.771465714,18.296314453
Czech Republic,Q213,http://www.wikidata.org/entity/Q123549869,Q123549869,Weir,50.226121311,17.127642583
Czech Republic,Q213,http://www.wikidata.org/entity/Q123549726,Q123549726,Weir,49.546647138,16.568404886
Czech Republic,Q213,http://www.wikidata.org/entity/Q123549835,Q123549835,Weir,50.32215173,17.106052068
Czech Republic,Q213,http://www.wikidata.org/entity/Q123549795,Q123549795,Weir,49.879302108,18.345541774
Czech Republic,Q213,http://www.wikidata.org/entity/Q123549722,Q123549722,Weir,49.643450427,16.381041141
Czech Republic,Q213,http://www.wikidata.org/entity/Q123549689,Q123549689,Weir,48.878307098,17.604344981
Czech Republic,Q213,http://www.wikidata.org/entity/Q123549858,Q123549858,Weir,50.2780784,17.28030853
Czech Republic,Q213,http://www.wikidata.org/entity/Q123549743,Q123549743,Weir,49.807884715,17.119898628
Czech Republic,Q213,http://www.wikidata.org/entity/Q123549819,Q123549819,Weir,49.850129101,18.364334438
Czech Republic,Q213,http://www.wikidata.org/entity/Q123549755,Q123549755,Weir,49.027597198,16.247865842
Czech Republic,Q213,http://www.wikidata.org/entity/Q123549802,Q123549802,Weir,49.797891286,18.278638485
Czech Republic,Q213,http://www.wikidata.org/entity/Q123549842,Q123549842,Weir,50.262107196,17.238642085
Czech Republic,Q213,http://www.wikidata.org/entity/Q123549852,Q123549852,Weir,50.182804701,17.19943117
Czech Republic,Q213,http://www.wikidata.org/entity/Q123549773,Q123549773,Weir,49.853183556,18.235511209
Czech Republic,Q213,http://www.wikidata.org/entity/Q123549696,Q123549696,Weir,48.865258765,17.540178737
Czech Republic,Q213,http://www.wikidata.org/entity/Q123549837,Q123549837,Weir,50.258016424,17.233914589
Czech Republic,Q213,http://www.wikidata.org/entity/Q123549716,Q123549716,Weir,49.096326845,15.869515807
Czech Republic,Q213,http://www.wikidata.org/entity/Q123549789,Q123549789,Weir,49.696571258,18.639747232
Czech Republic,Q213,http://www.wikidata.org/entity/Q123549698,Q123549698,Weir,49.100195219,17.933440249
Czech Republic,Q213,http://www.wikidata.org/entity/Q123549738,Q123549738,Weir,49.630533404,16.725306711
Czech Republic,Q213,http://www.wikidata.org/entity/Q123549704,Q123549704,Weir,48.963163578,15.676977793
Czech Republic,Q213,http://www.wikidata.org/entity/Q123549813,Q123549813,Weir,49.840594585,18.349669542
Czech Republic,Q213,http://www.wikidata.org/entity/Q123549729,Q123549729,Weir,49.568520332,16.50034799
Czech Republic,Q213,http://www.wikidata.org/entity/Q123549844,Q123549844,Weir,49.645986125,18.150604853
Czech Republic,Q213,http://www.wikidata.org/entity/Q123549783,Q123549783,Weir,49.747609506,18.33533815
Czech Republic,Q213,http://www.wikidata.org/entity/Q123549762,Q123549762,Weir,49.954920897,16.990848158
Czech Republic,Q213,http://www.wikidata.org/entity/Q102041105,Q102041105,Weir,50.1516236,15.4658369
Czech Republic,Q213,http://www.wikidata.org/entity/Q96389550,"weir on Jizera in Semily, km 105,7",Weir,50.6071756,15.3307219
Czech Republic,Q213,http://www.wikidata.org/entity/Q37324292,Q37324292,Weir,49.1415087,15.001657
Czech Republic,Q213,http://www.wikidata.org/entity/Q109185070,Čejnov,Weir,49.24045,14.7110956
Czech Republic,Q213,http://www.wikidata.org/entity/Q107261384,Q107261384,Weir,48.79277,14.3053
Czech Republic,Q213,http://www.wikidata.org/entity/Q66328418,Kvěchův mill,Weir,49.412834722,14.616504444
Czech Republic,Q213,http://www.wikidata.org/entity/Q12217848,Tuhnický jez,Weir,50.2269,12.8442
Czech Republic,Q213,http://www.wikidata.org/entity/Q134931861,Suchomel weir,Weir,49.004983333,14.468291666
Czech Republic,Q213,http://www.wikidata.org/entity/Q14806370,Q14806370,Weir,50.18422778,12.75305278
Czech Republic,Q213,http://www.wikidata.org/entity/Q107214873,Velký jez,Weir,48.9560797,14.4793575
Czech Republic,Q213,http://www.wikidata.org/entity/Q82320163,Vaňkův jez,Weir,50.4141783,14.8986764
Czech Republic,Q213,http://www.wikidata.org/entity/Q112257758,Moravský jez,Weir,50.20609,15.8320633
Czech Republic,Q213,http://www.wikidata.org/entity/Q69385304,Maloměřice II Weir,Weir,49.222215277,16.640301388
Czech Republic,Q213,http://www.wikidata.org/entity/Q107208718,Mrázkův Mlýn weir,Weir,48.80953,14.31593
Czech Republic,Q213,http://www.wikidata.org/entity/Q123547726,Q123547726,Weir,50.020831773,16.530083846
Czech Republic,Q213,http://www.wikidata.org/entity/Q110270638,Q110270638,Weir,49.6880669,18.0367156
Czech Republic,Q213,http://www.wikidata.org/entity/Q123547734,Q123547734,Weir,50.014978246,16.579226288
Czech Republic,Q213,http://www.wikidata.org/entity/Q123547724,Q123547724,Weir,50.031527667,16.496869317
Czech Republic,Q213,http://www.wikidata.org/entity/Q113651453,Q113651453,Weir,49.9421075,15.4683789
Czech Republic,Q213,http://www.wikidata.org/entity/Q107208722,U Jelení Lávky,Weir,48.8118,14.31297
Czech Republic,Q213,http://www.wikidata.org/entity/Q47088796,Mocek weir on Lubina,Weir,49.639278666,18.147535
Czech Republic,Q213,http://www.wikidata.org/entity/Q73668228,Kamenný mlýn Weir,Weir,49.199076,16.566825
Czech Republic,Q213,http://www.wikidata.org/entity/Q12024609,Jez Hučák,Weir,50.2072,15.8253
Czech Republic,Q213,http://www.wikidata.org/entity/Q77420005,Q77420005,Weir,50.0008819,16.2273386
Czech Republic,Q213,http://www.wikidata.org/entity/Q52556670,Lock and weir Rohatec,Weir,48.8733936,17.2119989
Czech Republic,Q213,http://www.wikidata.org/entity/Q66329147,Benešův,Weir,49.412073888,14.633107222
Czech Republic,Q213,http://www.wikidata.org/entity/Q38038500,Jez Oblekovice,Weir,48.8389733,16.0722622
Czech Republic,Q213,http://www.wikidata.org/entity/Q106188158,Jez Nemošice,Weir,50.014898833,15.796306333
Czech Republic,Q213,http://www.wikidata.org/entity/Q134983433,Weir of Pření mlýn,Weir,48.976030555,14.470816666
Czech Republic,Q213,http://www.wikidata.org/entity/Q66329876,weir Veselý,Weir,49.406546944,14.654299444
Czech Republic,Q213,http://www.wikidata.org/entity/Q123547728,Q123547728,Weir,50.007470923,16.562128061
Czech Republic,Q213,http://www.wikidata.org/entity/Q19602573,hatch bridge weir in Česká Lípa,Weir,50.682925,14.5376556
Czech Republic,Q213,http://www.wikidata.org/entity/Q112685500,Old Town Weir,Weir,50.0847,14.4111
Czech Republic,Q213,http://www.wikidata.org/entity/Q110454547,Jiráskův jez,Weir,48.976116111,14.467028333
Czech Republic,Q213,http://www.wikidata.org/entity/Q101813479,weir Planá,Weir,48.9367117,14.4556506
Czech Republic,Q213,http://www.wikidata.org/entity/Q22035508,Jez Předměřice,Weir,50.256853,15.824777
Czech Republic,Q213,http://www.wikidata.org/entity/Q121935582,Viktorčin splav,Weir,50.425365771,16.047238111
Czech Republic,Q213,http://www.wikidata.org/entity/Q110270656,Q110270656,Weir,49.9071875,18.0676139
Czech Republic,Q213,http://www.wikidata.org/entity/Q73413609,Radlas Weir,Weir,49.199129,16.62968
Czech Republic,Q213,http://www.wikidata.org/entity/Q123547722,Q123547722,Weir,49.986244283,16.433205295
Czech Republic,Q213,http://www.wikidata.org/entity/Q73667923,Q73667923,Weir,49.184123,16.572664
Czech Republic,Q213,http://www.wikidata.org/entity/Q69385223,Cacovice Weir,Weir,49.226554722,16.641505833
Czech Republic,Q213,http://www.wikidata.org/entity/Q37469836,Spirův jez,Weir,48.6234367,14.2668953
Czech Republic,Q213,http://www.wikidata.org/entity/Q47088822,Lubina weir between railway station and footbridge,Weir,49.636982,18.143591333
Czech Republic,Q213,http://www.wikidata.org/entity/Q107208715,U Liry weir,Weir,48.80633,14.31296
Czech Republic,Q213,http://www.wikidata.org/entity/Q80982161,Q80982161,Weir,48.8862011,14.0376231
Czech Republic,Q213,http://www.wikidata.org/entity/Q12024607,Q12024607,Weir,50.2328,12.8692
Czech Republic,Q213,http://www.wikidata.org/entity/Q66329532,Pokorný,Weir,49.410304444,14.647934444
Czech Republic,Q213,http://www.wikidata.org/entity/Q73413324,Husovice Weir,Weir,49.208937,16.63601
Czech Republic,Q213,http://www.wikidata.org/entity/Q112685457,Šítkovský jez,Weir,50.076,14.4113
Czech Republic,Q213,http://www.wikidata.org/entity/Q69385081,Obřany Weir,Weir,49.228446111,16.651458333
Czech Republic,Q213,http://www.wikidata.org/entity/Q37852594,Q37852594,Weir,49.0483075,16.3104264
Czech Republic,Q213,http://www.wikidata.org/entity/Q25631036,Nádrž U Tokaniště,Weir,48.9692569,13.6162169
Czech Republic,Q213,http://www.wikidata.org/entity/Q108332128,"Weir in Hostinné (Elbe 218,9 km)",Weir,50.5408681,15.7094392
Czech Republic,Q213,http://www.wikidata.org/entity/Q56752896,Jez Marcela,Weir,50.0509767,14.5149758
Czech Republic,Q213,http://www.wikidata.org/entity/Q107208691,weir Rechle,Weir,48.80033,14.31441
Czech Republic,Q213,http://www.wikidata.org/entity/Q12045311,Jez Pilař,Weir,48.9467,14.88081111
Czech Republic,Q213,http://www.wikidata.org/entity/Q106223647,Záběhlice Weir,Weir,50.0520925,14.4953639
Czech Republic,Q213,http://www.wikidata.org/entity/Q37421956,Old weir by Obříství,Weir,50.2981486,14.4812872
Czech Republic,Q213,http://www.wikidata.org/entity/Q38193088,Weir in Vyšší Brod,Weir,48.6196951,14.3141267
Czech Republic,Q213,http://www.wikidata.org/entity/Q104671597,Q104671597,Weir,48.8424514,17.1425456
Czech Republic,Q213,http://www.wikidata.org/entity/Q112252466,Weir Pržno,Weir,49.6075322,18.3589375
Czech Republic,Q213,http://www.wikidata.org/entity/Q11830826,Dráchov Weir,Weir,49.2278244,14.7114753
Czech Republic,Q213,http://www.wikidata.org/entity/Q37812526,Q37812526,Weir,48.835801,15.9060765
Czech Republic,Q213,http://www.wikidata.org/entity/Q16161218,Loket - dolní jez,Weir,50.18722222,12.75833333
Czech Republic,Q213,http://www.wikidata.org/entity/Q73666547,Přízřenice Weir,Weir,49.144530027,16.628178
Czech Republic,Q213,http://www.wikidata.org/entity/Q112257712,weir U Žida,Weir,49.6697264,18.3597147
Czech Republic,Q213,http://www.wikidata.org/entity/Q73668844,Komín Weir,Weir,49.217989,16.552094
Czech Republic,Q213,http://www.wikidata.org/entity/Q112664470,Jez Svaté Pole,Weir,49.3128456,13.7225147
Czech Republic,Q213,http://www.wikidata.org/entity/Q103822035,Jez Dašice,Weir,50.0297856,15.9207544
Czech Republic,Q213,http://www.wikidata.org/entity/Q22035504,Jez Smiřice,Weir,50.3010828,15.8778614
Czech Republic,Q213,http://www.wikidata.org/entity/Q111128076,Weir on Rokytka in Kyje,Weir,50.0969989,14.5412119
Czech Republic,Q213,http://www.wikidata.org/entity/Q37852616,Jez pod zámkem,Weir,49.0501381,16.3068614
Czech Republic,Q213,http://www.wikidata.org/entity/Q106655901,Bývalý jez na Chrudimce v parku Na vinici v Pardubicích,Weir,50.026925833,15.786422833
Czech Republic,Q213,http://www.wikidata.org/entity/Q38092601,Q38092601,Weir,51.020416314,14.455135539
Czech Republic,Q213,http://www.wikidata.org/entity/Q38192311,Q38192311,Weir,48.8934823,15.8135902
Czech Republic,Q213,http://www.wikidata.org/entity/Q108321545,"Weir in Hostinné (Elbe 219,4 km)",Weir,50.5450725,15.7072228
Czech Republic,Q213,http://www.wikidata.org/entity/Q37812540,Q37812540,Weir,48.8438619,15.9022544
Czech Republic,Q213,http://www.wikidata.org/entity/Q66328856,Matoušovský,Weir,49.409128055,14.601966666
Czech Republic,Q213,http://www.wikidata.org/entity/Q67579515,Q67579515,Weir,49.6960983,15.2815331
Czech Republic,Q213,http://www.wikidata.org/entity/Q113572515,Q113572515,Weir,49.9764931,15.4070672
Czech Republic,Q213,http://www.wikidata.org/entity/Q37275811,Q37275811,Weir,48.811062,15.9782119
Czech Republic,Q213,http://www.wikidata.org/entity/Q72407638,Veselí nad Lužnicí,Weir,49.1814953,14.7087164
Czech Republic,Q213,http://www.wikidata.org/entity/Q110079148,Q110079148,Weir,49.905946666,18.093305
Czech Republic,Q213,http://www.wikidata.org/entity/Q57420486,Jez Háje nad Jizerou - Dolní Sytová,Weir,50.6168381,15.4283103
Czech Republic,Q213,http://www.wikidata.org/entity/Q106188065,Jez,Weir,50.016288833,15.832146666
Czech Republic,Q213,http://www.wikidata.org/entity/Q29842822,Malý jez,Weir,48.9609,14.4779
Czech Republic,Q213,http://www.wikidata.org/entity/Q124661941,Klauz Hluchová,Weir,49.614852777,18.807833333
Czech Republic,Q213,http://www.wikidata.org/entity/Q37272517,Q37272517,Weir,48.8177016,15.9817837
Czech Republic,Q213,http://www.wikidata.org/entity/Q25916876,Polecká nádrž,Weir,48.942905,13.6709581
Czech Republic,Q213,http://www.wikidata.org/entity/Q106365129,weir Hluboká nad Vltavou,Weir,49.0485083,14.4459808
Czech Republic,Q213,http://www.wikidata.org/entity/Q123547731,Q123547731,Weir,50.013600129,16.579038679
Czech Republic,Q213,http://www.wikidata.org/entity/Q12048686,Q12048686,Weir,50.2773,12.9879
Czech Republic,Q213,http://www.wikidata.org/entity/Q123547736,Q123547736,Weir,50.028103861,16.594869687
Czech Republic,Q213,http://www.wikidata.org/entity/Q72408485,Klapkový,Weir,49.1875678,14.7007378
Czech Republic,Q213,http://www.wikidata.org/entity/Q90790148,Q90790148,Weir,49.7651892,13.3003392
Czech Republic,Q213,http://www.wikidata.org/entity/Q37458895,Rudolfov Reservoir,Weir,50.7945764,15.1082875
Czech Republic,Q213,http://www.wikidata.org/entity/Q69385338,Maloměřice Weir,Weir,49.216857222,16.641514166
Czech Republic,Q213,http://www.wikidata.org/entity/Q109730510,Děhylov weir,Weir,49.886561388,18.16681
Czech Republic,Q213,http://www.wikidata.org/entity/Q59076916,Malšovický jez,Weir,50.210938,15.861749
Czech Republic,Q213,http://www.wikidata.org/entity/Q123549981,Q123549981,Weir,50.329505871,13.532029392
Czech Republic,Q213,http://www.wikidata.org/entity/Q123550004,Q123550004,Weir,50.881224658,14.619188538
Czech Republic,Q213,http://www.wikidata.org/entity/Q123549889,Q123549889,Weir,49.91877109,17.989414727
Czech Republic,Q213,http://www.wikidata.org/entity/Q123549926,Q123549926,Weir,49.957402785,17.885760304
Czech Republic,Q213,http://www.wikidata.org/entity/Q123549937,Q123549937,Weir,49.935876457,17.319630768
Czech Republic,Q213,http://www.wikidata.org/entity/Q123550015,Q123550015,Weir,50.473482095,13.069467703
Czech Republic,Q213,http://www.wikidata.org/entity/Q123550019,Q123550019,Weir,50.382463297,13.213473175
Czech Republic,Q213,http://www.wikidata.org/entity/Q123550016,Q123550016,Weir,50.374378342,13.265602834
Czech Republic,Q213,http://www.wikidata.org/entity/Q123549994,Q123549994,Weir,50.743457408,14.271436152
Czech Republic,Q213,http://www.wikidata.org/entity/Q123549920,Q123549920,Weir,49.758224718,18.305068694
Czech Republic,Q213,http://www.wikidata.org/entity/Q123549973,Q123549973,Weir,50.381118987,13.935697278
Czech Republic,Q213,http://www.wikidata.org/entity/Q123550021,Q123550021,Weir,50.547959334,13.592610656
Czech Republic,Q213,http://www.wikidata.org/entity/Q123549904,Q123549904,Weir,49.834305791,18.567408604
Czech Republic,Q213,http://www.wikidata.org/entity/Q123549947,Q123549947,Weir,49.752526631,18.372329127
Czech Republic,Q213,http://www.wikidata.org/entity/Q123549908,Q123549908,Weir,50.272706287,17.279717763
Czech Republic,Q213,http://www.wikidata.org/entity/Q123549956,Q123549956,Weir,50.24050948,12.851122734
Czech Republic,Q213,http://www.wikidata.org/entity/Q123550003,Q123550003,Weir,50.719964175,14.371984884
Czech Republic,Q213,http://www.wikidata.org/entity/Q123549978,Q123549978,Weir,50.357853114,13.735936112
Czech Republic,Q213,http://www.wikidata.org/entity/Q123549911,Q123549911,Weir,50.197497336,17.193712346
Czech Republic,Q213,http://www.wikidata.org/entity/Q123549935,Q123549935,Weir,49.559559187,18.787014484
Czech Republic,Q213,http://www.wikidata.org/entity/Q123549965,Q123549965,Weir,50.51150135,14.156041857
Czech Republic,Q213,http://www.wikidata.org/entity/Q123550002,Q123550002,Weir,50.719369475,14.350280939
Czech Republic,Q213,http://www.wikidata.org/entity/Q123549995,Q123549995,Weir,50.739155431,14.296283071
Czech Republic,Q213,http://www.wikidata.org/entity/Q123549924,Q123549924,Weir,49.627014031,17.942903696
Czech Republic,Q213,http://www.wikidata.org/entity/Q123549932,Q123549932,Weir,50.233207798,17.706111418
Czech Republic,Q213,http://www.wikidata.org/entity/Q123549996,Q123549996,Weir,50.740695644,14.307861429
Czech Republic,Q213,http://www.wikidata.org/entity/Q123550014,Q123550014,Weir,50.365039191,13.119834352
Czech Republic,Q213,http://www.wikidata.org/entity/Q123550017,Q123550017,Weir,50.368476707,13.44464957
Czech Republic,Q213,http://www.wikidata.org/entity/Q123549988,Q123549988,Weir,50.774668616,14.222862494
Czech Republic,Q213,http://www.wikidata.org/entity/Q123549878,Q123549878,Weir,49.860214604,17.861739643
Czech Republic,Q213,http://www.wikidata.org/entity/Q123549986,Q123549986,Weir,50.751517497,14.33993008
Czech Republic,Q213,http://www.wikidata.org/entity/Q123549890,Q123549890,Weir,49.888991725,17.725458451
Czech Republic,Q213,http://www.wikidata.org/entity/Q123550020,Q123550020,Weir,50.505445117,13.680416057
Czech Republic,Q213,http://www.wikidata.org/entity/Q123549984,Q123549984,Weir,50.708834979,14.39104694
Czech Republic,Q213,http://www.wikidata.org/entity/Q123549895,Q123549895,Weir,49.834988771,17.70671519
Czech Republic,Q213,http://www.wikidata.org/entity/Q123550008,Q123550008,Weir,50.265582273,13.536765971
Czech Republic,Q213,http://www.wikidata.org/entity/Q123549921,Q123549921,Weir,49.698827459,17.775528391
Czech Republic,Q213,http://www.wikidata.org/entity/Q123549961,Q123549961,Weir,50.187816006,12.862685289
Czech Republic,Q213,http://www.wikidata.org/entity/Q123550018,Q123550018,Weir,50.916125547,14.623188404
Czech Republic,Q213,http://www.wikidata.org/entity/Q123549943,Q123549943,Weir,50.16909607,17.195109576
Czech Republic,Q213,http://www.wikidata.org/entity/Q123549902,Q123549902,Weir,49.887292121,18.488616921
Czech Republic,Q213,http://www.wikidata.org/entity/Q123549913,Q123549913,Weir,50.0441233,17.505274209
Czech Republic,Q213,http://www.wikidata.org/entity/Q123550006,Q123550006,Weir,50.30579892,13.596861268
Czech Republic,Q213,http://www.wikidata.org/entity/Q123549953,Q123549953,Weir,50.086092977,12.381174439
Czech Republic,Q213,http://www.wikidata.org/entity/Q123549887,Q123549887,Weir,49.727638879,18.627851131
Czech Republic,Q213,http://www.wikidata.org/entity/Q123549976,Q123549976,Weir,50.358992726,13.795309922
Czech Republic,Q213,http://www.wikidata.org/entity/Q123549940,Q123549940,Weir,49.868518081,18.346255962
Czech Republic,Q213,http://www.wikidata.org/entity/Q123549905,Q123549905,Weir,50.108185385,17.440562937
Czech Republic,Q213,http://www.wikidata.org/entity/Q123549910,Q123549910,Weir,50.212859586,17.200246027
Czech Republic,Q213,http://www.wikidata.org/entity/Q123549975,Q123549975,Weir,50.372505261,13.851404241
Czech Republic,Q213,http://www.wikidata.org/entity/Q123549993,Q123549993,Weir,50.755408901,14.259411311
Czech Republic,Q213,http://www.wikidata.org/entity/Q123549999,Q123549999,Weir,50.721670228,14.33411924
Czech Republic,Q213,http://www.wikidata.org/entity/Q123549918,Q123549918,Weir,49.620082595,18.357516587
Czech Republic,Q213,http://www.wikidata.org/entity/Q123549882,Q123549882,Weir,49.80765249,17.765527268
Czech Republic,Q213,http://www.wikidata.org/entity/Q123549881,Q123549881,Weir,49.681636559,18.671919988
Czech Republic,Q213,http://www.wikidata.org/entity/Q123549934,Q123549934,Weir,50.02748466,18.057891633
Czech Republic,Q213,http://www.wikidata.org/entity/Q123549879,Q123549879,Weir,49.590763597,18.746599101
Czech Republic,Q213,http://www.wikidata.org/entity/Q123549923,Q123549923,Weir,49.674368723,17.8179777
Czech Republic,Q213,http://www.wikidata.org/entity/Q123549893,Q123549893,Weir,50.102668928,17.339572176
Czech Republic,Q213,http://www.wikidata.org/entity/Q123549897,Q123549897,Weir,50.016268749,17.313249415
Czech Republic,Q213,http://www.wikidata.org/entity/Q123550001,Q123550001,Weir,50.720519411,14.340283343
Czech Republic,Q213,http://www.wikidata.org/entity/Q123549933,Q123549933,Weir,50.231788191,17.702848071
Czech Republic,Q213,http://www.wikidata.org/entity/Q123550011,Q123550011,Weir,50.412382861,14.455070954
Czech Republic,Q213,http://www.wikidata.org/entity/Q123549907,Q123549907,Weir,50.061947636,17.6253023
Czech Republic,Q213,http://www.wikidata.org/entity/Q123550007,Q123550007,Weir,50.270884017,13.546436357
Czech Republic,Q213,http://www.wikidata.org/entity/Q123549997,Q123549997,Weir,50.725427655,14.321032804
Czech Republic,Q213,http://www.wikidata.org/entity/Q123549998,Q123549998,Weir,50.724451148,14.324431198
Czech Republic,Q213,http://www.wikidata.org/entity/Q123549938,Q123549938,Weir,49.991508212,17.810187322
Czech Republic,Q213,http://www.wikidata.org/entity/Q123549969,Q123549969,Weir,50.394108676,13.977036381
Czech Republic,Q213,http://www.wikidata.org/entity/Q123549980,Q123549980,Weir,50.331813465,13.666682102
Czech Republic,Q213,http://www.wikidata.org/entity/Q123549991,Q123549991,Weir,50.760669348,14.250418933
Czech Republic,Q213,http://www.wikidata.org/entity/Q123549983,Q123549983,Weir,50.330171216,13.521037092
Czech Republic,Q213,http://www.wikidata.org/entity/Q123549900,Q123549900,Weir,49.853951554,18.506677108
Czech Republic,Q213,http://www.wikidata.org/entity/Q123549915,Q123549915,Weir,50.083532674,17.736490149
Czech Republic,Q213,http://www.wikidata.org/entity/Q123549916,Q123549916,Weir,50.118145771,17.391739988
Czech Republic,Q213,http://www.wikidata.org/entity/Q123549898,Q123549898,Weir,49.901194453,17.429134264
Czech Republic,Q213,http://www.wikidata.org/entity/Q123549942,Q123549942,Weir,49.737214571,18.110483054
Czech Republic,Q213,http://www.wikidata.org/entity/Q123550009,Q123550009,Weir,50.258763087,13.525056052
Czech Republic,Q213,http://www.wikidata.org/entity/Q123549971,Q123549971,Weir,50.400993919,13.939811744
Czech Republic,Q213,http://www.wikidata.org/entity/Q123549885,Q123549885,Weir,49.882406142,17.880253443
Czech Republic,Q213,http://www.wikidata.org/entity/Q123550010,Q123550010,Weir,50.500960595,14.248207083
Czech Republic,Q213,http://www.wikidata.org/entity/Q123549876,Q123549876,Weir,49.897872233,18.14362384
Czech Republic,Q213,http://www.wikidata.org/entity/Q123549949,Q123549949,Weir,50.112942831,17.697064744
Czech Republic,Q213,http://www.wikidata.org/entity/Q123549945,Q123549945,Weir,49.832818617,17.717062728
Czech Republic,Q213,http://www.wikidata.org/entity/Q123550022,Q123550022,Weir,50.373433139,13.273836058
Czech Republic,Q213,http://www.wikidata.org/entity/Q123549955,Q123549955,Weir,50.152861913,12.847980913
Czech Republic,Q213,http://www.wikidata.org/entity/Q123550005,Q123550005,Weir,50.879420623,14.60292785
Czech Republic,Q213,http://www.wikidata.org/entity/Q123550012,Q123550012,Weir,50.41831678,14.460533741
Czech Republic,Q213,http://www.wikidata.org/entity/Q123549989,Q123549989,Weir,50.764740633,14.237646159
Czech Republic,Q213,http://www.wikidata.org/entity/Q123549892,Q123549892,Weir,49.886941459,17.744051039
Czech Republic,Q213,http://www.wikidata.org/entity/Q123549966,Q123549966,Weir,50.432934517,14.149538559
Czech Republic,Q213,http://www.wikidata.org/entity/Q123549929,Q123549929,Weir,49.966804774,17.877846362
Czech Republic,Q213,http://www.wikidata.org/entity/Q123550013,Q123550013,Weir,50.551468217,13.417505542
Czech Republic,Q213,http://www.wikidata.org/entity/Q123549951,Q123549951,Weir,50.082160562,12.365214043
Czech Republic,Q213,http://www.wikidata.org/entity/Q123549963,Q123549963,Weir,50.332434575,13.513816664
Czech Republic,Q213,http://www.wikidata.org/entity/Q123549958,Q123549958,Weir,50.248919824,12.990652798
Czech Republic,Q213,http://www.wikidata.org/entity/Q123549950,Q123549950,Weir,50.197471686,17.193699137
Czech Republic,Q213,http://www.wikidata.org/entity/Q123549928,Q123549928,Weir,49.569109939,18.748641486
Czech Republic,Q213,http://www.wikidata.org/entity/Q123549960,Q123549960,Weir,50.14388321,12.601759179
Czech Republic,Q213,http://www.wikidata.org/entity/Q123549968,Q123549968,Weir,50.404018311,14.059308744
Switzerland,Q39,http://www.wikidata.org/entity/Q29522378,"Reusswehr (Mühlesporne, Nadelwehr)",Weir,47.051846,8.302092
Switzerland,Q39,http://www.wikidata.org/entity/Q2138824,regulating weir Port,Weir,47.1189,7.25694
Switzerland,Q39,http://www.wikidata.org/entity/Q112864704,weir at the lower mill,Weir,47.07067,7.30888
Switzerland,Q39,http://www.wikidata.org/entity/Q127277036,Q127277036,Weir,47.3826,8.53898
Switzerland,Q39,http://www.wikidata.org/entity/Q129900680,Engehalde weir footbridge,Weir,46.9655,7.44496
Switzerland,Q39,http://www.wikidata.org/entity/Q29652125,Power Station and Weir,Weir,47.059686,7.17791
Switzerland,Q39,http://www.wikidata.org/entity/Q126363843,Lower lock (1723/24),Weir,46.75788,7.6301
Switzerland,Q39,http://www.wikidata.org/entity/Q63383167,Mattenschwelle,Weir,46.94572,7.45178
Switzerland,Q39,http://www.wikidata.org/entity/Q104215252,Wehrbrücke Augst/Wyhlen,Weir,47.53747,7.70753
Iran,Q794,http://www.wikidata.org/entity/Q5937956,Mizan Dam,Weir,32.051944444,48.861111111
Iran,Q794,http://www.wikidata.org/entity/Q5709212,Khoda Afarin Dam (Shushtar),Weir,32.000833333,48.856111111
Iran,Q794,http://www.wikidata.org/entity/Q95919801,Khondab Weir,Weir,34.349305555,49.229638888
Iran,Q794,http://www.wikidata.org/entity/Q5948305,Shabankareh Weir,Weir,29.383277777,51.111388888
Iran,Q794,http://www.wikidata.org/entity/Q806225,Band-e Kaisar,Weir,32.053723,48.848687
Iran,Q794,http://www.wikidata.org/entity/Q110883240,Derkeh Weir,Weir,34.449833333,47.659916666
Iran,Q794,http://www.wikidata.org/entity/Q96761827,Ahram Weir,Weir,28.879444444,51.301944444
Iran,Q794,http://www.wikidata.org/entity/Q5707186,Khak Dam,Weir,32.036388888,48.839861111
Iran,Q794,http://www.wikidata.org/entity/Q4165166,Terenah,Weir,27.074972222,54.499444444
Iran,Q794,http://www.wikidata.org/entity/Q5955627,Dezful Old Bridge,Weir,32.381805555,48.390583333
Iran,Q794,http://www.wikidata.org/entity/Q96747573,Keshigan Weir,Weir,26.622555555,60.175472222
Iran,Q794,http://www.wikidata.org/entity/Q95984359,Hezar Sangar Dam,Weir,36.409888888,52.351666666
Iran,Q794,http://www.wikidata.org/entity/Q5703382,Lashkar Bridge,Weir,32.0325,48.841388888
Spain,Q29,http://www.wikidata.org/entity/Q133876456,Resclosa de Can Trinxet,Weir,42.1092962,2.211526
Spain,Q29,http://www.wikidata.org/entity/Q133889296,Resclosa de Cal Cucurella,Weir,41.24352,1.66101
Spain,Q29,http://www.wikidata.org/entity/Q134893748,Resclosa i rec del molí del Llopart,Weir,41.29766,1.6445
Spain,Q29,http://www.wikidata.org/entity/Q134893754,Resclosa del molí Nou i Vell de Castellet,Weir,41.28598,1.64131
Spain,Q29,http://www.wikidata.org/entity/Q12385165,Q12385165,Weir,43.083077659,-7.626880214
Spain,Q29,http://www.wikidata.org/entity/Q128809493,Resclosa antiga i rec del molí del Molist,Weir,41.87992,2.27947
Spain,Q29,http://www.wikidata.org/entity/Q134969688,Resclosa i canal del Carbur de Dalt,Weir,42.1254278,2.2048806
Spain,Q29,http://www.wikidata.org/entity/Q130268633,Resclosa de la Colònia Vila-seca,Weir,42.06435,2.24909
Spain,Q29,http://www.wikidata.org/entity/Q134838601,Resclosa a l'aiguabarreig,Weir,41.67803,1.85303
Spain,Q29,http://www.wikidata.org/entity/Q31281516,Q31281516,Weir,43.04800833,-7.62550278
Spain,Q29,http://www.wikidata.org/entity/Q134893813,Resclosa de l'Obra,Weir,41.98606,2.29346
Spain,Q29,http://www.wikidata.org/entity/Q130299927,Resclosa del Llobregat,Weir,41.4351,1.99587
Spain,Q29,http://www.wikidata.org/entity/Q31281512,Q31281512,Weir,43.05653333,-7.62886389
Spain,Q29,http://www.wikidata.org/entity/Q133796264,Resclosa del molí de l'Esbert / molí Fidel,Weir,41.44067,1.74716
Spain,Q29,http://www.wikidata.org/entity/Q133520546,Resclosa de les fàbriques de Sant Joan,Weir,41.74555,1.80779
Spain,Q29,http://www.wikidata.org/entity/Q21077394,Resclosa del Pont de Roma,Weir,,
Spain,Q29,http://www.wikidata.org/entity/Q128809489,Resclosa del Molí del Molist,Weir,41.88159,2.27258
Spain,Q29,http://www.wikidata.org/entity/Q21077393,Resclosa del Camp de Salselles,Weir,42.091078,2.008
Spain,Q29,http://www.wikidata.org/entity/Q135011952,Resclosa del molí d'Oms,Weir,41.96536,2.24074
Spain,Q29,http://www.wikidata.org/entity/Q133884118,Resclosa antiga del molí del Tei,Weir,41.88494,2.2513
Spain,Q29,http://www.wikidata.org/entity/Q134969690,Resclosa i canal del Carbur de Baix,Weir,42.1213827,2.2040355
Spain,Q29,http://www.wikidata.org/entity/Q132722294,Resclosa de la riera del Cervelló,Weir,,
Spain,Q29,http://www.wikidata.org/entity/Q134498878,Resclosa de can Ramoneda,Weir,41.50318,2.02434
Spain,Q29,http://www.wikidata.org/entity/Q133875530,Resclosa i rec del Molí dels Sorts,Weir,41.85008,2.27992
Spain,Q29,http://www.wikidata.org/entity/Q133884120,Resclosa nova del molí del Tei,Weir,41.88804,2.25365
Spain,Q29,http://www.wikidata.org/entity/Q97616354,Corral de Merlín,Weir,36.765429728,-6.390602474
Spain,Q29,http://www.wikidata.org/entity/Q117204176,Resclosa del pantà de la font del Vern,Weir,41.77158,2.27261
Spain,Q29,http://www.wikidata.org/entity/Q127605935,Resclosa de Cal Sereno,Weir,41.41338,1.9606
Spain,Q29,http://www.wikidata.org/entity/Q130784574,Resclosa de Can Clos,Weir,41.50553,2.14698
Spain,Q29,http://www.wikidata.org/entity/Q133863938,Resclosa i rec del Molí de Miralda,Weir,41.67598,1.75933
Spain,Q29,http://www.wikidata.org/entity/Q113625494,Resclosa del torrent de Colobrers,Weir,41.58118,2.096425
Spain,Q29,http://www.wikidata.org/entity/Q128809469,Resclosa i rec de l'hort del Gurri Gros,Weir,41.86965,2.25976
Spain,Q29,http://www.wikidata.org/entity/Q128809484,Resclosa i rec del molí de Bellpuig,Weir,41.88442,2.26606
Spain,Q29,http://www.wikidata.org/entity/Q128809486,Resclosa de la Foguera,Weir,41.88304,2.26984
Spain,Q29,http://www.wikidata.org/entity/Q128809477,Resclosa del Gurri Xic,Weir,41.87677,2.26314
Spain,Q29,http://www.wikidata.org/entity/Q133877692,Resclosa del molí de Dalt de Vall-llosera,Weir,41.81305,2.23851
Spain,Q29,http://www.wikidata.org/entity/Q131739966,Resclosa i rec de la riera de Martinet,Weir,41.78757,2.25199
Spain,Q29,http://www.wikidata.org/entity/Q133884009,Resclosa de Torroella,Weir,41.90786,2.19234
Spain,Q29,http://www.wikidata.org/entity/Q135011844,Resclosa del Cortès,Weir,41.79828,1.7674
Spain,Q29,http://www.wikidata.org/entity/Q18006229,Resclosa de Serinyà i illa del Fluvià,Weir,42.1875,2.75339
Spain,Q29,http://www.wikidata.org/entity/Q133822838,Resclosa i rec del molí del Calvet,Weir,41.68617,1.77869
Spain,Q29,http://www.wikidata.org/entity/Q133796288,"Resclosa del Molí del Parellada, del Mig i del Cover",Weir,41.44609,1.73386
Spain,Q29,http://www.wikidata.org/entity/Q134893814,Resclosa de Malars,Weir,41.98543,2.28917
Spain,Q29,http://www.wikidata.org/entity/Q18006228,Q18006228,Weir,42.2083,2.5914
Spain,Q29,http://www.wikidata.org/entity/Q127605907,Resclosa del Pont Vell,Weir,41.40995,1.97237
Spain,Q29,http://www.wikidata.org/entity/Q128809467,Resclosa de l'hort de Blanquers,Weir,41.86538,2.26117
Spain,Q29,http://www.wikidata.org/entity/Q134930793,Resclosa i rec del molí del Ral,Weir,41.88896,2.26266
Spain,Q29,http://www.wikidata.org/entity/Q117803280,Hoz Seca Dam,Weir,,
Spain,Q29,http://www.wikidata.org/entity/Q133571763,Restes d'una resclosa i de tres molins als Gorgs Blaus,Weir,41.77354,2.02557
Spain,Q29,http://www.wikidata.org/entity/Q133796236,Resclosa del Molí de Ribalta,Weir,41.43978,1.7581
Spain,Q29,http://www.wikidata.org/entity/Q31281596,Q31281596,Weir,43.03311944,-7.61437222
Spain,Q29,http://www.wikidata.org/entity/Q133875717,Resclosa de les Illes,Weir,42.0958361,2.2301042
Spain,Q29,http://www.wikidata.org/entity/Q131739955,Resclosa del Congost,Weir,41.77616,2.24664
Spain,Q29,http://www.wikidata.org/entity/Q21077392,Resclosa de les Goles de la Masada,Weir,42.101238,2.006103
Australia,Q408,http://www.wikidata.org/entity/Q21950365,Upper Eden Creek Weir,Weir,-28.565277777,152.917777777
Australia,Q408,http://www.wikidata.org/entity/Q21950321,Woorawadian Weir,Weir,-29.881666666,148.251111111
Australia,Q408,http://www.wikidata.org/entity/Q21950413,Tareel Roi Weir,Weir,-29.431666666,150.034722222
Australia,Q408,http://www.wikidata.org/entity/Q21950363,Wakool Weir,Weir,-35.492222222,144.771944444
Australia,Q408,http://www.wikidata.org/entity/Q21946969,Hardings Weir,Weir,-36.049166666,145.081666666
Australia,Q408,http://www.wikidata.org/entity/Q21950650,Kent Street Weir,Weir,-32.021111111,115.92
Australia,Q408,http://www.wikidata.org/entity/Q21950129,Youlambie Weir,Weir,-24.818888888,151.0975
Australia,Q408,http://www.wikidata.org/entity/Q21946930,Mcmahons Weir,Weir,-37.71708,145.88235
Australia,Q408,http://www.wikidata.org/entity/Q21948902,Steeds Weir,Weir,-37.045833333,143.61
Australia,Q408,http://www.wikidata.org/entity/Q21946739,Kiacatoo Weir,Weir,-33.0652,146.80119
Australia,Q408,http://www.wikidata.org/entity/Q21950352,Warren Weir,Weir,-31.731666666,147.834722222
Australia,Q408,http://www.wikidata.org/entity/Q21950358,Wolfreys Weir,Weir,-29.631666666,147.017777777
Australia,Q408,http://www.wikidata.org/entity/Q21950132,Town Weir,Weir,-24.937222222,150.066111111
Australia,Q408,http://www.wikidata.org/entity/Q21946950,Kennedys Weir,Weir,-36.021111111,145.013611111
Australia,Q408,http://www.wikidata.org/entity/Q21948885,Turrumberry Weir,Weir,-35.94403,144.46791
Australia,Q408,http://www.wikidata.org/entity/Q21950530,Northam Weir,Weir,-31.647222222,116.671666666
Australia,Q408,http://www.wikidata.org/entity/Q21946900,Pedersen Weir,Weir,-37.942222222,145.880277777
Australia,Q408,http://www.wikidata.org/entity/Q24185609,Murgon Weir,Weir,-26.650182,151.924437
Australia,Q408,http://www.wikidata.org/entity/Q21950320,Woronora Weir,Weir,-34.065277777,150.992777777
Australia,Q408,http://www.wikidata.org/entity/Q21946909,O'Shannassy Weir,Weir,-37.683333333,145.808611111
Australia,Q408,http://www.wikidata.org/entity/Q21950528,Notch Weir,Weir,-35.096388888,117.960277777
Australia,Q408,http://www.wikidata.org/entity/Q21946762,Jacksons Weir,Weir,-35.2818,144.91789
Australia,Q408,http://www.wikidata.org/entity/Q21946702,Menangle Weir,Weir,-34.115277777,150.742777777
Australia,Q408,http://www.wikidata.org/entity/Q21950399,Three Mile Weir,Weir,-33.202777777,145.203611111
Australia,Q408,http://www.wikidata.org/entity/Q21950338,Willanthry Weir,Weir,-33.3485,145.86791
Australia,Q408,http://www.wikidata.org/entity/Q21950429,Sharpes Weir,Weir,-34.048611111,150.676111111
Australia,Q408,http://www.wikidata.org/entity/Q21946763,Jabour Weir,Weir,-28.848611111,153.017777777
Australia,Q408,http://www.wikidata.org/entity/Q21948943,Westons Weir,Weir,-41.76,146.81
Australia,Q408,http://www.wikidata.org/entity/Q21946895,Polly Mcquinn Weir,Weir,-36.87514,145.68848
Australia,Q408,http://www.wikidata.org/entity/Q21946946,Koondrook Weir,Weir,-35.656944444,144.123611111
Australia,Q408,http://www.wikidata.org/entity/Q21946920,Mud Weir,Weir,-37.36,145.217222222
Australia,Q408,http://www.wikidata.org/entity/Q21950448,Redbank Weir,Weir,-34.3818,143.7679
Australia,Q408,http://www.wikidata.org/entity/Q21950322,Woolshed Weir,Weir,-33.208611111,147.240833333
Australia,Q408,http://www.wikidata.org/entity/Q21950362,Walgett Weir,Weir,-29.998611111,148.101111111
Australia,Q408,http://www.wikidata.org/entity/Q21948928,Rices Weir,Weir,-35.967222222,144.961944444
Australia,Q408,http://www.wikidata.org/entity/Q21950394,Thurns Weir,Weir,-34.077777777,150.712222222
Australia,Q408,http://www.wikidata.org/entity/Q21948879,W J White Weir,Weir,-38.267777777,146.214722222
Australia,Q408,http://www.wikidata.org/entity/Q21948912,Silver Weir,Weir,-37.366666666,145.222777777
Australia,Q408,http://www.wikidata.org/entity/Q21947070,Monpeelyata Intake Weir,Weir,-42.01,146.63
Australia,Q408,http://www.wikidata.org/entity/Q21948937,Railway Weir,Weir,-37.5373611,144.1456944
Australia,Q408,http://www.wikidata.org/entity/Q21948954,Serpentine Rivulet Weir,Weir,-42.12,146.5
Australia,Q408,http://www.wikidata.org/entity/Q21946939,Little Weir,Weir,-37.030555555,142.583055555
Australia,Q408,http://www.wikidata.org/entity/Q21950317,Yallakool Creek Weir,Weir,-35.4318,144.7679
Australia,Q408,http://www.wikidata.org/entity/Q21950419,Stevens Weir,Weir,-35.4318,144.7679
Australia,Q408,http://www.wikidata.org/entity/Q21946753,Kandos Weir,Weir,-32.8318,150.2012
Australia,Q408,http://www.wikidata.org/entity/Q21946965,Hellhole Weir,Weir,-37.356666666,145.211666666
Australia,Q408,http://www.wikidata.org/entity/Q21948884,Trudgeons Weir,Weir,-37.018333333,142.551666666
Australia,Q408,http://www.wikidata.org/entity/Q21946706,Maude Weir,Weir,-34.4652,144.30119
Australia,Q408,http://www.wikidata.org/entity/Q21948917,Schiers Weir,Weir,-36.020833333,145.035833333
Australia,Q408,http://www.wikidata.org/entity/Q21950353,Warrana Weir,Weir,-30.931666666,148.401111111
Australia,Q408,http://www.wikidata.org/entity/Q21947074,McPartlan Weir,Weir,-42.85,146.18
Australia,Q408,http://www.wikidata.org/entity/Q21950135,Talegalla Weir,Weir,-25.766111111,152.707222222
Australia,Q408,http://www.wikidata.org/entity/Q21950130,Wilson Weir,Weir,-27.53974,152.34182
Australia,Q408,http://www.wikidata.org/entity/Q21946951,Katandra Weir,Weir,-36.105277777,145.608333333
Australia,Q408,http://www.wikidata.org/entity/Q21950435,Rossi Weir,Weir,-34.731666666,149.684722222
Australia,Q408,http://www.wikidata.org/entity/Q21946911,O'Connor Weir,Weir,-37.49514,145.38458
Australia,Q408,http://www.wikidata.org/entity/Q21946710,Marebone Weir,Weir,-31.365277777,147.701111111
Australia,Q408,http://www.wikidata.org/entity/Q21948900,Stony Weir,Weir,-37.362777777,145.218333333
Australia,Q408,http://www.wikidata.org/entity/Q21946933,Magnussons Weir,Weir,-36.033611111,145.164444444
Australia,Q408,http://www.wikidata.org/entity/Q21950136,Silverleaf Weir,Weir,-26.16598,151.81427
Australia,Q408,http://www.wikidata.org/entity/Q21950134,Ted Pukallus Weir,Weir,-26.874444444,152.026111111
Australia,Q408,http://www.wikidata.org/entity/Q21950133,Teddington Weir,Weir,-25.649444444,152.666111111
Australia,Q408,http://www.wikidata.org/entity/Q21950314,Yanco Weir,Weir,-34.703333333,146.416944444
Australia,Q408,http://www.wikidata.org/entity/Q21948926,Ripley Weir,Weir,-37.855555555,144.385833333
Australia,Q408,http://www.wikidata.org/entity/Q21946935,Luckes Weir,Weir,-36.044444444,145.134166666
Australia,Q408,http://www.wikidata.org/entity/Q21946918,Nathalia Township Weir,Weir,-36.065555555,145.211111111
Australia,Q408,http://www.wikidata.org/entity/Q21948951,St Clair Weir,Weir,-42.12,146.21
Australia,Q408,http://www.wikidata.org/entity/Q21948903,Stawell Weir,Weir,-37.259722222,142.538333333
Australia,Q408,http://www.wikidata.org/entity/Q21946713,Manyweathers Weir,Weir,-28.8652,153.03461
Australia,Q408,http://www.wikidata.org/entity/Q21950315,Yallakool Weir,Weir,-35.450277777,144.770833333
Australia,Q408,http://www.wikidata.org/entity/Q21983831,Clarence Weir,Weir,-42.16,146.38001
Australia,Q408,http://www.wikidata.org/entity/Q21946708,Marsden Weir,Weir,-34.731666666,149.701111111
Australia,Q408,http://www.wikidata.org/entity/Q21948871,Whitelaw Weir,Weir,-37.723888888,146.277222222
Australia,Q408,http://www.wikidata.org/entity/Q21946760,Jemalong Weir,Weir,-33.415277777,147.751111111
Australia,Q408,http://www.wikidata.org/entity/Q21948878,Wallaby Weir,Weir,-37.402222222,145.248611111
Australia,Q408,http://www.wikidata.org/entity/Q21946938,Loddon Weir,Weir,-36.335833333,143.865555555
Australia,Q408,http://www.wikidata.org/entity/Q21950383,Torrumbarry Weir,Weir,-35.943055555,144.468333333
Australia,Q408,http://www.wikidata.org/entity/Q21946768,Hillston Weir,Weir,-33.4818,145.5012
Australia,Q408,http://www.wikidata.org/entity/Q21950361,Wallacia Weir,Weir,-33.856666666,150.634722222
Australia,Q408,http://www.wikidata.org/entity/Q21950131,Whetstone Weir,Weir,-28.466944444,150.954166666
Australia,Q408,http://www.wikidata.org/entity/Q21948915,Serpentine Weir,Weir,-36.427777777,143.951111111
Australia,Q408,http://www.wikidata.org/entity/Q21948890,Thompson Weir,Weir,-35.907222222,144.346388888
Australia,Q408,http://www.wikidata.org/entity/Q21946700,Merton Bridge Weir,Weir,-33.1985,145.05119
Australia,Q408,http://www.wikidata.org/entity/Q21949915,Yeldulknie Weir,Weir,-33.692222222,136.544722222
Australia,Q408,http://www.wikidata.org/entity/Q21948867,Yarrawonga Weir,Weir,-36.006944444,145.998611111
Australia,Q408,http://www.wikidata.org/entity/Q21946908,Olangolah Weir,Weir,-38.614444444,143.683333333
Australia,Q408,http://www.wikidata.org/entity/Q21950339,Wallandra Weir,Weir,-33.35,145.873888888
Australia,Q408,http://www.wikidata.org/entity/Q21948901,Stewarts Weir,Weir,-37.081666666,142.597777777
Australia,Q408,http://www.wikidata.org/entity/Q7981535,Wellington Weir,Weir,-33.4,115.983333333
Australia,Q408,http://www.wikidata.org/entity/Q5296598,Donnelly Weir,Weir,-37.6282,145.535
Australia,Q408,http://www.wikidata.org/entity/Q134121336,Costiks Weir,Weir,-37.7409759,148.0235528
Australia,Q408,http://www.wikidata.org/entity/Q123530107,Rookwood Weir,Weir,-23.541013,150.015273
Australia,Q408,http://www.wikidata.org/entity/Q59662659,Audley Weir,Weir,-34.0733147,151.0565669
Australia,Q408,http://www.wikidata.org/entity/Q7685738,Tareelaroi Weir,Weir,-29.446,150.031
Australia,Q408,http://www.wikidata.org/entity/Q19877280,Proston Weir,Weir,-26.2006,151.574
Australia,Q408,http://www.wikidata.org/entity/Q5588259,Goulburn Weir,Weir,-36.717222222,145.17
Australia,Q408,http://www.wikidata.org/entity/Q6800252,McCauley Weir,Weir,-26.754069444,152.079655555
Australia,Q408,http://www.wikidata.org/entity/Q125259654,Mildura Weir,Weir,-34.17579,142.16506
Australia,Q408,http://www.wikidata.org/entity/Q21942168,Bonshaw Weir,Weir,-28.981666666,151.267777777
Australia,Q408,http://www.wikidata.org/entity/Q21942155,Brewarrina Weir,Weir,-29.9485,146.8512
Australia,Q408,http://www.wikidata.org/entity/Q21942070,Gonowlia Weir,Weir,-33.3652,145.5846
Australia,Q408,http://www.wikidata.org/entity/Q21942125,Cob O'Corn Weir,Weir,-28.598611111,152.884722222
Australia,Q408,http://www.wikidata.org/entity/Q21945241,Gowangardie Weir,Weir,-36.434444444,145.684722222
Australia,Q408,http://www.wikidata.org/entity/Q21942145,Camden Weir,Weir,-34.0485,150.7012
Australia,Q408,http://www.wikidata.org/entity/Q21942141,Cargelligo Weir,Weir,-33.1985,146.4512
Australia,Q408,http://www.wikidata.org/entity/Q21945244,Glenmaggie Weir,Weir,-37.90431,146.79987
Australia,Q408,http://www.wikidata.org/entity/Q21946310,Monto Weir,Weir,-24.85583,151.10667
Australia,Q408,http://www.wikidata.org/entity/Q21945276,Coranderrk Weir,Weir,-37.685277777,145.583333333
Australia,Q408,http://www.wikidata.org/entity/Q21945357,Finniss Weir,Weir,-35.323055555,138.674166666
Australia,Q408,http://www.wikidata.org/entity/Q21942166,Booberoi Weir,Weir,-33.0318,146.6346
Australia,Q408,http://www.wikidata.org/entity/Q21942177,Bergins Weir,Weir,-34.081666666,150.742777777
Australia,Q408,http://www.wikidata.org/entity/Q21945294,Britannia Weir,Weir,-37.791111111,145.669722222
Australia,Q408,http://www.wikidata.org/entity/Q21942123,Colligen Weir,Weir,-35.431666666,144.701111111
Australia,Q408,http://www.wikidata.org/entity/Q21944847,Hay Weir,Weir,-34.5152,144.7012
Australia,Q408,http://www.wikidata.org/entity/Q21946627,Picton Weir,Weir,-34.265277777,150.551111111
Australia,Q408,http://www.wikidata.org/entity/Q21942045,Gilders Weir,Weir,-32.331666666,150.734722222
Australia,Q408,http://www.wikidata.org/entity/Q21945337,Butlers Weir,Weir,-42.27,146.26
Australia,Q408,http://www.wikidata.org/entity/Q21942194,Algudgerie Weir,Weir,-35.3318,145.6012
Australia,Q408,http://www.wikidata.org/entity/Q21945243,Glenorchy Weir,Weir,-36.912222222,142.650555555
Australia,Q408,http://www.wikidata.org/entity/Q21944557,Glenarbon Weir,Weir,-28.690833333,150.891944444
Australia,Q408,http://www.wikidata.org/entity/Q21944559,Collins Weir,Weir,-17.258055555,145.293333333
Australia,Q408,http://www.wikidata.org/entity/Q21942119,Cookes Weir,Weir,-28.831666666,152.984722222
Australia,Q408,http://www.wikidata.org/entity/Q21946628,Pheasants Nest Weir,Weir,-34.240277777,150.667777777
Australia,Q408,http://www.wikidata.org/entity/Q21945288,Campaspe Weir,Weir,-36.436388888,144.661666666
Australia,Q408,http://www.wikidata.org/entity/Q21942122,Combadello Weir,Weir,-29.565277777,149.651111111
Australia,Q408,http://www.wikidata.org/entity/Q21945238,Groves Weir,Weir,-36.61431,144.86874
Australia,Q408,http://www.wikidata.org/entity/Q21945285,Chinamens Weir,Weir,-36.042777777,145.199722222
Australia,Q408,http://www.wikidata.org/entity/Q21944565,Bedford Weir,Weir,-23.371666666,148.841388888
Australia,Q408,http://www.wikidata.org/entity/Q21946290,Kirar Weir,Weir,-25.345,151.0775
Australia,Q408,http://www.wikidata.org/entity/Q21946354,Nanango Weir,Weir,-26.65028,151.92445
Australia,Q408,http://www.wikidata.org/entity/Q21945327,Forth Weir,Weir,-41.2,146.24
Australia,Q408,http://www.wikidata.org/entity/Q21945274,Cosey Weir,Weir,-36.473888888,145.941666666
Australia,Q408,http://www.wikidata.org/entity/Q21942162,Boomi Weir,Weir,-28.615277777,149.667777777
Australia,Q408,http://www.wikidata.org/entity/Q21944563,Brightview Weir,Weir,-27.496666666,152.501111111
Australia,Q408,http://www.wikidata.org/entity/Q21946604,Harris Weir,Weir,-29.648611111,149.117777777
Australia,Q408,http://www.wikidata.org/entity/Q21944562,Bruce Weir,Weir,-17.110555555,145.116111111
Australia,Q408,http://www.wikidata.org/entity/Q21942075,Gin Gin Weir,Weir,-31.931666666,148.134722222
Australia,Q408,http://www.wikidata.org/entity/Q21946696,Middle Billabong Weir,Weir,-33.3318,145.7179
Australia,Q408,http://www.wikidata.org/entity/Q21946617,Presbury Weir,Weir,-29.1152,148.80119
Australia,Q408,http://www.wikidata.org/entity/Q21945300,Bolwarrah Weir,Weir,-37.55708,144.17653
Australia,Q408,http://www.wikidata.org/entity/Q21945315,Armstrong Creek Weir,Weir,-37.636666666,145.86
Australia,Q408,http://www.wikidata.org/entity/Q21944751,Bryan Egan Weir,Weir,-31.698611111,149.834722222
Australia,Q408,http://www.wikidata.org/entity/Q21946685,Mortimers Weir,Weir,-35.315277777,144.984722222
Australia,Q408,http://www.wikidata.org/entity/Q21945291,Bunyip Weir,Weir,-37.939166666,145.749166666
Australia,Q408,http://www.wikidata.org/entity/Q21942188,Balranald Weir,Weir,-34.6485,143.4846
Australia,Q408,http://www.wikidata.org/entity/Q21945308,Benjeroop Weir,Weir,-35.44764,143.8118
Australia,Q408,http://www.wikidata.org/entity/Q21946678,Mount Hunter Rivulet Weir,Weir,-34.023611111,150.651111111
Australia,Q408,http://www.wikidata.org/entity/Q21942164,Boolooroo Weir,Weir,-29.415277777,149.884722222
Australia,Q408,http://www.wikidata.org/entity/Q21942105,Cunningham Weir,Weir,-28.731666666,150.951111111
Australia,Q408,http://www.wikidata.org/entity/Q21945247,Gannons Weir,Weir,-36.009444444,143.826111111
Australia,Q408,http://www.wikidata.org/entity/Q21946611,Hovell Crossing Weir,Weir,-35.815277777,147.801111111
Australia,Q408,http://www.wikidata.org/entity/Q21945253,Fish Point Weir,Weir,-35.46458,143.78375
Australia,Q408,http://www.wikidata.org/entity/Q21946355,Mungungo Weir,Weir,-24.764166666,151.16
Australia,Q408,http://www.wikidata.org/entity/Q21944752,Bottom Weir,Weir,-31.6985,149.8346
Australia,Q408,http://www.wikidata.org/entity/Q21946596,Mungindi Weir,Weir,-29.9652,149.0012
Australia,Q408,http://www.wikidata.org/entity/Q21917898,Berembed Weir,Weir,-34.87940514,146.836622775
Australia,Q408,http://www.wikidata.org/entity/Q21944560,Chinchilla Weir,Weir,-26.800555555,150.577222222
Australia,Q408,http://www.wikidata.org/entity/Q21945307,Berry Weir,Weir,-35.98625,144.46208
Australia,Q408,http://www.wikidata.org/entity/Q21942153,Brewster Weir,Weir,-33.3818,145.9846
Australia,Q408,http://www.wikidata.org/entity/Q21946126,Gumeracha Weir,Weir,-34.821388888,138.852222222
Australia,Q408,http://www.wikidata.org/entity/Q21946307,Mulgildie Weir,Weir,-25.018611111,151.092222222
Australia,Q408,http://www.wikidata.org/entity/Q21944561,Charles Lloyd Jones Weir,Weir,-23.649722222,145.216666666
Australia,Q408,http://www.wikidata.org/entity/Q21945301,Fernihurst Weir,Weir,-36.243888888,143.869166666
Australia,Q408,http://www.wikidata.org/entity/Q21946313,Jordan Weir,Weir,-27.54242,152.31789
Australia,Q408,http://www.wikidata.org/entity/Q21942143,Camerons Weir,Weir,-35.2652,144.8846
Australia,Q408,http://www.wikidata.org/entity/Q21945240,Grace Burn Weir,Weir,-37.655277777,145.5775
Australia,Q408,http://www.wikidata.org/entity/Q21944924,Extracts Weir,Weir,-31.568611111,116.488333333
Australia,Q408,http://www.wikidata.org/entity/Q21942148,Brownlow Hill Weir,Weir,-34.0068,150.6512
Australia,Q408,http://www.wikidata.org/entity/Q21942058,Cobbitty Village Weir,Weir,-34.0318,150.67619
Australia,Q408,http://www.wikidata.org/entity/Q21946698,Micabil Weir,Weir,-33.0485,146.9679
Australia,Q408,http://www.wikidata.org/entity/Q21946314,Jack Taylor Weir,Weir,-28.043611111,148.566388888
Australia,Q408,http://www.wikidata.org/entity/Q21945237,Gunbower Weir,Weir,-35.954722222,144.377777777
Australia,Q408,http://www.wikidata.org/entity/Q21944914,Fitzroy Weir,Weir,-18.186944444,124.493333333
Australia,Q408,http://www.wikidata.org/entity/Q21946308,Moura Weir,Weir,-24.589444444,149.902777777
Australia,Q408,http://www.wikidata.org/entity/Q21944558,Dulbil Weir,Weir,-17.045277777,145.474722222
Australia,Q408,http://www.wikidata.org/entity/Q21944564,Black Weir,Weir,-19.317777777,146.734722222
Australia,Q408,http://www.wikidata.org/entity/Q21942128,Cobbitty Weir,Weir,-34.031666666,150.676111111
Australia,Q408,http://www.wikidata.org/entity/Q21942106,Cunningham Weir,Weir,-34.6152,148.3846
Australia,Q408,http://www.wikidata.org/entity/Q21944157,Freshwater Creek Weir,Weir,-33.481388888,138.615277777
Australia,Q408,http://www.wikidata.org/entity/Q21946312,Leafgold Weir,Weir,-17.148611111,145.0525
Australia,Q408,http://www.wikidata.org/entity/Q21942064,Gulley Weir,Weir,-28.8652,153.05119
Australia,Q408,http://www.wikidata.org/entity/Q21942107,Cudgegong Weir,Weir,-32.6152,149.6512
Australia,Q408,http://www.wikidata.org/entity/Q21944523,Allan Tannock Weir,Weir,-28.118611111,145.686111111
Australia,Q408,http://www.wikidata.org/entity/Q21944541,Greenup Weir,Weir,-28.435833333,151.180833333
Australia,Q408,http://www.wikidata.org/entity/Q21942121,Comilaroy Weir,Weir,-29.031666666,148.867777777
Australia,Q408,http://www.wikidata.org/entity/Q21946601,Number One Weir,Weir,-29.031666666,148.867777777
Australia,Q408,http://www.wikidata.org/entity/Q21942186,Banarway Weir,Weir,-29.3652,148.6846
Australia,Q408,http://www.wikidata.org/entity/Q21944406,Coorong Channel Weir,Weir,-35.56453,138.90872
Australia,Q408,http://www.wikidata.org/entity/Q21945313,Avon Weir,Weir,-36.50236,142.89125
Australia,Q408,http://www.wikidata.org/entity/Q21942072,Gogeldrie Weir,Weir,-34.6152,146.2512
Australia,Q408,http://www.wikidata.org/entity/Q21944522,Berrys Weir,Weir,-27.64357,152.74323
Australia,Q408,http://www.wikidata.org/entity/Q21944613,Donkey Camp Weir,Weir,-14.416388888,132.321944444
Australia,Q408,http://www.wikidata.org/entity/Q21942120,Condobolin Weir,Weir,-33.081666666,147.134722222
Ireland,Q27,http://www.wikidata.org/entity/Q55047477,Millbrook Weir,Weir,53.65624,-6.69582
Ireland,Q27,http://www.wikidata.org/entity/Q55028475,River Barrow Weir,Weir,52.98689,-6.98351
Ireland,Q27,http://www.wikidata.org/entity/Q55050778,Termonbarry Weir,Weir,53.73952,-7.91764
Ireland,Q27,http://www.wikidata.org/entity/Q55049419,Anna Liffey Weir,Weir,53.36763,-6.43634
Ireland,Q27,http://www.wikidata.org/entity/Q55049472,Firhouse Weir,Weir,53.28913,-6.3309
Ireland,Q27,http://www.wikidata.org/entity/Q55028307,Salmon Weir Bridge,Weir,53.2756,-9.05596
Ireland,Q27,http://www.wikidata.org/entity/Q64415904,Meelick weir,Weir,53.174902,-8.075972
Germany,Q183,http://www.wikidata.org/entity/Q98743624,Wehr Schwillacher Straße 4; Schwillacher Straße 6 in Ottenhofen,Weir,48.215744338,11.886952368
Germany,Q183,http://www.wikidata.org/entity/Q98589518,Mühlwehr Teichmühle 1 in Steinwiesen,Weir,50.304350427,11.466281442
Germany,Q183,http://www.wikidata.org/entity/Q49445690,Angerflutwehr,Weir,51.544444,12.991944
Germany,Q183,http://www.wikidata.org/entity/Q98677076,Wehr Bachhaupter Laber; Langenthonhausener Straße in Breitenbrunn (Oberpfalz),Weir,49.084594956,11.629952713
Germany,Q183,http://www.wikidata.org/entity/Q110470421,Wehranlage Fünf Schützen,Weir,49.58981,11.0674
Germany,Q183,http://www.wikidata.org/entity/Q98589521,Wehr Haßlach; Schützenstraße in Pressig,Weir,50.365092904,11.320114743
Germany,Q183,http://www.wikidata.org/entity/Q55100877,Altmühl-Stauwehr,Weir,49.012672222,11.613211111
Germany,Q183,http://www.wikidata.org/entity/Q98744313,Wehr Kammerl 1; Kammerl 2 in Saulgrub,Weir,47.661867357,10.985865438
Germany,Q183,http://www.wikidata.org/entity/Q98700559,Wehr Donau in Untergriesbach,Weir,48.517450523,13.706963242
Germany,Q183,http://www.wikidata.org/entity/Q55406973,Gauchsbach-Schütz und Wehr,Weir,49.36884,11.18708
Germany,Q183,http://www.wikidata.org/entity/Q98749592,Wehr Ebrach; Piezenwiesen in Edling,Weir,48.038025443,12.167672214
Germany,Q183,http://www.wikidata.org/entity/Q104673518,Q104673518,Weir,50.91683,12.68747
Germany,Q183,http://www.wikidata.org/entity/Q98677092,Wehr Bachhaupter Laber; Bachhaupttal in Breitenbrunn (Oberpfalz),Weir,49.08772431,11.630709859
Germany,Q183,http://www.wikidata.org/entity/Q98677140,Wehr Bachhaupter Bach; Bachhaupttal in Breitenbrunn (Oberpfalz),Weir,49.092661792,11.635253243
Germany,Q183,http://www.wikidata.org/entity/Q106204618,Höchster Wehr,Weir,50.10772,8.56619
Germany,Q183,http://www.wikidata.org/entity/Q49364694,Paul-Teichgräber-Straße 11,Weir,50.901936,14.761025
Germany,Q183,http://www.wikidata.org/entity/Q98677115,Wehr Breitenbrunner Laber; Talleite in Breitenbrunn (Oberpfalz),Weir,49.09427435,11.602359528
Germany,Q183,http://www.wikidata.org/entity/Q98677095,"Wehr Rädelsteg Leite; Unterbürger Laber, Dürrwiesen; Unterbürger Laber in Breitenbrunn (Oberpfalz)",Weir,49.057822241,11.591759391
Germany,Q183,http://www.wikidata.org/entity/Q98749935,Mühlwehr Würm in Krailling,Weir,48.096271979,11.411959618
Germany,Q183,http://www.wikidata.org/entity/Q98589520,Wehr Badstraße 69 in Pressig,Weir,50.372504153,11.315377078
Germany,Q183,http://www.wikidata.org/entity/Q109642057,Q109642057,Weir,52.2506844,11.5743155
Germany,Q183,http://www.wikidata.org/entity/Q55757450,Wehr Ludwig-Donau-Main-Kanal in Riedenburg,Weir,48.99478,11.62969
Germany,Q183,http://www.wikidata.org/entity/Q62599365,Q62599365,Weir,49.06442,11.46197
Germany,Q183,http://www.wikidata.org/entity/Q98589527,Weir,Weir,49.771523222,11.411752507
Germany,Q183,http://www.wikidata.org/entity/Q110246114,Oker-Wehr in Müden,Weir,52.5219218,10.3604141
Germany,Q183,http://www.wikidata.org/entity/Q98677098,Wehr Breitenbrunner Laber; Kemnathener Tal in Breitenbrunn (Oberpfalz),Weir,49.106611642,11.600436559
Germany,Q183,http://www.wikidata.org/entity/Q98677078,Wehr St.-Sebastians-Weg 11 in Breitenbrunn (Oberpfalz),Weir,49.084582786,11.629297478
Germany,Q183,http://www.wikidata.org/entity/Q110644143,Wiesent-Wehr,Weir,49.78123,11.18955
Germany,Q183,http://www.wikidata.org/entity/Q98677133,Wehr Breitenbrunner Laber in Breitenbrunn (Oberpfalz),Weir,49.1136727,11.611631125
Germany,Q183,http://www.wikidata.org/entity/Q98589511,Mühlwehr Am Gries in Steinwiesen,Weir,50.316774321,11.483650629
Germany,Q183,http://www.wikidata.org/entity/Q108405250,Kahlenbergwehr,Weir,51.413333,6.876111
Germany,Q183,http://www.wikidata.org/entity/Q98698433,Wehr Hochwaldstraße 54; Hochwaldstraße 56 in Mauth,Weir,48.928701599,13.556620923
Germany,Q183,http://www.wikidata.org/entity/Q98589514,Mühlwehr Am Gries in Steinwiesen,Weir,50.314796635,11.481779175
Germany,Q183,http://www.wikidata.org/entity/Q56228242,Staumauer bei der Schleuse 12,Weir,49.0103,11.61836
Germany,Q183,http://www.wikidata.org/entity/Q98677144,Wehr Breitenbrunner Laber; Talleite in Breitenbrunn (Oberpfalz),Weir,49.094267938,11.6005641
Germany,Q183,http://www.wikidata.org/entity/Q96748042,Isarstauwehr,Weir,48.02677,11.50213
Germany,Q183,http://www.wikidata.org/entity/Q98576757,Mühlenwehr,Weir,50.287462502,10.970147667
Germany,Q183,http://www.wikidata.org/entity/Q98698323,Wehr Ahornöd 28 in Freyung,Weir,48.81911611,13.518457209
Germany,Q183,http://www.wikidata.org/entity/Q49408872,Q49408872,Weir,51.222266,14.493411
Germany,Q183,http://www.wikidata.org/entity/Q98589503,Nadelwehr Obere Grümpelmühle; Obere Grümpelmühle 1 in Wilhelmsthal,Weir,50.336002924,11.409995187
Germany,Q183,http://www.wikidata.org/entity/Q98677993,Wehr Breitwiesen; Unterbürger Laber in Dietfurt an der Altmühl,Weir,49.059337868,11.584154489
Germany,Q183,http://www.wikidata.org/entity/Q98677118,Wehr Bachhaupter Laber; Bachhaupttal in Breitenbrunn (Oberpfalz),Weir,49.090409954,11.632612232
Germany,Q183,http://www.wikidata.org/entity/Q58400939,Q58400939,Weir,53.548656,10.211115
Germany,Q183,http://www.wikidata.org/entity/Q98650549,Ickinger Wehr,Weir,47.945816357,11.443058471
Germany,Q183,http://www.wikidata.org/entity/Q98752170,Mühlwehr Aumühle 2 in Übersee (Chiemgau),Weir,47.811684344,12.48207214
Germany,Q183,http://www.wikidata.org/entity/Q60400191,Steg und Wehr am Gauchsbach,Weir,49.36995,11.19631
Germany,Q183,http://www.wikidata.org/entity/Q98495959,Wehr Kleine Aurach in Oberaurach,Weir,49.942540487,10.605210515
Germany,Q183,http://www.wikidata.org/entity/Q103467052,Papiermühlenwehr Großstöbnitz,Weir,50.92513,12.40184
Germany,Q183,http://www.wikidata.org/entity/Q98589506,Wehr WiLen Rodach in Wallenfels,Weir,50.268607728,11.466466183
Germany,Q183,http://www.wikidata.org/entity/Q49404133,Q49404133,Weir,51.363883,14.261219
Germany,Q183,http://www.wikidata.org/entity/Q98677129,Q98677129,Weir,49.064172589,11.621394852
Germany,Q183,http://www.wikidata.org/entity/Q106779367,Talsperre Oberpirk,Weir,50.54845,12.010682
Germany,Q183,http://www.wikidata.org/entity/Q98697981,Kachlet power station weir,Weir,48.578154619,13.406127712
Germany,Q183,http://www.wikidata.org/entity/Q98589531,Mühlwehr Wiesent in Ebermannstadt,Weir,49.780616773,11.183934378
Germany,Q183,http://www.wikidata.org/entity/Q98677105,Wehr Premerzhofener Tal; Unterbürger Laber in Breitenbrunn (Oberpfalz),Weir,49.050728597,11.604037587
Germany,Q183,http://www.wikidata.org/entity/Q58406583,Störwehr,Weir,53.980219,9.746075
Germany,Q183,http://www.wikidata.org/entity/Q98677131,Wehr Breitenbrunner Laber; Kemnathener Tal in Breitenbrunn (Oberpfalz),Weir,49.106072735,11.599513686
Germany,Q183,http://www.wikidata.org/entity/Q98589508,Wehr WiLen Rodach in Wallenfels,Weir,50.265298728,11.473097752
Germany,Q183,http://www.wikidata.org/entity/Q110633662,Wehr Achmühle,Weir,49.043,11.35277
Germany,Q183,http://www.wikidata.org/entity/Q98495962,Wehr,Weir,50.242059869,10.081127508
Germany,Q183,http://www.wikidata.org/entity/Q60400130,Ehemaliges Wehr am Gauchsbach,Weir,49.37275,11.21016
Germany,Q183,http://www.wikidata.org/entity/Q106730108,Großes Spreewehr,Weir,51.77173,14.35678
Germany,Q183,http://www.wikidata.org/entity/Q64847178,Mühlhausen weir,Weir,48.93365,8.89831
Germany,Q183,http://www.wikidata.org/entity/Q98589524,Wehr Der Landleitenbach; Landleitenbach; Nähe Kaiser-Karl-Straße in Pressig,Weir,50.362488352,11.320756328
Germany,Q183,http://www.wikidata.org/entity/Q98589510,"Mühlwehr Oelsnitzgrund; Stoffelsmühle, Ölsnitz in Steinwiesen",Weir,50.357361885,11.526788252
Germany,Q183,http://www.wikidata.org/entity/Q98698367,Wehr Nähe Sperr; Saußbach; Ödholz in Freyung,Weir,48.816476535,13.517205448
Germany,Q183,http://www.wikidata.org/entity/Q98752608,Mühlwehr Mühlbach in Peiting,Weir,47.802824191,10.928562817
Germany,Q183,http://www.wikidata.org/entity/Q98677137,Wehr Bachhaupter Bach; Bachhaupter Laber; Bachhaupttal in Breitenbrunn (Oberpfalz),Weir,49.091584641,11.634765211
Germany,Q183,http://www.wikidata.org/entity/Q98698385,Wehr Am Stausee 20 in Freyung,Weir,48.812846555,13.529463189
Germany,Q183,http://www.wikidata.org/entity/Q98678055,Wehr Haas 6 in Dietfurt an der Altmühl,Weir,49.048349908,11.601999086
Germany,Q183,http://www.wikidata.org/entity/Q49349427,Mandau and Lausur retaining wall,Weir,50.899047,14.666292
Germany,Q183,http://www.wikidata.org/entity/Q98495961,Wehr Wörth in Oberstreu,Weir,50.394589433,10.266920346
Germany,Q183,http://www.wikidata.org/entity/Q98589528,"Mühlwehr Bahnlinie Kronach-Nordhalben; Heinersgrund; Rodach; Stoffelsmühle, Kammerholz in Nordhalben",Weir,50.361613244,11.521937669
Germany,Q183,http://www.wikidata.org/entity/Q98677147,Wehr Breitenbrunner Laber; Hohlwangleite in Breitenbrunn (Oberpfalz),Weir,49.099995743,11.59990633
Germany,Q183,http://www.wikidata.org/entity/Q98677135,Wehr Breitenbrunner Laber; Hohlwangleite in Breitenbrunn (Oberpfalz),Weir,49.099995715,11.599904413
Germany,Q183,http://www.wikidata.org/entity/Q98589530,Mühlwehr Steinachfluß in Mitwitz,Weir,50.226964909,11.207717706
Germany,Q183,http://www.wikidata.org/entity/Q55100999,Wehr Nähe Main-Donau-Kanal in Riedenburg,Weir,48.939112524,11.754559699
Germany,Q183,http://www.wikidata.org/entity/Q98698441,Wehr Muckenloch in Mauther Forst,Weir,48.959796057,13.564192646
Germany,Q183,http://www.wikidata.org/entity/Q49404321,Q49404321,Weir,51.356051,14.277928
Germany,Q183,http://www.wikidata.org/entity/Q110961711,Rednitzwehr bei Katzwang,Weir,49.34909,11.05438
Germany,Q183,http://www.wikidata.org/entity/Q98677996,Wehr Breitwiesen; Laber Tal; Unterbürger Laber in Dietfurt an der Altmühl,Weir,49.062044988,11.580325997
Germany,Q183,http://www.wikidata.org/entity/Q110497484,Wehr,Weir,49.65107,11.56953
Germany,Q183,http://www.wikidata.org/entity/Q98589517,Nadelwehr Am Gries in Steinwiesen,Weir,50.307103157,11.468281601
Germany,Q183,http://www.wikidata.org/entity/Q49364176,Gießmannsdorfer Wehr,Weir,50.935221,14.890856
Germany,Q183,http://www.wikidata.org/entity/Q98677108,"Wehr Alte Schloßleite; Weiße Laber, Brunnwiesen; Unterbürger Laber in Breitenbrunn (Oberpfalz)",Weir,49.053668881,11.601148284
Germany,Q183,http://www.wikidata.org/entity/Q49376653,Schwarzer Schöps weir,Weir,51.406214,14.575876
Germany,Q183,http://www.wikidata.org/entity/Q57401271,Große Tränke,Weir,52.3675,13.9925
Germany,Q183,http://www.wikidata.org/entity/Q58398801,Störwehr,Weir,53.980263,9.746011
Germany,Q183,http://www.wikidata.org/entity/Q98635101,Mühlwehr Wörnitzstraße 14 in Wittelshofen,Weir,49.058849334,10.482714315
Germany,Q183,http://www.wikidata.org/entity/Q98589498,Nadelwehr Dober; Oberer Dobergrund in Wilhelmsthal,Weir,50.364514587,11.411375103
Germany,Q183,http://www.wikidata.org/entity/Q98739311,Wehr Isar in München,Weir,48.128267719,11.57885257
Germany,Q183,http://www.wikidata.org/entity/Q107978920,Wehr in Enzendorf,Weir,49.5852,11.47563
Germany,Q183,http://www.wikidata.org/entity/Q98589515,Nadelwehr Am Gries in Steinwiesen,Weir,50.308684386,11.470440399
Germany,Q183,http://www.wikidata.org/entity/Q98589501,Wehr Unterer Dobergrund in Wilhelmsthal,Weir,50.361946348,11.405974349
Germany,Q183,http://www.wikidata.org/entity/Q108044026,Schwarzachwehr,Weir,49.35731,11.14333
Germany,Q183,http://www.wikidata.org/entity/Q98677127,Wehr,Weir,49.079104076,11.621935341
Germany,Q183,http://www.wikidata.org/entity/Q98589504,"Mühlwehr Grümpel; Steinbach, Im Grümpelgrund in Wilhelmsthal",Weir,50.331983978,11.407648739
Germany,Q183,http://www.wikidata.org/entity/Q111440699,Loisachwehr Wolfratshausen,Weir,47.91806,11.4206
Germany,Q183,http://www.wikidata.org/entity/Q104215252,Wehrbrücke Augst/Wyhlen,Weir,47.53747,7.70753
Germany,Q183,http://www.wikidata.org/entity/Q15853808,Raffelberg weir,Weir,51.44305556,6.83666667
Germany,Q183,http://www.wikidata.org/entity/Q14537087,Stauwehr Stiftsmühle,Weir,51.393227777,7.440077777
Germany,Q183,http://www.wikidata.org/entity/Q21037244,Q21037244,Weir,52.104143,9.353238
Germany,Q183,http://www.wikidata.org/entity/Q122998314,lower Elster weir,Weir,51.35629,12.33893
Germany,Q183,http://www.wikidata.org/entity/Q98621977,Streichwehr Burghof 4 in Cadolzburg,Weir,49.459992151,10.85031786
Germany,Q183,http://www.wikidata.org/entity/Q22691401,Bode Weir,Weir,51.907597,11.525692
Germany,Q183,http://www.wikidata.org/entity/Q121840303,Q121840303,Weir,49.41997479,9.410090006
Germany,Q183,http://www.wikidata.org/entity/Q66121419,Q66121419,Weir,47.67996327,12.871900849
Germany,Q183,http://www.wikidata.org/entity/Q27649252,Goggeleswehr,Weir,48.3694,10.87701
Germany,Q183,http://www.wikidata.org/entity/Q22691027,Walzenwehr,Weir,52.627726,10.080026
Germany,Q183,http://www.wikidata.org/entity/Q113868611,Staustufe Connewitz,Weir,51.3168592,12.3579836
Germany,Q183,http://www.wikidata.org/entity/Q123466761,Vohburg weir,Weir,48.7775,11.600833333
Germany,Q183,http://www.wikidata.org/entity/Q114062715,Weir Grubmühl,Weir,48.08253,11.39678
Germany,Q183,http://www.wikidata.org/entity/Q14552362,Duisburg Ruhr Weir,Weir,51.4441,6.75532
Germany,Q183,http://www.wikidata.org/entity/Q15808064,Hanekenfähr Ems Weir,Weir,52.4698,7.30406
Germany,Q183,http://www.wikidata.org/entity/Q117201685,Q117201685,Weir,48.3352613,7.9066948
Germany,Q183,http://www.wikidata.org/entity/Q41403054,Wasserstauanlagen Dietfurter Tal,Weir,49.07216,11.62376
Germany,Q183,http://www.wikidata.org/entity/Q112322600,Schneller Graben weit,Weir,52.3549651,9.7371567
Germany,Q183,http://www.wikidata.org/entity/Q1348004,Haseüberfall,Weir,52.66713889,7.98091667
Germany,Q183,http://www.wikidata.org/entity/Q114747041,Blüthnerstegwehr,Weir,51.3397644,12.3600131
Germany,Q183,http://www.wikidata.org/entity/Q41303194,Walzenwehr,Weir,50.04123,10.23191
Germany,Q183,http://www.wikidata.org/entity/Q1138398,Q1138398,Weir,52.1146,11.6567
Germany,Q183,http://www.wikidata.org/entity/Q49231321,Wehr an Rochlitzer Straße Chemnitz-Zentrum,Weir,50.840859,12.92101
Germany,Q183,http://www.wikidata.org/entity/Q133247849,Q133247849,Weir,51.734019,14.356138
Germany,Q183,http://www.wikidata.org/entity/Q1339774,Rheine Ems Weir,Weir,52.2812,7.43889
Germany,Q183,http://www.wikidata.org/entity/Q98632644,Streichwehr Nähe Hornburgweg in Rothenburg ob der Tauber,Weir,49.378656095,10.184402154
Germany,Q183,http://www.wikidata.org/entity/Q13105102,Q13105102,Weir,49.67259,6.43858
Germany,Q183,http://www.wikidata.org/entity/Q113864258,Luppewehr,Weir,51.3576,12.3362044
Germany,Q183,http://www.wikidata.org/entity/Q2334871,Staustufe Besigheim,Weir,49.0033,9.14777
Germany,Q183,http://www.wikidata.org/entity/Q126709475,Scholmwehr,Weir,51.628619,10.471056
Germany,Q183,http://www.wikidata.org/entity/Q118206035,Q118206035,Weir,52.2699091,10.5148785
Germany,Q183,http://www.wikidata.org/entity/Q2334875,Stauwehr Horkheim,Weir,49.099,9.15282
Germany,Q183,http://www.wikidata.org/entity/Q1328511,Ludwigswehr,Weir,48.5362,12.1484
Germany,Q183,http://www.wikidata.org/entity/Q2334888,Stauwehr Neckarsulm,Weir,49.1893,9.21615
Germany,Q183,http://www.wikidata.org/entity/Q1291375,Stauwehr Oberföhring,Weir,48.1689,11.6164
Germany,Q183,http://www.wikidata.org/entity/Q1640864,Wehr,Weir,48.048360379,10.874536023
Germany,Q183,http://www.wikidata.org/entity/Q66239267,Seeklause,Weir,47.711082,12.623347
Germany,Q183,http://www.wikidata.org/entity/Q116529003,Q116529003,Weir,48.973344,9.460147
Germany,Q183,http://www.wikidata.org/entity/Q133247964,Q133247964,Weir,51.7566867,14.3417769
Germany,Q183,http://www.wikidata.org/entity/Q123983767,Q123983767,Weir,49.467490715,9.474098766
Germany,Q183,http://www.wikidata.org/entity/Q126423830,Q126423830,Weir,49.158546,8.6193868
Germany,Q183,http://www.wikidata.org/entity/Q25712557,Teufelsbachklause,Weir,48.9575,13.5879439
Germany,Q183,http://www.wikidata.org/entity/Q98632649,Streichwehr Am Kobolzeller Tor in Rothenburg ob der Tauber,Weir,49.374940092,10.179257288
Germany,Q183,http://www.wikidata.org/entity/Q120646523,R. Oswald weir,Weir,48.40605,11.7621
Germany,Q183,http://www.wikidata.org/entity/Q23787948,Schleuse Malz,Weir,52.797777777,13.291944444
Germany,Q183,http://www.wikidata.org/entity/Q117859822,Q117859822,Weir,47.5899094,12.9863608
Germany,Q183,http://www.wikidata.org/entity/Q98632631,Streichwehr Topplerweg 20 in Rothenburg ob der Tauber,Weir,49.374965839,10.182693799
Germany,Q183,http://www.wikidata.org/entity/Q2334863,Stauwehr Beihingen,Weir,48.9438,9.2102
Germany,Q183,http://www.wikidata.org/entity/Q13105104,Écluse d'Apach-Schengen,Weir,49.46697,6.36668
Germany,Q183,http://www.wikidata.org/entity/Q115093288,Q115093288,Weir,50.184085,7.33243
Germany,Q183,http://www.wikidata.org/entity/Q98632594,Streichwehr Nähe Würzburger Tor in Rothenburg ob der Tauber,Weir,49.380397166,10.183480177
Germany,Q183,http://www.wikidata.org/entity/Q132731704,Rinschbach weir,Weir,49.4776138,9.4080344
Germany,Q183,http://www.wikidata.org/entity/Q98632632,Streichwehr Nähe Röderschütt in Rothenburg ob der Tauber,Weir,49.376002858,10.183756154
Germany,Q183,http://www.wikidata.org/entity/Q123893734,Q123893734,Weir,49.638439384,9.438170106
Germany,Q183,http://www.wikidata.org/entity/Q41390697,Wiesenbewässerungsanlage in Happurg,Weir,49.471231406,11.524592523
Germany,Q183,http://www.wikidata.org/entity/Q2334794,Koblenz Barrage,Weir,50.3667,7.5825
Germany,Q183,http://www.wikidata.org/entity/Q98632638,Streichwehr Röderschütt 20 in Rothenburg ob der Tauber,Weir,49.377690148,10.184356251
Germany,Q183,http://www.wikidata.org/entity/Q118469470,Q118469470,Weir,47.73521,12.75616
Germany,Q183,http://www.wikidata.org/entity/Q1803267,Q1803267,Weir,51.3478,7.57817
Germany,Q183,http://www.wikidata.org/entity/Q2334881,Q2334881,Weir,47.495,11.2786
Germany,Q183,http://www.wikidata.org/entity/Q123644375,Q123644375,Weir,49.615582242,9.450149562
Germany,Q183,http://www.wikidata.org/entity/Q66121429,Q66121429,Weir,47.715063884,12.730822795
Germany,Q183,http://www.wikidata.org/entity/Q1659099,Weserwehr,Weir,53.0597,8.86451
Germany,Q183,http://www.wikidata.org/entity/Q106786677,Heringszaun Kappeln,Weir,54.6607,9.9366
Germany,Q183,http://www.wikidata.org/entity/Q183038,Spillenburg's Weir,Weir,51.438888888,7.0675
Germany,Q183,http://www.wikidata.org/entity/Q1504257,Pretziener Wehr,Weir,52.0392,11.8281
Germany,Q183,http://www.wikidata.org/entity/Q66121421,Q66121421,Weir,47.654105976,12.77689709
Germany,Q183,http://www.wikidata.org/entity/Q49346356,Mandau and Leutersdorfer Wasser retaining wall,Weir,50.932586,14.617719
Germany,Q183,http://www.wikidata.org/entity/Q41382019,Altmühl-Stauwehr Prunn,Weir,48.95174,11.7331
Germany,Q183,http://www.wikidata.org/entity/Q98632572,Streichwehr Klosterturm in Rothenburg ob der Tauber,Weir,49.379041837,10.175564172
Germany,Q183,http://www.wikidata.org/entity/Q1771911,Wasserhaus,Weir,48.733,9.31308
Germany,Q183,http://www.wikidata.org/entity/Q56237440,Altmühl-Stauwehr,Weir,48.90965,11.30395
Germany,Q183,http://www.wikidata.org/entity/Q98632602,Streichwehr Klingenschütt; Nähe Klingenschütt; Schrannenplatz 7 in Rothenburg ob der Tauber,Weir,49.380152608,10.177663343
Germany,Q183,http://www.wikidata.org/entity/Q123235154,Q123235154,Weir,49.574491881,9.488396074
Germany,Q183,http://www.wikidata.org/entity/Q98632600,Streichwehr Nähe Bezoldweg in Rothenburg ob der Tauber,Weir,49.380283505,10.181784088
Germany,Q183,http://www.wikidata.org/entity/Q13105109,Staustuf Stadbriedemes-Palzem,Weir,49.56767,6.36499
Germany,Q183,http://www.wikidata.org/entity/Q98632630,Streichwehr Nähe Röderschütt in Rothenburg ob der Tauber,Weir,49.375419105,10.183217605
Germany,Q183,http://www.wikidata.org/entity/Q113251416,Q113251416,Weir,48.47316,11.95524
Germany,Q183,http://www.wikidata.org/entity/Q98632606,Streichwehr Fischturm in Rothenburg ob der Tauber,Weir,49.37277777,10.179266642
Germany,Q183,http://www.wikidata.org/entity/Q116928302,Syra weir Kauschwitz,Weir,50.522706,12.093278
Germany,Q183,http://www.wikidata.org/entity/Q114750438,Q114750438,Weir,51.3435483,12.3674431
Germany,Q183,http://www.wikidata.org/entity/Q134822665,Ostewehr,Weir,53.479918,9.154852
Germany,Q183,http://www.wikidata.org/entity/Q26710204,Reschbachklause,Weir,48.9626217,13.5642328
Germany,Q183,http://www.wikidata.org/entity/Q1281572,Stauwehr Ladenburg,Weir,49.4764,8.58607
Germany,Q183,http://www.wikidata.org/entity/Q41303034,Walzenwehr,Weir,50.04253,10.23869
Germany,Q183,http://www.wikidata.org/entity/Q115486844,Q115486844,Weir,51.28043,12.38236
Germany,Q183,http://www.wikidata.org/entity/Q122801811,Q122801811,Weir,47.471081,11.1182107
Germany,Q183,http://www.wikidata.org/entity/Q2334894,Stauwehr Wieblingen,Weir,49.4108,8.66811
Germany,Q183,http://www.wikidata.org/entity/Q131316747,Q131316747,Weir,48.073311111,11.540438888
Germany,Q183,http://www.wikidata.org/entity/Q113822011,Wehr,Weir,,
Germany,Q183,http://www.wikidata.org/entity/Q125923727,Q125923727,Weir,,
Germany,Q183,http://www.wikidata.org/entity/Q133262843,Leinewehr Herrenhausen,Weir,52.38072,9.69129
Germany,Q183,http://www.wikidata.org/entity/Q1637113,Q1637113,Weir,48.3904,10.8974
Germany,Q183,http://www.wikidata.org/entity/Q98632637,Streichwehr Nähe Röderschütt in Rothenburg ob der Tauber,Weir,49.37709397,10.18425044
Germany,Q183,http://www.wikidata.org/entity/Q66287436,Röthelmoosklause,Weir,47.716781,12.552597
Germany,Q183,http://www.wikidata.org/entity/Q66121427,Bäckinger Klause,Weir,47.722344,12.736605
United States,Q30,http://www.wikidata.org/entity/Q85746150,Bear Creek Fishweir No. 2,Weir,34.609166666,-88.190833333
United States,Q30,http://www.wikidata.org/entity/Q114776093,Livezey Dam,Weir,40.0492,-75.21377
United States,Q30,http://www.wikidata.org/entity/Q130303484,Wallworth Lake Dam,Weir,39.9030782,-75.0215764
United States,Q30,http://www.wikidata.org/entity/Q116035903,Warren Falls,Weir,46.08977,-68.30392
United States,Q30,http://www.wikidata.org/entity/Q16894708,Martinsville Fish Dam,Weir,36.6529,-79.8715
United States,Q30,http://www.wikidata.org/entity/Q85746147,Bear Creek Fishweir No. 1,Weir,34.595833333,-88.1825
United States,Q30,http://www.wikidata.org/entity/Q49612971,Fremont Weir,Weir,38.76462,-121.64357
United States,Q30,http://www.wikidata.org/entity/Q106807875,Osprey Site,Weir,,
Japan,Q17,http://www.wikidata.org/entity/Q114433503,Ashio Dam,Weir,36.676944444,139.439444444
Japan,Q17,http://www.wikidata.org/entity/Q11668120,Magai Head Works,Weir,35.252944444,136.688472222
Japan,Q17,http://www.wikidata.org/entity/Q11396905,Q11396905,Weir,,
Japan,Q17,http://www.wikidata.org/entity/Q11582141,Q11582141,Weir,35.420138888,139.371111111
Japan,Q17,http://www.wikidata.org/entity/Q11566721,Seta River Overflow Weir,Weir,34.939380555,135.910144444
Japan,Q17,http://www.wikidata.org/entity/Q11459532,Q11459532,Weir,36.543166666,140.343166666
Japan,Q17,http://www.wikidata.org/entity/Q114637640,Shionosawa Dam,Weir,35.377222222,138.450277777
Japan,Q17,http://www.wikidata.org/entity/Q22120097,Hijiori Dam,Weir,38.604722222,140.165277777
Japan,Q17,http://www.wikidata.org/entity/Q134510955,Q134510955,Weir,35.0125,135.857777777
Japan,Q17,http://www.wikidata.org/entity/Q113771045,Akimotoko Dam,Weir,37.652777777,140.1125
Japan,Q17,http://www.wikidata.org/entity/Q11559707,Yodogawa Ōzeki,Weir,34.723417,135.513889
Japan,Q17,http://www.wikidata.org/entity/Q121255062,Hakata River Rising Sector Gate,Weir,33.596375,130.40145
Japan,Q17,http://www.wikidata.org/entity/Q11579631,Shiraiwa Weir,Weir,36.548611111,137.534444444
Japan,Q17,http://www.wikidata.org/entity/Q11396892,Tone Diversion Weir,Weir,36.1893776,139.473297
Japan,Q17,http://www.wikidata.org/entity/Q11626062,Q11626062,Weir,35.703111111,139.923138888
Japan,Q17,http://www.wikidata.org/entity/Q5507684,Fukuoka Dam,Weir,36.042777777,140.026666666
Japan,Q17,http://www.wikidata.org/entity/Q11519794,Sueda-Suka Weir,Weir,35.928111,139.737361
Japan,Q17,http://www.wikidata.org/entity/Q55534479,Mogami Shirakawa Sabo Dam,Weir,38.815938,140.515462
Japan,Q17,http://www.wikidata.org/entity/Q11610195,Hamura Weir,Weir,35.755555555,139.308055555
Japan,Q17,http://www.wikidata.org/entity/Q121090174,Hakata River Inflatable Rubber Dam,Weir,33.589138888,130.409805555
Japan,Q17,http://www.wikidata.org/entity/Q134493871,Q134493871,Weir,,
Poland,Q36,http://www.wikidata.org/entity/Q122546245,Q122546245,Weir,53.058827,16.646005
Poland,Q36,http://www.wikidata.org/entity/Q89670494,Sluice in Prudnik,Weir,50.322388888,17.583611111
Poland,Q36,http://www.wikidata.org/entity/Q125288371,Q125288371,Weir,52.099916,15.402616
Poland,Q36,http://www.wikidata.org/entity/Q11723526,Rędzin weir in Wrocław,Weir,51.1558,16.9619
Poland,Q36,http://www.wikidata.org/entity/Q11723527,Q11723527,Weir,51.1331,17.0358
Poland,Q36,http://www.wikidata.org/entity/Q11723533,Weir in Iława,Weir,,
Poland,Q36,http://www.wikidata.org/entity/Q122155054,Q122155054,Weir,50.35296,18.24418
Poland,Q36,http://www.wikidata.org/entity/Q11723517,"Czersko Polskie roller dam, Bydgoszcz",Weir,53.1111,18.1203
Poland,Q36,http://www.wikidata.org/entity/Q11723530,Q11723530,Weir,51.1303,17.0781
Poland,Q36,http://www.wikidata.org/entity/Q11723534,Q11723534,Weir,51.1175,17.0375
Poland,Q36,http://www.wikidata.org/entity/Q33508101,Q33508101,Weir,50.968389,21.221694
Poland,Q36,http://www.wikidata.org/entity/Q16485437,Q16485437,Weir,51.1028,17.1239
Poland,Q36,http://www.wikidata.org/entity/Q30059086,A flap weir and 2 control pavilions,Weir,51.115505,17.031356
Poland,Q36,http://www.wikidata.org/entity/Q11723520,Q11723520,Weir,53.1231,17.9989
Poland,Q36,http://www.wikidata.org/entity/Q122546250,Q122546250,Weir,52.888539,16.257428
Poland,Q36,http://www.wikidata.org/entity/Q11723536,Św. Macieja weir,Weir,51.1142,17.0381
Poland,Q36,http://www.wikidata.org/entity/Q122546238,Q122546238,Weir,52.88551,16.423255
Poland,Q36,http://www.wikidata.org/entity/Q121897679,Q121897679,Weir,51.4985,15.19509
Poland,Q36,http://www.wikidata.org/entity/Q11723528,Szczytniki weir in Wrocław,Weir,51.105,17.0675
Poland,Q36,http://www.wikidata.org/entity/Q11723519,Q11723519,Weir,51.1156,17.0314
Poland,Q36,http://www.wikidata.org/entity/Q11723524,Jaz Psie Pole,Weir,51.127601,17.062625
Poland,Q36,http://www.wikidata.org/entity/Q9395475,Katedralna Lock in Poznań,Weir,52.41256,16.9504
Poland,Q36,http://www.wikidata.org/entity/Q122546241,Q122546241,Weir,52.939322,16.560206
Poland,Q36,http://www.wikidata.org/entity/Q122265052,Q122265052,Weir,53.08272,17.22892
Poland,Q36,http://www.wikidata.org/entity/Q122546246,Q122546246,Weir,52.890456,16.346973
Poland,Q36,http://www.wikidata.org/entity/Q11723521,Opatowicki weir,Weir,51.1,17.1211
Poland,Q36,http://www.wikidata.org/entity/Q122154972,Q122154972,Weir,50.66844,17.92001
Poland,Q36,http://www.wikidata.org/entity/Q33508418,Q33508418,Weir,50.980139,21.255222
Poland,Q36,http://www.wikidata.org/entity/Q122177150,Q122177150,Weir,53.02427,16.58754
Poland,Q36,http://www.wikidata.org/entity/Q33508428,Q33508428,Weir,50.98075,21.249167
Poland,Q36,http://www.wikidata.org/entity/Q11723518,Q11723518,Weir,51.1136,17.0297
Poland,Q36,http://www.wikidata.org/entity/Q11723529,Q11723529,Weir,53.1239,17.9947
Poland,Q36,http://www.wikidata.org/entity/Q32057355,Q32057355,Weir,52.984859828,16.566514518
Poland,Q36,http://www.wikidata.org/entity/Q121897680,Q121897680,Weir,51.49821,15.19563
Poland,Q36,http://www.wikidata.org/entity/Q33328485,Q33328485,Weir,53.526878931,16.484748768
Poland,Q36,http://www.wikidata.org/entity/Q122546243,Q122546243,Weir,52.860997,16.002618
Poland,Q36,http://www.wikidata.org/entity/Q122262270,Q122262270,Weir,49.57957,21.94317
Poland,Q36,http://www.wikidata.org/entity/Q116051730,Q116051730,Weir,53.956929223,19.022225242
Poland,Q36,http://www.wikidata.org/entity/Q122265656,Q122265656,Weir,50.96839,21.22172
Poland,Q36,http://www.wikidata.org/entity/Q18425752,Q18425752,Weir,51.530231,17.339289
Austria,Q40,http://www.wikidata.org/entity/Q38128670,Q38128670,Weir,47.428115,14.755907
Austria,Q40,http://www.wikidata.org/entity/Q106953341,Holzrechen Baden,Weir,48.006609,16.213172
Austria,Q40,http://www.wikidata.org/entity/Q57974165,"Schöpflklause, Klausen-Leopoldsdorf",Weir,48.08358,15.94453
Austria,Q40,http://www.wikidata.org/entity/Q105646829,"Triftanlage an der Frutz, Rankweil",Weir,47.27959,9.65448
Austria,Q40,http://www.wikidata.org/entity/Q105646989,Q105646989,Weir,48.040962,14.411735
Austria,Q40,http://www.wikidata.org/entity/Q106995602,Wehranlage Oberaich,Weir,47.402348,15.230382
Austria,Q40,http://www.wikidata.org/entity/Q57975732,"Hainbachklause, Klausen-Leopoldsdorf",Weir,48.10695,16.0314
Austria,Q40,http://www.wikidata.org/entity/Q38185180,Wehranlage Gallspach,Weir,48.207049,13.812679
Austria,Q40,http://www.wikidata.org/entity/Q107088096,Heindlmühlwehr,Weir,48.042669444,14.41955
Austria,Q40,http://www.wikidata.org/entity/Q107088347,Spitalmühlwehr,Weir,48.042483333,14.421491666
Austria,Q40,http://www.wikidata.org/entity/Q37798755,Riedlbach-Klause,Weir,47.552373,13.865828
Austria,Q40,http://www.wikidata.org/entity/Q23689473,Klausenanlagen Klausen-Leopoldsdorf,Weir,,
Austria,Q40,http://www.wikidata.org/entity/Q37728085,Q37728085,Weir,47.293946,9.746891
Austria,Q40,http://www.wikidata.org/entity/Q113111154,Q113111154,Weir,47.971361111,14.265825
Austria,Q40,http://www.wikidata.org/entity/Q38109109,Q38109109,Weir,46.95443,15.88215
Austria,Q40,http://www.wikidata.org/entity/Q37972158,Q37972158,Weir,47.648249,12.590581
Austria,Q40,http://www.wikidata.org/entity/Q21858329,Sitzenbacher Klause,Weir,47.746666666,14.443611111
Austria,Q40,http://www.wikidata.org/entity/Q2108791,Prescenyklause,Weir,47.6585,15.1529
Austria,Q40,http://www.wikidata.org/entity/Q116969948,Wehranlage Zlatten,Weir,47.374447,15.307411
Austria,Q40,http://www.wikidata.org/entity/Q37766264,Q37766264,Weir,47.863378,14.032207
Austria,Q40,http://www.wikidata.org/entity/Q114842187,Q114842187,Weir,47.331839,15.356178
Austria,Q40,http://www.wikidata.org/entity/Q64765526,"Wehranlage Schwarza, Hirschwang",Weir,47.713385,15.806022
Austria,Q40,http://www.wikidata.org/entity/Q1736406,Weir 1,Weir,48.2117,16.437
Austria,Q40,http://www.wikidata.org/entity/Q1076460,Chorinsky-Klause,Weir,47.651958,13.551139
Austria,Q40,http://www.wikidata.org/entity/Q57975730,"Lengbachlklause, Klausen-Leopoldsdorf",Weir,48.12726,15.98785
Austria,Q40,http://www.wikidata.org/entity/Q64692129,Kraftwerk Peggau-Deutschfeistritz,Weir,47.232847,15.320716
Austria,Q40,http://www.wikidata.org/entity/Q64692127,Wehranlage Adriach,Weir,47.232847,15.320716
Austria,Q40,http://www.wikidata.org/entity/Q130457698,Q130457698,Weir,47.89122,14.29658
Austria,Q40,http://www.wikidata.org/entity/Q125118327,Q125118327,Weir,47.392943,11.772251
Austria,Q40,http://www.wikidata.org/entity/Q57982298,"Hauptklause, Klausen-Leopoldsdorf",Weir,48.08111,16.0375
Austria,Q40,http://www.wikidata.org/entity/Q57974479,"Riesenbachklause, Klausen-Leopoldsdorf",Weir,48.07695,15.947219444
Austria,Q40,http://www.wikidata.org/entity/Q38035017,Q38035017,Weir,47.68169,13.0956
Austria,Q40,http://www.wikidata.org/entity/Q37797977,Q37797977,Weir,47.853527,13.665268
Austria,Q40,http://www.wikidata.org/entity/Q37972143,Fischbachklause,Weir,47.653258,12.622865
Austria,Q40,http://www.wikidata.org/entity/Q38128680,Q38128680,Weir,47.425026,14.756859
Austria,Q40,http://www.wikidata.org/entity/Q38034931,Q38034931,Weir,47.680687,13.093096
Austria,Q40,http://www.wikidata.org/entity/Q64692182,Q64692182,Weir,47.74294,14.88283
Austria,Q40,http://www.wikidata.org/entity/Q125342443,Q125342443,Weir,48.217775,16.37266
Canada,Q16,http://www.wikidata.org/entity/Q22564927,Seuil à Elizabeth,Weir,45.666111111,-74.672222222
Canada,Q16,http://www.wikidata.org/entity/Q111906842,O'Shaughnessy Falls,Weir,50.99866,-115.07283
Slovakia,Q214,http://www.wikidata.org/entity/Q52556670,Lock and weir Rohatec,Weir,48.8733936,17.2119989
Slovakia,Q214,http://www.wikidata.org/entity/Q104671597,Q104671597,Weir,48.8424514,17.1425456
Italy,Q38,http://www.wikidata.org/entity/Q106625323,Serra di San Giorgio,Weir,46.147475029,11.12208336
Italy,Q38,http://www.wikidata.org/entity/Q107896833,Q107896833,Weir,,
Hungary,Q28,http://www.wikidata.org/entity/Q854153,Békésszentandrás Weir,Weir,46.891,20.4995
Brazil,Q155,http://www.wikidata.org/entity/Q57845437,Açude de Camalaú,Weir,-7.8896146,-36.8725575
Pakistan,Q843,http://www.wikidata.org/entity/Q97383148,Kutton Waterfall,Weir,34.550669444,73.830888888
Belgium,Q31,http://www.wikidata.org/entity/Q61358473,Q61358473,Weir,,
Belgium,Q31,http://www.wikidata.org/entity/Q53336450,Weir of Lixhe,Weir,50.751667,5.686389
New Zealand,Q664,http://www.wikidata.org/entity/Q98989416,Stoddart Weirs,Weir,-43.62454,172.74174
Luxembourg,Q32,http://www.wikidata.org/entity/Q16763637,Grund Lock,Weir,49.607652,6.1368573
Luxembourg,Q32,http://www.wikidata.org/entity/Q13105102,Q13105102,Weir,49.67259,6.43858
Luxembourg,Q32,http://www.wikidata.org/entity/Q13105104,Écluse d'Apach-Schengen,Weir,49.46697,6.36668
Luxembourg,Q32,http://www.wikidata.org/entity/Q13105109,Staustuf Stadbriedemes-Palzem,Weir,49.56767,6.36499
Portugal,Q45,http://www.wikidata.org/entity/Q9641501,Q9641501,Weir,40.2154844,-8.4401339
People's Republic of China,Q148,http://www.wikidata.org/entity/Q133262115,Q133262115,Weir,35.037707,118.37424
South Africa,Q258,http://www.wikidata.org/entity/Q6405029,Kidson Weir,Weir,-26.549388888,28.064833333
Czechoslovakia,Q33946,http://www.wikidata.org/entity/Q104671597,Q104671597,Weir,48.8424514,17.1425456
Mali,Q912,http://www.wikidata.org/entity/Q110518254,Q110518254,Weir,,
Denmark,Q35,http://www.wikidata.org/entity/Q122839792,Lyngby Stemmeværk,Weir,55.77291,12.5011
