country_name,country_qid,entity,label,type,latitude,longitude
Germany,Q183,http://www.wikidata.org/entity/Q19968334,Q19968334,power plant,,
Germany,Q183,http://www.wikidata.org/entity/Q130385468,Schipkau GICON Wind Turbine,power plant,,
Germany,Q183,http://www.wikidata.org/entity/Q130706106,Q130706106,power plant,,
Germany,Q183,http://www.wikidata.org/entity/Q130706107,Q130706107,power plant,,
Germany,Q183,http://www.wikidata.org/entity/Q130706104,Q130706104,power plant,,
Germany,Q183,http://www.wikidata.org/entity/Q7123705,Paderborn Wind Farm,power plant,,
Germany,Q183,http://www.wikidata.org/entity/Q84770058,Überlandwerk Eppler,power plant,,
Germany,Q183,http://www.wikidata.org/entity/Q1156755,Dachs,power plant,,
Germany,Q183,http://www.wikidata.org/entity/Q120671578,Cremzow Battery Storage,power plant,,
Germany,Q183,http://www.wikidata.org/entity/Q1370389,Illerkraftwerke,power plant,,
Germany,Q183,http://www.wikidata.org/entity/Q134113262,Q134113262,power plant,,
Germany,Q183,http://www.wikidata.org/entity/Q97102031,Q97102031,power plant,,
Germany,Q183,http://www.wikidata.org/entity/Q97385470,Q97385470,power plant,,
Germany,Q183,http://www.wikidata.org/entity/Q97585662,Q97585662,power plant,,
Germany,Q183,http://www.wikidata.org/entity/Q97688881,Q97688881,power plant,,
Germany,Q183,http://www.wikidata.org/entity/Q106441157,Q106441157,power plant,,
Germany,Q183,http://www.wikidata.org/entity/Q106450429,Q106450429,power plant,,
Germany,Q183,http://www.wikidata.org/entity/Q106451376,Q106451376,power plant,,
Germany,Q183,http://www.wikidata.org/entity/Q106464805,Q106464805,power plant,,
Germany,Q183,http://www.wikidata.org/entity/Q107604233,Q107604233,power plant,,
Germany,Q183,http://www.wikidata.org/entity/Q106518354,Windpark Wülfershausen-Wargolshausen,power plant,,
Germany,Q183,http://www.wikidata.org/entity/Q104623265,Q104623265,power plant,,
Germany,Q183,http://www.wikidata.org/entity/Q12006319,Q12006319,power plant,,
Germany,Q183,http://www.wikidata.org/entity/Q73423398,Q73423398,power plant,,
Germany,Q183,http://www.wikidata.org/entity/Q57895052,Feldheim Battery Energy Storage System,power plant,,
Germany,Q183,http://www.wikidata.org/entity/Q58842016,Berlin-Steglitz Battery Energy Storage Station,power plant,,
Germany,Q183,http://www.wikidata.org/entity/Q64140674,Donau-Staustufe Oberelchingen,power plant,,
Germany,Q183,http://www.wikidata.org/entity/Q7450515,Senftenberg Solarpark,power plant,,
Germany,Q183,http://www.wikidata.org/entity/Q116205720,Biomasseheizkraftwerk Cracau,power plant,,
Germany,Q183,http://www.wikidata.org/entity/Q130637987,Q130637987,power plant,,
Germany,Q183,http://www.wikidata.org/entity/Q130689466,Q130689466,power plant,,
Germany,Q183,http://www.wikidata.org/entity/Q134705356,Q134705356,power plant,,
Germany,Q183,http://www.wikidata.org/entity/Q132449553,Windpark Edemannswisch,power plant,,
Germany,Q183,http://www.wikidata.org/entity/Q107604236,Q107604236,power plant,,
Germany,Q183,http://www.wikidata.org/entity/Q105453404,Q105453404,power plant,,
Germany,Q183,http://www.wikidata.org/entity/Q107485064,Müllheizkraftwerk Solingen,power plant,,
Germany,Q183,http://www.wikidata.org/entity/Q122570232,Q122570232,power plant,,
Germany,Q183,http://www.wikidata.org/entity/Q125626228,Q125626228,power plant,,
Germany,Q183,http://www.wikidata.org/entity/Q126385241,Q126385241,power plant,,
Germany,Q183,http://www.wikidata.org/entity/Q111313582,Q111313582,power plant,,
Germany,Q183,http://www.wikidata.org/entity/Q111313583,Q111313583,power plant,,
Germany,Q183,http://www.wikidata.org/entity/Q11975147,Q11975147,power plant,,
Germany,Q183,http://www.wikidata.org/entity/Q11987879,Q11987879,power plant,,
Germany,Q183,http://www.wikidata.org/entity/Q12010473,Q12010473,power plant,,
Germany,Q183,http://www.wikidata.org/entity/Q17781992,Q17781992,power plant,,
Germany,Q183,http://www.wikidata.org/entity/Q19398629,Q19398629,power plant,,
Germany,Q183,http://www.wikidata.org/entity/Q132837660,Adlershof photovoltaic power station,power plant,,
Germany,Q183,http://www.wikidata.org/entity/Q2505850,VERA Klärschlammverbrennung,power plant,,
Germany,Q183,http://www.wikidata.org/entity/Q107528052,Q107528052,power plant,,
Germany,Q183,http://www.wikidata.org/entity/Q134996800,Q134996800,power plant,,
Germany,Q183,http://www.wikidata.org/entity/Q1572704,Uppenbornwerke,power plant,,
Germany,Q183,http://www.wikidata.org/entity/Q96807763,Q96807763,power plant,,
Germany,Q183,http://www.wikidata.org/entity/Q107559342,Q107559342,power plant,,
Germany,Q183,http://www.wikidata.org/entity/Q107599427,Q107599427,power plant,,
Germany,Q183,http://www.wikidata.org/entity/Q107599356,Q107599356,power plant,,
Germany,Q183,http://www.wikidata.org/entity/Q107558009,Q107558009,power plant,,
Germany,Q183,http://www.wikidata.org/entity/Q107558352,Q107558352,power plant,,
Germany,Q183,http://www.wikidata.org/entity/Q116785236,Q116785236,power plant,,
Germany,Q183,http://www.wikidata.org/entity/Q120645082,Q120645082,power plant,,
Germany,Q183,http://www.wikidata.org/entity/Q11962531,Q11962531,power plant,,
Germany,Q183,http://www.wikidata.org/entity/Q11973845,Q11973845,power plant,,
Germany,Q183,http://www.wikidata.org/entity/Q134884634,Wasserkraftwerk Steinhelle 1,power plant,,
Germany,Q183,http://www.wikidata.org/entity/Q67792280,Q67792280,power plant,,
Germany,Q183,http://www.wikidata.org/entity/Q67792097,Q67792097,power plant,,
Russia,Q159,http://www.wikidata.org/entity/Q4294188,Q4294188,power plant,,
Russia,Q159,http://www.wikidata.org/entity/Q4466594,Q4466594,power plant,,
Russia,Q159,http://www.wikidata.org/entity/Q55658469,Q55658469,power plant,,
Russia,Q159,http://www.wikidata.org/entity/Q65175141,Q65175141,power plant,,
Russia,Q159,http://www.wikidata.org/entity/Q109358814,Q109358814,power plant,,
Russia,Q159,http://www.wikidata.org/entity/Q109358817,Q109358817,power plant,,
Russia,Q159,http://www.wikidata.org/entity/Q21660155,Q21660155,power plant,,
Russia,Q159,http://www.wikidata.org/entity/Q12159431,Simferopol thermal power plant,power plant,,
Russia,Q159,http://www.wikidata.org/entity/Q28667108,Q28667108,power plant,,
Russia,Q159,http://www.wikidata.org/entity/Q58306250,Q58306250,power plant,,
Russia,Q159,http://www.wikidata.org/entity/Q58309411,Q58309411,power plant,,
Russia,Q159,http://www.wikidata.org/entity/Q58381928,Q58381928,power plant,,
Russia,Q159,http://www.wikidata.org/entity/Q61052033,Q61052033,power plant,,
Russia,Q159,http://www.wikidata.org/entity/Q65175165,Q65175165,power plant,,
Russia,Q159,http://www.wikidata.org/entity/Q86670574,Q86670574,power plant,,
Russia,Q159,http://www.wikidata.org/entity/Q97664180,Q97664180,power plant,,
Russia,Q159,http://www.wikidata.org/entity/Q11990778,Q11990778,power plant,,
Russia,Q159,http://www.wikidata.org/entity/Q11991598,Q11991598,power plant,,
Russia,Q159,http://www.wikidata.org/entity/Q11995116,Q11995116,power plant,,
Russia,Q159,http://www.wikidata.org/entity/Q19376057,Q19376057,power plant,,
Russia,Q159,http://www.wikidata.org/entity/Q19381906,Q19381906,power plant,,
Russia,Q159,http://www.wikidata.org/entity/Q19384738,Q19384738,power plant,,
Russia,Q159,http://www.wikidata.org/entity/Q25426949,Q25426949,power plant,,
Russia,Q159,http://www.wikidata.org/entity/Q26923192,Q26923192,power plant,,
Russia,Q159,http://www.wikidata.org/entity/Q27020483,Q27020483,power plant,,
Russia,Q159,http://www.wikidata.org/entity/Q28666784,Q28666784,power plant,,
Russia,Q159,http://www.wikidata.org/entity/Q55664011,Q55664011,power plant,,
Russia,Q159,http://www.wikidata.org/entity/Q86666646,Q86666646,power plant,,
Russia,Q159,http://www.wikidata.org/entity/Q86669012,Q86669012,power plant,,
Russia,Q159,http://www.wikidata.org/entity/Q86676954,Q86676954,power plant,,
Russia,Q159,http://www.wikidata.org/entity/Q4453200,Q4453200,power plant,,
Russia,Q159,http://www.wikidata.org/entity/Q97913451,Barsuchki hydroelectric power plant,power plant,,
Russia,Q159,http://www.wikidata.org/entity/Q65130568,Q65130568,power plant,,
Russia,Q159,http://www.wikidata.org/entity/Q65158720,Q65158720,power plant,,
Russia,Q159,http://www.wikidata.org/entity/Q66488879,Q66488879,power plant,,
Russia,Q159,http://www.wikidata.org/entity/Q86663084,Q86663084,power plant,,
Russia,Q159,http://www.wikidata.org/entity/Q86663188,Q86663188,power plant,,
Russia,Q159,http://www.wikidata.org/entity/Q86667203,Q86667203,power plant,,
Russia,Q159,http://www.wikidata.org/entity/Q86667773,Q86667773,power plant,,
Russia,Q159,http://www.wikidata.org/entity/Q86669078,Q86669078,power plant,,
Russia,Q159,http://www.wikidata.org/entity/Q97164878,Q97164878,power plant,,
Russia,Q159,http://www.wikidata.org/entity/Q109358900,Q109358900,power plant,,
Russia,Q159,http://www.wikidata.org/entity/Q110259606,Q110259606,power plant,,
Russia,Q159,http://www.wikidata.org/entity/Q110259609,Q110259609,power plant,,
Russia,Q159,http://www.wikidata.org/entity/Q119041297,Q119041297,power plant,,
Russia,Q159,http://www.wikidata.org/entity/Q123245450,Q123245450,power plant,,
Russia,Q159,http://www.wikidata.org/entity/Q123335776,Q123335776,power plant,,
Russia,Q159,http://www.wikidata.org/entity/Q129932709,Q129932709,power plant,,
Russia,Q159,http://www.wikidata.org/entity/Q129941416,Q129941416,power plant,,
Russia,Q159,http://www.wikidata.org/entity/Q78760348,Kamenskaya VES,power plant,,
Russia,Q159,http://www.wikidata.org/entity/Q130324051,Q130324051,power plant,,
Russia,Q159,http://www.wikidata.org/entity/Q4304959,Q4304959,power plant,,
Russia,Q159,http://www.wikidata.org/entity/Q4288938,Q4288938,power plant,,
Russia,Q159,http://www.wikidata.org/entity/Q11977514,Q11977514,power plant,,
Russia,Q159,http://www.wikidata.org/entity/Q11991144,Q11991144,power plant,,
Russia,Q159,http://www.wikidata.org/entity/Q12009817,Q12009817,power plant,,
Russia,Q159,http://www.wikidata.org/entity/Q12011172,Q12011172,power plant,,
Russia,Q159,http://www.wikidata.org/entity/Q12106543,Q12106543,power plant,,
Russia,Q159,http://www.wikidata.org/entity/Q19380878,Q19380878,power plant,,
Russia,Q159,http://www.wikidata.org/entity/Q21635474,Q21635474,power plant,,
Russia,Q159,http://www.wikidata.org/entity/Q24931288,Q24931288,power plant,,
Russia,Q159,http://www.wikidata.org/entity/Q24931331,Q24931331,power plant,,
Russia,Q159,http://www.wikidata.org/entity/Q24931436,Q24931436,power plant,,
Russia,Q159,http://www.wikidata.org/entity/Q24931963,Q24931963,power plant,,
Russia,Q159,http://www.wikidata.org/entity/Q24931995,Q24931995,power plant,,
Russia,Q159,http://www.wikidata.org/entity/Q24932166,Q24932166,power plant,,
Russia,Q159,http://www.wikidata.org/entity/Q28666653,Lower Lena HPP,power plant,,
Russia,Q159,http://www.wikidata.org/entity/Q86663005,Q86663005,power plant,,
Russia,Q159,http://www.wikidata.org/entity/Q69039011,Nygri hydroelectric power plant,power plant,,
People's Republic of China,Q148,http://www.wikidata.org/entity/Q104830228,Nanning Power Station,power plant,,
People's Republic of China,Q148,http://www.wikidata.org/entity/Q104830529,Beihai Power Station,power plant,,
People's Republic of China,Q148,http://www.wikidata.org/entity/Q104830502,Liuzhou Power Station,power plant,,
People's Republic of China,Q148,http://www.wikidata.org/entity/Q104853644,Jinggangshan Power Station,power plant,,
People's Republic of China,Q148,http://www.wikidata.org/entity/Q104876494,Jiujiang Power Station,power plant,,
People's Republic of China,Q148,http://www.wikidata.org/entity/Q104879287,Jinhai Power Station,power plant,,
People's Republic of China,Q148,http://www.wikidata.org/entity/Q104879320,Hainan Southwest Power Station,power plant,,
People's Republic of China,Q148,http://www.wikidata.org/entity/Q104879484,Wujing Power Station,power plant,,
People's Republic of China,Q148,http://www.wikidata.org/entity/Q65966139,underground power plant,power plant,,
People's Republic of China,Q148,http://www.wikidata.org/entity/Q130397099,Q130397099,power plant,,
People's Republic of China,Q148,http://www.wikidata.org/entity/Q130397101,Q130397101,power plant,,
People's Republic of China,Q148,http://www.wikidata.org/entity/Q1124801,Q1124801,power plant,,
People's Republic of China,Q148,http://www.wikidata.org/entity/Q3664623,Q3664623,power plant,,
People's Republic of China,Q148,http://www.wikidata.org/entity/Q3664632,Q3664632,power plant,,
People's Republic of China,Q148,http://www.wikidata.org/entity/Q10282929,Q10282929,power plant,,
People's Republic of China,Q148,http://www.wikidata.org/entity/Q10868416,Q10868416,power plant,,
People's Republic of China,Q148,http://www.wikidata.org/entity/Q10905839,Q10905839,power plant,,
People's Republic of China,Q148,http://www.wikidata.org/entity/Q11104378,Q11104378,power plant,,
People's Republic of China,Q148,http://www.wikidata.org/entity/Q11965926,Q11965926,power plant,,
People's Republic of China,Q148,http://www.wikidata.org/entity/Q11969746,Q11969746,power plant,,
People's Republic of China,Q148,http://www.wikidata.org/entity/Q12000184,Q12000184,power plant,,
People's Republic of China,Q148,http://www.wikidata.org/entity/Q10379675,Shajiao power plant,power plant,,
People's Republic of China,Q148,http://www.wikidata.org/entity/Q15928922,Q15928922,power plant,,
People's Republic of China,Q148,http://www.wikidata.org/entity/Q17762235,Q17762235,power plant,,
People's Republic of China,Q148,http://www.wikidata.org/entity/Q17764341,Q17764341,power plant,,
People's Republic of China,Q148,http://www.wikidata.org/entity/Q10905880,Huaneng power plant,power plant,,
People's Republic of China,Q148,http://www.wikidata.org/entity/Q19372311,Q19372311,power plant,,
People's Republic of China,Q148,http://www.wikidata.org/entity/Q30894423,Q30894423,power plant,,
People's Republic of China,Q148,http://www.wikidata.org/entity/Q30894434,Q30894434,power plant,,
People's Republic of China,Q148,http://www.wikidata.org/entity/Q30899943,Q30899943,power plant,,
People's Republic of China,Q148,http://www.wikidata.org/entity/Q2944606,Pengze Nuclear Power Plant,power plant,,
People's Republic of China,Q148,http://www.wikidata.org/entity/Q15940606,Wan Chai Power Station,power plant,,
People's Republic of China,Q148,http://www.wikidata.org/entity/Q3664610,Hongshiding Nuclear Power Plant,power plant,,
People's Republic of China,Q148,http://www.wikidata.org/entity/Q3664628,Taohuajiang Nuclear Power Plant,power plant,,
People's Republic of China,Q148,http://www.wikidata.org/entity/Q16839266,Bayannur Wulanyiligeng Wind Farm,power plant,,
People's Republic of China,Q148,http://www.wikidata.org/entity/Q17017842,Jiamusi Nuclear Power Plant,power plant,,
People's Republic of China,Q148,http://www.wikidata.org/entity/Q48838058,Q48838058,power plant,,
People's Republic of China,Q148,http://www.wikidata.org/entity/Q30894437,Sanming Nuclear Power Plant,power plant,,
People's Republic of China,Q148,http://www.wikidata.org/entity/Q9881381,Datang Leiyang Power Plant,power plant,,
People's Republic of China,Q148,http://www.wikidata.org/entity/Q104830272,Kaifeng Thermal Power Station,power plant,,
People's Republic of China,Q148,http://www.wikidata.org/entity/Q17749778,Q17749778,power plant,,
People's Republic of China,Q148,http://www.wikidata.org/entity/Q17749786,Q17749786,power plant,,
People's Republic of China,Q148,http://www.wikidata.org/entity/Q17764716,Q17764716,power plant,,
People's Republic of China,Q148,http://www.wikidata.org/entity/Q17769770,Q17769770,power plant,,
People's Republic of China,Q148,http://www.wikidata.org/entity/Q17770836,Q17770836,power plant,,
People's Republic of China,Q148,http://www.wikidata.org/entity/Q17775439,Q17775439,power plant,,
People's Republic of China,Q148,http://www.wikidata.org/entity/Q17779293,Q17779293,power plant,,
People's Republic of China,Q148,http://www.wikidata.org/entity/Q17779474,Q17779474,power plant,,
People's Republic of China,Q148,http://www.wikidata.org/entity/Q17779475,Q17779475,power plant,,
People's Republic of China,Q148,http://www.wikidata.org/entity/Q17779476,Q17779476,power plant,,
People's Republic of China,Q148,http://www.wikidata.org/entity/Q17779484,Q17779484,power plant,,
People's Republic of China,Q148,http://www.wikidata.org/entity/Q17779746,Q17779746,power plant,,
People's Republic of China,Q148,http://www.wikidata.org/entity/Q19373520,Q19373520,power plant,,
People's Republic of China,Q148,http://www.wikidata.org/entity/Q19373541,Q19373541,power plant,,
People's Republic of China,Q148,http://www.wikidata.org/entity/Q19373968,Q19373968,power plant,,
People's Republic of China,Q148,http://www.wikidata.org/entity/Q19374174,Q19374174,power plant,,
People's Republic of China,Q148,http://www.wikidata.org/entity/Q19374295,Q19374295,power plant,,
People's Republic of China,Q148,http://www.wikidata.org/entity/Q19374521,Q19374521,power plant,,
People's Republic of China,Q148,http://www.wikidata.org/entity/Q19374855,Q19374855,power plant,,
People's Republic of China,Q148,http://www.wikidata.org/entity/Q19374858,Q19374858,power plant,,
People's Republic of China,Q148,http://www.wikidata.org/entity/Q19374872,Q19374872,power plant,,
People's Republic of China,Q148,http://www.wikidata.org/entity/Q19376293,Q19376293,power plant,,
People's Republic of China,Q148,http://www.wikidata.org/entity/Q19376296,Q19376296,power plant,,
People's Republic of China,Q148,http://www.wikidata.org/entity/Q19376297,Q19376297,power plant,,
People's Republic of China,Q148,http://www.wikidata.org/entity/Q19376310,Q19376310,power plant,,
People's Republic of China,Q148,http://www.wikidata.org/entity/Q19376311,Q19376311,power plant,,
People's Republic of China,Q148,http://www.wikidata.org/entity/Q19376315,Q19376315,power plant,,
People's Republic of China,Q148,http://www.wikidata.org/entity/Q19376319,Q19376319,power plant,,
People's Republic of China,Q148,http://www.wikidata.org/entity/Q19376316,Q19376316,power plant,,
People's Republic of China,Q148,http://www.wikidata.org/entity/Q19376533,Q19376533,power plant,,
People's Republic of China,Q148,http://www.wikidata.org/entity/Q19378739,Q19378739,power plant,,
People's Republic of China,Q148,http://www.wikidata.org/entity/Q19378971,Q19378971,power plant,,
People's Republic of China,Q148,http://www.wikidata.org/entity/Q19379300,Q19379300,power plant,,
People's Republic of China,Q148,http://www.wikidata.org/entity/Q17764508,Dalate power station,power plant,,
People's Republic of China,Q148,http://www.wikidata.org/entity/Q19374870,Huangdao Power Plant,power plant,,
People's Republic of China,Q148,http://www.wikidata.org/entity/Q11960155,Q11960155,power plant,,
People's Republic of China,Q148,http://www.wikidata.org/entity/Q11960152,Q11960152,power plant,,
People's Republic of China,Q148,http://www.wikidata.org/entity/Q11960158,Q11960158,power plant,,
People's Republic of China,Q148,http://www.wikidata.org/entity/Q11960156,Q11960156,power plant,,
People's Republic of China,Q148,http://www.wikidata.org/entity/Q11960157,Q11960157,power plant,,
People's Republic of China,Q148,http://www.wikidata.org/entity/Q11960160,Q11960160,power plant,,
People's Republic of China,Q148,http://www.wikidata.org/entity/Q11960443,Q11960443,power plant,,
People's Republic of China,Q148,http://www.wikidata.org/entity/Q11960445,Q11960445,power plant,,
People's Republic of China,Q148,http://www.wikidata.org/entity/Q11960552,Q11960552,power plant,,
People's Republic of China,Q148,http://www.wikidata.org/entity/Q11961047,Q11961047,power plant,,
People's Republic of China,Q148,http://www.wikidata.org/entity/Q11963078,Q11963078,power plant,,
People's Republic of China,Q148,http://www.wikidata.org/entity/Q11963437,Q11963437,power plant,,
People's Republic of China,Q148,http://www.wikidata.org/entity/Q11963509,Q11963509,power plant,,
People's Republic of China,Q148,http://www.wikidata.org/entity/Q11964557,Q11964557,power plant,,
People's Republic of China,Q148,http://www.wikidata.org/entity/Q11964593,Q11964593,power plant,,
People's Republic of China,Q148,http://www.wikidata.org/entity/Q11964669,Q11964669,power plant,,
People's Republic of China,Q148,http://www.wikidata.org/entity/Q11965710,Q11965710,power plant,,
People's Republic of China,Q148,http://www.wikidata.org/entity/Q11965712,Q11965712,power plant,,
People's Republic of China,Q148,http://www.wikidata.org/entity/Q11965934,Q11965934,power plant,,
People's Republic of China,Q148,http://www.wikidata.org/entity/Q11965972,Q11965972,power plant,,
People's Republic of China,Q148,http://www.wikidata.org/entity/Q11968279,Q11968279,power plant,,
People's Republic of China,Q148,http://www.wikidata.org/entity/Q11968706,Q11968706,power plant,,
People's Republic of China,Q148,http://www.wikidata.org/entity/Q11970494,Q11970494,power plant,,
People's Republic of China,Q148,http://www.wikidata.org/entity/Q11973175,Q11973175,power plant,,
People's Republic of China,Q148,http://www.wikidata.org/entity/Q11973366,Q11973366,power plant,,
People's Republic of China,Q148,http://www.wikidata.org/entity/Q11973365,Q11973365,power plant,,
People's Republic of China,Q148,http://www.wikidata.org/entity/Q11973368,Q11973368,power plant,,
People's Republic of China,Q148,http://www.wikidata.org/entity/Q11974995,Q11974995,power plant,,
People's Republic of China,Q148,http://www.wikidata.org/entity/Q11975307,Q11975307,power plant,,
People's Republic of China,Q148,http://www.wikidata.org/entity/Q11975778,Q11975778,power plant,,
People's Republic of China,Q148,http://www.wikidata.org/entity/Q11975967,Q11975967,power plant,,
People's Republic of China,Q148,http://www.wikidata.org/entity/Q11975968,Q11975968,power plant,,
People's Republic of China,Q148,http://www.wikidata.org/entity/Q11975996,Q11975996,power plant,,
People's Republic of China,Q148,http://www.wikidata.org/entity/Q11964809,Datong 2nd Power Station,power plant,,
People's Republic of China,Q148,http://www.wikidata.org/entity/Q11973876,Hanchuan Power Station,power plant,,
People's Republic of China,Q148,http://www.wikidata.org/entity/Q11976001,Q11976001,power plant,,
People's Republic of China,Q148,http://www.wikidata.org/entity/Q11976007,Q11976007,power plant,,
People's Republic of China,Q148,http://www.wikidata.org/entity/Q11976009,Q11976009,power plant,,
People's Republic of China,Q148,http://www.wikidata.org/entity/Q11976019,Q11976019,power plant,,
People's Republic of China,Q148,http://www.wikidata.org/entity/Q11976016,Q11976016,power plant,,
People's Republic of China,Q148,http://www.wikidata.org/entity/Q11976136,Q11976136,power plant,,
People's Republic of China,Q148,http://www.wikidata.org/entity/Q11976137,Q11976137,power plant,,
People's Republic of China,Q148,http://www.wikidata.org/entity/Q11978565,Q11978565,power plant,,
People's Republic of China,Q148,http://www.wikidata.org/entity/Q11978571,Q11978571,power plant,,
People's Republic of China,Q148,http://www.wikidata.org/entity/Q11978594,Q11978594,power plant,,
People's Republic of China,Q148,http://www.wikidata.org/entity/Q11979912,Q11979912,power plant,,
People's Republic of China,Q148,http://www.wikidata.org/entity/Q11982357,Q11982357,power plant,,
People's Republic of China,Q148,http://www.wikidata.org/entity/Q11983221,Q11983221,power plant,,
People's Republic of China,Q148,http://www.wikidata.org/entity/Q11983772,Q11983772,power plant,,
People's Republic of China,Q148,http://www.wikidata.org/entity/Q11983897,Q11983897,power plant,,
People's Republic of China,Q148,http://www.wikidata.org/entity/Q11983905,Q11983905,power plant,,
People's Republic of China,Q148,http://www.wikidata.org/entity/Q11984126,Q11984126,power plant,,
People's Republic of China,Q148,http://www.wikidata.org/entity/Q11984127,Q11984127,power plant,,
People's Republic of China,Q148,http://www.wikidata.org/entity/Q11986517,Q11986517,power plant,,
People's Republic of China,Q148,http://www.wikidata.org/entity/Q11986625,Q11986625,power plant,,
People's Republic of China,Q148,http://www.wikidata.org/entity/Q11986760,Q11986760,power plant,,
People's Republic of China,Q148,http://www.wikidata.org/entity/Q11987029,Q11987029,power plant,,
People's Republic of China,Q148,http://www.wikidata.org/entity/Q11987058,Q11987058,power plant,,
People's Republic of China,Q148,http://www.wikidata.org/entity/Q11990161,Q11990161,power plant,,
People's Republic of China,Q148,http://www.wikidata.org/entity/Q11990822,Q11990822,power plant,,
People's Republic of China,Q148,http://www.wikidata.org/entity/Q11990827,Q11990827,power plant,,
People's Republic of China,Q148,http://www.wikidata.org/entity/Q11990838,Q11990838,power plant,,
People's Republic of China,Q148,http://www.wikidata.org/entity/Q11990848,Q11990848,power plant,,
People's Republic of China,Q148,http://www.wikidata.org/entity/Q11990849,Q11990849,power plant,,
People's Republic of China,Q148,http://www.wikidata.org/entity/Q11991090,Q11991090,power plant,,
People's Republic of China,Q148,http://www.wikidata.org/entity/Q11991559,Q11991559,power plant,,
People's Republic of China,Q148,http://www.wikidata.org/entity/Q11995092,Q11995092,power plant,,
People's Republic of China,Q148,http://www.wikidata.org/entity/Q11995719,Q11995719,power plant,,
People's Republic of China,Q148,http://www.wikidata.org/entity/Q11995716,Q11995716,power plant,,
People's Republic of China,Q148,http://www.wikidata.org/entity/Q11995723,Q11995723,power plant,,
People's Republic of China,Q148,http://www.wikidata.org/entity/Q11995720,Q11995720,power plant,,
People's Republic of China,Q148,http://www.wikidata.org/entity/Q11996450,Q11996450,power plant,,
People's Republic of China,Q148,http://www.wikidata.org/entity/Q11996464,Q11996464,power plant,,
People's Republic of China,Q148,http://www.wikidata.org/entity/Q11996496,Q11996496,power plant,,
People's Republic of China,Q148,http://www.wikidata.org/entity/Q11996694,Q11996694,power plant,,
People's Republic of China,Q148,http://www.wikidata.org/entity/Q11996702,Q11996702,power plant,,
People's Republic of China,Q148,http://www.wikidata.org/entity/Q11996704,Q11996704,power plant,,
People's Republic of China,Q148,http://www.wikidata.org/entity/Q11996708,Q11996708,power plant,,
People's Republic of China,Q148,http://www.wikidata.org/entity/Q11996735,Q11996735,power plant,,
People's Republic of China,Q148,http://www.wikidata.org/entity/Q12000144,Q12000144,power plant,,
People's Republic of China,Q148,http://www.wikidata.org/entity/Q12000170,Q12000170,power plant,,
People's Republic of China,Q148,http://www.wikidata.org/entity/Q12000186,Q12000186,power plant,,
People's Republic of China,Q148,http://www.wikidata.org/entity/Q12000185,Q12000185,power plant,,
People's Republic of China,Q148,http://www.wikidata.org/entity/Q12000190,Q12000190,power plant,,
People's Republic of China,Q148,http://www.wikidata.org/entity/Q11978604,Jinneng power station,power plant,,
People's Republic of China,Q148,http://www.wikidata.org/entity/Q19380155,Q19380155,power plant,,
People's Republic of China,Q148,http://www.wikidata.org/entity/Q19380158,Q19380158,power plant,,
People's Republic of China,Q148,http://www.wikidata.org/entity/Q19380156,Q19380156,power plant,,
People's Republic of China,Q148,http://www.wikidata.org/entity/Q19381190,Q19381190,power plant,,
People's Republic of China,Q148,http://www.wikidata.org/entity/Q19381299,Q19381299,power plant,,
People's Republic of China,Q148,http://www.wikidata.org/entity/Q19381564,Q19381564,power plant,,
People's Republic of China,Q148,http://www.wikidata.org/entity/Q19382528,Q19382528,power plant,,
People's Republic of China,Q148,http://www.wikidata.org/entity/Q19385954,Q19385954,power plant,,
People's Republic of China,Q148,http://www.wikidata.org/entity/Q19387687,Q19387687,power plant,,
People's Republic of China,Q148,http://www.wikidata.org/entity/Q19388325,Q19388325,power plant,,
People's Republic of China,Q148,http://www.wikidata.org/entity/Q19388346,Q19388346,power plant,,
People's Republic of China,Q148,http://www.wikidata.org/entity/Q19388366,Q19388366,power plant,,
People's Republic of China,Q148,http://www.wikidata.org/entity/Q19391854,Q19391854,power plant,,
People's Republic of China,Q148,http://www.wikidata.org/entity/Q19391938,Q19391938,power plant,,
People's Republic of China,Q148,http://www.wikidata.org/entity/Q19391937,Q19391937,power plant,,
People's Republic of China,Q148,http://www.wikidata.org/entity/Q19392438,Q19392438,power plant,,
People's Republic of China,Q148,http://www.wikidata.org/entity/Q19398591,Q19398591,power plant,,
People's Republic of China,Q148,http://www.wikidata.org/entity/Q19398624,Q19398624,power plant,,
People's Republic of China,Q148,http://www.wikidata.org/entity/Q19398755,Q19398755,power plant,,
People's Republic of China,Q148,http://www.wikidata.org/entity/Q19398760,Q19398760,power plant,,
People's Republic of China,Q148,http://www.wikidata.org/entity/Q19398774,Q19398774,power plant,,
People's Republic of China,Q148,http://www.wikidata.org/entity/Q19398773,Q19398773,power plant,,
People's Republic of China,Q148,http://www.wikidata.org/entity/Q19398781,Q19398781,power plant,,
People's Republic of China,Q148,http://www.wikidata.org/entity/Q19398787,Q19398787,power plant,,
People's Republic of China,Q148,http://www.wikidata.org/entity/Q19398784,Q19398784,power plant,,
People's Republic of China,Q148,http://www.wikidata.org/entity/Q19398789,Q19398789,power plant,,
People's Republic of China,Q148,http://www.wikidata.org/entity/Q19398810,Q19398810,power plant,,
People's Republic of China,Q148,http://www.wikidata.org/entity/Q19398814,Q19398814,power plant,,
People's Republic of China,Q148,http://www.wikidata.org/entity/Q19398816,Q19398816,power plant,,
People's Republic of China,Q148,http://www.wikidata.org/entity/Q19398846,Q19398846,power plant,,
People's Republic of China,Q148,http://www.wikidata.org/entity/Q19398895,Q19398895,power plant,,
People's Republic of China,Q148,http://www.wikidata.org/entity/Q19398927,Q19398927,power plant,,
People's Republic of China,Q148,http://www.wikidata.org/entity/Q19398930,Q19398930,power plant,,
People's Republic of China,Q148,http://www.wikidata.org/entity/Q19398928,Q19398928,power plant,,
People's Republic of China,Q148,http://www.wikidata.org/entity/Q19398929,Q19398929,power plant,,
People's Republic of China,Q148,http://www.wikidata.org/entity/Q19398935,Q19398935,power plant,,
People's Republic of China,Q148,http://www.wikidata.org/entity/Q19398942,Q19398942,power plant,,
People's Republic of China,Q148,http://www.wikidata.org/entity/Q19398941,Q19398941,power plant,,
People's Republic of China,Q148,http://www.wikidata.org/entity/Q48935851,Q48935851,power plant,,
People's Republic of China,Q148,http://www.wikidata.org/entity/Q104830451,Laibin Power Station,power plant,,
People's Republic of China,Q148,http://www.wikidata.org/entity/Q12000199,Q12000199,power plant,,
People's Republic of China,Q148,http://www.wikidata.org/entity/Q12000200,Q12000200,power plant,,
People's Republic of China,Q148,http://www.wikidata.org/entity/Q12000231,Q12000231,power plant,,
People's Republic of China,Q148,http://www.wikidata.org/entity/Q12000253,Q12000253,power plant,,
People's Republic of China,Q148,http://www.wikidata.org/entity/Q12004107,Q12004107,power plant,,
People's Republic of China,Q148,http://www.wikidata.org/entity/Q12004105,Q12004105,power plant,,
People's Republic of China,Q148,http://www.wikidata.org/entity/Q12005077,Q12005077,power plant,,
People's Republic of China,Q148,http://www.wikidata.org/entity/Q12005083,Q12005083,power plant,,
People's Republic of China,Q148,http://www.wikidata.org/entity/Q12006269,Q12006269,power plant,,
People's Republic of China,Q148,http://www.wikidata.org/entity/Q12006315,Q12006315,power plant,,
People's Republic of China,Q148,http://www.wikidata.org/entity/Q12006770,Q12006770,power plant,,
People's Republic of China,Q148,http://www.wikidata.org/entity/Q12006775,Q12006775,power plant,,
People's Republic of China,Q148,http://www.wikidata.org/entity/Q12010395,Q12010395,power plant,,
People's Republic of China,Q148,http://www.wikidata.org/entity/Q12010396,Q12010396,power plant,,
People's Republic of China,Q148,http://www.wikidata.org/entity/Q12010401,Q12010401,power plant,,
People's Republic of China,Q148,http://www.wikidata.org/entity/Q12010809,Q12010809,power plant,,
People's Republic of China,Q148,http://www.wikidata.org/entity/Q12010816,Q12010816,power plant,,
People's Republic of China,Q148,http://www.wikidata.org/entity/Q12010817,Q12010817,power plant,,
People's Republic of China,Q148,http://www.wikidata.org/entity/Q12010858,Q12010858,power plant,,
People's Republic of China,Q148,http://www.wikidata.org/entity/Q12010861,Q12010861,power plant,,
People's Republic of China,Q148,http://www.wikidata.org/entity/Q12010866,Q12010866,power plant,,
People's Republic of China,Q148,http://www.wikidata.org/entity/Q12010870,Q12010870,power plant,,
People's Republic of China,Q148,http://www.wikidata.org/entity/Q12010869,Q12010869,power plant,,
People's Republic of China,Q148,http://www.wikidata.org/entity/Q12010875,Q12010875,power plant,,
People's Republic of China,Q148,http://www.wikidata.org/entity/Q12010880,Q12010880,power plant,,
People's Republic of China,Q148,http://www.wikidata.org/entity/Q12010895,Q12010895,power plant,,
People's Republic of China,Q148,http://www.wikidata.org/entity/Q12010898,Q12010898,power plant,,
People's Republic of China,Q148,http://www.wikidata.org/entity/Q12010899,Q12010899,power plant,,
People's Republic of China,Q148,http://www.wikidata.org/entity/Q12010900,Q12010900,power plant,,
People's Republic of China,Q148,http://www.wikidata.org/entity/Q12010934,Q12010934,power plant,,
People's Republic of China,Q148,http://www.wikidata.org/entity/Q12010940,Q12010940,power plant,,
People's Republic of China,Q148,http://www.wikidata.org/entity/Q12010941,Q12010941,power plant,,
People's Republic of China,Q148,http://www.wikidata.org/entity/Q12010948,Q12010948,power plant,,
People's Republic of China,Q148,http://www.wikidata.org/entity/Q12010976,Q12010976,power plant,,
People's Republic of China,Q148,http://www.wikidata.org/entity/Q12011014,Q12011014,power plant,,
People's Republic of China,Q148,http://www.wikidata.org/entity/Q12011017,Q12011017,power plant,,
People's Republic of China,Q148,http://www.wikidata.org/entity/Q12011088,Q12011088,power plant,,
People's Republic of China,Q148,http://www.wikidata.org/entity/Q12011098,Q12011098,power plant,,
People's Republic of China,Q148,http://www.wikidata.org/entity/Q12011099,Q12011099,power plant,,
People's Republic of China,Q148,http://www.wikidata.org/entity/Q12011097,Q12011097,power plant,,
People's Republic of China,Q148,http://www.wikidata.org/entity/Q12011110,Q12011110,power plant,,
People's Republic of China,Q148,http://www.wikidata.org/entity/Q12011112,Q12011112,power plant,,
People's Republic of China,Q148,http://www.wikidata.org/entity/Q12011198,Q12011198,power plant,,
People's Republic of China,Q148,http://www.wikidata.org/entity/Q12011203,Q12011203,power plant,,
People's Republic of China,Q148,http://www.wikidata.org/entity/Q12011201,Q12011201,power plant,,
People's Republic of China,Q148,http://www.wikidata.org/entity/Q12011205,Q12011205,power plant,,
People's Republic of China,Q148,http://www.wikidata.org/entity/Q12011213,Q12011213,power plant,,
People's Republic of China,Q148,http://www.wikidata.org/entity/Q12011237,Q12011237,power plant,,
People's Republic of China,Q148,http://www.wikidata.org/entity/Q11987867,Q11987867,power plant,,
People's Republic of China,Q148,http://www.wikidata.org/entity/Q11987893,Q11987893,power plant,,
People's Republic of China,Q148,http://www.wikidata.org/entity/Q11988086,Q11988086,power plant,,
People's Republic of China,Q148,http://www.wikidata.org/entity/Q11989033,Q11989033,power plant,,
People's Republic of China,Q148,http://www.wikidata.org/entity/Q11989241,Q11989241,power plant,,
People's Republic of China,Q148,http://www.wikidata.org/entity/Q11990830,Q11990830,power plant,,
People's Republic of China,Q148,http://www.wikidata.org/entity/Q11990851,Q11990851,power plant,,
People's Republic of China,Q148,http://www.wikidata.org/entity/Q11991595,Q11991595,power plant,,
People's Republic of China,Q148,http://www.wikidata.org/entity/Q11991596,Q11991596,power plant,,
People's Republic of China,Q148,http://www.wikidata.org/entity/Q11995736,Q11995736,power plant,,
People's Republic of China,Q148,http://www.wikidata.org/entity/Q11996699,Q11996699,power plant,,
People's Republic of China,Q148,http://www.wikidata.org/entity/Q11998390,Q11998390,power plant,,
People's Republic of China,Q148,http://www.wikidata.org/entity/Q11998391,Q11998391,power plant,,
People's Republic of China,Q148,http://www.wikidata.org/entity/Q11999106,Q11999106,power plant,,
People's Republic of China,Q148,http://www.wikidata.org/entity/Q12000110,Q12000110,power plant,,
People's Republic of China,Q148,http://www.wikidata.org/entity/Q12000116,Q12000116,power plant,,
People's Republic of China,Q148,http://www.wikidata.org/entity/Q12000142,Q12000142,power plant,,
People's Republic of China,Q148,http://www.wikidata.org/entity/Q12000156,Q12000156,power plant,,
People's Republic of China,Q148,http://www.wikidata.org/entity/Q12000208,Q12000208,power plant,,
People's Republic of China,Q148,http://www.wikidata.org/entity/Q12000229,Q12000229,power plant,,
People's Republic of China,Q148,http://www.wikidata.org/entity/Q12000254,Q12000254,power plant,,
People's Republic of China,Q148,http://www.wikidata.org/entity/Q12000256,Q12000256,power plant,,
People's Republic of China,Q148,http://www.wikidata.org/entity/Q12000257,Q12000257,power plant,,
People's Republic of China,Q148,http://www.wikidata.org/entity/Q12002008,Q12002008,power plant,,
People's Republic of China,Q148,http://www.wikidata.org/entity/Q12004032,Q12004032,power plant,,
People's Republic of China,Q148,http://www.wikidata.org/entity/Q12005182,Q12005182,power plant,,
People's Republic of China,Q148,http://www.wikidata.org/entity/Q12006471,Q12006471,power plant,,
People's Republic of China,Q148,http://www.wikidata.org/entity/Q12006768,Q12006768,power plant,,
People's Republic of China,Q148,http://www.wikidata.org/entity/Q12006773,Q12006773,power plant,,
People's Republic of China,Q148,http://www.wikidata.org/entity/Q12006776,Q12006776,power plant,,
People's Republic of China,Q148,http://www.wikidata.org/entity/Q12007884,Q12007884,power plant,,
People's Republic of China,Q148,http://www.wikidata.org/entity/Q12010470,Q12010470,power plant,,
People's Republic of China,Q148,http://www.wikidata.org/entity/Q12010509,Q12010509,power plant,,
People's Republic of China,Q148,http://www.wikidata.org/entity/Q12010512,Q12010512,power plant,,
People's Republic of China,Q148,http://www.wikidata.org/entity/Q12010513,Q12010513,power plant,,
People's Republic of China,Q148,http://www.wikidata.org/entity/Q12010860,Q12010860,power plant,,
People's Republic of China,Q148,http://www.wikidata.org/entity/Q12010867,Q12010867,power plant,,
People's Republic of China,Q148,http://www.wikidata.org/entity/Q12010871,Q12010871,power plant,,
People's Republic of China,Q148,http://www.wikidata.org/entity/Q12010886,Q12010886,power plant,,
People's Republic of China,Q148,http://www.wikidata.org/entity/Q12010891,Q12010891,power plant,,
People's Republic of China,Q148,http://www.wikidata.org/entity/Q12010920,Q12010920,power plant,,
People's Republic of China,Q148,http://www.wikidata.org/entity/Q12010936,Q12010936,power plant,,
People's Republic of China,Q148,http://www.wikidata.org/entity/Q12010974,Q12010974,power plant,,
People's Republic of China,Q148,http://www.wikidata.org/entity/Q12011018,Q12011018,power plant,,
People's Republic of China,Q148,http://www.wikidata.org/entity/Q12011104,Q12011104,power plant,,
People's Republic of China,Q148,http://www.wikidata.org/entity/Q12011117,Q12011117,power plant,,
People's Republic of China,Q148,http://www.wikidata.org/entity/Q12011202,Q12011202,power plant,,
People's Republic of China,Q148,http://www.wikidata.org/entity/Q12011217,Q12011217,power plant,,
People's Republic of China,Q148,http://www.wikidata.org/entity/Q12011225,Q12011225,power plant,,
People's Republic of China,Q148,http://www.wikidata.org/entity/Q11989032,Mengdigou Dam,power plant,,
People's Republic of China,Q148,http://www.wikidata.org/entity/Q126737179,Ürümqi Solar Farm,power plant,,
People's Republic of China,Q148,http://www.wikidata.org/entity/Q11960439,Q11960439,power plant,,
People's Republic of China,Q148,http://www.wikidata.org/entity/Q11963087,Q11963087,power plant,,
People's Republic of China,Q148,http://www.wikidata.org/entity/Q11963421,Q11963421,power plant,,
People's Republic of China,Q148,http://www.wikidata.org/entity/Q11971555,Q11971555,power plant,,
People's Republic of China,Q148,http://www.wikidata.org/entity/Q11973906,Q11973906,power plant,,
People's Republic of China,Q148,http://www.wikidata.org/entity/Q11975304,Q11975304,power plant,,
People's Republic of China,Q148,http://www.wikidata.org/entity/Q11978563,Q11978563,power plant,,
People's Republic of China,Q148,http://www.wikidata.org/entity/Q11990797,Q11990797,power plant,,
People's Republic of China,Q148,http://www.wikidata.org/entity/Q12000204,Q12000204,power plant,,
People's Republic of China,Q148,http://www.wikidata.org/entity/Q12010399,Q12010399,power plant,,
People's Republic of China,Q148,http://www.wikidata.org/entity/Q12010894,Q12010894,power plant,,
People's Republic of China,Q148,http://www.wikidata.org/entity/Q12010938,Q12010938,power plant,,
People's Republic of China,Q148,http://www.wikidata.org/entity/Q19373548,Q19373548,power plant,,
People's Republic of China,Q148,http://www.wikidata.org/entity/Q19378972,Q19378972,power plant,,
People's Republic of China,Q148,http://www.wikidata.org/entity/Q19388353,Q19388353,power plant,,
People's Republic of China,Q148,http://www.wikidata.org/entity/Q19391190,Q19391190,power plant,,
People's Republic of China,Q148,http://www.wikidata.org/entity/Q19398754,Q19398754,power plant,,
People's Republic of China,Q148,http://www.wikidata.org/entity/Q19398803,Q19398803,power plant,,
People's Republic of China,Q148,http://www.wikidata.org/entity/Q28416018,T‧PARK,power plant,,
People's Republic of China,Q148,http://www.wikidata.org/entity/Q131619012,Medog Hydropower Station,power plant,,
People's Republic of China,Q148,http://www.wikidata.org/entity/Q60441070,Guishan Offshore Windfarm,power plant,,
People's Republic of China,Q148,http://www.wikidata.org/entity/Q107450009,Q107450009,power plant,,
People's Republic of China,Q148,http://www.wikidata.org/entity/Q104876655,Golmud Gas-fire Power Station,power plant,,
People's Republic of China,Q148,http://www.wikidata.org/entity/Q104876685,Wenchang Natural Gas Power Station,power plant,,
People's Republic of China,Q148,http://www.wikidata.org/entity/Q111181247,Xiantao Power Station,power plant,,
People's Republic of China,Q148,http://www.wikidata.org/entity/Q111912161,Jurong power station,power plant,,
People's Republic of China,Q148,http://www.wikidata.org/entity/Q10297065,Q10297065,power plant,,
People's Republic of China,Q148,http://www.wikidata.org/entity/Q10319478,Q10319478,power plant,,
People's Republic of China,Q148,http://www.wikidata.org/entity/Q11084678,Q11084678,power plant,,
People's Republic of China,Q148,http://www.wikidata.org/entity/Q11959998,Q11959998,power plant,,
People's Republic of China,Q148,http://www.wikidata.org/entity/Q11960004,Q11960004,power plant,,
People's Republic of China,Q148,http://www.wikidata.org/entity/Q11960356,Q11960356,power plant,,
People's Republic of China,Q148,http://www.wikidata.org/entity/Q11961057,Q11961057,power plant,,
People's Republic of China,Q148,http://www.wikidata.org/entity/Q11963423,Q11963423,power plant,,
People's Republic of China,Q148,http://www.wikidata.org/entity/Q11964803,Q11964803,power plant,,
People's Republic of China,Q148,http://www.wikidata.org/entity/Q11968707,Q11968707,power plant,,
People's Republic of China,Q148,http://www.wikidata.org/entity/Q11968708,Q11968708,power plant,,
People's Republic of China,Q148,http://www.wikidata.org/entity/Q11968709,Q11968709,power plant,,
People's Republic of China,Q148,http://www.wikidata.org/entity/Q11969416,Q11969416,power plant,,
People's Republic of China,Q148,http://www.wikidata.org/entity/Q11971546,Q11971546,power plant,,
People's Republic of China,Q148,http://www.wikidata.org/entity/Q11973113,Q11973113,power plant,,
People's Republic of China,Q148,http://www.wikidata.org/entity/Q11974924,Q11974924,power plant,,
People's Republic of China,Q148,http://www.wikidata.org/entity/Q11975784,Q11975784,power plant,,
People's Republic of China,Q148,http://www.wikidata.org/entity/Q11976197,Q11976197,power plant,,
People's Republic of China,Q148,http://www.wikidata.org/entity/Q11978561,Q11978561,power plant,,
People's Republic of China,Q148,http://www.wikidata.org/entity/Q11978606,Q11978606,power plant,,
People's Republic of China,Q148,http://www.wikidata.org/entity/Q11979560,Q11979560,power plant,,
People's Republic of China,Q148,http://www.wikidata.org/entity/Q11980495,Q11980495,power plant,,
People's Republic of China,Q148,http://www.wikidata.org/entity/Q11982979,Q11982979,power plant,,
People's Republic of China,Q148,http://www.wikidata.org/entity/Q11983142,Q11983142,power plant,,
People's Republic of China,Q148,http://www.wikidata.org/entity/Q11983898,Q11983898,power plant,,
People's Republic of China,Q148,http://www.wikidata.org/entity/Q11983901,Q11983901,power plant,,
People's Republic of China,Q148,http://www.wikidata.org/entity/Q11986515,Q11986515,power plant,,
People's Republic of China,Q148,http://www.wikidata.org/entity/Q11986519,Q11986519,power plant,,
People's Republic of China,Q148,http://www.wikidata.org/entity/Q11979924,Kala Dam,power plant,,
People's Republic of China,Q148,http://www.wikidata.org/entity/Q11973124,Guanting Hydropower Station,power plant,,
People's Republic of China,Q148,http://www.wikidata.org/entity/Q11983729,Lenggu Dam,power plant,,
People's Republic of China,Q148,http://www.wikidata.org/entity/Q19373273,Q19373273,power plant,,
People's Republic of China,Q148,http://www.wikidata.org/entity/Q19374873,Q19374873,power plant,,
People's Republic of China,Q148,http://www.wikidata.org/entity/Q19376308,Q19376308,power plant,,
People's Republic of China,Q148,http://www.wikidata.org/entity/Q19376318,Q19376318,power plant,,
People's Republic of China,Q148,http://www.wikidata.org/entity/Q19376320,Q19376320,power plant,,
People's Republic of China,Q148,http://www.wikidata.org/entity/Q19377069,Q19377069,power plant,,
People's Republic of China,Q148,http://www.wikidata.org/entity/Q19378973,Q19378973,power plant,,
People's Republic of China,Q148,http://www.wikidata.org/entity/Q19379506,Q19379506,power plant,,
People's Republic of China,Q148,http://www.wikidata.org/entity/Q19380007,Q19380007,power plant,,
People's Republic of China,Q148,http://www.wikidata.org/entity/Q19380008,Q19380008,power plant,,
People's Republic of China,Q148,http://www.wikidata.org/entity/Q19380058,Q19380058,power plant,,
People's Republic of China,Q148,http://www.wikidata.org/entity/Q19380277,Q19380277,power plant,,
People's Republic of China,Q148,http://www.wikidata.org/entity/Q19381005,Q19381005,power plant,,
People's Republic of China,Q148,http://www.wikidata.org/entity/Q19381674,Q19381674,power plant,,
People's Republic of China,Q148,http://www.wikidata.org/entity/Q19381989,Q19381989,power plant,,
People's Republic of China,Q148,http://www.wikidata.org/entity/Q19385849,Q19385849,power plant,,
People's Republic of China,Q148,http://www.wikidata.org/entity/Q19385956,Q19385956,power plant,,
People's Republic of China,Q148,http://www.wikidata.org/entity/Q19385960,Q19385960,power plant,,
People's Republic of China,Q148,http://www.wikidata.org/entity/Q19388321,Q19388321,power plant,,
People's Republic of China,Q148,http://www.wikidata.org/entity/Q19388324,Q19388324,power plant,,
People's Republic of China,Q148,http://www.wikidata.org/entity/Q19388371,Q19388371,power plant,,
People's Republic of China,Q148,http://www.wikidata.org/entity/Q19388373,Q19388373,power plant,,
People's Republic of China,Q148,http://www.wikidata.org/entity/Q19392441,Q19392441,power plant,,
People's Republic of China,Q148,http://www.wikidata.org/entity/Q19398538,Q19398538,power plant,,
People's Republic of China,Q148,http://www.wikidata.org/entity/Q19398761,Q19398761,power plant,,
People's Republic of China,Q148,http://www.wikidata.org/entity/Q19398778,Q19398778,power plant,,
People's Republic of China,Q148,http://www.wikidata.org/entity/Q19398796,Q19398796,power plant,,
People's Republic of China,Q148,http://www.wikidata.org/entity/Q19398818,Q19398818,power plant,,
People's Republic of China,Q148,http://www.wikidata.org/entity/Q19398897,Q19398897,power plant,,
People's Republic of China,Q148,http://www.wikidata.org/entity/Q11133418,Q11133418,power plant,,
People's Republic of China,Q148,http://www.wikidata.org/entity/Q11986754,Q11986754,power plant,,
People's Republic of China,Q148,http://www.wikidata.org/entity/Q11987039,Q11987039,power plant,,
People's Republic of China,Q148,http://www.wikidata.org/entity/Q11987057,Q11987057,power plant,,
People's Republic of China,Q148,http://www.wikidata.org/entity/Q11987727,Q11987727,power plant,,
People's Republic of China,Q148,http://www.wikidata.org/entity/Q17023711,Q17023711,power plant,,
People's Republic of China,Q148,http://www.wikidata.org/entity/Q17040456,Q17040456,power plant,,
People's Republic of China,Q148,http://www.wikidata.org/entity/Q17750358,Q17750358,power plant,,
People's Republic of China,Q148,http://www.wikidata.org/entity/Q17762112,Q17762112,power plant,,
People's Republic of China,Q148,http://www.wikidata.org/entity/Q17762468,Q17762468,power plant,,
People's Republic of China,Q148,http://www.wikidata.org/entity/Q17775437,Q17775437,power plant,,
People's Republic of China,Q148,http://www.wikidata.org/entity/Q17778228,Q17778228,power plant,,
People's Republic of China,Q148,http://www.wikidata.org/entity/Q17779495,Q17779495,power plant,,
People's Republic of China,Q148,http://www.wikidata.org/entity/Q18118886,Q18118886,power plant,,
People's Republic of China,Q148,http://www.wikidata.org/entity/Q17065664,Yangbajain Geothermal Power Station,power plant,,
People's Republic of China,Q148,http://www.wikidata.org/entity/Q104845918,Lawa Hydropower Station,power plant,,
People's Republic of China,Q148,http://www.wikidata.org/entity/Q104847985,Ngachen Hydropower Station,power plant,,
People's Republic of China,Q148,http://www.wikidata.org/entity/Q109344605,Q109344605,power plant,,
People's Republic of China,Q148,http://www.wikidata.org/entity/Q109345563,Q109345563,power plant,,
People's Republic of China,Q148,http://www.wikidata.org/entity/Q109347186,Q109347186,power plant,,
People's Republic of China,Q148,http://www.wikidata.org/entity/Q126045437,Q126045437,power plant,,
Norway,Q20,http://www.wikidata.org/entity/Q57278741,Adamstua kraftverk,power plant,,
Norway,Q20,http://www.wikidata.org/entity/Q104050897,Guleslettene wind farm,power plant,,
Norway,Q20,http://www.wikidata.org/entity/Q110505752,Stigafjellet Wind Farm,power plant,,
Norway,Q20,http://www.wikidata.org/entity/Q113862573,Vidar Wind Farm,power plant,,
Norway,Q20,http://www.wikidata.org/entity/Q116927601,Dønnesfjord Wind Farm,power plant,,
Norway,Q20,http://www.wikidata.org/entity/Q11968462,Q11968462,power plant,,
Norway,Q20,http://www.wikidata.org/entity/Q11988902,Mehuken Wind Farm,power plant,,
Norway,Q20,http://www.wikidata.org/entity/Q108886415,Q108886415,power plant,,
Norway,Q20,http://www.wikidata.org/entity/Q11992851,Q11992851,power plant,,
Norway,Q20,http://www.wikidata.org/entity/Q19378977,Q19378977,power plant,,
Norway,Q20,http://www.wikidata.org/entity/Q19379061,Q19379061,power plant,,
Norway,Q20,http://www.wikidata.org/entity/Q11976558,Q11976558,power plant,,
Norway,Q20,http://www.wikidata.org/entity/Q11962416,Q11962416,power plant,,
Norway,Q20,http://www.wikidata.org/entity/Q93483596,Q93483596,power plant,,
Norway,Q20,http://www.wikidata.org/entity/Q76814420,Steindal power station,power plant,,
Norway,Q20,http://www.wikidata.org/entity/Q76815346,Skakadalen power station,power plant,,
Norway,Q20,http://www.wikidata.org/entity/Q106465475,Q106465475,power plant,,
Norway,Q20,http://www.wikidata.org/entity/Q11998788,Q11998788,power plant,,
Norway,Q20,http://www.wikidata.org/entity/Q19377645,Q19377645,power plant,,
Norway,Q20,http://www.wikidata.org/entity/Q19386527,Returkraft waste-to-energy plant,power plant,,
Norway,Q20,http://www.wikidata.org/entity/Q123680479,Maudal Lower Power Station,power plant,,
Norway,Q20,http://www.wikidata.org/entity/Q116733188,Q116733188,power plant,,
Norway,Q20,http://www.wikidata.org/entity/Q131148841,Q131148841,power plant,,
France,Q142,http://www.wikidata.org/entity/Q125504252,Q125504252,power plant,,
France,Q142,http://www.wikidata.org/entity/Q131155945,Q131155945,power plant,,
France,Q142,http://www.wikidata.org/entity/Q116214779,Q116214779,power plant,,
France,Q142,http://www.wikidata.org/entity/Q96605362,Q96605362,power plant,,
France,Q142,http://www.wikidata.org/entity/Q104600065,Parc éolien de Migé-Escamps,power plant,,
France,Q142,http://www.wikidata.org/entity/Q117352134,Centre Manche,power plant,,
France,Q142,http://www.wikidata.org/entity/Q132124029,Q132124029,power plant,,
France,Q142,http://www.wikidata.org/entity/Q125564548,Provence Grand Large Wind Farm,power plant,,
France,Q142,http://www.wikidata.org/entity/Q60847995,Q60847995,power plant,,
France,Q142,http://www.wikidata.org/entity/Q117025413,Q117025413,power plant,,
France,Q142,http://www.wikidata.org/entity/Q119721130,Q119721130,power plant,,
France,Q142,http://www.wikidata.org/entity/Q122518992,Q122518992,power plant,,
France,Q142,http://www.wikidata.org/entity/Q124800280,Q124800280,power plant,,
France,Q142,http://www.wikidata.org/entity/Q99560246,Étoile verte,power plant,,
France,Q142,http://www.wikidata.org/entity/Q110225854,Q110225854,power plant,,
France,Q142,http://www.wikidata.org/entity/Q110225882,Q110225882,power plant,,
France,Q142,http://www.wikidata.org/entity/Q124799011,Q124799011,power plant,,
France,Q142,http://www.wikidata.org/entity/Q130869732,Q130869732,power plant,,
France,Q142,http://www.wikidata.org/entity/Q130869894,Q130869894,power plant,,
France,Q142,http://www.wikidata.org/entity/Q130870436,Q130870436,power plant,,
France,Q142,http://www.wikidata.org/entity/Q130871463,Q130871463,power plant,,
France,Q142,http://www.wikidata.org/entity/Q134988184,Q134988184,power plant,,
France,Q142,http://www.wikidata.org/entity/Q102157025,Q102157025,power plant,,
France,Q142,http://www.wikidata.org/entity/Q100968997,Barrage des Combes,power plant,,
France,Q142,http://www.wikidata.org/entity/Q108509670,Q108509670,power plant,,
France,Q142,http://www.wikidata.org/entity/Q110736218,Q110736218,power plant,,
United Kingdom,Q145,http://www.wikidata.org/entity/Q3664618,Q3664618,power plant,,
United Kingdom,Q145,http://www.wikidata.org/entity/Q104866220,Dolgelley power station,power plant,,
United Kingdom,Q145,http://www.wikidata.org/entity/Q104866234,Towyn power station,power plant,,
United Kingdom,Q145,http://www.wikidata.org/entity/Q104866603,Machynlleth power stations,power plant,,
United Kingdom,Q145,http://www.wikidata.org/entity/Q115929443,Dorenell Wind Farm,power plant,,
United Kingdom,Q145,http://www.wikidata.org/entity/Q115929386,Stronelairg Wind Farm,power plant,,
United Kingdom,Q145,http://www.wikidata.org/entity/Q115929541,Fallago Rig Wind Farm,power plant,,
United Kingdom,Q145,http://www.wikidata.org/entity/Q115952717,South Kyle Wind Farm,power plant,,
United Kingdom,Q145,http://www.wikidata.org/entity/Q115954919,Dunmaglass Wind Farm,power plant,,
United Kingdom,Q145,http://www.wikidata.org/entity/Q115955243,Beinneun Wind Farm,power plant,,
United Kingdom,Q145,http://www.wikidata.org/entity/Q115955833,Berry Burn Wind Farm,power plant,,
United Kingdom,Q145,http://www.wikidata.org/entity/Q116036206,Andershaw Wind Farm,power plant,,
United Kingdom,Q145,http://www.wikidata.org/entity/Q116861396,West Burton A Power Station,power plant,,
United Kingdom,Q145,http://www.wikidata.org/entity/Q116861411,West Burton B Power Station,power plant,,
United Kingdom,Q145,http://www.wikidata.org/entity/Q116878065,Tullo Wind Farm,power plant,,
United Kingdom,Q145,http://www.wikidata.org/entity/Q116903517,Water Lane STOR,power plant,,
United Kingdom,Q145,http://www.wikidata.org/entity/Q117804755,Barton Hill Power Station,power plant,,
United Kingdom,Q145,http://www.wikidata.org/entity/Q122762065,Little Raith Battery Storage,power plant,,
United Kingdom,Q145,http://www.wikidata.org/entity/Q122762222,Newton Wood Farm Battery Storage,power plant,,
United Kingdom,Q145,http://www.wikidata.org/entity/Q123581042,Carnegie Road Battery,power plant,,
United Kingdom,Q145,http://www.wikidata.org/entity/Q123580869,Jamesfield Battery Storage,power plant,,
United Kingdom,Q145,http://www.wikidata.org/entity/Q123580885,Ilmer Lane Battery Storage,power plant,,
United Kingdom,Q145,http://www.wikidata.org/entity/Q123580913,Thame Road Battery Storage,power plant,,
United Kingdom,Q145,http://www.wikidata.org/entity/Q132860674,Cuxton Battery Storage,power plant,,
United Kingdom,Q145,http://www.wikidata.org/entity/Q132860704,Ferrymuir Battery Storage,power plant,,
United Kingdom,Q145,http://www.wikidata.org/entity/Q132860712,Sundon Battery Storage,power plant,,
United Kingdom,Q145,http://www.wikidata.org/entity/Q132860730,Richborough Battery Storage,power plant,,
United Kingdom,Q145,http://www.wikidata.org/entity/Q132860738,Ferrybridge Battery Storage,power plant,,
United Kingdom,Q145,http://www.wikidata.org/entity/Q132860767,Monk Fryston Battery Storage,power plant,,
United Kingdom,Q145,http://www.wikidata.org/entity/Q132860779,Fiddler's Ferry Battery Storage,power plant,,
United Kingdom,Q145,http://www.wikidata.org/entity/Q132860801,Winchester Battery,power plant,,
United Kingdom,Q145,http://www.wikidata.org/entity/Q132860831,Ocker Hill battery storage,power plant,,
United Kingdom,Q145,http://www.wikidata.org/entity/Q132860907,Indian Queens battery storage,power plant,,
United Kingdom,Q145,http://www.wikidata.org/entity/Q120498662,Briton Ferry Battery Storage,power plant,,
United Kingdom,Q145,http://www.wikidata.org/entity/Q116878109,Burwell Battery,power plant,,
United Kingdom,Q145,http://www.wikidata.org/entity/Q116878223,Hutton Battery,power plant,,
United Kingdom,Q145,http://www.wikidata.org/entity/Q116878007,West Burton B Battery,power plant,,
United Kingdom,Q145,http://www.wikidata.org/entity/Q116878249,Hunningley Stairfoot Battery,power plant,,
United Kingdom,Q145,http://www.wikidata.org/entity/Q116878801,Holes Bay Battery,power plant,,
United Kingdom,Q145,http://www.wikidata.org/entity/Q116884182,Bloxwich Battery,power plant,,
United Kingdom,Q145,http://www.wikidata.org/entity/Q116884290,Aylesford Battery,power plant,,
United Kingdom,Q145,http://www.wikidata.org/entity/Q116884451,Bustleholme Battery,power plant,,
United Kingdom,Q145,http://www.wikidata.org/entity/Q116884220,Pen y Cymoedd Battery,power plant,,
United Kingdom,Q145,http://www.wikidata.org/entity/Q116884358,Pillswood Battery,power plant,,
United Kingdom,Q145,http://www.wikidata.org/entity/Q116884549,Thurcroft Battery,power plant,,
United Kingdom,Q145,http://www.wikidata.org/entity/Q116884738,Mannington Battery Storage,power plant,,
United Kingdom,Q145,http://www.wikidata.org/entity/Q116884818,Skelmersdale Battery,power plant,,
United Kingdom,Q145,http://www.wikidata.org/entity/Q116885413,Glassenbury Battery Storage,power plant,,
United Kingdom,Q145,http://www.wikidata.org/entity/Q116885583,Enderby Storage,power plant,,
United Kingdom,Q145,http://www.wikidata.org/entity/Q116885651,Creyke Beck Battery Storage,power plant,,
United Kingdom,Q145,http://www.wikidata.org/entity/Q116886657,Claredown Battery Storage,power plant,,
United Kingdom,Q145,http://www.wikidata.org/entity/Q116886566,Wickham Battery Storage,power plant,,
United Kingdom,Q145,http://www.wikidata.org/entity/Q116886718,Red Scar Battery Storage,power plant,,
United Kingdom,Q145,http://www.wikidata.org/entity/Q116889150,Gipsy Lane Battery Storage,power plant,,
United Kingdom,Q145,http://www.wikidata.org/entity/Q116889429,Roundponds Battery,power plant,,
United Kingdom,Q145,http://www.wikidata.org/entity/Q116890392,Byers Brae Battery Storage,power plant,,
United Kingdom,Q145,http://www.wikidata.org/entity/Q116890267,Kemsley Battery Storage,power plant,,
United Kingdom,Q145,http://www.wikidata.org/entity/Q116894478,Minety Battery Storage,power plant,,
United Kingdom,Q145,http://www.wikidata.org/entity/Q116894501,Minety South Battery Storage,power plant,,
United Kingdom,Q145,http://www.wikidata.org/entity/Q116894543,Newlands Farm Battery Storage,power plant,,
United Kingdom,Q145,http://www.wikidata.org/entity/Q116896049,Pelham Battery Storage,power plant,,
United Kingdom,Q145,http://www.wikidata.org/entity/Q116896378,Dorking Battery Energy Storage System,power plant,,
United Kingdom,Q145,http://www.wikidata.org/entity/Q116895971,Tynemouth Energy Storage System,power plant,,
United Kingdom,Q145,http://www.wikidata.org/entity/Q116902714,Hallen Battery Storage,power plant,,
United Kingdom,Q145,http://www.wikidata.org/entity/Q116907451,Hulley Road Battery Storage,power plant,,
United Kingdom,Q145,http://www.wikidata.org/entity/Q116907433,Lascar Battery Storage,power plant,,
United Kingdom,Q145,http://www.wikidata.org/entity/Q117011366,Blackhillock Battery,power plant,,
United Kingdom,Q145,http://www.wikidata.org/entity/Q117037179,Coupar Battery Storage,power plant,,
United Kingdom,Q145,http://www.wikidata.org/entity/Q117423271,Broadditch Battery,power plant,,
United Kingdom,Q145,http://www.wikidata.org/entity/Q117487883,Tollgate Battery Storage,power plant,,
United Kingdom,Q145,http://www.wikidata.org/entity/Q117768503,Dollymans Battery Storage,power plant,,
United Kingdom,Q145,http://www.wikidata.org/entity/Q117804713,Harker Battery Storage,power plant,,
United Kingdom,Q145,http://www.wikidata.org/entity/Q117804749,Lockleaze Battery Storage,power plant,,
United Kingdom,Q145,http://www.wikidata.org/entity/Q117804710,Rise Carr Battery Storage,power plant,,
United Kingdom,Q145,http://www.wikidata.org/entity/Q120356399,West Gourdie Battery,power plant,,
United Kingdom,Q145,http://www.wikidata.org/entity/Q120359695,Farnham Battery Storage,power plant,,
United Kingdom,Q145,http://www.wikidata.org/entity/Q120360122,Coventry Battery Storage,power plant,,
United Kingdom,Q145,http://www.wikidata.org/entity/Q120360277,Fordtown Battery Storage,power plant,,
United Kingdom,Q145,http://www.wikidata.org/entity/Q120360407,Dunsinane Battery Storage,power plant,,
United Kingdom,Q145,http://www.wikidata.org/entity/Q120360537,Camilla Battery Storage,power plant,,
United Kingdom,Q145,http://www.wikidata.org/entity/Q120498748,Flatworth Battery Storage,power plant,,
United Kingdom,Q145,http://www.wikidata.org/entity/Q120498708,Tir John Battery Storage,power plant,,
United Kingdom,Q145,http://www.wikidata.org/entity/Q120498723,Willoughby Battery Storage,power plant,,
United Kingdom,Q145,http://www.wikidata.org/entity/Q120667459,Doncaster Battery Storage,power plant,,
United Kingdom,Q145,http://www.wikidata.org/entity/Q120668073,Melksham East Battery Storage,power plant,,
United Kingdom,Q145,http://www.wikidata.org/entity/Q120668403,Larport Farm Battery,power plant,,
United Kingdom,Q145,http://www.wikidata.org/entity/Q120671406,Boulby Battery Storage,power plant,,
United Kingdom,Q145,http://www.wikidata.org/entity/Q120671455,Breach Farm Battery Storage,power plant,,
United Kingdom,Q145,http://www.wikidata.org/entity/Q120671594,Drumkee Battery Storage,power plant,,
United Kingdom,Q145,http://www.wikidata.org/entity/Q120671495,Parc Stormy Battery,power plant,,
United Kingdom,Q145,http://www.wikidata.org/entity/Q120671534,Lower Road Battery,power plant,,
United Kingdom,Q145,http://www.wikidata.org/entity/Q120671558,Port of Tilbury Battery Storage,power plant,,
United Kingdom,Q145,http://www.wikidata.org/entity/Q120671632,Mullavilly Battery Storage,power plant,,
United Kingdom,Q145,http://www.wikidata.org/entity/Q122170316,Clay Tye Battery,power plant,,
United Kingdom,Q145,http://www.wikidata.org/entity/Q104867034,Macclesfield group power stations,power plant,,
United Kingdom,Q145,http://www.wikidata.org/entity/Q106728173,Inner Dowsing offshore wind farm,power plant,,
United Kingdom,Q145,http://www.wikidata.org/entity/Q106728370,Lynn offshore wind farm,power plant,,
United Kingdom,Q145,http://www.wikidata.org/entity/Q106728914,Robin Rigg (East) offshore wind farm,power plant,,
United Kingdom,Q145,http://www.wikidata.org/entity/Q106729094,Robin Rigg (West) offshore wind farm,power plant,,
United Kingdom,Q145,http://www.wikidata.org/entity/Q115942251,East Anglia THREE,power plant,,
United Kingdom,Q145,http://www.wikidata.org/entity/Q115942263,East Anglia TWO,power plant,,
United Kingdom,Q145,http://www.wikidata.org/entity/Q115952280,Dogger Bank C Wind Farm,power plant,,
United Kingdom,Q145,http://www.wikidata.org/entity/Q116861425,Grangemouth CHP,power plant,,
United Kingdom,Q145,http://www.wikidata.org/entity/Q116861380,Severn Power Station,power plant,,
United Kingdom,Q145,http://www.wikidata.org/entity/Q116863673,Fellside Power Station,power plant,,
United Kingdom,Q145,http://www.wikidata.org/entity/Q116875442,Fawley Cogen Power Station,power plant,,
United Kingdom,Q145,http://www.wikidata.org/entity/Q116904187,Letchworth STOR,power plant,,
United Kingdom,Q145,http://www.wikidata.org/entity/Q116913510,JG Pears Newark CHP,power plant,,
United Kingdom,Q145,http://www.wikidata.org/entity/Q132798523,Weston Point Power Station,power plant,,
United Kingdom,Q145,http://www.wikidata.org/entity/Q132860643,Thornham Solar Farm,power plant,,
United Kingdom,Q145,http://www.wikidata.org/entity/Q132860683,Sutton Bridge solar farm,power plant,,
United Kingdom,Q145,http://www.wikidata.org/entity/Q132860977,Rusholme Battery Storage,power plant,,
United Kingdom,Q145,http://www.wikidata.org/entity/Q132861052,Tebworth Solar Farm,power plant,,
United Kingdom,Q145,http://www.wikidata.org/entity/Q132861065,Braintree Battery Storage,power plant,,
United Kingdom,Q145,http://www.wikidata.org/entity/Q132861072,Bredbury Battery Storage,power plant,,
United Kingdom,Q145,http://www.wikidata.org/entity/Q132861107,Bulphan Fen Solar Farm,power plant,,
United Kingdom,Q145,http://www.wikidata.org/entity/Q132861130,Shilton Lane battery storage,power plant,,
United Kingdom,Q145,http://www.wikidata.org/entity/Q132861154,Lakeside Energy Park,power plant,,
United Kingdom,Q145,http://www.wikidata.org/entity/Q132861228,Roaring Hill Battery Storage,power plant,,
United Kingdom,Q145,http://www.wikidata.org/entity/Q132861252,Roaring Hill Battery Storage,power plant,,
United Kingdom,Q145,http://www.wikidata.org/entity/Q134452069,Botley West solar farm,power plant,,
United Kingdom,Q145,http://www.wikidata.org/entity/Q42851449,Burley Hydro,power plant,,
United Kingdom,Q145,http://www.wikidata.org/entity/Q42851408,Ruswarp Hydro,power plant,,
United Kingdom,Q145,http://www.wikidata.org/entity/Q48814958,Linton Lock Hydro,power plant,,
United Kingdom,Q145,http://www.wikidata.org/entity/Q57893699,Blackburn Meadows EFR battery system,power plant,,
United Kingdom,Q145,http://www.wikidata.org/entity/Q57895949,Leighton Buzzard Battery,power plant,,
United Kingdom,Q145,http://www.wikidata.org/entity/Q58811067,Westhampnett Municipal Battery Energy Storage System,power plant,,
United Kingdom,Q145,http://www.wikidata.org/entity/Q132860987,Hirwaun Power Station,power plant,,
United Kingdom,Q145,http://www.wikidata.org/entity/Q132861010,Millbrook Power,power plant,,
United Kingdom,Q145,http://www.wikidata.org/entity/Q132861016,Progress Power,power plant,,
United Kingdom,Q145,http://www.wikidata.org/entity/Q117262064,Bispham Flexible Generation,power plant,,
United Kingdom,Q145,http://www.wikidata.org/entity/Q116884110,Redfield Road Gas Generation Plant,power plant,,
United Kingdom,Q145,http://www.wikidata.org/entity/Q116886641,Lester Way Power Plant,power plant,,
United Kingdom,Q145,http://www.wikidata.org/entity/Q116886710,Red Scar Peaking Plant,power plant,,
United Kingdom,Q145,http://www.wikidata.org/entity/Q116886687,The Drove Power Plant,power plant,,
United Kingdom,Q145,http://www.wikidata.org/entity/Q116899982,Derby Gas Power Station,power plant,,
United Kingdom,Q145,http://www.wikidata.org/entity/Q116900565,Exeter Gas Power Station,power plant,,
United Kingdom,Q145,http://www.wikidata.org/entity/Q116901037,Heartlands Power Station,power plant,,
United Kingdom,Q145,http://www.wikidata.org/entity/Q116904528,Trafalgar Park Gas Peaking Plant,power plant,,
United Kingdom,Q145,http://www.wikidata.org/entity/Q116907489,Chickerell Power Station,power plant,,
United Kingdom,Q145,http://www.wikidata.org/entity/Q116910963,Burghfield Power Station,power plant,,
United Kingdom,Q145,http://www.wikidata.org/entity/Q116912418,Keadby Three Power Station,power plant,,
United Kingdom,Q145,http://www.wikidata.org/entity/Q117036082,Goose House Lane Power Station,power plant,,
United Kingdom,Q145,http://www.wikidata.org/entity/Q117036012,Moorfield Drive Power Station,power plant,,
United Kingdom,Q145,http://www.wikidata.org/entity/Q117035975,Solutia District Energy,power plant,,
United Kingdom,Q145,http://www.wikidata.org/entity/Q117035982,Sevington District Energy,power plant,,
United Kingdom,Q145,http://www.wikidata.org/entity/Q117035993,Sudmeadow Road Power Station,power plant,,
United Kingdom,Q145,http://www.wikidata.org/entity/Q117036041,Rake Lane Power Station,power plant,,
United Kingdom,Q145,http://www.wikidata.org/entity/Q117036789,Bridgwater Power Station,power plant,,
United Kingdom,Q145,http://www.wikidata.org/entity/Q117037261,Chatterley Power Station,power plant,,
United Kingdom,Q145,http://www.wikidata.org/entity/Q117423985,Gowerton East Power Station,power plant,,
United Kingdom,Q145,http://www.wikidata.org/entity/Q123580995,Cumberhead West Wind Farm,power plant,,
United Kingdom,Q145,http://www.wikidata.org/entity/Q131282629,Kirk Hill Wind Farm,power plant,,
United Kingdom,Q145,http://www.wikidata.org/entity/Q132861039,Limekiln Wind Farm,power plant,,
United Kingdom,Q145,http://www.wikidata.org/entity/Q116861310,Aikengall Community Wind Farm,power plant,,
United Kingdom,Q145,http://www.wikidata.org/entity/Q116861652,Afton Wind Farm,power plant,,
United Kingdom,Q145,http://www.wikidata.org/entity/Q116861675,Blackcraig Wind Farm,power plant,,
United Kingdom,Q145,http://www.wikidata.org/entity/Q116863133,Kilbraur Wind Farm,power plant,,
United Kingdom,Q145,http://www.wikidata.org/entity/Q116863896,Auchrobert Wind Farm,power plant,,
United Kingdom,Q145,http://www.wikidata.org/entity/Q116869658,Carraig Gheal Wind Farm,power plant,,
United Kingdom,Q145,http://www.wikidata.org/entity/Q116869638,Rothes Bio-Plant,power plant,,
United Kingdom,Q145,http://www.wikidata.org/entity/Q116869720,Mark Hill Wind Farm,power plant,,
United Kingdom,Q145,http://www.wikidata.org/entity/Q116869954,Glen Kyllachy Wind Farm,power plant,,
United Kingdom,Q145,http://www.wikidata.org/entity/Q116869934,Millennium Wind Farm,power plant,,
United Kingdom,Q145,http://www.wikidata.org/entity/Q116869960,Tilbury Green Power,power plant,,
United Kingdom,Q145,http://www.wikidata.org/entity/Q116870059,Sandy Knowe Wind Farm,power plant,,
United Kingdom,Q145,http://www.wikidata.org/entity/Q116875500,Markinch Biomass Plant,power plant,,
United Kingdom,Q145,http://www.wikidata.org/entity/Q116875547,Lochluichart Wind Farm,power plant,,
United Kingdom,Q145,http://www.wikidata.org/entity/Q116876556,Baillie Wind Farm,power plant,,
United Kingdom,Q145,http://www.wikidata.org/entity/Q116876403,Tom na Clach Wind Farm,power plant,,
United Kingdom,Q145,http://www.wikidata.org/entity/Q116876697,Camster Wind Farm,power plant,,
United Kingdom,Q145,http://www.wikidata.org/entity/Q116876722,Hill of Towie Wind Farm,power plant,,
United Kingdom,Q145,http://www.wikidata.org/entity/Q116877013,Corriemoillie Wind Farm,power plant,,
United Kingdom,Q145,http://www.wikidata.org/entity/Q116877111,Halsary Wind Farm,power plant,,
United Kingdom,Q145,http://www.wikidata.org/entity/Q116877160,Causeymire Wind Farm,power plant,,
United Kingdom,Q145,http://www.wikidata.org/entity/Q116877291,Coire Na Cloiche Wind Farm,power plant,,
United Kingdom,Q145,http://www.wikidata.org/entity/Q116877483,Bad a Cheo Wind Farm,power plant,,
United Kingdom,Q145,http://www.wikidata.org/entity/Q116877387,Edinbane Wind Farm,power plant,,
United Kingdom,Q145,http://www.wikidata.org/entity/Q116877868,Beinn Tharsuinn Wind Farm,power plant,,
United Kingdom,Q145,http://www.wikidata.org/entity/Q116877766,Dalquhandy Wind Farm,power plant,,
United Kingdom,Q145,http://www.wikidata.org/entity/Q116877917,Burn of Whilk Wind Farm,power plant,,
United Kingdom,Q145,http://www.wikidata.org/entity/Q116877792,Harburnhead Wind Farm,power plant,,
United Kingdom,Q145,http://www.wikidata.org/entity/Q116877673,Rosehall Wind Farm,power plant,,
United Kingdom,Q145,http://www.wikidata.org/entity/Q116877839,Hill of Glaschyle Wind Farm,power plant,,
United Kingdom,Q145,http://www.wikidata.org/entity/Q116877902,Douglas West Wind Farm,power plant,,
United Kingdom,Q145,http://www.wikidata.org/entity/Q116877635,Whiteside Hill Wind Farm,power plant,,
United Kingdom,Q145,http://www.wikidata.org/entity/Q116877933,Cour Wind Farm,power plant,,
United Kingdom,Q145,http://www.wikidata.org/entity/Q116877822,Mid Hill Wind Farm,power plant,,
United Kingdom,Q145,http://www.wikidata.org/entity/Q116878077,Assel Valley Wind Farm,power plant,,
United Kingdom,Q145,http://www.wikidata.org/entity/Q116877986,Crossdykes Wind Farm,power plant,,
United Kingdom,Q145,http://www.wikidata.org/entity/Q116877692,Windy Rig Wind Farm,power plant,,
United Kingdom,Q145,http://www.wikidata.org/entity/Q116877949,Gordonstown Hill Wind Farm,power plant,,
United Kingdom,Q145,http://www.wikidata.org/entity/Q116877969,Hare Hill Wind Farm,power plant,,
United Kingdom,Q145,http://www.wikidata.org/entity/Q116877943,Middle Muir Wind Farm,power plant,,
United Kingdom,Q145,http://www.wikidata.org/entity/Q116878082,Dalswinton Wind Farm,power plant,,
United Kingdom,Q145,http://www.wikidata.org/entity/Q116877879,Sanquhar Community Wind Farm,power plant,,
United Kingdom,Q145,http://www.wikidata.org/entity/Q116878069,Freasdail Wind Farm,power plant,,
United Kingdom,Q145,http://www.wikidata.org/entity/Q116877850,Tralorg Wind Farm,power plant,,
United Kingdom,Q145,http://www.wikidata.org/entity/Q116878295,Airies Wind Farm,power plant,,
United Kingdom,Q145,http://www.wikidata.org/entity/Q116878303,An Suidhe Wind Farm,power plant,,
United Kingdom,Q145,http://www.wikidata.org/entity/Q116877925,Tullymurdoch Wind Farm,power plant,,
United Kingdom,Q145,http://www.wikidata.org/entity/Q116878093,Minsca Wind Farm,power plant,,
United Kingdom,Q145,http://www.wikidata.org/entity/Q116878285,Ewe Hill Wind Farm,power plant,,
United Kingdom,Q145,http://www.wikidata.org/entity/Q116878310,Glen App Wind Farm,power plant,,
United Kingdom,Q145,http://www.wikidata.org/entity/Q116878322,Glenchamber Wind Farm,power plant,,
United Kingdom,Q145,http://www.wikidata.org/entity/Q116883974,Minnygap Wind Farm,power plant,,
United Kingdom,Q145,http://www.wikidata.org/entity/Q116910739,Blary Hill Wind Farm,power plant,,
United Kingdom,Q145,http://www.wikidata.org/entity/Q116910664,Pogbie Wind Farm,power plant,,
United Kingdom,Q145,http://www.wikidata.org/entity/Q117034611,Clachan Flats Wind Farm,power plant,,
United Kingdom,Q145,http://www.wikidata.org/entity/Q117034632,Keith Hill Wind Farm,power plant,,
United Kingdom,Q145,http://www.wikidata.org/entity/Q117409488,Brownieleys Wind Farm,power plant,,
United Kingdom,Q145,http://www.wikidata.org/entity/Q117422401,Greengairs East Wind Farm,power plant,,
United Kingdom,Q145,http://www.wikidata.org/entity/Q117717825,Craig 2 Wind Farm,power plant,,
United Kingdom,Q145,http://www.wikidata.org/entity/Q117796670,Ben Aketil Wind Farm,power plant,,
United Kingdom,Q145,http://www.wikidata.org/entity/Q117803657,Earlsburn Wind Farm,power plant,,
United Kingdom,Q145,http://www.wikidata.org/entity/Q117804630,Ironbridge B Power Station,power plant,,
United Kingdom,Q145,http://www.wikidata.org/entity/Q117805967,Benbrack Wind Farm,power plant,,
United Kingdom,Q145,http://www.wikidata.org/entity/Q120668737,Carscreugh Wind Farm,power plant,,
United Kingdom,Q145,http://www.wikidata.org/entity/Q132798429,Shoreditch Power Station,power plant,,
United Kingdom,Q145,http://www.wikidata.org/entity/Q115952916,Runcorn Energy from Waste,power plant,,
United Kingdom,Q145,http://www.wikidata.org/entity/Q115954890,Clocaenog Forest Wind Farm,power plant,,
United Kingdom,Q145,http://www.wikidata.org/entity/Q115954949,Brockloch Rig Wind Farm,power plant,,
United Kingdom,Q145,http://www.wikidata.org/entity/Q115955192,Kype Muir Wind Farm,power plant,,
United Kingdom,Q145,http://www.wikidata.org/entity/Q115955324,Creag Riabhach Wind Farm,power plant,,
United Kingdom,Q145,http://www.wikidata.org/entity/Q115955668,Fullabrook Down Wind Farm,power plant,,
United Kingdom,Q145,http://www.wikidata.org/entity/Q115955673,Gordonbush Wind Farm,power plant,,
United Kingdom,Q145,http://www.wikidata.org/entity/Q115955724,Corriegarth Wind Farm,power plant,,
United Kingdom,Q145,http://www.wikidata.org/entity/Q115955735,Dersalloch Wind Farm,power plant,,
United Kingdom,Q145,http://www.wikidata.org/entity/Q115955770,Keadby Wind Farm,power plant,,
United Kingdom,Q145,http://www.wikidata.org/entity/Q115955842,Galawhistle Wind Farm,power plant,,
United Kingdom,Q145,http://www.wikidata.org/entity/Q115955825,Strathy North Wind Farm,power plant,,
United Kingdom,Q145,http://www.wikidata.org/entity/Q115955940,Kennoxhead Wind Farm,power plant,,
United Kingdom,Q145,http://www.wikidata.org/entity/Q115955925,Paul's Hill Wind Farm,power plant,,
United Kingdom,Q145,http://www.wikidata.org/entity/Q115962925,Tangy Wind Farm,power plant,,
United Kingdom,Q145,http://www.wikidata.org/entity/Q116036223,Bicker Fen Wind Farm,power plant,,
United Kingdom,Q145,http://www.wikidata.org/entity/Q116036189,Drone Hill Wind Farm,power plant,,
United Kingdom,Q145,http://www.wikidata.org/entity/Q116876924,Dunbar Energy Recovery Facility,power plant,,
United Kingdom,Q145,http://www.wikidata.org/entity/Q106609751,Mersey Barrage,power plant,,
United Kingdom,Q145,http://www.wikidata.org/entity/Q116884029,Rugeley A Power Station,power plant,,
United Kingdom,Q145,http://www.wikidata.org/entity/Q116884040,Rugeley B Power Station,power plant,,
United Kingdom,Q145,http://www.wikidata.org/entity/Q116911299,Keadby Coal Power Station,power plant,,
United Kingdom,Q145,http://www.wikidata.org/entity/Q117196782,Barking A Power Station,power plant,,
United Kingdom,Q145,http://www.wikidata.org/entity/Q117196790,Barking C Power Station,power plant,,
United Kingdom,Q145,http://www.wikidata.org/entity/Q117196788,Barking B Power Station,power plant,,
United Kingdom,Q145,http://www.wikidata.org/entity/Q117202123,Croydon A Power Station,power plant,,
United Kingdom,Q145,http://www.wikidata.org/entity/Q117202130,Croydon B Power Station,power plant,,
United Kingdom,Q145,http://www.wikidata.org/entity/Q117800616,Pembroke A Power Station,power plant,,
United Kingdom,Q145,http://www.wikidata.org/entity/Q117804611,Ironbridge A Power Station,power plant,,
United Kingdom,Q145,http://www.wikidata.org/entity/Q11972431,Q11972431,power plant,,
United Kingdom,Q145,http://www.wikidata.org/entity/Q11998416,Q11998416,power plant,,
United Kingdom,Q145,http://www.wikidata.org/entity/Q91663285,Seaflow,power plant,,
United Kingdom,Q145,http://www.wikidata.org/entity/Q17762809,Q17762809,power plant,,
United Kingdom,Q145,http://www.wikidata.org/entity/Q30673453,White Rose Project,power plant,,
Canada,Q16,http://www.wikidata.org/entity/Q118140679,Q118140679,power plant,,
Canada,Q16,http://www.wikidata.org/entity/Q121435450,Q121435450,power plant,,
Canada,Q16,http://www.wikidata.org/entity/Q121435452,Q121435452,power plant,,
Canada,Q16,http://www.wikidata.org/entity/Q121435453,Q121435453,power plant,,
Canada,Q16,http://www.wikidata.org/entity/Q124342267,Q124342267,power plant,,
Canada,Q16,http://www.wikidata.org/entity/Q85747621,Blackspring Ridge Wind Project,power plant,,
Canada,Q16,http://www.wikidata.org/entity/Q85784801,Meikle Wind Farm,power plant,,
Canada,Q16,http://www.wikidata.org/entity/Q5306134,Drayton Valley Power,power plant,,
Canada,Q16,http://www.wikidata.org/entity/Q7054083,North Battleford Energy Centre,power plant,,
Canada,Q16,http://www.wikidata.org/entity/Q11961152,Q11961152,power plant,,
Canada,Q16,http://www.wikidata.org/entity/Q11962046,Q11962046,power plant,,
Canada,Q16,http://www.wikidata.org/entity/Q11962274,Q11962274,power plant,,
Canada,Q16,http://www.wikidata.org/entity/Q11962601,Q11962601,power plant,,
Canada,Q16,http://www.wikidata.org/entity/Q11963004,Q11963004,power plant,,
Canada,Q16,http://www.wikidata.org/entity/Q11964033,Q11964033,power plant,,
Canada,Q16,http://www.wikidata.org/entity/Q11964138,Q11964138,power plant,,
Canada,Q16,http://www.wikidata.org/entity/Q11964998,Q11964998,power plant,,
Canada,Q16,http://www.wikidata.org/entity/Q11972469,Q11972469,power plant,,
Canada,Q16,http://www.wikidata.org/entity/Q11977522,Q11977522,power plant,,
Canada,Q16,http://www.wikidata.org/entity/Q11977591,Q11977591,power plant,,
Canada,Q16,http://www.wikidata.org/entity/Q11977592,Q11977592,power plant,,
Canada,Q16,http://www.wikidata.org/entity/Q11980532,Q11980532,power plant,,
Canada,Q16,http://www.wikidata.org/entity/Q11989112,Q11989112,power plant,,
Canada,Q16,http://www.wikidata.org/entity/Q11992698,Q11992698,power plant,,
Canada,Q16,http://www.wikidata.org/entity/Q11997301,Q11997301,power plant,,
Canada,Q16,http://www.wikidata.org/entity/Q12010592,Q12010592,power plant,,
Canada,Q16,http://www.wikidata.org/entity/Q17750734,Q17750734,power plant,,
Canada,Q16,http://www.wikidata.org/entity/Q17772408,Q17772408,power plant,,
Canada,Q16,http://www.wikidata.org/entity/Q17776622,Q17776622,power plant,,
Canada,Q16,http://www.wikidata.org/entity/Q17778300,Q17778300,power plant,,
Canada,Q16,http://www.wikidata.org/entity/Q19377063,Q19377063,power plant,,
Canada,Q16,http://www.wikidata.org/entity/Q19380964,Q19380964,power plant,,
Canada,Q16,http://www.wikidata.org/entity/Q19381153,Q19381153,power plant,,
Canada,Q16,http://www.wikidata.org/entity/Q19388289,Q19388289,power plant,,
Canada,Q16,http://www.wikidata.org/entity/Q19389986,Q19389986,power plant,,
Canada,Q16,http://www.wikidata.org/entity/Q19393604,Q19393604,power plant,,
Canada,Q16,http://www.wikidata.org/entity/Q11971977,Gillam Island hydroelectric power station,power plant,,
Canada,Q16,http://www.wikidata.org/entity/Q24190878,Minto flywheel facility,power plant,,
Canada,Q16,http://www.wikidata.org/entity/Q28233488,Fort Saskatchewan Cogeneration Plant,power plant,,
Australia,Q408,http://www.wikidata.org/entity/Q125688488,WEST KALGOORLIE GT3,power plant,,
Australia,Q408,http://www.wikidata.org/entity/Q130397901,Barwon Wind Farm,power plant,,
Australia,Q408,http://www.wikidata.org/entity/Q129562261,Wheatbelt Solar Farm,power plant,,
Australia,Q408,http://www.wikidata.org/entity/Q97318157,Koolkhan Power Station,power plant,,
Australia,Q408,http://www.wikidata.org/entity/Q7880304,Ultimo Power Station,power plant,,
Australia,Q408,http://www.wikidata.org/entity/Q134256358,Spicers Creek Wind Farm,power plant,,
Australia,Q408,http://www.wikidata.org/entity/Q134305954,Liverpool Range Wind Farm,power plant,,
Australia,Q408,http://www.wikidata.org/entity/Q134306004,Hills of Gold Wind Farm,power plant,,
Australia,Q408,http://www.wikidata.org/entity/Q131429367,PHOENIX KWINANA WTE G1,power plant,,
Australia,Q408,http://www.wikidata.org/entity/Q133465073,BIOGAS01,power plant,,
Australia,Q408,http://www.wikidata.org/entity/Q133465183,Perth Energy ROCKINGHAM,power plant,,
Australia,Q408,http://www.wikidata.org/entity/Q133465202,South Cardup WA LFG,power plant,,
Australia,Q408,http://www.wikidata.org/entity/Q134196332,Yanco Delta,power plant,,
Australia,Q408,http://www.wikidata.org/entity/Q134210744,Pottinger Energy Park,power plant,,
Australia,Q408,http://www.wikidata.org/entity/Q134267834,Beekeepers Wind Farm,power plant,,
Australia,Q408,http://www.wikidata.org/entity/Q134927936,Alinta Wagerup BESS,power plant,,
Australia,Q408,http://www.wikidata.org/entity/Q134926942,Collie_ESR4,power plant,,
Australia,Q408,http://www.wikidata.org/entity/Q134927034,Collie_ESR5,power plant,,
Australia,Q408,http://www.wikidata.org/entity/Q66310560,Bluff Range wind farm,power plant,,
Australia,Q408,http://www.wikidata.org/entity/Q66310580,Brown Hill wind farm,power plant,,
Australia,Q408,http://www.wikidata.org/entity/Q66310576,Hallett Hill wind farm,power plant,,
Australia,Q408,http://www.wikidata.org/entity/Q66310569,North Brown Hill wind farm,power plant,,
Australia,Q408,http://www.wikidata.org/entity/Q73710880,Lake Bonney Battery Energy Storage System,power plant,,
Australia,Q408,http://www.wikidata.org/entity/Q133465214,Q133465214,power plant,,
Australia,Q408,http://www.wikidata.org/entity/Q30635537,Lower Wonga Solar Farm,power plant,,
Australia,Q408,http://www.wikidata.org/entity/Q133441420,Boddington Giga Energy,power plant,,
Australia,Q408,http://www.wikidata.org/entity/Q17011174,Lithgow power station,power plant,,
Australia,Q408,http://www.wikidata.org/entity/Q19384029,Augusta power stations,power plant,,
Australia,Q408,http://www.wikidata.org/entity/Q7958955,Waddamana Power Stations,power plant,,
Australia,Q408,http://www.wikidata.org/entity/Q132450913,Mount Majura Solar Farm,power plant,,
Australia,Q408,http://www.wikidata.org/entity/Q96397927,Owen Springs Power Station,power plant,,
Australia,Q408,http://www.wikidata.org/entity/Q110639880,Katherine Power Station,power plant,,
Australia,Q408,http://www.wikidata.org/entity/Q81895744,Ravensthorpe Power Station,power plant,,
Australia,Q408,http://www.wikidata.org/entity/Q81895741,Sunshine Power Station,power plant,,
Australia,Q408,http://www.wikidata.org/entity/Q125510400,Borumba Dam Pumped Hydro Power Station,power plant,,
Australia,Q408,http://www.wikidata.org/entity/Q65249416,Coral Bay Wind Diesel Power Station,power plant,,
Australia,Q408,http://www.wikidata.org/entity/Q65640391,Murray Hydroelectric Power Station,power plant,,
Australia,Q408,http://www.wikidata.org/entity/Q115152095,Somerset Dam Power Station,power plant,,
India,Q668,http://www.wikidata.org/entity/Q11999611,Q11999611,power plant,,
India,Q668,http://www.wikidata.org/entity/Q12000117,Q12000117,power plant,,
India,Q668,http://www.wikidata.org/entity/Q12005046,Q12005046,power plant,,
India,Q668,http://www.wikidata.org/entity/Q12006358,Q12006358,power plant,,
India,Q668,http://www.wikidata.org/entity/Q19380906,Q19380906,power plant,,
India,Q668,http://www.wikidata.org/entity/Q15991748,New Cossipore Thermal Power Station,power plant,,
India,Q668,http://www.wikidata.org/entity/Q16845776,Hussain Sagar Thermal Power Station,power plant,,
India,Q668,http://www.wikidata.org/entity/Q18111486,Dada Dhuniwale Thermal Power Plant,power plant,,
India,Q668,http://www.wikidata.org/entity/Q18126596,Karchana Thermal Power Station,power plant,,
India,Q668,http://www.wikidata.org/entity/Q18357740,VS Lignite Power Plant,power plant,,
India,Q668,http://www.wikidata.org/entity/Q11957104,Akaltara Ultra Mega Power Plant,power plant,,
India,Q668,http://www.wikidata.org/entity/Q111913613,Neyveli Solar Power Project,power plant,,
India,Q668,http://www.wikidata.org/entity/Q117848044,Haripur Nuclear Power Plant,power plant,,
India,Q668,http://www.wikidata.org/entity/Q118896139,Vankal Solar Park,power plant,,
India,Q668,http://www.wikidata.org/entity/Q3664609,Q3664609,power plant,,
India,Q668,http://www.wikidata.org/entity/Q11982002,Q11982002,power plant,,
India,Q668,http://www.wikidata.org/entity/Q97186310,Agartala GT CCPP,power plant,,
India,Q668,http://www.wikidata.org/entity/Q3664613,Kovvada Atomic Power Project,power plant,,
India,Q668,http://www.wikidata.org/entity/Q3664617,Mithi Virdi Nuclear Power Plant,power plant,,
India,Q668,http://www.wikidata.org/entity/Q17088295,Sakthan Thampuran Bio-Waste Treatment Plant,power plant,,
India,Q668,http://www.wikidata.org/entity/Q5031018,Canal Solar Power Project,power plant,,
India,Q668,http://www.wikidata.org/entity/Q28169313,Phalodi Solar Power Plant,power plant,,
India,Q668,http://www.wikidata.org/entity/Q28170117,Jalaun Solar Power Project,power plant,,
India,Q668,http://www.wikidata.org/entity/Q28170142,Mansa Solar Power Plant,power plant,,
India,Q668,http://www.wikidata.org/entity/Q28172395,Sambhar Ultra Mega Solar Power Project,power plant,,
India,Q668,http://www.wikidata.org/entity/Q11987998,Q11987998,power plant,,
India,Q668,http://www.wikidata.org/entity/Q12012014,Q12012014,power plant,,
India,Q668,http://www.wikidata.org/entity/Q17750345,Q17750345,power plant,,
India,Q668,http://www.wikidata.org/entity/Q97187723,Tripura Gas based CCPP,power plant,,
India,Q668,http://www.wikidata.org/entity/Q11994691,Pancheswar,power plant,,
India,Q668,http://www.wikidata.org/entity/Q15991692,Maithon Gas Turbine Station,power plant,,
India,Q668,http://www.wikidata.org/entity/Q15991744,Kasba Thermal Power Station,power plant,,
India,Q668,http://www.wikidata.org/entity/Q16894638,Essar Bhander Power Plant,power plant,,
India,Q668,http://www.wikidata.org/entity/Q24948453,Shahpurkandi dam project,power plant,,
India,Q668,http://www.wikidata.org/entity/Q28169379,Surguja Ultra Mega Power Project,power plant,,
India,Q668,http://www.wikidata.org/entity/Q28170120,Prayagraj Solar Power Plant,power plant,,
India,Q668,http://www.wikidata.org/entity/Q106931645,Dholera Solar Park,power plant,,
India,Q668,http://www.wikidata.org/entity/Q11959974,Badrinath Hydro Power Station,power plant,,
India,Q668,http://www.wikidata.org/entity/Q6375959,Kateri hydroelectric system,power plant,,
India,Q668,http://www.wikidata.org/entity/Q6755080,Maravakandy hydro-electric power house,power plant,,
India,Q668,http://www.wikidata.org/entity/Q7448362,Seli Hydro Electric Power Project,power plant,,
India,Q668,http://www.wikidata.org/entity/Q7509497,Sidrapong Hydel Power Station,power plant,,
India,Q668,http://www.wikidata.org/entity/Q131150338,Polavaram Dam,power plant,,
India,Q668,http://www.wikidata.org/entity/Q111031772,Q111031772,power plant,,
Brazil,Q155,http://www.wikidata.org/entity/Q119041233,Q119041233,power plant,,
Brazil,Q155,http://www.wikidata.org/entity/Q119186424,Termoceará Thermoelectric Plant,power plant,,
Brazil,Q155,http://www.wikidata.org/entity/Q119875452,Usina Termelétrica Jaguatirica II,power plant,,
Brazil,Q155,http://www.wikidata.org/entity/Q10345099,Q10345099,power plant,,
Brazil,Q155,http://www.wikidata.org/entity/Q10345105,Q10345105,power plant,,
Brazil,Q155,http://www.wikidata.org/entity/Q10345545,Q10345545,power plant,,
Brazil,Q155,http://www.wikidata.org/entity/Q10345548,Q10345548,power plant,,
Brazil,Q155,http://www.wikidata.org/entity/Q10350876,Q10350876,power plant,,
Brazil,Q155,http://www.wikidata.org/entity/Q10388467,Q10388467,power plant,,
Brazil,Q155,http://www.wikidata.org/entity/Q11960183,Q11960183,power plant,,
Brazil,Q155,http://www.wikidata.org/entity/Q11996073,Q11996073,power plant,,
Brazil,Q155,http://www.wikidata.org/entity/Q10293623,Parque Eólico de Taíba,power plant,,
Brazil,Q155,http://www.wikidata.org/entity/Q10345107,Paracuru wind farm,power plant,,
Brazil,Q155,http://www.wikidata.org/entity/Q10345547,Parque eólico de Palmas,power plant,,
Brazil,Q155,http://www.wikidata.org/entity/Q18469804,Q18469804,power plant,,
Brazil,Q155,http://www.wikidata.org/entity/Q28679652,Q28679652,power plant,,
Brazil,Q155,http://www.wikidata.org/entity/Q23795037,Complexo Eólico do Alto Sertão,power plant,,
Brazil,Q155,http://www.wikidata.org/entity/Q65174342,Q65174342,power plant,,
Brazil,Q155,http://www.wikidata.org/entity/Q65174344,Q65174344,power plant,,
Brazil,Q155,http://www.wikidata.org/entity/Q107428603,Oitis wind farm complex,power plant,,
Brazil,Q155,http://www.wikidata.org/entity/Q9068118,Q9068118,power plant,,
Brazil,Q155,http://www.wikidata.org/entity/Q10295903,Q10295903,power plant,,
Brazil,Q155,http://www.wikidata.org/entity/Q10348439,Q10348439,power plant,,
Brazil,Q155,http://www.wikidata.org/entity/Q10388347,Q10388347,power plant,,
Brazil,Q155,http://www.wikidata.org/entity/Q10388350,Q10388350,power plant,,
Brazil,Q155,http://www.wikidata.org/entity/Q10388352,Q10388352,power plant,,
Brazil,Q155,http://www.wikidata.org/entity/Q10388358,Q10388358,power plant,,
Brazil,Q155,http://www.wikidata.org/entity/Q10388366,Q10388366,power plant,,
Brazil,Q155,http://www.wikidata.org/entity/Q10388372,Q10388372,power plant,,
Brazil,Q155,http://www.wikidata.org/entity/Q10388381,Q10388381,power plant,,
Brazil,Q155,http://www.wikidata.org/entity/Q10388390,Q10388390,power plant,,
Brazil,Q155,http://www.wikidata.org/entity/Q10388388,Q10388388,power plant,,
Brazil,Q155,http://www.wikidata.org/entity/Q10388394,Q10388394,power plant,,
Brazil,Q155,http://www.wikidata.org/entity/Q10388392,Q10388392,power plant,,
Brazil,Q155,http://www.wikidata.org/entity/Q10388393,Q10388393,power plant,,
Brazil,Q155,http://www.wikidata.org/entity/Q10388430,Q10388430,power plant,,
Brazil,Q155,http://www.wikidata.org/entity/Q10388439,Q10388439,power plant,,
Brazil,Q155,http://www.wikidata.org/entity/Q10388445,Q10388445,power plant,,
Brazil,Q155,http://www.wikidata.org/entity/Q10388448,Q10388448,power plant,,
Brazil,Q155,http://www.wikidata.org/entity/Q10388415,Itapiranga Power Plant,power plant,,
Brazil,Q155,http://www.wikidata.org/entity/Q65174622,Q65174622,power plant,,
Brazil,Q155,http://www.wikidata.org/entity/Q65174620,Q65174620,power plant,,
Brazil,Q155,http://www.wikidata.org/entity/Q65174625,Q65174625,power plant,,
Brazil,Q155,http://www.wikidata.org/entity/Q65174631,Q65174631,power plant,,
Brazil,Q155,http://www.wikidata.org/entity/Q65174628,Q65174628,power plant,,
Brazil,Q155,http://www.wikidata.org/entity/Q65174633,Q65174633,power plant,,
Brazil,Q155,http://www.wikidata.org/entity/Q110496758,Usina do Carioca,power plant,,
Brazil,Q155,http://www.wikidata.org/entity/Q126500866,Q126500866,power plant,,
Brazil,Q155,http://www.wikidata.org/entity/Q126560029,Q126560029,power plant,,
Brazil,Q155,http://www.wikidata.org/entity/Q10388476,Q10388476,power plant,,
Brazil,Q155,http://www.wikidata.org/entity/Q18465415,Q18465415,power plant,,
Brazil,Q155,http://www.wikidata.org/entity/Q18469646,Q18469646,power plant,,
Brazil,Q155,http://www.wikidata.org/entity/Q18469677,Q18469677,power plant,,
Brazil,Q155,http://www.wikidata.org/entity/Q18469791,Q18469791,power plant,,
Brazil,Q155,http://www.wikidata.org/entity/Q20061065,Q20061065,power plant,,
Brazil,Q155,http://www.wikidata.org/entity/Q25448725,Q25448725,power plant,,
Brazil,Q155,http://www.wikidata.org/entity/Q30937329,Q30937329,power plant,,
Brazil,Q155,http://www.wikidata.org/entity/Q130493492,Itaipu Power Plant,power plant,,
Brazil,Q155,http://www.wikidata.org/entity/Q133842730,Guaporé Hydroelectric Plant,power plant,,
Brazil,Q155,http://www.wikidata.org/entity/Q133842735,Nova Guaporé Hydroelectric Plant,power plant,,
Brazil,Q155,http://www.wikidata.org/entity/Q133842762,Antônio Brennend Hydroelectric Plant,power plant,,
Brazil,Q155,http://www.wikidata.org/entity/Q133842772,Jauru hydroelectric plant,power plant,,
Brazil,Q155,http://www.wikidata.org/entity/Q133842796,Ombreiras hydroelectric plant,power plant,,
Brazil,Q155,http://www.wikidata.org/entity/Q133842833,Juba I Hydroelectric Plant,power plant,,
Brazil,Q155,http://www.wikidata.org/entity/Q133842856,Pampeana Hydroelectric Plant,power plant,,
Brazil,Q155,http://www.wikidata.org/entity/Q133842861,Cidezal hydroelectric plant,power plant,,
Brazil,Q155,http://www.wikidata.org/entity/Q133842868,Jesuita hydroelectric plant,power plant,,
Brazil,Q155,http://www.wikidata.org/entity/Q133842885,Juí 117 hydroelectric plant,power plant,,
Brazil,Q155,http://www.wikidata.org/entity/Q133842914,Segredo Hydroelectric Plant,power plant,,
Brazil,Q155,http://www.wikidata.org/entity/Q133842920,Ilha Comprida hydroelectric plant,power plant,,
Brazil,Q155,http://www.wikidata.org/entity/Q133842974,Bocaiúva hydroelectric power plant,power plant,,
Brazil,Q155,http://www.wikidata.org/entity/Q133842994,Garganta da Jararaca hydroelectric power plant,power plant,,
Brazil,Q155,http://www.wikidata.org/entity/Q133843002,Inxú hydroelectric power plant,power plant,,
Brazil,Q155,http://www.wikidata.org/entity/Q133843037,Baruíto Hydroelectric Power Plant,power plant,,
Brazil,Q155,http://www.wikidata.org/entity/Q107395014,Lagoa dos Ventos Wind Farm,power plant,,
Brazil,Q155,http://www.wikidata.org/entity/Q107404355,Rio do Vento Wind Farm,power plant,,
Brazil,Q155,http://www.wikidata.org/entity/Q107752174,Incinerador Vergueiro,power plant,,
Austria,Q40,http://www.wikidata.org/entity/Q2118211,Q2118211,power plant,,
Austria,Q40,http://www.wikidata.org/entity/Q1376792,Tauernkraftwerk,power plant,,
Austria,Q40,http://www.wikidata.org/entity/Q100320569,Small hydropower plant Saint Martin,power plant,,
Austria,Q40,http://www.wikidata.org/entity/Q17750831,Q17750831,power plant,,
Austria,Q40,http://www.wikidata.org/entity/Q100988974,Kraftwerksgruppe Zemm-Ziller,power plant,,
Finland,Q33,http://www.wikidata.org/entity/Q18660336,Q18660336,power plant,,
Finland,Q33,http://www.wikidata.org/entity/Q23040145,Q23040145,power plant,,
Finland,Q33,http://www.wikidata.org/entity/Q126042719,Q126042719,power plant,,
Finland,Q33,http://www.wikidata.org/entity/Q126042720,Q126042720,power plant,,
Finland,Q33,http://www.wikidata.org/entity/Q23040229,Q23040229,power plant,,
Finland,Q33,http://www.wikidata.org/entity/Q18662503,Kokkola wind farm,power plant,,
Finland,Q33,http://www.wikidata.org/entity/Q67173730,Vuosaari A,power plant,,
Finland,Q33,http://www.wikidata.org/entity/Q116926948,Q116926948,power plant,,
Finland,Q33,http://www.wikidata.org/entity/Q124957220,Q124957220,power plant,,
Finland,Q33,http://www.wikidata.org/entity/Q18662912,Myllytulli Power Plant,power plant,,
Finland,Q33,http://www.wikidata.org/entity/Q6034334,Power Station Museum,power plant,,
Finland,Q33,http://www.wikidata.org/entity/Q11981421,Q11981421,power plant,,
Finland,Q33,http://www.wikidata.org/entity/Q11982551,Q11982551,power plant,,
Finland,Q33,http://www.wikidata.org/entity/Q11982553,Q11982553,power plant,,
Finland,Q33,http://www.wikidata.org/entity/Q11991638,Q11991638,power plant,,
Finland,Q33,http://www.wikidata.org/entity/Q11991954,Q11991954,power plant,,
Finland,Q33,http://www.wikidata.org/entity/Q11996085,Q11996085,power plant,,
Finland,Q33,http://www.wikidata.org/entity/Q18659802,Q18659802,power plant,,
Finland,Q33,http://www.wikidata.org/entity/Q18659807,Q18659807,power plant,,
Finland,Q33,http://www.wikidata.org/entity/Q18660890,Q18660890,power plant,,
Finland,Q33,http://www.wikidata.org/entity/Q18660930,Q18660930,power plant,,
Finland,Q33,http://www.wikidata.org/entity/Q18663139,Q18663139,power plant,,
Finland,Q33,http://www.wikidata.org/entity/Q18682007,Q18682007,power plant,,
Finland,Q33,http://www.wikidata.org/entity/Q18759986,Q18759986,power plant,,
Finland,Q33,http://www.wikidata.org/entity/Q18760312,Q18760312,power plant,,
Finland,Q33,http://www.wikidata.org/entity/Q19310391,Q19310391,power plant,,
Finland,Q33,http://www.wikidata.org/entity/Q21405461,Q21405461,power plant,,
Finland,Q33,http://www.wikidata.org/entity/Q21405471,Q21405471,power plant,,
Finland,Q33,http://www.wikidata.org/entity/Q21405473,Q21405473,power plant,,
Finland,Q33,http://www.wikidata.org/entity/Q23040297,Q23040297,power plant,,
Finland,Q33,http://www.wikidata.org/entity/Q31088282,Q31088282,power plant,,
Finland,Q33,http://www.wikidata.org/entity/Q18659562,Juntolankoski,power plant,,
Finland,Q33,http://www.wikidata.org/entity/Q18691379,Puhos Power Plant,power plant,,
Finland,Q33,http://www.wikidata.org/entity/Q19388106,Seinäjoki power plant,power plant,,
Finland,Q33,http://www.wikidata.org/entity/Q5494085,Vaskiluoto 1 power plant,power plant,,
Finland,Q33,http://www.wikidata.org/entity/Q11900620,Vaskiluoto 3 power plant,power plant,,
Finland,Q33,http://www.wikidata.org/entity/Q11900621,Vaskiluoto 2 power plant,power plant,,
Finland,Q33,http://www.wikidata.org/entity/Q67173736,Q67173736,power plant,,
Finland,Q33,http://www.wikidata.org/entity/Q97341324,Q97341324,power plant,,
Finland,Q33,http://www.wikidata.org/entity/Q5475334,Q5475334,power plant,,
Finland,Q33,http://www.wikidata.org/entity/Q11894096,Q11894096,power plant,,
Finland,Q33,http://www.wikidata.org/entity/Q19377064,Q19377064,power plant,,
Finland,Q33,http://www.wikidata.org/entity/Q19381161,Q19381161,power plant,,
Finland,Q33,http://www.wikidata.org/entity/Q19385865,Q19385865,power plant,,
Finland,Q33,http://www.wikidata.org/entity/Q19387009,Q19387009,power plant,,
Finland,Q33,http://www.wikidata.org/entity/Q20736857,Q20736857,power plant,,
Finland,Q33,http://www.wikidata.org/entity/Q20737042,Q20737042,power plant,,
Finland,Q33,http://www.wikidata.org/entity/Q20962129,Q20962129,power plant,,
Finland,Q33,http://www.wikidata.org/entity/Q22681571,Q22681571,power plant,,
Finland,Q33,http://www.wikidata.org/entity/Q22681739,Q22681739,power plant,,
Finland,Q33,http://www.wikidata.org/entity/Q23040368,Q23040368,power plant,,
Finland,Q33,http://www.wikidata.org/entity/Q97203349,Kuhankoski power plant,power plant,,
Finland,Q33,http://www.wikidata.org/entity/Q25452515,Q25452515,power plant,,
Finland,Q33,http://www.wikidata.org/entity/Q27069738,Q27069738,power plant,,
Finland,Q33,http://www.wikidata.org/entity/Q41776578,Q41776578,power plant,,
Finland,Q33,http://www.wikidata.org/entity/Q65238011,Q65238011,power plant,,
Finland,Q33,http://www.wikidata.org/entity/Q97204183,Q97204183,power plant,,
Finland,Q33,http://www.wikidata.org/entity/Q116926950,Q116926950,power plant,,
Finland,Q33,http://www.wikidata.org/entity/Q125830577,Q125830577,power plant,,
Italy,Q38,http://www.wikidata.org/entity/Q110937244,Q110937244,power plant,,
Italy,Q38,http://www.wikidata.org/entity/Q24053015,Thermal power station Regina Margherita,power plant,,
Italy,Q38,http://www.wikidata.org/entity/Q7232212,Portoscuso Wind Farm,power plant,,
Italy,Q38,http://www.wikidata.org/entity/Q3664543,Q3664543,power plant,,
Italy,Q38,http://www.wikidata.org/entity/Q3664546,Q3664546,power plant,,
Italy,Q38,http://www.wikidata.org/entity/Q3664551,Q3664551,power plant,,
Italy,Q38,http://www.wikidata.org/entity/Q3664562,Q3664562,power plant,,
Italy,Q38,http://www.wikidata.org/entity/Q3664575,Q3664575,power plant,,
Italy,Q38,http://www.wikidata.org/entity/Q3664573,Q3664573,power plant,,
Italy,Q38,http://www.wikidata.org/entity/Q3664577,Q3664577,power plant,,
Italy,Q38,http://www.wikidata.org/entity/Q3664584,Q3664584,power plant,,
Italy,Q38,http://www.wikidata.org/entity/Q3664590,Q3664590,power plant,,
Italy,Q38,http://www.wikidata.org/entity/Q3664588,Q3664588,power plant,,
Italy,Q38,http://www.wikidata.org/entity/Q3664596,Q3664596,power plant,,
Italy,Q38,http://www.wikidata.org/entity/Q3664605,Q3664605,power plant,,
Italy,Q38,http://www.wikidata.org/entity/Q3664550,Aymavilles power plant,power plant,,
Italy,Q38,http://www.wikidata.org/entity/Q3664572,centrale idroelettrica di Isollaz,power plant,,
Italy,Q38,http://www.wikidata.org/entity/Q3664594,Centrale idroelettrica di San Mauro Torinese,power plant,,
Italy,Q38,http://www.wikidata.org/entity/Q3664569,hydroelectric power station of Gressoney,power plant,,
Italy,Q38,http://www.wikidata.org/entity/Q3664574,Issime power plan,power plant,,
Italy,Q38,http://www.wikidata.org/entity/Q11963002,Q11963002,power plant,,
Italy,Q38,http://www.wikidata.org/entity/Q19381523,Q19381523,power plant,,
Italy,Q38,http://www.wikidata.org/entity/Q11989857,Monfalcone power plant,power plant,,
Italy,Q38,http://www.wikidata.org/entity/Q56404458,Galleto hydroelectric power station,power plant,,
Italy,Q38,http://www.wikidata.org/entity/Q58188365,Centrale Malga Mare,power plant,,
Italy,Q38,http://www.wikidata.org/entity/Q134577450,Q134577450,power plant,,
Italy,Q38,http://www.wikidata.org/entity/Q116763989,Q116763989,power plant,,
Italy,Q38,http://www.wikidata.org/entity/Q116763992,Q116763992,power plant,,
Italy,Q38,http://www.wikidata.org/entity/Q120752859,Forze Idrauliche dell'Appennino Centrale,power plant,,
Vietnam,Q881,http://www.wikidata.org/entity/Q30919639,Q30919639,power plant,,
Vietnam,Q881,http://www.wikidata.org/entity/Q30919659,Q30919659,power plant,,
Vietnam,Q881,http://www.wikidata.org/entity/Q30919698,Q30919698,power plant,,
Vietnam,Q881,http://www.wikidata.org/entity/Q30919703,Q30919703,power plant,,
Vietnam,Q881,http://www.wikidata.org/entity/Q30919706,Q30919706,power plant,,
Vietnam,Q881,http://www.wikidata.org/entity/Q30919713,Q30919713,power plant,,
Vietnam,Q881,http://www.wikidata.org/entity/Q30919718,Q30919718,power plant,,
Vietnam,Q881,http://www.wikidata.org/entity/Q30919719,Q30919719,power plant,,
Vietnam,Q881,http://www.wikidata.org/entity/Q30919726,Q30919726,power plant,,
Vietnam,Q881,http://www.wikidata.org/entity/Q30919729,Q30919729,power plant,,
Vietnam,Q881,http://www.wikidata.org/entity/Q30920179,Q30920179,power plant,,
Vietnam,Q881,http://www.wikidata.org/entity/Q30920290,Q30920290,power plant,,
Vietnam,Q881,http://www.wikidata.org/entity/Q30920295,Q30920295,power plant,,
Vietnam,Q881,http://www.wikidata.org/entity/Q30920347,Q30920347,power plant,,
Vietnam,Q881,http://www.wikidata.org/entity/Q30920359,Q30920359,power plant,,
Vietnam,Q881,http://www.wikidata.org/entity/Q30920382,Q30920382,power plant,,
Vietnam,Q881,http://www.wikidata.org/entity/Q30920383,Q30920383,power plant,,
Vietnam,Q881,http://www.wikidata.org/entity/Q30920386,Q30920386,power plant,,
Vietnam,Q881,http://www.wikidata.org/entity/Q30920403,Q30920403,power plant,,
Vietnam,Q881,http://www.wikidata.org/entity/Q30920416,Q30920416,power plant,,
Vietnam,Q881,http://www.wikidata.org/entity/Q30920447,Q30920447,power plant,,
Vietnam,Q881,http://www.wikidata.org/entity/Q30920455,Q30920455,power plant,,
Vietnam,Q881,http://www.wikidata.org/entity/Q30920453,Q30920453,power plant,,
Vietnam,Q881,http://www.wikidata.org/entity/Q30920459,Q30920459,power plant,,
Vietnam,Q881,http://www.wikidata.org/entity/Q30920460,Q30920460,power plant,,
Vietnam,Q881,http://www.wikidata.org/entity/Q30920464,Q30920464,power plant,,
Vietnam,Q881,http://www.wikidata.org/entity/Q30920468,Q30920468,power plant,,
Vietnam,Q881,http://www.wikidata.org/entity/Q30920502,Q30920502,power plant,,
Vietnam,Q881,http://www.wikidata.org/entity/Q30920501,Q30920501,power plant,,
Vietnam,Q881,http://www.wikidata.org/entity/Q30920507,Q30920507,power plant,,
Vietnam,Q881,http://www.wikidata.org/entity/Q30920518,Q30920518,power plant,,
Vietnam,Q881,http://www.wikidata.org/entity/Q30920523,Q30920523,power plant,,
Vietnam,Q881,http://www.wikidata.org/entity/Q30920536,Q30920536,power plant,,
Vietnam,Q881,http://www.wikidata.org/entity/Q30920717,Q30920717,power plant,,
Vietnam,Q881,http://www.wikidata.org/entity/Q30920772,Q30920772,power plant,,
Vietnam,Q881,http://www.wikidata.org/entity/Q30920773,Q30920773,power plant,,
Vietnam,Q881,http://www.wikidata.org/entity/Q30920785,Q30920785,power plant,,
Vietnam,Q881,http://www.wikidata.org/entity/Q30920873,Q30920873,power plant,,
Vietnam,Q881,http://www.wikidata.org/entity/Q30920913,Q30920913,power plant,,
Vietnam,Q881,http://www.wikidata.org/entity/Q30923402,Q30923402,power plant,,
Vietnam,Q881,http://www.wikidata.org/entity/Q49055448,Q49055448,power plant,,
Vietnam,Q881,http://www.wikidata.org/entity/Q49055459,Q49055459,power plant,,
Vietnam,Q881,http://www.wikidata.org/entity/Q61128133,Q61128133,power plant,,
Vietnam,Q881,http://www.wikidata.org/entity/Q61128137,Q61128137,power plant,,
Vietnam,Q881,http://www.wikidata.org/entity/Q61128219,Q61128219,power plant,,
Vietnam,Q881,http://www.wikidata.org/entity/Q61128225,Q61128225,power plant,,
Vietnam,Q881,http://www.wikidata.org/entity/Q61129047,Q61129047,power plant,,
Vietnam,Q881,http://www.wikidata.org/entity/Q61129044,Q61129044,power plant,,
Vietnam,Q881,http://www.wikidata.org/entity/Q61129090,Q61129090,power plant,,
Vietnam,Q881,http://www.wikidata.org/entity/Q61129095,Q61129095,power plant,,
Vietnam,Q881,http://www.wikidata.org/entity/Q61129099,Q61129099,power plant,,
Vietnam,Q881,http://www.wikidata.org/entity/Q61129101,Q61129101,power plant,,
Vietnam,Q881,http://www.wikidata.org/entity/Q61129122,Q61129122,power plant,,
Vietnam,Q881,http://www.wikidata.org/entity/Q61129371,Q61129371,power plant,,
Vietnam,Q881,http://www.wikidata.org/entity/Q61129408,Q61129408,power plant,,
Vietnam,Q881,http://www.wikidata.org/entity/Q61129423,Q61129423,power plant,,
Vietnam,Q881,http://www.wikidata.org/entity/Q61129429,Q61129429,power plant,,
Vietnam,Q881,http://www.wikidata.org/entity/Q61129444,Q61129444,power plant,,
Vietnam,Q881,http://www.wikidata.org/entity/Q61129493,Q61129493,power plant,,
Vietnam,Q881,http://www.wikidata.org/entity/Q61129500,Q61129500,power plant,,
Vietnam,Q881,http://www.wikidata.org/entity/Q61130509,Q61130509,power plant,,
Vietnam,Q881,http://www.wikidata.org/entity/Q61130572,Q61130572,power plant,,
Vietnam,Q881,http://www.wikidata.org/entity/Q61131385,Q61131385,power plant,,
Vietnam,Q881,http://www.wikidata.org/entity/Q61131404,Q61131404,power plant,,
Vietnam,Q881,http://www.wikidata.org/entity/Q61131424,Q61131424,power plant,,
Vietnam,Q881,http://www.wikidata.org/entity/Q61131590,Q61131590,power plant,,
Vietnam,Q881,http://www.wikidata.org/entity/Q61131596,Q61131596,power plant,,
Vietnam,Q881,http://www.wikidata.org/entity/Q61131603,Q61131603,power plant,,
Vietnam,Q881,http://www.wikidata.org/entity/Q61132463,Q61132463,power plant,,
Vietnam,Q881,http://www.wikidata.org/entity/Q61132460,Q61132460,power plant,,
Vietnam,Q881,http://www.wikidata.org/entity/Q61132525,Q61132525,power plant,,
Vietnam,Q881,http://www.wikidata.org/entity/Q61132543,Q61132543,power plant,,
Vietnam,Q881,http://www.wikidata.org/entity/Q61132544,Q61132544,power plant,,
Vietnam,Q881,http://www.wikidata.org/entity/Q61132549,Q61132549,power plant,,
Vietnam,Q881,http://www.wikidata.org/entity/Q61132554,Q61132554,power plant,,
Vietnam,Q881,http://www.wikidata.org/entity/Q61132570,Q61132570,power plant,,
Vietnam,Q881,http://www.wikidata.org/entity/Q61132572,Q61132572,power plant,,
Vietnam,Q881,http://www.wikidata.org/entity/Q61132582,Q61132582,power plant,,
Vietnam,Q881,http://www.wikidata.org/entity/Q61132607,Q61132607,power plant,,
Vietnam,Q881,http://www.wikidata.org/entity/Q65162178,Q65162178,power plant,,
Vietnam,Q881,http://www.wikidata.org/entity/Q65162181,Q65162181,power plant,,
Vietnam,Q881,http://www.wikidata.org/entity/Q65175276,Q65175276,power plant,,
Vietnam,Q881,http://www.wikidata.org/entity/Q86012207,Q86012207,power plant,,
Vietnam,Q881,http://www.wikidata.org/entity/Q86012204,Q86012204,power plant,,
Vietnam,Q881,http://www.wikidata.org/entity/Q86012205,Q86012205,power plant,,
Vietnam,Q881,http://www.wikidata.org/entity/Q86012209,Q86012209,power plant,,
Vietnam,Q881,http://www.wikidata.org/entity/Q86012215,Q86012215,power plant,,
Vietnam,Q881,http://www.wikidata.org/entity/Q86012212,Q86012212,power plant,,
Vietnam,Q881,http://www.wikidata.org/entity/Q97161432,Q97161432,power plant,,
Vietnam,Q881,http://www.wikidata.org/entity/Q97161442,Q97161442,power plant,,
Vietnam,Q881,http://www.wikidata.org/entity/Q97161448,Q97161448,power plant,,
Vietnam,Q881,http://www.wikidata.org/entity/Q97161462,Q97161462,power plant,,
Vietnam,Q881,http://www.wikidata.org/entity/Q97164497,Q97164497,power plant,,
Vietnam,Q881,http://www.wikidata.org/entity/Q97164506,Q97164506,power plant,,
Vietnam,Q881,http://www.wikidata.org/entity/Q97164521,Q97164521,power plant,,
Vietnam,Q881,http://www.wikidata.org/entity/Q97164530,Q97164530,power plant,,
Vietnam,Q881,http://www.wikidata.org/entity/Q97164537,Q97164537,power plant,,
Vietnam,Q881,http://www.wikidata.org/entity/Q97164550,Q97164550,power plant,,
Vietnam,Q881,http://www.wikidata.org/entity/Q97166232,Q97166232,power plant,,
Vietnam,Q881,http://www.wikidata.org/entity/Q97166243,Q97166243,power plant,,
Vietnam,Q881,http://www.wikidata.org/entity/Q97167376,Q97167376,power plant,,
Vietnam,Q881,http://www.wikidata.org/entity/Q97273560,Q97273560,power plant,,
Vietnam,Q881,http://www.wikidata.org/entity/Q97273567,Q97273567,power plant,,
Vietnam,Q881,http://www.wikidata.org/entity/Q97273573,Q97273573,power plant,,
Vietnam,Q881,http://www.wikidata.org/entity/Q109429741,Q109429741,power plant,,
Vietnam,Q881,http://www.wikidata.org/entity/Q109429771,Q109429771,power plant,,
Vietnam,Q881,http://www.wikidata.org/entity/Q109430199,Q109430199,power plant,,
Vietnam,Q881,http://www.wikidata.org/entity/Q109430205,Q109430205,power plant,,
Vietnam,Q881,http://www.wikidata.org/entity/Q109433999,Q109433999,power plant,,
Vietnam,Q881,http://www.wikidata.org/entity/Q109439469,Q109439469,power plant,,
Vietnam,Q881,http://www.wikidata.org/entity/Q109440948,Q109440948,power plant,,
Vietnam,Q881,http://www.wikidata.org/entity/Q109441168,Q109441168,power plant,,
Vietnam,Q881,http://www.wikidata.org/entity/Q109441182,Q109441182,power plant,,
Vietnam,Q881,http://www.wikidata.org/entity/Q85850923,LIG Quang Tri,power plant,,
Vietnam,Q881,http://www.wikidata.org/entity/Q49055465,Q49055465,power plant,,
Vietnam,Q881,http://www.wikidata.org/entity/Q49055540,Q49055540,power plant,,
Vietnam,Q881,http://www.wikidata.org/entity/Q49055552,Q49055552,power plant,,
Vietnam,Q881,http://www.wikidata.org/entity/Q49056190,Q49056190,power plant,,
Vietnam,Q881,http://www.wikidata.org/entity/Q49056201,Q49056201,power plant,,
Vietnam,Q881,http://www.wikidata.org/entity/Q49056237,Q49056237,power plant,,
Vietnam,Q881,http://www.wikidata.org/entity/Q49056250,Q49056250,power plant,,
Vietnam,Q881,http://www.wikidata.org/entity/Q49056255,Q49056255,power plant,,
Vietnam,Q881,http://www.wikidata.org/entity/Q49056263,Q49056263,power plant,,
Vietnam,Q881,http://www.wikidata.org/entity/Q49056264,Q49056264,power plant,,
Vietnam,Q881,http://www.wikidata.org/entity/Q49056269,Q49056269,power plant,,
Vietnam,Q881,http://www.wikidata.org/entity/Q49056282,Q49056282,power plant,,
Vietnam,Q881,http://www.wikidata.org/entity/Q65172383,Q65172383,power plant,,
Sweden,Q34,http://www.wikidata.org/entity/Q10437064,Q10437064,power plant,,
Sweden,Q34,http://www.wikidata.org/entity/Q11959776,Avesta Storfors kraftverk,power plant,,
Sweden,Q34,http://www.wikidata.org/entity/Q118255910,Uppsala Stads Elektricitetsverk,power plant,,
Sweden,Q34,http://www.wikidata.org/entity/Q11959174,Västerås Kraftvärmeverk,power plant,,
Sweden,Q34,http://www.wikidata.org/entity/Q10435653,Q10435653,power plant,,
Sweden,Q34,http://www.wikidata.org/entity/Q10715721,Q10715721,power plant,,
Sweden,Q34,http://www.wikidata.org/entity/Q11982617,Q11982617,power plant,,
Sweden,Q34,http://www.wikidata.org/entity/Q17748609,Q17748609,power plant,,
Sweden,Q34,http://www.wikidata.org/entity/Q19378265,Q19378265,power plant,,
Sweden,Q34,http://www.wikidata.org/entity/Q19382183,Q19382183,power plant,,
Sweden,Q34,http://www.wikidata.org/entity/Q19386186,Q19386186,power plant,,
Sweden,Q34,http://www.wikidata.org/entity/Q19392828,Q19392828,power plant,,
Sweden,Q34,http://www.wikidata.org/entity/Q26256980,Q26256980,power plant,,
Sweden,Q34,http://www.wikidata.org/entity/Q31871324,Q31871324,power plant,,
Sweden,Q34,http://www.wikidata.org/entity/Q31899155,Q31899155,power plant,,
Sweden,Q34,http://www.wikidata.org/entity/Q18288495,Djursholms elektricitetsverk,power plant,,
Sweden,Q34,http://www.wikidata.org/entity/Q5904058,Hornberg Wind Farm,power plant,,
Sweden,Q34,http://www.wikidata.org/entity/Q49097405,Q49097405,power plant,,
Sweden,Q34,http://www.wikidata.org/entity/Q49097471,Q49097471,power plant,,
Sweden,Q34,http://www.wikidata.org/entity/Q49097469,Q49097469,power plant,,
Sweden,Q34,http://www.wikidata.org/entity/Q78847542,Q78847542,power plant,,
Sweden,Q34,http://www.wikidata.org/entity/Q49097414,Ålsätra kraftstation,power plant,,
Sweden,Q34,http://www.wikidata.org/entity/Q49098589,Laforsen Hydroelectric Power Plant,power plant,,
Sweden,Q34,http://www.wikidata.org/entity/Q108578206,Q108578206,power plant,,
Sweden,Q34,http://www.wikidata.org/entity/Q122758898,Q122758898,power plant,,
Sweden,Q34,http://www.wikidata.org/entity/Q122759000,Q122759000,power plant,,
Sweden,Q34,http://www.wikidata.org/entity/Q122759092,Q122759092,power plant,,
Sweden,Q34,http://www.wikidata.org/entity/Q122759172,Q122759172,power plant,,
Sweden,Q34,http://www.wikidata.org/entity/Q122762942,Q122762942,power plant,,
Sweden,Q34,http://www.wikidata.org/entity/Q122763241,Q122763241,power plant,,
Sweden,Q34,http://www.wikidata.org/entity/Q122763441,Q122763441,power plant,,
Sweden,Q34,http://www.wikidata.org/entity/Q122764975,Q122764975,power plant,,
Sweden,Q34,http://www.wikidata.org/entity/Q122765108,Q122765108,power plant,,
Sweden,Q34,http://www.wikidata.org/entity/Q122765306,Q122765306,power plant,,
Sweden,Q34,http://www.wikidata.org/entity/Q122765603,Q122765603,power plant,,
Sweden,Q34,http://www.wikidata.org/entity/Q122765647,Q122765647,power plant,,
Sweden,Q34,http://www.wikidata.org/entity/Q122765692,Q122765692,power plant,,
Sweden,Q34,http://www.wikidata.org/entity/Q122780440,Q122780440,power plant,,
Sweden,Q34,http://www.wikidata.org/entity/Q122781179,Q122781179,power plant,,
Sweden,Q34,http://www.wikidata.org/entity/Q122781206,Q122781206,power plant,,
Sweden,Q34,http://www.wikidata.org/entity/Q122781598,Q122781598,power plant,,
Sweden,Q34,http://www.wikidata.org/entity/Q123374920,Q123374920,power plant,,
Sweden,Q34,http://www.wikidata.org/entity/Q123862669,Q123862669,power plant,,
Sweden,Q34,http://www.wikidata.org/entity/Q56301362,Q56301362,power plant,,
Sweden,Q34,http://www.wikidata.org/entity/Q108981356,Q108981356,power plant,,
Switzerland,Q39,http://www.wikidata.org/entity/Q120790836,Neuchâtel gas turbine,power plant,,
Switzerland,Q39,http://www.wikidata.org/entity/Q85786866,Mubisa power station,power plant,,
Switzerland,Q39,http://www.wikidata.org/entity/Q19384289,Q19384289,power plant,,
Switzerland,Q39,http://www.wikidata.org/entity/Q1371993,Etzelwerk,power plant,,
Switzerland,Q39,http://www.wikidata.org/entity/Q11977332,Innertkirchen Power Plant,power plant,,
Switzerland,Q39,http://www.wikidata.org/entity/Q121544838,Q121544838,power plant,,
Switzerland,Q39,http://www.wikidata.org/entity/Q122803202,Q122803202,power plant,,
Japan,Q17,http://www.wikidata.org/entity/Q11573334,Q11573334,power plant,,
Japan,Q17,http://www.wikidata.org/entity/Q11226757,Marifu Refinery,power plant,,
Japan,Q17,http://www.wikidata.org/entity/Q11226751,Negishi Yokohama Refinery,power plant,,
Japan,Q17,http://www.wikidata.org/entity/Q132319518,Ashihama nuclear power plant,power plant,,
Japan,Q17,http://www.wikidata.org/entity/Q60985637,Minamihayakita Power Station,power plant,,
Japan,Q17,http://www.wikidata.org/entity/Q11488821,Q11488821,power plant,,
Japan,Q17,http://www.wikidata.org/entity/Q11501422,Q11501422,power plant,,
Japan,Q17,http://www.wikidata.org/entity/Q11551245,Q11551245,power plant,,
Japan,Q17,http://www.wikidata.org/entity/Q11598414,Q11598414,power plant,,
Japan,Q17,http://www.wikidata.org/entity/Q11615174,Q11615174,power plant,,
Japan,Q17,http://www.wikidata.org/entity/Q11620640,Q11620640,power plant,,
Japan,Q17,http://www.wikidata.org/entity/Q11642086,Q11642086,power plant,,
Japan,Q17,http://www.wikidata.org/entity/Q11652303,Q11652303,power plant,,
Japan,Q17,http://www.wikidata.org/entity/Q17210775,Q17210775,power plant,,
Japan,Q17,http://www.wikidata.org/entity/Q17988203,Q17988203,power plant,,
Japan,Q17,http://www.wikidata.org/entity/Q11611905,Noshiro Wind Farm,power plant,,
Japan,Q17,http://www.wikidata.org/entity/Q51722121,Buzen Substation  Battery Storage System,power plant,,
Japan,Q17,http://www.wikidata.org/entity/Q124709156,Q124709156,power plant,,
Japan,Q17,http://www.wikidata.org/entity/Q11225731,JFE Chiba Clean Power Station,power plant,,
Japan,Q17,http://www.wikidata.org/entity/Q11305139,Summit Mihama Power,power plant,,
Japan,Q17,http://www.wikidata.org/entity/Q11336773,Zero Watt Power Ichihara Power Station,power plant,,
Japan,Q17,http://www.wikidata.org/entity/Q11364080,Funamachi Power Plant,power plant,,
Japan,Q17,http://www.wikidata.org/entity/Q11449450,Uji Energy Center,power plant,,
Japan,Q17,http://www.wikidata.org/entity/Q11480021,Ichihara Power,power plant,,
Japan,Q17,http://www.wikidata.org/entity/Q11496836,Ohgishima Power,power plant,,
Japan,Q17,http://www.wikidata.org/entity/Q11498545,Settsu Energy Center,power plant,,
Japan,Q17,http://www.wikidata.org/entity/Q11506612,Japan Techno Sodegaura Green Power,power plant,,
Japan,Q17,http://www.wikidata.org/entity/Q11543510,Yokosuka Power Station,power plant,,
Japan,Q17,http://www.wikidata.org/entity/Q11554736,Senboku Natural Gas Power Generation,power plant,,
Japan,Q17,http://www.wikidata.org/entity/Q11609172,Zero Watt Power Mihama Power Station,power plant,,
Japan,Q17,http://www.wikidata.org/entity/Q11643941,Torishima Energy Center,power plant,,
Japan,Q17,http://www.wikidata.org/entity/Q11677103,South Kashima Power Plant,power plant,,
Japan,Q17,http://www.wikidata.org/entity/Q59326230,Tatsumi Battery Energy Storage System,power plant,,
Japan,Q17,http://www.wikidata.org/entity/Q105905467,Q105905467,power plant,,
Japan,Q17,http://www.wikidata.org/entity/Q65064841,Setouchi Kirei Mega Solar Power Plant,power plant,,
Japan,Q17,http://www.wikidata.org/entity/Q109599476,Q109599476,power plant,,
Japan,Q17,http://www.wikidata.org/entity/Q110656240,Q110656240,power plant,,
Japan,Q17,http://www.wikidata.org/entity/Q130744656,Q130744656,power plant,,
Japan,Q17,http://www.wikidata.org/entity/Q118129377,Shōbugahama Power Station,power plant,,
Japan,Q17,http://www.wikidata.org/entity/Q11334153,Q11334153,power plant,,
Japan,Q17,http://www.wikidata.org/entity/Q11355127,Q11355127,power plant,,
Japan,Q17,http://www.wikidata.org/entity/Q11357711,Q11357711,power plant,,
Japan,Q17,http://www.wikidata.org/entity/Q11428112,Q11428112,power plant,,
Japan,Q17,http://www.wikidata.org/entity/Q11430657,Q11430657,power plant,,
Japan,Q17,http://www.wikidata.org/entity/Q11465005,Q11465005,power plant,,
Japan,Q17,http://www.wikidata.org/entity/Q11465010,Q11465010,power plant,,
Japan,Q17,http://www.wikidata.org/entity/Q11503609,Q11503609,power plant,,
Japan,Q17,http://www.wikidata.org/entity/Q11510076,Q11510076,power plant,,
Japan,Q17,http://www.wikidata.org/entity/Q17218989,Q17218989,power plant,,
Japan,Q17,http://www.wikidata.org/entity/Q17223804,Q17223804,power plant,,
Japan,Q17,http://www.wikidata.org/entity/Q17229953,Q17229953,power plant,,
Japan,Q17,http://www.wikidata.org/entity/Q18337522,Q18337522,power plant,,
Japan,Q17,http://www.wikidata.org/entity/Q19398519,Q19398519,power plant,,
Japan,Q17,http://www.wikidata.org/entity/Q22118783,Q22118783,power plant,,
Japan,Q17,http://www.wikidata.org/entity/Q22119879,Q22119879,power plant,,
Japan,Q17,http://www.wikidata.org/entity/Q22120063,Q22120063,power plant,,
Japan,Q17,http://www.wikidata.org/entity/Q11441559,Osaka Power Station,power plant,,
Japan,Q17,http://www.wikidata.org/entity/Q11503880,Shin-Tanegashima Power Station,power plant,,
Japan,Q17,http://www.wikidata.org/entity/Q11514159,Shōwa Denryoku,power plant,,
Japan,Q17,http://www.wikidata.org/entity/Q24871950,Q24871950,power plant,,
Japan,Q17,http://www.wikidata.org/entity/Q11592020,Fukuyama solar power station,power plant,,
Japan,Q17,http://www.wikidata.org/entity/Q38276268,Q38276268,power plant,,
Japan,Q17,http://www.wikidata.org/entity/Q16892660,Ukujima Mega Solar Plant,power plant,,
Japan,Q17,http://www.wikidata.org/entity/Q17193619,Iyotetsu Tōon Solar Power Station,power plant,,
Japan,Q17,http://www.wikidata.org/entity/Q48744648,Q48744648,power plant,,
Japan,Q17,http://www.wikidata.org/entity/Q85877859,Q85877859,power plant,,
Japan,Q17,http://www.wikidata.org/entity/Q97342208,Q97342208,power plant,,
Japan,Q17,http://www.wikidata.org/entity/Q11305137,Q11305137,power plant,,
Japan,Q17,http://www.wikidata.org/entity/Q11429503,Q11429503,power plant,,
Japan,Q17,http://www.wikidata.org/entity/Q11501959,Q11501959,power plant,,
Japan,Q17,http://www.wikidata.org/entity/Q11501956,Q11501956,power plant,,
Japan,Q17,http://www.wikidata.org/entity/Q11529904,Q11529904,power plant,,
Japan,Q17,http://www.wikidata.org/entity/Q11565159,Q11565159,power plant,,
Japan,Q17,http://www.wikidata.org/entity/Q11603460,Q11603460,power plant,,
Japan,Q17,http://www.wikidata.org/entity/Q11345936,UBI Power Center,power plant,,
Japan,Q17,http://www.wikidata.org/entity/Q11423043,Tosa Power Plant,power plant,,
Japan,Q17,http://www.wikidata.org/entity/Q85883643,Nishikatsuhara 1 hydro power station,power plant,,
Japan,Q17,http://www.wikidata.org/entity/Q11576286,Q11576286,power plant,,
Japan,Q17,http://www.wikidata.org/entity/Q11646192,Q11646192,power plant,,
Japan,Q17,http://www.wikidata.org/entity/Q97163111,Q97163111,power plant,,
Japan,Q17,http://www.wikidata.org/entity/Q97312200,Q97312200,power plant,,
Japan,Q17,http://www.wikidata.org/entity/Q56348999,Nishikatsuhara 2 hydro power station,power plant,,
Japan,Q17,http://www.wikidata.org/entity/Q109599744,Q109599744,power plant,,
Japan,Q17,http://www.wikidata.org/entity/Q109596725,Muro Power Plant,power plant,,
Japan,Q17,http://www.wikidata.org/entity/Q110327521,Akita-Noshiro Offshore Wind Farm,power plant,,
Japan,Q17,http://www.wikidata.org/entity/Q115180811,Chikuma Environment Energy Center,power plant,,
Japan,Q17,http://www.wikidata.org/entity/Q116694693,hydroelectric power stations of Ibiden,power plant,,
Japan,Q17,http://www.wikidata.org/entity/Q118330397,Yushima Power Station,power plant,,
Japan,Q17,http://www.wikidata.org/entity/Q11395839,Q11395839,power plant,,
Japan,Q17,http://www.wikidata.org/entity/Q11405667,Q11405667,power plant,,
Japan,Q17,http://www.wikidata.org/entity/Q11428747,Q11428747,power plant,,
Japan,Q17,http://www.wikidata.org/entity/Q11535056,Q11535056,power plant,,
Japan,Q17,http://www.wikidata.org/entity/Q11538709,Q11538709,power plant,,
Japan,Q17,http://www.wikidata.org/entity/Q11563085,Q11563085,power plant,,
Japan,Q17,http://www.wikidata.org/entity/Q11566748,Q11566748,power plant,,
Japan,Q17,http://www.wikidata.org/entity/Q11581661,Q11581661,power plant,,
Japan,Q17,http://www.wikidata.org/entity/Q11980452,Q11980452,power plant,,
Japan,Q17,http://www.wikidata.org/entity/Q11993275,Q11993275,power plant,,
Japan,Q17,http://www.wikidata.org/entity/Q17218769,Q17218769,power plant,,
Japan,Q17,http://www.wikidata.org/entity/Q20044056,Q20044056,power plant,,
Japan,Q17,http://www.wikidata.org/entity/Q22119293,Q22119293,power plant,,
Japan,Q17,http://www.wikidata.org/entity/Q22120299,Q22120299,power plant,,
Japan,Q17,http://www.wikidata.org/entity/Q11225732,JFE Chiba Nishi Power Station,power plant,,
Japan,Q17,http://www.wikidata.org/entity/Q11355174,Sankyozawa Power Station,power plant,,
Japan,Q17,http://www.wikidata.org/entity/Q11365046,Nakabusa 4 hydro power station,power plant,,
Japan,Q17,http://www.wikidata.org/entity/Q11365044,Nakabusa 5 hydro power station,power plant,,
Japan,Q17,http://www.wikidata.org/entity/Q11428791,Shiobitashi hydro power station,power plant,,
Japan,Q17,http://www.wikidata.org/entity/Q11453991,Miyagi 2 hydro power station,power plant,,
Japan,Q17,http://www.wikidata.org/entity/Q11453992,Miyagi 3 hydro power station,power plant,,
Japan,Q17,http://www.wikidata.org/entity/Q11475338,Iwazu hydro power station,power plant,,
Japan,Q17,http://www.wikidata.org/entity/Q11565042,Takinoue Power Station,power plant,,
Japan,Q17,http://www.wikidata.org/entity/Q11567230,Karasukawa 2 hydro power station,power plant,,
Japan,Q17,http://www.wikidata.org/entity/Q11567228,Karasukawa 1 hydro power station,power plant,,
Japan,Q17,http://www.wikidata.org/entity/Q11567229,Karasukawa 3 hydro power station,power plant,,
Japan,Q17,http://www.wikidata.org/entity/Q97203784,Tamano hydro power station,power plant,,
Japan,Q17,http://www.wikidata.org/entity/Q11627882,Nishiyama Power Station,power plant,,
Japan,Q17,http://www.wikidata.org/entity/Q97460974,Tochio Power Station,power plant,,
Japan,Q17,http://www.wikidata.org/entity/Q28689655,Q28689655,power plant,,
Japan,Q17,http://www.wikidata.org/entity/Q41062156,Q41062156,power plant,,
Japan,Q17,http://www.wikidata.org/entity/Q22120956,Todai hydro power station,power plant,,
Japan,Q17,http://www.wikidata.org/entity/Q48748450,Q48748450,power plant,,
Japan,Q17,http://www.wikidata.org/entity/Q6202578,Jinkanpo Atsugi Incinerator,power plant,,
Czech Republic,Q213,http://www.wikidata.org/entity/Q28979398,Q28979398,power plant,,
Czech Republic,Q213,http://www.wikidata.org/entity/Q28979565,Q28979565,power plant,,
Czech Republic,Q213,http://www.wikidata.org/entity/Q28981971,Q28981971,power plant,,
Czech Republic,Q213,http://www.wikidata.org/entity/Q28982345,Q28982345,power plant,,
Czech Republic,Q213,http://www.wikidata.org/entity/Q29003390,Q29003390,power plant,,
Czech Republic,Q213,http://www.wikidata.org/entity/Q29003510,Q29003510,power plant,,
Czech Republic,Q213,http://www.wikidata.org/entity/Q29003553,Q29003553,power plant,,
Czech Republic,Q213,http://www.wikidata.org/entity/Q29003562,Q29003562,power plant,,
Czech Republic,Q213,http://www.wikidata.org/entity/Q29003573,Q29003573,power plant,,
Czech Republic,Q213,http://www.wikidata.org/entity/Q29052553,Q29052553,power plant,,
Czech Republic,Q213,http://www.wikidata.org/entity/Q29052594,Q29052594,power plant,,
Czech Republic,Q213,http://www.wikidata.org/entity/Q29052599,Q29052599,power plant,,
Czech Republic,Q213,http://www.wikidata.org/entity/Q29052602,Q29052602,power plant,,
Czech Republic,Q213,http://www.wikidata.org/entity/Q29052600,Q29052600,power plant,,
Czech Republic,Q213,http://www.wikidata.org/entity/Q29052608,Q29052608,power plant,,
Czech Republic,Q213,http://www.wikidata.org/entity/Q29052625,Q29052625,power plant,,
Czech Republic,Q213,http://www.wikidata.org/entity/Q29052629,Q29052629,power plant,,
Czech Republic,Q213,http://www.wikidata.org/entity/Q29052633,Q29052633,power plant,,
Czech Republic,Q213,http://www.wikidata.org/entity/Q29052642,Q29052642,power plant,,
Czech Republic,Q213,http://www.wikidata.org/entity/Q29052640,Q29052640,power plant,,
Czech Republic,Q213,http://www.wikidata.org/entity/Q29052645,Q29052645,power plant,,
Czech Republic,Q213,http://www.wikidata.org/entity/Q29052655,Q29052655,power plant,,
Czech Republic,Q213,http://www.wikidata.org/entity/Q29052652,Q29052652,power plant,,
Czech Republic,Q213,http://www.wikidata.org/entity/Q29052653,Q29052653,power plant,,
Czech Republic,Q213,http://www.wikidata.org/entity/Q29052657,Q29052657,power plant,,
Czech Republic,Q213,http://www.wikidata.org/entity/Q29052663,Q29052663,power plant,,
Czech Republic,Q213,http://www.wikidata.org/entity/Q29052665,Q29052665,power plant,,
Czech Republic,Q213,http://www.wikidata.org/entity/Q29052675,Q29052675,power plant,,
Czech Republic,Q213,http://www.wikidata.org/entity/Q29052680,Q29052680,power plant,,
Czech Republic,Q213,http://www.wikidata.org/entity/Q29052694,Q29052694,power plant,,
Czech Republic,Q213,http://www.wikidata.org/entity/Q29052701,Q29052701,power plant,,
Czech Republic,Q213,http://www.wikidata.org/entity/Q29052708,Q29052708,power plant,,
Czech Republic,Q213,http://www.wikidata.org/entity/Q29269146,Q29269146,power plant,,
Czech Republic,Q213,http://www.wikidata.org/entity/Q29269496,Q29269496,power plant,,
Czech Republic,Q213,http://www.wikidata.org/entity/Q29269548,Q29269548,power plant,,
Czech Republic,Q213,http://www.wikidata.org/entity/Q29269639,Q29269639,power plant,,
Czech Republic,Q213,http://www.wikidata.org/entity/Q29269697,Q29269697,power plant,,
Czech Republic,Q213,http://www.wikidata.org/entity/Q29269771,Q29269771,power plant,,
Czech Republic,Q213,http://www.wikidata.org/entity/Q29269839,Q29269839,power plant,,
Czech Republic,Q213,http://www.wikidata.org/entity/Q29269879,Q29269879,power plant,,
Czech Republic,Q213,http://www.wikidata.org/entity/Q29270073,Q29270073,power plant,,
Czech Republic,Q213,http://www.wikidata.org/entity/Q29270155,Q29270155,power plant,,
Czech Republic,Q213,http://www.wikidata.org/entity/Q29270206,Q29270206,power plant,,
Czech Republic,Q213,http://www.wikidata.org/entity/Q29270332,Q29270332,power plant,,
Czech Republic,Q213,http://www.wikidata.org/entity/Q29270453,Q29270453,power plant,,
Czech Republic,Q213,http://www.wikidata.org/entity/Q29270507,Q29270507,power plant,,
Czech Republic,Q213,http://www.wikidata.org/entity/Q29270696,Q29270696,power plant,,
Czech Republic,Q213,http://www.wikidata.org/entity/Q29270742,Q29270742,power plant,,
Czech Republic,Q213,http://www.wikidata.org/entity/Q29271059,Q29271059,power plant,,
Czech Republic,Q213,http://www.wikidata.org/entity/Q29271182,Q29271182,power plant,,
Czech Republic,Q213,http://www.wikidata.org/entity/Q29271292,Q29271292,power plant,,
Czech Republic,Q213,http://www.wikidata.org/entity/Q29271339,Q29271339,power plant,,
Czech Republic,Q213,http://www.wikidata.org/entity/Q29271377,Q29271377,power plant,,
Czech Republic,Q213,http://www.wikidata.org/entity/Q111128253,Q111128253,power plant,,
Czech Republic,Q213,http://www.wikidata.org/entity/Q12016817,Q12016817,power plant,,
Czech Republic,Q213,http://www.wikidata.org/entity/Q14806064,Q14806064,power plant,,
Czech Republic,Q213,http://www.wikidata.org/entity/Q15123998,Q15123998,power plant,,
Czech Republic,Q213,http://www.wikidata.org/entity/Q29345759,Q29345759,power plant,,
Czech Republic,Q213,http://www.wikidata.org/entity/Q29345762,Q29345762,power plant,,
Czech Republic,Q213,http://www.wikidata.org/entity/Q29345761,Q29345761,power plant,,
Czech Republic,Q213,http://www.wikidata.org/entity/Q29345773,Q29345773,power plant,,
Czech Republic,Q213,http://www.wikidata.org/entity/Q29345790,Q29345790,power plant,,
Czech Republic,Q213,http://www.wikidata.org/entity/Q29345799,Q29345799,power plant,,
Czech Republic,Q213,http://www.wikidata.org/entity/Q29345823,Q29345823,power plant,,
Czech Republic,Q213,http://www.wikidata.org/entity/Q29345820,Q29345820,power plant,,
Czech Republic,Q213,http://www.wikidata.org/entity/Q29345821,Q29345821,power plant,,
Czech Republic,Q213,http://www.wikidata.org/entity/Q29345826,Q29345826,power plant,,
Czech Republic,Q213,http://www.wikidata.org/entity/Q29345831,Q29345831,power plant,,
Czech Republic,Q213,http://www.wikidata.org/entity/Q29345832,Q29345832,power plant,,
Czech Republic,Q213,http://www.wikidata.org/entity/Q29345838,Q29345838,power plant,,
Czech Republic,Q213,http://www.wikidata.org/entity/Q29345849,Q29345849,power plant,,
Czech Republic,Q213,http://www.wikidata.org/entity/Q29345852,Q29345852,power plant,,
Czech Republic,Q213,http://www.wikidata.org/entity/Q29429699,Q29429699,power plant,,
Czech Republic,Q213,http://www.wikidata.org/entity/Q11989685,Q11989685,power plant,,
Czech Republic,Q213,http://www.wikidata.org/entity/Q19398385,Q19398385,power plant,,
Czech Republic,Q213,http://www.wikidata.org/entity/Q28978930,Q28978930,power plant,,
Czech Republic,Q213,http://www.wikidata.org/entity/Q28979495,Q28979495,power plant,,
Czech Republic,Q213,http://www.wikidata.org/entity/Q28979557,Q28979557,power plant,,
Czech Republic,Q213,http://www.wikidata.org/entity/Q12032301,Hydroelectric power plant in Pardubice,power plant,,
Turkey,Q43,http://www.wikidata.org/entity/Q97613554,Ada Seker power station,power plant,,
Turkey,Q43,http://www.wikidata.org/entity/Q97613575,Albayrak Balıkesir Cogeneration,power plant,,
Turkey,Q43,http://www.wikidata.org/entity/Q97613731,Tarım Kredi Dairy Cogeneration,power plant,,
Turkey,Q43,http://www.wikidata.org/entity/Q97639898,Bandirma Borax,power plant,,
Turkey,Q43,http://www.wikidata.org/entity/Q97640404,Beypazarı ETİ Soda Cogeneration,power plant,,
Turkey,Q43,http://www.wikidata.org/entity/Q97640613,Bolluk power station,power plant,,
Turkey,Q43,http://www.wikidata.org/entity/Q97641301,Çankırı Salt Factory Cogeneration,power plant,,
Turkey,Q43,http://www.wikidata.org/entity/Q97641756,Çolakoğlu power station,power plant,,
Turkey,Q43,http://www.wikidata.org/entity/Q97641818,Dazkırı Cogeneration,power plant,,
Turkey,Q43,http://www.wikidata.org/entity/Q97641967,Göknur power station,power plant,,
Turkey,Q43,http://www.wikidata.org/entity/Q97642262,Kahramanmaraş Paper Factory power station,power plant,,
Turkey,Q43,http://www.wikidata.org/entity/Q97642268,Kardemir power station,power plant,,
Turkey,Q43,http://www.wikidata.org/entity/Q97666342,Kipaş paper factory power station,power plant,,
Turkey,Q43,http://www.wikidata.org/entity/Q97666345,Küçüker cogeneration power station,power plant,,
Turkey,Q43,http://www.wikidata.org/entity/Q97666375,Kütahya sugar factory power station,power plant,,
Turkey,Q43,http://www.wikidata.org/entity/Q97666391,Petlas tyres power station,power plant,,
Turkey,Q43,http://www.wikidata.org/entity/Q97666417,Seydişehir power station,power plant,,
Turkey,Q43,http://www.wikidata.org/entity/Q97718243,Çobanyıldızı (Cumra) power station,power plant,,
Turkey,Q43,http://www.wikidata.org/entity/Q97718681,Çumra power station,power plant,,
Turkey,Q43,http://www.wikidata.org/entity/Q97722952,Çayırhan Sodium Sulphate Cogeneration power station,power plant,,
Turkey,Q43,http://www.wikidata.org/entity/Q105700892,Amasya sugar factory power plant,power plant,,
Turkey,Q43,http://www.wikidata.org/entity/Q106674849,Lüleburgaz Cogeneration Power Plant,power plant,,
Turkey,Q43,http://www.wikidata.org/entity/Q106769961,Aksa Acrylic Chemicals power plant,power plant,,
Turkey,Q43,http://www.wikidata.org/entity/Q107477888,MMP Cogeneration,power plant,,
Turkey,Q43,http://www.wikidata.org/entity/Q107605712,Ilgın sugar factory power station,power plant,,
Turkey,Q43,http://www.wikidata.org/entity/Q107605618,Yozgat sugar factory power station,power plant,,
Turkey,Q43,http://www.wikidata.org/entity/Q107605875,Susurluk sugar factory power station,power plant,,
Turkey,Q43,http://www.wikidata.org/entity/Q108093025,Çaycuma power plant,power plant,,
Turkey,Q43,http://www.wikidata.org/entity/Q112577798,Çoban Yıldızı power stations,power plant,,
Turkey,Q43,http://www.wikidata.org/entity/Q6094211,Q6094211,power plant,,
Turkey,Q43,http://www.wikidata.org/entity/Q97613566,Afyon Şeker power station,power plant,,
Turkey,Q43,http://www.wikidata.org/entity/Q11980527,Kentsa power plant,power plant,,
Turkey,Q43,http://www.wikidata.org/entity/Q106673460,Bilgin Samsun gas power station,power plant,,
Turkey,Q43,http://www.wikidata.org/entity/Q106675759,Samsun Natural Gas Combined Cycle Power Plant,power plant,,
Turkey,Q43,http://www.wikidata.org/entity/Q106692442,Denizli CCGT power plant,power plant,,
Turkey,Q43,http://www.wikidata.org/entity/Q106696131,Mersin Cogeneration plant,power plant,,
Turkey,Q43,http://www.wikidata.org/entity/Q106697259,ODAS I gas power plant,power plant,,
Turkey,Q43,http://www.wikidata.org/entity/Q106697380,Taha gas power plant,power plant,,
Turkey,Q43,http://www.wikidata.org/entity/Q106697757,Çorlu gas power station,power plant,,
Turkey,Q43,http://www.wikidata.org/entity/Q106697785,Tekirdağ power plant,power plant,,
Turkey,Q43,http://www.wikidata.org/entity/Q106727813,Gebze-Dilovası power plant,power plant,,
Turkey,Q43,http://www.wikidata.org/entity/Q106763327,İskenderun power plant,power plant,,
Turkey,Q43,http://www.wikidata.org/entity/Q106763390,Petkim cogeneration power plant,power plant,,
Turkey,Q43,http://www.wikidata.org/entity/Q106765254,AGE gas power plant I,power plant,,
Turkey,Q43,http://www.wikidata.org/entity/Q106765282,İzmit refinery power station,power plant,,
Turkey,Q43,http://www.wikidata.org/entity/Q106769871,Karadeniz Ereğli-Zonguldak power plant,power plant,,
Turkey,Q43,http://www.wikidata.org/entity/Q106782066,Çolakoğlu-1 power plant,power plant,,
Turkey,Q43,http://www.wikidata.org/entity/Q106782044,İzmit-Köseköy power plant,power plant,,
Turkey,Q43,http://www.wikidata.org/entity/Q110259610,İğneada Nuclear Power Plant,power plant,,
Turkey,Q43,http://www.wikidata.org/entity/Q112034287,Tufanbeyli power station,power plant,,
Turkey,Q43,http://www.wikidata.org/entity/Q123924828,Kömürcüoda,power plant,,
Turkey,Q43,http://www.wikidata.org/entity/Q48837101,Silifke HES,power plant,,
Iran,Q794,http://www.wikidata.org/entity/Q11228203,Q11228203,power plant,,
Iran,Q794,http://www.wikidata.org/entity/Q17994525,Q17994525,power plant,,
Iran,Q794,http://www.wikidata.org/entity/Q7067988,Nuclear Power Plant,power plant,,
Iran,Q794,http://www.wikidata.org/entity/Q16053560,South Ahvaz power plant,power plant,,
Iran,Q794,http://www.wikidata.org/entity/Q16053727,West Mazandaran combined cycle power plant,power plant,,
Iran,Q794,http://www.wikidata.org/entity/Q16074653,Takestan wind farm,power plant,,
Iran,Q794,http://www.wikidata.org/entity/Q5870444,Q5870444,power plant,,
Iran,Q794,http://www.wikidata.org/entity/Q25423376,Moghan and Ardabil diesel power plants,power plant,,
Iran,Q794,http://www.wikidata.org/entity/Q7498327,Shiraz Biogas Power Plant,power plant,,
Iran,Q794,http://www.wikidata.org/entity/Q7498338,Shiraz solar power plant,power plant,,
Iran,Q794,http://www.wikidata.org/entity/Q109547733,Sirik Power Plant,power plant,,
Iran,Q794,http://www.wikidata.org/entity/Q113146110,Saveh nuclear power plant,power plant,,
Iran,Q794,http://www.wikidata.org/entity/Q115207006,Isfahan nuclear power plant,power plant,,
Iran,Q794,http://www.wikidata.org/entity/Q11960119,Q11960119,power plant,,
Iran,Q794,http://www.wikidata.org/entity/Q11995654,Q11995654,power plant,,
Iran,Q794,http://www.wikidata.org/entity/Q12000125,Q12000125,power plant,,
Iran,Q794,http://www.wikidata.org/entity/Q12000228,Q12000228,power plant,,
Iran,Q794,http://www.wikidata.org/entity/Q16053591,Q16053591,power plant,,
Iran,Q794,http://www.wikidata.org/entity/Q20110405,Q20110405,power plant,,
Iran,Q794,http://www.wikidata.org/entity/Q20110408,Q20110408,power plant,,
Iran,Q794,http://www.wikidata.org/entity/Q20111253,Q20111253,power plant,,
Iran,Q794,http://www.wikidata.org/entity/Q28713316,Q28713316,power plant,,
Iran,Q794,http://www.wikidata.org/entity/Q30224493,Q30224493,power plant,,
Iran,Q794,http://www.wikidata.org/entity/Q30224501,Q30224501,power plant,,
Iran,Q794,http://www.wikidata.org/entity/Q31069601,Q31069601,power plant,,
Iran,Q794,http://www.wikidata.org/entity/Q40466738,Q40466738,power plant,,
Iran,Q794,http://www.wikidata.org/entity/Q4787887,Ardeh Dam,power plant,,
Iran,Q794,http://www.wikidata.org/entity/Q20110404,Shot Moghan Dam,power plant,,
Iran,Q794,http://www.wikidata.org/entity/Q5519584,Gamasiab Dam,power plant,,
Iran,Q794,http://www.wikidata.org/entity/Q25423378,Tabriz Solar Power Plant,power plant,,
Iran,Q794,http://www.wikidata.org/entity/Q7461734,Shahid Talebi Dam,power plant,,
United States,Q30,http://www.wikidata.org/entity/Q7441789,Sears Isle Nuclear Power Plant,power plant,,
United States,Q30,http://www.wikidata.org/entity/Q127675730,Turtle Creek Power Station,power plant,,
United States,Q30,http://www.wikidata.org/entity/Q51722784,Alamitos Energy Storage Array,power plant,,
United States,Q30,http://www.wikidata.org/entity/Q59326164,Chino Battery Energy Storage Project,power plant,,
United States,Q30,http://www.wikidata.org/entity/Q6475736,Lake Elsinore Advanced Pumped Storage,power plant,,
United States,Q30,http://www.wikidata.org/entity/Q7635003,Sugarloaf Community Wind Farm,power plant,,
United States,Q30,http://www.wikidata.org/entity/Q98828358,Shoshone Hydroelectric Generating Station,power plant,,
United States,Q30,http://www.wikidata.org/entity/Q12005482,Q12005482,power plant,,
United States,Q30,http://www.wikidata.org/entity/Q11992653,NRG Norwalk Harbor Power Plant,power plant,,
United States,Q30,http://www.wikidata.org/entity/Q11994826,Quantum Pasco Power Plant,power plant,,
United States,Q30,http://www.wikidata.org/entity/Q7825225,Toquop Energy Project,power plant,,
United States,Q30,http://www.wikidata.org/entity/Q112690493,Bowling Green Wind Farm,power plant,,
United States,Q30,http://www.wikidata.org/entity/Q132450410,Belden Powerhouse,power plant,,
United States,Q30,http://www.wikidata.org/entity/Q134879458,Q134879458,power plant,,
United States,Q30,http://www.wikidata.org/entity/Q112690706,C. N. & I. Department Power House,power plant,,
United States,Q30,http://www.wikidata.org/entity/Q11991251,New Albany Energy Facility,power plant,,
United States,Q30,http://www.wikidata.org/entity/Q11997782,Q11997782,power plant,,
United States,Q30,http://www.wikidata.org/entity/Q11999024,SRW Cogen,power plant,,
United States,Q30,http://www.wikidata.org/entity/Q19378744,Quantum Lake Power Plant,power plant,,
United States,Q30,http://www.wikidata.org/entity/Q19385380,Pittsburg Power Plant,power plant,,
United States,Q30,http://www.wikidata.org/entity/Q124251316,Kapolei Energy Storage,power plant,,
United States,Q30,http://www.wikidata.org/entity/Q19385379,Q19385379,power plant,,
United States,Q30,http://www.wikidata.org/entity/Q27883256,Q27883256,power plant,,
United States,Q30,http://www.wikidata.org/entity/Q19393522,Turkey Point Power Station,power plant,,
United States,Q30,http://www.wikidata.org/entity/Q19398630,Werner Power Plant,power plant,,
United States,Q30,http://www.wikidata.org/entity/Q28407155,Gordon Butte Pumped Storage Project,power plant,,
United States,Q30,http://www.wikidata.org/entity/Q19393035,Trimble County Power Plant,power plant,,
United States,Q30,http://www.wikidata.org/entity/Q11959573,Quantum Auburndale Power Plant,power plant,,
United States,Q30,http://www.wikidata.org/entity/Q11963000,Caledonia Power Facility,power plant,,
United States,Q30,http://www.wikidata.org/entity/Q116697798,Connecticut College,power plant,,
United States,Q30,http://www.wikidata.org/entity/Q116697797,CoreSite - Somerville,power plant,,
United States,Q30,http://www.wikidata.org/entity/Q116697796,Equinix - Elmsford,power plant,,
United States,Q30,http://www.wikidata.org/entity/Q116697790,Kaiser - Harbor City,power plant,,
United States,Q30,http://www.wikidata.org/entity/Q116697794,Kaiser - LA,power plant,,
United States,Q30,http://www.wikidata.org/entity/Q116697795,Kaiser - Woodland Hills,power plant,,
United States,Q30,http://www.wikidata.org/entity/Q116697793,Life Technologies - Fremont,power plant,,
United States,Q30,http://www.wikidata.org/entity/Q116697791,San Diego Community College,power plant,,
United States,Q30,http://www.wikidata.org/entity/Q123561984,Fox Squirrel Solar,power plant,,
United States,Q30,http://www.wikidata.org/entity/Q11976134,C R Huntley Generating Station,power plant,,
United States,Q30,http://www.wikidata.org/entity/Q11996124,Potomac River Power Plant,power plant,,
United States,Q30,http://www.wikidata.org/entity/Q11957058,Q11957058,power plant,,
United States,Q30,http://www.wikidata.org/entity/Q132450091,Nipton Solar Plant,power plant,,
United States,Q30,http://www.wikidata.org/entity/Q17779529,Q17779529,power plant,,
United States,Q30,http://www.wikidata.org/entity/Q11998041,Roanoke Valley Energy Facility I,power plant,,
United States,Q30,http://www.wikidata.org/entity/Q17761601,Q17761601,power plant,,
United States,Q30,http://www.wikidata.org/entity/Q11956640,Q11956640,power plant,,
United States,Q30,http://www.wikidata.org/entity/Q11956642,GMMM Westover Power Plant,power plant,,
United States,Q30,http://www.wikidata.org/entity/Q7707579,Texas Clean Energy Project,power plant,,
United States,Q30,http://www.wikidata.org/entity/Q48836218,Ely Energy Center,power plant,,
United States,Q30,http://www.wikidata.org/entity/Q134879449,Q134879449,power plant,,
United States,Q30,http://www.wikidata.org/entity/Q19385228,Q19385228,power plant,,
United States,Q30,http://www.wikidata.org/entity/Q5046472,Carrizo Energy Solar Farm,power plant,,
United States,Q30,http://www.wikidata.org/entity/Q133308258,Eastern Illinois University Plant,power plant,,
United States,Q30,http://www.wikidata.org/entity/Q115813734,Salisbury Municipal Incinerator,power plant,,
United States,Q30,http://www.wikidata.org/entity/Q132449917,Twin Falls Hydroelectric Plant,power plant,,
United States,Q30,http://www.wikidata.org/entity/Q24061849,Derril Marshall Generating Station,power plant,,
United States,Q30,http://www.wikidata.org/entity/Q107608160,Cogeneration Plant,power plant,,
United States,Q30,http://www.wikidata.org/entity/Q85793907,Pomona Water Powerplant,power plant,,
United States,Q30,http://www.wikidata.org/entity/Q96146249,Lowell Hydroelectric Project,power plant,,
Romania,Q218,http://www.wikidata.org/entity/Q112113151,Uzina Electrică din Sibiu,power plant,,
Romania,Q218,http://www.wikidata.org/entity/Q6699066,Q6699066,power plant,,
Romania,Q218,http://www.wikidata.org/entity/Q11998781,Q11998781,power plant,,
Romania,Q218,http://www.wikidata.org/entity/Q19392540,Q19392540,power plant,,
Romania,Q218,http://www.wikidata.org/entity/Q16254974,Blue Investment Baia Wind Farm,power plant,,
Romania,Q218,http://www.wikidata.org/entity/Q16981958,Gheorgheni Wind Farm,power plant,,
Romania,Q218,http://www.wikidata.org/entity/Q17030185,Sălbatica I Wind Farm,power plant,,
Romania,Q218,http://www.wikidata.org/entity/Q4677449,Activ Business Casimcea Wind Farm,power plant,,
Romania,Q218,http://www.wikidata.org/entity/Q4735141,Alpha Wind Casimcea Wind Farm,power plant,,
Romania,Q218,http://www.wikidata.org/entity/Q4737346,Alum Tulcea Power Station,power plant,,
Romania,Q218,http://www.wikidata.org/entity/Q4827356,Aușeu-Borod Wind Farm,power plant,,
Romania,Q218,http://www.wikidata.org/entity/Q4923431,Blackstone Wind Farm,power plant,,
Romania,Q218,http://www.wikidata.org/entity/Q4946928,Borzești II Power Station,power plant,,
Romania,Q218,http://www.wikidata.org/entity/Q4958603,Brazi Power Station,power plant,,
Romania,Q218,http://www.wikidata.org/entity/Q4958600,Brazi II Power Station,power plant,,
Romania,Q218,http://www.wikidata.org/entity/Q4959056,Brașov Power Station,power plant,,
Romania,Q218,http://www.wikidata.org/entity/Q5169778,Corbița Wind Farm,power plant,,
Romania,Q218,http://www.wikidata.org/entity/Q5181792,Craiova II Power Station,power plant,,
Romania,Q218,http://www.wikidata.org/entity/Q5253624,Deleni Wind Farm,power plant,,
Romania,Q218,http://www.wikidata.org/entity/Q5286773,Dobrogea Wind Farm,power plant,,
Romania,Q218,http://www.wikidata.org/entity/Q5298151,Dorobanțu Wind Farm,power plant,,
Romania,Q218,http://www.wikidata.org/entity/Q5322867,EDP Sarichioi Wind Farm,power plant,,
Romania,Q218,http://www.wikidata.org/entity/Q5323786,EOL Săcele Wind Farm,power plant,,
Romania,Q218,http://www.wikidata.org/entity/Q5376734,Enel Corugea Wind Farm,power plant,,
Romania,Q218,http://www.wikidata.org/entity/Q5376733,Enel Agighiol Wind Farm,power plant,,
Romania,Q218,http://www.wikidata.org/entity/Q5381767,Eolica Baia Wind Farm,power plant,,
Romania,Q218,http://www.wikidata.org/entity/Q5381764,Eolgen Racovițeni Wind Farm,power plant,,
Romania,Q218,http://www.wikidata.org/entity/Q5381770,Eolica Cogealac Wind Farm,power plant,,
Romania,Q218,http://www.wikidata.org/entity/Q5381771,Eolica Corbu Wind Farm,power plant,,
Romania,Q218,http://www.wikidata.org/entity/Q5381768,Eolica Beidaud Wind Farm,power plant,,
Romania,Q218,http://www.wikidata.org/entity/Q5381769,Eolica Casimcea Wind Farm,power plant,,
Romania,Q218,http://www.wikidata.org/entity/Q5381775,Eolica Pantelimon Wind Farm,power plant,,
Romania,Q218,http://www.wikidata.org/entity/Q5381772,Eolica Grǎdina Wind Farm,power plant,,
Romania,Q218,http://www.wikidata.org/entity/Q5381773,Eolica Istria Wind Farm,power plant,,
Romania,Q218,http://www.wikidata.org/entity/Q5381778,Eolica Sǎcele Wind Farm,power plant,,
Romania,Q218,http://www.wikidata.org/entity/Q5381776,Eolica Sarichioi Wind Farm,power plant,,
Romania,Q218,http://www.wikidata.org/entity/Q5381789,Eolus Vind Wind Farm,power plant,,
Romania,Q218,http://www.wikidata.org/entity/Q5420335,Eximprod Galați Wind Farm,power plant,,
Romania,Q218,http://www.wikidata.org/entity/Q5511443,Fântânele Power Station,power plant,,
Romania,Q218,http://www.wikidata.org/entity/Q5565304,Giurgiu Power Station,power plant,,
Romania,Q218,http://www.wikidata.org/entity/Q5602514,Green Energy Wind Farm,power plant,,
Romania,Q218,http://www.wikidata.org/entity/Q5878665,Holboca Power Station,power plant,,
Romania,Q218,http://www.wikidata.org/entity/Q5983515,Iași II Power Station,power plant,,
Romania,Q218,http://www.wikidata.org/entity/Q6819039,Mereni Wind Farm,power plant,,
Romania,Q218,http://www.wikidata.org/entity/Q6950787,Mărișelu Wind Farm,power plant,,
Romania,Q218,http://www.wikidata.org/entity/Q7099318,Oradea Power Station,power plant,,
Romania,Q218,http://www.wikidata.org/entity/Q7105447,Orșova Wind Farm,power plant,,
Romania,Q218,http://www.wikidata.org/entity/Q7158667,Pechea Wind Farm,power plant,,
Romania,Q218,http://www.wikidata.org/entity/Q7375488,Roșiești Wind Farm,power plant,,
Romania,Q218,http://www.wikidata.org/entity/Q7396270,Sabloal Valea Dacilor Wind Farm,power plant,,
Romania,Q218,http://www.wikidata.org/entity/Q7507088,Sibioara Wind Farm,power plant,,
Romania,Q218,http://www.wikidata.org/entity/Q7525192,Sinus Holding Wind Farm,power plant,,
Romania,Q218,http://www.wikidata.org/entity/Q7632745,Suceava Power Station,power plant,,
Romania,Q218,http://www.wikidata.org/entity/Q7666896,Sărdănești Power Station,power plant,,
Romania,Q218,http://www.wikidata.org/entity/Q7910126,Valea Nucarilor Wind Farm,power plant,,
Romania,Q218,http://www.wikidata.org/entity/Q7920997,Verbund Casimcea Wind Farm,power plant,,
Romania,Q218,http://www.wikidata.org/entity/Q7944905,Văcăreni Wind Farm,power plant,,
Romania,Q218,http://www.wikidata.org/entity/Q117710013,Q117710013,power plant,,
Taiwan,Q865,http://www.wikidata.org/entity/Q117316833,Q117316833,power plant,,
Taiwan,Q865,http://www.wikidata.org/entity/Q117316861,Q117316861,power plant,,
Taiwan,Q865,http://www.wikidata.org/entity/Q117316869,Q117316869,power plant,,
Taiwan,Q865,http://www.wikidata.org/entity/Q117817786,Q117817786,power plant,,
Taiwan,Q865,http://www.wikidata.org/entity/Q117316696,Changbin Solar Power Plant,power plant,,
Taiwan,Q865,http://www.wikidata.org/entity/Q117316729,Tainan Salt Field Solar,power plant,,
Taiwan,Q865,http://www.wikidata.org/entity/Q117771871,Chung Chia Power Plant,power plant,,
Taiwan,Q865,http://www.wikidata.org/entity/Q132217959,Q132217959,power plant,,
Taiwan,Q865,http://www.wikidata.org/entity/Q122518706,Huan-Yang wind farm,power plant,,
Taiwan,Q865,http://www.wikidata.org/entity/Q28415560,Q28415560,power plant,,
Taiwan,Q865,http://www.wikidata.org/entity/Q41381794,Q41381794,power plant,,
Taiwan,Q865,http://www.wikidata.org/entity/Q46703193,Q46703193,power plant,,
Taiwan,Q865,http://www.wikidata.org/entity/Q130478145,Xindian Refuse Incineration Plant,power plant,,
Taiwan,Q865,http://www.wikidata.org/entity/Q55697283,Greater Changhua Offshore Wind Farms,power plant,,
Taiwan,Q865,http://www.wikidata.org/entity/Q97351339,Q97351339,power plant,,
Taiwan,Q865,http://www.wikidata.org/entity/Q97351340,Q97351340,power plant,,
Taiwan,Q865,http://www.wikidata.org/entity/Q112279083,Q112279083,power plant,,
Taiwan,Q865,http://www.wikidata.org/entity/Q113960956,Q113960956,power plant,,
Taiwan,Q865,http://www.wikidata.org/entity/Q113960968,Q113960968,power plant,,
Taiwan,Q865,http://www.wikidata.org/entity/Q114372264,Q114372264,power plant,,
Taiwan,Q865,http://www.wikidata.org/entity/Q116181572,Q116181572,power plant,,
Taiwan,Q865,http://www.wikidata.org/entity/Q116188886,Q116188886,power plant,,
Taiwan,Q865,http://www.wikidata.org/entity/Q116694265,Q116694265,power plant,,
Taiwan,Q865,http://www.wikidata.org/entity/Q116737632,Q116737632,power plant,,
Taiwan,Q865,http://www.wikidata.org/entity/Q117316574,Q117316574,power plant,,
Taiwan,Q865,http://www.wikidata.org/entity/Q117316578,Q117316578,power plant,,
Taiwan,Q865,http://www.wikidata.org/entity/Q117316580,Q117316580,power plant,,
Taiwan,Q865,http://www.wikidata.org/entity/Q117316587,Q117316587,power plant,,
Taiwan,Q865,http://www.wikidata.org/entity/Q117316590,Q117316590,power plant,,
Taiwan,Q865,http://www.wikidata.org/entity/Q117316589,Q117316589,power plant,,
Taiwan,Q865,http://www.wikidata.org/entity/Q117316758,Q117316758,power plant,,
Taiwan,Q865,http://www.wikidata.org/entity/Q117316786,Q117316786,power plant,,
Taiwan,Q865,http://www.wikidata.org/entity/Q22774221,Q22774221,power plant,,
Taiwan,Q865,http://www.wikidata.org/entity/Q28412259,Q28412259,power plant,,
Taiwan,Q865,http://www.wikidata.org/entity/Q30946067,Q30946067,power plant,,
Taiwan,Q865,http://www.wikidata.org/entity/Q48928437,Q48928437,power plant,,
Taiwan,Q865,http://www.wikidata.org/entity/Q86729357,Q86729357,power plant,,
Taiwan,Q865,http://www.wikidata.org/entity/Q116170290,Q116170290,power plant,,
Taiwan,Q865,http://www.wikidata.org/entity/Q116188943,Q116188943,power plant,,
Taiwan,Q865,http://www.wikidata.org/entity/Q116758163,Q116758163,power plant,,
Taiwan,Q865,http://www.wikidata.org/entity/Q117316554,Q117316554,power plant,,
Taiwan,Q865,http://www.wikidata.org/entity/Q117316555,Q117316555,power plant,,
Taiwan,Q865,http://www.wikidata.org/entity/Q117316553,Q117316553,power plant,,
Taiwan,Q865,http://www.wikidata.org/entity/Q117316559,Q117316559,power plant,,
Taiwan,Q865,http://www.wikidata.org/entity/Q117316557,Q117316557,power plant,,
Taiwan,Q865,http://www.wikidata.org/entity/Q117316571,Q117316571,power plant,,
Taiwan,Q865,http://www.wikidata.org/entity/Q117316572,Q117316572,power plant,,
Taiwan,Q865,http://www.wikidata.org/entity/Q117316592,Q117316592,power plant,,
Taiwan,Q865,http://www.wikidata.org/entity/Q118145178,Q118145178,power plant,,
Taiwan,Q865,http://www.wikidata.org/entity/Q119215754,Q119215754,power plant,,
Taiwan,Q865,http://www.wikidata.org/entity/Q119216184,Q119216184,power plant,,
Taiwan,Q865,http://www.wikidata.org/entity/Q119216396,Q119216396,power plant,,
Netherlands,Q55,http://www.wikidata.org/entity/Q126750910,Noordzeker Wind Farm,power plant,,
Netherlands,Q55,http://www.wikidata.org/entity/Q126750913,Zeevonk II Wind Farm,power plant,,
Netherlands,Q55,http://www.wikidata.org/entity/Q122948025,Q122948025,power plant,,
Netherlands,Q55,http://www.wikidata.org/entity/Q96139725,Q96139725,power plant,,
Netherlands,Q55,http://www.wikidata.org/entity/Q2242411,Windturbine Siemens Zoetermeer,power plant,,
Netherlands,Q55,http://www.wikidata.org/entity/Q2431879,Minewater Project,power plant,,
Netherlands,Q55,http://www.wikidata.org/entity/Q14520092,Spoorwind wind farm,power plant,,
Netherlands,Q55,http://www.wikidata.org/entity/Q62075382,Q62075382,power plant,,
Netherlands,Q55,http://www.wikidata.org/entity/Q13575425,Q13575425,power plant,,
Poland,Q36,http://www.wikidata.org/entity/Q9252395,Q9252395,power plant,,
Poland,Q36,http://www.wikidata.org/entity/Q9252392,Q9252392,power plant,,
Poland,Q36,http://www.wikidata.org/entity/Q9252398,Q9252398,power plant,,
Poland,Q36,http://www.wikidata.org/entity/Q11696549,Elektrociepłownia EC Nowa,power plant,,
Poland,Q36,http://www.wikidata.org/entity/Q11696555,Elektrociepłownia Zabrze,power plant,,
Poland,Q36,http://www.wikidata.org/entity/Q11801817,Elektrociepłownia Lublin-Wrotków,power plant,,
Poland,Q36,http://www.wikidata.org/entity/Q9252384,Będzin Power Station,power plant,,
Poland,Q36,http://www.wikidata.org/entity/Q9252393,Elektrociepłownia Marcel,power plant,,
Poland,Q36,http://www.wikidata.org/entity/Q97173317,Q97173317,power plant,,
Poland,Q36,http://www.wikidata.org/entity/Q97173334,Q97173334,power plant,,
Poland,Q36,http://www.wikidata.org/entity/Q97173354,Q97173354,power plant,,
Poland,Q36,http://www.wikidata.org/entity/Q97173521,Q97173521,power plant,,
Poland,Q36,http://www.wikidata.org/entity/Q97175498,Q97175498,power plant,,
Poland,Q36,http://www.wikidata.org/entity/Q97175509,Q97175509,power plant,,
Poland,Q36,http://www.wikidata.org/entity/Q97177549,Q97177549,power plant,,
Poland,Q36,http://www.wikidata.org/entity/Q97275773,Q97275773,power plant,,
Poland,Q36,http://www.wikidata.org/entity/Q97275782,Q97275782,power plant,,
Poland,Q36,http://www.wikidata.org/entity/Q97275802,Q97275802,power plant,,
Poland,Q36,http://www.wikidata.org/entity/Q132798508,Bobrowice I Dam,power plant,,
Poland,Q36,http://www.wikidata.org/entity/Q97305546,Q97305546,power plant,,
Poland,Q36,http://www.wikidata.org/entity/Q97305551,Q97305551,power plant,,
Poland,Q36,http://www.wikidata.org/entity/Q111773041,Q111773041,power plant,,
Poland,Q36,http://www.wikidata.org/entity/Q108904470,Warta-Klempic Nuclear Power Station,power plant,,
Poland,Q36,http://www.wikidata.org/entity/Q109877918,Wola power plant,power plant,,
Poland,Q36,http://www.wikidata.org/entity/Q123503142,Q123503142,power plant,,
Poland,Q36,http://www.wikidata.org/entity/Q9252543,Q9252543,power plant,,
Poland,Q36,http://www.wikidata.org/entity/Q9258044,Q9258044,power plant,,
Poland,Q36,http://www.wikidata.org/entity/Q9258050,Q9258050,power plant,,
Poland,Q36,http://www.wikidata.org/entity/Q9258051,Q9258051,power plant,,
Poland,Q36,http://www.wikidata.org/entity/Q9258055,Q9258055,power plant,,
Poland,Q36,http://www.wikidata.org/entity/Q11696587,Q11696587,power plant,,
Poland,Q36,http://www.wikidata.org/entity/Q11697691,Q11697691,power plant,,
Poland,Q36,http://www.wikidata.org/entity/Q11697689,Q11697689,power plant,,
Poland,Q36,http://www.wikidata.org/entity/Q18424631,Q18424631,power plant,,
Poland,Q36,http://www.wikidata.org/entity/Q11696584,Skawina Power Station,power plant,,
Poland,Q36,http://www.wikidata.org/entity/Q11811534,Suwałki Wind Farm,power plant,,
Poland,Q36,http://www.wikidata.org/entity/Q16619264,Tresna Dam,power plant,,
Poland,Q36,http://www.wikidata.org/entity/Q6382640,Kedzierzyn Zero-Emission Plant,power plant,,
Nepal,Q837,http://www.wikidata.org/entity/Q104879184,Ghalemdi Khola Hydropower Station,power plant,,
Nepal,Q837,http://www.wikidata.org/entity/Q104879187,Kapadigad Hydropower Station,power plant,,
Nepal,Q837,http://www.wikidata.org/entity/Q104879428,Bagmati Nadi Hydropower Station,power plant,,
Nepal,Q837,http://www.wikidata.org/entity/Q104879426,Dwari Khola Small Hydropower Station,power plant,,
Nepal,Q837,http://www.wikidata.org/entity/Q104879191,Solu Hydropower Station,power plant,,
Nepal,Q837,http://www.wikidata.org/entity/Q104879430,Molun Khola Small Hydropower Station,power plant,,
Nepal,Q837,http://www.wikidata.org/entity/Q104879738,Chatara Hydropower Station,power plant,,
Nepal,Q837,http://www.wikidata.org/entity/Q104879431,Theule Khola Hydropower Station,power plant,,
Nepal,Q837,http://www.wikidata.org/entity/Q104879432,Upper Khorunga Hydropower Station,power plant,,
Nepal,Q837,http://www.wikidata.org/entity/Q104879436,Upper Naugad Hydropower Station,power plant,,
Nepal,Q837,http://www.wikidata.org/entity/Q104879734,Mai Khola Small Hydropower Station,power plant,,
Nepal,Q837,http://www.wikidata.org/entity/Q104879725,Padam Khola Small Hydropower Station,power plant,,
Nepal,Q837,http://www.wikidata.org/entity/Q104879722,Rudi Khola-B Hydropower Station,power plant,,
Nepal,Q837,http://www.wikidata.org/entity/Q104879719,Super Mai Hydropower Station,power plant,,
Nepal,Q837,http://www.wikidata.org/entity/Q104879731,Super Mai Khola Cascade Hydropower Station,power plant,,
Nepal,Q837,http://www.wikidata.org/entity/Q104879728,Super Mai-A Hydropower Station,power plant,,
Nepal,Q837,http://www.wikidata.org/entity/Q65398528,Bheri Babai Diversion Multipurpose Project,power plant,,
Nepal,Q837,http://www.wikidata.org/entity/Q113511503,Sundarijal Small Hydropower Station,power plant,,
Nepal,Q837,http://www.wikidata.org/entity/Q115801029,Chandranigahpur Solar Project,power plant,,
Nepal,Q837,http://www.wikidata.org/entity/Q12012007,Q12012007,power plant,,
Nepal,Q837,http://www.wikidata.org/entity/Q17762230,Q17762230,power plant,,
Nepal,Q837,http://www.wikidata.org/entity/Q19377097,Q19377097,power plant,,
Nepal,Q837,http://www.wikidata.org/entity/Q19399502,Q19399502,power plant,,
Nepal,Q837,http://www.wikidata.org/entity/Q95997206,Chameliya Hydroelectric Project,power plant,,
Nepal,Q837,http://www.wikidata.org/entity/Q96396979,Nuwakot Solar Power Station,power plant,,
Nepal,Q837,http://www.wikidata.org/entity/Q96410866,Trishuli Hydropower Station,power plant,,
Nepal,Q837,http://www.wikidata.org/entity/Q98078114,Upper Marsyandgi A Hydroelectric Station,power plant,,
Nepal,Q837,http://www.wikidata.org/entity/Q98099027,Modi Khola Hydroelectric Power Plant,power plant,,
Nepal,Q837,http://www.wikidata.org/entity/Q98113962,Lower Modi-1 Hydroelectric Power Plant,power plant,,
Nepal,Q837,http://www.wikidata.org/entity/Q98139954,Tinau Hydropower Plant,power plant,,
Nepal,Q837,http://www.wikidata.org/entity/Q11994691,Pancheswar,power plant,,
Nepal,Q837,http://www.wikidata.org/entity/Q13182374,Devighat Hydropower Station,power plant,,
Nepal,Q837,http://www.wikidata.org/entity/Q28407157,Budhigandaki Hydroelectric Project,power plant,,
Nepal,Q837,http://www.wikidata.org/entity/Q104845907,Gandak Hydropower Station,power plant,,
Nepal,Q837,http://www.wikidata.org/entity/Q104867727,Butwal Solar PV Project,power plant,,
Nepal,Q837,http://www.wikidata.org/entity/Q104869826,Iwa Khola Hydropower Project,power plant,,
Nepal,Q837,http://www.wikidata.org/entity/Q104870228,Marsyangdi Hydropower Station,power plant,,
Nepal,Q837,http://www.wikidata.org/entity/Q104870610,Andhi Khola Hydropower Station,power plant,,
Nepal,Q837,http://www.wikidata.org/entity/Q104870626,Jhimruk Khola Hydropower Station,power plant,,
Nepal,Q837,http://www.wikidata.org/entity/Q104870439,Tatopani Hydropower Station,power plant,,
Nepal,Q837,http://www.wikidata.org/entity/Q104870444,Sunkoshi Hydropower Station,power plant,,
Nepal,Q837,http://www.wikidata.org/entity/Q104870662,Indrawati III Hydropower Station,power plant,,
Nepal,Q837,http://www.wikidata.org/entity/Q104870646,Puwa Khola Hydropower Station,power plant,,
Nepal,Q837,http://www.wikidata.org/entity/Q104871119,Middle Marsyangdi Hydropower Station,power plant,,
Nepal,Q837,http://www.wikidata.org/entity/Q104871203,Piluwa Khola Hydropower Station,power plant,,
Nepal,Q837,http://www.wikidata.org/entity/Q104871706,Ankhu Khola-1 Hydropower Station,power plant,,
Nepal,Q837,http://www.wikidata.org/entity/Q104871696,Bhairab Kund Khola Hydropower Station,power plant,,
Nepal,Q837,http://www.wikidata.org/entity/Q104871653,Chameliya Khola Hydropower Station,power plant,,
Nepal,Q837,http://www.wikidata.org/entity/Q104871646,Khudi Khola Hydropower Station,power plant,,
Nepal,Q837,http://www.wikidata.org/entity/Q104871643,Mailung Khola Hydropower Station,power plant,,
Nepal,Q837,http://www.wikidata.org/entity/Q104871661,Lower Chaku Khola Hydropower Station,power plant,,
Nepal,Q837,http://www.wikidata.org/entity/Q104871659,Ridi Khola Hydropower Station,power plant,,
Nepal,Q837,http://www.wikidata.org/entity/Q104872050,Baramchi Khola Hydropower Station,power plant,,
Nepal,Q837,http://www.wikidata.org/entity/Q104871665,Sipring Khola Hydropower Station,power plant,,
Nepal,Q837,http://www.wikidata.org/entity/Q104872053,Bijayapur-1 Hydropower Station,power plant,,
Nepal,Q837,http://www.wikidata.org/entity/Q104871649,Thoppal Khola Hydropower Station,power plant,,
Nepal,Q837,http://www.wikidata.org/entity/Q104871705,Siuri Khola Hydropower Station,power plant,,
Nepal,Q837,http://www.wikidata.org/entity/Q104872264,Jiri Khola Small Hydropower Station,power plant,,
Nepal,Q837,http://www.wikidata.org/entity/Q104872122,Upper Madi Hydropower Station,power plant,,
Nepal,Q837,http://www.wikidata.org/entity/Q104872253,Phawa khola Hydropower Station,power plant,,
Nepal,Q837,http://www.wikidata.org/entity/Q104872248,Upper Mai Hydropower Station,power plant,,
Nepal,Q837,http://www.wikidata.org/entity/Q104872259,Upper Trishuli 3A Hydropower Station,power plant,,
Nepal,Q837,http://www.wikidata.org/entity/Q104872708,Jhyari Khola Hydropower Station,power plant,,
Nepal,Q837,http://www.wikidata.org/entity/Q104872692,Middle Chaku Khola Hydropower Station,power plant,,
Nepal,Q837,http://www.wikidata.org/entity/Q104872688,Pikhuwa Khola Hydropower Station,power plant,,
Nepal,Q837,http://www.wikidata.org/entity/Q104872701,Radhi Small Hydropower Station,power plant,,
Nepal,Q837,http://www.wikidata.org/entity/Q104872847,Jogmai Khola Hydropower Station,power plant,,
Nepal,Q837,http://www.wikidata.org/entity/Q104872846,Khani Khola Hydropower Station,power plant,,
Nepal,Q837,http://www.wikidata.org/entity/Q104872704,Tadi Khola Hydropower Station,power plant,,
Nepal,Q837,http://www.wikidata.org/entity/Q104872716,Thapa Khola Hydropower Station,power plant,,
Nepal,Q837,http://www.wikidata.org/entity/Q104872842,Midim Khola Hydropower Station,power plant,,
Nepal,Q837,http://www.wikidata.org/entity/Q104872838,Nau Gad Khola Hydropower Station,power plant,,
Nepal,Q837,http://www.wikidata.org/entity/Q104872843,Sabha Khola Hydropower Station,power plant,,
Nepal,Q837,http://www.wikidata.org/entity/Q104873215,Chhandi Khola Hydropower Station,power plant,,
Nepal,Q837,http://www.wikidata.org/entity/Q104872839,Upper Hugdi Hydropower Station,power plant,,
Nepal,Q837,http://www.wikidata.org/entity/Q104872844,Tungun - Thosne Khola Hydropower Station,power plant,,
Nepal,Q837,http://www.wikidata.org/entity/Q104873213,Kabeli B1 Hydropower Station,power plant,,
Nepal,Q837,http://www.wikidata.org/entity/Q104873214,Lower Hewa Hydropower Station,power plant,,
Nepal,Q837,http://www.wikidata.org/entity/Q104873216,Puwa Khola-1 Hydropower Station,power plant,,
Nepal,Q837,http://www.wikidata.org/entity/Q104873210,Sardi Khola Hydropower Station,power plant,,
Nepal,Q837,http://www.wikidata.org/entity/Q104873217,Rudi A Hydropower Station,power plant,,
Nepal,Q837,http://www.wikidata.org/entity/Q104873209,Upper Puwa-1 Hydropower Station,power plant,,
Nepal,Q837,http://www.wikidata.org/entity/Q104879190,Chake Khola Hydropower Station,power plant,,
Spain,Q29,http://www.wikidata.org/entity/Q98059190,Q98059190,power plant,,
Spain,Q29,http://www.wikidata.org/entity/Q98059595,Q98059595,power plant,,
Spain,Q29,http://www.wikidata.org/entity/Q98060776,Q98060776,power plant,,
Spain,Q29,http://www.wikidata.org/entity/Q98060970,Q98060970,power plant,,
Spain,Q29,http://www.wikidata.org/entity/Q98061363,Q98061363,power plant,,
Spain,Q29,http://www.wikidata.org/entity/Q98061378,Q98061378,power plant,,
Spain,Q29,http://www.wikidata.org/entity/Q98061376,Q98061376,power plant,,
Spain,Q29,http://www.wikidata.org/entity/Q98061381,Q98061381,power plant,,
Spain,Q29,http://www.wikidata.org/entity/Q98061603,Q98061603,power plant,,
Spain,Q29,http://www.wikidata.org/entity/Q98500857,Q98500857,power plant,,
Spain,Q29,http://www.wikidata.org/entity/Q98502704,Q98502704,power plant,,
Spain,Q29,http://www.wikidata.org/entity/Q126192341,Q126192341,power plant,,
Spain,Q29,http://www.wikidata.org/entity/Q5760813,Q5760813,power plant,,
Spain,Q29,http://www.wikidata.org/entity/Q19713509,Q19713509,power plant,,
Spain,Q29,http://www.wikidata.org/entity/Q1519193,Station-to-Shuttle Power Transfer System,power plant,,
Spain,Q29,http://www.wikidata.org/entity/Q97627952,Fábrica de harinas La Comunal,power plant,,
Spain,Q29,http://www.wikidata.org/entity/Q97630780,Central Hidroeléctrica Mata Begid en Mata Begid,power plant,,
Spain,Q29,http://www.wikidata.org/entity/Q97630981,Central Hidroeléctrica Nuestra Señora de las Mercedes,power plant,,
Spain,Q29,http://www.wikidata.org/entity/Q97631032,Central Hidroeléctrica Nuestra Señora del Carmen,power plant,,
Spain,Q29,http://www.wikidata.org/entity/Q97631033,Central Hidroeléctrica San Ildefonso,power plant,,
Spain,Q29,http://www.wikidata.org/entity/Q97632225,Fábrica Luz,power plant,,
Spain,Q29,http://www.wikidata.org/entity/Q97639787,Subcentral de la Compañía Sevillana de Electricidad,power plant,,
Spain,Q29,http://www.wikidata.org/entity/Q97643026,Centro histórico de Villanueva del Río y Minas,power plant,,
Spain,Q29,http://www.wikidata.org/entity/Q98058054,Fábrica de Electricidad de Alboloduy,power plant,,
Spain,Q29,http://www.wikidata.org/entity/Q3720945,El Marquesado Wind Farm,power plant,,
Spain,Q29,http://www.wikidata.org/entity/Q47068188,Q47068188,power plant,,
Spain,Q29,http://www.wikidata.org/entity/Q24808983,Central tèrmica del Besòs,power plant,,
Spain,Q29,http://www.wikidata.org/entity/Q28868022,Montamarta wind farm,power plant,,
Spain,Q29,http://www.wikidata.org/entity/Q132798414,Alcúdia power plant,power plant,,
Spain,Q29,http://www.wikidata.org/entity/Q117770923,Q117770923,power plant,,
Spain,Q29,http://www.wikidata.org/entity/Q111306673,Tharsis Wind Farm,power plant,,
Spain,Q29,http://www.wikidata.org/entity/Q6063224,Q6063224,power plant,,
Spain,Q29,http://www.wikidata.org/entity/Q12005252,Q12005252,power plant,,
Spain,Q29,http://www.wikidata.org/entity/Q17748179,Q17748179,power plant,,
Spain,Q29,http://www.wikidata.org/entity/Q17748180,Q17748180,power plant,,
Spain,Q29,http://www.wikidata.org/entity/Q17748399,Q17748399,power plant,,
Spain,Q29,http://www.wikidata.org/entity/Q97633472,Central Térmica de la Misericordia,power plant,,
Spain,Q29,http://www.wikidata.org/entity/Q132449465,Los Almeriques Wind Farm,power plant,,
Spain,Q29,http://www.wikidata.org/entity/Q98502705,Q98502705,power plant,,
Spain,Q29,http://www.wikidata.org/entity/Q111210955,Q111210955,power plant,,
Spain,Q29,http://www.wikidata.org/entity/Q97630776,Central Hidroeléctrica Eclectra Guzmán,power plant,,
Spain,Q29,http://www.wikidata.org/entity/Q97630777,Central Hidroeléctrica Piedra Romera,power plant,,
Spain,Q29,http://www.wikidata.org/entity/Q97630795,Central Hidroeléctrica Castillo de San Marcos,power plant,,
Spain,Q29,http://www.wikidata.org/entity/Q97630794,Central Hidroeléctrica San Manuel en Arbuniel,power plant,,
Spain,Q29,http://www.wikidata.org/entity/Q97630799,Central Hidroeléctrica Nuestra Señora de los Ángeles,power plant,,
Spain,Q29,http://www.wikidata.org/entity/Q97630802,Central Hidroeléctrica Palomarejo,power plant,,
Spain,Q29,http://www.wikidata.org/entity/Q97630800,Central Hidroeléctrica Molino Viejo,power plant,,
Spain,Q29,http://www.wikidata.org/entity/Q97630804,Central Hidroeléctrica Puente de la Sierra,power plant,,
Spain,Q29,http://www.wikidata.org/entity/Q97630811,Central Hidroeléctrica Las Veguetas,power plant,,
Spain,Q29,http://www.wikidata.org/entity/Q97630814,Central Hidroeléctrica Río Frío,power plant,,
Spain,Q29,http://www.wikidata.org/entity/Q97630815,Central Hidroeléctrica Garcíez,power plant,,
Spain,Q29,http://www.wikidata.org/entity/Q97630819,Central Hidroeléctrica Nuestra Señora de Tiscar,power plant,,
Spain,Q29,http://www.wikidata.org/entity/Q97630816,Central Hidroeléctrica El Arquillo,power plant,,
Spain,Q29,http://www.wikidata.org/entity/Q97630817,Central Hidroeléctrica La Canal,power plant,,
Spain,Q29,http://www.wikidata.org/entity/Q97630978,Central Hidroeléctrica El Despeñadero en Bobadilla,power plant,,
Spain,Q29,http://www.wikidata.org/entity/Q97630991,Central Hidroeléctrica Santísima Trinidad en Arbuniel,power plant,,
Spain,Q29,http://www.wikidata.org/entity/Q97630988,Central Hidroeléctrica San José,power plant,,
Spain,Q29,http://www.wikidata.org/entity/Q97652457,Central Hidroeléctrica Puente Nuevo,power plant,,
Spain,Q29,http://www.wikidata.org/entity/Q98059635,Q98059635,power plant,,
Spain,Q29,http://www.wikidata.org/entity/Q5760801,Q5760801,power plant,,
Spain,Q29,http://www.wikidata.org/entity/Q12262129,Q12262129,power plant,,
Spain,Q29,http://www.wikidata.org/entity/Q24279041,Q24279041,power plant,,
Spain,Q29,http://www.wikidata.org/entity/Q115185472,Q115185472,power plant,,
New Zealand,Q664,http://www.wikidata.org/entity/Q130302252,Twin Rivers Solar Farm,power plant,,
Chile,Q298,http://www.wikidata.org/entity/Q83802995,Río Colorado hydroelectric power station,power plant,,
Chile,Q298,http://www.wikidata.org/entity/Q6062884,Q6062884,power plant,,
Chile,Q298,http://www.wikidata.org/entity/Q6062888,Q6062888,power plant,,
Chile,Q298,http://www.wikidata.org/entity/Q6142832,Q6142832,power plant,,
Chile,Q298,http://www.wikidata.org/entity/Q18395336,Q18395336,power plant,,
Chile,Q298,http://www.wikidata.org/entity/Q4774882,Antilhue II Power Plant,power plant,,
Chile,Q298,http://www.wikidata.org/entity/Q4774883,Antilhue I Power Plant,power plant,,
Chile,Q298,http://www.wikidata.org/entity/Q5760784,Laja hydroelectric power plant,power plant,,
Chile,Q298,http://www.wikidata.org/entity/Q21503402,Mediterráneo hydroelectric power plant,power plant,,
Chile,Q298,http://www.wikidata.org/entity/Q6987923,Nehuenco II Power Plant,power plant,,
Chile,Q298,http://www.wikidata.org/entity/Q6987931,Nehuenco Power Plant,power plant,,
Chile,Q298,http://www.wikidata.org/entity/Q7194234,Pilmaiquén Hydroelectric Plant,power plant,,
Chile,Q298,http://www.wikidata.org/entity/Q7259472,Pullinque Hydroelectric Plant,power plant,,
Chile,Q298,http://www.wikidata.org/entity/Q42381166,Guayacán hydroelectric power plant,power plant,,
Chile,Q298,http://www.wikidata.org/entity/Q65550892,Parque eólico Alto Baguales,power plant,,
Chile,Q298,http://www.wikidata.org/entity/Q67753371,La Mina hydroelectric power plant,power plant,,
Chile,Q298,http://www.wikidata.org/entity/Q67759406,Chacabuquito hydroelectric power plant,power plant,,
Chile,Q298,http://www.wikidata.org/entity/Q67761328,San Ignacio hydroelectric power plant,power plant,,
Chile,Q298,http://www.wikidata.org/entity/Q67763466,Juncal hydroelectric power plant,power plant,,
Chile,Q298,http://www.wikidata.org/entity/Q67764155,Juncalito hydroelectric power plant,power plant,,
Chile,Q298,http://www.wikidata.org/entity/Q67765081,Blanco hydroelectric power plant,power plant,,
Chile,Q298,http://www.wikidata.org/entity/Q67769289,Los Quilos hydroelectric power plant,power plant,,
Chile,Q298,http://www.wikidata.org/entity/Q68017349,Itata hydroelectric power plant,power plant,,
Chile,Q298,http://www.wikidata.org/entity/Q68489820,Pangal hydroelectric power plant,power plant,,
Chile,Q298,http://www.wikidata.org/entity/Q68580118,Puntilla hydroelectric power station,power plant,,
Chile,Q298,http://www.wikidata.org/entity/Q118488414,Q118488414,power plant,,
Chile,Q298,http://www.wikidata.org/entity/Q76762848,Loma Alta hydroelectric power plant,power plant,,
Mexico,Q96,http://www.wikidata.org/entity/Q11999227,Q11999227,power plant,,
Mexico,Q96,http://www.wikidata.org/entity/Q12007948,Q12007948,power plant,,
Mexico,Q96,http://www.wikidata.org/entity/Q131832366,Dos Bocas power station,power plant,,
Mexico,Q96,http://www.wikidata.org/entity/Q109311137,Q109311137,power plant,,
Mexico,Q96,http://www.wikidata.org/entity/Q111782044,Q111782044,power plant,,
Mexico,Q96,http://www.wikidata.org/entity/Q133838495,Q133838495,power plant,,
Mexico,Q96,http://www.wikidata.org/entity/Q134315886,Q134315886,power plant,,
Mexico,Q96,http://www.wikidata.org/entity/Q134383724,Q134383724,power plant,,
Pakistan,Q843,http://www.wikidata.org/entity/Q122973498,Balakot Hydropower Project,power plant,,
Pakistan,Q843,http://www.wikidata.org/entity/Q123085059,Gwadar Coal–Power Plant,power plant,,
Pakistan,Q843,http://www.wikidata.org/entity/Q96376144,Deg outfall hydropower project Sheikhupura,power plant,,
Pakistan,Q843,http://www.wikidata.org/entity/Q96385506,Katzarah Dam,power plant,,
Pakistan,Q843,http://www.wikidata.org/entity/Q17003531,Pelar Dam,power plant,,
Pakistan,Q843,http://www.wikidata.org/entity/Q17060563,Gadani Energy Park,power plant,,
Pakistan,Q843,http://www.wikidata.org/entity/Q4700783,Akhori Dam,power plant,,
Pakistan,Q843,http://www.wikidata.org/entity/Q4997718,Bunji Dam,power plant,,
Pakistan,Q843,http://www.wikidata.org/entity/Q20020400,Matiltan Hydropower Project,power plant,,
Pakistan,Q843,http://www.wikidata.org/entity/Q6446492,Kurram Tangi Dam,power plant,,
Pakistan,Q843,http://www.wikidata.org/entity/Q6981229,Naulong Dam,power plant,,
Pakistan,Q843,http://www.wikidata.org/entity/Q7635878,Sukleji Dam,power plant,,
Pakistan,Q843,http://www.wikidata.org/entity/Q28223499,Jabori hydro power project,power plant,,
Pakistan,Q843,http://www.wikidata.org/entity/Q109236413,Papin Dam,power plant,,
Pakistan,Q843,http://www.wikidata.org/entity/Q109238034,Murunj Dam,power plant,,
Pakistan,Q843,http://www.wikidata.org/entity/Q109238042,Shyok Dam,power plant,,
Pakistan,Q843,http://www.wikidata.org/entity/Q109254581,Daraban Zam Dam,power plant,,
Pakistan,Q843,http://www.wikidata.org/entity/Q109254576,Tank Zam Dam,power plant,,
Pakistan,Q843,http://www.wikidata.org/entity/Q109255048,Bhimber Dam,power plant,,
Pakistan,Q843,http://www.wikidata.org/entity/Q109258049,Chiniot Dam,power plant,,
Pakistan,Q843,http://www.wikidata.org/entity/Q110975775,Port Qasim Coal Power Plant,power plant,,
Pakistan,Q843,http://www.wikidata.org/entity/Q113038895,Lawi Hydro Power Project,power plant,,
Pakistan,Q843,http://www.wikidata.org/entity/Q113468467,Chitral hydel power,power plant,,
Latvia,Q211,http://www.wikidata.org/entity/Q4155235,Q4155235,power plant,,
Ukraine,Q212,http://www.wikidata.org/entity/Q61373285,Lymanska solar plant,power plant,,
Ukraine,Q212,http://www.wikidata.org/entity/Q106414232,Q106414232,power plant,,
Ukraine,Q212,http://www.wikidata.org/entity/Q106414233,Q106414233,power plant,,
Ukraine,Q212,http://www.wikidata.org/entity/Q124152922,Kanevskaya Hydroelectric Power Plant,power plant,,
Ukraine,Q212,http://www.wikidata.org/entity/Q30973610,Q30973610,power plant,,
Ukraine,Q212,http://www.wikidata.org/entity/Q20074188,Buchach HES,power plant,,
Ukraine,Q212,http://www.wikidata.org/entity/Q84814194,Q84814194,power plant,,
Ukraine,Q212,http://www.wikidata.org/entity/Q84814210,Q84814210,power plant,,
Ukraine,Q212,http://www.wikidata.org/entity/Q84814224,Q84814224,power plant,,
Ukraine,Q212,http://www.wikidata.org/entity/Q84814239,Q84814239,power plant,,
Ukraine,Q212,http://www.wikidata.org/entity/Q63226021,Dychkiv HES,power plant,,
Ukraine,Q212,http://www.wikidata.org/entity/Q4497334,Q4497334,power plant,,
Ukraine,Q212,http://www.wikidata.org/entity/Q16698913,Power station of Zasyadko coal mine,power plant,,
Ukraine,Q212,http://www.wikidata.org/entity/Q11982541,Q11982541,power plant,,
Ukraine,Q212,http://www.wikidata.org/entity/Q12086812,Q12086812,power plant,,
Ukraine,Q212,http://www.wikidata.org/entity/Q12101385,Q12101385,power plant,,
Ukraine,Q212,http://www.wikidata.org/entity/Q12107862,Q12107862,power plant,,
Ukraine,Q212,http://www.wikidata.org/entity/Q12114144,Q12114144,power plant,,
Ukraine,Q212,http://www.wikidata.org/entity/Q12119090,Q12119090,power plant,,
Ukraine,Q212,http://www.wikidata.org/entity/Q12123539,Q12123539,power plant,,
Ukraine,Q212,http://www.wikidata.org/entity/Q12158666,Q12158666,power plant,,
Ukraine,Q212,http://www.wikidata.org/entity/Q12158966,Q12158966,power plant,,
Ukraine,Q212,http://www.wikidata.org/entity/Q12169757,Q12169757,power plant,,
Ukraine,Q212,http://www.wikidata.org/entity/Q12171937,Q12171937,power plant,,
Ukraine,Q212,http://www.wikidata.org/entity/Q16704414,Q16704414,power plant,,
Ukraine,Q212,http://www.wikidata.org/entity/Q16710581,Q16710581,power plant,,
Ukraine,Q212,http://www.wikidata.org/entity/Q16716990,Q16716990,power plant,,
Ukraine,Q212,http://www.wikidata.org/entity/Q23769548,Q23769548,power plant,,
Ukraine,Q212,http://www.wikidata.org/entity/Q97380220,Zaporizhia wind farm,power plant,,
Ukraine,Q212,http://www.wikidata.org/entity/Q25421634,Q25421634,power plant,,
Ukraine,Q212,http://www.wikidata.org/entity/Q11965827,Dobrotvir power station,power plant,,
Ukraine,Q212,http://www.wikidata.org/entity/Q11982929,Ladyzhyn power plant,power plant,,
Ukraine,Q212,http://www.wikidata.org/entity/Q12099561,Darnytska TEC,power plant,,
Ukraine,Q212,http://www.wikidata.org/entity/Q12110202,Kyiv CHP-5,power plant,,
Ukraine,Q212,http://www.wikidata.org/entity/Q12110203,Kyiv TEC 6,power plant,,
Ukraine,Q212,http://www.wikidata.org/entity/Q12114491,Kremenchuk thermal power station,power plant,,
Ukraine,Q212,http://www.wikidata.org/entity/Q12135205,Odesa heat and power plant,power plant,,
Ukraine,Q212,http://www.wikidata.org/entity/Q12159431,Simferopol thermal power plant,power plant,,
Ukraine,Q212,http://www.wikidata.org/entity/Q12166921,Kharkiv CHP-3,power plant,,
Ukraine,Q212,http://www.wikidata.org/entity/Q4194634,Zuivka state district power station,power plant,,
Ukraine,Q212,http://www.wikidata.org/entity/Q48940619,Q48940619,power plant,,
Ukraine,Q212,http://www.wikidata.org/entity/Q6665156,Chernihiv Heat and Power Station,power plant,,
Ukraine,Q212,http://www.wikidata.org/entity/Q122579199,First power-station in Zaporizhzhia,power plant,,
Ukraine,Q212,http://www.wikidata.org/entity/Q55663131,Q55663131,power plant,,
Ukraine,Q212,http://www.wikidata.org/entity/Q55778907,Q55778907,power plant,,
Ukraine,Q212,http://www.wikidata.org/entity/Q60850187,Q60850187,power plant,,
Ukraine,Q212,http://www.wikidata.org/entity/Q61116391,Q61116391,power plant,,
Ukraine,Q212,http://www.wikidata.org/entity/Q61373120,Q61373120,power plant,,
Ukraine,Q212,http://www.wikidata.org/entity/Q61373186,Q61373186,power plant,,
Ukraine,Q212,http://www.wikidata.org/entity/Q134300410,Dnistrovska wind farm,power plant,,
Indonesia,Q252,http://www.wikidata.org/entity/Q11959267,Q11959267,power plant,,
Indonesia,Q252,http://www.wikidata.org/entity/Q12501587,Q12501587,power plant,,
Indonesia,Q252,http://www.wikidata.org/entity/Q17760654,Q17760654,power plant,,
Indonesia,Q252,http://www.wikidata.org/entity/Q19376786,Q19376786,power plant,,
Indonesia,Q252,http://www.wikidata.org/entity/Q19384533,Q19384533,power plant,,
Indonesia,Q252,http://www.wikidata.org/entity/Q19385028,Q19385028,power plant,,
Indonesia,Q252,http://www.wikidata.org/entity/Q19730960,Q19730960,power plant,,
Indonesia,Q252,http://www.wikidata.org/entity/Q134727881,Q134727881,power plant,,
Indonesia,Q252,http://www.wikidata.org/entity/Q25456342,Q25456342,power plant,,
Indonesia,Q252,http://www.wikidata.org/entity/Q25476627,Q25476627,power plant,,
Indonesia,Q252,http://www.wikidata.org/entity/Q25476639,Q25476639,power plant,,
Indonesia,Q252,http://www.wikidata.org/entity/Q25476663,Q25476663,power plant,,
Indonesia,Q252,http://www.wikidata.org/entity/Q25476679,Q25476679,power plant,,
Indonesia,Q252,http://www.wikidata.org/entity/Q28725586,Q28725586,power plant,,
Indonesia,Q252,http://www.wikidata.org/entity/Q31172910,Q31172910,power plant,,
Indonesia,Q252,http://www.wikidata.org/entity/Q31172912,Q31172912,power plant,,
Indonesia,Q252,http://www.wikidata.org/entity/Q31172971,Q31172971,power plant,,
Indonesia,Q252,http://www.wikidata.org/entity/Q31173390,Q31173390,power plant,,
Indonesia,Q252,http://www.wikidata.org/entity/Q17750851,Brantas Power Plant,power plant,,
Indonesia,Q252,http://www.wikidata.org/entity/Q56398861,Q56398861,power plant,,
Indonesia,Q252,http://www.wikidata.org/entity/Q65205423,Q65205423,power plant,,
Indonesia,Q252,http://www.wikidata.org/entity/Q97217940,Q97217940,power plant,,
Indonesia,Q252,http://www.wikidata.org/entity/Q97218149,Q97218149,power plant,,
Indonesia,Q252,http://www.wikidata.org/entity/Q97218171,Q97218171,power plant,,
Indonesia,Q252,http://www.wikidata.org/entity/Q97307657,Q97307657,power plant,,
Indonesia,Q252,http://www.wikidata.org/entity/Q97308866,Q97308866,power plant,,
Indonesia,Q252,http://www.wikidata.org/entity/Q116792084,Q116792084,power plant,,
Indonesia,Q252,http://www.wikidata.org/entity/Q109442063,hydroelectric power station Tulis,power plant,,
Argentina,Q414,http://www.wikidata.org/entity/Q5760836,Q5760836,power plant,,
Argentina,Q414,http://www.wikidata.org/entity/Q6062913,Q6062913,power plant,,
Argentina,Q414,http://www.wikidata.org/entity/Q17762758,Q17762758,power plant,,
Argentina,Q414,http://www.wikidata.org/entity/Q19375967,Q19375967,power plant,,
Argentina,Q414,http://www.wikidata.org/entity/Q4736821,Alto Valle thermal power plant,power plant,,
Argentina,Q414,http://www.wikidata.org/entity/Q6062903,Loma Blanca Wind farm,power plant,,
Argentina,Q414,http://www.wikidata.org/entity/Q132450842,Usina de Puerto Nuevo,power plant,,
Argentina,Q414,http://www.wikidata.org/entity/Q133843571,Arauco Wind farm,power plant,,
Argentina,Q414,http://www.wikidata.org/entity/Q6062516,Q6062516,power plant,,
South Africa,Q258,http://www.wikidata.org/entity/Q3664629,Q3664629,power plant,,
South Africa,Q258,http://www.wikidata.org/entity/Q19382928,Q19382928,power plant,,
South Africa,Q258,http://www.wikidata.org/entity/Q17083839,"President Street Power Station, Johannesburg",power plant,,
South Africa,Q258,http://www.wikidata.org/entity/Q111943078,Kibo Gauteng Thermal Power Station,power plant,,
Estonia,Q191,http://www.wikidata.org/entity/Q111722148,Nõmmeveski hydroelectric power station,power plant,,
Estonia,Q191,http://www.wikidata.org/entity/Q20530855,Q20530855,power plant,,
Estonia,Q191,http://www.wikidata.org/entity/Q31271930,Q31271930,power plant,,
Estonia,Q191,http://www.wikidata.org/entity/Q65255502,Q65255502,power plant,,
Estonia,Q191,http://www.wikidata.org/entity/Q65264891,Q65264891,power plant,,
Estonia,Q191,http://www.wikidata.org/entity/Q97231653,Q97231653,power plant,,
Estonia,Q191,http://www.wikidata.org/entity/Q56293369,Hiiumaa Offshore Wind Farm,power plant,,
Estonia,Q191,http://www.wikidata.org/entity/Q97286449,Q97286449,power plant,,
Estonia,Q191,http://www.wikidata.org/entity/Q58024513,Tartu Power Plant,power plant,,
Estonia,Q191,http://www.wikidata.org/entity/Q109159719,Q109159719,power plant,,
South Korea,Q884,http://www.wikidata.org/entity/Q11973451,Q11973451,power plant,,
South Korea,Q884,http://www.wikidata.org/entity/Q11977023,Q11977023,power plant,,
South Korea,Q884,http://www.wikidata.org/entity/Q17764358,Q17764358,power plant,,
South Korea,Q884,http://www.wikidata.org/entity/Q19376686,Q19376686,power plant,,
South Korea,Q884,http://www.wikidata.org/entity/Q19398896,Q19398896,power plant,,
South Korea,Q884,http://www.wikidata.org/entity/Q19794300,Q19794300,power plant,,
South Korea,Q884,http://www.wikidata.org/entity/Q21060856,Q21060856,power plant,,
South Korea,Q884,http://www.wikidata.org/entity/Q12581428,LG Taean Solar Power Plant,power plant,,
South Korea,Q884,http://www.wikidata.org/entity/Q7521767,Sinan Solar Power Plant,power plant,,
South Korea,Q884,http://www.wikidata.org/entity/Q65239653,Q65239653,power plant,,
Denmark,Q35,http://www.wikidata.org/entity/Q11993202,Q11993202,power plant,,
Denmark,Q35,http://www.wikidata.org/entity/Q11997920,Q11997920,power plant,,
Denmark,Q35,http://www.wikidata.org/entity/Q19374485,Q19374485,power plant,,
Denmark,Q35,http://www.wikidata.org/entity/Q12344120,Wave Star,power plant,,
Denmark,Q35,http://www.wikidata.org/entity/Q26921064,Vesterhav Offshore Wind Farm,power plant,,
Portugal,Q45,http://www.wikidata.org/entity/Q11957608,Q11957608,power plant,,
Portugal,Q45,http://www.wikidata.org/entity/Q11983224,Q11983224,power plant,,
Portugal,Q45,http://www.wikidata.org/entity/Q11995064,Q11995064,power plant,,
Portugal,Q45,http://www.wikidata.org/entity/Q11997744,Q11997744,power plant,,
Portugal,Q45,http://www.wikidata.org/entity/Q12000569,Q12000569,power plant,,
Portugal,Q45,http://www.wikidata.org/entity/Q17761900,Q17761900,power plant,,
Portugal,Q45,http://www.wikidata.org/entity/Q18483250,Q18483250,power plant,,
Portugal,Q45,http://www.wikidata.org/entity/Q96870972,Central Termoelétrica de Sines,power plant,,
Portugal,Q45,http://www.wikidata.org/entity/Q18483259,Central Termoelétrica de Setúbal,power plant,,
Portugal,Q45,http://www.wikidata.org/entity/Q4783614,Arada-Montemuro Wind Farm,power plant,,
Portugal,Q45,http://www.wikidata.org/entity/Q7695247,Tejo Energia,power plant,,
Portugal,Q45,http://www.wikidata.org/entity/Q7920271,Ventominho Wind Farm,power plant,,
Portugal,Q45,http://www.wikidata.org/entity/Q9720561,Central Termoelétrica do Carregado,power plant,,
Portugal,Q45,http://www.wikidata.org/entity/Q118877142,Central Nuclear de Ferrel,power plant,,
Belarus,Q184,http://www.wikidata.org/entity/Q11158383,Q11158383,power plant,,
Belarus,Q184,http://www.wikidata.org/entity/Q13028899,Q13028899,power plant,,
Belarus,Q184,http://www.wikidata.org/entity/Q13028896,Q13028896,power plant,,
Belarus,Q184,http://www.wikidata.org/entity/Q13028897,Q13028897,power plant,,
Belarus,Q184,http://www.wikidata.org/entity/Q13030267,Q13030267,power plant,,
Belarus,Q184,http://www.wikidata.org/entity/Q13030297,Q13030297,power plant,,
Belarus,Q184,http://www.wikidata.org/entity/Q13030943,Q13030943,power plant,,
Belarus,Q184,http://www.wikidata.org/entity/Q13031784,Q13031784,power plant,,
Belarus,Q184,http://www.wikidata.org/entity/Q17043351,Q17043351,power plant,,
Belarus,Q184,http://www.wikidata.org/entity/Q18401822,Q18401822,power plant,,
Belarus,Q184,http://www.wikidata.org/entity/Q23072172,Q23072172,power plant,,
Belarus,Q184,http://www.wikidata.org/entity/Q47258752,Q47258752,power plant,,
Belarus,Q184,http://www.wikidata.org/entity/Q47388479,Q47388479,power plant,,
Belarus,Q184,http://www.wikidata.org/entity/Q47391530,Q47391530,power plant,,
Belarus,Q184,http://www.wikidata.org/entity/Q81727384,Q81727384,power plant,,
Belarus,Q184,http://www.wikidata.org/entity/Q112112848,Q112112848,power plant,,
Belarus,Q184,http://www.wikidata.org/entity/Q113146107,Q113146107,power plant,,
Belarus,Q184,http://www.wikidata.org/entity/Q114025609,Q114025609,power plant,,
Belarus,Q184,http://www.wikidata.org/entity/Q122082284,Q122082284,power plant,,
Belarus,Q184,http://www.wikidata.org/entity/Q113904552,Hrodna thermal power plant-2,power plant,,
Malaysia,Q833,http://www.wikidata.org/entity/Q7331800,Q7331800,power plant,,
Malaysia,Q833,http://www.wikidata.org/entity/Q12709664,Q12709664,power plant,,
Croatia,Q224,http://www.wikidata.org/entity/Q11981880,Q11981880,power plant,,
Croatia,Q224,http://www.wikidata.org/entity/Q12011138,Q12011138,power plant,,
Croatia,Q224,http://www.wikidata.org/entity/Q12643203,Q12643203,power plant,,
Croatia,Q224,http://www.wikidata.org/entity/Q16113471,Q16113471,power plant,,
Croatia,Q224,http://www.wikidata.org/entity/Q19388555,Q19388555,power plant,,
Croatia,Q224,http://www.wikidata.org/entity/Q65134109,Glunča Wind Farm,power plant,,
Croatia,Q224,http://www.wikidata.org/entity/Q105818979,Jasenice Wind Farm,power plant,,
Bulgaria,Q219,http://www.wikidata.org/entity/Q11965698,Q11965698,power plant,,
Bulgaria,Q219,http://www.wikidata.org/entity/Q12295924,Q12295924,power plant,,
Bulgaria,Q219,http://www.wikidata.org/entity/Q5286739,Dobrin Wind Farm,power plant,,
Bulgaria,Q219,http://www.wikidata.org/entity/Q7200832,Plambeck Bulgarian Wind Farm,power plant,,
Bulgaria,Q219,http://www.wikidata.org/entity/Q7601372,Stara Planina Wind Farm,power plant,,
Bulgaria,Q219,http://www.wikidata.org/entity/Q115857828,Usteto Hydro Power Plant,power plant,,
Sri Lanka,Q854,http://www.wikidata.org/entity/Q11979926,Q11979926,power plant,,
Sri Lanka,Q854,http://www.wikidata.org/entity/Q11999225,Q11999225,power plant,,
Sri Lanka,Q854,http://www.wikidata.org/entity/Q96398999,Pettah Power Station,power plant,,
Sri Lanka,Q854,http://www.wikidata.org/entity/Q48727212,KCHT Power Station,power plant,,
Egypt,Q79,http://www.wikidata.org/entity/Q96955802,Zafarana wind farm,power plant,,
Egypt,Q79,http://www.wikidata.org/entity/Q117090113,Q117090113,power plant,,
Egypt,Q79,http://www.wikidata.org/entity/Q119041234,Q119041234,power plant,,
Bangladesh,Q902,http://www.wikidata.org/entity/Q11963570,Q11963570,power plant,,
Bangladesh,Q902,http://www.wikidata.org/entity/Q21447946,Q21447946,power plant,,
Bangladesh,Q902,http://www.wikidata.org/entity/Q25426589,Q25426589,power plant,,
Bangladesh,Q902,http://www.wikidata.org/entity/Q111265809,Q111265809,power plant,,
Bangladesh,Q902,http://www.wikidata.org/entity/Q111795944,Q111795944,power plant,,
Iceland,Q189,http://www.wikidata.org/entity/Q12003934,Q12003934,power plant,,
Iceland,Q189,http://www.wikidata.org/entity/Q16419459,Q16419459,power plant,,
Iceland,Q189,http://www.wikidata.org/entity/Q16419488,Q16419488,power plant,,
Iceland,Q189,http://www.wikidata.org/entity/Q16419605,Q16419605,power plant,,
Iceland,Q189,http://www.wikidata.org/entity/Q16420165,Q16420165,power plant,,
Iceland,Q189,http://www.wikidata.org/entity/Q16420489,Q16420489,power plant,,
Iceland,Q189,http://www.wikidata.org/entity/Q16420845,Q16420845,power plant,,
Iceland,Q189,http://www.wikidata.org/entity/Q16421460,Q16421460,power plant,,
Iceland,Q189,http://www.wikidata.org/entity/Q16421655,Q16421655,power plant,,
Iceland,Q189,http://www.wikidata.org/entity/Q16422592,Q16422592,power plant,,
Iceland,Q189,http://www.wikidata.org/entity/Q16422820,Q16422820,power plant,,
Iceland,Q189,http://www.wikidata.org/entity/Q16422852,Q16422852,power plant,,
Iceland,Q189,http://www.wikidata.org/entity/Q16424023,Q16424023,power plant,,
Iceland,Q189,http://www.wikidata.org/entity/Q16424179,Q16424179,power plant,,
Iceland,Q189,http://www.wikidata.org/entity/Q16424373,Q16424373,power plant,,
Iceland,Q189,http://www.wikidata.org/entity/Q16425219,Q16425219,power plant,,
Iceland,Q189,http://www.wikidata.org/entity/Q16427351,Q16427351,power plant,,
Iceland,Q189,http://www.wikidata.org/entity/Q16427787,Q16427787,power plant,,
Iceland,Q189,http://www.wikidata.org/entity/Q16428212,Q16428212,power plant,,
Iceland,Q189,http://www.wikidata.org/entity/Q16428252,Q16428252,power plant,,
Iceland,Q189,http://www.wikidata.org/entity/Q16428339,Q16428339,power plant,,
Iceland,Q189,http://www.wikidata.org/entity/Q16428542,Q16428542,power plant,,
Iceland,Q189,http://www.wikidata.org/entity/Q16428593,Q16428593,power plant,,
Iceland,Q189,http://www.wikidata.org/entity/Q16429130,Q16429130,power plant,,
Iceland,Q189,http://www.wikidata.org/entity/Q16429151,Q16429151,power plant,,
Iceland,Q189,http://www.wikidata.org/entity/Q16429520,Q16429520,power plant,,
Iceland,Q189,http://www.wikidata.org/entity/Q16430210,Q16430210,power plant,,
Iceland,Q189,http://www.wikidata.org/entity/Q16430613,Q16430613,power plant,,
Iceland,Q189,http://www.wikidata.org/entity/Q19374850,Q19374850,power plant,,
Iceland,Q189,http://www.wikidata.org/entity/Q740329,Sog hydroelectric power station,power plant,,
Iceland,Q189,http://www.wikidata.org/entity/Q16426312,Skeiðsfoss power station,power plant,,
Iceland,Q189,http://www.wikidata.org/entity/Q114415924,Q114415924,power plant,,
Philippines,Q928,http://www.wikidata.org/entity/Q11962996,Q11962996,power plant,,
Philippines,Q928,http://www.wikidata.org/entity/Q11963250,Q11963250,power plant,,
Philippines,Q928,http://www.wikidata.org/entity/Q11984065,Q11984065,power plant,,
Philippines,Q928,http://www.wikidata.org/entity/Q12717605,Q12717605,power plant,,
Philippines,Q928,http://www.wikidata.org/entity/Q107087284,Balaoi and Caunayan Wind Farm,power plant,,
Philippines,Q928,http://www.wikidata.org/entity/Q113457448,Palinpinon Power Plant,power plant,,
Algeria,Q262,http://www.wikidata.org/entity/Q125496286,Q125496286,power plant,,
Algeria,Q262,http://www.wikidata.org/entity/Q125496287,Q125496287,power plant,,
Algeria,Q262,http://www.wikidata.org/entity/Q125496288,Q125496288,power plant,,
Algeria,Q262,http://www.wikidata.org/entity/Q125496302,Q125496302,power plant,,
Algeria,Q262,http://www.wikidata.org/entity/Q125496301,Q125496301,power plant,,
Serbia,Q403,http://www.wikidata.org/entity/Q10982911,Q10982911,power plant,,
Serbia,Q403,http://www.wikidata.org/entity/Q20438232,Q20438232,power plant,,
Serbia,Q403,http://www.wikidata.org/entity/Q25463713,Q25463713,power plant,,
Serbia,Q403,http://www.wikidata.org/entity/Q31183288,Q31183288,power plant,,
Serbia,Q403,http://www.wikidata.org/entity/Q52162217,Q52162217,power plant,,
Serbia,Q403,http://www.wikidata.org/entity/Q61126575,Q61126575,power plant,,
Serbia,Q403,http://www.wikidata.org/entity/Q61126590,Q61126590,power plant,,
Serbia,Q403,http://www.wikidata.org/entity/Q61126613,Q61126613,power plant,,
Serbia,Q403,http://www.wikidata.org/entity/Q61126684,Q61126684,power plant,,
Serbia,Q403,http://www.wikidata.org/entity/Q61128480,Q61128480,power plant,,
Serbia,Q403,http://www.wikidata.org/entity/Q61128583,Q61128583,power plant,,
Serbia,Q403,http://www.wikidata.org/entity/Q61128719,Q61128719,power plant,,
Serbia,Q403,http://www.wikidata.org/entity/Q61129188,Q61129188,power plant,,
Serbia,Q403,http://www.wikidata.org/entity/Q61129256,Q61129256,power plant,,
Serbia,Q403,http://www.wikidata.org/entity/Q61133709,Q61133709,power plant,,
Serbia,Q403,http://www.wikidata.org/entity/Q65203098,Q65203098,power plant,,
Serbia,Q403,http://www.wikidata.org/entity/Q12760846,Hydroelectric power plant Vučje,power plant,,
Serbia,Q403,http://www.wikidata.org/entity/Q117357193,Q117357193,power plant,,
Serbia,Q403,http://www.wikidata.org/entity/Q106414235,Q106414235,power plant,,
Hungary,Q28,http://www.wikidata.org/entity/Q855521,Q855521,power plant,,
Hungary,Q28,http://www.wikidata.org/entity/Q872662,Q872662,power plant,,
Hungary,Q28,http://www.wikidata.org/entity/Q990820,Q990820,power plant,,
Hungary,Q28,http://www.wikidata.org/entity/Q1301411,Q1301411,power plant,,
Hungary,Q28,http://www.wikidata.org/entity/Q1462581,Q1462581,power plant,,
Hungary,Q28,http://www.wikidata.org/entity/Q1179349,Mosonszolnok Wind Farm,power plant,,
Hungary,Q28,http://www.wikidata.org/entity/Q97342955,Bábolna wind farm,power plant,,
Hungary,Q28,http://www.wikidata.org/entity/Q16991505,Veszprém Wind Farm,power plant,,
Hungary,Q28,http://www.wikidata.org/entity/Q20438851,Levél wind farm,power plant,,
Hungary,Q28,http://www.wikidata.org/entity/Q7385849,Rábaköz Wind Farm,power plant,,
Hungary,Q28,http://www.wikidata.org/entity/Q909185,Dorog Power Plant,power plant,,
Belgium,Q31,http://www.wikidata.org/entity/Q19397749,Q19397749,power plant,,
Belgium,Q31,http://www.wikidata.org/entity/Q59195368,Q59195368,power plant,,
Belgium,Q31,http://www.wikidata.org/entity/Q106837215,Angleur Power Plant,power plant,,
Belgium,Q31,http://www.wikidata.org/entity/Q134172203,Q134172203,power plant,,
United Arab Emirates,Q878,http://www.wikidata.org/entity/Q11966161,Q11966161,power plant,,
Peru,Q419,http://www.wikidata.org/entity/Q84954004,Cahua Hydro Power Station,power plant,,
Peru,Q419,http://www.wikidata.org/entity/Q84954053,Carhuac Hydro Power Station,power plant,,
Peru,Q419,http://www.wikidata.org/entity/Q84954078,Yarucaya Hydro Power Station,power plant,,
Peru,Q419,http://www.wikidata.org/entity/Q6077792,Q6077792,power plant,,
Peru,Q419,http://www.wikidata.org/entity/Q84954115,Q84954115,power plant,,
Kazakhstan,Q232,http://www.wikidata.org/entity/Q134342437,Q134342437,power plant,,
Kazakhstan,Q232,http://www.wikidata.org/entity/Q16693428,Q16693428,power plant,,
Kazakhstan,Q232,http://www.wikidata.org/entity/Q19380573,Q19380573,power plant,,
Kazakhstan,Q232,http://www.wikidata.org/entity/Q6452938,Kyzylbulak Hydroelectric Power Plant,power plant,,
Kazakhstan,Q232,http://www.wikidata.org/entity/Q6452950,Kyzylkungei Hydroelectric Power Plant,power plant,,
Kazakhstan,Q232,http://www.wikidata.org/entity/Q7853264,Tunkuruz Hydroelectric Power Plant,power plant,,
Kazakhstan,Q232,http://www.wikidata.org/entity/Q134311101,Category:Almaty 2 CHP station,power plant,,
Greece,Q41,http://www.wikidata.org/entity/Q19379098,Q19379098,power plant,,
Greece,Q41,http://www.wikidata.org/entity/Q19379096,Q19379096,power plant,,
Greece,Q41,http://www.wikidata.org/entity/Q56257545,Panachaiko wind farm,power plant,,
Nigeria,Q1033,http://www.wikidata.org/entity/Q11965055,Q11965055,power plant,,
Nigeria,Q1033,http://www.wikidata.org/entity/Q17748240,Q17748240,power plant,,
Nigeria,Q1033,http://www.wikidata.org/entity/Q19377650,Q19377650,power plant,,
Nigeria,Q1033,http://www.wikidata.org/entity/Q116692479,Zamfara Power Station,power plant,,
Thailand,Q869,http://www.wikidata.org/entity/Q11960134,Q11960134,power plant,,
Thailand,Q869,http://www.wikidata.org/entity/Q11991653,Q11991653,power plant,,
Thailand,Q869,http://www.wikidata.org/entity/Q11997248,Q11997248,power plant,,
Thailand,Q869,http://www.wikidata.org/entity/Q19386301,Q19386301,power plant,,
Thailand,Q869,http://www.wikidata.org/entity/Q19391790,Q19391790,power plant,,
North Korea,Q423,http://www.wikidata.org/entity/Q11996466,Q11996466,power plant,,
North Korea,Q423,http://www.wikidata.org/entity/Q16184322,Pyongyang Thermal Power Plant,power plant,,
North Korea,Q423,http://www.wikidata.org/entity/Q16185170,Huichon Power Plant,power plant,,
North Korea,Q423,http://www.wikidata.org/entity/Q131344688,Sŏdu-su hydroelectric power station,power plant,,
North Korea,Q423,http://www.wikidata.org/entity/Q12624918,Hochon-gang hydroelectric power station,power plant,,
North Korea,Q423,http://www.wikidata.org/entity/Q109076576,Q109076576,power plant,,
Colombia,Q739,http://www.wikidata.org/entity/Q86660652,Niquía hydro power station,power plant,,
Colombia,Q739,http://www.wikidata.org/entity/Q12008834,Q12008834,power plant,,
Colombia,Q739,http://www.wikidata.org/entity/Q19381499,Q19381499,power plant,,
North Macedonia,Q221,http://www.wikidata.org/entity/Q12911395,Q12911395,power plant,,
North Macedonia,Q221,http://www.wikidata.org/entity/Q12911392,Q12911392,power plant,,
North Macedonia,Q221,http://www.wikidata.org/entity/Q12911404,Mavrovo Hydropower System,power plant,,
North Macedonia,Q221,http://www.wikidata.org/entity/Q12911410,Popova Šapka Hydro Power Plant,power plant,,
North Macedonia,Q221,http://www.wikidata.org/entity/Q12911407,Turija Hydro Power Plant,power plant,,
North Macedonia,Q221,http://www.wikidata.org/entity/Q18350808,Lukovo pole hydro power project,power plant,,
North Macedonia,Q221,http://www.wikidata.org/entity/Q20568886,Zrnovci Hydro Power Plant,power plant,,
Morocco,Q1028,http://www.wikidata.org/entity/Q133728951,Noor I,power plant,,
Morocco,Q1028,http://www.wikidata.org/entity/Q133728955,Noor II,power plant,,
Morocco,Q1028,http://www.wikidata.org/entity/Q133728961,Noor III,power plant,,
Morocco,Q1028,http://www.wikidata.org/entity/Q133728967,Noor IV,power plant,,
Israel,Q801,http://www.wikidata.org/entity/Q97212961,Haifa first power plant,power plant,,
Israel,Q801,http://www.wikidata.org/entity/Q17009869,Mediterranean–Dead Sea Canal,power plant,,
Israel,Q801,http://www.wikidata.org/entity/Q7389429,SDE Sea Waves Power Plant,power plant,,
Israel,Q801,http://www.wikidata.org/entity/Q118342724,Q118342724,power plant,,
Slovakia,Q214,http://www.wikidata.org/entity/Q111128523,Q111128523,power plant,,
Slovakia,Q214,http://www.wikidata.org/entity/Q112091588,Q112091588,power plant,,
Slovakia,Q214,http://www.wikidata.org/entity/Q112095740,Q112095740,power plant,,
Azerbaijan,Q227,http://www.wikidata.org/entity/Q20584533,Q20584533,power plant,,
Azerbaijan,Q227,http://www.wikidata.org/entity/Q31306473,Q31306473,power plant,,
Azerbaijan,Q227,http://www.wikidata.org/entity/Q25540886,"""Ismayilli-1"" Hydroelectric Power Station",power plant,,
Azerbaijan,Q227,http://www.wikidata.org/entity/Q25539222,Arpachay-1,power plant,,
Azerbaijan,Q227,http://www.wikidata.org/entity/Q59155378,hydroelectric power stations in Azerbaijan,power plant,,
Azerbaijan,Q227,http://www.wikidata.org/entity/Q121682653,Səngəçal Nuclear Power Station,power plant,,
Ireland,Q27,http://www.wikidata.org/entity/Q19393617,Q19393617,power plant,,
Ireland,Q27,http://www.wikidata.org/entity/Q117805930,Lenalea Wind Farm,power plant,,
Ireland,Q27,http://www.wikidata.org/entity/Q120671643,Porterstown Battery Storage,power plant,,
Ireland,Q27,http://www.wikidata.org/entity/Q122669941,Codling Wind Park,power plant,,
Myanmar,Q836,http://www.wikidata.org/entity/Q11975964,Q11975964,power plant,,
Myanmar,Q836,http://www.wikidata.org/entity/Q11988757,Q11988757,power plant,,
Myanmar,Q836,http://www.wikidata.org/entity/Q12000265,Q12000265,power plant,,
Myanmar,Q836,http://www.wikidata.org/entity/Q19382702,Q19382702,power plant,,
Myanmar,Q836,http://www.wikidata.org/entity/Q19399515,Q19399515,power plant,,
Uzbekistan,Q265,http://www.wikidata.org/entity/Q86677653,Ak-Kavak HPP-1,power plant,,
Uzbekistan,Q265,http://www.wikidata.org/entity/Q12005260,Q12005260,power plant,,
Uzbekistan,Q265,http://www.wikidata.org/entity/Q12829280,Q12829280,power plant,,
Uzbekistan,Q265,http://www.wikidata.org/entity/Q20536162,Q20536162,power plant,,
Uzbekistan,Q265,http://www.wikidata.org/entity/Q25528295,Q25528295,power plant,,
Uzbekistan,Q265,http://www.wikidata.org/entity/Q25531863,Q25531863,power plant,,
Uzbekistan,Q265,http://www.wikidata.org/entity/Q97189997,Q97189997,power plant,,
Uzbekistan,Q265,http://www.wikidata.org/entity/Q97211200,Q97211200,power plant,,
Uzbekistan,Q265,http://www.wikidata.org/entity/Q110259598,Nizhnechatkalskaya HPP,power plant,,
Georgia,Q230,http://www.wikidata.org/entity/Q16366405,Borjomi Hydro Power Plant,power plant,,
Georgia,Q230,http://www.wikidata.org/entity/Q16366429,Bzhuzhi Hydroelectric Power Station,power plant,,
Georgia,Q230,http://www.wikidata.org/entity/Q4086156,Bzhuzha hydro power plant,power plant,,
Georgia,Q230,http://www.wikidata.org/entity/Q20576164,Kintrisha Hydro Power Plant,power plant,,
Georgia,Q230,http://www.wikidata.org/entity/Q132449727,Makhuntseti hydroelectric plant,power plant,,
Georgia,Q230,http://www.wikidata.org/entity/Q65293140,Skurhesi,power plant,,
Georgia,Q230,http://www.wikidata.org/entity/Q121254962,Q121254962,power plant,,
Slovenia,Q215,http://www.wikidata.org/entity/Q12790968,Q12790968,power plant,,
Slovenia,Q215,http://www.wikidata.org/entity/Q12804024,Q12804024,power plant,,
Slovenia,Q215,http://www.wikidata.org/entity/Q19933925,Q19933925,power plant,,
Slovenia,Q215,http://www.wikidata.org/entity/Q19934988,Q19934988,power plant,,
Slovenia,Q215,http://www.wikidata.org/entity/Q131704648,Q131704648,power plant,,
Democratic Republic of the Congo,Q974,http://www.wikidata.org/entity/Q106915512,Matebe dam,power plant,,
Saudi Arabia,Q851,http://www.wikidata.org/entity/Q133504410,Masjid al-Haram Power Stations,power plant,,
Saudi Arabia,Q851,http://www.wikidata.org/entity/Q11957203,Q11957203,power plant,,
Saudi Arabia,Q851,http://www.wikidata.org/entity/Q11957211,Q11957211,power plant,,
Saudi Arabia,Q851,http://www.wikidata.org/entity/Q12000232,Q12000232,power plant,,
Saudi Arabia,Q851,http://www.wikidata.org/entity/Q17748361,Q17748361,power plant,,
Saudi Arabia,Q851,http://www.wikidata.org/entity/Q19386039,Q19386039,power plant,,
Saudi Arabia,Q851,http://www.wikidata.org/entity/Q96150068,Dumat Al-Jandal Wind Farm,power plant,,
Saudi Arabia,Q851,http://www.wikidata.org/entity/Q96150070,Sakaka solar plant,power plant,,
Saudi Arabia,Q851,http://www.wikidata.org/entity/Q106435293,Q106435293,power plant,,
Bosnia and Herzegovina,Q225,http://www.wikidata.org/entity/Q31082695,Q31082695,power plant,,
Bosnia and Herzegovina,Q225,http://www.wikidata.org/entity/Q31365342,Q31365342,power plant,,
Bosnia and Herzegovina,Q225,http://www.wikidata.org/entity/Q4986791,Buk Bijela Hydro Power Plant,power plant,,
Bosnia and Herzegovina,Q225,http://www.wikidata.org/entity/Q6429451,Konjic Hydro Power Plant,power plant,,
Bosnia and Herzegovina,Q225,http://www.wikidata.org/entity/Q7127068,Pale Hydro Power Plant,power plant,,
Bosnia and Herzegovina,Q225,http://www.wikidata.org/entity/Q114976013,Q114976013,power plant,,
Bosnia and Herzegovina,Q225,http://www.wikidata.org/entity/Q114976503,Q114976503,power plant,,
Mongolia,Q711,http://www.wikidata.org/entity/Q12008259,Q12008259,power plant,,
Mongolia,Q711,http://www.wikidata.org/entity/Q131388006,Tavantolgoi Thermal Power Plant,power plant,,
Lithuania,Q37,http://www.wikidata.org/entity/Q12672032,Q12672032,power plant,,
Lithuania,Q37,http://www.wikidata.org/entity/Q13030336,Q13030336,power plant,,
Ghana,Q117,http://www.wikidata.org/entity/Q12713273,Q12713273,power plant,,
Ghana,Q117,http://www.wikidata.org/entity/Q103926925,"Micro-Hydro Power Station, Ghana",power plant,,
Ghana,Q117,http://www.wikidata.org/entity/Q65066186,Ada Foah Wave Farm,power plant,,
Venezuela,Q717,http://www.wikidata.org/entity/Q11963105,Q11963105,power plant,,
Venezuela,Q717,http://www.wikidata.org/entity/Q11963269,Q11963269,power plant,,
Venezuela,Q717,http://www.wikidata.org/entity/Q11995800,Q11995800,power plant,,
Venezuela,Q717,http://www.wikidata.org/entity/Q11997754,Q11997754,power plant,,
Venezuela,Q717,http://www.wikidata.org/entity/Q12005585,Q12005585,power plant,,
Venezuela,Q717,http://www.wikidata.org/entity/Q12174718,Estación El Encantado,power plant,,
Armenia,Q399,http://www.wikidata.org/entity/Q21699669,Q21699669,power plant,,
Armenia,Q399,http://www.wikidata.org/entity/Q16966355,Jermaghbyur Geothermal Power Plant,power plant,,
Armenia,Q399,http://www.wikidata.org/entity/Q43089638,Q43089638,power plant,,
Angola,Q916,http://www.wikidata.org/entity/Q11960557,Q11960557,power plant,,
Angola,Q916,http://www.wikidata.org/entity/Q11975974,Q11975974,power plant,,
Costa Rica,Q800,http://www.wikidata.org/entity/Q11958609,Q11958609,power plant,,
Costa Rica,Q800,http://www.wikidata.org/entity/Q96405665,Sigifredo Solís Solís Hydroelectric Center,power plant,,
Ethiopia,Q115,http://www.wikidata.org/entity/Q11959851,Q11959851,power plant,,
Kyrgyzstan,Q813,http://www.wikidata.org/entity/Q19391984,Q19391984,power plant,,
Kyrgyzstan,Q813,http://www.wikidata.org/entity/Q20622133,Q20622133,power plant,,
Kyrgyzstan,Q813,http://www.wikidata.org/entity/Q5319662,Dzhanykel Hydro Power Plant,power plant,,
Kyrgyzstan,Q813,http://www.wikidata.org/entity/Q117360626,Kambaratinskaya HPP-1,power plant,,
Namibia,Q1030,http://www.wikidata.org/entity/Q130382170,NamPower Solar Power Station,power plant,,
Syria,Q858,http://www.wikidata.org/entity/Q16117601,Q16117601,power plant,,
Syria,Q858,http://www.wikidata.org/entity/Q16117614,Q16117614,power plant,,
Syria,Q858,http://www.wikidata.org/entity/Q16117619,Q16117619,power plant,,
Syria,Q858,http://www.wikidata.org/entity/Q16117632,Q16117632,power plant,,
Syria,Q858,http://www.wikidata.org/entity/Q16117645,Q16117645,power plant,,
Ivory Coast,Q1008,http://www.wikidata.org/entity/Q126475953,Q126475953,power plant,,
Tajikistan,Q863,http://www.wikidata.org/entity/Q4155535,Q4155535,power plant,,
Tajikistan,Q863,http://www.wikidata.org/entity/Q4527925,Q4527925,power plant,,
Singapore,Q334,http://www.wikidata.org/entity/Q19393465,Q19393465,power plant,,
Zambia,Q953,http://www.wikidata.org/entity/Q127922602,Maamba Coal Power Station,power plant,,
Albania,Q222,http://www.wikidata.org/entity/Q6439620,Kryevidhi Wind Farm,power plant,,
Albania,Q222,http://www.wikidata.org/entity/Q7353104,Skavica Hydro Power Plant,power plant,,
Albania,Q222,http://www.wikidata.org/entity/Q7939088,Vlorë Wind Farm,power plant,,
Botswana,Q963,http://www.wikidata.org/entity/Q132202352,Masunga Power Station,power plant,,
Libya,Q1016,http://www.wikidata.org/entity/Q133043217,Abu Kammash Power Station,power plant,,
Iraq,Q796,http://www.wikidata.org/entity/Q11957201,Q11957201,power plant,,
Iraq,Q796,http://www.wikidata.org/entity/Q11990174,Q11990174,power plant,,
Iraq,Q796,http://www.wikidata.org/entity/Q12011121,Q12011121,power plant,,
Iraq,Q796,http://www.wikidata.org/entity/Q17748362,Q17748362,power plant,,
Iraq,Q796,http://www.wikidata.org/entity/Q17748360,Q17748360,power plant,,
Iraq,Q796,http://www.wikidata.org/entity/Q17749787,Q17749787,power plant,,
Ecuador,Q736,http://www.wikidata.org/entity/Q19380795,Q19380795,power plant,,
Ecuador,Q736,http://www.wikidata.org/entity/Q11967597,Enrique García Power Plant,power plant,,
Ecuador,Q736,http://www.wikidata.org/entity/Q12007454,Trinitaria Power Plant,power plant,,
Afghanistan,Q889,http://www.wikidata.org/entity/Q4155535,Q4155535,power plant,,
Afghanistan,Q889,http://www.wikidata.org/entity/Q25657070,Q25657070,power plant,,
Afghanistan,Q889,http://www.wikidata.org/entity/Q108559333,Tarakhil Power Plant,power plant,,
Jordan,Q810,http://www.wikidata.org/entity/Q84761098,Q84761098,power plant,,
Cameroon,Q1009,http://www.wikidata.org/entity/Q56372673,Q56372673,power plant,,
Tunisia,Q948,http://www.wikidata.org/entity/Q106944604,Tataouine photovoltaic power station,power plant,,
Tunisia,Q948,http://www.wikidata.org/entity/Q106944611,Tozeur photovoltaic power station,power plant,,
Guinea,Q1006,http://www.wikidata.org/entity/Q11965941,Donkéa Power Plant,power plant,,
Guinea,Q1006,http://www.wikidata.org/entity/Q104876442,Souapiti Hydropower Station,power plant,,
Guinea,Q1006,http://www.wikidata.org/entity/Q129256570,Q129256570,power plant,,
El Salvador,Q792,http://www.wikidata.org/entity/Q5120096,Cimarron Hydroelectric Power Project,power plant,,
Niger,Q1032,http://www.wikidata.org/entity/Q125813946,Soraz Thermal Power Station,power plant,,
Niger,Q1032,http://www.wikidata.org/entity/Q125815577,Salkadamna Thermal Power Station,power plant,,
Luxembourg,Q32,http://www.wikidata.org/entity/Q132449664,Windfarm Déierbech,power plant,,
Luxembourg,Q32,http://www.wikidata.org/entity/Q111972298,Q111972298,power plant,,
Gabon,Q1000,http://www.wikidata.org/entity/Q56372602,Q56372602,power plant,,
Gabon,Q1000,http://www.wikidata.org/entity/Q56372601,Q56372601,power plant,,
Cambodia,Q424,http://www.wikidata.org/entity/Q17332368,Cheay Areng Dam,power plant,,
Cambodia,Q424,http://www.wikidata.org/entity/Q6693840,Lower Sre Pok 2 Dam,power plant,,
Cambodia,Q424,http://www.wikidata.org/entity/Q7628734,Stung Battambang 1 Dam,power plant,,
Guatemala,Q774,http://www.wikidata.org/entity/Q20668322,Jaguar Energy,power plant,,
Sudan,Q1049,http://www.wikidata.org/entity/Q11994662,Q11994662,power plant,,
Sudan,Q1049,http://www.wikidata.org/entity/Q7494822,Shereyk Power Station,power plant,,
Sudan,Q1049,http://www.wikidata.org/entity/Q112228227,El Jaili,power plant,,
Sudan,Q1049,http://www.wikidata.org/entity/Q125492832,Q125492832,power plant,,
Mauritius,Q1027,http://www.wikidata.org/entity/Q2944696,Q2944696,power plant,,
Mauritius,Q1027,http://www.wikidata.org/entity/Q2944723,Q2944723,power plant,,
Mauritius,Q1027,http://www.wikidata.org/entity/Q11960504,Q11960504,power plant,,
Cuba,Q241,http://www.wikidata.org/entity/Q6062184,Q6062184,power plant,,
Cuba,Q241,http://www.wikidata.org/entity/Q114388645,Q114388645,power plant,,
Cuba,Q241,http://www.wikidata.org/entity/Q131398265,Q131398265,power plant,,
Soviet Union,Q15180,http://www.wikidata.org/entity/Q4342936,Pamir-630D,power plant,,
Soviet Union,Q15180,http://www.wikidata.org/entity/Q65150337,Q65150337,power plant,,
Soviet Union,Q15180,http://www.wikidata.org/entity/Q114388647,Q114388647,power plant,,
Greenland,Q223,http://www.wikidata.org/entity/Q11294802,Q11294802,power plant,,
Honduras,Q783,http://www.wikidata.org/entity/Q11994971,Q11994971,power plant,,
Honduras,Q783,http://www.wikidata.org/entity/Q17762247,Q17762247,power plant,,
Chad,Q657,http://www.wikidata.org/entity/Q124397449,Amdjarass Wind Farm,power plant,,
State of Palestine,Q219060,http://www.wikidata.org/entity/Q11992752,Q11992752,power plant,,
State of Palestine,Q219060,http://www.wikidata.org/entity/Q112280403,Q112280403,power plant,,
Faroe Islands,Q4628,http://www.wikidata.org/entity/Q9252542,Q9252542,power plant,,
Faroe Islands,Q4628,http://www.wikidata.org/entity/Q1533462,SeWave,power plant,,
Paraguay,Q733,http://www.wikidata.org/entity/Q130493492,Itaipu Power Plant,power plant,,
Trinidad and Tobago,Q754,http://www.wikidata.org/entity/Q19375657,Q19375657,power plant,,
Trinidad and Tobago,Q754,http://www.wikidata.org/entity/Q19385446,Q19385446,power plant,,
Trinidad and Tobago,Q754,http://www.wikidata.org/entity/Q11996068,Port of Spain Power Plant,power plant,,
Nicaragua,Q811,http://www.wikidata.org/entity/Q111938346,San Jacinto Tizate Geothermal Power Plant,power plant,,
Haiti,Q790,http://www.wikidata.org/entity/Q11963228,Q11963228,power plant,,
Haiti,Q790,http://www.wikidata.org/entity/Q17779290,Q17779290,power plant,,
Wales,Q25,http://www.wikidata.org/entity/Q126012764,ruins of Cwm Ystwyth Hydro-Electricity plant,power plant,,
Eritrea,Q986,http://www.wikidata.org/entity/Q130709795,Hirgigo Power Plant,power plant,,
Somalia,Q1045,http://www.wikidata.org/entity/Q56374146,Q56374146,power plant,,
Antarctica,Q51,http://www.wikidata.org/entity/Q123699220,Ross Island Wind Farm,power plant,,
Tibet Autonomous Region,Q17269,http://www.wikidata.org/entity/Q104847288,Manla Water Control Project,power plant,,
