country_name,country_qid,entity,label,type,latitude,longitude
Taiwan,Q865,http://www.wikidata.org/entity/Q27926626,Formosa 1 Offshore Wind Farm,Wind farm,24.705,120.818
Taiwan,Q865,http://www.wikidata.org/entity/Q41381794,Q41381794,Wind farm,,
Taiwan,Q865,http://www.wikidata.org/entity/Q42173665,Sihu wind farm,Wind farm,23.63227778,120.14244444
Taiwan,Q865,http://www.wikidata.org/entity/Q46703193,Q46703193,Wind farm,,
Taiwan,Q865,http://www.wikidata.org/entity/Q41579232,Luzhu wind farm,Wind farm,25.117611111,121.276583333
Taiwan,Q865,http://www.wikidata.org/entity/Q43285516,Taichung Port Wind Farm,Wind farm,24.305972222,120.541638888
Taiwan,Q865,http://www.wikidata.org/entity/Q40431190,Q40431190,Wind farm,25.29216667,121.58316667
Taiwan,Q865,http://www.wikidata.org/entity/Q47493046,Q47493046,Wind farm,24.59130556,120.72102778
Taiwan,Q865,http://www.wikidata.org/entity/Q44652042,Q44652042,Wind farm,25.1255,121.309
Taiwan,Q865,http://www.wikidata.org/entity/Q41928564,Wanggong wind farm,Wind farm,23.989527777,120.337444444
Taiwan,Q865,http://www.wikidata.org/entity/Q56026059,Formosa I Offshore Wind Farm,Wind farm,24.736,120.842
Taiwan,Q865,http://www.wikidata.org/entity/Q40094956,Q40094956,Wind farm,23.62002778,119.61022222
Taiwan,Q865,http://www.wikidata.org/entity/Q42414112,Guanyuan wind farm,Wind farm,25.05644444,121.09086111
Taiwan,Q865,http://www.wikidata.org/entity/Q41461057,Zhanggong wind farm,Wind farm,24.15822222,120.44116667
Taiwan,Q865,http://www.wikidata.org/entity/Q45351089,Yunmai wind farm,Wind farm,23.815666666,120.263138888
Taiwan,Q865,http://www.wikidata.org/entity/Q111169001,Formosa 2 Offshore Wind Farm,Wind farm,24.716194444,120.7755
Taiwan,Q865,http://www.wikidata.org/entity/Q41195786,Q41195786,Wind farm,24.73733333,120.88358333
Taiwan,Q865,http://www.wikidata.org/entity/Q55697283,Greater Changhua Offshore Wind Farms,Wind farm,,
Taiwan,Q865,http://www.wikidata.org/entity/Q97351339,Q97351339,Wind farm,,
Taiwan,Q865,http://www.wikidata.org/entity/Q97351340,Q97351340,Wind farm,,
Taiwan,Q865,http://www.wikidata.org/entity/Q40982698,Q40982698,Wind farm,21.95486111,120.74372222
Taiwan,Q865,http://www.wikidata.org/entity/Q112279083,Q112279083,Wind farm,,
Taiwan,Q865,http://www.wikidata.org/entity/Q47161180,Huxi Windpower Plant,Wind farm,23.584083333,119.678388888
Taiwan,Q865,http://www.wikidata.org/entity/Q117316578,Q117316578,Wind farm,,
Taiwan,Q865,http://www.wikidata.org/entity/Q117316580,Q117316580,Wind farm,,
Taiwan,Q865,http://www.wikidata.org/entity/Q117316587,Q117316587,Wind farm,,
Taiwan,Q865,http://www.wikidata.org/entity/Q117316590,Q117316590,Wind farm,,
Taiwan,Q865,http://www.wikidata.org/entity/Q117316589,Q117316589,Wind farm,,
Taiwan,Q865,http://www.wikidata.org/entity/Q11085480,Cijin Wind Turbine Park,Wind farm,22.5882,120.285
Taiwan,Q865,http://www.wikidata.org/entity/Q41518268,Q41518268,Wind farm,25.02941667,121.04380556
Taiwan,Q865,http://www.wikidata.org/entity/Q111759035,Longmen Wind Farm,Wind farm,23.560937658,119.690189002
Taiwan,Q865,http://www.wikidata.org/entity/Q122518706,Huan-Yang wind farm,Wind farm,,
Finland,Q33,http://www.wikidata.org/entity/Q123574274,Q123574274,Wind farm,61.93584,22.31911
Finland,Q33,http://www.wikidata.org/entity/Q123458351,Q123458351,Wind farm,62.07758,21.54082
Finland,Q33,http://www.wikidata.org/entity/Q124069704,Q124069704,Wind farm,62.932162778,21.1842
Finland,Q33,http://www.wikidata.org/entity/Q124062530,Q124062530,Wind farm,60.16026,19.55913
Finland,Q33,http://www.wikidata.org/entity/Q125820690,Q125820690,Wind farm,64.21429,23.97649
Finland,Q33,http://www.wikidata.org/entity/Q124311412,Q124311412,Wind farm,65.47953,25.37505
Finland,Q33,http://www.wikidata.org/entity/Q123337322,Q123337322,Wind farm,64.44107,24.70999
Finland,Q33,http://www.wikidata.org/entity/Q124788688,Q124788688,Wind farm,66.14036,24.0529
Finland,Q33,http://www.wikidata.org/entity/Q123351714,Q123351714,Wind farm,64.36158,24.06232
Finland,Q33,http://www.wikidata.org/entity/Q123753944,Q123753944,Wind farm,61.21504,21.72216
Finland,Q33,http://www.wikidata.org/entity/Q124685227,Q124685227,Wind farm,63.12065,21.98998
Finland,Q33,http://www.wikidata.org/entity/Q123688449,Q123688449,Wind farm,61.21662,22.77894
Finland,Q33,http://www.wikidata.org/entity/Q124377573,Q124377573,Wind farm,65.613,25.10509
Finland,Q33,http://www.wikidata.org/entity/Q124334592,Q124334592,Wind farm,66.14191,24.87778
Finland,Q33,http://www.wikidata.org/entity/Q124399201,Q124399201,Wind farm,60.54696,27.07715
Finland,Q33,http://www.wikidata.org/entity/Q124409081,Q124409081,Wind farm,62.34654,21.39243
Finland,Q33,http://www.wikidata.org/entity/Q123764179,Q123764179,Wind farm,61.23597,21.45422
Finland,Q33,http://www.wikidata.org/entity/Q123469345,Q123469345,Wind farm,62.18938,21.5553
Finland,Q33,http://www.wikidata.org/entity/Q123476836,Q123476836,Wind farm,65.67345,25.00719
Finland,Q33,http://www.wikidata.org/entity/Q124255372,Q124255372,Wind farm,60.54749,27.17429
Finland,Q33,http://www.wikidata.org/entity/Q124586297,Q124586297,Wind farm,64.40451,24.2436
Finland,Q33,http://www.wikidata.org/entity/Q124214195,Q124214195,Wind farm,59.87528,23.09899
Finland,Q33,http://www.wikidata.org/entity/Q123470816,Q123470816,Wind farm,62.1847,21.69872
Finland,Q33,http://www.wikidata.org/entity/Q123484622,Q123484622,Wind farm,62.3824,21.48161
Finland,Q33,http://www.wikidata.org/entity/Q123496952,Q123496952,Wind farm,66.26733,27.47631
Finland,Q33,http://www.wikidata.org/entity/Q124023742,Q124023742,Wind farm,60.07926,20.02431
Finland,Q33,http://www.wikidata.org/entity/Q123554952,Kortekallio Wind Farm,Wind farm,61.54212,22.80995
Finland,Q33,http://www.wikidata.org/entity/Q123821855,Q123821855,Wind farm,61.14604,22.22617
Finland,Q33,http://www.wikidata.org/entity/Q123744399,Q123744399,Wind farm,62.09817,22.56534
Finland,Q33,http://www.wikidata.org/entity/Q124088367,Q124088367,Wind farm,65.55031,25.11412
Finland,Q33,http://www.wikidata.org/entity/Q125703016,Q125703016,Wind farm,64.78961,24.91452
Finland,Q33,http://www.wikidata.org/entity/Q124958588,Q124958588,Wind farm,63.04006,22.00037
Finland,Q33,http://www.wikidata.org/entity/Q124155042,Q124155042,Wind farm,65.00872,25.3986
Finland,Q33,http://www.wikidata.org/entity/Q124807767,Q124807767,Wind farm,64.65632,24.3912
Finland,Q33,http://www.wikidata.org/entity/Q125499434,Q125499434,Wind farm,67.35721,26.22478
Finland,Q33,http://www.wikidata.org/entity/Q124373374,Q124373374,Wind farm,64.53719,24.70171
Finland,Q33,http://www.wikidata.org/entity/Q124044221,Q124044221,Wind farm,59.96368,19.95466
Finland,Q33,http://www.wikidata.org/entity/Q123900808,Q123900808,Wind farm,62.26206,22.7897
Finland,Q33,http://www.wikidata.org/entity/Q123312180,Q123312180,Wind farm,64.49029,24.80842
Finland,Q33,http://www.wikidata.org/entity/Q123680723,Q123680723,Wind farm,61.05686,22.63384
Finland,Q33,http://www.wikidata.org/entity/Q125869779,Q125869779,Wind farm,64.19398,23.94291
Finland,Q33,http://www.wikidata.org/entity/Q123371535,Q123371535,Wind farm,64.05119,24.07174
Finland,Q33,http://www.wikidata.org/entity/Q124422213,Q124422213,Wind farm,63.00422,24.28424
Finland,Q33,http://www.wikidata.org/entity/Q123511308,Q123511308,Wind farm,64.36,24.25932
Finland,Q33,http://www.wikidata.org/entity/Q124563430,Q124563430,Wind farm,61.73485,25.78279
Finland,Q33,http://www.wikidata.org/entity/Q124751366,Q124751366,Wind farm,62.62684,21.39562
Finland,Q33,http://www.wikidata.org/entity/Q125270536,Q125270536,Wind farm,63.99746,24.54265
Finland,Q33,http://www.wikidata.org/entity/Q123474919,Lakiakangas 3 wind farm,Wind farm,62.19758,21.70568
Finland,Q33,http://www.wikidata.org/entity/Q124155054,Q124155054,Wind farm,68.78439,21.33927
Finland,Q33,http://www.wikidata.org/entity/Q124528018,Q124528018,Wind farm,62.5254,21.28018
Finland,Q33,http://www.wikidata.org/entity/Q123679992,Q123679992,Wind farm,61.96799,22.29531
Finland,Q33,http://www.wikidata.org/entity/Q124353128,TuuliMuukko Wind Farm,Wind farm,61.09655,28.39788
Finland,Q33,http://www.wikidata.org/entity/Q123551047,Q123551047,Wind farm,61.60827,21.51645
Finland,Q33,http://www.wikidata.org/entity/Q123563186,Q123563186,Wind farm,60.68471,21.40366
Finland,Q33,http://www.wikidata.org/entity/Q123652154,Q123652154,Wind farm,61.53671,22.77747
Finland,Q33,http://www.wikidata.org/entity/Q124335107,Q124335107,Wind farm,63.06124,23.2985
Finland,Q33,http://www.wikidata.org/entity/Q123509638,Q123509638,Wind farm,64.74523,24.79212
Finland,Q33,http://www.wikidata.org/entity/Q123246969,Q123246969,Wind farm,62.7856,25.1994
Finland,Q33,http://www.wikidata.org/entity/Q125264163,Q125264163,Wind farm,65.5413,25.33106
Finland,Q33,http://www.wikidata.org/entity/Q124542368,Q124542368,Wind farm,62.93424,23.06201
Finland,Q33,http://www.wikidata.org/entity/Q30973105,Q30973105,Wind farm,61.63326,21.66113
Finland,Q33,http://www.wikidata.org/entity/Q124393616,Q124393616,Wind farm,65.6277,25.11465
Finland,Q33,http://www.wikidata.org/entity/Q123300677,Q123300677,Wind farm,63.47131,24.61031
Finland,Q33,http://www.wikidata.org/entity/Q124367695,Q124367695,Wind farm,64.54175,24.74433
Finland,Q33,http://www.wikidata.org/entity/Q124734354,Q124734354,Wind farm,63.13317,24.38215
Finland,Q33,http://www.wikidata.org/entity/Q123379067,Q123379067,Wind farm,64.1537,26.72745
Finland,Q33,http://www.wikidata.org/entity/Q124219593,Q124219593,Wind farm,59.94809,22.34043
Finland,Q33,http://www.wikidata.org/entity/Q124466050,Q124466050,Wind farm,66.87874,27.86882
Finland,Q33,http://www.wikidata.org/entity/Q124741948,Q124741948,Wind farm,61.40983,21.64787
Finland,Q33,http://www.wikidata.org/entity/Q123538672,Q123538672,Wind farm,63.85261,23.93629
Finland,Q33,http://www.wikidata.org/entity/Q124032842,Q124032842,Wind farm,60.36404,19.97386
Finland,Q33,http://www.wikidata.org/entity/Q124453786,Q124453786,Wind farm,62.53315,21.6894
Finland,Q33,http://www.wikidata.org/entity/Q30973102,Q30973102,Wind farm,63.05633333,22.10580556
Finland,Q33,http://www.wikidata.org/entity/Q125948247,Q125948247,Wind farm,61.84384,21.70532
Finland,Q33,http://www.wikidata.org/entity/Q123476143,Q123476143,Wind farm,65.65705,25.00637
Finland,Q33,http://www.wikidata.org/entity/Q124536234,Q124536234,Wind farm,64.44588,24.60827
Finland,Q33,http://www.wikidata.org/entity/Q124289339,Q124289339,Wind farm,64.28578,26.74345
Finland,Q33,http://www.wikidata.org/entity/Q124428904,Q124428904,Wind farm,63.77914,25.61014
Finland,Q33,http://www.wikidata.org/entity/Q123300238,Q123300238,Wind farm,64.63347,24.38529
Finland,Q33,http://www.wikidata.org/entity/Q124476323,Q124476323,Wind farm,62.5813,21.32091
Finland,Q33,http://www.wikidata.org/entity/Q124128895,Q124128895,Wind farm,67.92227,23.80073
Finland,Q33,http://www.wikidata.org/entity/Q124317100,Q124317100,Wind farm,65.76972,24.1718
Finland,Q33,http://www.wikidata.org/entity/Q124831796,Q124831796,Wind farm,62.64874,22.49851
Finland,Q33,http://www.wikidata.org/entity/Q123360960,Q123360960,Wind farm,64.31674,24.01927
Finland,Q33,http://www.wikidata.org/entity/Q124811804,Q124811804,Wind farm,65.50571,25.33647
Finland,Q33,http://www.wikidata.org/entity/Q124034569,Q124034569,Wind farm,60.10342,20.24455
Finland,Q33,http://www.wikidata.org/entity/Q125830546,Q125830546,Wind farm,62.49404,22.50021
Finland,Q33,http://www.wikidata.org/entity/Q123954677,Q123954677,Wind farm,60.05651,24.23923
Finland,Q33,http://www.wikidata.org/entity/Q124666005,Q124666005,Wind farm,60.42761,26.8873
Finland,Q33,http://www.wikidata.org/entity/Q124247117,Q124247117,Wind farm,60.65041,23.532
Finland,Q33,http://www.wikidata.org/entity/Q123758601,Q123758601,Wind farm,61.63721,21.39475
Finland,Q33,http://www.wikidata.org/entity/Q116927011,Q116927011,Wind farm,60.87059,23.30006
Finland,Q33,http://www.wikidata.org/entity/Q123750243,Q123750243,Wind farm,61.63674,21.403
Finland,Q33,http://www.wikidata.org/entity/Q124515519,Q124515519,Wind farm,60.45993,23.05
Finland,Q33,http://www.wikidata.org/entity/Q123347452,Q123347452,Wind farm,64.31279,23.97881
Finland,Q33,http://www.wikidata.org/entity/Q124759289,Q124759289,Wind farm,62.61585,21.32652
Finland,Q33,http://www.wikidata.org/entity/Q123564639,Q123564639,Wind farm,61.87658,22.75174
Finland,Q33,http://www.wikidata.org/entity/Q124745017,Q124745017,Wind farm,62.7236,22.37305
Finland,Q33,http://www.wikidata.org/entity/Q123528420,Voimamylly wind farm,Wind farm,60.99636,23.38285
Finland,Q33,http://www.wikidata.org/entity/Q124418955,Q124418955,Wind farm,62.99697,24.13486
Finland,Q33,http://www.wikidata.org/entity/Q11870878,Q11870878,Wind farm,65.66274,24.54185
Finland,Q33,http://www.wikidata.org/entity/Q23040229,Q23040229,Wind farm,,
Finland,Q33,http://www.wikidata.org/entity/Q18662503,Kokkola wind farm,Wind farm,,
Finland,Q33,http://www.wikidata.org/entity/Q18659767,Q18659767,Wind farm,64.269,24.057
Finland,Q33,http://www.wikidata.org/entity/Q18661698,Q18661698,Wind farm,61.634926389,21.403061389
Finland,Q33,http://www.wikidata.org/entity/Q18661140,Riutunkari wind farm,Wind farm,65.00638889,25.20388889
Finland,Q33,http://www.wikidata.org/entity/Q21043977,Q21043977,Wind farm,61.626111111,21.3575
Finland,Q33,http://www.wikidata.org/entity/Q18682530,Q18682530,Wind farm,64.3409,24.39488
Finland,Q33,http://www.wikidata.org/entity/Q128583494,Q128583494,Wind farm,64.72531,28.81168
Finland,Q33,http://www.wikidata.org/entity/Q131155139,Q131155139,Wind farm,62.40189,22.33522
Finland,Q33,http://www.wikidata.org/entity/Q128891732,Q128891732,Wind farm,64.25049,24.23135
Finland,Q33,http://www.wikidata.org/entity/Q131388260,Q131388260,Wind farm,64.26909,26.4485
Finland,Q33,http://www.wikidata.org/entity/Q130367573,Q130367573,Wind farm,62.81429,21.5351
Finland,Q33,http://www.wikidata.org/entity/Q126709815,Q126709815,Wind farm,64.13757,23.72302
Finland,Q33,http://www.wikidata.org/entity/Q131583251,Q131583251,Wind farm,62.76606,21.58519
Finland,Q33,http://www.wikidata.org/entity/Q130297737,Q130297737,Wind farm,63.95137,24.12029
Finland,Q33,http://www.wikidata.org/entity/Q130055692,Q130055692,Wind farm,64.2123,24.33596
Finland,Q33,http://www.wikidata.org/entity/Q129992143,Q129992143,Wind farm,64.00883,25.41165
Finland,Q33,http://www.wikidata.org/entity/Q126597551,Q126597551,Wind farm,64.35428,24.47893
Finland,Q33,http://www.wikidata.org/entity/Q130479975,Q130479975,Wind farm,64.7522,25.2108
Finland,Q33,http://www.wikidata.org/entity/Q131620465,Q131620465,Wind farm,63.95789,25.4989
Finland,Q33,http://www.wikidata.org/entity/Q131292274,Q131292274,Wind farm,62.61716,24.952
Finland,Q33,http://www.wikidata.org/entity/Q131508437,Q131508437,Wind farm,62.57959,22.10028
Finland,Q33,http://www.wikidata.org/entity/Q130387246,Q130387246,Wind farm,63.6963,25.743
Finland,Q33,http://www.wikidata.org/entity/Q131519765,Q131519765,Wind farm,62.72938,24.46157
Finland,Q33,http://www.wikidata.org/entity/Q131164657,Q131164657,Wind farm,63.29761,22.46322
Finland,Q33,http://www.wikidata.org/entity/Q131540020,Q131540020,Wind farm,64.57375,24.80461
Finland,Q33,http://www.wikidata.org/entity/Q130371025,Q130371025,Wind farm,62.86209,21.58064
Finland,Q33,http://www.wikidata.org/entity/Q128799504,Q128799504,Wind farm,67.63855,25.7402
Finland,Q33,http://www.wikidata.org/entity/Q130293829,Q130293829,Wind farm,61.16243,22.446
Finland,Q33,http://www.wikidata.org/entity/Q130259282,Q130259282,Wind farm,65.64915,25.14881
Finland,Q33,http://www.wikidata.org/entity/Q130554311,Q130554311,Wind farm,64.42338,24.17036
Finland,Q33,http://www.wikidata.org/entity/Q130530090,Q130530090,Wind farm,63.29034,25.6094
Finland,Q33,http://www.wikidata.org/entity/Q131424590,Q131424590,Wind farm,64.3212,24.1146
Finland,Q33,http://www.wikidata.org/entity/Q129433094,Q129433094,Wind farm,64.51149,24.45375
Finland,Q33,http://www.wikidata.org/entity/Q130303568,Q130303568,Wind farm,62.33873,28.07107
Finland,Q33,http://www.wikidata.org/entity/Q130271783,Q130271783,Wind farm,63.37593,22.59626
Finland,Q33,http://www.wikidata.org/entity/Q131363926,Q131363926,Wind farm,62.9183,24.5448
Finland,Q33,http://www.wikidata.org/entity/Q126596961,Q126596961,Wind farm,63.6487,25.2548
Finland,Q33,http://www.wikidata.org/entity/Q130301806,Q130301806,Wind farm,64.38757,24.62653
Finland,Q33,http://www.wikidata.org/entity/Q131101506,Q131101506,Wind farm,62.05391,21.61757
Finland,Q33,http://www.wikidata.org/entity/Q129849651,Q129849651,Wind farm,62.4065,21.9793
Finland,Q33,http://www.wikidata.org/entity/Q131239643,Q131239643,Wind farm,63.4407,22.29552
Finland,Q33,http://www.wikidata.org/entity/Q130332181,Q130332181,Wind farm,60.68304,22.9675
Finland,Q33,http://www.wikidata.org/entity/Q128504501,Q128504501,Wind farm,64.68608,28.65573
Finland,Q33,http://www.wikidata.org/entity/Q129254527,Q129254527,Wind farm,63.21772,24.48551
Finland,Q33,http://www.wikidata.org/entity/Q129262972,Q129262972,Wind farm,66.01198,28.74736
Finland,Q33,http://www.wikidata.org/entity/Q131179902,Q131179902,Wind farm,63.89817,24.743
Finland,Q33,http://www.wikidata.org/entity/Q130465123,Q130465123,Wind farm,64.48546,24.4982
Finland,Q33,http://www.wikidata.org/entity/Q126327334,Q126327334,Wind farm,63.27887,22.51336
Finland,Q33,http://www.wikidata.org/entity/Q130429792,Q130429792,Wind farm,65.26303,27.66074
Finland,Q33,http://www.wikidata.org/entity/Q130313413,Q130313413,Wind farm,62.5385,22.97193
Finland,Q33,http://www.wikidata.org/entity/Q130317705,Q130317705,Wind farm,65.65895,25.27337
Finland,Q33,http://www.wikidata.org/entity/Q126125975,Q126125975,Wind farm,62.59903,23.08564
Finland,Q33,http://www.wikidata.org/entity/Q128796171,Q128796171,Wind farm,63.7928,25.3468
Finland,Q33,http://www.wikidata.org/entity/Q126598944,Q126598944,Wind farm,63.07018,24.862
Finland,Q33,http://www.wikidata.org/entity/Q126042719,Q126042719,Wind farm,,
Finland,Q33,http://www.wikidata.org/entity/Q126042720,Q126042720,Wind farm,,
Finland,Q33,http://www.wikidata.org/entity/Q130312882,Q130312882,Wind farm,63.86756,23.07077
Norway,Q20,http://www.wikidata.org/entity/Q56407006,Ørland Wind Farm,Wind farm,63.70274,9.65359
Norway,Q20,http://www.wikidata.org/entity/Q110417857,Sørmarkfjellet Wind Farm,Wind farm,64.39458,10.70639
Norway,Q20,http://www.wikidata.org/entity/Q56405391,Røyrmyra Wind Farm,Wind farm,58.59055,5.72743
Norway,Q20,http://www.wikidata.org/entity/Q56406602,Egersund wind farm,Wind farm,58.42666,6.08369
Norway,Q20,http://www.wikidata.org/entity/Q110507697,Kvenndalsfjellet Wind Farm,Wind farm,64.045277777,10.156666666
Norway,Q20,http://www.wikidata.org/entity/Q98076499,Kvitfjell Raudfjell Vindkraftverk,Wind farm,69.59,18.18
Norway,Q20,http://www.wikidata.org/entity/Q110520142,Okla Wind Farm,Wind farm,62.159166666,5.244166666
Norway,Q20,http://www.wikidata.org/entity/Q56407001,Hovden Wind Mill,Wind farm,68.81312,14.53588
Norway,Q20,http://www.wikidata.org/entity/Q116480236,Eikeland and Steinsland Wind Farms,Wind farm,58.58878,5.93255
Norway,Q20,http://www.wikidata.org/entity/Q116480261,Skinansfjellet and Gravdal Wind Farms,Wind farm,58.58878,5.93255
Norway,Q20,http://www.wikidata.org/entity/Q56407002,Q56407002,Wind farm,69.1562,16.08882
Norway,Q20,http://www.wikidata.org/entity/Q110505482,Gismarvik Wind Farm,Wind farm,59.323055555,5.433055555
Norway,Q20,http://www.wikidata.org/entity/Q110417042,Øyfjellet Wind Park,Wind farm,65.859444444,13.010833333
Norway,Q20,http://www.wikidata.org/entity/Q25425500,Høg-Jæren Wind Farm,Wind farm,58.639611111,5.766694444
Norway,Q20,http://www.wikidata.org/entity/Q110507835,Harbaksfjellet Wind Farm,Wind farm,64.0725,10.092777777
Norway,Q20,http://www.wikidata.org/entity/Q97211037,Storheia Wind Farm,Wind farm,63.879166666,10.159166666
Norway,Q20,http://www.wikidata.org/entity/Q110510588,Haram Wind Farm,Wind farm,62.665833333,6.197777777
Norway,Q20,http://www.wikidata.org/entity/Q56405354,Hamnefjell Wind Farm,Wind farm,70.6699,29.71048
Norway,Q20,http://www.wikidata.org/entity/Q110508389,Frøya Wind Farm,Wind farm,63.694166666,8.656111111
Norway,Q20,http://www.wikidata.org/entity/Q25425485,Raggovidda Wind Farm,Wind farm,70.769166666,29.095277777
Norway,Q20,http://www.wikidata.org/entity/Q97200568,Måkaknuten Wind Farm,Wind farm,58.6663,5.91738
Norway,Q20,http://www.wikidata.org/entity/Q62631093,Marker Wind Farm,Wind farm,59.48703,11.72766
Norway,Q20,http://www.wikidata.org/entity/Q25425517,Åsen II Wind Farm,Wind farm,58.7369,5.752
Norway,Q20,http://www.wikidata.org/entity/Q110507447,Buheii Wind Farm,Wind farm,58.656666666,6.877777777
Norway,Q20,http://www.wikidata.org/entity/Q56407113,Skurvenuten Wind Farm,Wind farm,58.748124,5.912095
Norway,Q20,http://www.wikidata.org/entity/Q114014240,Odal Wind Farm,Wind farm,60.343055555,11.483333333
Norway,Q20,http://www.wikidata.org/entity/Q110122400,Geitfjellet wind farm,Wind farm,63.360833333,9.495
Norway,Q20,http://www.wikidata.org/entity/Q110508528,Stokkfjellet Wind Farm,Wind farm,63.133611111,11.201111111
Norway,Q20,http://www.wikidata.org/entity/Q104052114,Hennøy wind farm,Wind farm,61.792655555,5.145925
Norway,Q20,http://www.wikidata.org/entity/Q25425495,Midtfjellet Wind Farm,Wind farm,59.921555555,5.368722222
Norway,Q20,http://www.wikidata.org/entity/Q110417361,Kjølberget wind farm,Wind farm,61.024722222,12.193888888
Norway,Q20,http://www.wikidata.org/entity/Q56407111,Tindafjellet Wind Farm,Wind farm,58.730474,5.946123
Norway,Q20,http://www.wikidata.org/entity/Q25425508,Karmøy Hywind Wind Farm,Wind farm,59.139,5.0305
Norway,Q20,http://www.wikidata.org/entity/Q97211068,Storøy Wind Farm,Wind farm,59.415833333,5.226944444
Norway,Q20,http://www.wikidata.org/entity/Q25425509,Ytre Vikna wind farm,Wind farm,64.8875,10.862222222
Norway,Q20,http://www.wikidata.org/entity/Q65239396,Ånstadblåheia Wind Park,Wind farm,68.723888888,15.259722222
Norway,Q20,http://www.wikidata.org/entity/Q40590148,Tellenes Wind Farm,Wind farm,58.34379,6.43556
Norway,Q20,http://www.wikidata.org/entity/Q110509284,Skomakerfjellet Wind Farm,Wind farm,64.215555555,10.416666666
Norway,Q20,http://www.wikidata.org/entity/Q104050897,Guleslettene wind farm,Wind farm,,
Norway,Q20,http://www.wikidata.org/entity/Q108886415,Q108886415,Wind farm,,
Norway,Q20,http://www.wikidata.org/entity/Q56407407,Skinansfjellet Wind Farm,Wind farm,58.58817,5.86975
Norway,Q20,http://www.wikidata.org/entity/Q108886381,Utsira Nord Wind Farm,Wind farm,59.540019,4.920508
Norway,Q20,http://www.wikidata.org/entity/Q56407406,Bjerkreim Southern Cluster Wind Farms,Wind farm,58.58878,5.93255
Norway,Q20,http://www.wikidata.org/entity/Q110994401,Lutelander Wind Farm,Wind farm,61.25098,4.96156
Norway,Q20,http://www.wikidata.org/entity/Q25430918,Roan wind farm,Wind farm,64.141,10.327
Norway,Q20,http://www.wikidata.org/entity/Q56407409,Svåheia Wind Farm,Wind farm,58.38553,6.08545
Norway,Q20,http://www.wikidata.org/entity/Q110505752,Stigafjellet Wind Farm,Wind farm,,
Norway,Q20,http://www.wikidata.org/entity/Q106947269,Vardafjellet wind farm,Wind farm,58.83588,5.898559
Norway,Q20,http://www.wikidata.org/entity/Q110510214,Sørfjord Wind Farm,Wind farm,68.0325,16.667777777
Norway,Q20,http://www.wikidata.org/entity/Q56407408,Gravdal Wind Farm,Wind farm,58.55976,5.90447
Norway,Q20,http://www.wikidata.org/entity/Q110434413,Hitra 2 wind farm,Wind farm,63.501111111,8.768055555
Norway,Q20,http://www.wikidata.org/entity/Q113862573,Vidar Wind Farm,Wind farm,,
Norway,Q20,http://www.wikidata.org/entity/Q97200775,Tonstad Wind Farm,Wind farm,58.5316,6.7928
Norway,Q20,http://www.wikidata.org/entity/Q61081060,Raskiftet Wind Farm,Wind farm,61.19954,11.80257
Norway,Q20,http://www.wikidata.org/entity/Q116927601,Dønnesfjord Wind Farm,Wind farm,,
Norway,Q20,http://www.wikidata.org/entity/Q11976110,Hundhammerfjellet Wind Farm,Wind farm,64.76095278,11.38595556
Norway,Q20,http://www.wikidata.org/entity/Q19373858,Havøygavlen Wind Farm,Wind farm,71.011111111,24.583888888
Norway,Q20,http://www.wikidata.org/entity/Q6978996,Smøla Wind Farm,Wind farm,63.407,7.924
Norway,Q20,http://www.wikidata.org/entity/Q11981047,Kjøllefjord Wind Farm,Wind farm,70.9386,27.3492
Norway,Q20,http://www.wikidata.org/entity/Q4572535,Nygårdsfjellet Wind Farm,Wind farm,68.506,17.8913
Norway,Q20,http://www.wikidata.org/entity/Q11988902,Mehuken Wind Farm,Wind farm,,
Norway,Q20,http://www.wikidata.org/entity/Q21403167,Lista wind farm,Wind farm,58.1568,6.6818
Norway,Q20,http://www.wikidata.org/entity/Q111145141,Tysvær Wind Farm,Wind farm,59.31146,5.58404
Norway,Q20,http://www.wikidata.org/entity/Q5872414,Hitra Wind Farm,Wind farm,63.54194444,8.75888889
Norway,Q20,http://www.wikidata.org/entity/Q23042782,Fakken Wind Farm,Wind farm,70.102222222,20.107777777
Norway,Q20,http://www.wikidata.org/entity/Q21469478,Sandøy wind farm,Wind farm,62.7631,6.4463
Norway,Q20,http://www.wikidata.org/entity/Q23042808,Lindesnes Wind Farm,Wind farm,58.007777777,7.089444444
Norway,Q20,http://www.wikidata.org/entity/Q11960848,Bessakerfjellet Wind Farm,Wind farm,64.224746,10.371437
Norway,Q20,http://www.wikidata.org/entity/Q91071098,Hywind Tampen Wind Farm,Wind farm,61.3338,2.2594
Norway,Q20,http://www.wikidata.org/entity/Q12008682,Utsira Wind Farm,Wind farm,59.30263056,4.90979167
Norway,Q20,http://www.wikidata.org/entity/Q12008916,Valsneset wind farm,Wind farm,63.816327,9.618273
Norway,Q20,http://www.wikidata.org/entity/Q7929535,Vikna Wind Farm,Wind farm,64.88,10.9464
Austria,Q40,http://www.wikidata.org/entity/Q115568562,wind farm Glinzendorf III,Wind farm,48.25248,16.6729
Austria,Q40,http://www.wikidata.org/entity/Q115468542,wind farm Pama,Wind farm,48.0547,17.0067
Austria,Q40,http://www.wikidata.org/entity/Q115468528,wind farm Pannonia Gols,Wind farm,47.9226,16.952
Austria,Q40,http://www.wikidata.org/entity/Q115468539,wind farm Kittsee,Wind farm,48.0727,17.0521
Austria,Q40,http://www.wikidata.org/entity/Q115468535,wind farm Neudorf,Wind farm,48.0276,16.9057
Austria,Q40,http://www.wikidata.org/entity/Q115568560,wind farm Marchfeld Mitte,Wind farm,48.2435,16.6746
Austria,Q40,http://www.wikidata.org/entity/Q115468541,wind farm Berg,Wind farm,48.0911,17.026
Austria,Q40,http://www.wikidata.org/entity/Q112337910,windpark Deutschkreutz,Wind farm,47.579975483,16.620677196
Austria,Q40,http://www.wikidata.org/entity/Q115468531,wind farm Mönchhof,Wind farm,47.9005,16.9617
Austria,Q40,http://www.wikidata.org/entity/Q58205924,Hochpürschtling wind farm,Wind farm,47.487747222,15.578955555
Austria,Q40,http://www.wikidata.org/entity/Q58214341,Pretul wind farm,Wind farm,47.5591,15.7649
Austria,Q40,http://www.wikidata.org/entity/Q112337912,windpark Nikitsch,Wind farm,47.557786651,16.678083772
Austria,Q40,http://www.wikidata.org/entity/Q106620887,wind farm Pottendorf,Wind farm,47.932617,16.3625263
Austria,Q40,http://www.wikidata.org/entity/Q115468525,wind farm Oberwaltersdorf,Wind farm,47.9546,16.3616
Austria,Q40,http://www.wikidata.org/entity/Q61740531,Freiländeralm Wind Farm,Wind farm,46.909166666,15.055555555
Austria,Q40,http://www.wikidata.org/entity/Q115468533,wind farm Zurndorf II,Wind farm,47.9428,16.9746
Austria,Q40,http://www.wikidata.org/entity/Q115568559,wind farm Markgrafneusiedl III,Wind farm,48.2603,16.6565
Austria,Q40,http://www.wikidata.org/entity/Q115568561,wind farm Glinzendorf I+II,Wind farm,48.2544,16.6673
Austria,Q40,http://www.wikidata.org/entity/Q115468534,wind farm Zurndorf,Wind farm,47.9694,16.9845
Austria,Q40,http://www.wikidata.org/entity/Q104726269,Windpark Sternwald,Wind farm,48.579041,14.231309
Austria,Q40,http://www.wikidata.org/entity/Q115568563,wind farm Andlersdorf/Orth,Wind farm,48.1892,16.6788
Austria,Q40,http://www.wikidata.org/entity/Q115468526,wind farm Edmundshof,Wind farm,47.8965,16.9897
Austria,Q40,http://www.wikidata.org/entity/Q115468537,wind farm Neusiedl-Weiden,Wind farm,47.9546,16.8991
Austria,Q40,http://www.wikidata.org/entity/Q131299219,Q131299219,Wind farm,48.5512484,16.7018821
Austria,Q40,http://www.wikidata.org/entity/Q115468524,wind farm Tattendorf,Wind farm,47.9458,16.3544
Austria,Q40,http://www.wikidata.org/entity/Q105074303,Q105074303,Wind farm,48.45071,16.71079
Austria,Q40,http://www.wikidata.org/entity/Q115468538,wind farm Gols IV-V,Wind farm,47.9353,16.9528
Austria,Q40,http://www.wikidata.org/entity/Q2583840,Windpark Bruck an der Leitha,Wind farm,48.0328,16.7326
Austria,Q40,http://www.wikidata.org/entity/Q115468527,wind farm Mönchhof-Halbturn-Nickelsdorf,Wind farm,47.909,17.0191
Austria,Q40,http://www.wikidata.org/entity/Q115568556,wind farm Obersiebenbrunn II,Wind farm,48.2773,16.6896
Austria,Q40,http://www.wikidata.org/entity/Q115568555,wind farm Obersiebenbrunn I,Wind farm,48.286,16.6976
Austria,Q40,http://www.wikidata.org/entity/Q115468529,wind farm Gols,Wind farm,47.9268,16.9368
Austria,Q40,http://www.wikidata.org/entity/Q115568557,wind farm Markgrafneusiedl I+II,Wind farm,48.2684,16.6578
Austria,Q40,http://www.wikidata.org/entity/Q105079977,Q105079977,Wind farm,48.61019,16.621892
Austria,Q40,http://www.wikidata.org/entity/Q115568581,wind farm Breitenlee,Wind farm,48.26243,16.52063
Austria,Q40,http://www.wikidata.org/entity/Q115568967,wind farm Vösendorf,Wind farm,48.10961,16.32459
Austria,Q40,http://www.wikidata.org/entity/Q2396856,Tauern wind farm,Wind farm,47.2728,14.3878
Austria,Q40,http://www.wikidata.org/entity/Q115568966,wind farm Unterlaa,Wind farm,48.1244,16.4293
Austria,Q40,http://www.wikidata.org/entity/Q115468532,wind farm Nickelsdorf 1,Wind farm,47.9138,17.0657
Austria,Q40,http://www.wikidata.org/entity/Q111843404,wind farm Trumau,Wind farm,47.9982166,16.3867623
Canada,Q16,http://www.wikidata.org/entity/Q5150777,Comber Wind Farm,Wind farm,42.2167,-82.65
Canada,Q16,http://www.wikidata.org/entity/Q85747621,Blackspring Ridge Wind Project,Wind farm,,
Canada,Q16,http://www.wikidata.org/entity/Q85784801,Meikle Wind Farm,Wind farm,,
Canada,Q16,http://www.wikidata.org/entity/Q6413139,Kingsbridge Wind Power Project,Wind farm,43.7667,-81.65
Canada,Q16,http://www.wikidata.org/entity/Q85788963,Niagara Region Wind Farm,Wind farm,42.877172,-79.505362
Canada,Q16,http://www.wikidata.org/entity/Q7304496,Red Lily Wind Farm,Wind farm,50.189,-101.735
Canada,Q16,http://www.wikidata.org/entity/Q85800243,Seigneurie de Beaupré Wind Farms,Wind farm,47.372222222,-70.860833333
Canada,Q16,http://www.wikidata.org/entity/Q24190372,Mesgi'g Ugju's'n Wind Farm,Wind farm,48.21805556,-66.70722222
Canada,Q16,http://www.wikidata.org/entity/Q5587173,Gosfield Wind Project,Wind farm,42.1667,-82.6833
Canada,Q16,http://www.wikidata.org/entity/Q7230521,Port Burwell Wind Farm,Wind farm,42.6167,-80.6667
Canada,Q16,http://www.wikidata.org/entity/Q131927009,Mont Sainte-Marguerite wind farm,Wind farm,46.3237,-71.1492
Canada,Q16,http://www.wikidata.org/entity/Q4770545,Anse-à-Valleau Wind Farm,Wind farm,49.06,-64.555
Canada,Q16,http://www.wikidata.org/entity/Q5039523,Caribou Wind Park,Wind farm,47.5076,-66.4138
Canada,Q16,http://www.wikidata.org/entity/Q117707752,Chatham Wind Farm,Wind farm,42.2035,-82.3377
Canada,Q16,http://www.wikidata.org/entity/Q5946970,Huron Wind,Wind farm,44.316,-81.5486
Canada,Q16,http://www.wikidata.org/entity/Q4876515,Bear Mountain Wind Park,Wind farm,55.7,-120.433
Canada,Q16,http://www.wikidata.org/entity/Q7230472,Port Alma Wind Farm,Wind farm,42.2091,-82.2285
Canada,Q16,http://www.wikidata.org/entity/Q7589383,St. Joseph Wind Farm,Wind farm,49.315,-97.744
Canada,Q16,http://www.wikidata.org/entity/Q117668306,North Kent wind farm,Wind farm,42.5019,-82.2603
Canada,Q16,http://www.wikidata.org/entity/Q7400811,Saint-Robert-Bellarmin Wind Project,Wind farm,45.7349,-70.5254
Canada,Q16,http://www.wikidata.org/entity/Q4740148,Amaranth Wind Farm,Wind farm,44.1001,-80.2709
Canada,Q16,http://www.wikidata.org/entity/Q8029979,Wolfe Island Wind Farm,Wind farm,44.1667,-76.4667
Canada,Q16,http://www.wikidata.org/entity/Q5059233,Centennial Wind Power Facility,Wind farm,50.1667,-107.467
Canada,Q16,http://www.wikidata.org/entity/Q7638139,SunBridge Wind Farm,Wind farm,50.0674,-108.4181
Canada,Q16,http://www.wikidata.org/entity/Q18346275,Gros-Morne Wind Farm,Wind farm,49.3333,-65.7333
Canada,Q16,http://www.wikidata.org/entity/Q18343651,Carleton Wind Farm,Wind farm,48.1,-66.1333
Canada,Q16,http://www.wikidata.org/entity/Q5288739,Dokie Ridge Wind Farm,Wind farm,55.7,-122.283
Canada,Q16,http://www.wikidata.org/entity/Q117604157,Q117604157,Wind farm,46.6655,-70.3643
Canada,Q16,http://www.wikidata.org/entity/Q7335639,Ripley Wind Power Project,Wind farm,44.0667,-81.5167
Canada,Q16,http://www.wikidata.org/entity/Q18166893,Rivière-du-Moulin Wind Project,Wind farm,47.96666667,-71.01666667
Canada,Q16,http://www.wikidata.org/entity/Q6391767,Kent Hills Wind Farm,Wind farm,45.8056,-64.8958
Canada,Q16,http://www.wikidata.org/entity/Q6467803,Lac Alfred (Phase I) Wind Project,Wind farm,48.4142,-67.6878
Canada,Q16,http://www.wikidata.org/entity/Q8023910,ExPlace Wind Turbine,Wind farm,43.6304,-79.4248
Canada,Q16,http://www.wikidata.org/entity/Q117668727,South Kent wind farm,Wind farm,42.3355,-82.1407
Canada,Q16,http://www.wikidata.org/entity/Q116788098,Ganaraska Wind Farm,Wind farm,44.0043,-78.5946
Canada,Q16,http://www.wikidata.org/entity/Q118140679,Q118140679,Wind farm,,
Canada,Q16,http://www.wikidata.org/entity/Q117708045,Romney Wind Energy Centre,Wind farm,42.1444,-82.4392
Canada,Q16,http://www.wikidata.org/entity/Q7244261,Prince Township Wind Farm,Wind farm,46.6167,-84.4792
Canada,Q16,http://www.wikidata.org/entity/Q122944892,Cypress (1&2) Wind,Wind farm,49.8589,-110.3596
Canada,Q16,http://www.wikidata.org/entity/Q121435450,Q121435450,Wind farm,,
Canada,Q16,http://www.wikidata.org/entity/Q121435452,Q121435452,Wind farm,,
Canada,Q16,http://www.wikidata.org/entity/Q121435453,Q121435453,Wind farm,,
Canada,Q16,http://www.wikidata.org/entity/Q124342267,Q124342267,Wind farm,,
Canada,Q16,http://www.wikidata.org/entity/Q6784643,Massif du Sud Wind Project,Wind farm,46.5814,-70.4678
Canada,Q16,http://www.wikidata.org/entity/Q7589524,St. Leon Wind Farm,Wind farm,49.3603,-98.5375
Canada,Q16,http://www.wikidata.org/entity/Q14875771,South Canoe Wind Energy Project,Wind farm,44.7728,-64.3243
Canada,Q16,http://www.wikidata.org/entity/Q6159781,Jardin d'Eole Wind Farm,Wind farm,48.8,-67.6
Canada,Q16,http://www.wikidata.org/entity/Q7883923,Underwood Wind Farm,Wind farm,44.339,-81.459
France,Q142,http://www.wikidata.org/entity/Q117352124,Centre Manche 1,Wind farm,49.85,-0.75
France,Q142,http://www.wikidata.org/entity/Q116446987,Q116446987,Wind farm,50.333575,3.125657
France,Q142,http://www.wikidata.org/entity/Q131015384,Q131015384,Wind farm,50.205305555,3.630333333
France,Q142,http://www.wikidata.org/entity/Q3364829,Q3364829,Wind farm,48.9691,-0.9589
France,Q142,http://www.wikidata.org/entity/Q130391657,Q130391657,Wind farm,50.68245,2.257218
France,Q142,http://www.wikidata.org/entity/Q134277060,Q134277060,Wind farm,50.187976,3.469173
France,Q142,http://www.wikidata.org/entity/Q19600327,Voie Sacrée wind farm,Wind farm,48.93,5.21
France,Q142,http://www.wikidata.org/entity/Q72689326,Q72689326,Wind farm,50.23748,3.478285
France,Q142,http://www.wikidata.org/entity/Q133856864,Q133856864,Wind farm,50.37421,3.607299
France,Q142,http://www.wikidata.org/entity/Q116008622,Fécamp Wind Farm,Wind farm,49.9042,0.2203
France,Q142,http://www.wikidata.org/entity/Q110369958,Parc éolien Chaussée des Coudrays,Wind farm,47.090616558,2.22985835
France,Q142,http://www.wikidata.org/entity/Q130872770,Q130872770,Wind farm,50.191051,3.451335
France,Q142,http://www.wikidata.org/entity/Q119173410,Q119173410,Wind farm,45.948635,4.390823
France,Q142,http://www.wikidata.org/entity/Q129675420,Q129675420,Wind farm,43.279363,2.846784
France,Q142,http://www.wikidata.org/entity/Q100712901,Parc éolien de l'Escrebieux,Wind farm,50.39943,2.994176
France,Q142,http://www.wikidata.org/entity/Q104600246,Parc éolien de Forterre,Wind farm,47.65802,3.46029
France,Q142,http://www.wikidata.org/entity/Q16510087,wind farm of Atrébatie,Wind farm,50.33,2.43
France,Q142,http://www.wikidata.org/entity/Q3364814,Q3364814,Wind farm,49.6508,-1.3782
France,Q142,http://www.wikidata.org/entity/Q3364834,Q3364834,Wind farm,43.0011,2.23314
France,Q142,http://www.wikidata.org/entity/Q100707506,Parc éolien du Seuil du Cambrésis,Wind farm,50.136075,3.148496
France,Q142,http://www.wikidata.org/entity/Q130756783,Q130756783,Wind farm,50.240884,3.483177
France,Q142,http://www.wikidata.org/entity/Q113003659,Calvados Offshore Wind Farm,Wind farm,49.456,-0.498
France,Q142,http://www.wikidata.org/entity/Q3364821,Q3364821,Wind farm,49.41,-1.61
France,Q142,http://www.wikidata.org/entity/Q104602351,Parc éolien de Moulins-Pasilly,Wind farm,47.716701666,4.06153693
France,Q142,http://www.wikidata.org/entity/Q3364938,Q3364938,Wind farm,50.5154339,2.0988968
France,Q142,http://www.wikidata.org/entity/Q126951776,Wind Park of Chemin de Tuleras,Wind farm,48.6646476,1.4358569
France,Q142,http://www.wikidata.org/entity/Q131010433,Q131010433,Wind farm,50.2659923,3.5572081
France,Q142,http://www.wikidata.org/entity/Q104602234,Parc éolien de Sarry,Wind farm,47.649003613,4.09076454
France,Q142,http://www.wikidata.org/entity/Q102350196,Parc éolien de Chitry Quenne,Wind farm,47.774916666,3.698472222
France,Q142,http://www.wikidata.org/entity/Q131016347,Q131016347,Wind farm,50.717472222,3.132027777
France,Q142,http://www.wikidata.org/entity/Q72677448,Parc éolien du chemin d'Avesnes à Iwuy,Wind farm,50.233194444,3.368
France,Q142,http://www.wikidata.org/entity/Q22249034,Saint-Nazaire Offshore Wind Farm,Wind farm,47.160459,-2.626559
France,Q142,http://www.wikidata.org/entity/Q110647623,Noirmoutier wind farm,Wind farm,46.8691,-2.5102
France,Q142,http://www.wikidata.org/entity/Q3364836,Q3364836,Wind farm,50.1333,1.18436
France,Q142,http://www.wikidata.org/entity/Q17636376,Q17636376,Wind farm,50.53,1.96139
France,Q142,http://www.wikidata.org/entity/Q48751884,Q48751884,Wind farm,49.448611111,2.299166666
France,Q142,http://www.wikidata.org/entity/Q125564548,Provence Grand Large Wind Farm,Wind farm,,
France,Q142,http://www.wikidata.org/entity/Q26242337,Béganne windpark,Wind farm,47.626666666,-2.2325
France,Q142,http://www.wikidata.org/entity/Q100706685,Parc éolien des Portes du Cambrésis,Wind farm,50.133864,3.136774
France,Q142,http://www.wikidata.org/entity/Q116447262,Q116447262,Wind farm,50.2561305,3.5643971
France,Q142,http://www.wikidata.org/entity/Q130871125,Q130871125,Wind farm,50.1849948,3.4475159
France,Q142,http://www.wikidata.org/entity/Q117352325,Centre Manche 2,Wind farm,49.85,-0.583333333
France,Q142,http://www.wikidata.org/entity/Q116007156,Parc éolien de Sainte-Colombe,Wind farm,47.5734,3.9415
France,Q142,http://www.wikidata.org/entity/Q3068977,Sainte Suzanne - La Perrière,Wind farm,-20.957611,55.58275
France,Q142,http://www.wikidata.org/entity/Q3364832,Q3364832,Wind farm,47.3564,6.63472
France,Q142,http://www.wikidata.org/entity/Q3364817,Q3364817,Wind farm,48.9012,-1.31754
France,Q142,http://www.wikidata.org/entity/Q104600391,Parc éolien des Clérimois,Wind farm,48.21054,3.44666
France,Q142,http://www.wikidata.org/entity/Q125744852,Q125744852,Wind farm,50.254386,3.456269
France,Q142,http://www.wikidata.org/entity/Q3364826,Q3364826,Wind farm,49.932,0.587
France,Q142,http://www.wikidata.org/entity/Q17561882,Q17561882,Wind farm,49.6583,2.78318
France,Q142,http://www.wikidata.org/entity/Q56702229,Parc éolien du Portel,Wind farm,50.722498,1.565095
France,Q142,http://www.wikidata.org/entity/Q114956540,parc éolien de Marsanne,Wind farm,44.670055555,4.868666666
France,Q142,http://www.wikidata.org/entity/Q20638500,Parc éolien de Lauwin-Planque,Wind farm,50.395,3.02083
France,Q142,http://www.wikidata.org/entity/Q134561763,Q134561763,Wind farm,50.666717,3.230404
France,Q142,http://www.wikidata.org/entity/Q130870107,Q130870107,Wind farm,50.094054,3.349523
France,Q142,http://www.wikidata.org/entity/Q104608602,Parc éolien des Monts de l'Ain,Wind farm,46.0609779,5.511281611
France,Q142,http://www.wikidata.org/entity/Q3364819,Q3364819,Wind farm,44.95266,4.25543
France,Q142,http://www.wikidata.org/entity/Q102157025,Q102157025,Wind farm,,
France,Q142,http://www.wikidata.org/entity/Q3364939,Q3364939,Wind farm,49.489,5.66786
France,Q142,http://www.wikidata.org/entity/Q3364823,Sainte-Rose wind farm,Wind farm,-21.1544,55.8066
France,Q142,http://www.wikidata.org/entity/Q3364827,Q3364827,Wind farm,46.7115,-0.358806
France,Q142,http://www.wikidata.org/entity/Q104600065,Parc éolien de Migé-Escamps,Wind farm,,
France,Q142,http://www.wikidata.org/entity/Q71987736,Q71987736,Wind farm,50.1648038,3.5235213
France,Q142,http://www.wikidata.org/entity/Q132496821,Q132496821,Wind farm,46.189853,5.637344
France,Q142,http://www.wikidata.org/entity/Q119721130,Q119721130,Wind farm,,
France,Q142,http://www.wikidata.org/entity/Q104600647,Parc éolien de Joux-la-Ville,Wind farm,47.6421,3.9267
France,Q142,http://www.wikidata.org/entity/Q65152435,Tréport Wind Farm,Wind farm,50.14852662,1.12369503
France,Q142,http://www.wikidata.org/entity/Q113840270,Q113840270,Wind farm,16.4262302,-61.4034878
France,Q142,http://www.wikidata.org/entity/Q3364816,Q3364816,Wind farm,46.62,-1.78039
France,Q142,http://www.wikidata.org/entity/Q130869732,Q130869732,Wind farm,,
France,Q142,http://www.wikidata.org/entity/Q130869894,Q130869894,Wind farm,,
France,Q142,http://www.wikidata.org/entity/Q130870436,Q130870436,Wind farm,,
France,Q142,http://www.wikidata.org/entity/Q130871463,Q130871463,Wind farm,,
France,Q142,http://www.wikidata.org/entity/Q131155945,Q131155945,Wind farm,,
France,Q142,http://www.wikidata.org/entity/Q117352134,Centre Manche,Wind farm,,
France,Q142,http://www.wikidata.org/entity/Q132124029,Q132124029,Wind farm,,
France,Q142,http://www.wikidata.org/entity/Q67440635,Q67440635,Wind farm,50.04,3.0718
France,Q142,http://www.wikidata.org/entity/Q134988184,Q134988184,Wind farm,,
France,Q142,http://www.wikidata.org/entity/Q3364835,Saint-Brieuc Wind Farm,Wind farm,48.86,-2.535
United States,Q30,http://www.wikidata.org/entity/Q4793123,Armenia Mountain Wind Farm,Wind farm,41.7667,-76.8664
United States,Q30,http://www.wikidata.org/entity/Q7304299,Red Hills Wind Farm,Wind farm,35.5319,-99.4039
United States,Q30,http://www.wikidata.org/entity/Q4879597,Beech Ridge Wind Farm,Wind farm,38.097222,-80.544444
United States,Q30,http://www.wikidata.org/entity/Q7580746,Spring Valley Wind Farm,Wind farm,39.0948555,-114.4904137
United States,Q30,http://www.wikidata.org/entity/Q6826493,Meyersdale Wind Farm,Wind farm,39.8044,-78.991
United States,Q30,http://www.wikidata.org/entity/Q6187140,Altamont Pass Wind Farm,Wind farm,37.7325,-121.652
United States,Q30,http://www.wikidata.org/entity/Q5443640,Fenton Wind Farm,Wind farm,43.87484444,-95.911675
United States,Q30,http://www.wikidata.org/entity/Q7361184,Rolling Hills Wind Farm,Wind farm,43.0572,-105.8543
United States,Q30,http://www.wikidata.org/entity/Q6411899,King Mountain Wind Farm,Wind farm,31.2378,-102.238
United States,Q30,http://www.wikidata.org/entity/Q7622744,Streator Cayuga Ridge South Wind Farm,Wind farm,40.9556,-88.4817
United States,Q30,http://www.wikidata.org/entity/Q6480176,Lalamilo Wells,Wind farm,19.9875,-155.765555555
United States,Q30,http://www.wikidata.org/entity/Q5364117,Elk River Wind Project,Wind farm,37.6581,-96.5328
United States,Q30,http://www.wikidata.org/entity/Q5049300,Casselman Wind Power Project,Wind farm,39.884,-79.153
United States,Q30,http://www.wikidata.org/entity/Q5309533,Dry Lake Wind Power Project,Wind farm,34.6,-110.23
United States,Q30,http://www.wikidata.org/entity/Q5353776,Elbow Creek Wind Project,Wind farm,32.2159,-101.431
United States,Q30,http://www.wikidata.org/entity/Q6058630,Intrepid Wind Farm,Wind farm,42.5533,-95.3211
United States,Q30,http://www.wikidata.org/entity/Q5253318,Delaware Mountain Wind Farm,Wind farm,31.7342,-104.764
United States,Q30,http://www.wikidata.org/entity/Q5186572,Criterion Wind Project,Wind farm,39.4174,-79.2783
United States,Q30,http://www.wikidata.org/entity/Q4890562,Benton County Wind Farm,Wind farm,40.6861,-87.4088
United States,Q30,http://www.wikidata.org/entity/Q5595916,Granite Reliable Wind Farm,Wind farm,44.7833,-71.3167
United States,Q30,http://www.wikidata.org/entity/Q5059231,Centennial Wind Farm,Wind farm,36.6297,-99.5181
United States,Q30,http://www.wikidata.org/entity/Q6020940,Indian Mesa Wind Farm,Wind farm,30.931466944,-102.201433055
United States,Q30,http://www.wikidata.org/entity/Q5759261,Highland Wind Project,Wind farm,43.083333333,-95.566666666
United States,Q30,http://www.wikidata.org/entity/Q4731333,Allegheny Ridge Wind Farm,Wind farm,40.3914,-78.5409
United States,Q30,http://www.wikidata.org/entity/Q4929867,Blue Sky Green Field Wind Energy Center,Wind farm,43.9122,-88.2736
United States,Q30,http://www.wikidata.org/entity/Q7494717,Sherbino Wind Farm,Wind farm,30.811,-102.362
United States,Q30,http://www.wikidata.org/entity/Q6521509,Lempster Mountain Wind Power Project,Wind farm,43.2333,-72.15
United States,Q30,http://www.wikidata.org/entity/Q5027222,Camp Grove Wind Farm,Wind farm,41.069916666,-89.578111111
United States,Q30,http://www.wikidata.org/entity/Q7283914,Rail Splitter Wind Farm,Wind farm,40.3,-89.4
United States,Q30,http://www.wikidata.org/entity/Q4906989,Biglow Canyon Wind Farm,Wind farm,45.6375,-120.605
United States,Q30,http://www.wikidata.org/entity/Q6693829,Lower Snake River Wind Project,Wind farm,46.4667,-117.733
United States,Q30,http://www.wikidata.org/entity/Q3639811,Big Horn Wind Farm,Wind farm,45.7561,-120.809
United States,Q30,http://www.wikidata.org/entity/Q5473261,Forward Wind Energy Center,Wind farm,43.6169,-88.4911
United States,Q30,http://www.wikidata.org/entity/Q7196768,Pioneer Prairie Wind Farm,Wind farm,43.4764,-92.5856
United States,Q30,http://www.wikidata.org/entity/Q4849470,Hoosac Wind Power Project,Wind farm,42.7109,-73.0198
United States,Q30,http://www.wikidata.org/entity/Q5598166,Gray County Wind Farm,Wind farm,37.6061,-100.379
United States,Q30,http://www.wikidata.org/entity/Q6858414,Mill Run Wind Energy Center,Wind farm,39.9495,-79.4429
United States,Q30,http://www.wikidata.org/entity/Q4876424,Bear Creek Wind Power Project,Wind farm,41.1247,-75.7511
United States,Q30,http://www.wikidata.org/entity/Q7494505,Shepherds Flat Wind Farm,Wind farm,45.7,-120.06
United States,Q30,http://www.wikidata.org/entity/Q5900706,Hopkins Ridge Wind Farm,Wind farm,46.402,-117.812
United States,Q30,http://www.wikidata.org/entity/Q6816732,Mendota Hills Wind Farm,Wind farm,41.7256,-89.0456
United States,Q30,http://www.wikidata.org/entity/Q5685754,Hay Canyon Wind Farm,Wind farm,45.5286,-120.608
United States,Q30,http://www.wikidata.org/entity/Q5610777,Groton Wind,Wind farm,43.75,-71.8
United States,Q30,http://www.wikidata.org/entity/Q6403998,Kibby Wind Power Project,Wind farm,45.397802,-70.534354
United States,Q30,http://www.wikidata.org/entity/Q5443537,Fenner Wind Farm,Wind farm,42.9882,-75.7655
United States,Q30,http://www.wikidata.org/entity/Q4926872,Bliss Wind Farm,Wind farm,42.55,-78.25
United States,Q30,http://www.wikidata.org/entity/Q6758968,Marengo Wind Farm,Wind farm,46.3742,-117.777
United States,Q30,http://www.wikidata.org/entity/Q6753971,Maple Ridge Wind Farm,Wind farm,43.75,-75.55
United States,Q30,http://www.wikidata.org/entity/Q5898632,Hoosier Wind Farm,Wind farm,40.6,-87.32
United States,Q30,http://www.wikidata.org/entity/Q6346892,Kaheawa Wind Power,Wind farm,20.8136,-156.551
United States,Q30,http://www.wikidata.org/entity/Q5264019,Desert Sky Wind Farm,Wind farm,30.916,-102.108
United States,Q30,http://www.wikidata.org/entity/Q7559918,Somerset Wind Farm,Wind farm,39.9833,-79.0095
United States,Q30,http://www.wikidata.org/entity/Q5617549,Gulf Wind Farm,Wind farm,27.0878,-97.5894
United States,Q30,http://www.wikidata.org/entity/Q6925649,Mountaineer Wind Energy Center,Wind farm,39.184028,-79.535611
United States,Q30,http://www.wikidata.org/entity/Q5637198,Hackberry Wind Project,Wind farm,32.8242,-99.2783
United States,Q30,http://www.wikidata.org/entity/Q116715615,Four Mile Canyon Windfarm LLC,Wind farm,45.6447,-119.4533
United States,Q30,http://www.wikidata.org/entity/Q116715554,Altona,Wind farm,44.8216,-73.6509
United States,Q30,http://www.wikidata.org/entity/Q116715479,Crane Creek Wind Energy Center,Wind farm,43.397778,-92.47361
United States,Q30,http://www.wikidata.org/entity/Q116715586,High Lonesome Mesa LLC,Wind farm,34.466667,-105.9625
United States,Q30,http://www.wikidata.org/entity/Q116715737,Dry Lake Wind LLC,Wind farm,34.6596,-110.2842
United States,Q30,http://www.wikidata.org/entity/Q116715748,Blue Canyon Windpower V LLC,Wind farm,34.8217,-98.4525
United States,Q30,http://www.wikidata.org/entity/Q116715505,Arlington Wind Power Project,Wind farm,45.7167,-120.2008
United States,Q30,http://www.wikidata.org/entity/Q116715571,FPL Energy Story Wind LLC,Wind farm,42.1044,-93.2722
United States,Q30,http://www.wikidata.org/entity/Q116715774,Big Sky Wind LLC,Wind farm,41.599167,-89.45611
United States,Q30,http://www.wikidata.org/entity/Q116715576,Cassia Wind,Wind farm,42.8444,-115.0369
United States,Q30,http://www.wikidata.org/entity/Q116715752,Blackstone Wind Farm II LLC,Wind farm,41.1406,-88.53
United States,Q30,http://www.wikidata.org/entity/Q116715450,Hull Wind II,Wind farm,42.261111,-70.85639
United States,Q30,http://www.wikidata.org/entity/Q116715758,Wilton Wind II LLC,Wind farm,47.1333,-100.7011
United States,Q30,http://www.wikidata.org/entity/Q116715470,Central Plains Wind Farm,Wind farm,38.503167,-101.1615
United States,Q30,http://www.wikidata.org/entity/Q116715618,Pacific Canyon Windfarm LLC,Wind farm,45.6542,-119.4869
United States,Q30,http://www.wikidata.org/entity/Q116715611,Butter Creek Power LLC,Wind farm,45.7017,-119.4222
United States,Q30,http://www.wikidata.org/entity/Q116715558,Great Plains Windpark LLC,Wind farm,36.4964,-101.3917
United States,Q30,http://www.wikidata.org/entity/Q116715732,Silver Sage Windpower,Wind farm,41.12968,-105.024
United States,Q30,http://www.wikidata.org/entity/Q116715673,Langdon Wind Energy Center,Wind farm,48.6303,-98.3169
United States,Q30,http://www.wikidata.org/entity/Q116715632,Stetson Wind II,Wind farm,45.61498,-67.971
United States,Q30,http://www.wikidata.org/entity/Q116715730,Campbell Hill Windpower,Wind farm,43.01455,-105.999
United States,Q30,http://www.wikidata.org/entity/Q116715612,Big Top LLC,Wind farm,45.655,-119.4647
United States,Q30,http://www.wikidata.org/entity/Q116715589,Elkhorn Ridge Wind LLC,Wind farm,42.6978,-97.6189
United States,Q30,http://www.wikidata.org/entity/Q116715747,Milford Wind Corridor Stage II LLC,Wind farm,38.58523,-112.931
United States,Q30,http://www.wikidata.org/entity/Q116715680,High Plains,Wind farm,41.675052,-106.0111
United States,Q30,http://www.wikidata.org/entity/Q116715587,Buffalo Bear LLC,Wind farm,36.7767,-99.6353
United States,Q30,http://www.wikidata.org/entity/Q116715614,Four Corners Windfarm LLC,Wind farm,45.7286,-119.4181
United States,Q30,http://www.wikidata.org/entity/Q116715564,Osceola Windpower II,Wind farm,43.4303,-95.4167
United States,Q30,http://www.wikidata.org/entity/Q116715623,Stony Creek Wind Farm LLC,Wind farm,40.0311,-78.8153
United States,Q30,http://www.wikidata.org/entity/Q116715444,Buffalo Ridge I LLC,Wind farm,44.4328,-96.4779
United States,Q30,http://www.wikidata.org/entity/Q116715583,Grand Ridge Wind Energy Center,Wind farm,41.2269,-88.6836
United States,Q30,http://www.wikidata.org/entity/Q116715635,Grand Meadow,Wind farm,43.7189,-92.705
United States,Q30,http://www.wikidata.org/entity/Q116715770,Stoney Corners Wind Farm,Wind farm,44.19,-85.2983
United States,Q30,http://www.wikidata.org/entity/Q116715685,Nobles Wind Project,Wind farm,43.7036,-95.7131
United States,Q30,http://www.wikidata.org/entity/Q116715441,Pebble Springs Wind LLC,Wind farm,45.7119,-120.125
United States,Q30,http://www.wikidata.org/entity/Q116715754,Quilt Block Wind Farm LLC,Wind farm,42.673333,-90.26528
United States,Q30,http://www.wikidata.org/entity/Q116715728,Bull Hill Wind Project,Wind farm,44.723056,-68.2425
United States,Q30,http://www.wikidata.org/entity/Q116715492,Seven Mile Hill,Wind farm,41.9203,-106.3758
United States,Q30,http://www.wikidata.org/entity/Q116715750,Blackstone Wind Farm LLC,Wind farm,41.1508,-88.6233
United States,Q30,http://www.wikidata.org/entity/Q116715622,Ward Butte Windfarm LLC,Wind farm,45.6967,-119.4097
United States,Q30,http://www.wikidata.org/entity/Q116715593,Willow Creek Energy Center,Wind farm,45.6533,-119.9914
United States,Q30,http://www.wikidata.org/entity/Q116715686,Merricourt Wind Energy Center,Wind farm,46.1075,-99.0592
United States,Q30,http://www.wikidata.org/entity/Q116715472,Marshall Wind 2 LLC,Wind farm,44.3236,-95.8222
United States,Q30,http://www.wikidata.org/entity/Q116715524,Shiloh Wind Project 2 LLC,Wind farm,38.1711,-121.8461
United States,Q30,http://www.wikidata.org/entity/Q116715619,Sand Ranch Windfarm LLC,Wind farm,45.6447,-119.4767
United States,Q30,http://www.wikidata.org/entity/Q116715604,Happy Jack Windpower Project,Wind farm,41.139722,-104.9978
United States,Q30,http://www.wikidata.org/entity/Q116715644,Oakfield Wind Project,Wind farm,46.058056,-68.14722
United States,Q30,http://www.wikidata.org/entity/Q116715719,Milford Wind Corridor I LLC,Wind farm,38.53569,-112.935
United States,Q30,http://www.wikidata.org/entity/Q116715780,Cambria Wind LLC,Wind farm,40.3042,-78.6908
United States,Q30,http://www.wikidata.org/entity/Q116715777,Eurus Combine Hills Turbine Ranch 2,Wind farm,45.943,-118.591
United States,Q30,http://www.wikidata.org/entity/Q116715526,Wapsipinicon Wind Project,Wind farm,43.8006,-92.6822
United States,Q30,http://www.wikidata.org/entity/Q116715446,Moraine II Wind LLC,Wind farm,44.1238,-96.0784
United States,Q30,http://www.wikidata.org/entity/Q116715568,FPL Energy Ashtabula Wind LLC,Wind farm,47.1294,-97.8853
United States,Q30,http://www.wikidata.org/entity/Q116715769,Beaver Ridge Wind,Wind farm,44.4967,-69.35
United States,Q30,http://www.wikidata.org/entity/Q116715488,Flat Iron Wind (7) LLC,Wind farm,36.0264,-101.9
United States,Q30,http://www.wikidata.org/entity/Q116715759,Ashtabula Wind II LLC,Wind farm,47.292437,-97.93169
United States,Q30,http://www.wikidata.org/entity/Q116715484,T-Bone Wind (10) LLC,Wind farm,35.8081,-101.9986
United States,Q30,http://www.wikidata.org/entity/Q116715508,Sagebrush Power Partners,Wind farm,47.1356,-120.6872
United States,Q30,http://www.wikidata.org/entity/Q116715487,Brisket Wind (8) LLC,Wind farm,36.0075,-101.8614
United States,Q30,http://www.wikidata.org/entity/Q116715630,Rollins Wind Project,Wind farm,45.34598,-68.3802
United States,Q30,http://www.wikidata.org/entity/Q116715605,Notrees Windpower Hybrid,Wind farm,31.995,-102.8283
United States,Q30,http://www.wikidata.org/entity/Q116715721,Sheffield Wind,Wind farm,44.67598,-72.1013
United States,Q30,http://www.wikidata.org/entity/Q116715755,Greensburg,Wind farm,37.5499,-99.3444
United States,Q30,http://www.wikidata.org/entity/Q116715457,Adair Wind Farm,Wind farm,41.4236,-94.665
United States,Q30,http://www.wikidata.org/entity/Q116715746,Mesalands Comm College Wind Turbine,Wind farm,35.17,-103.74
United States,Q30,http://www.wikidata.org/entity/Q116715507,Marble River Wind Farm,Wind farm,44.975833,-73.92972
United States,Q30,http://www.wikidata.org/entity/Q116715736,Rugby Wind Power Project,Wind farm,48.4968,-99.9513
United States,Q30,http://www.wikidata.org/entity/Q116715474,Marshall Wind 4 LLC,Wind farm,44.3361,-95.8242
United States,Q30,http://www.wikidata.org/entity/Q116715562,Langdon Wind II LLC,Wind farm,48.6292,-98.3164
United States,Q30,http://www.wikidata.org/entity/Q116715734,Star Point Wind Project LLC,Wind farm,45.51,-120.48
United States,Q30,http://www.wikidata.org/entity/Q116715511,Hardin Hilltop Wind LLC,Wind farm,42.0822,-94.365
United States,Q30,http://www.wikidata.org/entity/Q116715473,Marshall Wind 3 LLC,Wind farm,44.3211,-95.7942
United States,Q30,http://www.wikidata.org/entity/Q116715601,Ocotillo Windpower,Wind farm,32.1217,-101.3853
United States,Q30,http://www.wikidata.org/entity/Q116715504,Wheat Field Wind Power Project,Wind farm,45.675804,-120.3183
United States,Q30,http://www.wikidata.org/entity/Q116715776,Tuana Springs,Wind farm,42.8925,-115.0164
United States,Q30,http://www.wikidata.org/entity/Q116715672,Luverne Wind Energy Center,Wind farm,47.3272,-97.8975
United States,Q30,http://www.wikidata.org/entity/Q116715555,Wethersfield,Wind farm,42.6697,-78.2278
United States,Q30,http://www.wikidata.org/entity/Q116715477,Marshall Wind 6 LLC,Wind farm,44.3308,-95.8297
United States,Q30,http://www.wikidata.org/entity/Q116715765,Camp Reed,Wind farm,42.811944,-115.0489
United States,Q30,http://www.wikidata.org/entity/Q116715764,Payne's Ferry,Wind farm,42.825278,-115.0108
United States,Q30,http://www.wikidata.org/entity/Q116715486,Tri-Tip Wind (9) LLC,Wind farm,35.9614,-101.8033
United States,Q30,http://www.wikidata.org/entity/Q116715578,Cassia Gulch,Wind farm,42.8744,-115.0172
United States,Q30,http://www.wikidata.org/entity/Q116715766,Yahoo Creek,Wind farm,42.770833,-114.9886
United States,Q30,http://www.wikidata.org/entity/Q116715509,Crosswind Energy Project,Wind farm,43.0475,-94.9228
United States,Q30,http://www.wikidata.org/entity/Q116715490,Marshall Wind 1 LLC,Wind farm,44.3253,-95.8142
United States,Q30,http://www.wikidata.org/entity/Q116715557,Chateaugay,Wind farm,44.8917,-74.0299
United States,Q30,http://www.wikidata.org/entity/Q116715451,EcoGrove Wind LLC,Wind farm,42.451481,-89.87843
United States,Q30,http://www.wikidata.org/entity/Q116715476,Marshall Wind 5 LLC,Wind farm,44.3303,-95.8344
United States,Q30,http://www.wikidata.org/entity/Q116715616,Oregon Trail Windfarm LLC,Wind farm,45.7122,-119.4044
United States,Q30,http://www.wikidata.org/entity/Q116715491,Glenrock,Wind farm,43.0181,-105.8353
United States,Q30,http://www.wikidata.org/entity/Q116715751,Lost Lakes Wind Farm LLC,Wind farm,43.3456,-95.3233
United States,Q30,http://www.wikidata.org/entity/Q116715783,Harvest Wind Project,Wind farm,45.8131,-120.3475
United States,Q30,http://www.wikidata.org/entity/Q116715483,Ribeye Wind (11) LLC,Wind farm,35.8119,-101.9789
United States,Q30,http://www.wikidata.org/entity/Q116715621,Wagon Trail LLC,Wind farm,45.6531,-119.4625
United States,Q30,http://www.wikidata.org/entity/Q116715628,Stetson Wind I,Wind farm,45.4822,-67.9944
United States,Q30,http://www.wikidata.org/entity/Q116715455,Carroll Wind Farm,Wind farm,42.1622,-94.93
United States,Q30,http://www.wikidata.org/entity/Q116715733,Casper Wind Farm,Wind farm,42.884703,-106.2214
United States,Q30,http://www.wikidata.org/entity/Q116715596,Bull Creek Wind,Wind farm,32.929014,-101.5786
United States,Q30,http://www.wikidata.org/entity/Q116715575,Threemile Canyon,Wind farm,45.6758,-119.9375
United States,Q30,http://www.wikidata.org/entity/Q116715679,McFadden Ridge,Wind farm,41.7244,-105.9906
United States,Q30,http://www.wikidata.org/entity/Q116716073,Laurel Wind Farm,Wind farm,41.883333,-92.93333
United States,Q30,http://www.wikidata.org/entity/Q116715933,Sunray Wind I,Wind farm,35.9454,-101.9005
United States,Q30,http://www.wikidata.org/entity/Q116715816,Day County Wind LLC,Wind farm,45.215,-97.9056
United States,Q30,http://www.wikidata.org/entity/Q116715830,Cedar Creek II,Wind farm,40.9475,-103.7839
United States,Q30,http://www.wikidata.org/entity/Q116715788,Windy Flats Wind Project,Wind farm,45.7269,-120.8339
United States,Q30,http://www.wikidata.org/entity/Q116715999,Elk Wind Farm,Wind farm,42.583889,-91.37083
United States,Q30,http://www.wikidata.org/entity/Q116715873,Laredo Ridge Wind LLC,Wind farm,41.880278,-98.02389
United States,Q30,http://www.wikidata.org/entity/Q116716095,Palouse,Wind farm,47.155833,-117.3644
United States,Q30,http://www.wikidata.org/entity/Q116715891,Flat Water Wind Farm LLC,Wind farm,40.0011,-95.9289
United States,Q30,http://www.wikidata.org/entity/Q116715924,Big Horn Wind II,Wind farm,45.9192,-120.3039
United States,Q30,http://www.wikidata.org/entity/Q116715811,Lost Creek Wind Energy Facility,Wind farm,39.981389,-94.51806
United States,Q30,http://www.wikidata.org/entity/Q116715903,Alta Wind Energy Center IV,Wind farm,35.008611,-118.2422
United States,Q30,http://www.wikidata.org/entity/Q116715905,Alta Wind Energy Center V,Wind farm,35.008611,-118.2422
United States,Q30,http://www.wikidata.org/entity/Q116715893,Sandy Ridge Wind Farm,Wind farm,40.729207,-78.28735
United States,Q30,http://www.wikidata.org/entity/Q116715896,Hardscrabble Wind Power LLC,Wind farm,43.112222,-74.87889
United States,Q30,http://www.wikidata.org/entity/Q116716013,Oak Glen Wind Farm,Wind farm,43.920556,-93.14056
United States,Q30,http://www.wikidata.org/entity/Q116715910,Dunlap,Wind farm,42.043611,-106.1603
United States,Q30,http://www.wikidata.org/entity/Q116716308,Northern Iowa Windpower II,Wind farm,43.3608,-93.2978
United States,Q30,http://www.wikidata.org/entity/Q116716008,Mainline Windfarm,Wind farm,43.04835,-115.4129
United States,Q30,http://www.wikidata.org/entity/Q116716290,Fey Windfarm LLC,Wind farm,44.0364,-96.0736
United States,Q30,http://www.wikidata.org/entity/Q116715927,Juniper Canyon I Wind Project,Wind farm,45.9215,-120.2355
United States,Q30,http://www.wikidata.org/entity/Q116715787,Barton Chapel Wind Farm,Wind farm,33.052226,-98.32842
United States,Q30,http://www.wikidata.org/entity/Q116715858,Welcome Wind Turbine,Wind farm,43.6825,-94.5892
United States,Q30,http://www.wikidata.org/entity/Q116716307,Judith Gap Wind Energy Center,Wind farm,46.5725,-109.7531
United States,Q30,http://www.wikidata.org/entity/Q116716057,Manzana Wind LLC,Wind farm,34.9349,-118.4612
United States,Q30,http://www.wikidata.org/entity/Q116716010,Cold Springs Windfarm,Wind farm,43.028056,-115.4005
United States,Q30,http://www.wikidata.org/entity/Q116715870,Cedro Hill Wind LLC,Wind farm,27.576111,-98.90528
United States,Q30,http://www.wikidata.org/entity/Q116716310,Top of Iowa Windfarm III,Wind farm,43.3597,-93.3208
United States,Q30,http://www.wikidata.org/entity/Q116715983,Community Wind North LLC,Wind farm,44.245556,-96.40639
United States,Q30,http://www.wikidata.org/entity/Q116716034,Mountain View IV,Wind farm,33.8816,-116.5527
United States,Q30,http://www.wikidata.org/entity/Q116715975,"Poseidon Wind, LLC",Wind farm,34.6062,-110.1734
United States,Q30,http://www.wikidata.org/entity/Q116716315,Agriwind,Wind farm,41.3017,-89.6236
United States,Q30,http://www.wikidata.org/entity/Q116715912,Garnet Wind Energy Center,Wind farm,33.9053,-116.5825
United States,Q30,http://www.wikidata.org/entity/Q116716311,Forest Creek Wind Farm LLC,Wind farm,32.039,-101.22
United States,Q30,http://www.wikidata.org/entity/Q116715892,Minonk Wind Farm,Wind farm,40.888611,-88.99722
United States,Q30,http://www.wikidata.org/entity/Q116715862,Lakota Wind Wind Farm,Wind farm,43.3839,-94.1475
United States,Q30,http://www.wikidata.org/entity/Q116715869,Texico Wind Ranch LP,Wind farm,34.36,-103.0667
United States,Q30,http://www.wikidata.org/entity/Q116715784,Langford Wind Power,Wind farm,31.085435,-100.6788
United States,Q30,http://www.wikidata.org/entity/Q116715958,Red Mesa Wind LLC,Wind farm,35.2689,-107.3828
United States,Q30,http://www.wikidata.org/entity/Q116715876,Little Pringle II Wind Farm,Wind farm,35.924858,-101.5414
United States,Q30,http://www.wikidata.org/entity/Q116716300,Leaning Juniper,Wind farm,45.652457,-120.2098
United States,Q30,http://www.wikidata.org/entity/Q116715831,Goshen Phase II,Wind farm,43.467057,-111.8364
United States,Q30,http://www.wikidata.org/entity/Q116716045,Garden Wind LLC,Wind farm,42.224436,-93.37363
United States,Q30,http://www.wikidata.org/entity/Q116716064,Settlers Trail Wind Farm LLC,Wind farm,40.694444,-87.57083
United States,Q30,http://www.wikidata.org/entity/Q116716294,Cedar Ridge,Wind farm,43.692647,-88.32974
United States,Q30,http://www.wikidata.org/entity/Q116715943,White Oak Energy LLC,Wind farm,40.590833,-89.04667
United States,Q30,http://www.wikidata.org/entity/Q116715818,Bent Tree Wind Farm Phase 1,Wind farm,43.724596,-93.45043
United States,Q30,http://www.wikidata.org/entity/Q116716125,Cooper Farms VW Project,Wind farm,40.905833,-84.57028
United States,Q30,http://www.wikidata.org/entity/Q116716291,S&P Windfarm LLC,Wind farm,43.651389,-95.3825
United States,Q30,http://www.wikidata.org/entity/Q116716317,Stahl Wind Energy,Wind farm,44.0256,-96.4303
United States,Q30,http://www.wikidata.org/entity/Q116716284,Combine Hills I,Wind farm,45.943,-118.591
United States,Q30,http://www.wikidata.org/entity/Q116715898,Big Blue,Wind farm,43.612222,-94.19194
United States,Q30,http://www.wikidata.org/entity/Q116715889,Alta Wind Energy Center I,Wind farm,35.033725,-118.3534
United States,Q30,http://www.wikidata.org/entity/Q116716009,Desert Meadow Windfarm,Wind farm,43.056622,-115.452
United States,Q30,http://www.wikidata.org/entity/Q116716287,Bisson Windfarm LLC,Wind farm,43.984444,-96.21944
United States,Q30,http://www.wikidata.org/entity/Q116716088,Trinity Hills,Wind farm,33.383611,-98.71194
United States,Q30,http://www.wikidata.org/entity/Q116715884,Grant County Wind LLC,Wind farm,45.8033,-95.8844
United States,Q30,http://www.wikidata.org/entity/Q116716289,Tofteland Windfarm LLC,Wind farm,43.980278,-96.22333
United States,Q30,http://www.wikidata.org/entity/Q116715971,Lakefield Wind Project LLC,Wind farm,43.675,-95.15667
United States,Q30,http://www.wikidata.org/entity/Q116715947,Baldwin Wind LLC,Wind farm,47.1133,-100.7086
United States,Q30,http://www.wikidata.org/entity/Q116715913,Loraine Windpark Project LLC,Wind farm,32.4375,-100.7444
United States,Q30,http://www.wikidata.org/entity/Q116715907,Carleton College,Wind farm,44.461908,-93.15639
United States,Q30,http://www.wikidata.org/entity/Q116716039,Bishop Hill Energy LLC,Wind farm,41.215278,-90.12083
United States,Q30,http://www.wikidata.org/entity/Q116715820,Glacier Hills,Wind farm,43.563889,-89.14806
United States,Q30,http://www.wikidata.org/entity/Q116715880,Chestnut Flats Wind Farm,Wind farm,40.522846,-78.47692
United States,Q30,http://www.wikidata.org/entity/Q116715867,Iowa Lakes Community College Wind Farm,Wind farm,43.385347,-94.81566
United States,Q30,http://www.wikidata.org/entity/Q116715871,Taloga Wind LLC,Wind farm,35.855556,-98.96833
United States,Q30,http://www.wikidata.org/entity/Q116716096,Bingham Wind,Wind farm,45.103333,-69.76194
United States,Q30,http://www.wikidata.org/entity/Q116716050,Ralls Wind Farm,Wind farm,33.661111,-101.39
United States,Q30,http://www.wikidata.org/entity/Q116716014,Valley View Transmission LLC,Wind farm,43.902753,-96.02174
United States,Q30,http://www.wikidata.org/entity/Q116715822,FPL Energy Montezuma Winds LLC,Wind farm,38.163581,-121.7966
United States,Q30,http://www.wikidata.org/entity/Q116716003,Buffalo Ridge II LLC,Wind farm,44.5281,-96.6267
United States,Q30,http://www.wikidata.org/entity/Q116715863,Iowa Lakes Superior Wind Farm,Wind farm,43.445,-94.98028
United States,Q30,http://www.wikidata.org/entity/Q116715955,Fox Island Wind LLC,Wind farm,44.094167,-68.86583
United States,Q30,http://www.wikidata.org/entity/Q116716295,Spearville,Wind farm,37.8641,-99.7528
United States,Q30,http://www.wikidata.org/entity/Q116716273,Ainsworth Wind,Wind farm,42.4489,-99.8917
United States,Q30,http://www.wikidata.org/entity/Q116715885,Crofton Bluffs Wind LLC,Wind farm,42.698333,-97.58
United States,Q30,http://www.wikidata.org/entity/Q116715895,OU Spirit Wind Farm,Wind farm,36.333803,-99.48014
United States,Q30,http://www.wikidata.org/entity/Q116716275,Moraine Wind LLC,Wind farm,44.0667,-96.0667
United States,Q30,http://www.wikidata.org/entity/Q116715810,Vantage Wind Energy LLC,Wind farm,46.9547,-120.1819
United States,Q30,http://www.wikidata.org/entity/Q116716000,Gratiot Wind Park,Wind farm,43.433889,-84.4975
United States,Q30,http://www.wikidata.org/entity/Q116715945,Elk City LLC,Wind farm,35.4642,-99.8983
United States,Q30,http://www.wikidata.org/entity/Q116715899,Northern Colorado Wind LLC,Wind farm,40.9881,-102.8969
United States,Q30,http://www.wikidata.org/entity/Q116715973,Adams Wind Generations LLC,Wind farm,44.916944,-94.73556
United States,Q30,http://www.wikidata.org/entity/Q116716082,Ocotillo Express LLC,Wind farm,32.752778,-116.0447
United States,Q30,http://www.wikidata.org/entity/Q116716024,Two Ponds Windfarm,Wind farm,43.033781,-115.4826
United States,Q30,http://www.wikidata.org/entity/Q116715874,Little Pringle I Wind Farm,Wind farm,35.964272,-101.5402
United States,Q30,http://www.wikidata.org/entity/Q116715960,Keenan II Renewable Energy Co LLC,Wind farm,36.276111,-99.49083
United States,Q30,http://www.wikidata.org/entity/Q116716005,Ryegrass Windfarm,Wind farm,43.037147,-115.4397
United States,Q30,http://www.wikidata.org/entity/Q116715934,Leaning Juniper Wind Power II,Wind farm,45.651,-120.2598
United States,Q30,http://www.wikidata.org/entity/Q116715801,Cedar Hills Wind Farm,Wind farm,46.245556,-103.7672
United States,Q30,http://www.wikidata.org/entity/Q116716301,Shiloh I Wind Project,Wind farm,38.12,-121.85
United States,Q30,http://www.wikidata.org/entity/Q116716085,DeWind Frisco,Wind farm,36.498514,-101.6053
United States,Q30,http://www.wikidata.org/entity/Q116716286,TG Windfarm LLC,Wind farm,43.9897,-96.2236
United States,Q30,http://www.wikidata.org/entity/Q116715951,Uilk Wind LLC,Wind farm,43.9811,-96.4269
United States,Q30,http://www.wikidata.org/entity/Q116715865,MA Military Reservation Wind Project,Wind farm,41.6647,-70.5942
United States,Q30,http://www.wikidata.org/entity/Q116715902,Alta Wind Energy Center III,Wind farm,35.023889,-118.2953
United States,Q30,http://www.wikidata.org/entity/Q116715900,Alta Wind Energy Center II,Wind farm,35.023889,-118.2953
United States,Q30,http://www.wikidata.org/entity/Q116715998,Notus Wind 1,Wind farm,41.6083,-70.6089
United States,Q30,http://www.wikidata.org/entity/Q116716006,Hammett Hill Windfarm,Wind farm,43.006133,-115.4633
United States,Q30,http://www.wikidata.org/entity/Q15404076,Tehachapi Pass Wind Farm,Wind farm,35.1022,-118.283
United States,Q30,http://www.wikidata.org/entity/Q116697642,Rock Aetna Power Partners,Wind farm,44.022721,-96.05232
United States,Q30,http://www.wikidata.org/entity/Q19867909,Hawi Wind Farm,Wind farm,20.2553,-155.854
United States,Q30,http://www.wikidata.org/entity/Q68807730,Latigo Wind Farm,Wind farm,37.871833333,-109.343944444
United States,Q30,http://www.wikidata.org/entity/Q65084374,Cedar Point Wind Farm,Wind farm,39.421667,-103.678056
United States,Q30,http://www.wikidata.org/entity/Q116712814,San Gorgonio Westwinds II LLC,Wind farm,33.934,-116.5781
United States,Q30,http://www.wikidata.org/entity/Q65084533,Rush Creek Wind Project,Wind farm,39.172222,-103.845278
United States,Q30,http://www.wikidata.org/entity/Q116712991,Mojave 3/4/5,Wind farm,35.0506,-118.2572
United States,Q30,http://www.wikidata.org/entity/Q24884730,High Sheldon Wind Farm,Wind farm,42.729,-78.393
United States,Q30,http://www.wikidata.org/entity/Q7824713,Top of the World Windpower Project,Wind farm,42.925,-105.772
United States,Q30,http://www.wikidata.org/entity/Q116712863,East Winds Project,Wind farm,33.890913,-116.5415
United States,Q30,http://www.wikidata.org/entity/Q65067490,Desert Wind Farm,Wind farm,36.31,-76.42
United States,Q30,http://www.wikidata.org/entity/Q116712122,Dinosaur Point,Wind farm,37.0478,-121.1708
United States,Q30,http://www.wikidata.org/entity/Q62127885,Bethel Wind Farm,Wind farm,34.5753,-102.4746
United States,Q30,http://www.wikidata.org/entity/Q7838479,Trent Wind Farm,Wind farm,32.422,-100.212
United States,Q30,http://www.wikidata.org/entity/Q116712752,Edom Hills Project 1 LLC,Wind farm,33.881667,-116.4603
United States,Q30,http://www.wikidata.org/entity/Q115801100,Hoopeston Wind Farm,Wind farm,40.393055555,-87.779444444
United States,Q30,http://www.wikidata.org/entity/Q14705671,Jersey-Atlantic Wind Farm,Wind farm,39.3814,-74.4475
United States,Q30,http://www.wikidata.org/entity/Q16984172,Berkshire Wind Power Project,Wind farm,42.57916667,-73.27388889
United States,Q30,http://www.wikidata.org/entity/Q116699360,Searsburg Wind Turbine,Wind farm,42.8625,-72.9628
United States,Q30,http://www.wikidata.org/entity/Q115801387,Whitney Hill Wind Farm,Wind farm,39.956944444,-89.311111111
United States,Q30,http://www.wikidata.org/entity/Q116697657,Schumann Wind Farm,Wind farm,45.90676,-118.4973
United States,Q30,http://www.wikidata.org/entity/Q116695992,Snake River,Wind farm,64.505331,-165.4298
United States,Q30,http://www.wikidata.org/entity/Q28454372,Bloom Wind,Wind farm,37.4863,-99.9247
United States,Q30,http://www.wikidata.org/entity/Q7994624,White Creek Wind Farm,Wind farm,45.7267,-120.834
United States,Q30,http://www.wikidata.org/entity/Q115801419,California Ridge Wind Farm,Wind farm,40.208611111,-87.874444444
United States,Q30,http://www.wikidata.org/entity/Q115802195,Bishop Hill Wind Farms,Wind farm,41.183333333,-90.2
United States,Q30,http://www.wikidata.org/entity/Q7975969,Waymart Wind Farm,Wind farm,41.5635,-75.4448
United States,Q30,http://www.wikidata.org/entity/Q114554279,Bright Stalk Wind Farm,Wind farm,40.714444444,-88.705833333
United States,Q30,http://www.wikidata.org/entity/Q62088009,Kamaoa Wind Farm,Wind farm,18.9925,-155.668055555
United States,Q30,http://www.wikidata.org/entity/Q16956195,New Mexico Wind Energy Center,Wind farm,34.63566,-104.04733
United States,Q30,http://www.wikidata.org/entity/Q116712345,Cameron Ridge LLC,Wind farm,35.075,-118.3158
United States,Q30,http://www.wikidata.org/entity/Q14714264,Mount Storm Wind Farm,Wind farm,39.2244,-79.2042
United States,Q30,http://www.wikidata.org/entity/Q116713083,CTV Power Purchase Contract Trust,Wind farm,35.0583,-118.3083
United States,Q30,http://www.wikidata.org/entity/Q116697672,Buffalo Ridge Wind,Wind farm,44.423056,-96.29722
United States,Q30,http://www.wikidata.org/entity/Q116697089,Willmar,Wind farm,45.121705,-95.05324
United States,Q30,http://www.wikidata.org/entity/Q62088309,Pakini Nui Wind Farm,Wind farm,18.9729,-155.6898
United States,Q30,http://www.wikidata.org/entity/Q116712617,San Gorgonio Farms Wind Farm,Wind farm,33.926111,-116.615
United States,Q30,http://www.wikidata.org/entity/Q65058240,Javelina Wind Energy Center,Wind farm,27.44,-98.91
United States,Q30,http://www.wikidata.org/entity/Q16980022,Kahuku Wind Farm,Wind farm,21.68734,-157.97201
United States,Q30,http://www.wikidata.org/entity/Q116714008,Buffalo Mountain,Wind farm,36.120994,-84.33873
United States,Q30,http://www.wikidata.org/entity/Q7915192,Vansycle Wind Project,Wind farm,45.923,-118.63
United States,Q30,http://www.wikidata.org/entity/Q116714533,Storm Lake 1,Wind farm,42.6878,-95.405
United States,Q30,http://www.wikidata.org/entity/Q116697069,Mountain Lake,Wind farm,43.9405,-94.9434
United States,Q30,http://www.wikidata.org/entity/Q65056436,Bison Wind Energy Center,Wind farm,46.98,-101.554722222
United States,Q30,http://www.wikidata.org/entity/Q116714066,Tehachapi Wind Resource I,Wind farm,35.060556,-118.3897
United States,Q30,http://www.wikidata.org/entity/Q116712841,Oak Creek Energy Systems I,Wind farm,35.043889,-118.2764
United States,Q30,http://www.wikidata.org/entity/Q116714167,Victory Garden (Tehachapi),Wind farm,35.0686,-118.3833
United States,Q30,http://www.wikidata.org/entity/Q28453999,Amazon Wind Farm Texas,Wind farm,32.863888888,-100.975
United States,Q30,http://www.wikidata.org/entity/Q8001485,Wildorado Wind Ranch,Wind farm,35.307,-102.32
United States,Q30,http://www.wikidata.org/entity/Q116713002,85 A,Wind farm,35.1011,-118.3372
United States,Q30,http://www.wikidata.org/entity/Q116713003,85 B,Wind farm,35.1011,-118.3372
United States,Q30,http://www.wikidata.org/entity/Q116714599,Tehachapi Wind Resource II,Wind farm,35.1061,-118.3114
United States,Q30,http://www.wikidata.org/entity/Q25111237,Rim Rock Wind Farm,Wind farm,48.83611111,-112.06222222
United States,Q30,http://www.wikidata.org/entity/Q20710329,Shirley Wind,Wind farm,44.35694444,-87.9475
United States,Q30,http://www.wikidata.org/entity/Q116696302,Lamar Plant,Wind farm,38.033327,-102.5379
United States,Q30,http://www.wikidata.org/entity/Q116712349,Ridgetop Energy LLC,Wind farm,35.0697,-118.3167
United States,Q30,http://www.wikidata.org/entity/Q116696375,Medicine Bow,Wind farm,41.835278,-106.2428
United States,Q30,http://www.wikidata.org/entity/Q116712751,GPS Cabazon Wind LLC,Wind farm,33.914986,-116.7103
United States,Q30,http://www.wikidata.org/entity/Q116714020,Nine Canyon,Wind farm,46.0958,-119.0964
United States,Q30,http://www.wikidata.org/entity/Q112690519,Scioto Ridge Wind Farm,Wind farm,40.561389,-83.73639
United States,Q30,http://www.wikidata.org/entity/Q116697811,Punta Lima Wind Farm,Wind farm,18.189872,-65.6952
United States,Q30,http://www.wikidata.org/entity/Q116713218,TPC Windfarms LLC,Wind farm,35.05,-118.2572
United States,Q30,http://www.wikidata.org/entity/Q116714168,Painted Hills Wind Park,Wind farm,33.9369,-116.6183
United States,Q30,http://www.wikidata.org/entity/Q116712023,Moorhead Wind Turbine,Wind farm,46.895,-96.7347
United States,Q30,http://www.wikidata.org/entity/Q116713972,Princeton Wind Farm,Wind farm,42.4789,-71.9
United States,Q30,http://www.wikidata.org/entity/Q115800840,Sugar Creek Wind Farm,Wind farm,40.143333333,-89.5325
United States,Q30,http://www.wikidata.org/entity/Q85802263,South Chestnut Wind Project,Wind farm,39.754583333,-79.714305555
United States,Q30,http://www.wikidata.org/entity/Q116712404,Karen Avenue Wind Farm,Wind farm,33.92194,-116.5622
United States,Q30,http://www.wikidata.org/entity/Q116712744,Mesa Wind Power LLC,Wind farm,33.9461,-116.6769
United States,Q30,http://www.wikidata.org/entity/Q65063622,Grande Prairie Wind Farm,Wind farm,42.608056,-98.428333
United States,Q30,http://www.wikidata.org/entity/Q116697673,Young Wind,Wind farm,33.119213,-98.85258
United States,Q30,http://www.wikidata.org/entity/Q116714169,Sky River Wind Energy Center,Wind farm,35.2608,-118.2469
United States,Q30,http://www.wikidata.org/entity/Q116713242,Difwind Farms Ltd VI,Wind farm,35.0506,-118.1714
United States,Q30,http://www.wikidata.org/entity/Q63386687,Blue Creek Wind Farm,Wind farm,40.92583333,-84.56194444
United States,Q30,http://www.wikidata.org/entity/Q116697837,Fort Buchanan Distributed Generation,Wind farm,18.408354,-66.11616
United States,Q30,http://www.wikidata.org/entity/Q116713984,Solano Wind,Wind farm,38.116415,-121.769
United States,Q30,http://www.wikidata.org/entity/Q18350256,Huerfano River Wind Farm,Wind farm,37.7743,-104.832
United States,Q30,http://www.wikidata.org/entity/Q116713146,San Gorgonio Windplant WPP1993,Wind farm,33.918395,-116.5739
United States,Q30,http://www.wikidata.org/entity/Q116713080,Coram Energy LLC (ECT),Wind farm,35.0583,-118.3417
United States,Q30,http://www.wikidata.org/entity/Q116699344,"Tyler Bluff Wind Project, LLC",Wind farm,33.703851,-97.37201
United States,Q30,http://www.wikidata.org/entity/Q116713145,EDF Renewable Windfarm V Inc,Wind farm,38.1167,-121.8333
United States,Q30,http://www.wikidata.org/entity/Q104867181,Kawailoa Wind Farm,Wind farm,21.610278,-158.040833
United States,Q30,http://www.wikidata.org/entity/Q116714293,Coram Tehachapi,Wind farm,35.0663,-118.3394
United States,Q30,http://www.wikidata.org/entity/Q65057061,Spinning Spur Wind Ranch,Wind farm,35.276944,-102.682778
United States,Q30,http://www.wikidata.org/entity/Q116713082,Coram Energy LLC,Wind farm,35.075,-118.3417
United States,Q30,http://www.wikidata.org/entity/Q79722962,Arkwright Summit Wind Farm,Wind farm,42.436656,-79.307121
United States,Q30,http://www.wikidata.org/entity/Q19865020,Lake Winds Energy Park,Wind farm,44.02,-86.5
United States,Q30,http://www.wikidata.org/entity/Q116712061,Salt Valley Wind Plant,Wind farm,40.9044,-96.6231
United States,Q30,http://www.wikidata.org/entity/Q7963704,Walnut Wind Farm,Wind farm,41.49,-95.25
United States,Q30,http://www.wikidata.org/entity/Q16949985,Madison Wind Farm,Wind farm,42.894722,-75.451666
United States,Q30,http://www.wikidata.org/entity/Q19600129,Tuscola Bay wind farm,Wind farm,43.526,-83.6531
United States,Q30,http://www.wikidata.org/entity/Q110191907,Waverly Wind Farm,Wind farm,38.33184,-95.59138
United States,Q30,http://www.wikidata.org/entity/Q116711965,Springview,Wind farm,42.82579,-99.77747
United States,Q30,http://www.wikidata.org/entity/Q7687863,Tatanka Wind Farm,Wind farm,45.9392,-99.0108
United States,Q30,http://www.wikidata.org/entity/Q116712864,Mojave 16/17/18,Wind farm,35.045,-118.2642
United States,Q30,http://www.wikidata.org/entity/Q116697091,Worthington,Wind farm,43.63349,-95.60923
United States,Q30,http://www.wikidata.org/entity/Q7993967,Whispering Willow Wind Farm – East,Wind farm,42.735,-93.338
United States,Q30,http://www.wikidata.org/entity/Q116714032,Chamberlain Wind Project,Wind farm,43.848529,-99.24757
United States,Q30,http://www.wikidata.org/entity/Q116712062,Iowa Distributed Wind Generation Project,Wind farm,43.034722,-94.14056
United States,Q30,http://www.wikidata.org/entity/Q116718039,Paulding Wind Farm II,Wind farm,41.025278,-84.77917
United States,Q30,http://www.wikidata.org/entity/Q116718009,Shane's Wind Machine,Wind farm,44.1508,-96.1361
United States,Q30,http://www.wikidata.org/entity/Q116718128,Mehoopany Wind Energy LLC,Wind farm,41.420556,-76.04917
United States,Q30,http://www.wikidata.org/entity/Q116716348,Prairie Winds ND1,Wind farm,47.933621,-101.2692
United States,Q30,http://www.wikidata.org/entity/Q116718019,"Minco Wind I, LLC",Wind farm,35.280278,-97.97556
United States,Q30,http://www.wikidata.org/entity/Q116718181,Mustang Hills LLC,Wind farm,35.030855,-118.2932
United States,Q30,http://www.wikidata.org/entity/Q116718197,McKinley Wind Park,Wind farm,43.871944,-83.24139
United States,Q30,http://www.wikidata.org/entity/Q116718118,Coastal Energy Project,Wind farm,46.793581,-124.0654
United States,Q30,http://www.wikidata.org/entity/Q116718003,Tenderloin Wind (6) LLC,Wind farm,36.4669,-101.8222
United States,Q30,http://www.wikidata.org/entity/Q116718004,Peetz Table Wind Energy,Wind farm,40.986,-103.436
United States,Q30,http://www.wikidata.org/entity/Q116718125,Rockland Wind Farm,Wind farm,42.674722,-112.9019
United States,Q30,http://www.wikidata.org/entity/Q116718121,Power County Wind Park North,Wind farm,42.738889,-112.7486
United States,Q30,http://www.wikidata.org/entity/Q116716413,"Roth Rock North Wind Farm, LLC",Wind farm,39.287222,-79.43444
United States,Q30,http://www.wikidata.org/entity/Q116716329,Oregon Trail Wind Park,Wind farm,42.840556,-114.9897
United States,Q30,http://www.wikidata.org/entity/Q116718052,Union City Wind Turbine,Wind farm,40.1908,-84.8172
United States,Q30,http://www.wikidata.org/entity/Q116718178,Rippey Wind Farm,Wind farm,42.006111,-94.23778
United States,Q30,http://www.wikidata.org/entity/Q116716369,Elm Creek Wind LLC,Wind farm,43.7542,-94.9497
United States,Q30,http://www.wikidata.org/entity/Q116718047,Wolverine,Wind farm,41.3931,-94.4447
United States,Q30,http://www.wikidata.org/entity/Q116716321,Greenback Energy,Wind farm,44.0208,-96.4331
United States,Q30,http://www.wikidata.org/entity/Q116716396,University of Delaware Wind Turbine,Wind farm,38.782931,-75.1649
United States,Q30,http://www.wikidata.org/entity/Q116716322,Fairmont Wind,Wind farm,43.575,-94.44667
United States,Q30,http://www.wikidata.org/entity/Q116716356,Michigan Wind 2,Wind farm,43.663056,-82.74694
United States,Q30,http://www.wikidata.org/entity/Q116718185,Pinyon Pine II,Wind farm,35.026759,-118.2233
United States,Q30,http://www.wikidata.org/entity/Q116718195,Sigel Wind Park,Wind farm,43.850833,-82.78361
United States,Q30,http://www.wikidata.org/entity/Q116716412,Roth Rock Wind Farm LLC,Wind farm,39.254444,-79.46722
United States,Q30,http://www.wikidata.org/entity/Q116718120,Power County Wind Park South,Wind farm,42.703333,-112.7578
United States,Q30,http://www.wikidata.org/entity/Q116718050,Linden Wind Energy Project,Wind farm,45.744171,-120.7836
United States,Q30,http://www.wikidata.org/entity/Q116716465,Record Hill Wind,Wind farm,44.633611,-70.62778
United States,Q30,http://www.wikidata.org/entity/Q116716417,Kit Carson Windpower,Wind farm,39.3383,-102.3533
United States,Q30,http://www.wikidata.org/entity/Q116716343,Blue Breezes II LLC,Wind farm,43.6558,-94.1564
United States,Q30,http://www.wikidata.org/entity/Q116718126,Brown County Wind Turbine,Wind farm,39.973333,-90.69917
United States,Q30,http://www.wikidata.org/entity/Q116718122,Cimarron Wind Energy LLC,Wind farm,37.873889,-100.2803
United States,Q30,http://www.wikidata.org/entity/Q116718008,FPL Energy Oliver Wind II LLC,Wind farm,47.152847,-101.1977
United States,Q30,http://www.wikidata.org/entity/Q116718061,Henkel U.S. Operations Corporation,Wind farm,42.886944,-76.96833
United States,Q30,http://www.wikidata.org/entity/Q116718199,Ipswich Wind Turbine,Wind farm,42.716389,-70.84194
United States,Q30,http://www.wikidata.org/entity/Q116718209,Wildcat Wind,Wind farm,32.952778,-103.2853
United States,Q30,http://www.wikidata.org/entity/Q116716331,Tuana Gulch Wind Park,Wind farm,42.836854,-114.9693
United States,Q30,http://www.wikidata.org/entity/Q116718020,Broken Bow Wind LLC,Wind farm,41.454722,-99.56806
United States,Q30,http://www.wikidata.org/entity/Q116718041,Bright Stalk Wind Farm I,Wind farm,40.701241,-88.70105
United States,Q30,http://www.wikidata.org/entity/Q116718053,Randolph Eastern School Wind Turbine,Wind farm,40.2097,-84.8219
United States,Q30,http://www.wikidata.org/entity/Q116716318,Carstensen Wind,Wind farm,44.0247,-96.4369
United States,Q30,http://www.wikidata.org/entity/Q116718056,"Vestas Towers America, Inc.",Wind farm,38.1728,-104.62
United States,Q30,http://www.wikidata.org/entity/Q116716438,Ridgewind,Wind farm,44.018889,-96.06528
United States,Q30,http://www.wikidata.org/entity/Q116716351,Clinton,Wind farm,44.8914,-74.0061
United States,Q30,http://www.wikidata.org/entity/Q116718054,Ironwood Wind,Wind farm,37.81828,-99.7754
United States,Q30,http://www.wikidata.org/entity/Q116718180,Hawkeye Wind Farm,Wind farm,42.948889,-92.06222
United States,Q30,http://www.wikidata.org/entity/Q116718117,TPW Petersburg,Wind farm,41.864583,-97.96119
United States,Q30,http://www.wikidata.org/entity/Q116718044,Foundation ST,Wind farm,37.714167,-121.5217
United States,Q30,http://www.wikidata.org/entity/Q116718150,Foundation IE,Wind farm,34.084722,-117.5294
United States,Q30,http://www.wikidata.org/entity/Q116718037,Blue Canyon Windpower VI LLC,Wind farm,34.910361,-98.5599
United States,Q30,http://www.wikidata.org/entity/Q116718088,"Post Rock Wind Power Project, LLC",Wind farm,38.841667,-98.29944
United States,Q30,http://www.wikidata.org/entity/Q116718038,Hidalgo Wind Farm LLC,Wind farm,26.465556,-98.41111
United States,Q30,http://www.wikidata.org/entity/Q116718017,Shiloh III Wind Project LLC,Wind farm,38.169444,-121.8469
United States,Q30,http://www.wikidata.org/entity/Q116716444,Danielson Wind Farms LLC,Wind farm,45.071667,-94.75222
United States,Q30,http://www.wikidata.org/entity/Q116716474,PaTu Wind Farm LLC,Wind farm,45.613061,-120.6169
United States,Q30,http://www.wikidata.org/entity/Q116718040,Rising Tree Wind Farm,Wind farm,35.0775,-118.2183
United States,Q30,http://www.wikidata.org/entity/Q116718157,Magic Valley Wind Farm I LLC,Wind farm,26.475278,-97.69111
United States,Q30,http://www.wikidata.org/entity/Q116718149,Foundation AB,Wind farm,38.232222,-122.0928
United States,Q30,http://www.wikidata.org/entity/Q116716405,Waverly Community Wind Project,Wind farm,42.7317,-92.4711
United States,Q30,http://www.wikidata.org/entity/Q116718182,Pinyon Pine I,Wind farm,35.043411,-118.2118
United States,Q30,http://www.wikidata.org/entity/Q116716361,Gunsight Mountain Wind Energy LLC,Wind farm,32.240278,-101.4736
United States,Q30,http://www.wikidata.org/entity/Q116718113,Sawtooth Wind Project,Wind farm,42.982222,-115.3933
United States,Q30,http://www.wikidata.org/entity/Q116718174,WCROC Wind Farm,Wind farm,45.589722,-95.87694
United States,Q30,http://www.wikidata.org/entity/Q116718057,Prairie Rose Wind Farm,Wind farm,43.828217,-96.32157
United States,Q30,http://www.wikidata.org/entity/Q116718021,Teichert Materials-Teichert Vernalis,Wind farm,37.6167,-121.3564
United States,Q30,http://www.wikidata.org/entity/Q116718119,Pacific Wind LLC,Wind farm,34.891389,-118.4325
United States,Q30,http://www.wikidata.org/entity/Q116718036,LE Wind Turbine 1,Wind farm,41.584444,-81.52556
United States,Q30,http://www.wikidata.org/entity/Q116716320,Lucky Wind,Wind farm,44.0211,-96.4406
United States,Q30,http://www.wikidata.org/entity/Q116716364,Cloud County Wind Farm,Wind farm,39.4375,-97.6644
United States,Q30,http://www.wikidata.org/entity/Q116718022,Pinnacle Wind Force LLC,Wind farm,39.445,-79.03
United States,Q30,http://www.wikidata.org/entity/Q116718134,Kingman 1,Wind farm,35.145833,-114.0675
United States,Q30,http://www.wikidata.org/entity/Q116718085,"Pioneer Trail Wind Farm, LLC",Wind farm,40.46405,-88.02152
United States,Q30,http://www.wikidata.org/entity/Q116716389,Ashtabula Wind Energy Center,Wind farm,47.1244,-97.8961
United States,Q30,http://www.wikidata.org/entity/Q116716367,Dillon Wind LLC,Wind farm,33.9393,-116.5527
United States,Q30,http://www.wikidata.org/entity/Q116718099,Vasco Winds,Wind farm,37.790833,-121.7181
United States,Q30,http://www.wikidata.org/entity/Q116718073,Cimarron Windpower II,Wind farm,37.90133,-100.372
United States,Q30,http://www.wikidata.org/entity/Q116718049,Bulldog,Wind farm,41.2258,-94.4406
United States,Q30,http://www.wikidata.org/entity/Q116718191,Franklin County Wind Farm,Wind farm,42.606737,-93.33645
United States,Q30,http://www.wikidata.org/entity/Q116716455,KODE Novus I,Wind farm,36.543889,-101.3936
United States,Q30,http://www.wikidata.org/entity/Q116716460,Winona County Wind LLC,Wind farm,44.1125,-91.92472
United States,Q30,http://www.wikidata.org/entity/Q116716398,PPL Frey Farm Landfill Wind,Wind farm,39.959167,-76.45556
United States,Q30,http://www.wikidata.org/entity/Q116716363,Diamond Willow Wind Facility,Wind farm,46.2753,-104.1836
United States,Q30,http://www.wikidata.org/entity/Q116718204,Eolos Wind Energy Research Field Station,Wind farm,44.728333,-93.04806
United States,Q30,http://www.wikidata.org/entity/Q116718165,GL Wind,Wind farm,43.991667,-91.87778
United States,Q30,http://www.wikidata.org/entity/Q116718062,Elm Creek Wind II LLC,Wind farm,43.6848,-94.8799
United States,Q30,http://www.wikidata.org/entity/Q116716345,Horseshoe Bend Wind Park,Wind farm,47.4983,-111.4392
United States,Q30,http://www.wikidata.org/entity/Q116716328,Pine Tree Wind Power Project,Wind farm,35.248006,-118.1754
United States,Q30,http://www.wikidata.org/entity/Q116716424,FPL Energy Illinois Wind LLC Hybrid,Wind farm,41.7678,-88.8867
United States,Q30,http://www.wikidata.org/entity/Q116718133,Windstar 1,Wind farm,35.054167,-118.3547
United States,Q30,http://www.wikidata.org/entity/Q116718158,Lime Wind,Wind farm,44.396944,-117.2719
United States,Q30,http://www.wikidata.org/entity/Q116716344,Minnesota Breeze LLC,Wind farm,43.5833,-95.7781
United States,Q30,http://www.wikidata.org/entity/Q116716440,Ashtabula Wind III LLC,Wind farm,47.1242,-97.8956
United States,Q30,http://www.wikidata.org/entity/Q116716395,Colorado Highlands Wind,Wind farm,40.756944,-102.7431
United States,Q30,http://www.wikidata.org/entity/Q116718196,Minden Wind Park,Wind farm,43.67,-82.75861
United States,Q30,http://www.wikidata.org/entity/Q116718035,New Harvest Wind Project LLC,Wind farm,42.159722,-95.43972
United States,Q30,http://www.wikidata.org/entity/Q116718100,Montezuma Wind II,Wind farm,38.116667,-121.8219
United States,Q30,http://www.wikidata.org/entity/Q116716427,Crossroads Wind Farm,Wind farm,36.035,-98.72222
United States,Q30,http://www.wikidata.org/entity/Q116718183,Alta Wind VIII,Wind farm,35.026683,-118.2348
United States,Q30,http://www.wikidata.org/entity/Q116716399,Pillar Mountain Wind Project Microgrid,Wind farm,57.7869,-152.4406
United States,Q30,http://www.wikidata.org/entity/Q116716354,Taconite Ridge 1 Wind Energy Center,Wind farm,47.5747,-92.5917
United States,Q30,http://www.wikidata.org/entity/Q116718212,"Horse Butte Wind I, LLC",Wind farm,43.386389,-111.7264
United States,Q30,http://www.wikidata.org/entity/Q116718275,Stephens Ranch Wind Energy LLC,Wind farm,32.926389,-101.6478
United States,Q30,http://www.wikidata.org/entity/Q116718774,Odell Wind Farm,Wind farm,43.853333,-94.93194
United States,Q30,http://www.wikidata.org/entity/Q116718642,Greenfield Wind,Wind farm,41.29,-94.485
United States,Q30,http://www.wikidata.org/entity/Q116718645,Sky Volt,Wind farm,41.29,-94.485
United States,Q30,http://www.wikidata.org/entity/Q116718259,Shady Oaks Wind Farm,Wind farm,41.666944,-89.05972
United States,Q30,http://www.wikidata.org/entity/Q116718248,Macho Springs Power I,Wind farm,32.55434,-107.5093
United States,Q30,http://www.wikidata.org/entity/Q116718370,Foundation Superior Farms,Wind farm,38.42,-121.8181
United States,Q30,http://www.wikidata.org/entity/Q116718654,Buffalo Dunes Wind Project,Wind farm,37.620833,-101.0761
United States,Q30,http://www.wikidata.org/entity/Q116718372,Meadow Creek Project Company,Wind farm,43.524429,-111.8039
United States,Q30,http://www.wikidata.org/entity/Q116718266,Spearville 3 LLC,Wind farm,37.851111,-99.83806
United States,Q30,http://www.wikidata.org/entity/Q116718267,Pocahontas Prairie Wind Farm,Wind farm,42.568056,-94.65806
United States,Q30,http://www.wikidata.org/entity/Q116718369,Heritage Garden Wind Farm I LLC,Wind farm,45.795556,-86.53389
United States,Q30,http://www.wikidata.org/entity/Q116718479,Pattern Panhandle Wind LLC,Wind farm,35.4275,-101.2531
United States,Q30,http://www.wikidata.org/entity/Q116718406,Perrin Ranch Wind,Wind farm,35.415556,-112.2711
United States,Q30,http://www.wikidata.org/entity/Q116718365,El Cabo Wind,Wind farm,34.651111,-105.4617
United States,Q30,http://www.wikidata.org/entity/Q116718748,Saddleback Ridge Wind Farm,Wind farm,44.593333,-70.38111
United States,Q30,http://www.wikidata.org/entity/Q116718549,Prairie Breeze,Wind farm,41.951667,-98.07667
United States,Q30,http://www.wikidata.org/entity/Q116718371,Foundation Wal-Mart Red Bluff,Wind farm,40.111111,-122.1939
United States,Q30,http://www.wikidata.org/entity/Q116718453,"NextEra-Blackwell Wind, LLC",Wind farm,36.846667,-97.4175
United States,Q30,http://www.wikidata.org/entity/Q116718597,Pantex,Wind farm,35.322778,-101.5325
United States,Q30,http://www.wikidata.org/entity/Q116718368,Foundation Cemex River Plant,Wind farm,34.561944,-117.3072
United States,Q30,http://www.wikidata.org/entity/Q116718628,Junction Hilltop Wind Farm,Wind farm,42.098889,-94.26917
United States,Q30,http://www.wikidata.org/entity/Q116718356,Stony Creek Wind Farm NY,Wind farm,42.767614,-78.41584
United States,Q30,http://www.wikidata.org/entity/Q116718286,Auwahi Wind Energy Hybrid,Wind farm,20.596,-156.318
United States,Q30,http://www.wikidata.org/entity/Q116718261,Cashton Greens Wind Farm,Wind farm,43.733889,-90.805
United States,Q30,http://www.wikidata.org/entity/Q116718649,Broadview Energy Prime 2 LLC,Wind farm,34.728056,-103.305
United States,Q30,http://www.wikidata.org/entity/Q116718357,Roeder Family Wind Farm LLC,Wind farm,43.297222,-93.28333
United States,Q30,http://www.wikidata.org/entity/Q116718789,Route 66 Wind Plant,Wind farm,35.205278,-101.4342
United States,Q30,http://www.wikidata.org/entity/Q116718258,Musselshell Wind Project,Wind farm,46.275278,-109.4828
United States,Q30,http://www.wikidata.org/entity/Q116718260,Musselshell Wind Project Two LLC,Wind farm,46.275278,-109.4828
United States,Q30,http://www.wikidata.org/entity/Q116718738,"Grandview Wind Farm, LLC",Wind farm,35.238333,-101.3108
United States,Q30,http://www.wikidata.org/entity/Q116718378,Foundation Cemex Madison,Wind farm,38.692778,-121.9325
United States,Q30,http://www.wikidata.org/entity/Q116718715,Tucannon River Wind Farm,Wind farm,46.421111,-118.0269
United States,Q30,http://www.wikidata.org/entity/Q116718311,Spruce Mountain WInd,Wind farm,44.415587,-70.55981
United States,Q30,http://www.wikidata.org/entity/Q116718640,Cumberland Rose,Wind farm,41.226944,-94.43472
United States,Q30,http://www.wikidata.org/entity/Q116718445,"Minco Wind III, LLC",Wind farm,35.372359,-98.18273
United States,Q30,http://www.wikidata.org/entity/Q116718475,Georgia Mountain Community Wind Farm,Wind farm,44.661667,-73.07
United States,Q30,http://www.wikidata.org/entity/Q116718296,California Ridge Wind Energy LLC,Wind farm,40.211667,-87.87833
United States,Q30,http://www.wikidata.org/entity/Q116718288,Twin Ridges Wind Farm,Wind farm,39.760556,-78.87472
United States,Q30,http://www.wikidata.org/entity/Q116718819,Brookfield,Wind farm,43.757778,-83.29778
United States,Q30,http://www.wikidata.org/entity/Q116718792,Hancock Wind Plant,Wind farm,44.760833,-68.14694
United States,Q30,http://www.wikidata.org/entity/Q116718797,Walnut Ridge Wind Farm,Wind farm,41.496667,-89.58028
United States,Q30,http://www.wikidata.org/entity/Q116718307,Whitetail,Wind farm,27.488056,-99.00528
United States,Q30,http://www.wikidata.org/entity/Q116718790,"Osage Wind, LLC",Wind farm,36.706944,-96.70028
United States,Q30,http://www.wikidata.org/entity/Q116718795,Apple Blossom Wind Farm,Wind farm,43.815032,-83.315
United States,Q30,http://www.wikidata.org/entity/Q116718759,Canton Mountain Wind,Wind farm,44.514722,-70.30306
United States,Q30,http://www.wikidata.org/entity/Q116718769,RP Wind,Wind farm,40.449444,-83.89333
United States,Q30,http://www.wikidata.org/entity/Q116718380,Foundation NWNA,Wind farm,33.914167,-116.7492
United States,Q30,http://www.wikidata.org/entity/Q116718322,Chisholm View Wind Project,Wind farm,36.574722,-97.67361
United States,Q30,http://www.wikidata.org/entity/Q116718753,Patriot Wind Farm,Wind farm,27.580489,-97.64008
United States,Q30,http://www.wikidata.org/entity/Q116718272,Busch Ranch Wind Energy Farm,Wind farm,37.801111,-104.4919
United States,Q30,http://www.wikidata.org/entity/Q116718461,Haviland Plastic Products,Wind farm,41.016111,-84.5875
United States,Q30,http://www.wikidata.org/entity/Q116718265,Bobcat Bluff Wind Project LLC,Wind farm,33.493056,-98.58194
United States,Q30,http://www.wikidata.org/entity/Q116718379,Foundation RRM,Wind farm,33.917222,-116.815
United States,Q30,http://www.wikidata.org/entity/Q116718605,Headwaters Wind Farm LLC,Wind farm,40.066667,-85.01333
United States,Q30,http://www.wikidata.org/entity/Q116718271,Kingdom Community Wind,Wind farm,44.748333,-72.42528
United States,Q30,http://www.wikidata.org/entity/Q116718211,KODE Novus II,Wind farm,36.548958,-101.4959
United States,Q30,http://www.wikidata.org/entity/Q116718325,"Anchor Wind, LLC",Wind farm,41.850833,-91.23417
United States,Q30,http://www.wikidata.org/entity/Q116718239,Eva Creek Wind,Wind farm,64.058333,-148.9
United States,Q30,http://www.wikidata.org/entity/Q116718326,Community Wind South,Wind farm,43.713611,-95.80278
United States,Q30,http://www.wikidata.org/entity/Q116718722,Pheasant Run Wind LLC,Wind farm,43.757778,-83.29778
United States,Q30,http://www.wikidata.org/entity/Q116718551,Vansycle II Wind Energy Center,Wind farm,45.899167,-118.5914
United States,Q30,http://www.wikidata.org/entity/Q116718319,Buffalo Center Wind LLC,Wind farm,43.385833,-92.75944
United States,Q30,http://www.wikidata.org/entity/Q116718385,Echo Wind Park,Wind farm,43.8825,-83.16139
United States,Q30,http://www.wikidata.org/entity/Q116718289,Patton Wind Farm,Wind farm,40.63067,-78.69608
United States,Q30,http://www.wikidata.org/entity/Q116718306,Beebe 1A,Wind farm,43.256944,-84.49972
United States,Q30,http://www.wikidata.org/entity/Q116718210,Harvest 2,Wind farm,43.8556,-83.1669
United States,Q30,http://www.wikidata.org/entity/Q116718600,Luther College Wind Project,Wind farm,43.326944,-91.81083
United States,Q30,http://www.wikidata.org/entity/Q116718626,Swauk Wind LLC,Wind farm,47.139167,-120.7531
United States,Q30,http://www.wikidata.org/entity/Q116718612,Fire Island Wind,Wind farm,61.13,-150.2436
United States,Q30,http://www.wikidata.org/entity/Q116718279,Canadian Hills Wind,Wind farm,35.629722,-98.02472
United States,Q30,http://www.wikidata.org/entity/Q116718730,Tuscola Wind II LLC,Wind farm,43.526944,-83.56694
United States,Q30,http://www.wikidata.org/entity/Q116718257,Brookfield Tehachapi 1,Wind farm,35.008333,-118.2414
United States,Q30,http://www.wikidata.org/entity/Q116718469,Wagner Wind LLC,Wind farm,33.908889,-116.5556
United States,Q30,http://www.wikidata.org/entity/Q116718349,Rocky Ridge Wind Project,Wind farm,35.135556,-99.00306
United States,Q30,http://www.wikidata.org/entity/Q116718283,Highland North Wind Farm,Wind farm,40.319561,-78.68063
United States,Q30,http://www.wikidata.org/entity/Q116718641,Fontanelle,Wind farm,41.338889,-94.57
United States,Q30,http://www.wikidata.org/entity/Q116718737,Steele Flats Wind Project LLC,Wind farm,40.048889,-96.95222
United States,Q30,http://www.wikidata.org/entity/Q116718256,"Minco Wind II, LLC",Wind farm,35.325278,-98.07139
United States,Q30,http://www.wikidata.org/entity/Q116718644,Meadow Ridge,Wind farm,41.39,-94.44583
United States,Q30,http://www.wikidata.org/entity/Q116718405,North Sky River Energy LLC,Wind farm,35.347778,-118.1864
United States,Q30,http://www.wikidata.org/entity/Q116718591,Alta Wind XI,Wind farm,35.065,-118.39
United States,Q30,http://www.wikidata.org/entity/Q116718376,Bishop Hill II Wind Farm,Wind farm,41.2325,-90.17417
United States,Q30,http://www.wikidata.org/entity/Q116718366,Montague Wind Power Facility LLC,Wind farm,45.5857,-120.0904
United States,Q30,http://www.wikidata.org/entity/Q116718329,BayWa r.e Mozart LLC,Wind farm,32.969722,-100.5242
United States,Q30,http://www.wikidata.org/entity/Q116718396,Ensign Wind LLC,Wind farm,37.614473,-100.2787
United States,Q30,http://www.wikidata.org/entity/Q116718228,Tule Wind LLC,Wind farm,32.663889,-116.2897
United States,Q30,http://www.wikidata.org/entity/Q116718548,Goldthwaite Wind Energy Facility,Wind farm,31.383333,-98.46667
United States,Q30,http://www.wikidata.org/entity/Q116718305,High Mesa,Wind farm,42.88,-115.0367
United States,Q30,http://www.wikidata.org/entity/Q116718310,Mt Wachusett Community College,Wind farm,42.588583,-71.98419
United States,Q30,http://www.wikidata.org/entity/Q116718273,Senate Wind LLC,Wind farm,33.205801,-98.36507
United States,Q30,http://www.wikidata.org/entity/Q116718350,Wolf Ridge Wind,Wind farm,33.733006,-97.42841
United States,Q30,http://www.wikidata.org/entity/Q116718290,"Anacacho Wind Farm, LLC",Wind farm,29.234722,-100.2092
United States,Q30,http://www.wikidata.org/entity/Q116718344,Windwalkers LLC,Wind farm,43.384722,-93.22139
United States,Q30,http://www.wikidata.org/entity/Q116718460,Spion Kop Wind Farm,Wind farm,47.333333,-110.6392
United States,Q30,http://www.wikidata.org/entity/Q116718646,Wiota,Wind farm,41.391944,-94.87639
United States,Q30,http://www.wikidata.org/entity/Q116718796,Black Oak Wind Farm,Wind farm,45.660833,-95.01278
United States,Q30,http://www.wikidata.org/entity/Q116718604,NLMU Wind,Wind farm,40.955,-91.39444
United States,Q30,http://www.wikidata.org/entity/Q116718648,Broadview Energy Prime LLC,Wind farm,34.746944,-103.325
United States,Q30,http://www.wikidata.org/entity/Q116715345,Ellenburg,Wind farm,44.8914,-74.0061
United States,Q30,http://www.wikidata.org/entity/Q116715228,Klondike Windpower III,Wind farm,45.5836,-120.5042
United States,Q30,http://www.wikidata.org/entity/Q116715214,GSG LLC,Wind farm,41.643611,-89.17306
United States,Q30,http://www.wikidata.org/entity/Q116715338,Prairie Winds SD1,Wind farm,43.886389,-98.7875
United States,Q30,http://www.wikidata.org/entity/Q116715377,Velva Windfarm LLC,Wind farm,48.083625,-100.9215
United States,Q30,http://www.wikidata.org/entity/Q116715424,Odin Wind Farm LLC,Wind farm,43.8953,-94.9142
United States,Q30,http://www.wikidata.org/entity/Q116715254,Pomeroy Wind Farm,Wind farm,42.5842,-94.7467
United States,Q30,http://www.wikidata.org/entity/Q116715323,Green Acres Breeze LLC,Wind farm,43.586111,-95.78028
United States,Q30,http://www.wikidata.org/entity/Q116715342,Logan Wind Energy,Wind farm,40.941,-103.259
United States,Q30,http://www.wikidata.org/entity/Q116715350,"Ewington Energy Systems, LLC",Wind farm,43.6181,-95.4172
United States,Q30,http://www.wikidata.org/entity/Q116715321,G Flow Wind LLC,Wind farm,43.586111,-95.77611
United States,Q30,http://www.wikidata.org/entity/Q116715301,Windom Wind Project,Wind farm,43.9578,-95.1306
United States,Q30,http://www.wikidata.org/entity/Q116715300,Eastridge Wind Project,Wind farm,43.9358,-95.9222
United States,Q30,http://www.wikidata.org/entity/Q116715217,Post Wind Farm LP,Wind farm,32.92544,-101.2194
United States,Q30,http://www.wikidata.org/entity/Q116715419,Mountain Wind Power LLC,Wind farm,41.288056,-110.4807
United States,Q30,http://www.wikidata.org/entity/Q116715432,McAdoo Wind Energy LLC,Wind farm,33.752201,-100.9674
United States,Q30,http://www.wikidata.org/entity/Q116715331,Snyder Wind Farm,Wind farm,32.739294,-100.7389
United States,Q30,http://www.wikidata.org/entity/Q116715363,Osceola Windpower LLC,Wind farm,43.4303,-95.4167
United States,Q30,http://www.wikidata.org/entity/Q116715416,Jeffers Wind 20 LLC,Wind farm,44.057778,-95.2525
United States,Q30,http://www.wikidata.org/entity/Q116715312,Porterhouse Wind (4) LLC,Wind farm,36.4144,-101.3864
United States,Q30,http://www.wikidata.org/entity/Q116715427,Barton Windpower LLC,Wind farm,43.393,-93.091
United States,Q30,http://www.wikidata.org/entity/Q116715364,Butler Ridge,Wind farm,43.400278,-88.48111
United States,Q30,http://www.wikidata.org/entity/Q116715434,Turkey Track Wind Energy LLC,Wind farm,32.1981,-100.2686
United States,Q30,http://www.wikidata.org/entity/Q116715367,South Trent Wind Farm,Wind farm,32.4081,-100.1286
United States,Q30,http://www.wikidata.org/entity/Q116715408,Tuolumne Wind Project,Wind farm,45.8797,-120.8072
United States,Q30,http://www.wikidata.org/entity/Q116715335,"Langdon Renewables, LLC",Wind farm,48.63,-98.315
United States,Q30,http://www.wikidata.org/entity/Q116715310,Bluegrass Ridge,Wind farm,40.1006,-94.4869
United States,Q30,http://www.wikidata.org/entity/Q116715349,Elkhorn Valley Wind Farm,Wind farm,45.085221,-117.8163
United States,Q30,http://www.wikidata.org/entity/Q116715355,Mountain Home,Wind farm,43.0272,-115.4656
United States,Q30,http://www.wikidata.org/entity/Q116715220,Twin Buttes Wind Project,Wind farm,37.6735,-102.8622
United States,Q30,http://www.wikidata.org/entity/Q116715428,Farmers City Wind LLC,Wind farm,40.575,-95.5228
United States,Q30,http://www.wikidata.org/entity/Q116715369,North Allegheny Windpower Project,Wind farm,40.4381,-78.5436
United States,Q30,http://www.wikidata.org/entity/Q116715260,Scurry County Wind LP,Wind farm,32.7204,-100.9952
United States,Q30,http://www.wikidata.org/entity/Q116715425,Winnebago Wind Power Project,Wind farm,43.315,-93.77
United States,Q30,http://www.wikidata.org/entity/Q116715317,Blue Breezes LLC,Wind farm,43.6558,-94.1536
United States,Q30,http://www.wikidata.org/entity/Q116715431,Silver Star I Wind Power Project,Wind farm,32.338659,-98.47605
United States,Q30,http://www.wikidata.org/entity/Q116715361,Stanton Wind Energy LLC,Wind farm,32.2353,-101.8367
United States,Q30,http://www.wikidata.org/entity/Q116715378,Whirlwind Energy Center,Wind farm,34.105,-101.0986
United States,Q30,http://www.wikidata.org/entity/Q116715319,Sunset Breeze LLC,Wind farm,43.5811,-95.78
United States,Q30,http://www.wikidata.org/entity/Q116715294,Loess Hills,Wind farm,40.4144,-95.54
United States,Q30,http://www.wikidata.org/entity/Q116715365,Majestic 1 Wind Farm,Wind farm,35.3919,-101.53
United States,Q30,http://www.wikidata.org/entity/Q116715348,Providence Heights Wind LLC,Wind farm,41.2294,-89.5572
United States,Q30,http://www.wikidata.org/entity/Q116715368,Wessington Springs,Wind farm,44.0025,-98.59083
United States,Q30,http://www.wikidata.org/entity/Q116715357,Bennett Creek Windfarm LLC - Mountain Home,Wind farm,43.0536,-115.4803
United States,Q30,http://www.wikidata.org/entity/Q116715291,Cow Branch,Wind farm,40.4535,-95.4683
United States,Q30,http://www.wikidata.org/entity/Q116715346,Sleeping Bear LLC,Wind farm,36.640278,-99.50056
United States,Q30,http://www.wikidata.org/entity/Q116715239,Sand Bluff Wind Farm,Wind farm,31.991442,-101.3026
United States,Q30,http://www.wikidata.org/entity/Q116715422,Goat Wind LP,Wind farm,31.951944,-100.7914
United States,Q30,http://www.wikidata.org/entity/Q116715371,Hatchet Ridge Wind Project,Wind farm,40.8981,-121.8036
United States,Q30,http://www.wikidata.org/entity/Q116715381,Charles City Wind Farm,Wind farm,43.0003,-92.62
United States,Q30,http://www.wikidata.org/entity/Q116715322,Wolf Wind Enterprises LLC,Wind farm,43.581111,-95.77583
United States,Q30,http://www.wikidata.org/entity/Q116715246,Prairie Star Wind Farm,Wind farm,43.6861,-92.6272
United States,Q30,http://www.wikidata.org/entity/Q116715417,Spanish Fork Wind Park 2 LLC,Wind farm,40.071389,-111.5822
United States,Q30,http://www.wikidata.org/entity/Q116715218,MinnDakota Wind LLC,Wind farm,44.2667,-96.3444
United States,Q30,http://www.wikidata.org/entity/Q116715245,Buffalo Mountain Energy Center,Wind farm,36.127092,-84.34417
United States,Q30,http://www.wikidata.org/entity/Q116715406,Lookout Windpower LLC,Wind farm,39.8794,-78.9183
United States,Q30,http://www.wikidata.org/entity/Q116715325,Munnsville Wind Farm LLC,Wind farm,42.9086,-75.5697
United States,Q30,http://www.wikidata.org/entity/Q116715316,Terra-Gen VG Wind LLC,Wind farm,35.1161,-118.3789
United States,Q30,http://www.wikidata.org/entity/Q116715435,Scurry County Wind II,Wind farm,32.718056,-100.7933
United States,Q30,http://www.wikidata.org/entity/Q116715372,Dempsey Ridge Wind Farm,Wind farm,35.529778,-99.81446
United States,Q30,http://www.wikidata.org/entity/Q116715313,Filet Wind (5) LLC,Wind farm,36.4453,-101.8761
United States,Q30,http://www.wikidata.org/entity/Q116715353,Harvest,Wind farm,43.83,-83.2064
United States,Q30,http://www.wikidata.org/entity/Q116715374,Goodnoe Hills,Wind farm,45.781825,-120.5212
United States,Q30,http://www.wikidata.org/entity/Q116715293,Conception,Wind farm,40.2572,-94.6722
United States,Q30,http://www.wikidata.org/entity/Q116715421,Mountain Wind Power II LLC,Wind farm,41.263889,-110.5444
United States,Q30,http://www.wikidata.org/entity/Q116715405,Forward Windpower LLC,Wind farm,40.0853,-78.8633
United States,Q30,http://www.wikidata.org/entity/Q116715007,High Winds LLC,Wind farm,38.1381,-121.8053
United States,Q30,http://www.wikidata.org/entity/Q116714803,Hadley Ridge LLC,Wind farm,44.2253,-96.235
United States,Q30,http://www.wikidata.org/entity/Q116715103,Callahan Divide Wind Energy Center,Wind farm,32.303889,-100.0217
United States,Q30,http://www.wikidata.org/entity/Q116715125,Trimont Area Wind Farm,Wind farm,43.7938,-94.8499
United States,Q30,http://www.wikidata.org/entity/Q116714947,Moulton Wind Power,Wind farm,43.9204,-95.95589
United States,Q30,http://www.wikidata.org/entity/Q116715068,Bowling Green Wind,Wind farm,41.3786,-83.7383
United States,Q30,http://www.wikidata.org/entity/Q116714852,Condon Windpower LLC,Wind farm,45.2766,-120.2794
United States,Q30,http://www.wikidata.org/entity/Q116715204,Golden Valley Wind Park LLC,Wind farm,42.436804,-113.9255
United States,Q30,http://www.wikidata.org/entity/Q116715109,Helzel & Schwarzhoff 86,Wind farm,35.0925,-118.3952
United States,Q30,http://www.wikidata.org/entity/Q116714696,Lake Benton II,Wind farm,44.129369,-96.11697
United States,Q30,http://www.wikidata.org/entity/Q116715207,Pilgrim Stage Wind Park,Wind farm,42.7975,-114.9986
United States,Q30,http://www.wikidata.org/entity/Q116715058,K-Brink Windfarm LLC,Wind farm,44.0197,-96.1183
United States,Q30,http://www.wikidata.org/entity/Q116715186,Redwood Falls Wind,Wind farm,44.502778,-95.175
United States,Q30,http://www.wikidata.org/entity/Q116715064,Allendorf,Wind farm,43.4,-95.6333
United States,Q30,http://www.wikidata.org/entity/Q116714801,Hope Creek LLC,Wind farm,44.2275,-96.2192
United States,Q30,http://www.wikidata.org/entity/Q116714728,Green Power I,Wind farm,33.9014,-116.7167
United States,Q30,http://www.wikidata.org/entity/Q116715056,Windcurrent Farms LLC,Wind farm,44.0236,-96.0789
United States,Q30,http://www.wikidata.org/entity/Q116715156,Aragonne Wind LLC,Wind farm,34.8147,-105.0108
United States,Q30,http://www.wikidata.org/entity/Q116715133,San Juan Mesa Wind Project LLC,Wind farm,33.9716,-103.8604
United States,Q30,http://www.wikidata.org/entity/Q116714798,Soliloquoy Ridge LLC,Wind farm,44.2364,-96.2331
United States,Q30,http://www.wikidata.org/entity/Q116714893,Hawkeye Power Partners LLC,Wind farm,43.047222,-93.4775
United States,Q30,http://www.wikidata.org/entity/Q116714789,Autumn Hills LLC,Wind farm,44.4131,-96.4325
United States,Q30,http://www.wikidata.org/entity/Q116714786,Jack River LLC,Wind farm,44.4233,-96.4411
United States,Q30,http://www.wikidata.org/entity/Q116715110,ZCO,Wind farm,35.0772,-118.3811
United States,Q30,http://www.wikidata.org/entity/Q116715211,Buena Vista Energy LLC,Wind farm,37.805,-121.6672
United States,Q30,http://www.wikidata.org/entity/Q116714781,Sun River LLC,Wind farm,44.4289,-96.4358
United States,Q30,http://www.wikidata.org/entity/Q116715063,B&K Energy Systems LLC,Wind farm,43.651389,-95.3755
United States,Q30,http://www.wikidata.org/entity/Q116714631,Big Spring Wind Power Facility,Wind farm,32.2075,-101.3883
United States,Q30,http://www.wikidata.org/entity/Q116714854,Rock River I LLC,Wind farm,41.7172,-106.1077
United States,Q30,http://www.wikidata.org/entity/Q116714869,Noble Ridge LLC,Wind farm,43.754739,-95.85345
United States,Q30,http://www.wikidata.org/entity/Q116715187,Michigan Wind 1,Wind farm,43.7092,-82.9633
United States,Q30,http://www.wikidata.org/entity/Q116714805,Florence Hills LLC,Wind farm,44.2297,-96.225
United States,Q30,http://www.wikidata.org/entity/Q116714807,Agassiz Beach LLC,Wind farm,47.0053,-96.4356
United States,Q30,http://www.wikidata.org/entity/Q116715017,Oklahoma Wind Energy Center,Wind farm,36.603967,-99.34005
United States,Q30,http://www.wikidata.org/entity/Q116715020,FPL Energy North Dakota Wind I/II,Wind farm,46.327169,-98.89836
United States,Q30,http://www.wikidata.org/entity/Q116715061,Boeve Windfarm LLC,Wind farm,44.05,-96.0933
United States,Q30,http://www.wikidata.org/entity/Q116714784,Jessica Mills LLC,Wind farm,44.4278,-96.43
United States,Q30,http://www.wikidata.org/entity/Q116714612,Ridgetop,Wind farm,35.074,-118.3153
United States,Q30,http://www.wikidata.org/entity/Q116715180,FPL Energy Oliver Wind I LLC,Wind farm,47.152847,-101.1977
United States,Q30,http://www.wikidata.org/entity/Q116715196,Mower County Wind Energy Center,Wind farm,43.61407,-92.59882
United States,Q30,http://www.wikidata.org/entity/Q116715024,Mountain View III,Wind farm,33.9141,-116.5914
United States,Q30,http://www.wikidata.org/entity/Q116715106,Weatherford Wind Energy Center,Wind farm,35.5094,-98.7346
United States,Q30,http://www.wikidata.org/entity/Q116715016,TransAlta Wyoming Wind,Wind farm,41.2874,-110.5556
United States,Q30,http://www.wikidata.org/entity/Q116714783,Julia Hills LLC,Wind farm,44.4231,-96.4458
United States,Q30,http://www.wikidata.org/entity/Q116715131,Oasis Wind,Wind farm,35.06094,-118.2924
United States,Q30,http://www.wikidata.org/entity/Q116714683,Lake Benton I,Wind farm,44.2917,-96.375
United States,Q30,http://www.wikidata.org/entity/Q116715105,Diablo Winds LLC,Wind farm,37.763653,-121.6144
United States,Q30,http://www.wikidata.org/entity/Q116715145,Spring Canyon,Wind farm,40.983,-102.9647
United States,Q30,http://www.wikidata.org/entity/Q116715203,Burley Butte Windpark,Wind farm,42.490341,-113.9266
United States,Q30,http://www.wikidata.org/entity/Q116714883,Northern Iowa Windfarm,Wind farm,43.3833,-93.4167
United States,Q30,http://www.wikidata.org/entity/Q116715059,DL Windy Acres LLC,Wind farm,43.651389,-95.36861
United States,Q30,http://www.wikidata.org/entity/Q116714718,Lakota Ridge LLC,Wind farm,44.39956,-96.42837
United States,Q30,http://www.wikidata.org/entity/Q116714796,Spartan Hills LLC,Wind farm,44.2358,-96.2383
United States,Q30,http://www.wikidata.org/entity/Q116714966,Cabazon Wind Partners,Wind farm,33.9172,-116.735
United States,Q30,http://www.wikidata.org/entity/Q116714848,Mountain View I&2,Wind farm,33.9211,-116.5642
United States,Q30,http://www.wikidata.org/entity/Q116714820,Foote Creek I,Wind farm,41.6283,-106.2013
United States,Q30,http://www.wikidata.org/entity/Q116715023,Kimball Wind,Wind farm,41.2736,-103.6983
United States,Q30,http://www.wikidata.org/entity/Q116715206,Milner Dam Wind Park LLC,Wind farm,42.460629,-114.0173
United States,Q30,http://www.wikidata.org/entity/Q116714858,Montfort Wind Energy Center,Wind farm,42.9625,-90.38667
United States,Q30,http://www.wikidata.org/entity/Q116714887,Kas Brothers Windfarm,Wind farm,44.0119,-96.1125
United States,Q30,http://www.wikidata.org/entity/Q116714716,Woodstock Windfarm,Wind farm,43.985833,-96.07861
United States,Q30,http://www.wikidata.org/entity/Q116715177,Pike County Wind Power,Wind farm,39.6189,-90.8461
United States,Q30,http://www.wikidata.org/entity/Q116714720,Shaokatan Hills LLC,Wind farm,44.421711,-96.43469
United States,Q30,http://www.wikidata.org/entity/Q116714994,G McNeilus Wind Farm Dodge Center,Wind farm,43.978486,-92.85108
United States,Q30,http://www.wikidata.org/entity/Q116714932,Bay Windpower I,Wind farm,45.7644,-84.7381
United States,Q30,http://www.wikidata.org/entity/Q116715178,Victory Wind Farm,Wind farm,42.1169,-95.1292
United States,Q30,http://www.wikidata.org/entity/Q116715067,Aeolus Wind Facility,Wind farm,36.4725,-101.3278
United States,Q30,http://www.wikidata.org/entity/Q116715184,Northern Lights Wind LLC,Wind farm,44.015,-96.4367
United States,Q30,http://www.wikidata.org/entity/Q116714794,Twin Lake Hills LLC,Wind farm,44.2258,-96.2789
United States,Q30,http://www.wikidata.org/entity/Q116715135,Fossil Gulch,Wind farm,42.858056,-114.9494
United States,Q30,http://www.wikidata.org/entity/Q116715174,Cedar Creek Wind,Wind farm,40.8944,-104.0206
United States,Q30,http://www.wikidata.org/entity/Q116715046,Colorado Green Holdings LLC,Wind farm,37.7033,-102.6231
United States,Q30,http://www.wikidata.org/entity/Q116714965,Hancock County Wind Energy Center,Wind farm,43.052758,-93.62996
United States,Q30,http://www.wikidata.org/entity/Q116715090,Century,Wind farm,42.5644,-93.6369
United States,Q30,http://www.wikidata.org/entity/Q116714779,Tsar Nicholas LLC,Wind farm,44.42,-96.4347
United States,Q30,http://www.wikidata.org/entity/Q116714700,Storm Lake II,Wind farm,42.8417,-95.405
United States,Q30,http://www.wikidata.org/entity/Q116714724,Wethersfield Wind Farm,Wind farm,42.678819,-78.24379
United States,Q30,http://www.wikidata.org/entity/Q116714967,Whitewater Hill Wind Partners,Wind farm,33.925,-116.6178
United States,Q30,http://www.wikidata.org/entity/Q116715055,Westridge Windfarm LLC,Wind farm,43.988611,-96.21556
United States,Q30,http://www.wikidata.org/entity/Q116714809,Llano Estacado Wind Ranch,Wind farm,35.4677,-101.2533
United States,Q30,http://www.wikidata.org/entity/Q116715130,Wolverine Creek,Wind farm,43.4195,-111.8294
United States,Q30,http://www.wikidata.org/entity/Q116714955,Minot Wind Project,Wind farm,48.021271,-101.2805
United States,Q30,http://www.wikidata.org/entity/Q116714791,Winters Spawn LLC,Wind farm,44.2081,-96.1989
United States,Q30,http://www.wikidata.org/entity/Q116715213,Mars Hill Wind Farm Project,Wind farm,46.54422,-67.8111
United States,Q30,http://www.wikidata.org/entity/Q116714799,Ruthton Ridge LLC,Wind farm,44.2128,-96.2131
United States,Q30,http://www.wikidata.org/entity/Q116715121,Caprock Wind Farm,Wind farm,34.980556,-103.3539
United States,Q30,http://www.wikidata.org/entity/Q116714874,Woodward Mountain II,Wind farm,30.9514,-102.4141
United States,Q30,http://www.wikidata.org/entity/Q116714876,Woodward Mountain I,Wind farm,30.9514,-102.4141
United States,Q30,http://www.wikidata.org/entity/Q116715127,Crescent Ridge,Wind farm,41.25,-89.5708
United States,Q30,http://www.wikidata.org/entity/Q116715134,Adams Wind Farm,Wind farm,43.554778,-92.72414
United States,Q30,http://www.wikidata.org/entity/Q116714945,Champepaden Wind Power,Wind farm,43.899722,-95.95056
United States,Q30,http://www.wikidata.org/entity/Q116715044,Flying Cloud Power Partners LLC,Wind farm,43.3897,-95.2997
United States,Q30,http://www.wikidata.org/entity/Q116715014,South Dakota Wind Energy Cente,Wind farm,44.5492,-99.5
United States,Q30,http://www.wikidata.org/entity/Q116715210,Thousand Springs Wind Park,Wind farm,42.870278,-114.9678
United States,Q30,http://www.wikidata.org/entity/Q116715170,FPL Energy Burleigh County Wind,Wind farm,47.1167,-100.7333
United States,Q30,http://www.wikidata.org/entity/Q116715053,CG Windfarm LLC,Wind farm,43.9931,-96.2186
United States,Q30,http://www.wikidata.org/entity/Q116714961,Minwind,Wind farm,43.5564,-96.30361
United States,Q30,http://www.wikidata.org/entity/Q116715124,Kumeyaay Wind,Wind farm,32.705556,-116.3425
United States,Q30,http://www.wikidata.org/entity/Q116714856,Ridge Crest Wind Partners,Wind farm,40.945911,-103.162
United States,Q30,http://www.wikidata.org/entity/Q116715209,Salmon Falls Wind Park,Wind farm,42.681944,-114.9892
United States,Q30,http://www.wikidata.org/entity/Q116719985,Optimum Wind 7 LLC,Wind farm,42.028333,-93.43028
United States,Q30,http://www.wikidata.org/entity/Q116718952,Lincoln Land Wind,Wind farm,39.821944,-89.95583
United States,Q30,http://www.wikidata.org/entity/Q116719971,Pleasant Valley Wind Farm,Wind farm,43.805,-92.76972
United States,Q30,http://www.wikidata.org/entity/Q116719074,Cameron Wind 1 LLC,Wind farm,26.195278,-97.46611
United States,Q30,http://www.wikidata.org/entity/Q116719921,Alexander Wind Farm LLC,Wind farm,38.424722,-99.5075
United States,Q30,http://www.wikidata.org/entity/Q116719708,UMM Wind Turbine,Wind farm,45.5897,-95.87703
United States,Q30,http://www.wikidata.org/entity/Q116719846,Gratiot County Wind LLC,Wind farm,43.408056,-84.46222
United States,Q30,http://www.wikidata.org/entity/Q116719991,Michelangelo Wind 4 LLC,Wind farm,41.978,-93.70056
United States,Q30,http://www.wikidata.org/entity/Q116719043,Stella Wind Farm,Wind farm,26.941667,-97.6425
United States,Q30,http://www.wikidata.org/entity/Q116718961,Anderson Wind I,Wind farm,33.029444,-103.8558
United States,Q30,http://www.wikidata.org/entity/Q116719732,Golden Spread Panhandle Wnd Rch,Wind farm,35.243611,-102.21
United States,Q30,http://www.wikidata.org/entity/Q116718975,Copenhagen Wind Farm,Wind farm,43.913056,-75.69861
United States,Q30,http://www.wikidata.org/entity/Q116719764,Cirrus Wind 1 LLC,Wind farm,33.033056,-101.6875
United States,Q30,http://www.wikidata.org/entity/Q116718936,Kingfisher Wind LLC,Wind farm,35.770278,-97.79972
United States,Q30,http://www.wikidata.org/entity/Q116719993,Arbuckle Mountain Wind Farm LLC,Wind farm,34.386944,-97.13694
United States,Q30,http://www.wikidata.org/entity/Q116718856,Longhorn Wind,Wind farm,34.311111,-101.2511
United States,Q30,http://www.wikidata.org/entity/Q116718853,Spring Canyon Expansion Wind Energy Ctr,Wind farm,40.964167,-103.0772
United States,Q30,http://www.wikidata.org/entity/Q116718954,Traer Wind Project,Wind farm,42.161389,-92.4425
United States,Q30,http://www.wikidata.org/entity/Q116719733,Howard Wind Farm,Wind farm,42.315278,-77.53833
United States,Q30,http://www.wikidata.org/entity/Q116718932,Pilot Hill Wind Farm,Wind farm,40.999169,-88.05625
United States,Q30,http://www.wikidata.org/entity/Q116719990,Michelangelo Wind 1 LLC,Wind farm,41.881,-93.62306
United States,Q30,http://www.wikidata.org/entity/Q116719748,Shooting Star,Wind farm,37.518889,-99.44639
United States,Q30,http://www.wikidata.org/entity/Q116719720,Laurel Hill Wind,Wind farm,41.5323,-77.0296
United States,Q30,http://www.wikidata.org/entity/Q116718925,Com Adam 1WF-1,Wind farm,41.660278,-89.24972
United States,Q30,http://www.wikidata.org/entity/Q116718857,TX Hereford Wind,Wind farm,34.748056,-102.1744
United States,Q30,http://www.wikidata.org/entity/Q116719774,Blue Summit Wind LLC,Wind farm,34.29,-99.36472
United States,Q30,http://www.wikidata.org/entity/Q116719754,Foundation Cemex BMQ,Wind farm,34.623056,-117.1125
United States,Q30,http://www.wikidata.org/entity/Q116718923,Macksburg Wind Project,Wind farm,41.209167,-94.10361
United States,Q30,http://www.wikidata.org/entity/Q116719045,Bruennings Breeze Wind Farm,Wind farm,26.522222,-97.69111
United States,Q30,http://www.wikidata.org/entity/Q116719989,Venus Wind 3 LLC,Wind farm,41.741944,-92.67222
United States,Q30,http://www.wikidata.org/entity/Q116719739,Eclipse Wind Farm,Wind farm,41.554651,-94.685
United States,Q30,http://www.wikidata.org/entity/Q116719044,Drift Sand Wind Project LLC,Wind farm,34.827778,-97.95722
United States,Q30,http://www.wikidata.org/entity/Q116719008,Kingston Wind Independence,Wind farm,41.978889,-70.71583
United States,Q30,http://www.wikidata.org/entity/Q116719046,"Colbeck's Corner, LLC",Wind farm,35.254184,-101.1866
United States,Q30,http://www.wikidata.org/entity/Q116718924,Wellsburg Wind Project,Wind farm,42.390833,-92.96667
United States,Q30,http://www.wikidata.org/entity/Q116719984,Optimum Wind 6 LLC,Wind farm,42.006944,-93.52361
United States,Q30,http://www.wikidata.org/entity/Q116719896,Marshall Wind Farm,Wind farm,39.701111,-96.36083
United States,Q30,http://www.wikidata.org/entity/Q116718852,Marsh Hill Wind Farm,Wind farm,42.163889,-77.52889
United States,Q30,http://www.wikidata.org/entity/Q116719051,Chopin Wind LLC,Wind farm,45.88,-118.4633
United States,Q30,http://www.wikidata.org/entity/Q116718849,Miami Wind Energy Center,Wind farm,35.653889,-100.5386
United States,Q30,http://www.wikidata.org/entity/Q116718951,Sugar Creek Wind One LLC,Wind farm,40.074167,-89.29194
United States,Q30,http://www.wikidata.org/entity/Q116719752,Charlestown Wind Turbine,Wind farm,42.391389,-71.07083
United States,Q30,http://www.wikidata.org/entity/Q116719728,"Wildcat Wind Farm I, LLC",Wind farm,40.349444,-85.84306
United States,Q30,http://www.wikidata.org/entity/Q116718886,Lakeswind Power Partners,Wind farm,46.718056,-96.21194
United States,Q30,http://www.wikidata.org/entity/Q116718965,Camelot Wind LLC,Wind farm,41.925278,-70.64
United States,Q30,http://www.wikidata.org/entity/Q116719790,Alta Wind X,Wind farm,35.06,-118.2
United States,Q30,http://www.wikidata.org/entity/Q116719994,Rising Tree Wind Farm II,Wind farm,35.088889,-118.2064
United States,Q30,http://www.wikidata.org/entity/Q116719035,Michelangelo Wind 3 LLC,Wind farm,42.019,-93.514
United States,Q30,http://www.wikidata.org/entity/Q116718960,Origin Wind,Wind farm,34.446111,-97.26972
United States,Q30,http://www.wikidata.org/entity/Q116719920,Courtenay Wind Farm,Wind farm,47.179722,-98.59472
United States,Q30,http://www.wikidata.org/entity/Q116719868,Na Pua Makani Wind Project,Wind farm,21.666944,-157.97
United States,Q30,http://www.wikidata.org/entity/Q116719982,Passadumkeag Windpark LLC,Wind farm,45.07,-68.21
United States,Q30,http://www.wikidata.org/entity/Q116718934,Balko Wind LLC,Wind farm,36.518056,-100.8472
United States,Q30,http://www.wikidata.org/entity/Q116718922,Lundgren Wind Project,Wind farm,42.334722,-94.17083
United States,Q30,http://www.wikidata.org/entity/Q116719958,Beethoven Wind,Wind farm,43.16,-98.08
United States,Q30,http://www.wikidata.org/entity/Q116719874,Story City Wind Project,Wind farm,42.208056,-93.59944
United States,Q30,http://www.wikidata.org/entity/Q116719983,Optimum Wind 5 LLC,Wind farm,42.014,-93.51806
United States,Q30,http://www.wikidata.org/entity/Q116718851,Buckeye Wind Energy Center,Wind farm,39.003873,-99.41416
United States,Q30,http://www.wikidata.org/entity/Q116719725,Caney River Wind Project,Wind farm,37.46,-96.42
United States,Q30,http://www.wikidata.org/entity/Q116719805,Delta Wind Farm,Wind farm,64.013889,-145.5967
United States,Q30,http://www.wikidata.org/entity/Q116719893,Breckinridge Wind Project LLC,Wind farm,36.476944,-97.68556
United States,Q30,http://www.wikidata.org/entity/Q116719741,Morning Light Wind Farm,Wind farm,41.454241,-94.57506
United States,Q30,http://www.wikidata.org/entity/Q116718858,Cassadaga Wind Farm,Wind farm,42.338333,-79.19556
United States,Q30,http://www.wikidata.org/entity/Q116718820,Pattern Panhandle Wind 2 LLC,Wind farm,35.442778,-101.3728
United States,Q30,http://www.wikidata.org/entity/Q116719986,Optimum Wind 4 LLC,Wind farm,42.016389,-93.51583
United States,Q30,http://www.wikidata.org/entity/Q116719010,"Euclid Farm, Stamco N-54",Wind farm,41.602222,-81.49694
United States,Q30,http://www.wikidata.org/entity/Q116718987,Goodwell Wind Project LLC,Wind farm,36.541389,-101.5656
United States,Q30,http://www.wikidata.org/entity/Q116718969,Fairfield Wind,Wind farm,47.723333,-111.9653
United States,Q30,http://www.wikidata.org/entity/Q116718983,Dept of Corrections NCCI Wind,Wind farm,42.572222,-71.94472
United States,Q30,http://www.wikidata.org/entity/Q116719987,Optimum Wind 3 LLC,Wind farm,42.019167,-93.51361
United States,Q30,http://www.wikidata.org/entity/Q116719006,Hoopeston Wind LLC,Wind farm,40.399722,-87.79917
United States,Q30,http://www.wikidata.org/entity/Q116719970,Border Winds Wind Farm,Wind farm,48.964722,-99.61389
United States,Q30,http://www.wikidata.org/entity/Q116719099,Fair Wind,Wind farm,39.404564,-79.29114
United States,Q30,http://www.wikidata.org/entity/Q116719895,Mariah del Norte,Wind farm,34.6675,-102.5778
United States,Q30,http://www.wikidata.org/entity/Q116719009,Ipswich Wind Independence,Wind farm,42.717222,-70.84639
United States,Q30,http://www.wikidata.org/entity/Q116718940,Beebe 1B,Wind farm,43.256944,-84.49972
United States,Q30,http://www.wikidata.org/entity/Q116719740,Vienna Wind Farm,Wind farm,42.159444,-92.77611
United States,Q30,http://www.wikidata.org/entity/Q116718850,Wake Wind Energy Center,Wind farm,33.825,-101.0997
United States,Q30,http://www.wikidata.org/entity/Q116718855,Roosevelt County,Wind farm,33.926111,-103.5111
United States,Q30,http://www.wikidata.org/entity/Q116719988,Leonardo Wind 1 LLC,Wind farm,42.498056,-93.36778
United States,Q30,http://www.wikidata.org/entity/Q116719721,Gordon Butte Wind LLC,Wind farm,46.411944,-110.3378
United States,Q30,http://www.wikidata.org/entity/Q116718928,"Big Turtle Wind Farm, LLC",Wind farm,43.850833,-82.7825
United States,Q30,http://www.wikidata.org/entity/Q116719964,Chapman Ranch Wind I,Wind farm,27.5925,-97.50083
United States,Q30,http://www.wikidata.org/entity/Q116718968,"Thunder Spirit Wind, LLC",Wind farm,46.075,-102.5633
United States,Q30,http://www.wikidata.org/entity/Q116719842,Cape Cod Air Force Station - 6 SWS,Wind farm,41.7525,-70.53889
United States,Q30,http://www.wikidata.org/entity/Q116719703,Shiloh IV Wind Project LLC,Wind farm,38.137488,-121.8553
United States,Q30,http://www.wikidata.org/entity/Q116718985,St. Olaf Wind Turbine,Wind farm,44.462222,-93.19278
United States,Q30,http://www.wikidata.org/entity/Q116719047,Jericho Power,Wind farm,44.466944,-71.225
United States,Q30,http://www.wikidata.org/entity/Q116718887,Keechi Wind,Wind farm,33.143056,-98.16111
United States,Q30,http://www.wikidata.org/entity/Q116719890,"Broken Bow Wind II, LLC",Wind farm,41.323889,-99.32306
United States,Q30,http://www.wikidata.org/entity/Q116719867,Red Horse 2,Wind farm,32.286111,-110.0881
United States,Q30,http://www.wikidata.org/entity/Q116718962,Anderson Wind II,Wind farm,33.013889,-103.865
United States,Q30,http://www.wikidata.org/entity/Q116719018,Shannon Wind,Wind farm,33.509722,-98.36083
United States,Q30,http://www.wikidata.org/entity/Q116719768,Majestic II Wind,Wind farm,35.386038,-101.5786
United States,Q30,http://www.wikidata.org/entity/Q116718937,Fourmile Ridge,Wind farm,39.641111,-79.01111
United States,Q30,http://www.wikidata.org/entity/Q116719042,Radfords Run Wind Farm,Wind farm,40.011111,-89.04722
United States,Q30,http://www.wikidata.org/entity/Q116718988,Little Elk Wind Project LLC,Wind farm,35.194722,-98.90722
United States,Q30,http://www.wikidata.org/entity/Q116718879,Cross Winds Energy Park,Wind farm,43.610278,-83.48556
United States,Q30,http://www.wikidata.org/entity/Q116719048,Carroll Area Wind Farm,Wind farm,41.94143,-94.8861
United States,Q30,http://www.wikidata.org/entity/Q116718991,Two Dot Wind Farm,Wind farm,46.449444,-110.0872
United States,Q30,http://www.wikidata.org/entity/Q116720020,WED Coventry 4,Wind farm,41.686389,-71.72833
United States,Q30,http://www.wikidata.org/entity/Q116720626,"Broadview Energy KW, LLC",Wind farm,34.727007,-103.1668
United States,Q30,http://www.wikidata.org/entity/Q116720148,Palo Duro Wind,Wind farm,36.243889,-101.0014
United States,Q30,http://www.wikidata.org/entity/Q116720620,"Broadview Energy JN, LLC",Wind farm,34.734179,-103.108
United States,Q30,http://www.wikidata.org/entity/Q116720022,Seiling Wind I,Wind farm,36.1225,-98.99222
United States,Q30,http://www.wikidata.org/entity/Q116720023,Seiling Wind II,Wind farm,36.1225,-98.99222
United States,Q30,http://www.wikidata.org/entity/Q116720040,Anheuser-Busch #2,Wind farm,38.233611,-122.0925
United States,Q30,http://www.wikidata.org/entity/Q116720260,Jericho Rise Wind Farm LLC,Wind farm,44.888889,-74.10333
United States,Q30,http://www.wikidata.org/entity/Q116720445,Cardinal Point Wind,Wind farm,40.588568,-90.75183
United States,Q30,http://www.wikidata.org/entity/Q116720003,Fluvanna,Wind farm,32.931944,-101.1436
United States,Q30,http://www.wikidata.org/entity/Q116720730,"Ringer Hill Wind Farm, LLC",Wind farm,39.744722,-79.18806
United States,Q30,http://www.wikidata.org/entity/Q116720492,Bearkat,Wind farm,31.727237,-101.582
United States,Q30,http://www.wikidata.org/entity/Q116720979,Rock Creek Wind Project,Wind farm,40.4,-95.2
United States,Q30,http://www.wikidata.org/entity/Q116720073,South Plains Wind Phase I,Wind farm,34.080556,-101.3236
United States,Q30,http://www.wikidata.org/entity/Q116720680,"Pioneer Wind Park, LLC",Wind farm,42.728198,-105.8668
United States,Q30,http://www.wikidata.org/entity/Q116720850,Greenfield Wind - MT,Wind farm,47.723,-111.963
United States,Q30,http://www.wikidata.org/entity/Q116720270,"631-56 Airport Owner, LLC",Wind farm,41.745556,-71.11722
United States,Q30,http://www.wikidata.org/entity/Q116720754,Brady Wind Energy Center,Wind farm,46.646471,-102.7651
United States,Q30,http://www.wikidata.org/entity/Q116721013,Wind Colebrook South,Wind farm,41.961067,-73.14078
United States,Q30,http://www.wikidata.org/entity/Q116720522,"Grant Wind, LLC",Wind farm,36.927071,-97.69633
United States,Q30,http://www.wikidata.org/entity/Q116720891,Wind GEM,Wind farm,41.469985,-94.33936
United States,Q30,http://www.wikidata.org/entity/Q116720661,Frontier Windpower,Wind farm,36.838884,-97.18102
United States,Q30,http://www.wikidata.org/entity/Q116720918,"Great Western Wind Energy, LLC",Wind farm,36.166503,-99.59601
United States,Q30,http://www.wikidata.org/entity/Q116720893,"Grant Plains Wind, LLC",Wind farm,36.9708,-97.7053
United States,Q30,http://www.wikidata.org/entity/Q116720473,Rattlesnake Den,Wind farm,31.74325,-101.4934
United States,Q30,http://www.wikidata.org/entity/Q116720314,Fairhaven Wind,Wind farm,41.639061,-70.87337
United States,Q30,http://www.wikidata.org/entity/Q116720356,Heartland Community College,Wind farm,40.537,-89.019
United States,Q30,http://www.wikidata.org/entity/Q116720494,Golden West Power Partners LLC,Wind farm,38.935,-104.212
United States,Q30,http://www.wikidata.org/entity/Q116720899,Big Level Wind,Wind farm,41.869326,-77.66594
United States,Q30,http://www.wikidata.org/entity/Q116720739,Electra Wind Farm,Wind farm,34.102943,-99.11875
United States,Q30,http://www.wikidata.org/entity/Q116720969,Kingman Wind,Wind farm,37.586714,-98.57926
United States,Q30,http://www.wikidata.org/entity/Q116720951,"Ninnescah Wind Energy, LLC",Wind farm,37.586714,-98.57926
United States,Q30,http://www.wikidata.org/entity/Q116720025,WED Coventry 6,Wind farm,41.669722,-71.70833
United States,Q30,http://www.wikidata.org/entity/Q116720778,Pisgah Mountain Wind,Wind farm,44.777337,-68.52342
United States,Q30,http://www.wikidata.org/entity/Q116720396,Milo Wind Project LLC,Wind farm,33.901781,-103.3468
United States,Q30,http://www.wikidata.org/entity/Q116720836,Paulding Wind Farm III,Wind farm,41.121,-84.751
United States,Q30,http://www.wikidata.org/entity/Q116720041,Mesquite Creek Wind,Wind farm,32.7,-101.7411
United States,Q30,http://www.wikidata.org/entity/Q116720740,Horse Creek Wind Farm,Wind farm,33.35,-99.54
United States,Q30,http://www.wikidata.org/entity/Q116720994,Osborn Wind Energy,Wind farm,39.747699,-94.47348
United States,Q30,http://www.wikidata.org/entity/Q116720446,New Frontier Wind,Wind farm,47.861531,-100.9477
United States,Q30,http://www.wikidata.org/entity/Q116720659,Cotton Plains Wind Farm,Wind farm,34.060333,-101.1876
United States,Q30,http://www.wikidata.org/entity/Q116720762,Old Settler Wind,Wind farm,34.060333,-101.1876
United States,Q30,http://www.wikidata.org/entity/Q116720253,Future Generation Wind,Wind farm,41.774444,-70.61583
United States,Q30,http://www.wikidata.org/entity/Q116720322,Green Pastures Wind II,Wind farm,33.645964,-99.53294
United States,Q30,http://www.wikidata.org/entity/Q116720480,Antrim Wind,Wind farm,43.06435,-72.00635
United States,Q30,http://www.wikidata.org/entity/Q116720837,Green River Wind Farm,Wind farm,41.620264,-89.55703
United States,Q30,http://www.wikidata.org/entity/Q116720546,Golden Hills Wind,Wind farm,37.713311,-121.6404
United States,Q30,http://www.wikidata.org/entity/Q116720722,"Grady Wind Energy Center, LLC",Wind farm,34.734142,-103.0922
United States,Q30,http://www.wikidata.org/entity/Q116720166,Prospector Windfarm (Burnt River),Wind farm,44.418056,-117.255
United States,Q30,http://www.wikidata.org/entity/Q116720287,"Lindahl Wind Project, LLC",Wind farm,48.533,-102.933
United States,Q30,http://www.wikidata.org/entity/Q116720604,Harpster Wind,Wind farm,40.718292,-83.22865
United States,Q30,http://www.wikidata.org/entity/Q116720743,Ida Grove Wind,Wind farm,42.355721,-95.42038
United States,Q30,http://www.wikidata.org/entity/Q116719997,Windthorst-2,Wind farm,33.495278,-98.5
United States,Q30,http://www.wikidata.org/entity/Q116720933,Rush Springs Wind,Wind farm,34.682883,-97.82928
United States,Q30,http://www.wikidata.org/entity/Q116720277,Campbell County Wind Farm,Wind farm,45.753333,-100.275
United States,Q30,http://www.wikidata.org/entity/Q116720164,Benson Creek Windfarm (Burnt River),Wind farm,44.366944,-117.3439
United States,Q30,http://www.wikidata.org/entity/Q116720039,Taylor Farms,Wind farm,36.505,-121.4517
United States,Q30,http://www.wikidata.org/entity/Q116720617,Peak View Wind Farm,Wind farm,37.710444,-104.5055
United States,Q30,http://www.wikidata.org/entity/Q116720557,"Cedar Bluff Wind, LLC",Wind farm,38.697606,-99.72929
United States,Q30,http://www.wikidata.org/entity/Q116720981,"Salt Fork Wind Project, LLC",Wind farm,35.18172,-100.9344
United States,Q30,http://www.wikidata.org/entity/Q116721006,Western Plains Wind Farm,Wind farm,37.854801,-99.67981
United States,Q30,http://www.wikidata.org/entity/Q116720753,Brady II Wind Energy Center,Wind farm,46.611515,-102.7882
United States,Q30,http://www.wikidata.org/entity/Q116719995,Rising Tree Wind Farm III,Wind farm,35.060556,-118.2433
United States,Q30,http://www.wikidata.org/entity/Q116720165,Durbin Creek Windfarm (Burnt River),Wind farm,44.353056,-117.3231
United States,Q30,http://www.wikidata.org/entity/Q116720610,New Creek Wind,Wind farm,39.200639,-79.14064
United States,Q30,http://www.wikidata.org/entity/Q116720163,Jett Creek Windfarm (Burnt River),Wind farm,44.425,-117.2739
United States,Q30,http://www.wikidata.org/entity/Q116720135,"Kay Wind, LLC",Wind farm,36.984167,-97.13361
United States,Q30,http://www.wikidata.org/entity/Q116720196,Fowler Ridge IV Wind Farm LLC,Wind farm,40.620556,-87.37806
United States,Q30,http://www.wikidata.org/entity/Q116720305,"San Roman Wind I, LLC",Wind farm,26.125979,-97.3776
United States,Q30,http://www.wikidata.org/entity/Q116720110,Oak Tree Energy,Wind farm,44.933333,-97.74139
United States,Q30,http://www.wikidata.org/entity/Q116720167,Willow Spring Windfarm (Burnt River),Wind farm,44.381944,-117.2731
United States,Q30,http://www.wikidata.org/entity/Q116720689,Blue Cloud Wind Energy LLC,Wind farm,34.03821,-102.6652
United States,Q30,http://www.wikidata.org/entity/Q116720569,Sunflower Wind Project,Wind farm,46.837569,-102.0746
United States,Q30,http://www.wikidata.org/entity/Q116720118,Logans Gap Wind LLC,Wind farm,31.8225,-98.69056
United States,Q30,http://www.wikidata.org/entity/Q116720313,Scituate Wind,Wind farm,42.175083,-70.72847
United States,Q30,http://www.wikidata.org/entity/Q116720268,Adams Wind,Wind farm,40.92,-94.67167
United States,Q30,http://www.wikidata.org/entity/Q116720340,Pryor Mountain Wind,Wind farm,45.165525,-108.6931
United States,Q30,http://www.wikidata.org/entity/Q116720252,TX Jumbo Road Wind,Wind farm,34.72,-102.2533
United States,Q30,http://www.wikidata.org/entity/Q116720037,Golden Acorn Casino,Wind farm,32.702107,-116.3546
United States,Q30,http://www.wikidata.org/entity/Q116720324,Kirkwood Wind Turbine,Wind farm,41.916558,-91.6509
United States,Q30,http://www.wikidata.org/entity/Q116720727,O'Brien Wind,Wind farm,43.200421,-95.62431
United States,Q30,http://www.wikidata.org/entity/Q116720859,Crocker Wind Farm,Wind farm,45.051544,-97.82642
United States,Q30,http://www.wikidata.org/entity/Q116720581,"Javelina Wind Energy, LLC",Wind farm,27.32,-99.0
United States,Q30,http://www.wikidata.org/entity/Q116720606,Zephyr Wind,Wind farm,41.096111,-83.64138
United States,Q30,http://www.wikidata.org/entity/Q116720858,Blazing Star Wind Farm 1,Wind farm,44.544137,-96.36824
United States,Q30,http://www.wikidata.org/entity/Q116720395,Slate Creek Wind Project LLC,Wind farm,37.1146,-97.2376
United States,Q30,http://www.wikidata.org/entity/Q116720678,Bluestem,Wind farm,36.552151,-100.5876
United States,Q30,http://www.wikidata.org/entity/Q116720524,Findlay Wind Farm,Wind farm,41.101219,-83.64439
United States,Q30,http://www.wikidata.org/entity/Q116720321,Green Pastures Wind I,Wind farm,33.628222,-99.41117
United States,Q30,http://www.wikidata.org/entity/Q116720038,City of Soledad Water Reclamation,Wind farm,36.421111,-121.3403
United States,Q30,http://www.wikidata.org/entity/Q116720294,NBC Field's Point Wind Farm,Wind farm,41.79413,-71.38919
United States,Q30,http://www.wikidata.org/entity/Q116720660,Rocksprings,Wind farm,29.72753,-100.7943
United States,Q30,http://www.wikidata.org/entity/Q116721036,Mammoth Plains,Wind farm,35.978889,-98.71028
United States,Q30,http://www.wikidata.org/entity/Q116720004,Hale Community Wind Farm,Wind farm,33.927778,-101.7422
United States,Q30,http://www.wikidata.org/entity/Q116720683,Prairie Breeze II,Wind farm,41.987656,-98.2104
United States,Q30,http://www.wikidata.org/entity/Q116720719,Prairie Breeze III,Wind farm,41.987656,-98.2104
United States,Q30,http://www.wikidata.org/entity/Q116720095,Pleasant Hill Wind Energy Project,Wind farm,33.738889,-101.485
United States,Q30,http://www.wikidata.org/entity/Q116720002,Lorenzo Wind,Wind farm,33.699167,-101.5247
United States,Q30,http://www.wikidata.org/entity/Q116720323,Briscoe Wind Farm,Wind farm,34.432267,-101.2372
United States,Q30,http://www.wikidata.org/entity/Q116720024,WED Coventry 5,Wind farm,41.659722,-71.69972
United States,Q30,http://www.wikidata.org/entity/Q116721932,Perennial Windfarm,Wind farm,40.631872,-97.64271
United States,Q30,http://www.wikidata.org/entity/Q116721466,Whirlpool Corporation - Ottawa Wind Farm,Wind farm,41.002764,-84.03374
United States,Q30,http://www.wikidata.org/entity/Q116721499,La Joya NM,Wind farm,34.81,-105.74
United States,Q30,http://www.wikidata.org/entity/Q116721509,Seward Wind Farm,Wind farm,40.895,-97.1951
United States,Q30,http://www.wikidata.org/entity/Q116721691,Valfilm Wind Project,Wind farm,41.084329,-83.64413
United States,Q30,http://www.wikidata.org/entity/Q116722003,Palmas Altas Wind Farm,Wind farm,26.288889,-97.49639
United States,Q30,http://www.wikidata.org/entity/Q116721417,CCC Hastings Wind Turbine,Wind farm,40.569182354,-98.33450606
United States,Q30,http://www.wikidata.org/entity/Q116721462,Reading Wind Project,Wind farm,38.475,-95.9655
United States,Q30,http://www.wikidata.org/entity/Q116721871,UL Advanced Wind Turbine Test Facility,Wind farm,34.966012,-101.7841
United States,Q30,http://www.wikidata.org/entity/Q116722165,"Solomon Forks Wind Project, LLC",Wind farm,39.306,-101.0744
United States,Q30,http://www.wikidata.org/entity/Q116721363,Equity Industrial Turbines,Wind farm,42.625649,-70.65649
United States,Q30,http://www.wikidata.org/entity/Q116721719,Foard City Wind,Wind farm,33.915315,-99.74028
United States,Q30,http://www.wikidata.org/entity/Q116721513,Foundation CDCR LAC,Wind farm,34.691,-118.221
United States,Q30,http://www.wikidata.org/entity/Q116721626,Red Dirt Wind Project,Wind farm,36.1,-97.8
United States,Q30,http://www.wikidata.org/entity/Q116721680,Otter Creek Wind Farm LLC,Wind farm,41.055385,-88.99386
United States,Q30,http://www.wikidata.org/entity/Q116722053,"Minco Wind IV, LLC",Wind farm,35.381047,-98.26956
United States,Q30,http://www.wikidata.org/entity/Q116721907,August Wind Farm,Wind farm,40.764914,-94.47563
United States,Q30,http://www.wikidata.org/entity/Q116721556,Big Timber Wind Farm,Wind farm,45.855428,-109.6492
United States,Q30,http://www.wikidata.org/entity/Q116721929,Wildcat Ranch Wind Project,Wind farm,33.5296,-102.9619
United States,Q30,http://www.wikidata.org/entity/Q116721756,Foundation SaIinas Valley State Prison,Wind farm,36.474,-121.371
United States,Q30,http://www.wikidata.org/entity/Q116721517,Saratoga Wind Farm,Wind farm,43.448855,-92.28073
United States,Q30,http://www.wikidata.org/entity/Q116721888,"Heartland Divide Wind Project, LLC",Wind farm,41.71138,-94.80199
United States,Q30,http://www.wikidata.org/entity/Q116722009,Live Oak Wind Project,Wind farm,31.048557,-100.6231
United States,Q30,http://www.wikidata.org/entity/Q116721145,South Plains II,Wind farm,34.196962,-101.3815
United States,Q30,http://www.wikidata.org/entity/Q116721447,Buckthorn Wind,Wind farm,32.371306,-98.37739
United States,Q30,http://www.wikidata.org/entity/Q116721501,Coyote Ridge,Wind farm,44.45,-96.55
United States,Q30,http://www.wikidata.org/entity/Q116722153,"Torrecillas Wind Energy, LLC",Wind farm,27.614411,-98.7945
United States,Q30,http://www.wikidata.org/entity/Q116721495,Twin Buttes II Wind,Wind farm,37.773,-102.546
United States,Q30,http://www.wikidata.org/entity/Q116721987,Aurora County Wind,Wind farm,43.719,-98.752
United States,Q30,http://www.wikidata.org/entity/Q116722014,Hilltop Power,Wind farm,43.912882,-96.19322
United States,Q30,http://www.wikidata.org/entity/Q116721037,Rattlesnake Creek Wind Project,Wind farm,42.374,-96.829
United States,Q30,http://www.wikidata.org/entity/Q116721043,WED Coventry 1,Wind farm,41.675833,-71.7075
United States,Q30,http://www.wikidata.org/entity/Q116721390,Willow Springs Wind Farm,Wind farm,33.345366,-99.62426
United States,Q30,http://www.wikidata.org/entity/Q116721378,"Deerfield Wind Energy, LLC",Wind farm,43.941851,-82.89868
United States,Q30,http://www.wikidata.org/entity/Q116721754,Foundation California Training Facility,Wind farm,36.464,-121.382
United States,Q30,http://www.wikidata.org/entity/Q116722110,Pegasus Wind,Wind farm,43.452003,-83.50721
United States,Q30,http://www.wikidata.org/entity/Q116721282,"Rattlesnake Power, LLC",Wind farm,31.360331,-99.55136
United States,Q30,http://www.wikidata.org/entity/Q116721608,Golden Hills North Wind Energy Center,Wind farm,37.769189,-121.6302
United States,Q30,http://www.wikidata.org/entity/Q116722114,Tahoka Wind,Wind farm,33.150904,-101.6792
United States,Q30,http://www.wikidata.org/entity/Q116721500,Tatanka Ridge,Wind farm,44.592,-96.576
United States,Q30,http://www.wikidata.org/entity/Q116721844,Upland Prairie,Wind farm,43.207406,-95.3494
United States,Q30,http://www.wikidata.org/entity/Q116722069,"Stillwater Wind, LLC",Wind farm,45.86584,-109.4766
United States,Q30,http://www.wikidata.org/entity/Q116721533,Pine River Wind Park,Wind farm,43.524324,-84.69678
United States,Q30,http://www.wikidata.org/entity/Q116721916,Whirlpool Corp-Greenville Wind Farm,Wind farm,40.131293,-84.60986
United States,Q30,http://www.wikidata.org/entity/Q116721692,Red Pine Wind Project,Wind farm,44.478,-96.1538
United States,Q30,http://www.wikidata.org/entity/Q116721521,Orient Wind Farm,Wind farm,41.202447,-94.4172
United States,Q30,http://www.wikidata.org/entity/Q116721038,WED NK Green,Wind farm,41.581667,-71.48667
United States,Q30,http://www.wikidata.org/entity/Q116722004,Town of Otis Wind Energy Project,Wind farm,42.225765,-73.02576
United States,Q30,http://www.wikidata.org/entity/Q116721667,Hog Creek Wind Project,Wind farm,40.793073,-83.72871
United States,Q30,http://www.wikidata.org/entity/Q116721982,Hilltopper Wind Project,Wind farm,39.952927,-89.31025
United States,Q30,http://www.wikidata.org/entity/Q116721393,"Oliver Wind III, LLC",Wind farm,46.9571,-101.1681
United States,Q30,http://www.wikidata.org/entity/Q116721755,Foundation Mann Packing,Wind farm,36.504,-121.454
United States,Q30,http://www.wikidata.org/entity/Q116721496,"Roaring Brook, LLC",Wind farm,43.709597,-75.61622
United States,Q30,http://www.wikidata.org/entity/Q116722118,"Armadillo Flats Wind Project, LLC",Wind farm,36.300964,-97.56704
United States,Q30,http://www.wikidata.org/entity/Q116722075,"Rio Bravo Windpower, LLC",Wind farm,26.649,-99.0387
United States,Q30,http://www.wikidata.org/entity/Q116721207,Voyager Wind I,Wind farm,35.046061,-118.2827
United States,Q30,http://www.wikidata.org/entity/Q116721924,"Creston Ridge II, LLC",Wind farm,41.677,-97.391
United States,Q30,http://www.wikidata.org/entity/Q116721904,Turtle Creek Wind Farm LLC,Wind farm,43.429604,-92.83951
United States,Q30,http://www.wikidata.org/entity/Q116721081,Sendero,Wind farm,27.18,-98.91667
United States,Q30,http://www.wikidata.org/entity/Q116721494,Deerfield Wind LLC,Wind farm,42.877215,-72.99372
United States,Q30,http://www.wikidata.org/entity/Q116721679,Karankawa Wind LLC,Wind farm,28.170179,-97.81751
United States,Q30,http://www.wikidata.org/entity/Q116722154,"Blue Summit II Wind, LLC",Wind farm,34.225882,-99.47799
United States,Q30,http://www.wikidata.org/entity/Q116721724,Cottonwood Wind Energy Center,Wind farm,40.240168,-98.40596
United States,Q30,http://www.wikidata.org/entity/Q116721206,Kelly Creek Wind Project,Wind farm,40.9675,-88.1975
United States,Q30,http://www.wikidata.org/entity/Q116721467,Whirlpool Corporation - Marion Wind Farm,Wind farm,40.591154,-83.17849
United States,Q30,http://www.wikidata.org/entity/Q116722010,Upstream Wind Energy LLC,Wind farm,42.184336,-97.96498
United States,Q30,http://www.wikidata.org/entity/Q116721823,Fort Hays State University Wind Farm,Wind farm,38.874316,-99.40521
United States,Q30,http://www.wikidata.org/entity/Q116721108,Bayonne MUA- Leitner-Poma Wind Turbine,Wind farm,40.652778,-74.11778
United States,Q30,http://www.wikidata.org/entity/Q116722015,"Diamond Vista Wind Project, LLC",Wind farm,38.56564,-97.04063
United States,Q30,http://www.wikidata.org/entity/Q116721368,Prairie Wind Farm,Wind farm,41.4369,-92.70382
United States,Q30,http://www.wikidata.org/entity/Q116721619,Rock Falls Wind Farm LLC,Wind farm,36.927165,-97.4271
United States,Q30,http://www.wikidata.org/entity/Q116721646,Bluff Point Wind Facility,Wind farm,40.319,-84.9769
United States,Q30,http://www.wikidata.org/entity/Q116721044,WED Coventry 2,Wind farm,41.6725,-71.70583
United States,Q30,http://www.wikidata.org/entity/Q116722144,"Pratt Wind, LLC",Wind farm,37.55,-98.8
United States,Q30,http://www.wikidata.org/entity/Q116722076,Wildhorse Mountain Wind Facility,Wind farm,34.591031,-95.19181
United States,Q30,http://www.wikidata.org/entity/Q116721981,Seneca Nation Cattaraugus Wind Turbine,Wind farm,42.5809,-79.1027
United States,Q30,http://www.wikidata.org/entity/Q116722090,Sholes Wind Energy Center,Wind farm,42.3119,-97.3647
United States,Q30,http://www.wikidata.org/entity/Q116721864,Voyager Wind II,Wind farm,35.073377,-118.2686
United States,Q30,http://www.wikidata.org/entity/Q116721195,Crowned Ridge Wind Energy Center,Wind farm,45.154947,-96.83684
United States,Q30,http://www.wikidata.org/entity/Q116721492,Heart of Texas Wind Project,Wind farm,31.242177,-99.42127
United States,Q30,http://www.wikidata.org/entity/Q116721452,Santa Rita Wind Energy,Wind farm,31.181377,-101.3188
United States,Q30,http://www.wikidata.org/entity/Q116721607,Redbed Plains Wind Farm,Wind farm,35.290759,-97.854
United States,Q30,http://www.wikidata.org/entity/Q116721397,Green Energy Machine,Wind farm,41.373,-94.754
United States,Q30,http://www.wikidata.org/entity/Q116721911,Blazing Star 2 Wind Farm,Wind farm,44.445293,-96.35276
United States,Q30,http://www.wikidata.org/entity/Q116721097,"Valentine Wind, LLC",Wind farm,42.859103,-100.5924
United States,Q30,http://www.wikidata.org/entity/Q116721599,Flat Top Wind I,Wind farm,31.684511,-98.60336
United States,Q30,http://www.wikidata.org/entity/Q116722013,Bishop Hill III,Wind farm,41.211057,-90.27602
United States,Q30,http://www.wikidata.org/entity/Q116721454,Sterling I Wind Farm,Wind farm,33.3596,-103.2506
United States,Q30,http://www.wikidata.org/entity/Q116721625,Thunder Ranch Wind Project,Wind farm,36.550834,-97.05894
United States,Q30,http://www.wikidata.org/entity/Q116722081,"Persimmon Creek Wind Farm 1, LLC",Wind farm,36.174278,-99.34916
United States,Q30,http://www.wikidata.org/entity/Q116721522,Beaver Creek Wind,Wind farm,42.106964,-94.16464
United States,Q30,http://www.wikidata.org/entity/Q116722105,Ivester Wind Farm,Wind farm,42.33327,-92.94644
United States,Q30,http://www.wikidata.org/entity/Q116722062,"PYCO Industries, Inc. Wind Farm",Wind farm,33.553184,-101.7924
United States,Q30,http://www.wikidata.org/entity/Q116721122,Carousel Wind Farm LLC,Wind farm,39.334,-102.173
United States,Q30,http://www.wikidata.org/entity/Q116721464,Cactus Flats Wind Energy Project,Wind farm,31.112474,-100.0281
United States,Q30,http://www.wikidata.org/entity/Q116721418,Creston Ridge Wind Farm,Wind farm,41.678,-97.386
United States,Q30,http://www.wikidata.org/entity/Q116721514,Foundation Scheid Vineyards,Wind farm,36.274508,-121.1916
United States,Q30,http://www.wikidata.org/entity/Q116721845,English Farms,Wind farm,41.57,-92.40718
United States,Q30,http://www.wikidata.org/entity/Q116721865,Voyager Wind III,Wind farm,35.060768,-118.2647
United States,Q30,http://www.wikidata.org/entity/Q116721045,WED Coventry 3,Wind farm,41.695556,-71.72083
United States,Q30,http://www.wikidata.org/entity/Q116722251,Kossuth,Wind farm,42.994681,-94.12873
United States,Q30,http://www.wikidata.org/entity/Q116723189,Glen Ullin Energy Center,Wind farm,46.964077,-101.8165
United States,Q30,http://www.wikidata.org/entity/Q116723003,BMP Wind (TX),Wind farm,32.28938,-99.2916
United States,Q30,http://www.wikidata.org/entity/Q116722194,Santa Rita East,Wind farm,31.207988,-101.1108
United States,Q30,http://www.wikidata.org/entity/Q116722946,El Campo Wind,Wind farm,33.732181,-99.72639
United States,Q30,http://www.wikidata.org/entity/Q116723063,Maverick Creek Wind,Wind farm,31.262546,-99.84396
United States,Q30,http://www.wikidata.org/entity/Q116722301,Birch,Wind farm,40.767636,-94.47438
United States,Q30,http://www.wikidata.org/entity/Q116722780,Hidalgo Wind Farm II,Wind farm,26.492862,-98.44827
United States,Q30,http://www.wikidata.org/entity/Q116722269,Roseman,Wind farm,41.370997,-94.75393
United States,Q30,http://www.wikidata.org/entity/Q116723184,"Orchard Windfarm 1, LLC",Wind farm,45.38,-119.3332
United States,Q30,http://www.wikidata.org/entity/Q116722597,"Palmer's Creek Wind Farm, LLC",Wind farm,44.857694,-95.56889
United States,Q30,http://www.wikidata.org/entity/Q116722550,"East Fork Wind Project, LLC",Wind farm,39.306,-101.0744
United States,Q30,http://www.wikidata.org/entity/Q116722645,Griffin Trail Wind,Wind farm,33.609313,-99.58229
United States,Q30,http://www.wikidata.org/entity/Q116723198,Deuel Harvest Wind Energy LLC,Wind farm,44.863583,-96.53463
United States,Q30,http://www.wikidata.org/entity/Q116722922,LafargeHolcim - Paulding Wind Project,Wind farm,41.192377,-84.61256
United States,Q30,http://www.wikidata.org/entity/Q116723186,Rattlesnake Flat,Wind farm,46.941015,-118.5671
United States,Q30,http://www.wikidata.org/entity/Q116722596,Polaris Wind Park,Wind farm,43.262611,-84.49984
United States,Q30,http://www.wikidata.org/entity/Q116722757,Ekola Flats,Wind farm,41.932405,-106.3584
United States,Q30,http://www.wikidata.org/entity/Q116722649,Peyton Creek Wind Farm LLC,Wind farm,28.8433,-95.8631
United States,Q30,http://www.wikidata.org/entity/Q116722621,"Polk County Renewables, LLC",Wind farm,41.165278,-97.57019
United States,Q30,http://www.wikidata.org/entity/Q116722255,"WED Plainfield II, LLC",Wind farm,41.794583,-71.53997
United States,Q30,http://www.wikidata.org/entity/Q116722754,Mesquite Star,Wind farm,32.255978,-100.3203
United States,Q30,http://www.wikidata.org/entity/Q116723401,"Canadian Breaks, LLC",Wind farm,35.200164,-102.3155
United States,Q30,http://www.wikidata.org/entity/Q116722855,Plum Creek Wind Project (NE),Wind farm,42.16159,-97.20379
United States,Q30,http://www.wikidata.org/entity/Q116723124,Rosewater Wind Farm,Wind farm,40.770899,-86.87501
United States,Q30,http://www.wikidata.org/entity/Q116722408,Gopher Creek Wind Farm,Wind farm,32.875073,-101.209
United States,Q30,http://www.wikidata.org/entity/Q116722377,Harvest Ridge Wind Farm,Wind farm,39.83188,-88.0723
United States,Q30,http://www.wikidata.org/entity/Q116722791,Jumbo Hill Wind Project,Wind farm,32.386,-102.949
United States,Q30,http://www.wikidata.org/entity/Q116722990,Ida Grove II,Wind farm,42.326854,-95.45882
United States,Q30,http://www.wikidata.org/entity/Q116722567,Prevailing Wind Park,Wind farm,43.039,-97.526
United States,Q30,http://www.wikidata.org/entity/Q116722358,"WED Portsmouth One, LLC",Wind farm,41.612027,-71.24926
United States,Q30,http://www.wikidata.org/entity/Q116722710,Skeleton Creek Energy Center Hybrid,Wind farm,36.521428,-98.03436
United States,Q30,http://www.wikidata.org/entity/Q116722740,Jiminy Peak Wind QF,Wind farm,42.543748,-73.29263
United States,Q30,http://www.wikidata.org/entity/Q116722260,"WED Shun III, LLC",Wind farm,41.799078,-71.54933
United States,Q30,http://www.wikidata.org/entity/Q116723210,Cheyenne Ridge Wind Farm,Wind farm,39.016944,-102.2113
United States,Q30,http://www.wikidata.org/entity/Q116723431,Prairie Hill Wind Project,Wind farm,31.549868,-96.90407
United States,Q30,http://www.wikidata.org/entity/Q116722664,Busch Ranch II Wind Farm,Wind farm,37.766416,-104.4295
United States,Q30,http://www.wikidata.org/entity/Q116722698,Beech Ridge II Wind Energy Center,Wind farm,38.112222,-80.61306
United States,Q30,http://www.wikidata.org/entity/Q116723200,Timber Road IV,Wind farm,41.121,-84.751
United States,Q30,http://www.wikidata.org/entity/Q116723434,Triple H Wind Project,Wind farm,44.40104,-99.60384
United States,Q30,http://www.wikidata.org/entity/Q116722656,Willow Creek Wind Power LLC,Wind farm,44.825883,-103.2074
United States,Q30,http://www.wikidata.org/entity/Q116723191,South Peak Wind,Wind farm,47.329911,-110.6146
United States,Q30,http://www.wikidata.org/entity/Q116722271,Arbor Hill Wind Farm,Wind farm,41.404231,-94.26136
United States,Q30,http://www.wikidata.org/entity/Q116723012,Fairbanks Wind Park,Wind farm,45.683618,-86.64574
United States,Q30,http://www.wikidata.org/entity/Q116722802,GE-Lubbock,Wind farm,33.59145,-102.0569
United States,Q30,http://www.wikidata.org/entity/Q116723068,RoxWind,Wind farm,44.6148,-70.6176
United States,Q30,http://www.wikidata.org/entity/Q116722509,Glaciers Edge Wind Project,Wind farm,42.862,-95.772
United States,Q30,http://www.wikidata.org/entity/Q116722769,Whitney Hill Wind Power LLC,Wind farm,39.952927,-89.31025
United States,Q30,http://www.wikidata.org/entity/Q116722704,Prairie Queen Wind Farm,Wind farm,37.9788,-95.2244
United States,Q30,http://www.wikidata.org/entity/Q116723432,Las Lomas Wind Project,Wind farm,26.69842,-99.05745
United States,Q30,http://www.wikidata.org/entity/Q116722577,Mesteno,Wind farm,26.523692,-98.74552
United States,Q30,http://www.wikidata.org/entity/Q116722259,"WED Shun II, LLC",Wind farm,41.800111,-71.53619
United States,Q30,http://www.wikidata.org/entity/Q116723398,Clear Creek Wind,Wind farm,40.369799,-94.89201
United States,Q30,http://www.wikidata.org/entity/Q116722555,"Seymour Hills Wind Project, LLC",Wind farm,33.57824,-99.1921
United States,Q30,http://www.wikidata.org/entity/Q116722256,"WED Plainfield III, LLC",Wind farm,41.793519,-71.53062
United States,Q30,http://www.wikidata.org/entity/Q116723089,Boiling Springs Wind Farm,Wind farm,36.546545,-99.3576
United States,Q30,http://www.wikidata.org/entity/Q116723433,Dakota Range III Wind Project,Wind farm,45.267621,-97.10398
United States,Q30,http://www.wikidata.org/entity/Q116722705,Crossing Trails Wind Power Project LLC.,Wind farm,39.046623,-102.8224
United States,Q30,http://www.wikidata.org/entity/Q116722426,Voyager Wind IV,Wind farm,35.077872,-118.2497
United States,Q30,http://www.wikidata.org/entity/Q116722522,Amadeus Wind Farm,Wind farm,32.96736,-100.5643
United States,Q30,http://www.wikidata.org/entity/Q116722459,Brule County Wind,Wind farm,43.717,-98.922
United States,Q30,http://www.wikidata.org/entity/Q116722460,"Foxtail Wind, LLC",Wind farm,46.098211,-98.88007
United States,Q30,http://www.wikidata.org/entity/Q116722786,"White Cloud Wind Project, LLC",Wind farm,40.44,-95.38
United States,Q30,http://www.wikidata.org/entity/Q116723457,Weaver Wind,Wind farm,44.722519,-68.16361
United States,Q30,http://www.wikidata.org/entity/Q116722369,"Burke Wind, LLC",Wind farm,48.754492,-102.6378
United States,Q30,http://www.wikidata.org/entity/Q116722229,Whispering Willow North,Wind farm,42.774955,-93.41807
United States,Q30,http://www.wikidata.org/entity/Q116722231,Golden Plains,Wind farm,43.430639,-94.01641
United States,Q30,http://www.wikidata.org/entity/Q116722691,Kings Point Wind Energy Center,Wind farm,37.269858,-94.05271
United States,Q30,http://www.wikidata.org/entity/Q116722812,Foundation Dole Fresh Vegetables,Wind farm,36.459294,-121.3501
United States,Q30,http://www.wikidata.org/entity/Q116723047,Frontier Windpower II,Wind farm,36.82478,-97.02978
United States,Q30,http://www.wikidata.org/entity/Q116723064,West Raymond Wind Farm LLC,Wind farm,26.376651,-97.99305
United States,Q30,http://www.wikidata.org/entity/Q116722694,North Fork Ridge Wind Energy Center,Wind farm,37.38999,-94.51027
United States,Q30,http://www.wikidata.org/entity/Q116722585,"Stoneray Power Partners, LLC",Wind farm,44.104377,-96.12673
United States,Q30,http://www.wikidata.org/entity/Q116723050,"Mountain Breeze Wind, LLC",Wind farm,40.960618,-104.0032
United States,Q30,http://www.wikidata.org/entity/Q116722254,"WED Green Hill, LLC",Wind farm,41.79785,-71.52974
United States,Q30,http://www.wikidata.org/entity/Q116723128,Holiday Hill Community Wind,Wind farm,42.212535,-72.87126
United States,Q30,http://www.wikidata.org/entity/Q116722734,High Prairie Wind Farm,Wind farm,40.398244,-92.51861
United States,Q30,http://www.wikidata.org/entity/Q116723423,Palo Alto Wind Farm,Wind farm,43.206691,-94.54809
United States,Q30,http://www.wikidata.org/entity/Q116722257,"WED Plainfield, LLC",Wind farm,41.796078,-71.53583
United States,Q30,http://www.wikidata.org/entity/Q116722697,Neosho Ridge Wind Energy Center,Wind farm,37.485357,-95.37673
United States,Q30,http://www.wikidata.org/entity/Q116722758,Headwaters Wind Farm II LLC,Wind farm,40.051694,-85.20669
United States,Q30,http://www.wikidata.org/entity/Q116722973,Pembina Land Port of Entry Wind Turbine,Wind farm,48.996866,-97.24161
United States,Q30,http://www.wikidata.org/entity/Q116722520,North English,Wind farm,41.642776,-92.49906
United States,Q30,http://www.wikidata.org/entity/Q116722292,Galactic Wind,Wind farm,43.101605,-89.33186
United States,Q30,http://www.wikidata.org/entity/Q116723215,Thunderhead Wind Energy LLC,Wind farm,42.062002,-98.23896
United States,Q30,http://www.wikidata.org/entity/Q116722737,Blue Summit III Wind,Wind farm,34.170488,-99.56344
United States,Q30,http://www.wikidata.org/entity/Q116722723,TB Flats,Wind farm,42.177245,-106.2341
United States,Q30,http://www.wikidata.org/entity/Q116722323,Reloj del Sol Wind Farm,Wind farm,27.03028,-99.38839
United States,Q30,http://www.wikidata.org/entity/Q116722258,"WED Shun I, LLC",Wind farm,41.798456,-71.54066
United States,Q30,http://www.wikidata.org/entity/Q116722230,Richland,Wind farm,42.363152,-95.2263
United States,Q30,http://www.wikidata.org/entity/Q116722782,Sage Draw Wind,Wind farm,33.303497,-101.6572
United States,Q30,http://www.wikidata.org/entity/Q116723045,Maryneal Windpower,Wind farm,32.199366,-100.4919
United States,Q30,http://www.wikidata.org/entity/Q116722632,Lockett Windfarm,Wind farm,34.072251,-99.26468
United States,Q30,http://www.wikidata.org/entity/Q116723441,Mohave County Wind Farm,Wind farm,35.791142,-114.5045
United States,Q30,http://www.wikidata.org/entity/Q116722811,Zephyr Wind Project - 2.0,Wind farm,41.093078,-83.63778
United States,Q30,http://www.wikidata.org/entity/Q116723149,"Raymond Wind Farm, LLC",Wind farm,26.364153,-97.78044
United States,Q30,http://www.wikidata.org/entity/Q116722733,"High Lonesome Wind Power, LLC Hybrid",Wind farm,31.171652,-101.8811
United States,Q30,http://www.wikidata.org/entity/Q116722578,Ranchero Wind Farm LLC,Wind farm,30.594908,-101.453
United States,Q30,http://www.wikidata.org/entity/Q116722543,"Midway Wind, LLC",Wind farm,27.954976,-97.3002
United States,Q30,http://www.wikidata.org/entity/Q116722868,Wildcat Creek Wind Farm LLC,Wind farm,33.54915,-97.32958
United States,Q30,http://www.wikidata.org/entity/Q116723866,Red Lake Falls Community Hybrid,Wind farm,47.870581,-96.31859
United States,Q30,http://www.wikidata.org/entity/Q116724274,Blooming Grove Wind Energy Center,Wind farm,40.661079,-88.39508
United States,Q30,http://www.wikidata.org/entity/Q116723545,Crowned Ridge Wind II Energy Center,Wind farm,45.0054,-96.92995
United States,Q30,http://www.wikidata.org/entity/Q116723746,CED Mason City Wind,Wind farm,43.140697,-93.09848
United States,Q30,http://www.wikidata.org/entity/Q116723849,"Bitter Ridge Wind Farm, LLC",Wind farm,40.360533,-85.11315
United States,Q30,http://www.wikidata.org/entity/Q116724707,Great Prairie Wind 2,Wind farm,36.335277,-101.4547
United States,Q30,http://www.wikidata.org/entity/Q116723727,"Sundance Wind Project, LLC",Wind farm,36.5597,-98.7492
United States,Q30,http://www.wikidata.org/entity/Q116724950,"Niyol Wind, LLC",Wind farm,40.613364,-102.9526
United States,Q30,http://www.wikidata.org/entity/Q116724172,"Bronco Plains Wind, LLC",Wind farm,39.088845,-103.0251
United States,Q30,http://www.wikidata.org/entity/Q116723689,Lincoln Heights I,Wind farm,44.287778,-96.43333
United States,Q30,http://www.wikidata.org/entity/Q116724101,La Chalupa Wind Farm,Wind farm,26.249888,-97.51184
United States,Q30,http://www.wikidata.org/entity/Q116724139,Southern Hills Wind Farm,Wind farm,41.1113,-94.4667
United States,Q30,http://www.wikidata.org/entity/Q116724326,"Orchard Windfarm 2, LLC",Wind farm,45.38,-119.3332
United States,Q30,http://www.wikidata.org/entity/Q116724328,"Orchard Windfarm 4, LLC",Wind farm,45.38,-119.3332
United States,Q30,http://www.wikidata.org/entity/Q116725255,"Orchard Windfarm 3, LLC",Wind farm,45.38,-119.3332
United States,Q30,http://www.wikidata.org/entity/Q116725303,Coachella Hills Wind,Wind farm,33.9077,-116.5797
United States,Q30,http://www.wikidata.org/entity/Q116724404,CED Centerville Wind,Wind farm,40.702,-92.854
United States,Q30,http://www.wikidata.org/entity/Q116723688,Cisco,Wind farm,43.6256,-95.3725
United States,Q30,http://www.wikidata.org/entity/Q116725260,Wheatridge 1,Wind farm,45.55975,-119.6338
United States,Q30,http://www.wikidata.org/entity/Q116724074,Point Wind,Wind farm,35.080833,-118.3614
United States,Q30,http://www.wikidata.org/entity/Q116725074,Ford County Wind Farm LLC,Wind farm,40.556285,-88.34949
United States,Q30,http://www.wikidata.org/entity/Q116723692,Corriedale Wind Energy,Wind farm,41.1133,-104.984
United States,Q30,http://www.wikidata.org/entity/Q116724983,Lacy Creek Wind Energy Center,Wind farm,31.729906,-101.2989
United States,Q30,http://www.wikidata.org/entity/Q116723518,Skookumchuck Wind Facility,Wind farm,46.85074,-122.6644
United States,Q30,http://www.wikidata.org/entity/Q116725148,"Green Providence Wind I, LLC",Wind farm,41.789486,-71.38477
United States,Q30,http://www.wikidata.org/entity/Q116724719,Plymouth Wind,Wind farm,42.842969,-95.94126
United States,Q30,http://www.wikidata.org/entity/Q116724235,Cedar Springs I,Wind farm,43.019714,-105.4721
United States,Q30,http://www.wikidata.org/entity/Q116724079,"Maverick Wind Project, LLC",Wind farm,36.293919,-98.16467
United States,Q30,http://www.wikidata.org/entity/Q116725058,Limestone Wind Project,Wind farm,31.85346,-96.62446
United States,Q30,http://www.wikidata.org/entity/Q116724946,Hubbard Wind,Wind farm,31.77471,-96.8282
United States,Q30,http://www.wikidata.org/entity/Q116724071,"Traverse Wind Project, LLC",Wind farm,35.727711,-97.79318
United States,Q30,http://www.wikidata.org/entity/Q116723908,Helena Wind,Wind farm,28.621959,-97.93763
United States,Q30,http://www.wikidata.org/entity/Q116724430,Indiana Crossroads Wind Farm LLC,Wind farm,40.6631,-86.8695
United States,Q30,http://www.wikidata.org/entity/Q116724706,Great Prairie Wind,Wind farm,36.3075,-101.5322
United States,Q30,http://www.wikidata.org/entity/Q116725185,Clearwater Wind I,Wind farm,46.81771,-106.3789
United States,Q30,http://www.wikidata.org/entity/Q116724729,White Mesa Wind,Wind farm,30.91,-101.263
United States,Q30,http://www.wikidata.org/entity/Q116724395,Priddy Wind Project,Wind farm,31.5481,-98.49491
United States,Q30,http://www.wikidata.org/entity/Q116723839,Coyote Wind LLC,Wind farm,32.84879,-100.8665
United States,Q30,http://www.wikidata.org/entity/Q116723622,Bennington Wind,Wind farm,40.96038,-89.08536
United States,Q30,http://www.wikidata.org/entity/Q116724979,Big Turtle Wind Farm 2,Wind farm,43.919558,-82.79443
United States,Q30,http://www.wikidata.org/entity/Q116725149,"Green Providence Wind II, LLC",Wind farm,41.786045,-71.38554
United States,Q30,http://www.wikidata.org/entity/Q116723789,Sagamore Wind,Wind farm,33.938421,-103.1846
United States,Q30,http://www.wikidata.org/entity/Q116724289,Iron Star Wind Project,Wind farm,37.64875,-99.98094
United States,Q30,http://www.wikidata.org/entity/Q116725222,Cedar Springs III,Wind farm,43.076692,-105.5844
United States,Q30,http://www.wikidata.org/entity/Q116724383,"Western Trail Wind, LLC",Wind farm,33.85245,-99.06509
United States,Q30,http://www.wikidata.org/entity/Q116723785,Atchison County Wind,Wind farm,40.531283,-95.35488
United States,Q30,http://www.wikidata.org/entity/Q116723811,Isabella Wind Park,Wind farm,43.684092,-84.78846
United States,Q30,http://www.wikidata.org/entity/Q116724526,"Glacier Sands Wind Power, LLC",Wind farm,40.261377,-89.70088
United States,Q30,http://www.wikidata.org/entity/Q116725366,Glass Sands Wind Facility,Wind farm,34.514165,-96.91591
United States,Q30,http://www.wikidata.org/entity/Q116724972,Jayhawk Wind Energy Center,Wind farm,37.704461,-95.02982
United States,Q30,http://www.wikidata.org/entity/Q116723557,Cerro Gordo Wind Farm,Wind farm,43.061204,-93.45364
United States,Q30,http://www.wikidata.org/entity/Q116723936,"Emmons-Logan Wind, LLC",Wind farm,46.373013,-100.0511
United States,Q30,http://www.wikidata.org/entity/Q116723630,"Cuming County Renewables, LLC",Wind farm,42.019972,-96.86183
United States,Q30,http://www.wikidata.org/entity/Q116724082,Oso Grande Wind Farm,Wind farm,32.9323,-103.6664
United States,Q30,http://www.wikidata.org/entity/Q116724370,Irish Creek Wind,Wind farm,39.699456,-96.42514
United States,Q30,http://www.wikidata.org/entity/Q116723947,Cranell Wind Farm LLC,Wind farm,28.197778,-97.44495
United States,Q30,http://www.wikidata.org/entity/Q116724840,"Panorama Wind, LLC",Wind farm,40.952057,-103.9076
United States,Q30,http://www.wikidata.org/entity/Q116723713,"Rock County Wind Fuel, LLC",Wind farm,43.641928,-96.26248
United States,Q30,http://www.wikidata.org/entity/Q116723538,Aurora Wind Project,Wind farm,48.5,-103.1
United States,Q30,http://www.wikidata.org/entity/Q116724522,Milligan 1 Wind Farm,Wind farm,40.478624,-97.22057
United States,Q30,http://www.wikidata.org/entity/Q116723593,"Diamond Spring, LLC",Wind farm,34.487369,-96.78046
United States,Q30,http://www.wikidata.org/entity/Q116723533,"Lone Tree Wind, LLC",Wind farm,41.203214,-89.60187
United States,Q30,http://www.wikidata.org/entity/Q116725100,"Ledyard Windpower, LLC",Wind farm,43.430082,-94.10695
United States,Q30,http://www.wikidata.org/entity/Q116724323,Caddo Wind,Wind farm,34.985072,-98.38382
United States,Q30,http://www.wikidata.org/entity/Q116724497,Summit Winds,Wind farm,37.761151,-121.6907
United States,Q30,http://www.wikidata.org/entity/Q116724507,"Little Blue Wind Project, LLC",Wind farm,40.284421,-98.40759
United States,Q30,http://www.wikidata.org/entity/Q116724269,Red Cloud Wind LLC,Wind farm,34.274062,-105.4229
United States,Q30,http://www.wikidata.org/entity/Q116724682,Freeborn Wind Farm,Wind farm,43.513056,-93.18862
United States,Q30,http://www.wikidata.org/entity/Q116724398,"Rockhaven Wind Project, LLC",Wind farm,34.475095,-97.36137
United States,Q30,http://www.wikidata.org/entity/Q116724503,Two Dot Wind Broadview East LLC,Wind farm,46.10265,-108.8066
United States,Q30,http://www.wikidata.org/entity/Q116725245,Oasis Alta,Wind farm,35.059166,-118.2919
United States,Q30,http://www.wikidata.org/entity/Q116725355,Heartland Divide II,Wind farm,41.720323,-94.92842
United States,Q30,http://www.wikidata.org/entity/Q116724704,"Sac County Wind, LLC",Wind farm,42.421154,-94.99508
United States,Q30,http://www.wikidata.org/entity/Q116723863,Crescent Wind Park,Wind farm,41.935,-84.477
United States,Q30,http://www.wikidata.org/entity/Q116725341,"El Algodon Alto Wind Farm, LLC",Wind farm,27.992706,-97.74398
United States,Q30,http://www.wikidata.org/entity/Q116724567,Black Rock Wind,Wind farm,39.366803,-79.10826
United States,Q30,http://www.wikidata.org/entity/Q116725267,Tecolote Wind LLC,Wind farm,34.36,-105.44
United States,Q30,http://www.wikidata.org/entity/Q116724403,CED Manchester Wind,Wind farm,42.456,-91.468
United States,Q30,http://www.wikidata.org/entity/Q116724708,Great Prairie Wind 3,Wind farm,36.467777,-101.5494
United States,Q30,http://www.wikidata.org/entity/Q116724371,"Haystack Wind Project, LLC",Wind farm,42.26303,-97.19566
United States,Q30,http://www.wikidata.org/entity/Q116723690,Lincoln Heights II,Wind farm,44.315537,-96.33168
United States,Q30,http://www.wikidata.org/entity/Q116723801,Ponderosa Wind Energy Center,Wind farm,36.555532,-100.6689
United States,Q30,http://www.wikidata.org/entity/Q116724408,Independence Wind Farm,Wind farm,42.431604,-91.56864
United States,Q30,http://www.wikidata.org/entity/Q116724367,"REG Juhl Glenville Wind, LLC",Wind farm,43.582,-93.305
United States,Q30,http://www.wikidata.org/entity/Q116724484,Soldier Creek Wind,Wind farm,39.6572,-96.0294
United States,Q30,http://www.wikidata.org/entity/Q116724106,Contrail Wind Farm,Wind farm,40.667406,-94.83163
United States,Q30,http://www.wikidata.org/entity/Q116725266,Duran Mesa LLC,Wind farm,34.390679,-105.4921
United States,Q30,http://www.wikidata.org/entity/Q116723886,Golden Hill Wind,Wind farm,45.562715,-120.7085
United States,Q30,http://www.wikidata.org/entity/Q116723909,Las Majadas Wind Farm,Wind farm,26.364843,-97.54534
United States,Q30,http://www.wikidata.org/entity/Q116723828,Diamond Trail Wind Farm,Wind farm,41.6744,-92.1642
United States,Q30,http://www.wikidata.org/entity/Q116724690,"Borderlands Wind, LLC",Wind farm,34.159842,-108.8945
United States,Q30,http://www.wikidata.org/entity/Q116723920,Nobles 2 Wind Project,Wind farm,43.789636,-95.85277
United States,Q30,http://www.wikidata.org/entity/Q116723458,Roundhouse Wind Energy Project,Wind farm,41.095126,-105.1074
United States,Q30,http://www.wikidata.org/entity/Q116724546,Flat Ridge 3,Wind farm,37.446969,-98.40023
United States,Q30,http://www.wikidata.org/entity/Q116723626,"Jordan Creek Wind Farm, LLC",Wind farm,40.381614,-87.39982
United States,Q30,http://www.wikidata.org/entity/Q116724691,TG East,Wind farm,33.746323,-99.66552
United States,Q30,http://www.wikidata.org/entity/Q116724017,King Plains Wind Project,Wind farm,36.400148,-97.47746
United States,Q30,http://www.wikidata.org/entity/Q116724021,Aviator Wind,Wind farm,31.79261,-100.6973
United States,Q30,http://www.wikidata.org/entity/Q116723864,Gratiot Farms Wind Project,Wind farm,43.1695,-84.8653
United States,Q30,http://www.wikidata.org/entity/Q116725256,Clines Corners Wind Farm LLC,Wind farm,34.35655,-105.4368
United States,Q30,http://www.wikidata.org/entity/Q116740362,Meadow Lake Wind Farm IV,Wind farm,40.6778,-87.0328
United States,Q30,http://www.wikidata.org/entity/Q116740316,Penascal Wind Power LLC,Wind farm,27.022112,-97.49848
United States,Q30,http://www.wikidata.org/entity/Q116740298,Blue Canyon Windpower II,Wind farm,34.8661,-98.6056
United States,Q30,http://www.wikidata.org/entity/Q116740292,Sweetwater Wind 1 LLC,Wind farm,32.3606,-100.3389
United States,Q30,http://www.wikidata.org/entity/Q116740369,Meadow Lake Wind Farm V LLC,Wind farm,40.716111,-87.02111
United States,Q30,http://www.wikidata.org/entity/Q116740310,Roscoe Wind Farm LLC,Wind farm,32.4694,-100.6664
United States,Q30,http://www.wikidata.org/entity/Q116740312,Dutch Hill Wind Project,Wind farm,42.5456,-77.4967
United States,Q30,http://www.wikidata.org/entity/Q116740371,Los Vientos Wind 1A,Wind farm,26.33072,-97.5857
United States,Q30,http://www.wikidata.org/entity/Q116740293,Sweetwater Wind 2 LLC,Wind farm,32.3472,-100.3703
United States,Q30,http://www.wikidata.org/entity/Q116740329,Bison I Wind Energy Center,Wind farm,46.98,-101.5547
United States,Q30,http://www.wikidata.org/entity/Q116740374,Bison 2 Wind Energy Center,Wind farm,46.98,-101.5547
United States,Q30,http://www.wikidata.org/entity/Q116740375,Bison 3 Wind Energy Center,Wind farm,46.98,-101.5547
United States,Q30,http://www.wikidata.org/entity/Q116740388,Bison 4 Wind Energy Center,Wind farm,46.98,-101.5547
United States,Q30,http://www.wikidata.org/entity/Q116740300,High Trail Wind Farm LLC,Wind farm,40.4792,-88.7989
United States,Q30,http://www.wikidata.org/entity/Q116740311,Old Trail Wind Farm,Wind farm,40.4792,-88.7989
United States,Q30,http://www.wikidata.org/entity/Q116734156,South Fork Wind Farm,Wind farm,43.587283,-95.37512
United States,Q30,http://www.wikidata.org/entity/Q116740320,Panther Creek Wind Farm II,Wind farm,31.9361,-101.2983
United States,Q30,http://www.wikidata.org/entity/Q116740343,"Cimarron Bend Wind Project I, LLC",Wind farm,37.355,-99.991
United States,Q30,http://www.wikidata.org/entity/Q116740344,"Cimarron Bend Wind Project II, LLC",Wind farm,37.355,-99.991
United States,Q30,http://www.wikidata.org/entity/Q116740319,Panther Creek Wind Farm I,Wind farm,32.100823,-101.4514
United States,Q30,http://www.wikidata.org/entity/Q116740299,Sweetwater Wind 4 LLC,Wind farm,32.3122,-100.5303
United States,Q30,http://www.wikidata.org/entity/Q116740315,Locust Ridge II LLC,Wind farm,40.8411,-76.1547
United States,Q30,http://www.wikidata.org/entity/Q116740290,Blue Canyon Windpower,Wind farm,34.850781,-98.57731
United States,Q30,http://www.wikidata.org/entity/Q116740357,Steel Winds II,Wind farm,42.8072,-78.8617
United States,Q30,http://www.wikidata.org/entity/Q116740309,Champion Wind Farm LLC,Wind farm,32.3983,-100.6481
United States,Q30,http://www.wikidata.org/entity/Q116725432,Western Plains Wind,Wind farm,39.122,-100.733
United States,Q30,http://www.wikidata.org/entity/Q116740317,Flat Ridge Wind Farm,Wind farm,37.369167,-98.46028
United States,Q30,http://www.wikidata.org/entity/Q116740385,Spinning Spur Wind II,Wind farm,35.276944,-102.6828
United States,Q30,http://www.wikidata.org/entity/Q116740402,Cimarron Bend III,Wind farm,37.414,-99.997
United States,Q30,http://www.wikidata.org/entity/Q116740307,Smoky Hills Wind Project Phase I,Wind farm,38.879936,-98.16016
United States,Q30,http://www.wikidata.org/entity/Q116740305,Post Oak Wind LLC,Wind farm,32.5144,-99.6564
United States,Q30,http://www.wikidata.org/entity/Q116740328,Smoky Hills Wind Project Phase II,Wind farm,38.892653,-98.16888
United States,Q30,http://www.wikidata.org/entity/Q116740322,FPL Energy Crystal Lake Wind II LLC,Wind farm,43.273731,-93.8
United States,Q30,http://www.wikidata.org/entity/Q116734155,Rolling Hills Wind Farm,Wind farm,41.1973,-94.7744
United States,Q30,http://www.wikidata.org/entity/Q116740304,Locust Ridge,Wind farm,40.855,-76.1292
United States,Q30,http://www.wikidata.org/entity/Q116740283,FPL Energy Vansycle LLC (WA),Wind farm,46.06,-118.917
United States,Q30,http://www.wikidata.org/entity/Q116740321,FPL Energy Crystal Lake Wind LLC,Wind farm,43.2125,-93.8311
United States,Q30,http://www.wikidata.org/entity/Q116740330,NaturEner Glacier Wind Energy 1,Wind farm,48.51,-112.1097
United States,Q30,http://www.wikidata.org/entity/Q116740366,North Hurlburt Wind LLC,Wind farm,45.731611,-120.0835
United States,Q30,http://www.wikidata.org/entity/Q116740365,Crystal Lake 3 LLC,Wind farm,43.3192,-93.8836
United States,Q30,http://www.wikidata.org/entity/Q116740377,Spinning Spur Wind LLC,Wind farm,35.2375,-102.2031
United States,Q30,http://www.wikidata.org/entity/Q116740359,Meadow Lake Wind Farm LLC,Wind farm,40.6275,-86.935
United States,Q30,http://www.wikidata.org/entity/Q116740347,Meadow Lake Wind Farm VI LLC,Wind farm,40.692552,-87.12701
United States,Q30,http://www.wikidata.org/entity/Q116740285,Klondike Wind Power,Wind farm,45.5563,-120.5507
United States,Q30,http://www.wikidata.org/entity/Q116740376,Baffin Wind,Wind farm,27.184652,-97.59818
United States,Q30,http://www.wikidata.org/entity/Q116740323,Panther Creek Wind Farm Three,Wind farm,31.9925,-101.1167
United States,Q30,http://www.wikidata.org/entity/Q116740308,Steel Winds Wind Farm,Wind farm,42.8167,-78.8675
United States,Q30,http://www.wikidata.org/entity/Q116740368,Horseshoe Bend Wind LLC,Wind farm,45.58555,-120.0082
United States,Q30,http://www.wikidata.org/entity/Q116740295,Sweetwater Wind 3 LLC,Wind farm,32.290833,-100.4219
United States,Q30,http://www.wikidata.org/entity/Q116740314,Buffalo Gap 3 Wind Farm,Wind farm,32.2878,-100.1
United States,Q30,http://www.wikidata.org/entity/Q116740303,Mesquite Wind Power LLC,Wind farm,32.6256,-99.4928
United States,Q30,http://www.wikidata.org/entity/Q116740372,Los Vientos Wind 1B,Wind farm,26.34892,-97.6668
United States,Q30,http://www.wikidata.org/entity/Q116740331,NaturEner Glacier Wind Energy 2,Wind farm,48.5333,-112.1847
United States,Q30,http://www.wikidata.org/entity/Q116740380,Limon Wind II,Wind farm,39.341389,-103.5811
United States,Q30,http://www.wikidata.org/entity/Q116740360,Meadow Lake Wind Farm II LLC,Wind farm,40.6431,-87.0242
United States,Q30,http://www.wikidata.org/entity/Q116740386,Spinning Spur Wind III,Wind farm,35.295,-102.7211
United States,Q30,http://www.wikidata.org/entity/Q116740361,Meadow Lake Wind Farm III LLC,Wind farm,40.5986,-87.0194
United States,Q30,http://www.wikidata.org/entity/Q116740389,Limon III Wind LLC,Wind farm,39.353333,-103.4742
United States,Q30,http://www.wikidata.org/entity/Q116740313,Cohocton Wind Project,Wind farm,42.45,-77.52
United States,Q30,http://www.wikidata.org/entity/Q124536923,Kingman Wind,Wind farm,35.146,-114.0682
United States,Q30,http://www.wikidata.org/entity/Q116740306,Buffalo Gap 2 Wind Farm,Wind farm,32.318221,-100.177
United States,Q30,http://www.wikidata.org/entity/Q116734290,Cedar Springs II,Wind farm,42.969007,-105.3656
United States,Q30,http://www.wikidata.org/entity/Q116740373,Flat Ridge 2 Wind Energy LLC,Wind farm,37.366509,-98.26108
United States,Q30,http://www.wikidata.org/entity/Q116734288,Astra Wind Farm,Wind farm,34.769544,-102.0524
United States,Q30,http://www.wikidata.org/entity/Q116740302,Sweetwater Wind 5,Wind farm,32.236944,-100.4833
United States,Q30,http://www.wikidata.org/entity/Q116740301,Klondike Windpower II,Wind farm,45.571,-120.593
United States,Q30,http://www.wikidata.org/entity/Q116734150,Wind Turbine,Wind farm,44.6694,-87.6333
United States,Q30,http://www.wikidata.org/entity/Q124471494,Red Horse Wind,Wind farm,32.2869,-110.0886
United States,Q30,http://www.wikidata.org/entity/Q116740294,Buffalo Gap Wind Farm,Wind farm,32.311556,-100.0616
United States,Q30,http://www.wikidata.org/entity/Q116740390,Los Vientos Windpower III,Wind farm,26.388611,-98.80611
United States,Q30,http://www.wikidata.org/entity/Q116740363,Papalote Creek II LLC,Wind farm,27.9958,-97.2967
United States,Q30,http://www.wikidata.org/entity/Q123158503,La Joya Wind Farm,Wind farm,34.81,-105.74
United States,Q30,http://www.wikidata.org/entity/Q116740340,Los Vientos V Wind Power,Wind farm,26.411689,-98.57155
United States,Q30,http://www.wikidata.org/entity/Q116740318,Flat Ridge Wind Energy LLC,Wind farm,37.3764,-98.4583
United States,Q30,http://www.wikidata.org/entity/Q116740367,South Hurlburt Wind LLC,Wind farm,45.706262,-120.08
United States,Q30,http://www.wikidata.org/entity/Q116740379,Limon Wind I,Wind farm,39.380975,-103.5732
United States,Q30,http://www.wikidata.org/entity/Q116740358,Penascal II Wind Project LLC,Wind farm,27.122529,-97.55737
United States,Q30,http://www.wikidata.org/entity/Q116740326,Papalote Creek I LLC,Wind farm,27.9386,-97.4586
United States,Q30,http://www.wikidata.org/entity/Q116740288,FPL Energy Vansycle LLC (OR),Wind farm,46.01279,-118.8162
United States,Q30,http://www.wikidata.org/entity/Q116740391,Los Vientos Windpower IV,Wind farm,26.380556,-98.81833
United States,Q30,http://www.wikidata.org/entity/Q7603945,Stateline Wind Farm,Wind farm,46.0372,-118.807
United States,Q30,http://www.wikidata.org/entity/Q19867544,Block Island Wind Farm,Wind farm,41.114722222,-71.521111111
United States,Q30,http://www.wikidata.org/entity/Q7132463,Papalote Creek Wind Farm,Wind farm,27.98,-97.3911
United States,Q30,http://www.wikidata.org/entity/Q4102067,Alta Wind Energy Center,Wind farm,35.0211,-118.321
United States,Q30,http://www.wikidata.org/entity/Q1420189,Fowler Ridge Wind Farm,Wind farm,40.604591071,-87.304401361
United States,Q30,http://www.wikidata.org/entity/Q5253326,Delaware Offshore Wind Farm,Wind farm,38.7,-74.78333333
United States,Q30,http://www.wikidata.org/entity/Q116720295,Coastal Virginia Offshore Wind (CVOW) pilot project,Wind farm,36.89155,-75.4916
United States,Q30,http://www.wikidata.org/entity/Q8000678,Wild Horse Wind and Solar Facility,Wind farm,47.0185,-120.216
United States,Q30,http://www.wikidata.org/entity/Q3068973,Dutch Hill/Cohocton Wind Farm,Wind farm,42.54,-77.5
United States,Q30,http://www.wikidata.org/entity/Q27883256,Q27883256,Wind farm,,
United States,Q30,http://www.wikidata.org/entity/Q65063725,Cimarron Bend Wind Farm,Wind farm,37.355,-99.991111
United States,Q30,http://www.wikidata.org/entity/Q3641153,Blue Canyon Wind Farm,Wind farm,34.8603,-98.5825
United States,Q30,http://www.wikidata.org/entity/Q3068987,Sweetwater Wind Farm,Wind farm,32.3388,-100.445
United States,Q30,http://www.wikidata.org/entity/Q15242613,Locust Ridge Wind Farm,Wind farm,40.71,-76.21997222
United States,Q30,http://www.wikidata.org/entity/Q2937258,Cape Wind,Wind farm,41.542,-70.321
United States,Q30,http://www.wikidata.org/entity/Q3068979,Panther Creek Wind Farm,Wind farm,31.9833,-101.117
United States,Q30,http://www.wikidata.org/entity/Q5579566,Golden Hills Wind Project,Wind farm,45.5892,-120.737
United States,Q30,http://www.wikidata.org/entity/Q7620376,Story County Wind Farm,Wind farm,42.0606,-93.2706
United States,Q30,http://www.wikidata.org/entity/Q7635003,Sugarloaf Community Wind Farm,Wind farm,,
United States,Q30,http://www.wikidata.org/entity/Q3068982,San Gorgonio Pass Wind Farm,Wind farm,33.9,-116.583
United States,Q30,http://www.wikidata.org/entity/Q106809546,Vineyard Wind 1,Wind farm,41.03325,-70.61667
United States,Q30,http://www.wikidata.org/entity/Q105883616,Empire Wind,Wind farm,40.329226,-73.507861
United States,Q30,http://www.wikidata.org/entity/Q85790197,Ocean Wind,Wind farm,39.038,-74.352
United States,Q30,http://www.wikidata.org/entity/Q5191265,Crystal Lake Wind Farm,Wind farm,43.2292,-93.8411
United States,Q30,http://www.wikidata.org/entity/Q4985825,Buffalo Ridge Wind Farm,Wind farm,44.283333333,-96.333333333
United States,Q30,http://www.wikidata.org/entity/Q15222103,Green Mountain Wind Energy Center,Wind farm,39.84948056,-79.06836389
United States,Q30,http://www.wikidata.org/entity/Q104871602,Los Vientos Wind Farm,Wind farm,26.3548,-97.6757
United States,Q30,http://www.wikidata.org/entity/Q121854838,Lava Ridge Wind Project,Wind farm,42.829,-114.321
United States,Q30,http://www.wikidata.org/entity/Q2006528,Horse Hollow Wind Energy Center,Wind farm,32.19,-100.03
United States,Q30,http://www.wikidata.org/entity/Q106809627,Mayflower Wind,Wind farm,40.797153,-70.616667
United States,Q30,http://www.wikidata.org/entity/Q6671469,Lone Star Wind Farm,Wind farm,32.2728,-99.4561
United States,Q30,http://www.wikidata.org/entity/Q7496747,Shiloh Wind Power Plant,Wind farm,38.1167,-121.842
United States,Q30,http://www.wikidata.org/entity/Q3068970,Buffalo Gap Wind Farm,Wind farm,32.3106,-100.149
United States,Q30,http://www.wikidata.org/entity/Q63434854,Glacier Wind Farm,Wind farm,48.507778,-112.090833
United States,Q30,http://www.wikidata.org/entity/Q85801460,Skipjack Wind Farm,Wind farm,38.565,-74.779
United States,Q30,http://www.wikidata.org/entity/Q5674755,Hartland Wind Farm,Wind farm,48.5512,-101.772
United States,Q30,http://www.wikidata.org/entity/Q7858174,Twin Groves Wind Farm,Wind farm,40.4817,-88.7072
United States,Q30,http://www.wikidata.org/entity/Q7809783,Titan Wind Project,Wind farm,44.5161,-99.2017
United States,Q30,http://www.wikidata.org/entity/Q367355,Brazos Wind Farm,Wind farm,32.9499,-101.147
United States,Q30,http://www.wikidata.org/entity/Q8024855,Windy Point/Windy Flats,Wind farm,45.7419,-120.726
United States,Q30,http://www.wikidata.org/entity/Q6851778,Milford Wind,Wind farm,38.5622,-112.938
United States,Q30,http://www.wikidata.org/entity/Q6421282,Klondike Wind Farm,Wind farm,45.58,-120.61
United States,Q30,http://www.wikidata.org/entity/Q20714834,Chokecherry and Sierra Madre Wind Energy Project,Wind farm,41.7,-107.2
United States,Q30,http://www.wikidata.org/entity/Q3068980,Peetz Table Wind Energy Center,Wind farm,40.9508,-103.155
United States,Q30,http://www.wikidata.org/entity/Q2508564,Roscoe Wind Farm,Wind farm,32.2644,-100.344
United States,Q30,http://www.wikidata.org/entity/Q6803261,Meadow Lake Wind Farm,Wind farm,40.626388888,-86.956944444
United States,Q30,http://www.wikidata.org/entity/Q60749473,Corona Wind Projects,Wind farm,34.250556,-105.595556
United States,Q30,http://www.wikidata.org/entity/Q3068985,Peñascal Wind Power Project,Wind farm,27.0,-97.6
United States,Q30,http://www.wikidata.org/entity/Q112690493,Bowling Green Wind Farm,Wind farm,,
United States,Q30,http://www.wikidata.org/entity/Q3068976,Capricorn Ridge Wind Farm,Wind farm,31.903,-100.901
United States,Q30,http://www.wikidata.org/entity/Q7546149,Smoky Hills Wind Farm,Wind farm,38.9722,-98.1502
United States,Q30,http://www.wikidata.org/entity/Q14709037,Leaning Juniper Wind Project,Wind farm,45.609,-120.119
United States,Q30,http://www.wikidata.org/entity/Q134879449,Q134879449,Wind farm,,
United States,Q30,http://www.wikidata.org/entity/Q5056650,Cedar Creek Wind Farm,Wind farm,40.8711,-104.093
United States,Q30,http://www.wikidata.org/entity/Q96406076,South Fork Wind Farm,Wind farm,41.092,-71.311161
Australia,Q408,http://www.wikidata.org/entity/Q125446829,DCWL DENMARK WF1,Wind farm,-35.033432243,117.330252054
Australia,Q408,http://www.wikidata.org/entity/Q134211071,Bullawah Wind Farm,Wind farm,-34.844710185,145.177861572
Australia,Q408,http://www.wikidata.org/entity/Q131057326,Collector Wind Farm,Wind farm,-34.840682,149.393424
Australia,Q408,http://www.wikidata.org/entity/Q130389041,Narrogin wind farm,Wind farm,-32.976,117.006
Australia,Q408,http://www.wikidata.org/entity/Q134951833,Parron Wind Farm,Wind farm,-30.5106,115.3705
Australia,Q408,http://www.wikidata.org/entity/Q55392046,Kiata Wind Farm,Wind farm,-36.400277777,141.754166666
Australia,Q408,http://www.wikidata.org/entity/Q67446408,Sapphire Wind Farm,Wind farm,-29.7,151.41
Australia,Q408,http://www.wikidata.org/entity/Q125421457,Warradarge Wind Farm,Wind farm,-29.932554991,115.533972004
Australia,Q408,http://www.wikidata.org/entity/Q134256358,Spicers Creek Wind Farm,Wind farm,,
Australia,Q408,http://www.wikidata.org/entity/Q130476512,Waddi Wind Farm,Wind farm,-30.5778,115.5156
Australia,Q408,http://www.wikidata.org/entity/Q134305954,Liverpool Range Wind Farm,Wind farm,,
Australia,Q408,http://www.wikidata.org/entity/Q134306004,Hills of Gold Wind Farm,Wind farm,,
Australia,Q408,http://www.wikidata.org/entity/Q130719949,Boulder Creek Wind Project,Wind farm,-23.66,150.285
Australia,Q408,http://www.wikidata.org/entity/Q125498522,BREMER BAY WF1,Wind farm,-34.39882481,119.391559868
Australia,Q408,http://www.wikidata.org/entity/Q128880934,Berrybank wind farm,Wind farm,-37.967607,143.4116193
Australia,Q408,http://www.wikidata.org/entity/Q130720051,Bellwether Wind Farm,Wind farm,-33.3333,116.5
Australia,Q408,http://www.wikidata.org/entity/Q125421395,Yandin Wind Farm,Wind farm,-30.768101119,115.643003083
Australia,Q408,http://www.wikidata.org/entity/Q109255372,Western Green Energy Hub,Wind farm,-31.608055555,128.801944444
Australia,Q408,http://www.wikidata.org/entity/Q126900452,Ambrosia Wind Farm,Wind farm,-33.78644,116.42021
Australia,Q408,http://www.wikidata.org/entity/Q130397901,Barwon Wind Farm,Wind farm,,
Australia,Q408,http://www.wikidata.org/entity/Q130527371,Golden Plains Wind Farm,Wind farm,-37.972868,143.7830196
Australia,Q408,http://www.wikidata.org/entity/Q125447081,Emu Downs Wind Farm,Wind farm,-30.475512775,115.381219539
Australia,Q408,http://www.wikidata.org/entity/Q134196332,Yanco Delta,Wind farm,,
Australia,Q408,http://www.wikidata.org/entity/Q134210744,Pottinger Energy Park,Wind farm,,
Australia,Q408,http://www.wikidata.org/entity/Q125498471,Karakin Wind Farm,Wind farm,-30.956151344,115.456413815
Australia,Q408,http://www.wikidata.org/entity/Q125498336,ALBANY_WF1,Wind farm,-35.065689943,117.799640639
Australia,Q408,http://www.wikidata.org/entity/Q134210188,Dinawan Energy Hub,Wind farm,-35.057388888,145.788805555
Australia,Q408,http://www.wikidata.org/entity/Q127375703,King Rocks Wind Farm,Wind farm,-32.237456097,119.163153615
Australia,Q408,http://www.wikidata.org/entity/Q125420366,Alinta Wind Farm,Wind farm,-28.902341995,114.892791598
Australia,Q408,http://www.wikidata.org/entity/Q97354001,Yandin Wind Farm,Wind farm,-30.767889,115.642778
Australia,Q408,http://www.wikidata.org/entity/Q56276143,Coonooer Bridge Wind Farm,Wind farm,-36.4362,143.3616
Australia,Q408,http://www.wikidata.org/entity/Q125498440,BLAIRFOX_BEROSRD_WF1,Wind farm,-29.895159783,115.544304435
Australia,Q408,http://www.wikidata.org/entity/Q125498502,West Hills Wind Farm,Wind farm,-30.841089596,115.385027036
Australia,Q408,http://www.wikidata.org/entity/Q129284749,Lotus Creek Wind Farm,Wind farm,-22.365,149.2718
Australia,Q408,http://www.wikidata.org/entity/Q125495174,Mumbida Wind Farm,Wind farm,-28.960609657,114.992755495
Australia,Q408,http://www.wikidata.org/entity/Q66310560,Bluff Range wind farm,Wind farm,,
Australia,Q408,http://www.wikidata.org/entity/Q66310580,Brown Hill wind farm,Wind farm,,
Australia,Q408,http://www.wikidata.org/entity/Q66310576,Hallett Hill wind farm,Wind farm,,
Australia,Q408,http://www.wikidata.org/entity/Q66310569,North Brown Hill wind farm,Wind farm,,
Australia,Q408,http://www.wikidata.org/entity/Q125447171,FLATROCKS WF1,Wind farm,-33.992509456,117.354291396
Australia,Q408,http://www.wikidata.org/entity/Q28183809,Taralga Wind Farm,Wind farm,-34.4271,149.8576
Australia,Q408,http://www.wikidata.org/entity/Q125476724,SKYFRM_MTBARKER_WF1,Wind farm,-34.60099508,117.646195056
Australia,Q408,http://www.wikidata.org/entity/Q125688650,Grasmere Wind Farm 1,Wind farm,-35.0658,117.7975
Australia,Q408,http://www.wikidata.org/entity/Q104867464,Cherry Tree Wind Farm,Wind farm,-37.1,145.26
Australia,Q408,http://www.wikidata.org/entity/Q38250951,Hornsdale Wind Farm,Wind farm,-33.058,138.544
Australia,Q408,http://www.wikidata.org/entity/Q104637674,Badgingarra wind farm,Wind farm,-30.41,115.32
Australia,Q408,http://www.wikidata.org/entity/Q133295781,Kondinin Wind & Solar Project,Wind farm,-32.3798,118.2585
Australia,Q408,http://www.wikidata.org/entity/Q133465214,Q133465214,Wind farm,,
Australia,Q408,http://www.wikidata.org/entity/Q125446743,INVESTEC COLLGAR WF1,Wind farm,-31.385015872,118.430992953
Australia,Q408,http://www.wikidata.org/entity/Q55604135,Ararat Wind Farm,Wind farm,-37.24,142.98
Australia,Q408,http://www.wikidata.org/entity/Q3509881,Huxley Hill Wind Farm,Wind farm,-39.9413,143.874
Australia,Q408,http://www.wikidata.org/entity/Q67509188,White Rock Wind Farm,Wind farm,-29.79,151.54
Australia,Q408,http://www.wikidata.org/entity/Q56278495,Murra Warra Wind Farm,Wind farm,-36.431,142.321
Australia,Q408,http://www.wikidata.org/entity/Q107997419,Bango Wind Farm,Wind farm,-34.56,148.79
Australia,Q408,http://www.wikidata.org/entity/Q7824199,Toora Wind Farm,Wind farm,-38.6446,146.347
Australia,Q408,http://www.wikidata.org/entity/Q8032105,Wonthaggi Wind Farm,Wind farm,-38.6031,145.541
Australia,Q408,http://www.wikidata.org/entity/Q74520480,Bulgana Green Power Hub,Wind farm,-37.097439,142.973608
Australia,Q408,http://www.wikidata.org/entity/Q5140367,Codrington Wind Farm,Wind farm,-38.28,141.96
Australia,Q408,http://www.wikidata.org/entity/Q5646330,Hampton Wind Park,Wind farm,-33.6497,150.05
Australia,Q408,http://www.wikidata.org/entity/Q69215337,Dundonnell Wind Farm,Wind farm,-37.87,142.97
Australia,Q408,http://www.wikidata.org/entity/Q5035686,Capital Wind Farm,Wind farm,-35.1458,149.567
Australia,Q408,http://www.wikidata.org/entity/Q5131513,Clements Gap Wind Farm,Wind farm,-33.4809,138.0987
Australia,Q408,http://www.wikidata.org/entity/Q108936091,Crudine Ridge Wind Farm,Wind farm,-32.966,149.636
Australia,Q408,http://www.wikidata.org/entity/Q8024845,Windy Hill Wind Farm,Wind farm,-17.5922,145.531
Australia,Q408,http://www.wikidata.org/entity/Q7516853,Silverton Wind Farm,Wind farm,-31.7627,141.307
Australia,Q408,http://www.wikidata.org/entity/Q6922156,Mount Mercer Wind Farm,Wind farm,-37.8411,143.871
Australia,Q408,http://www.wikidata.org/entity/Q5068983,Challicum Hills Wind Farm,Wind farm,-37.38,143.11
Australia,Q408,http://www.wikidata.org/entity/Q4925581,Blayney Wind Farm,Wind farm,-33.6219,149.198
Australia,Q408,http://www.wikidata.org/entity/Q4785963,Archer Point Wind Farm,Wind farm,-15.58,145.31
Australia,Q408,http://www.wikidata.org/entity/Q4709403,Albany Wind Farm,Wind farm,-35.0581,117.783
Australia,Q408,http://www.wikidata.org/entity/Q5642928,Hallett Wind Farm,Wind farm,-33.3678,138.729
Australia,Q408,http://www.wikidata.org/entity/Q7232076,Portland Wind Farm,Wind farm,-38.3524,141.587
Australia,Q408,http://www.wikidata.org/entity/Q6948076,Myponga Wind Farm,Wind farm,-35.4,138.455
Australia,Q408,http://www.wikidata.org/entity/Q69740192,Moorabool Wind Farm,Wind farm,-37.7,144.2
Australia,Q408,http://www.wikidata.org/entity/Q48811763,Lincoln Gap Wind Farm,Wind farm,-32.619,137.58
Australia,Q408,http://www.wikidata.org/entity/Q7962166,Walkaway Wind Farm,Wind farm,-28.8981,114.869
Australia,Q408,http://www.wikidata.org/entity/Q5147127,Collgar Wind Farm,Wind farm,-31.543055555,118.454583333
Australia,Q408,http://www.wikidata.org/entity/Q65041560,Granville Harbour Wind Farm,Wind farm,-41.802,145.056
Australia,Q408,http://www.wikidata.org/entity/Q6475039,Lake Bonney Wind Farm,Wind farm,-37.76,140.4
Australia,Q408,http://www.wikidata.org/entity/Q17014513,Mount Millar Wind Farm,Wind farm,-33.624526,136.70369
Australia,Q408,http://www.wikidata.org/entity/Q134267834,Beekeepers Wind Farm,Wind farm,,
Australia,Q408,http://www.wikidata.org/entity/Q78439596,Warradarge Wind Farm,Wind farm,-29.98,115.49
Australia,Q408,http://www.wikidata.org/entity/Q7974307,Waterloo Wind Farm,Wind farm,-33.98333333,138.9
Australia,Q408,http://www.wikidata.org/entity/Q68781022,Boco Rock Wind Farm,Wind farm,-36.58,149.08
Australia,Q408,http://www.wikidata.org/entity/Q7699237,Ten Mile Lagoon Wind Farm,Wind farm,-33.8772,121.762
Australia,Q408,http://www.wikidata.org/entity/Q28428137,Kennedy Energy Park,Wind farm,-21.0,145.0
Australia,Q408,http://www.wikidata.org/entity/Q65075725,Cattle Hill Wind Farm,Wind farm,-42.151,146.688
Australia,Q408,http://www.wikidata.org/entity/Q5167946,Coopers Gap Wind Farm,Wind farm,-26.745,151.485
Australia,Q408,http://www.wikidata.org/entity/Q82235743,Port Augusta Renewable Energy Park,Wind farm,-32.567,137.856
Australia,Q408,http://www.wikidata.org/entity/Q67899687,Lal Lal Wind Farm,Wind farm,-37.75,144.0
Australia,Q408,http://www.wikidata.org/entity/Q5034104,Canunda Wind Farm,Wind farm,-37.734,140.395
Australia,Q408,http://www.wikidata.org/entity/Q4850323,Bald Hills Wind Farm,Wind farm,-38.789,145.926
Australia,Q408,http://www.wikidata.org/entity/Q14935044,Woodlawn Wind Farm,Wind farm,-35.084,149.62
Australia,Q408,http://www.wikidata.org/entity/Q5193014,Cullerin Range Wind Farm,Wind farm,-34.814,149.396
Australia,Q408,http://www.wikidata.org/entity/Q6943113,Musselroe Wind Farm,Wind farm,-40.7667,148.0
Australia,Q408,http://www.wikidata.org/entity/Q7548732,Snowtown Wind Farm,Wind farm,-33.83,138.118611111
Australia,Q408,http://www.wikidata.org/entity/Q7975111,Waubra Wind Farm,Wind farm,-37.3256,143.609
Australia,Q408,http://www.wikidata.org/entity/Q5731833,Hepburn Wind Project,Wind farm,-37.4221,144.119
Australia,Q408,http://www.wikidata.org/entity/Q68532324,Bodangora Wind Farm,Wind farm,-32.395611111,149.066666666
Australia,Q408,http://www.wikidata.org/entity/Q5374851,Emu Downs Wind Farm,Wind farm,-30.5,115.33333333
Australia,Q408,http://www.wikidata.org/entity/Q7974989,Wattle Point Wind Farm,Wind farm,-35.1225,137.715
Australia,Q408,http://www.wikidata.org/entity/Q5052277,Cathedral Rocks Wind Farm,Wind farm,-34.85,135.583
Australia,Q408,http://www.wikidata.org/entity/Q67511053,Glen Innes Wind Farm,Wind farm,-29.73,151.6
Australia,Q408,http://www.wikidata.org/entity/Q110974283,Goyder South Wind Farm,Wind farm,-33.75,138.92
Australia,Q408,http://www.wikidata.org/entity/Q7601839,Starfish Hill Wind Farm,Wind farm,-35.5843,138.14
Australia,Q408,http://www.wikidata.org/entity/Q14935511,Mount Emerald Wind Farm,Wind farm,-17.18333333,145.36666667
Australia,Q408,http://www.wikidata.org/entity/Q5619261,Gunning Wind Farm,Wind farm,-34.8132,149.4
Australia,Q408,http://www.wikidata.org/entity/Q6722670,Macarthur Wind Farm,Wind farm,-38.03,142.2
Australia,Q408,http://www.wikidata.org/entity/Q8033896,Woolnorth Wind Farm,Wind farm,-40.685,144.717
Australia,Q408,http://www.wikidata.org/entity/Q109847288,Mount Gellibrand Wind Farm,Wind farm,-38.23,143.76
Australia,Q408,http://www.wikidata.org/entity/Q7038372,Nine Mile Beach Wind Farm,Wind farm,-33.895,121.78083333
Australia,Q408,http://www.wikidata.org/entity/Q16900724,Stockyard Hill Wind Farm,Wind farm,-37.5358,143.251
Australia,Q408,http://www.wikidata.org/entity/Q5187920,Crookwell Wind Farm,Wind farm,-34.5165,149.542
Australia,Q408,http://www.wikidata.org/entity/Q120808775,Dulacca Wind Farm,Wind farm,-26.8,150.27
Australia,Q408,http://www.wikidata.org/entity/Q48811781,Willogoleche Wind Farm,Wind farm,-33.393,138.848
Australia,Q408,http://www.wikidata.org/entity/Q68050784,Gullen Range Wind Farm,Wind farm,-34.566666666,149.45
Netherlands,Q55,http://www.wikidata.org/entity/Q123420522,Zierikzee wind farm,Wind farm,51.630556,3.944722
Netherlands,Q55,http://www.wikidata.org/entity/Q124719053,Lagelander Wind Farm,Wind farm,53.3,4.0
Netherlands,Q55,http://www.wikidata.org/entity/Q23814887,Windpark Kloosterlanden,Wind farm,52.233333333,6.183333333
Netherlands,Q55,http://www.wikidata.org/entity/Q116949791,Vires Venti Wind Farm,Wind farm,52.4316,5.6135
Netherlands,Q55,http://www.wikidata.org/entity/Q2188208,Egmond aan Zee Offshore Wind Farm,Wind farm,52.6,4.416666666
Netherlands,Q55,http://www.wikidata.org/entity/Q124719052,IJmuiden Ver Wind Farm,Wind farm,52.8,3.5
Netherlands,Q55,http://www.wikidata.org/entity/Q112071823,Windpark De Spinder,Wind farm,51.6031,5.0638
Netherlands,Q55,http://www.wikidata.org/entity/Q116949781,Flevo Ventum Wind Farm,Wind farm,52.4737,5.7284
Netherlands,Q55,http://www.wikidata.org/entity/Q116949786,Kubbeweg 2 Wind Farm,Wind farm,52.4548,5.6454
Netherlands,Q55,http://www.wikidata.org/entity/Q126750910,Noordzeker Wind Farm,Wind farm,,
Netherlands,Q55,http://www.wikidata.org/entity/Q126750913,Zeevonk II Wind Farm,Wind farm,,
Netherlands,Q55,http://www.wikidata.org/entity/Q112112946,Windpark Hoevensche Beemden,Wind farm,51.6091,4.5916
Netherlands,Q55,http://www.wikidata.org/entity/Q116949793,Zeebiestocht Wind Farm,Wind farm,52.4777,5.6358
Netherlands,Q55,http://www.wikidata.org/entity/Q23814885,Delfzijl Noord wind farm,Wind farm,53.316666666,6.983333333
Netherlands,Q55,http://www.wikidata.org/entity/Q123351837,Windparken Oosterscheldekering,Wind farm,51.6316,3.701
Netherlands,Q55,http://www.wikidata.org/entity/Q109516446,Borssele 1 and 2 Offshore Wind Farm,Wind farm,51.6964,3.0789
Netherlands,Q55,http://www.wikidata.org/entity/Q65938799,Hollandse Kust Zuid Wind Farm,Wind farm,52.366667,4.116667
Netherlands,Q55,http://www.wikidata.org/entity/Q112113045,Windplanblauw,Wind farm,52.5717,5.6944
Netherlands,Q55,http://www.wikidata.org/entity/Q129170264,Oranjewind,Wind farm,52.6373,3.7017
Netherlands,Q55,http://www.wikidata.org/entity/Q116949792,XY Wind Wind Farm,Wind farm,52.4286,5.6684
Netherlands,Q55,http://www.wikidata.org/entity/Q107589745,Windpark Heibloem,Wind farm,51.3105,5.9139
Netherlands,Q55,http://www.wikidata.org/entity/Q112071682,Windpark De Kookepan,Wind farm,51.282694444,5.987694444
Netherlands,Q55,http://www.wikidata.org/entity/Q114092255,Hollandse Kust West Wind Farm,Wind farm,52.680555555,3.772222222
Netherlands,Q55,http://www.wikidata.org/entity/Q112112949,Windpark Klaverspoor,Wind farm,51.701,4.6591
Netherlands,Q55,http://www.wikidata.org/entity/Q1810060,Windpark A7,Wind farm,53.093333333,5.434722222
Netherlands,Q55,http://www.wikidata.org/entity/Q19868631,Burgervlotbrug wind farm,Wind farm,52.75810693,4.685979981
Netherlands,Q55,http://www.wikidata.org/entity/Q109405218,Windpark Distripark Doelwijk,Wind farm,52.01941,4.63261
Netherlands,Q55,http://www.wikidata.org/entity/Q124327587,Windpark Zuidwal,Wind farm,51.9801,4.0572
Netherlands,Q55,http://www.wikidata.org/entity/Q123417890,Oostzeedijk wind farm,Wind farm,51.5902,3.8727
Netherlands,Q55,http://www.wikidata.org/entity/Q109405071,Windpark Landtong Rozenburg,Wind farm,51.9456,4.1735
Netherlands,Q55,http://www.wikidata.org/entity/Q116949782,Hanze Wind Farm,Wind farm,52.5452,5.7841
Netherlands,Q55,http://www.wikidata.org/entity/Q119205568,Greenport Venlo Wind Farm,Wind farm,51.3988,6.1025
Netherlands,Q55,http://www.wikidata.org/entity/Q107589207,Q107589207,Wind farm,52.295,5.422
Netherlands,Q55,http://www.wikidata.org/entity/Q14520092,Spoorwind wind farm,Wind farm,,
Netherlands,Q55,http://www.wikidata.org/entity/Q112112947,Windpark Zonzeel,Wind farm,51.6427,4.6943
Netherlands,Q55,http://www.wikidata.org/entity/Q107589327,Q107589327,Wind farm,51.9234,5.5415
Netherlands,Q55,http://www.wikidata.org/entity/Q112112941,Windpark Etten-Leur,Wind farm,51.6189,4.6278
Netherlands,Q55,http://www.wikidata.org/entity/Q112113042,Prinses Alexia Windpark,Wind farm,52.2949,5.4106
Netherlands,Q55,http://www.wikidata.org/entity/Q124719057,Doordewind Wind Farm,Wind farm,54.2,5.8
Netherlands,Q55,http://www.wikidata.org/entity/Q2617494,Princess Amalia Wind Farm,Wind farm,52.58944,4.20628
Netherlands,Q55,http://www.wikidata.org/entity/Q2843728,Luchterduinen Offshore Wind Farm,Wind farm,52.416666666,4.166666666
Netherlands,Q55,http://www.wikidata.org/entity/Q65950128,Windpark Neer,Wind farm,51.302778,5.941667
Netherlands,Q55,http://www.wikidata.org/entity/Q107589803,Windpark Krabbersgat,Wind farm,52.6873,5.281
Netherlands,Q55,http://www.wikidata.org/entity/Q124719056,Ten noorden van de Waddeneilanden Wind Farm,Wind farm,54.0,5.8
Netherlands,Q55,http://www.wikidata.org/entity/Q18435431,Slufterdam wind farm,Wind farm,51.9262,4.00443
Netherlands,Q55,http://www.wikidata.org/entity/Q25252806,Windpark Houten,Wind farm,52.018972,5.142047
Netherlands,Q55,http://www.wikidata.org/entity/Q13575280,Ecopark Waalwijk,Wind farm,51.70778,5.07592
Netherlands,Q55,http://www.wikidata.org/entity/Q112071685,Windpark Weert,Wind farm,51.2489,5.7776
Netherlands,Q55,http://www.wikidata.org/entity/Q112112940,Windpark Zwartenbergseweg,Wind farm,51.6221,4.6555
Netherlands,Q55,http://www.wikidata.org/entity/Q21002464,Westermeerwind wind farm,Wind farm,52.716666666,5.566666666
Netherlands,Q55,http://www.wikidata.org/entity/Q132175442,Karolinadijk wind farm,Wind farm,51.64914,4.35677
Netherlands,Q55,http://www.wikidata.org/entity/Q107498863,Windpark Sint Antoinedijk,Wind farm,51.6135,4.4729
Netherlands,Q55,http://www.wikidata.org/entity/Q23814888,Q23814888,Wind farm,51.666666666,4.383333333
Netherlands,Q55,http://www.wikidata.org/entity/Q123457266,De Griete wind farm,Wind farm,51.35598,3.90648
Netherlands,Q55,http://www.wikidata.org/entity/Q115117092,Windpark den Tol,Wind farm,51.8606,6.3331
Netherlands,Q55,http://www.wikidata.org/entity/Q107589340,Q107589340,Wind farm,51.9203,5.51365
Netherlands,Q55,http://www.wikidata.org/entity/Q116949780,Ansjovisstroom Wind Farm,Wind farm,52.4804,5.6917
Netherlands,Q55,http://www.wikidata.org/entity/Q58984856,Lely Wind Farm,Wind farm,52.796944444,5.119027777
Netherlands,Q55,http://www.wikidata.org/entity/Q119205554,Nieuwveer Wind Farm,Wind farm,51.63063,4.71269
Netherlands,Q55,http://www.wikidata.org/entity/Q129170262,Ecowende,Wind farm,52.7335,3.8212
Netherlands,Q55,http://www.wikidata.org/entity/Q119205718,Clothildis Wind Farm,Wind farm,51.7174,4.6046
Netherlands,Q55,http://www.wikidata.org/entity/Q112112945,Windpark Laakse Vaart,Wind farm,51.6147,4.5992
Netherlands,Q55,http://www.wikidata.org/entity/Q112113044,Windplan Groen,Wind farm,52.4717,5.7112
Netherlands,Q55,http://www.wikidata.org/entity/Q123438468,Willempolder wind farm,Wind farm,51.634,4.112
Netherlands,Q55,http://www.wikidata.org/entity/Q56194813,Windpark Fryslân,Wind farm,53.0,5.266666666
Netherlands,Q55,http://www.wikidata.org/entity/Q2583944,Windfarm Westereems,Wind farm,53.441906,6.826286
Netherlands,Q55,http://www.wikidata.org/entity/Q123400147,Windfarm Jacoba Rippolder,Wind farm,51.590833,3.690556
Netherlands,Q55,http://www.wikidata.org/entity/Q2353689,Q2353689,Wind farm,52.455744444,5.643686111
Netherlands,Q55,http://www.wikidata.org/entity/Q116949785,Hondtocht Zuid Wind Farm,Wind farm,52.5115,5.7961
Netherlands,Q55,http://www.wikidata.org/entity/Q112112948,Windpark Streepland,Wind farm,51.6938,4.6553
Netherlands,Q55,http://www.wikidata.org/entity/Q119205530,Oeverwind Vlaardingen,Wind farm,51.90181,4.29014
Netherlands,Q55,http://www.wikidata.org/entity/Q109405190,Windpark Papemeer,Wind farm,52.12636,4.48671
Netherlands,Q55,http://www.wikidata.org/entity/Q18286920,Windpark Kreekraksluis,Wind farm,51.448,4.2308
Netherlands,Q55,http://www.wikidata.org/entity/Q116949787,Oldebroekertocht Zuid Wind Farm,Wind farm,52.4578,5.7404
Netherlands,Q55,http://www.wikidata.org/entity/Q101627508,Hollandse Kust Noord Wind Farm,Wind farm,52.7151,4.251
Netherlands,Q55,http://www.wikidata.org/entity/Q112112939,Willem-Annapolder wind farm,Wind farm,51.4539,3.9347
Netherlands,Q55,http://www.wikidata.org/entity/Q107002654,Energy Park Haringvliet South,Wind farm,51.7552,4.1999
Netherlands,Q55,http://www.wikidata.org/entity/Q2392521,Q2392521,Wind farm,52.37623,5.13336
Netherlands,Q55,http://www.wikidata.org/entity/Q112071684,Windpark Ospeldijk,Wind farm,51.3115,5.8473
Netherlands,Q55,http://www.wikidata.org/entity/Q112113043,Windpark Zeewolde,Wind farm,52.3641,5.3936
Netherlands,Q55,http://www.wikidata.org/entity/Q119205558,Oude Mol Wind Farm,Wind farm,51.7193,4.6036
Netherlands,Q55,http://www.wikidata.org/entity/Q2168538,Q2168538,Wind farm,52.56362,6.20731
Netherlands,Q55,http://www.wikidata.org/entity/Q106784610,Windpark Nieuwe Hemweg,Wind farm,52.40865,4.8318
Netherlands,Q55,http://www.wikidata.org/entity/Q123378047,Windfarm Anna Vosdijkpolder,Wind farm,51.6096683,4.0643284
Netherlands,Q55,http://www.wikidata.org/entity/Q2415908,Noordoostpolder wind farms,Wind farm,52.751944444,5.596944444
Netherlands,Q55,http://www.wikidata.org/entity/Q112071822,Windpark Kattenberg-Reedijk,Wind farm,51.5212,5.2346
Netherlands,Q55,http://www.wikidata.org/entity/Q116949784,Hoge Vaart Zuid Wind Farm,Wind farm,52.5042,5.7656
Netherlands,Q55,http://www.wikidata.org/entity/Q123399600,Windfarm Noordpolder,Wind farm,51.561667,4.041944
Netherlands,Q55,http://www.wikidata.org/entity/Q123437226,Hoofdplaatpolder wind farm,Wind farm,51.3698,3.62
Netherlands,Q55,http://www.wikidata.org/entity/Q123923779,Vader Piet Wind Farm,Wind farm,12.474111111,-69.891111111
Netherlands,Q55,http://www.wikidata.org/entity/Q2583867,Eemmeerdijk Wind Farm,Wind farm,52.27666667,5.36416667
Netherlands,Q55,http://www.wikidata.org/entity/Q2443063,Gemini Wind Farm,Wind farm,54.036,5.963
Netherlands,Q55,http://www.wikidata.org/entity/Q30140463,Windfarm Krammer,Wind farm,51.659722,4.163139
Netherlands,Q55,http://www.wikidata.org/entity/Q109516549,Blauwwind Offshore Wind Farm,Wind farm,51.707,2.9124
Netherlands,Q55,http://www.wikidata.org/entity/Q123457348,Koegorspolder wind farm,Wind farm,51.2828,3.8576
Netherlands,Q55,http://www.wikidata.org/entity/Q112071824,Windpark De Rietvelden,Wind farm,51.7105,5.2733
Netherlands,Q55,http://www.wikidata.org/entity/Q123412424,Kapelle wind farm,Wind farm,51.4541,3.98885
Netherlands,Q55,http://www.wikidata.org/entity/Q112113053,Windpark Irene Vorrink,Wind farm,52.5984,5.5847
Netherlands,Q55,http://www.wikidata.org/entity/Q84081609,Windpark Nij Hiddum-Houw,Wind farm,53.094080555,5.398144444
Netherlands,Q55,http://www.wikidata.org/entity/Q123403480,Windfarm Zeeland I,Wind farm,51.4418,3.60931
Netherlands,Q55,http://www.wikidata.org/entity/Q116949788,Olsterwind Wind Farm,Wind farm,52.4802,5.7783
Netherlands,Q55,http://www.wikidata.org/entity/Q124719054,Nederwiek Wind Farm,Wind farm,53.1,3.2
Netherlands,Q55,http://www.wikidata.org/entity/Q109405142,Windpark De Mars,Wind farm,52.1617,6.1917
Netherlands,Q55,http://www.wikidata.org/entity/Q112112942,Windpark Van Gogh,Wind farm,51.6149,4.6099
Netherlands,Q55,http://www.wikidata.org/entity/Q112071683,Windpark Egchelse Heide,Wind farm,51.3156,5.9267
Netherlands,Q55,http://www.wikidata.org/entity/Q124327579,Windpark Maasvlakte 2,Wind farm,51.9601,3.9618
South Africa,Q258,http://www.wikidata.org/entity/Q113800694,Khobab Wind Farm,Wind farm,-30.437,19.531
South Africa,Q258,http://www.wikidata.org/entity/Q130456136,Cookhouse Wind Farm,Wind farm,-32.72014,25.91091
South Africa,Q258,http://www.wikidata.org/entity/Q108113376,Wesley–Ciskei Wind Power Station,Wind farm,-33.3025,27.370555555
South Africa,Q258,http://www.wikidata.org/entity/Q113757580,Perdekraal East Wind Farm,Wind farm,-33.056,20.109
South Africa,Q258,http://www.wikidata.org/entity/Q19160467,Dassieklip Wind Energy Facility,Wind farm,-34.2301006,19.3807002
South Africa,Q258,http://www.wikidata.org/entity/Q113158900,Karusa Wind Power Station,Wind farm,-32.885833333,20.656388888
South Africa,Q258,http://www.wikidata.org/entity/Q130456144,Nojoli Wind Farm,Wind farm,-32.78915,25.93185
South Africa,Q258,http://www.wikidata.org/entity/Q108830710,Kangnas Wind Power Station,Wind farm,-29.6228906,18.3664691
South Africa,Q258,http://www.wikidata.org/entity/Q131152342,Msenge Emoyeni Wind Power Station,Wind farm,-32.875,25.998611111
South Africa,Q258,http://www.wikidata.org/entity/Q109237166,Nxuba Wind Power Station,Wind farm,-32.741666666,25.946388888
South Africa,Q258,http://www.wikidata.org/entity/Q120024865,"Castle Wind Farm, South Africa",Wind farm,-30.726666666,24.051666666
South Africa,Q258,http://www.wikidata.org/entity/Q125988414,Wolf Wind Farm,Wind farm,-33.1538,25.5536
South Africa,Q258,http://www.wikidata.org/entity/Q7913671,Van Stadens Wind Farm,Wind farm,-33.9615,25.2465
South Africa,Q258,http://www.wikidata.org/entity/Q113696298,Roggeveld Wind Farm,Wind farm,-32.951388888,20.548611111
South Africa,Q258,http://www.wikidata.org/entity/Q113696333,De Aar Wind Farm,Wind farm,-30.751,23.862
South Africa,Q258,http://www.wikidata.org/entity/Q7453052,Sere Wind Farm,Wind farm,-31.49694444,18.06333333
South Africa,Q258,http://www.wikidata.org/entity/Q27584662,Amakhala Emoyeni Wind Farm,Wind farm,-32.8759109,26.0073638
South Africa,Q258,http://www.wikidata.org/entity/Q16890482,Coega Wind Farm,Wind farm,-33.45,25.4
South Africa,Q258,http://www.wikidata.org/entity/Q20981573,Gouda Wind Facility,Wind farm,-33.2580615,19.0305184
South Africa,Q258,http://www.wikidata.org/entity/Q111169497,Garob Wind Power Station,Wind farm,-29.961944444,22.412222222
South Africa,Q258,http://www.wikidata.org/entity/Q5223942,Darling Wind Farm,Wind farm,-33.31694444,18.25944444
South Africa,Q258,http://www.wikidata.org/entity/Q113493287,Soetwater Wind Power Station,Wind farm,-32.753888888,20.645277777
South Africa,Q258,http://www.wikidata.org/entity/Q27584626,Dorper Wind Farm,Wind farm,-31.480277777,26.440555555
South Africa,Q258,http://www.wikidata.org/entity/Q113800595,Excelsior Wind Farm,Wind farm,-34.242,20.231
South Africa,Q258,http://www.wikidata.org/entity/Q132451809,Khangela Emoyeni Wind Power Station,Wind farm,-31.848888888,23.825555555
South Africa,Q258,http://www.wikidata.org/entity/Q113696435,Jeffreys Bay Wind Farm,Wind farm,-34.0,24.84
South Africa,Q258,http://www.wikidata.org/entity/Q105044166,Golden Valley Wind Energy Facility,Wind farm,-32.887409993,25.941866022
South Africa,Q258,http://www.wikidata.org/entity/Q113696346,Noupoort Wind Farm,Wind farm,-31.18,25.045
South Africa,Q258,http://www.wikidata.org/entity/Q126811284,Umsinde Emoyeni Wind Power Station,Wind farm,-31.848888888,23.825555555
South Africa,Q258,http://www.wikidata.org/entity/Q108101890,Oyster Bay Wind Power Station,Wind farm,-34.111111111,24.629722222
South Africa,Q258,http://www.wikidata.org/entity/Q125314769,Impofu Wind Power Farms Complex,Wind farm,-34.101111111,24.53
South Africa,Q258,http://www.wikidata.org/entity/Q113696295,Loeriesfontein Wind Farm,Wind farm,-30.404,19.589
South Africa,Q258,http://www.wikidata.org/entity/Q124655651,Seriti Wind Power Station,Wind farm,-26.985555555,29.3075
Czech Republic,Q213,http://www.wikidata.org/entity/Q29345846,Q29345846,Wind farm,50.085569,17.144288
Czech Republic,Q213,http://www.wikidata.org/entity/Q29345757,Q29345757,Wind farm,50.986667,14.983056
Czech Republic,Q213,http://www.wikidata.org/entity/Q29345844,Q29345844,Wind farm,49.5431944,16.8230698
Czech Republic,Q213,http://www.wikidata.org/entity/Q29345779,Q29345779,Wind farm,48.88404,16.3703
Czech Republic,Q213,http://www.wikidata.org/entity/Q29345778,Q29345778,Wind farm,50.50397,13.24447
Czech Republic,Q213,http://www.wikidata.org/entity/Q29345764,Q29345764,Wind farm,50.68357,13.69499
Czech Republic,Q213,http://www.wikidata.org/entity/Q12003266,Q12003266,Wind farm,49.525,15.7
Czech Republic,Q213,http://www.wikidata.org/entity/Q29345769,Q29345769,Wind farm,49.25048,15.54972
Czech Republic,Q213,http://www.wikidata.org/entity/Q29345759,Q29345759,Wind farm,,
Czech Republic,Q213,http://www.wikidata.org/entity/Q29345762,Q29345762,Wind farm,,
Czech Republic,Q213,http://www.wikidata.org/entity/Q29345761,Q29345761,Wind farm,,
Czech Republic,Q213,http://www.wikidata.org/entity/Q29345773,Q29345773,Wind farm,,
Czech Republic,Q213,http://www.wikidata.org/entity/Q29345790,Q29345790,Wind farm,,
Czech Republic,Q213,http://www.wikidata.org/entity/Q29345799,Q29345799,Wind farm,,
Czech Republic,Q213,http://www.wikidata.org/entity/Q29345838,Q29345838,Wind farm,,
Czech Republic,Q213,http://www.wikidata.org/entity/Q29345840,Q29345840,Wind farm,50.42334,12.99299
Czech Republic,Q213,http://www.wikidata.org/entity/Q29345772,Q29345772,Wind farm,49.837991,16.54819
Czech Republic,Q213,http://www.wikidata.org/entity/Q29345787,Q29345787,Wind farm,49.831103,16.366944
Czech Republic,Q213,http://www.wikidata.org/entity/Q29345755,Q29345755,Wind farm,49.75465,17.3569167
Czech Republic,Q213,http://www.wikidata.org/entity/Q29345780,Q29345780,Wind farm,50.633173,13.547127
Czech Republic,Q213,http://www.wikidata.org/entity/Q29345794,Q29345794,Wind farm,50.866028,15.003781
Czech Republic,Q213,http://www.wikidata.org/entity/Q29345843,Q29345843,Wind farm,50.96596,15.24297
Czech Republic,Q213,http://www.wikidata.org/entity/Q29345793,Q29345793,Wind farm,49.7440764,16.3874997
Czech Republic,Q213,http://www.wikidata.org/entity/Q29345784,Q29345784,Wind farm,50.1828142,12.5045342
Czech Republic,Q213,http://www.wikidata.org/entity/Q29345805,Q29345805,Wind farm,50.3156228,12.1513147
Czech Republic,Q213,http://www.wikidata.org/entity/Q29345792,Q29345792,Wind farm,50.31647,12.1625
Czech Republic,Q213,http://www.wikidata.org/entity/Q29345758,Q29345758,Wind farm,50.227957,12.269651
Czech Republic,Q213,http://www.wikidata.org/entity/Q29345763,Q29345763,Wind farm,50.4475271,13.1722519
Czech Republic,Q213,http://www.wikidata.org/entity/Q29345842,Q29345842,Wind farm,49.7296075,17.4007633
Czech Republic,Q213,http://www.wikidata.org/entity/Q29345767,Q29345767,Wind farm,50.196536,14.129957
Czech Republic,Q213,http://www.wikidata.org/entity/Q29345786,Q29345786,Wind farm,50.1857614,12.51842
Czech Republic,Q213,http://www.wikidata.org/entity/Q29345783,Q29345783,Wind farm,49.64458,17.79252
Czech Republic,Q213,http://www.wikidata.org/entity/Q29345848,Q29345848,Wind farm,50.4035911,12.9452728
Czech Republic,Q213,http://www.wikidata.org/entity/Q29345775,Q29345775,Wind farm,50.1566653,13.2237192
Czech Republic,Q213,http://www.wikidata.org/entity/Q29345796,Wind farm in Protivanov,Wind farm,49.477287,16.848743
Czech Republic,Q213,http://www.wikidata.org/entity/Q29345748,Kryštofovy Hamry Wind Farm,Wind farm,50.445,13.149
Czech Republic,Q213,http://www.wikidata.org/entity/Q29345798,Q29345798,Wind farm,50.18168,17.04539
Czech Republic,Q213,http://www.wikidata.org/entity/Q29345756,Q29345756,Wind farm,49.79,17.521944
Czech Republic,Q213,http://www.wikidata.org/entity/Q29345839,Q29345839,Wind farm,50.2298114,12.4605189
United Kingdom,Q145,http://www.wikidata.org/entity/Q123580995,Cumberhead West Wind Farm,Wind farm,,
United Kingdom,Q145,http://www.wikidata.org/entity/Q116875376,Rothes Wind Farm,Wind farm,57.53,-3.36
United Kingdom,Q145,http://www.wikidata.org/entity/Q6989526,Hywind Scotland,Wind farm,57.48333333,-1.35
United Kingdom,Q145,http://www.wikidata.org/entity/Q116883962,Goole Fields Wind Farms,Wind farm,53.6643,-0.8822
United Kingdom,Q145,http://www.wikidata.org/entity/Q131282629,Kirk Hill Wind Farm,Wind farm,,
United Kingdom,Q145,http://www.wikidata.org/entity/Q116877955,Glens of Foudland Wind Farm,Wind farm,57.414,-2.65
United Kingdom,Q145,http://www.wikidata.org/entity/Q132861039,Limekiln Wind Farm,Wind farm,,
United Kingdom,Q145,http://www.wikidata.org/entity/Q117803592,Deucheran Hill Wind Farm,Wind farm,55.6397,-5.5583
United Kingdom,Q145,http://www.wikidata.org/entity/Q117034625,Kincardine Offshore Wind Farm,Wind farm,57.0046,-1.8596
United Kingdom,Q145,http://www.wikidata.org/entity/Q116877573,Twentyshilling Hill Wind Farm,Wind farm,55.3142,-3.9185
United Kingdom,Q145,http://www.wikidata.org/entity/Q116861544,A’Chruach Wind Farm,Wind farm,56.1292,-5.335
United Kingdom,Q145,http://www.wikidata.org/entity/Q116861310,Aikengall Community Wind Farm,Wind farm,,
United Kingdom,Q145,http://www.wikidata.org/entity/Q116861652,Afton Wind Farm,Wind farm,,
United Kingdom,Q145,http://www.wikidata.org/entity/Q116861675,Blackcraig Wind Farm,Wind farm,,
United Kingdom,Q145,http://www.wikidata.org/entity/Q116863133,Kilbraur Wind Farm,Wind farm,,
United Kingdom,Q145,http://www.wikidata.org/entity/Q116863896,Auchrobert Wind Farm,Wind farm,,
United Kingdom,Q145,http://www.wikidata.org/entity/Q116869658,Carraig Gheal Wind Farm,Wind farm,,
United Kingdom,Q145,http://www.wikidata.org/entity/Q116869720,Mark Hill Wind Farm,Wind farm,,
United Kingdom,Q145,http://www.wikidata.org/entity/Q116869954,Glen Kyllachy Wind Farm,Wind farm,,
United Kingdom,Q145,http://www.wikidata.org/entity/Q116869934,Millennium Wind Farm,Wind farm,,
United Kingdom,Q145,http://www.wikidata.org/entity/Q116870059,Sandy Knowe Wind Farm,Wind farm,,
United Kingdom,Q145,http://www.wikidata.org/entity/Q116875547,Lochluichart Wind Farm,Wind farm,,
United Kingdom,Q145,http://www.wikidata.org/entity/Q116876556,Baillie Wind Farm,Wind farm,,
United Kingdom,Q145,http://www.wikidata.org/entity/Q116876403,Tom na Clach Wind Farm,Wind farm,,
United Kingdom,Q145,http://www.wikidata.org/entity/Q116876697,Camster Wind Farm,Wind farm,,
United Kingdom,Q145,http://www.wikidata.org/entity/Q116876722,Hill of Towie Wind Farm,Wind farm,,
United Kingdom,Q145,http://www.wikidata.org/entity/Q116877013,Corriemoillie Wind Farm,Wind farm,,
United Kingdom,Q145,http://www.wikidata.org/entity/Q116877111,Halsary Wind Farm,Wind farm,,
United Kingdom,Q145,http://www.wikidata.org/entity/Q116877160,Causeymire Wind Farm,Wind farm,,
United Kingdom,Q145,http://www.wikidata.org/entity/Q116877291,Coire Na Cloiche Wind Farm,Wind farm,,
United Kingdom,Q145,http://www.wikidata.org/entity/Q116877483,Bad a Cheo Wind Farm,Wind farm,,
United Kingdom,Q145,http://www.wikidata.org/entity/Q116877387,Edinbane Wind Farm,Wind farm,,
United Kingdom,Q145,http://www.wikidata.org/entity/Q116877868,Beinn Tharsuinn Wind Farm,Wind farm,,
United Kingdom,Q145,http://www.wikidata.org/entity/Q116877766,Dalquhandy Wind Farm,Wind farm,,
United Kingdom,Q145,http://www.wikidata.org/entity/Q116877917,Burn of Whilk Wind Farm,Wind farm,,
United Kingdom,Q145,http://www.wikidata.org/entity/Q116877792,Harburnhead Wind Farm,Wind farm,,
United Kingdom,Q145,http://www.wikidata.org/entity/Q116877673,Rosehall Wind Farm,Wind farm,,
United Kingdom,Q145,http://www.wikidata.org/entity/Q116877839,Hill of Glaschyle Wind Farm,Wind farm,,
United Kingdom,Q145,http://www.wikidata.org/entity/Q116877902,Douglas West Wind Farm,Wind farm,,
United Kingdom,Q145,http://www.wikidata.org/entity/Q116877635,Whiteside Hill Wind Farm,Wind farm,,
United Kingdom,Q145,http://www.wikidata.org/entity/Q116877933,Cour Wind Farm,Wind farm,,
United Kingdom,Q145,http://www.wikidata.org/entity/Q116877822,Mid Hill Wind Farm,Wind farm,,
United Kingdom,Q145,http://www.wikidata.org/entity/Q116878077,Assel Valley Wind Farm,Wind farm,,
United Kingdom,Q145,http://www.wikidata.org/entity/Q116877986,Crossdykes Wind Farm,Wind farm,,
United Kingdom,Q145,http://www.wikidata.org/entity/Q116877692,Windy Rig Wind Farm,Wind farm,,
United Kingdom,Q145,http://www.wikidata.org/entity/Q116877949,Gordonstown Hill Wind Farm,Wind farm,,
United Kingdom,Q145,http://www.wikidata.org/entity/Q116877969,Hare Hill Wind Farm,Wind farm,,
United Kingdom,Q145,http://www.wikidata.org/entity/Q116877943,Middle Muir Wind Farm,Wind farm,,
United Kingdom,Q145,http://www.wikidata.org/entity/Q116878082,Dalswinton Wind Farm,Wind farm,,
United Kingdom,Q145,http://www.wikidata.org/entity/Q116877879,Sanquhar Community Wind Farm,Wind farm,,
United Kingdom,Q145,http://www.wikidata.org/entity/Q116878069,Freasdail Wind Farm,Wind farm,,
United Kingdom,Q145,http://www.wikidata.org/entity/Q116877850,Tralorg Wind Farm,Wind farm,,
United Kingdom,Q145,http://www.wikidata.org/entity/Q116878295,Airies Wind Farm,Wind farm,,
United Kingdom,Q145,http://www.wikidata.org/entity/Q116878303,An Suidhe Wind Farm,Wind farm,,
United Kingdom,Q145,http://www.wikidata.org/entity/Q116877925,Tullymurdoch Wind Farm,Wind farm,,
United Kingdom,Q145,http://www.wikidata.org/entity/Q116878093,Minsca Wind Farm,Wind farm,,
United Kingdom,Q145,http://www.wikidata.org/entity/Q116878285,Ewe Hill Wind Farm,Wind farm,,
United Kingdom,Q145,http://www.wikidata.org/entity/Q116878065,Tullo Wind Farm,Wind farm,,
United Kingdom,Q145,http://www.wikidata.org/entity/Q116878310,Glen App Wind Farm,Wind farm,,
United Kingdom,Q145,http://www.wikidata.org/entity/Q116878322,Glenchamber Wind Farm,Wind farm,,
United Kingdom,Q145,http://www.wikidata.org/entity/Q116883974,Minnygap Wind Farm,Wind farm,,
United Kingdom,Q145,http://www.wikidata.org/entity/Q116910739,Blary Hill Wind Farm,Wind farm,,
United Kingdom,Q145,http://www.wikidata.org/entity/Q116910664,Pogbie Wind Farm,Wind farm,,
United Kingdom,Q145,http://www.wikidata.org/entity/Q117034611,Clachan Flats Wind Farm,Wind farm,,
United Kingdom,Q145,http://www.wikidata.org/entity/Q117034632,Keith Hill Wind Farm,Wind farm,,
United Kingdom,Q145,http://www.wikidata.org/entity/Q117409488,Brownieleys Wind Farm,Wind farm,,
United Kingdom,Q145,http://www.wikidata.org/entity/Q117422401,Greengairs East Wind Farm,Wind farm,,
United Kingdom,Q145,http://www.wikidata.org/entity/Q117717825,Craig 2 Wind Farm,Wind farm,,
United Kingdom,Q145,http://www.wikidata.org/entity/Q117796670,Ben Aketil Wind Farm,Wind farm,,
United Kingdom,Q145,http://www.wikidata.org/entity/Q117803657,Earlsburn Wind Farm,Wind farm,,
United Kingdom,Q145,http://www.wikidata.org/entity/Q117805967,Benbrack Wind Farm,Wind farm,,
United Kingdom,Q145,http://www.wikidata.org/entity/Q120668737,Carscreugh Wind Farm,Wind farm,,
United Kingdom,Q145,http://www.wikidata.org/entity/Q113663075,Hornsea Two Offshore Wind Farm,Wind farm,53.91,1.5518
United Kingdom,Q145,http://www.wikidata.org/entity/Q84277667,Hornsea One Offshore Wind Farm,Wind farm,53.885,1.791
United Kingdom,Q145,http://www.wikidata.org/entity/Q5287221,Docking Shoal wind farm,Wind farm,53.154,0.753
United Kingdom,Q145,http://www.wikidata.org/entity/Q833917,North Hoyle Offshore Wind Farm,Wind farm,53.3907,-3.452454
United Kingdom,Q145,http://www.wikidata.org/entity/Q60741175,Knabs Ridge Wind Farm,Wind farm,53.9981,-1.6474
United Kingdom,Q145,http://www.wikidata.org/entity/Q60772556,Novar Wind Farm,Wind farm,57.70994444,-4.43777778
United Kingdom,Q145,http://www.wikidata.org/entity/Q1330226,Walney Wind Farm,Wind farm,54.044,-3.522
United Kingdom,Q145,http://www.wikidata.org/entity/Q6709310,Lynn and Inner Dowsing Wind Farm,Wind farm,53.1275,0.43611111
United Kingdom,Q145,http://www.wikidata.org/entity/Q114030627,Burgar Hill Wind Farm,Wind farm,59.114923,-3.1459321
United Kingdom,Q145,http://www.wikidata.org/entity/Q29018007,Kilgallioch Wind Farm,Wind farm,55.05,-4.76527778
United Kingdom,Q145,http://www.wikidata.org/entity/Q15226770,Humber Gateway Wind Farm,Wind farm,53.644,0.293
United Kingdom,Q145,http://www.wikidata.org/entity/Q455472,Gwynt y Môr Wind Farm,Wind farm,53.45,-3.58333333
United Kingdom,Q145,http://www.wikidata.org/entity/Q7439264,Scroby Sands Wind Farm,Wind farm,52.6489,1.79028
United Kingdom,Q145,http://www.wikidata.org/entity/Q4930860,Blyth Offshore Wind Farm,Wind farm,55.1358,-1.49028
United Kingdom,Q145,http://www.wikidata.org/entity/Q5311735,Dudgeon Offshore Wind Farm,Wind farm,53.249,1.39
United Kingdom,Q145,http://www.wikidata.org/entity/Q115952211,Dogger Bank A Wind Farm,Wind farm,54.7489,1.9301
United Kingdom,Q145,http://www.wikidata.org/entity/Q55611961,Fraisthorpe Wind Farm,Wind farm,54.05055556,-0.22944444
United Kingdom,Q145,http://www.wikidata.org/entity/Q7987061,West of Duddon Sands Wind Farm,Wind farm,53.983,-3.463
United Kingdom,Q145,http://www.wikidata.org/entity/Q1308246,Kentish Flats Offshore Wind Farm,Wind farm,51.46,1.09
United Kingdom,Q145,http://www.wikidata.org/entity/Q3364833,Moray East Offshore Wind Farm,Wind farm,58.16708,-2.69852
United Kingdom,Q145,http://www.wikidata.org/entity/Q3364824,Race Bank Wind Farm,Wind farm,53.275,0.83333333
United Kingdom,Q145,http://www.wikidata.org/entity/Q7694582,Teesside Wind Farm,Wind farm,54.648,-1.095
United Kingdom,Q145,http://www.wikidata.org/entity/Q29017981,North Sea Wind Power Hub,Wind farm,55.4,4.0
United Kingdom,Q145,http://www.wikidata.org/entity/Q17347013,East Anglia ONE,Wind farm,52.66,2.3
United Kingdom,Q145,http://www.wikidata.org/entity/Q1576615,Thanet Wind Farm,Wind farm,51.4306,1.6331
United Kingdom,Q145,http://www.wikidata.org/entity/Q15261442,Neart na Gaoithe Offshore Wind Farm,Wind farm,56.26777778,-2.32083333
United Kingdom,Q145,http://www.wikidata.org/entity/Q7495028,Sheringham Shoal Offshore Wind Farm,Wind farm,53.1167,1.13333
United Kingdom,Q145,http://www.wikidata.org/entity/Q56026054,Galloper Offshore Wind Farm,Wind farm,51.771111111,1.992222222
United Kingdom,Q145,http://www.wikidata.org/entity/Q914264,London Array,Wind farm,51.6439,1.55361
United Kingdom,Q145,http://www.wikidata.org/entity/Q2583856,Burbo Bank Offshore Wind Farm,Wind farm,53.4833,-3.16667
United Kingdom,Q145,http://www.wikidata.org/entity/Q1724197,Robin Rigg Wind Farm,Wind farm,54.75,-3.71667
United Kingdom,Q145,http://www.wikidata.org/entity/Q4877211,Beatrice Wind Farm,Wind farm,58.13,-3.07
United Kingdom,Q145,http://www.wikidata.org/entity/Q7987427,Westermost Rough Wind Farm,Wind farm,53.805,0.149
United Kingdom,Q145,http://www.wikidata.org/entity/Q117337478,Dogger Bank B Wind Farm,Wind farm,54.9866,1.6622
United Kingdom,Q145,http://www.wikidata.org/entity/Q6551320,Lincs Wind Farm,Wind farm,53.1833,0.483333
United Kingdom,Q145,http://www.wikidata.org/entity/Q115981381,Moray West Offshore Wind Farm,Wind farm,58.094,-2.988
United Kingdom,Q145,http://www.wikidata.org/entity/Q7290043,Rampion Wind Farm,Wind farm,50.664722222,-0.278888888
United Kingdom,Q145,http://www.wikidata.org/entity/Q106728173,Inner Dowsing offshore wind farm,Wind farm,,
United Kingdom,Q145,http://www.wikidata.org/entity/Q106728370,Lynn offshore wind farm,Wind farm,,
United Kingdom,Q145,http://www.wikidata.org/entity/Q106728914,Robin Rigg (East) offshore wind farm,Wind farm,,
United Kingdom,Q145,http://www.wikidata.org/entity/Q106729094,Robin Rigg (West) offshore wind farm,Wind farm,,
United Kingdom,Q145,http://www.wikidata.org/entity/Q5618736,Gunfleet Sands Offshore Wind Farm,Wind farm,51.7394,1.17444
United Kingdom,Q145,http://www.wikidata.org/entity/Q56026057,Blyth offshore wind farm test site,Wind farm,55.17,-1.37
United Kingdom,Q145,http://www.wikidata.org/entity/Q7844328,Triton Knoll Wind Farm,Wind farm,53.4,0.9
United Kingdom,Q145,http://www.wikidata.org/entity/Q4816287,Atlantic Array wind farm,Wind farm,51.2719,-3.66194
United Kingdom,Q145,http://www.wikidata.org/entity/Q820613,Greater Gabbard wind farm,Wind farm,51.88,1.94
United Kingdom,Q145,http://www.wikidata.org/entity/Q115952416,Sofia Wind Farm,Wind farm,54.9794,2.2301
United Kingdom,Q145,http://www.wikidata.org/entity/Q115942251,East Anglia THREE,Wind farm,,
United Kingdom,Q145,http://www.wikidata.org/entity/Q115942263,East Anglia TWO,Wind farm,,
United Kingdom,Q145,http://www.wikidata.org/entity/Q115952280,Dogger Bank C Wind Farm,Wind farm,,
United Kingdom,Q145,http://www.wikidata.org/entity/Q48785414,Ovenden Moor Wind Farm,Wind farm,53.77555556,-1.93694444
United Kingdom,Q145,http://www.wikidata.org/entity/Q833910,Rhyl Flats,Wind farm,53.366666666,-3.65
United Kingdom,Q145,http://www.wikidata.org/entity/Q763941,Ormonde Wind Farm,Wind farm,54.1,-3.4
United Kingdom,Q145,http://www.wikidata.org/entity/Q131412020,Green Volt offshore wind farm,Wind farm,57.551666666,-1.600833333
United Kingdom,Q145,http://www.wikidata.org/entity/Q115794582,Seagreen Wind Farm,Wind farm,56.588,-1.741
United Kingdom,Q145,http://www.wikidata.org/entity/Q2016017,Barrow Offshore Wind Farm,Wind farm,53.9833,-3.28333
United Kingdom,Q145,http://www.wikidata.org/entity/Q17509465,European Offshore Wind Deployment Centre,Wind farm,57.2167,-1.98333
United Kingdom,Q145,http://www.wikidata.org/entity/Q6649514,Little Cheyne Court Wind Farm,Wind farm,50.9625,0.820278
United Kingdom,Q145,http://www.wikidata.org/entity/Q114030635,Clashindarroch Wind Farm,Wind farm,57.363336,-2.9640069
United Kingdom,Q145,http://www.wikidata.org/entity/Q114030653,Spurness Wind Farm,Wind farm,59.190597,-2.6908634
United Kingdom,Q145,http://www.wikidata.org/entity/Q5044153,Carno wind farm,Wind farm,52.5503,-3.60028
United Kingdom,Q145,http://www.wikidata.org/entity/Q114030619,Griffin Wind Farm,Wind farm,56.583251,-3.7435659
United Kingdom,Q145,http://www.wikidata.org/entity/Q114030639,Dun Law wind farm,Wind farm,55.805307,-2.8512555
United Kingdom,Q145,http://www.wikidata.org/entity/Q5638120,Hadyard Hill Wind Farm,Wind farm,55.2458,-4.72306
United Kingdom,Q145,http://www.wikidata.org/entity/Q4733319,Alltwalis Wind Farm,Wind farm,51.9733,-4.25083
United Kingdom,Q145,http://www.wikidata.org/entity/Q114030644,Harestanes Wind Farm,Wind farm,55.244384,-3.5596388
United Kingdom,Q145,http://www.wikidata.org/entity/Q115962649,Fairburn Wind Farm,Wind farm,57.53186,-4.64928
United Kingdom,Q145,http://www.wikidata.org/entity/Q115956531,Artfield Fell Wind Farm,Wind farm,54.9643,-4.7633
United Kingdom,Q145,http://www.wikidata.org/entity/Q4927617,Blood Hill wind farm,Wind farm,52.7119,1.66694
United Kingdom,Q145,http://www.wikidata.org/entity/Q115929575,Bhlaraidh Wind Farm,Wind farm,57.2456,-4.7158
United Kingdom,Q145,http://www.wikidata.org/entity/Q5253056,Delabole wind farm,Wind farm,50.633,-4.708
United Kingdom,Q145,http://www.wikidata.org/entity/Q115956610,Balmurrie Fell Wind Farm,Wind farm,54.9675,-4.7778
United Kingdom,Q145,http://www.wikidata.org/entity/Q5137058,Clyde Wind Farm,Wind farm,55.4672,-3.65444
United Kingdom,Q145,http://www.wikidata.org/entity/Q15253429,Milton Keynes Wind Farm,Wind farm,52.13622222,-0.66444444
United Kingdom,Q145,http://www.wikidata.org/entity/Q115960566,Calliachar Wind Farm,Wind farm,56.5648,-3.8748
United Kingdom,Q145,http://www.wikidata.org/entity/Q6552497,Lindhurst Wind Farm,Wind farm,53.11611111,-1.14666667
United Kingdom,Q145,http://www.wikidata.org/entity/Q5524517,Garves Wind Farm,Wind farm,55.1531,-6.45472
United Kingdom,Q145,http://www.wikidata.org/entity/Q5137710,Coal Clough Wind Farm,Wind farm,53.749,-2.152
United Kingdom,Q145,http://www.wikidata.org/entity/Q115963110,Toddleburn Wind Farm,Wind farm,55.768,-2.872
United Kingdom,Q145,http://www.wikidata.org/entity/Q3364831,Scout Moor Wind Farm,Wind farm,53.6594,-2.25194
United Kingdom,Q145,http://www.wikidata.org/entity/Q5191333,Crystal Rig Wind Farm,Wind farm,55.9,-2.55
United Kingdom,Q145,http://www.wikidata.org/entity/Q7144612,Pates Hill Wind Farm,Wind farm,55.8089,-3.59917
United Kingdom,Q145,http://www.wikidata.org/entity/Q7162125,Pen y Cymoedd,Wind farm,51.711,-3.562
United Kingdom,Q145,http://www.wikidata.org/entity/Q4959998,Brechfa Forest Wind Farm,Wind farm,51.9833,-4.16389
United Kingdom,Q145,http://www.wikidata.org/entity/Q4019566,Whitelee Wind Farm,Wind farm,55.672777777,-4.285555555
United Kingdom,Q145,http://www.wikidata.org/entity/Q4930858,Blyth Harbour Wind Farm,Wind farm,55.123611111,-1.493888888
United Kingdom,Q145,http://www.wikidata.org/entity/Q4141649,Viking Wind Farm,Wind farm,60.3066,-1.22077
United Kingdom,Q145,http://www.wikidata.org/entity/Q5436202,Farr Wind Farm,Wind farm,57.325,-4.09417
United Kingdom,Q145,http://www.wikidata.org/entity/Q4857979,Methil Offshore Wind Farm,Wind farm,56.173672,-3.019247
United Kingdom,Q145,http://www.wikidata.org/entity/Q7540439,Slieve Rushen Wind Farm,Wind farm,54.16,-7.62
United Kingdom,Q145,http://www.wikidata.org/entity/Q5000935,Burton Wold Wind Farm,Wind farm,52.3583,-0.65
United Kingdom,Q145,http://www.wikidata.org/entity/Q7375199,Royd Moor Wind Farm,Wind farm,53.5375,-1.68833
United Kingdom,Q145,http://www.wikidata.org/entity/Q5599113,Great Eppleton Wind Farm,Wind farm,54.8331,-1.42944
United Kingdom,Q145,http://www.wikidata.org/entity/Q115956504,Achany Wind Farm,Wind farm,58.0015,-4.5206
United Kingdom,Q145,http://www.wikidata.org/entity/Q4788269,Ardrossan Wind Farm,Wind farm,55.6833,-4.8
United Kingdom,Q145,http://www.wikidata.org/entity/Q4921161,Black Law Wind Farm,Wind farm,55.7669,-3.73889
United Kingdom,Q145,http://www.wikidata.org/entity/Q5256451,Den Brook Wind Farm,Wind farm,50.785,-3.863
United Kingdom,Q145,http://www.wikidata.org/entity/Q7985005,West Durham Wind Farm,Wind farm,54.768,-1.8216
United Kingdom,Q145,http://www.wikidata.org/entity/Q6486290,Langley Park Wind Farm,Wind farm,54.795,-1.6672
United Kingdom,Q145,http://www.wikidata.org/entity/Q5057256,Cefn Croes Wind Farm,Wind farm,52.405,-3.75083
United Kingdom,Q145,http://www.wikidata.org/entity/Q114030638,Drumderg wind farm,Wind farm,56.68314,-3.3435355
United Kingdom,Q145,http://www.wikidata.org/entity/Q8025914,Winscales Moor Wind Farm,Wind farm,54.64,-3.49694
United Kingdom,Q145,http://www.wikidata.org/entity/Q107920335,North Steads Wind Farm,Wind farm,55.266,-1.618
United Kingdom,Q145,http://www.wikidata.org/entity/Q4788723,Arecleoch Wind Farm,Wind farm,55.0533,-4.88222
United Kingdom,Q145,http://www.wikidata.org/entity/Q4881352,Beinn an Tuirc Wind Farm,Wind farm,55.5714,-5.57611
United Kingdom,Q145,http://www.wikidata.org/entity/Q114030651,Moy Wind Farm,Wind farm,57.406964,-4.0154701
United Kingdom,Q145,http://www.wikidata.org/entity/Q4807117,Askam and Ireleth Wind Farm,Wind farm,54.1872,-3.17222
United Kingdom,Q145,http://www.wikidata.org/entity/Q7842154,Trimdon Grange Wind Farm,Wind farm,54.713,-1.41944
United Kingdom,Q145,http://www.wikidata.org/entity/Q115929443,Dorenell Wind Farm,Wind farm,,
United Kingdom,Q145,http://www.wikidata.org/entity/Q115929386,Stronelairg Wind Farm,Wind farm,,
United Kingdom,Q145,http://www.wikidata.org/entity/Q115929541,Fallago Rig Wind Farm,Wind farm,,
United Kingdom,Q145,http://www.wikidata.org/entity/Q115952717,South Kyle Wind Farm,Wind farm,,
United Kingdom,Q145,http://www.wikidata.org/entity/Q115954890,Clocaenog Forest Wind Farm,Wind farm,,
United Kingdom,Q145,http://www.wikidata.org/entity/Q115954949,Brockloch Rig Wind Farm,Wind farm,,
United Kingdom,Q145,http://www.wikidata.org/entity/Q115954919,Dunmaglass Wind Farm,Wind farm,,
United Kingdom,Q145,http://www.wikidata.org/entity/Q115955243,Beinneun Wind Farm,Wind farm,,
United Kingdom,Q145,http://www.wikidata.org/entity/Q115955192,Kype Muir Wind Farm,Wind farm,,
United Kingdom,Q145,http://www.wikidata.org/entity/Q115955324,Creag Riabhach Wind Farm,Wind farm,,
United Kingdom,Q145,http://www.wikidata.org/entity/Q115955668,Fullabrook Down Wind Farm,Wind farm,,
United Kingdom,Q145,http://www.wikidata.org/entity/Q115955673,Gordonbush Wind Farm,Wind farm,,
United Kingdom,Q145,http://www.wikidata.org/entity/Q115955724,Corriegarth Wind Farm,Wind farm,,
United Kingdom,Q145,http://www.wikidata.org/entity/Q115955735,Dersalloch Wind Farm,Wind farm,,
United Kingdom,Q145,http://www.wikidata.org/entity/Q115955833,Berry Burn Wind Farm,Wind farm,,
United Kingdom,Q145,http://www.wikidata.org/entity/Q115955770,Keadby Wind Farm,Wind farm,,
United Kingdom,Q145,http://www.wikidata.org/entity/Q115955842,Galawhistle Wind Farm,Wind farm,,
United Kingdom,Q145,http://www.wikidata.org/entity/Q115955825,Strathy North Wind Farm,Wind farm,,
United Kingdom,Q145,http://www.wikidata.org/entity/Q115955940,Kennoxhead Wind Farm,Wind farm,,
United Kingdom,Q145,http://www.wikidata.org/entity/Q115955925,Paul's Hill Wind Farm,Wind farm,,
United Kingdom,Q145,http://www.wikidata.org/entity/Q115962925,Tangy Wind Farm,Wind farm,,
United Kingdom,Q145,http://www.wikidata.org/entity/Q116036206,Andershaw Wind Farm,Wind farm,,
United Kingdom,Q145,http://www.wikidata.org/entity/Q116036223,Bicker Fen Wind Farm,Wind farm,,
United Kingdom,Q145,http://www.wikidata.org/entity/Q116036189,Drone Hill Wind Farm,Wind farm,,
United Kingdom,Q145,http://www.wikidata.org/entity/Q114030626,Boyndie Wind Farm,Wind farm,57.665294,-2.6494898
United Kingdom,Q145,http://www.wikidata.org/entity/Q614982,Braes of Doune Wind Farm,Wind farm,56.2761,-4.0625
United Kingdom,Q145,http://www.wikidata.org/entity/Q15224579,Holmside Hall Wind Farm,Wind farm,54.8472,-1.68694
Germany,Q183,http://www.wikidata.org/entity/Q56155208,Harlingerode wind farm,Wind farm,51.919444444,10.511388888
Germany,Q183,http://www.wikidata.org/entity/Q110270921,Windpark Oberkochen,Wind farm,48.770681161,10.12015971
Germany,Q183,http://www.wikidata.org/entity/Q116477876,Q116477876,Wind farm,48.51983,9.6557
Germany,Q183,http://www.wikidata.org/entity/Q97024995,Q97024995,Wind farm,50.8469,6.4805
Germany,Q183,http://www.wikidata.org/entity/Q1531679,Global Tech I Offshore Wind Farm,Wind farm,54.5,6.35833333
Germany,Q183,http://www.wikidata.org/entity/Q55381734,Feldheim wind farm,Wind farm,52.001388888,12.830833333
Germany,Q183,http://www.wikidata.org/entity/Q77078488,Windpark Ellhöft,Wind farm,54.889669,8.951811
Germany,Q183,http://www.wikidata.org/entity/Q893869,Borkum Riffgrund Offshore Wind Farms,Wind farm,53.965555555,6.503611111
Germany,Q183,http://www.wikidata.org/entity/Q631503,Arcadis Ost 1 Offshore Wind Farm,Wind farm,54.8,13.68333333
Germany,Q183,http://www.wikidata.org/entity/Q97688887,Q97688887,Wind farm,48.54551,9.70106
Germany,Q183,http://www.wikidata.org/entity/Q126953094,Q126953094,Wind farm,50.9322,12.66
Germany,Q183,http://www.wikidata.org/entity/Q119508285,Windpark Völkersen,Wind farm,53.0206,9.2195
Germany,Q183,http://www.wikidata.org/entity/Q130841690,Q130841690,Wind farm,49.5826183,9.4577652
Germany,Q183,http://www.wikidata.org/entity/Q1453474,Hohe See Offshore Wind Farm,Wind farm,54.43333333,6.31666667
Germany,Q183,http://www.wikidata.org/entity/Q111472730,Q111472730,Wind farm,49.534609202,9.399676321
Germany,Q183,http://www.wikidata.org/entity/Q27478605,Q27478605,Wind farm,51.1372963,11.961236
Germany,Q183,http://www.wikidata.org/entity/Q61679314,Dwarstief wind farm,Wind farm,53.182666666,7.347222222
Germany,Q183,http://www.wikidata.org/entity/Q55816229,Meerberg wind farm,Wind farm,52.267777777,9.908888888
Germany,Q183,http://www.wikidata.org/entity/Q96000459,Q96000459,Wind farm,51.05634,6.49929
Germany,Q183,http://www.wikidata.org/entity/Q127012295,Q127012295,Wind farm,51.09155,12.956469444
Germany,Q183,http://www.wikidata.org/entity/Q477860,Amrumbank West,Wind farm,54.5227,7.7048
Germany,Q183,http://www.wikidata.org/entity/Q55437660,Bönen wind farm,Wind farm,51.621111111,7.755555555
Germany,Q183,http://www.wikidata.org/entity/Q55380929,Bernsdorf/Gersdorf wind farm,Wind farm,50.762777777,12.682222222
Germany,Q183,http://www.wikidata.org/entity/Q55437522,Rotes Land wind farm,Wind farm,51.456111111,8.918611111
Germany,Q183,http://www.wikidata.org/entity/Q128790239,Q128790239,Wind farm,51.1565281,13.922438
Germany,Q183,http://www.wikidata.org/entity/Q1350417,He Dreiht Offshore Wind Farm,Wind farm,54.35,6.2
Germany,Q183,http://www.wikidata.org/entity/Q38588954,Q38588954,Wind farm,49.00146,10.75918
Germany,Q183,http://www.wikidata.org/entity/Q64584890,Neutscher Höhe wind farm,Wind farm,49.7686,8.7054
Germany,Q183,http://www.wikidata.org/entity/Q75269570,Q75269570,Wind farm,51.2407,6.5866
Germany,Q183,http://www.wikidata.org/entity/Q56558844,Kandrich wind farm,Wind farm,49.996388888,7.730833333
Germany,Q183,http://www.wikidata.org/entity/Q130324023,Wind farm  Werder-Zinndorf,Wind farm,52.5026,13.954
Germany,Q183,http://www.wikidata.org/entity/Q118719908,Q118719908,Wind farm,49.557207957,9.303872638
Germany,Q183,http://www.wikidata.org/entity/Q111409091,Windpark Klettwitz,Wind farm,51.547045845,13.86859546
Germany,Q183,http://www.wikidata.org/entity/Q55437095,Freiensteinau wind farm,Wind farm,50.395,9.391944444
Germany,Q183,http://www.wikidata.org/entity/Q110271216,Q110271216,Wind farm,48.760998383,10.171696314
Germany,Q183,http://www.wikidata.org/entity/Q265281,Alpha Ventus Offshore Wind Farm,Wind farm,54.0112,6.6078
Germany,Q183,http://www.wikidata.org/entity/Q121322800,Q121322800,Wind farm,49.462426326,9.507553822
Germany,Q183,http://www.wikidata.org/entity/Q61658807,Altlandsberg Wind Farm,Wind farm,52.605833333,13.784722222
Germany,Q183,http://www.wikidata.org/entity/Q132449553,Windpark Edemannswisch,Wind farm,,
Germany,Q183,http://www.wikidata.org/entity/Q657458,Baltic 1 Offshore Wind Farm,Wind farm,54.61388889,12.66666667
Germany,Q183,http://www.wikidata.org/entity/Q112195571,Windpark Nordschwarzwald,Wind farm,48.6259453,8.465631
Germany,Q183,http://www.wikidata.org/entity/Q127830006,Q127830006,Wind farm,48.52222,9.69332
Germany,Q183,http://www.wikidata.org/entity/Q795432,BARD Offshore 1,Wind farm,54.35833333,5.975
Germany,Q183,http://www.wikidata.org/entity/Q893871,Borkum West II,Wind farm,54.04166667,6.46666667
Germany,Q183,http://www.wikidata.org/entity/Q134580648,Q134580648,Wind farm,47.960085,9.445385
Germany,Q183,http://www.wikidata.org/entity/Q1448319,Nordsee Ost offshore wind farm,Wind farm,54.43333333,7.68333333
Germany,Q183,http://www.wikidata.org/entity/Q1017878,Butendiek Offshore Wind Farm,Wind farm,55.0136,7.7687
Germany,Q183,http://www.wikidata.org/entity/Q1158959,DanTysk Offshore Wind Farm,Wind farm,55.14,7.2
Germany,Q183,http://www.wikidata.org/entity/Q58853561,Windpark Immenrode,Wind farm,51.943887,10.489138
Germany,Q183,http://www.wikidata.org/entity/Q893870,Borkum Riffgrund West offshore wind farm,Wind farm,54.05,6.21666667
Germany,Q183,http://www.wikidata.org/entity/Q55437421,Blaues Eck wind farm,Wind farm,50.445833333,9.419166666
Germany,Q183,http://www.wikidata.org/entity/Q38856579,Kloppberg wind farm,Wind farm,49.73833333,8.20138889
Germany,Q183,http://www.wikidata.org/entity/Q111472767,Windpark Altheimer Höhe,Wind farm,49.528981242,9.476286143
Germany,Q183,http://www.wikidata.org/entity/Q97102031,Q97102031,Wind farm,,
Germany,Q183,http://www.wikidata.org/entity/Q97385470,Q97385470,Wind farm,,
Germany,Q183,http://www.wikidata.org/entity/Q97585662,Q97585662,Wind farm,,
Germany,Q183,http://www.wikidata.org/entity/Q97688881,Q97688881,Wind farm,,
Germany,Q183,http://www.wikidata.org/entity/Q26836631,Pamsendorf wind farm,Wind farm,49.48599,12.29415
Germany,Q183,http://www.wikidata.org/entity/Q56187162,Schlewecke wind farm,Wind farm,51.908333333,10.539166666
Germany,Q183,http://www.wikidata.org/entity/Q1316695,Sandbank Offshore Wind Farm,Wind farm,55.18333333,6.85
Germany,Q183,http://www.wikidata.org/entity/Q131379094,Q131379094,Wind farm,51.128281,12.643463
Germany,Q183,http://www.wikidata.org/entity/Q1184907,Delta Nordsee 1 Offshore Wind Farm,Wind farm,54.03333333,6.75833333
Germany,Q183,http://www.wikidata.org/entity/Q124043451,Q124043451,Wind farm,52.317833333,8.019305555
Germany,Q183,http://www.wikidata.org/entity/Q123035663,Q123035663,Wind farm,50.5467,8.27833
Germany,Q183,http://www.wikidata.org/entity/Q124287313,Q124287313,Wind farm,48.77598,9.47135
Germany,Q183,http://www.wikidata.org/entity/Q98240493,Q98240493,Wind farm,50.8643,6.2585
Germany,Q183,http://www.wikidata.org/entity/Q106441157,Q106441157,Wind farm,,
Germany,Q183,http://www.wikidata.org/entity/Q106450429,Q106450429,Wind farm,,
Germany,Q183,http://www.wikidata.org/entity/Q106451376,Q106451376,Wind farm,,
Germany,Q183,http://www.wikidata.org/entity/Q106464805,Q106464805,Wind farm,,
Germany,Q183,http://www.wikidata.org/entity/Q121322860,Q121322860,Wind farm,49.416838789,9.487942152
Germany,Q183,http://www.wikidata.org/entity/Q107604233,Q107604233,Wind farm,,
Germany,Q183,http://www.wikidata.org/entity/Q80977518,Q80977518,Wind farm,48.020758623,9.566064396
Germany,Q183,http://www.wikidata.org/entity/Q109867602,Q109867602,Wind farm,49.6495,8.0567
Germany,Q183,http://www.wikidata.org/entity/Q129262605,Windpark Sipsdorf,Wind farm,54.250138888,10.854833333
Germany,Q183,http://www.wikidata.org/entity/Q106518354,Windpark Wülfershausen-Wargolshausen,Wind farm,,
Germany,Q183,http://www.wikidata.org/entity/Q107134839,Q107134839,Wind farm,49.363888888,7.448611111
Germany,Q183,http://www.wikidata.org/entity/Q132060455,Q132060455,Wind farm,49.5386783,9.4127501
Germany,Q183,http://www.wikidata.org/entity/Q134561558,Q134561558,Wind farm,47.901815,9.659128
Germany,Q183,http://www.wikidata.org/entity/Q121418235,Q121418235,Wind farm,49.557061954,9.516441066
Germany,Q183,http://www.wikidata.org/entity/Q111409709,Q111409709,Wind farm,51.746521546,13.877529163
Germany,Q183,http://www.wikidata.org/entity/Q127433583,Q127433583,Wind farm,48.412222222,10.5175
Germany,Q183,http://www.wikidata.org/entity/Q107475864,Q107475864,Wind farm,52.17276,10.42286
Germany,Q183,http://www.wikidata.org/entity/Q55437385,Hainhaus wind farm,Wind farm,49.747222222,9.080277777
Germany,Q183,http://www.wikidata.org/entity/Q110091219,Q110091219,Wind farm,49.9395,8.248
Germany,Q183,http://www.wikidata.org/entity/Q55437337,Crainfeld wind farm,Wind farm,50.475277777,9.355555555
Germany,Q183,http://www.wikidata.org/entity/Q104623265,Q104623265,Wind farm,,
Germany,Q183,http://www.wikidata.org/entity/Q126385241,Q126385241,Wind farm,,
Germany,Q183,http://www.wikidata.org/entity/Q127012414,Q127012414,Wind farm,51.103861111,12.954111111
Germany,Q183,http://www.wikidata.org/entity/Q130689466,Q130689466,Wind farm,,
Germany,Q183,http://www.wikidata.org/entity/Q124313964,Q124313964,Wind farm,53.52237,13.84973
Germany,Q183,http://www.wikidata.org/entity/Q122901085,Q122901085,Wind farm,49.813333,8.017778
Germany,Q183,http://www.wikidata.org/entity/Q26836623,Hollich wind farm,Wind farm,52.1772,7.39
Germany,Q183,http://www.wikidata.org/entity/Q127652958,Wind farm Schermen,Wind farm,52.2085,11.822667
Germany,Q183,http://www.wikidata.org/entity/Q126951041,Q126951041,Wind farm,51.683888888,11.797777777
Germany,Q183,http://www.wikidata.org/entity/Q27431246,Lauterstein wind farm,Wind farm,48.7403,9.9101
Germany,Q183,http://www.wikidata.org/entity/Q111317607,Kaskasi Offshore Wind Farm,Wind farm,54.483333333,7.683333333
Germany,Q183,http://www.wikidata.org/entity/Q1614553,Fleschenbach-Neustall wind farm,Wind farm,50.395,9.39194
Germany,Q183,http://www.wikidata.org/entity/Q134600068,Q134600068,Wind farm,47.867071,9.299834
Germany,Q183,http://www.wikidata.org/entity/Q111472796,Q111472796,Wind farm,49.557929637,9.25385438
Germany,Q183,http://www.wikidata.org/entity/Q2583827,Asseln wind farm,Wind farm,51.64,8.90972
Germany,Q183,http://www.wikidata.org/entity/Q121417113,Q121417113,Wind farm,49.51949607,9.516625533
Germany,Q183,http://www.wikidata.org/entity/Q2583936,Sintfeld wind farm,Wind farm,51.525,8.82778
Germany,Q183,http://www.wikidata.org/entity/Q2583899,Kirchberg wind farm,Wind farm,50.0035,7.38676
Germany,Q183,http://www.wikidata.org/entity/Q111472865,Q111472865,Wind farm,49.393211655,9.537099301
Germany,Q183,http://www.wikidata.org/entity/Q2583879,Q2583879,Wind farm,53.4931,7.42444
Germany,Q183,http://www.wikidata.org/entity/Q22694641,Windpark Harthäuser Wald,Wind farm,49.30139,9.40658
Germany,Q183,http://www.wikidata.org/entity/Q60183426,Gode Wind I Wind Farm,Wind farm,54.066666666,7.033333333
Germany,Q183,http://www.wikidata.org/entity/Q2583908,Kisselbach wind farm,Wind farm,50.0586,7.63139
Germany,Q183,http://www.wikidata.org/entity/Q1387315,Schneebergerhof Wind Park,Wind farm,49.6787,7.89603
Germany,Q183,http://www.wikidata.org/entity/Q1643971,Nördlicher Grund Offshore Wind Farm,Wind farm,55.05,6.91666667
Germany,Q183,http://www.wikidata.org/entity/Q1149980,Werder/Kessin Wind Farm,Wind farm,53.7154,13.3199
Germany,Q183,http://www.wikidata.org/entity/Q23694574,Veja Mate Offshore Wind Farm,Wind farm,54.318,5.872
Germany,Q183,http://www.wikidata.org/entity/Q2583888,Hohenahr wind farm,Wind farm,50.6351,8.49827
Germany,Q183,http://www.wikidata.org/entity/Q1532376,Unzenberg wind farm,Wind farm,49.9801,7.44979
Germany,Q183,http://www.wikidata.org/entity/Q134605282,Q134605282,Wind farm,48.130448,9.289163
Germany,Q183,http://www.wikidata.org/entity/Q2583922,Windpark Pilsum,Wind farm,53.4853,7.04111
Germany,Q183,http://www.wikidata.org/entity/Q15854782,Windenergiepark Westküste,Wind farm,53.927333,8.950066
Germany,Q183,http://www.wikidata.org/entity/Q24565447,Schwarzenberg wind farm,Wind farm,50.894027777,8.493555555
Germany,Q183,http://www.wikidata.org/entity/Q15135066,Große Schanze wind farm,Wind farm,51.422654,11.834457
Germany,Q183,http://www.wikidata.org/entity/Q1645662,Cuxhaven offshore wind turbine test site,Wind farm,53.8422,8.75861
Germany,Q183,http://www.wikidata.org/entity/Q111313933,Gode Wind III Wind Farm,Wind farm,54.0444,7.1152
Germany,Q183,http://www.wikidata.org/entity/Q23746783,Q23746783,Wind farm,50.732416666,12.556972222
Germany,Q183,http://www.wikidata.org/entity/Q7123705,Paderborn Wind Farm,Wind farm,,
Germany,Q183,http://www.wikidata.org/entity/Q1454987,Windpark Himmelberg,Wind farm,48.3693,9.151
Germany,Q183,http://www.wikidata.org/entity/Q18632973,Q18632973,Wind farm,52.060111,14.382103
Germany,Q183,http://www.wikidata.org/entity/Q26489844,Baltic 2 Offshore Wind Farm,Wind farm,54.973333333,13.177777777
Germany,Q183,http://www.wikidata.org/entity/Q1640638,Schacht Konrad wind farm,Wind farm,52.1941,10.3875
Germany,Q183,http://www.wikidata.org/entity/Q1342299,Rysumer Nacken wind farm,Wind farm,53.349478,7.015991
Germany,Q183,http://www.wikidata.org/entity/Q22694642,Hilsberg wind farm,Wind farm,50.803333,8.505278
Germany,Q183,http://www.wikidata.org/entity/Q2583945,Spremberg Wind Park,Wind farm,51.5464,14.4244
Germany,Q183,http://www.wikidata.org/entity/Q16858061,Hesselbach Wind Farm,Wind farm,50.907594,8.3839
Germany,Q183,http://www.wikidata.org/entity/Q2583912,Q2583912,Wind farm,51.5464,13.8686
Germany,Q183,http://www.wikidata.org/entity/Q1545328,Meerwind Offshore Wind Farm,Wind farm,54.38333333,7.68333333
Germany,Q183,http://www.wikidata.org/entity/Q1563877,Riffgat Offshore Wind Farm,Wind farm,53.69,6.48
Germany,Q183,http://www.wikidata.org/entity/Q123051228,Borkum Riffgrund 3 Offshore Wind Farm,Wind farm,54.043,6.196
Germany,Q183,http://www.wikidata.org/entity/Q15119160,Merkur Offshore Wind Farm,Wind farm,54.03333333,6.55
Germany,Q183,http://www.wikidata.org/entity/Q23788021,Weißenberg wind farm,Wind farm,50.8772,8.5169
Germany,Q183,http://www.wikidata.org/entity/Q18335026,Windpark Sohl,Wind farm,50.884138,8.319569
Germany,Q183,http://www.wikidata.org/entity/Q26836668,Arkona Offshore Wind Farm,Wind farm,54.782,14.121
Germany,Q183,http://www.wikidata.org/entity/Q2583874,Ellern wind farm,Wind farm,49.968,7.66049
Germany,Q183,http://www.wikidata.org/entity/Q14551284,wind farms in Ulrichstein,Wind farm,50.5575,9.13583333
Germany,Q183,http://www.wikidata.org/entity/Q2583480,Vogelsberg wind farm,Wind farm,50.4644,9.28917
Germany,Q183,http://www.wikidata.org/entity/Q6036108,Innogy Nordsee 1,Wind farm,53.979,6.814
Germany,Q183,http://www.wikidata.org/entity/Q2583946,Wybelsumer Polder wind farm,Wind farm,53.3375,7.09583
Germany,Q183,http://www.wikidata.org/entity/Q22032528,Nordsee One offshore wind farm,Wind farm,53.979,6.814
Germany,Q183,http://www.wikidata.org/entity/Q134589575,Q134589575,Wind farm,47.871295,9.303862
Germany,Q183,http://www.wikidata.org/entity/Q38015823,Deutsche Bucht Offshore Wind Farm,Wind farm,54.30497222,5.799
Germany,Q183,http://www.wikidata.org/entity/Q1533672,Gode Wind II Wind Farm,Wind farm,54.05,7.01666667
Germany,Q183,http://www.wikidata.org/entity/Q60203273,Borkum Riffgrund 1 Offshore Wind Farm,Wind farm,53.966666666,6.55
Germany,Q183,http://www.wikidata.org/entity/Q111472813,Q111472813,Wind farm,49.529916967,9.372213586
Germany,Q183,http://www.wikidata.org/entity/Q111313584,Baltic Eagle Offshore Wind Farm,Wind farm,54.8248,13.8617
Germany,Q183,http://www.wikidata.org/entity/Q23787849,Windpark Sindersdorf,Wind farm,49.1675,11.265
Germany,Q183,http://www.wikidata.org/entity/Q2583939,Stötten wind farm,Wind farm,48.6628,9.85778
Germany,Q183,http://www.wikidata.org/entity/Q2583905,Windpark Holtriem,Wind farm,53.6103,7.42917
Germany,Q183,http://www.wikidata.org/entity/Q56026050,Borkum Riffgrund 2 Offshore Wind Farm,Wind farm,53.946944444,6.485277777
Germany,Q183,http://www.wikidata.org/entity/Q2583837,Berching wind farm,Wind farm,49.090833333,11.499444444
Germany,Q183,http://www.wikidata.org/entity/Q111313582,Q111313582,Wind farm,,
Germany,Q183,http://www.wikidata.org/entity/Q111313583,Q111313583,Wind farm,,
Germany,Q183,http://www.wikidata.org/entity/Q2016010,Albatros offshore wind farm,Wind farm,54.5,6.4
Germany,Q183,http://www.wikidata.org/entity/Q1382226,Neuerkirch wind farm,Wind farm,50.026666666,7.504444444
Germany,Q183,http://www.wikidata.org/entity/Q2583863,Q2583863,Wind farm,51.9761,11.4548
Germany,Q183,http://www.wikidata.org/entity/Q116785236,Q116785236,Wind farm,,
Germany,Q183,http://www.wikidata.org/entity/Q1678174,Jade wind farm,Wind farm,53.6164,8.05085
Germany,Q183,http://www.wikidata.org/entity/Q2583926,Plauerhagen wind farm,Wind farm,53.4967,12.2308
Germany,Q183,http://www.wikidata.org/entity/Q15110350,Q15110350,Wind farm,49.83,8.13861111
Germany,Q183,http://www.wikidata.org/entity/Q120645082,Q120645082,Wind farm,,
Germany,Q183,http://www.wikidata.org/entity/Q1116510,Külz wind farm,Wind farm,50.0075,7.49556
Germany,Q183,http://www.wikidata.org/entity/Q2583919,Klosterkumbd wind farm,Wind farm,50.0403,7.5148
Germany,Q183,http://www.wikidata.org/entity/Q2583932,Reußenköge Wind Farm,Wind farm,54.6111,8.90361
Germany,Q183,http://www.wikidata.org/entity/Q26220548,Wikinger Offshore Wind Farm,Wind farm,54.834,14.068
Germany,Q183,http://www.wikidata.org/entity/Q19979448,Nordergründe Offshore Wind Farm,Wind farm,53.835,8.168
Germany,Q183,http://www.wikidata.org/entity/Q134705356,Q134705356,Wind farm,,
Germany,Q183,http://www.wikidata.org/entity/Q1520615,Druiberg wind farm,Wind farm,51.9897,10.8333
Germany,Q183,http://www.wikidata.org/entity/Q2583848,Bütow/Zepkow Wind Farm,Wind farm,53.3267,12.4861
Romania,Q218,http://www.wikidata.org/entity/Q5381774,Eolica Mihai Viteazu Wind Farm,Wind farm,44.65577778,28.63183333
Romania,Q218,http://www.wikidata.org/entity/Q56026040,Q56026040,Wind farm,44.49625,28.34044444
Romania,Q218,http://www.wikidata.org/entity/Q16254974,Blue Investment Baia Wind Farm,Wind farm,,
Romania,Q218,http://www.wikidata.org/entity/Q16981958,Gheorgheni Wind Farm,Wind farm,,
Romania,Q218,http://www.wikidata.org/entity/Q17030185,Sălbatica I Wind Farm,Wind farm,,
Romania,Q218,http://www.wikidata.org/entity/Q4677449,Activ Business Casimcea Wind Farm,Wind farm,,
Romania,Q218,http://www.wikidata.org/entity/Q4735141,Alpha Wind Casimcea Wind Farm,Wind farm,,
Romania,Q218,http://www.wikidata.org/entity/Q4827356,Aușeu-Borod Wind Farm,Wind farm,,
Romania,Q218,http://www.wikidata.org/entity/Q4923431,Blackstone Wind Farm,Wind farm,,
Romania,Q218,http://www.wikidata.org/entity/Q5169778,Corbița Wind Farm,Wind farm,,
Romania,Q218,http://www.wikidata.org/entity/Q5253624,Deleni Wind Farm,Wind farm,,
Romania,Q218,http://www.wikidata.org/entity/Q5286773,Dobrogea Wind Farm,Wind farm,,
Romania,Q218,http://www.wikidata.org/entity/Q5298151,Dorobanțu Wind Farm,Wind farm,,
Romania,Q218,http://www.wikidata.org/entity/Q5322867,EDP Sarichioi Wind Farm,Wind farm,,
Romania,Q218,http://www.wikidata.org/entity/Q5323786,EOL Săcele Wind Farm,Wind farm,,
Romania,Q218,http://www.wikidata.org/entity/Q5376734,Enel Corugea Wind Farm,Wind farm,,
Romania,Q218,http://www.wikidata.org/entity/Q5376733,Enel Agighiol Wind Farm,Wind farm,,
Romania,Q218,http://www.wikidata.org/entity/Q5381767,Eolica Baia Wind Farm,Wind farm,,
Romania,Q218,http://www.wikidata.org/entity/Q5381764,Eolgen Racovițeni Wind Farm,Wind farm,,
Romania,Q218,http://www.wikidata.org/entity/Q5381770,Eolica Cogealac Wind Farm,Wind farm,,
Romania,Q218,http://www.wikidata.org/entity/Q5381771,Eolica Corbu Wind Farm,Wind farm,,
Romania,Q218,http://www.wikidata.org/entity/Q5381768,Eolica Beidaud Wind Farm,Wind farm,,
Romania,Q218,http://www.wikidata.org/entity/Q5381769,Eolica Casimcea Wind Farm,Wind farm,,
Romania,Q218,http://www.wikidata.org/entity/Q5381775,Eolica Pantelimon Wind Farm,Wind farm,,
Romania,Q218,http://www.wikidata.org/entity/Q5381772,Eolica Grǎdina Wind Farm,Wind farm,,
Romania,Q218,http://www.wikidata.org/entity/Q5381773,Eolica Istria Wind Farm,Wind farm,,
Romania,Q218,http://www.wikidata.org/entity/Q5381778,Eolica Sǎcele Wind Farm,Wind farm,,
Romania,Q218,http://www.wikidata.org/entity/Q5381776,Eolica Sarichioi Wind Farm,Wind farm,,
Romania,Q218,http://www.wikidata.org/entity/Q5381789,Eolus Vind Wind Farm,Wind farm,,
Romania,Q218,http://www.wikidata.org/entity/Q5420335,Eximprod Galați Wind Farm,Wind farm,,
Romania,Q218,http://www.wikidata.org/entity/Q5602514,Green Energy Wind Farm,Wind farm,,
Romania,Q218,http://www.wikidata.org/entity/Q6819039,Mereni Wind Farm,Wind farm,,
Romania,Q218,http://www.wikidata.org/entity/Q6950787,Mărișelu Wind Farm,Wind farm,,
Romania,Q218,http://www.wikidata.org/entity/Q7105447,Orșova Wind Farm,Wind farm,,
Romania,Q218,http://www.wikidata.org/entity/Q7158667,Pechea Wind Farm,Wind farm,,
Romania,Q218,http://www.wikidata.org/entity/Q7375488,Roșiești Wind Farm,Wind farm,,
Romania,Q218,http://www.wikidata.org/entity/Q7396270,Sabloal Valea Dacilor Wind Farm,Wind farm,,
Romania,Q218,http://www.wikidata.org/entity/Q7507088,Sibioara Wind Farm,Wind farm,,
Romania,Q218,http://www.wikidata.org/entity/Q7525192,Sinus Holding Wind Farm,Wind farm,,
Romania,Q218,http://www.wikidata.org/entity/Q7910126,Valea Nucarilor Wind Farm,Wind farm,,
Romania,Q218,http://www.wikidata.org/entity/Q7920997,Verbund Casimcea Wind Farm,Wind farm,,
Romania,Q218,http://www.wikidata.org/entity/Q7944905,Văcăreni Wind Farm,Wind farm,,
Romania,Q218,http://www.wikidata.org/entity/Q5322864,EDP Cernavodă Wind Farm,Wind farm,44.315277777,28.113055555
Romania,Q218,http://www.wikidata.org/entity/Q4837422,Babadag Wind Farm,Wind farm,44.90166667,28.68972222
Romania,Q218,http://www.wikidata.org/entity/Q5322865,EDP Peștera Wind Farm,Wind farm,44.21008333,28.04733333
Romania,Q218,http://www.wikidata.org/entity/Q760828,Fântânele-Cogealac Wind Farm,Wind farm,44.59027778,28.56527778
Denmark,Q35,http://www.wikidata.org/entity/Q112618822,Aflandshage wind farm,Wind farm,55.4646,12.571
Denmark,Q35,http://www.wikidata.org/entity/Q1699945,Anholt Offshore Wind Farm,Wind farm,56.6,11.21
Denmark,Q35,http://www.wikidata.org/entity/Q113606285,Vindpark Ulkær Mose,Wind farm,56.1174,9.2426
Denmark,Q35,http://www.wikidata.org/entity/Q1628570,Horns Rev 1 Offshore Wind Farm,Wind farm,55.52972222,7.90611111
Denmark,Q35,http://www.wikidata.org/entity/Q56026056,Horns Rev 3 Offshore Wind Farm,Wind farm,55.696944444,7.669166666
Denmark,Q35,http://www.wikidata.org/entity/Q934359,Nysted Wind Farm,Wind farm,54.5349,11.6672
Denmark,Q35,http://www.wikidata.org/entity/Q29017975,Rønland Wind Farm,Wind farm,56.66277778,8.21944444
Denmark,Q35,http://www.wikidata.org/entity/Q23585880,Vindeby Offshore Wind Farm,Wind farm,54.97,11.13
Denmark,Q35,http://www.wikidata.org/entity/Q56026044,Sprogø Offshore Wind Farm,Wind farm,55.343888888,10.961944444
Denmark,Q35,http://www.wikidata.org/entity/Q56026062,Nissum Bredning Wind Farm,Wind farm,56.67,8.243888888
Denmark,Q35,http://www.wikidata.org/entity/Q1424160,Høvsøre Test Centre,Wind farm,56.444,8.148
Denmark,Q35,http://www.wikidata.org/entity/Q26921064,Vesterhav Offshore Wind Farm,Wind farm,,
Denmark,Q35,http://www.wikidata.org/entity/Q29017973,Tunø Knob Offshore Wind Farm,Wind farm,55.96944444,10.35555556
Denmark,Q35,http://www.wikidata.org/entity/Q15962074,Østerild Wind Turbine Test Field,Wind farm,57.0516083,8.8840556
Denmark,Q35,http://www.wikidata.org/entity/Q108287302,Turebylille Vindmøllepark,Wind farm,55.3583,12.09876
Denmark,Q35,http://www.wikidata.org/entity/Q110489666,Rendbæk Øst,Wind farm,57.2269,9.7475
Denmark,Q35,http://www.wikidata.org/entity/Q12341115,Nørrekær Enge Wind Farm,Wind farm,57.0042,9.36417
Denmark,Q35,http://www.wikidata.org/entity/Q1208763,Middelgrunden Wind Farm,Wind farm,55.690963,12.67024
Denmark,Q35,http://www.wikidata.org/entity/Q66323456,Vesterhav Syd,Wind farm,56.06321,8.0486
Denmark,Q35,http://www.wikidata.org/entity/Q97013437,Hvide Sande Nordhavn Vindmøllepark,Wind farm,56.00446,8.1122
Denmark,Q35,http://www.wikidata.org/entity/Q111517440,Thor offshore wind farm,Wind farm,56.2129,7.416
Denmark,Q35,http://www.wikidata.org/entity/Q12344004,Avedøre Holme Wind Farm,Wind farm,55.6023,12.4612
Denmark,Q35,http://www.wikidata.org/entity/Q27825141,Kriegers Flak Offshore Wind Farm,Wind farm,55.0658,13.0089
Denmark,Q35,http://www.wikidata.org/entity/Q5904482,Horns Rev 2 Offshore Wind Farm,Wind farm,55.598333333,7.576111111
Denmark,Q35,http://www.wikidata.org/entity/Q108293487,Q108293487,Wind farm,54.7625,11.0077
Denmark,Q35,http://www.wikidata.org/entity/Q56026045,Rødsand II Offshore Wind Farm,Wind farm,54.56,11.55
Denmark,Q35,http://www.wikidata.org/entity/Q56026052,Frederikshavn Wind Farm,Wind farm,57.444444444,10.561111111
Denmark,Q35,http://www.wikidata.org/entity/Q106088778,Rødsand I Offshore Wind Farm,Wind farm,54.5497969,11.7083075
Denmark,Q35,http://www.wikidata.org/entity/Q56026048,Samsø Offshore Wind Farm,Wind farm,55.723055555,10.584722222
Denmark,Q35,http://www.wikidata.org/entity/Q108287535,Prøvestenen Vindmøllepark,Wind farm,55.6738,12.64281
Denmark,Q35,http://www.wikidata.org/entity/Q60448689,Horns Rev offshore wind farm complex,Wind farm,55.529722,7.906111
New Zealand,Q664,http://www.wikidata.org/entity/Q6930400,Mt Stuart Wind Farm,Wind farm,-46.07222222,169.76722222
New Zealand,Q664,http://www.wikidata.org/entity/Q7994795,White Hill Wind Farm,Wind farm,-45.7525,168.272
New Zealand,Q664,http://www.wikidata.org/entity/Q7854981,Turitea Wind Farm,Wind farm,-40.4411,175.671
New Zealand,Q664,http://www.wikidata.org/entity/Q6672578,Long Gully Wind Farm,Wind farm,-41.32666667,174.71777778
New Zealand,Q664,http://www.wikidata.org/entity/Q7259126,Puketiro Wind Farm,Wind farm,-41.053373,174.937723
New Zealand,Q664,http://www.wikidata.org/entity/Q7690758,Te Āpiti Wind Farm,Wind farm,-40.2961,175.808
New Zealand,Q664,http://www.wikidata.org/entity/Q6858304,Mill Creek Wind Farm,Wind farm,-41.21222222,174.73888889
New Zealand,Q664,http://www.wikidata.org/entity/Q6348695,Kaiwera Downs Wind Farm,Wind farm,-46.2414,169.056
New Zealand,Q664,http://www.wikidata.org/entity/Q15207870,Castle Hill Wind Farm,Wind farm,-40.71666667,175.93333333
New Zealand,Q664,http://www.wikidata.org/entity/Q5682296,Hauauru ma raki,Wind farm,-37.56777778,174.805
New Zealand,Q664,http://www.wikidata.org/entity/Q120962108,Slopedown Wind Farm,Wind farm,-46.351111111,169.068333333
New Zealand,Q664,http://www.wikidata.org/entity/Q108122994,Kaiwaikawe Wind Farm,Wind farm,-35.869055555,173.730791666
New Zealand,Q664,http://www.wikidata.org/entity/Q7249136,Project Hayes,Wind farm,-45.51083333,169.88416667
New Zealand,Q664,http://www.wikidata.org/entity/Q5684897,Harapaki wind farm,Wind farm,-39.18388889,176.69305556
New Zealand,Q664,http://www.wikidata.org/entity/Q5682287,Hau Nui Wind Farm,Wind farm,-41.3617,175.484
New Zealand,Q664,http://www.wikidata.org/entity/Q7249153,Project Hurunui,Wind farm,-42.992595,172.958794
New Zealand,Q664,http://www.wikidata.org/entity/Q15256729,Mount Cass Wind Farm,Wind farm,-43.075,172.8375
New Zealand,Q664,http://www.wikidata.org/entity/Q7690963,Te Rere Hau Wind Farm,Wind farm,-40.3883,175.724
New Zealand,Q664,http://www.wikidata.org/entity/Q7691012,Te Waka Wind Farm,Wind farm,-39.2056,176.687
New Zealand,Q664,http://www.wikidata.org/entity/Q28180573,Waipipi Wind Farm,Wind farm,-39.78333333,174.55
New Zealand,Q664,http://www.wikidata.org/entity/Q123411828,Flat Hill Wind Farm,Wind farm,-46.580833333,168.285
New Zealand,Q664,http://www.wikidata.org/entity/Q15243749,Mahinerangi Wind Farm,Wind farm,-45.76055556,169.905
New Zealand,Q664,http://www.wikidata.org/entity/Q134261493,Jericho Wind Farm,Wind farm,-45.7251,167.6622
New Zealand,Q664,http://www.wikidata.org/entity/Q107490195,Puketoi Wind Farm,Wind farm,-40.539722222,176.056388888
New Zealand,Q664,http://www.wikidata.org/entity/Q7960437,Waitahora Wind Farm,Wind farm,-40.3623,176.173
New Zealand,Q664,http://www.wikidata.org/entity/Q7685516,Tararua Wind Farm,Wind farm,-40.3461,175.78
New Zealand,Q664,http://www.wikidata.org/entity/Q7370616,Rototuna Wind Farm,Wind farm,-36.25,174.03
New Zealand,Q664,http://www.wikidata.org/entity/Q7249025,Project Huriwaka,Wind farm,-39.531116666,175.807138888
New Zealand,Q664,http://www.wikidata.org/entity/Q4830048,Awhitu Wind Farm,Wind farm,-37.26666667,174.66666667
New Zealand,Q664,http://www.wikidata.org/entity/Q7249372,Project West Wind,Wind farm,-41.2764,174.66
New Zealand,Q664,http://www.wikidata.org/entity/Q7691000,Te Uku Wind Farm,Wind farm,-37.8783,174.963
Japan,Q17,http://www.wikidata.org/entity/Q11574221,Q11574221,Wind farm,31.833497,129.909918
Japan,Q17,http://www.wikidata.org/entity/Q11570297,Q11570297,Wind farm,31.67179167,130.5962
Japan,Q17,http://www.wikidata.org/entity/Q1105536,Nunobiki Plateau Wind Farm,Wind farm,37.334444444,140.046638888
Japan,Q17,http://www.wikidata.org/entity/Q11488821,Q11488821,Wind farm,,
Japan,Q17,http://www.wikidata.org/entity/Q11501422,Q11501422,Wind farm,,
Japan,Q17,http://www.wikidata.org/entity/Q11551245,Q11551245,Wind farm,,
Japan,Q17,http://www.wikidata.org/entity/Q11576286,Q11576286,Wind farm,,
Japan,Q17,http://www.wikidata.org/entity/Q11598414,Q11598414,Wind farm,,
Japan,Q17,http://www.wikidata.org/entity/Q11615174,Q11615174,Wind farm,,
Japan,Q17,http://www.wikidata.org/entity/Q11620640,Q11620640,Wind farm,,
Japan,Q17,http://www.wikidata.org/entity/Q11642086,Q11642086,Wind farm,,
Japan,Q17,http://www.wikidata.org/entity/Q11646192,Q11646192,Wind farm,,
Japan,Q17,http://www.wikidata.org/entity/Q11652303,Q11652303,Wind farm,,
Japan,Q17,http://www.wikidata.org/entity/Q40835627,Q40835627,Wind farm,41.793888888,140.097777777
Japan,Q17,http://www.wikidata.org/entity/Q17210775,Q17210775,Wind farm,,
Japan,Q17,http://www.wikidata.org/entity/Q17988203,Q17988203,Wind farm,,
Japan,Q17,http://www.wikidata.org/entity/Q39128817,Q39128817,Wind farm,44.258055555,141.677222222
Japan,Q17,http://www.wikidata.org/entity/Q11611905,Noshiro Wind Farm,Wind farm,,
Japan,Q17,http://www.wikidata.org/entity/Q23442095,Q23442095,Wind farm,33.04333333,132.54538889
Japan,Q17,http://www.wikidata.org/entity/Q17992036,Q17992036,Wind farm,38.969,139.822972222
Japan,Q17,http://www.wikidata.org/entity/Q96912595,Q96912595,Wind farm,41.428694444,140.075916666
Japan,Q17,http://www.wikidata.org/entity/Q57537242,Tenpoku Wind Farm,Wind farm,45.37,141.8175
Japan,Q17,http://www.wikidata.org/entity/Q11383360,Q11383360,Wind farm,33.435645,132.224214
Japan,Q17,http://www.wikidata.org/entity/Q39128174,Q39128174,Wind farm,44.246666666,141.661944444
Japan,Q17,http://www.wikidata.org/entity/Q17209222,Q17209222,Wind farm,34.289667,134.675917
Japan,Q17,http://www.wikidata.org/entity/Q9076551,Seto Windhill,Wind farm,33.435555555,132.223333333
Japan,Q17,http://www.wikidata.org/entity/Q11555520,Hasaki Wind Farm,Wind farm,35.83491667,140.76241667
Japan,Q17,http://www.wikidata.org/entity/Q41958363,Q41958363,Wind farm,42.412222222,140.970555555
Japan,Q17,http://www.wikidata.org/entity/Q97342208,Q97342208,Wind farm,,
Japan,Q17,http://www.wikidata.org/entity/Q11444735,Q11444735,Wind farm,35.69769444,135.2035
Japan,Q17,http://www.wikidata.org/entity/Q110656240,Q110656240,Wind farm,,
Japan,Q17,http://www.wikidata.org/entity/Q11452052,Sōyamisaki Wind Farm,Wind farm,45.470277777,141.915277777
Japan,Q17,http://www.wikidata.org/entity/Q126391758,Ishikari Bay New Port Offshore Wind Farm,Wind farm,43.333333333,141.116666666
Japan,Q17,http://www.wikidata.org/entity/Q110327521,Akita-Noshiro Offshore Wind Farm,Wind farm,,
Japan,Q17,http://www.wikidata.org/entity/Q39127748,Otonrui wind farm,Wind farm,44.976666666,141.698611111
Japan,Q17,http://www.wikidata.org/entity/Q5643921,Hama Wing,Wind farm,35.46722222,139.65222222
Estonia,Q191,http://www.wikidata.org/entity/Q20529504,Q20529504,Wind farm,59.3419964,28.0608653
Estonia,Q191,http://www.wikidata.org/entity/Q97286398,Q97286398,Wind farm,58.217604,22.392532
Estonia,Q191,http://www.wikidata.org/entity/Q97286397,Q97286397,Wind farm,58.213442,22.395637
Estonia,Q191,http://www.wikidata.org/entity/Q97286217,Q97286217,Wind farm,59.449029,26.830714
Estonia,Q191,http://www.wikidata.org/entity/Q97286216,Q97286216,Wind farm,59.192635,26.282078
Estonia,Q191,http://www.wikidata.org/entity/Q65255308,Q65255308,Wind farm,58.221159,22.368854
Estonia,Q191,http://www.wikidata.org/entity/Q65254892,Q65254892,Wind farm,58.623354,23.538516
Estonia,Q191,http://www.wikidata.org/entity/Q18626908,Q18626908,Wind farm,59.11961,23.571244
Estonia,Q191,http://www.wikidata.org/entity/Q20530147,Q20530147,Wind farm,59.371567,24.080363
Estonia,Q191,http://www.wikidata.org/entity/Q65255714,Q65255714,Wind farm,58.563749,23.508566
Estonia,Q191,http://www.wikidata.org/entity/Q14948547,Q14948547,Wind farm,59.083333333,23.618611111
Estonia,Q191,http://www.wikidata.org/entity/Q65255589,Q65255589,Wind farm,57.933033,22.08371
Estonia,Q191,http://www.wikidata.org/entity/Q97286394,Q97286394,Wind farm,58.445906,23.738382
Estonia,Q191,http://www.wikidata.org/entity/Q65255502,Q65255502,Wind farm,,
Estonia,Q191,http://www.wikidata.org/entity/Q20530444,Q20530444,Wind farm,58.281389,22.515924
Estonia,Q191,http://www.wikidata.org/entity/Q97286410,Paldiski wind farm,Wind farm,59.373836,24.074224
Estonia,Q191,http://www.wikidata.org/entity/Q65255709,Q65255709,Wind farm,58.590093,23.530121
Estonia,Q191,http://www.wikidata.org/entity/Q56293369,Hiiumaa Offshore Wind Farm,Wind farm,,
Estonia,Q191,http://www.wikidata.org/entity/Q97348536,Q97348536,Wind farm,58.633931,23.528578
Estonia,Q191,http://www.wikidata.org/entity/Q97286403,Q97286403,Wind farm,59.485123,26.503088
Estonia,Q191,http://www.wikidata.org/entity/Q97286456,Q97286456,Wind farm,58.616872,23.553634
Estonia,Q191,http://www.wikidata.org/entity/Q65255220,Q65255220,Wind farm,58.165021,22.222298
Estonia,Q191,http://www.wikidata.org/entity/Q42337196,Viru-Nigula wind farm,Wind farm,59.440742,26.751224
Estonia,Q191,http://www.wikidata.org/entity/Q65255474,Q65255474,Wind farm,57.782779,23.249752
Estonia,Q191,http://www.wikidata.org/entity/Q65255705,Q65255705,Wind farm,58.567058,23.534172
Estonia,Q191,http://www.wikidata.org/entity/Q65255489,Q65255489,Wind farm,58.61853,23.560715
Estonia,Q191,http://www.wikidata.org/entity/Q97286447,Q97286447,Wind farm,58.497304,23.691203
Uruguay,Q77,http://www.wikidata.org/entity/Q33104369,Carapé I Wind Farm,Wind farm,-34.388666666,-54.686922222
Uruguay,Q77,http://www.wikidata.org/entity/Q33104362,Artilleros Wind Farm,Wind farm,-34.351383333,-57.552441666
Uruguay,Q77,http://www.wikidata.org/entity/Q33104385,Ing. Emanuele Cambelargiu Wind Farm,Wind farm,-34.637683333,-54.961416666
Uruguay,Q77,http://www.wikidata.org/entity/Q33104372,Carapé II Wind Farm,Wind farm,-34.416666666,-54.688761111
Uruguay,Q77,http://www.wikidata.org/entity/Q33104343,Pintado I Wind Farm,Wind farm,-33.886344444,-56.357411111
Uruguay,Q77,http://www.wikidata.org/entity/Q33104346,Pintado II Wind Farm,Wind farm,-33.886344444,-56.357411111
Uruguay,Q77,http://www.wikidata.org/entity/Q33104389,Agroland Wind Farm,Wind farm,-34.635925,-54.612908333
Uruguay,Q77,http://www.wikidata.org/entity/Q33104378,Maldonado Wind Farm,Wind farm,-34.513375,-54.90665
Uruguay,Q77,http://www.wikidata.org/entity/Q33104329,CGEE Peralta I y II Wind Farm,Wind farm,-32.598722222,-56.401211111
Uruguay,Q77,http://www.wikidata.org/entity/Q19619393,Pampa Wind Farm,Wind farm,-32.22,-56.2
Uruguay,Q77,http://www.wikidata.org/entity/Q33104355,Ventus I Wind Farm,Wind farm,-34.280341666,-57.340502777
Uruguay,Q77,http://www.wikidata.org/entity/Q33104407,Florida Wind Farm,Wind farm,-34.100352777,-56.090713888
Uruguay,Q77,http://www.wikidata.org/entity/Q33104321,Melowind Wind Farm,Wind farm,-32.583961111,-54.228247222
Uruguay,Q77,http://www.wikidata.org/entity/Q33104352,Engraw Wind Farm,Wind farm,-34.203061111,-55.749013888
Uruguay,Q77,http://www.wikidata.org/entity/Q33104399,Palomas Wind Farm,Wind farm,-31.167604,-57.558488
Uruguay,Q77,http://www.wikidata.org/entity/Q33104383,Libertad Wind Farm,Wind farm,-34.632398,-56.5850616
Uruguay,Q77,http://www.wikidata.org/entity/Q33104339,Talas de Maciel I Wind Farm,Wind farm,-33.632025,-56.689683333
Uruguay,Q77,http://www.wikidata.org/entity/Q33104393,Colonia Arias Wind Farm,Wind farm,-33.828853,-56.573928
Uruguay,Q77,http://www.wikidata.org/entity/Q33104368,Villa Rodriguez Wind Farm,Wind farm,-34.3922587,-56.589514
Uruguay,Q77,http://www.wikidata.org/entity/Q33104396,Nuevo Pastorales I Wind Farm,Wind farm,-33.9170613,-56.9299647
Uruguay,Q77,http://www.wikidata.org/entity/Q33104387,Solís de Mataojo Wind Farm,Wind farm,-34.640305555,-55.554138888
Uruguay,Q77,http://www.wikidata.org/entity/Q33104341,18 de julio Wind Farm,Wind farm,-33.6516,-53.5755
Uruguay,Q77,http://www.wikidata.org/entity/Q33104334,Talas de Maciel II Wind Farm,Wind farm,-33.602880555,-56.674977777
Uruguay,Q77,http://www.wikidata.org/entity/Q33104403,Blengio Wind Farm,Wind farm,-34.650416666,-56.587583333
Uruguay,Q77,http://www.wikidata.org/entity/Q33104331,Cuchilla de Peralta I Wind Farm,Wind farm,-32.585461111,-56.441458333
Uruguay,Q77,http://www.wikidata.org/entity/Q33104405,Magdalena Wind Farm,Wind farm,-34.737777777,-56.574444444
Uruguay,Q77,http://www.wikidata.org/entity/Q33104354,Rosario Wind Farm,Wind farm,-34.233575,-57.326077777
Uruguay,Q77,http://www.wikidata.org/entity/Q33104360,María Luz Wind Farm,Wind farm,-34.293152777,-56.527533333
Uruguay,Q77,http://www.wikidata.org/entity/Q33104373,Planta Piloto Wind Farm,Wind farm,-34.424994444,-55.016963888
Uruguay,Q77,http://www.wikidata.org/entity/Q33102994,Santa Rita Wind Farm,Wind farm,-31.170719444,-57.567702777
Uruguay,Q77,http://www.wikidata.org/entity/Q33104391,Cerro Grande Wind Farm,Wind farm,-32.2811717,-53.9222777
Uruguay,Q77,http://www.wikidata.org/entity/Q33104349,Julieta Wind Farm,Wind farm,-33.086436111,-55.169141666
Uruguay,Q77,http://www.wikidata.org/entity/Q33102934,Juan Pablo Terra Wind Farm,Wind farm,-30.414544444,-56.635586111
Uruguay,Q77,http://www.wikidata.org/entity/Q33104357,Loma Alta Wind Farm,Wind farm,-34.280872222,-54.063063888
Uruguay,Q77,http://www.wikidata.org/entity/Q33104401,Valentines Wind Farm,Wind farm,-33.2946624,-55.1039429
Uruguay,Q77,http://www.wikidata.org/entity/Q33104375,Minas I Wind Farm,Wind farm,-34.463613888,-55.306875
Uruguay,Q77,http://www.wikidata.org/entity/Q33104318,Marfrig Wind Farm,Wind farm,-31.698184,-55.937103
Uruguay,Q77,http://www.wikidata.org/entity/Q33104395,Kiyú Wind Farm,Wind farm,-34.6500937,-56.7909479
Poland,Q36,http://www.wikidata.org/entity/Q9252519,Q9252519,Wind farm,54.354,22.8846
Poland,Q36,http://www.wikidata.org/entity/Q9258044,Q9258044,Wind farm,,
Poland,Q36,http://www.wikidata.org/entity/Q9258050,Q9258050,Wind farm,,
Poland,Q36,http://www.wikidata.org/entity/Q9258051,Q9258051,Wind farm,,
Poland,Q36,http://www.wikidata.org/entity/Q9258055,Q9258055,Wind farm,,
Poland,Q36,http://www.wikidata.org/entity/Q131072379,Baltic Power Offshore Wind Farm,Wind farm,55.032,17.652
Poland,Q36,http://www.wikidata.org/entity/Q11697691,Q11697691,Wind farm,,
Poland,Q36,http://www.wikidata.org/entity/Q16544796,Q16544796,Wind farm,53.8782,14.8638
Poland,Q36,http://www.wikidata.org/entity/Q11811533,Tymień Wind Farm,Wind farm,54.1975,15.831388888
Poland,Q36,http://www.wikidata.org/entity/Q18424631,Q18424631,Wind farm,,
Poland,Q36,http://www.wikidata.org/entity/Q11811534,Suwałki Wind Farm,Wind farm,,
Poland,Q36,http://www.wikidata.org/entity/Q11697688,Lisewo Wind Farm,Wind farm,54.6973,18.029
Poland,Q36,http://www.wikidata.org/entity/Q11697686,Kukinia wind farm,Wind farm,54.184167,15.77
Poland,Q36,http://www.wikidata.org/entity/Q9258043,Karścino wind farm,Wind farm,54.0618,15.7393
Poland,Q36,http://www.wikidata.org/entity/Q30973418,Q30973418,Wind farm,54.66269444,17.72486111
Poland,Q36,http://www.wikidata.org/entity/Q9252515,Q9252515,Wind farm,51.2089,19.43
Poland,Q36,http://www.wikidata.org/entity/Q9258049,Q9258049,Wind farm,54.10358333,15.684
Poland,Q36,http://www.wikidata.org/entity/Q9258040,Jarogniew-Mołtowo wind farm,Wind farm,54.06128,15.69812
Poland,Q36,http://www.wikidata.org/entity/Q30906213,Q30906213,Wind farm,51.516667,22.283333
Poland,Q36,http://www.wikidata.org/entity/Q9258053,Q9258053,Wind farm,53.9169,18.7319
Poland,Q36,http://www.wikidata.org/entity/Q9252517,Swarzewo wind farm,Wind farm,54.7575,18.3866
Poland,Q36,http://www.wikidata.org/entity/Q4987137,Bukowsko–Nowotaniec wind farm,Wind farm,49.4825,22.08777778
Poland,Q36,http://www.wikidata.org/entity/Q9258054,Margonin Wind Farm,Wind farm,52.960833333,17.121666666
Poland,Q36,http://www.wikidata.org/entity/Q9258046,Zagórze Wind Farm,Wind farm,53.8009,14.6332
Poland,Q36,http://www.wikidata.org/entity/Q18424515,Q18424515,Wind farm,51.632575,17.861575
Poland,Q36,http://www.wikidata.org/entity/Q9258048,Q9258048,Wind farm,52.823611,14.526389
Poland,Q36,http://www.wikidata.org/entity/Q11696585,Q11696585,Wind farm,54.45,16.4206
Poland,Q36,http://www.wikidata.org/entity/Q9258052,Q9258052,Wind farm,50.5374,17.1166
Brazil,Q155,http://www.wikidata.org/entity/Q107411118,Campos Neutrais Wind Farm,Wind farm,-33.650109,-53.322597
Brazil,Q155,http://www.wikidata.org/entity/Q10345099,Q10345099,Wind farm,,
Brazil,Q155,http://www.wikidata.org/entity/Q10345105,Q10345105,Wind farm,,
Brazil,Q155,http://www.wikidata.org/entity/Q10345545,Q10345545,Wind farm,,
Brazil,Q155,http://www.wikidata.org/entity/Q10345548,Q10345548,Wind farm,,
Brazil,Q155,http://www.wikidata.org/entity/Q10350876,Q10350876,Wind farm,,
Brazil,Q155,http://www.wikidata.org/entity/Q10388467,Q10388467,Wind farm,,
Brazil,Q155,http://www.wikidata.org/entity/Q30933330,Gargaú,Wind farm,-21.570833333,-41.072777777
Brazil,Q155,http://www.wikidata.org/entity/Q10293623,Parque Eólico de Taíba,Wind farm,,
Brazil,Q155,http://www.wikidata.org/entity/Q10345107,Paracuru wind farm,Wind farm,,
Brazil,Q155,http://www.wikidata.org/entity/Q10345547,Parque eólico de Palmas,Wind farm,,
Brazil,Q155,http://www.wikidata.org/entity/Q10345106,Q10345106,Wind farm,-6.578694444,-34.975888888
Brazil,Q155,http://www.wikidata.org/entity/Q18469804,Q18469804,Wind farm,,
Brazil,Q155,http://www.wikidata.org/entity/Q10345103,Q10345103,Wind farm,-6.497083333,-34.970888888
Brazil,Q155,http://www.wikidata.org/entity/Q28679652,Q28679652,Wind farm,,
Brazil,Q155,http://www.wikidata.org/entity/Q10388469,Q10388469,Wind farm,-2.918055555,-41.031388888
Brazil,Q155,http://www.wikidata.org/entity/Q23795037,Complexo Eólico do Alto Sertão,Wind farm,,
Brazil,Q155,http://www.wikidata.org/entity/Q65174342,Q65174342,Wind farm,,
Brazil,Q155,http://www.wikidata.org/entity/Q65174344,Q65174344,Wind farm,,
Brazil,Q155,http://www.wikidata.org/entity/Q107395014,Lagoa dos Ventos Wind Farm,Wind farm,,
Brazil,Q155,http://www.wikidata.org/entity/Q107404355,Rio do Vento Wind Farm,Wind farm,,
Brazil,Q155,http://www.wikidata.org/entity/Q107428603,Oitis wind farm complex,Wind farm,,
Brazil,Q155,http://www.wikidata.org/entity/Q7108288,Osório wind farm,Wind farm,-29.91805556,-50.31222222
Brazil,Q155,http://www.wikidata.org/entity/Q10345544,Q10345544,Wind farm,-5.104178,-36.3885825
Brazil,Q155,http://www.wikidata.org/entity/Q10345102,Lagoa do Mato wind farm,Wind farm,-4.590329,-37.638434
Sweden,Q34,http://www.wikidata.org/entity/Q10715721,Q10715721,Wind farm,,
Sweden,Q34,http://www.wikidata.org/entity/Q3012042,Lillgrund Wind Farm,Wind farm,55.516666666,12.783333333
Sweden,Q34,http://www.wikidata.org/entity/Q132037132,Q132037132,Wind farm,57.006285069,12.453079779
Sweden,Q34,http://www.wikidata.org/entity/Q56026046,Q56026046,Wind farm,56.97997222,17.01997222
Sweden,Q34,http://www.wikidata.org/entity/Q28233699,Yttre Stengrund offshore wind farm,Wind farm,56.166423,16.017246
Sweden,Q34,http://www.wikidata.org/entity/Q5904058,Hornberg Wind Farm,Wind farm,,
Sweden,Q34,http://www.wikidata.org/entity/Q131993402,Q131993402,Wind farm,56.919833333,12.824027777
Sweden,Q34,http://www.wikidata.org/entity/Q131993143,Q131993143,Wind farm,56.964861111,12.754722222
Sweden,Q34,http://www.wikidata.org/entity/Q4661647,Aapua Wind Farm,Wind farm,66.862499,23.537264
Sweden,Q34,http://www.wikidata.org/entity/Q132037998,Q132037998,Wind farm,56.994395289,12.472001677
Sweden,Q34,http://www.wikidata.org/entity/Q132033666,Q132033666,Wind farm,56.947201517,12.483384315
Sweden,Q34,http://www.wikidata.org/entity/Q56026051,Bockstigen Offshore Wind Farm,Wind farm,57.033333333,18.15
Sweden,Q34,http://www.wikidata.org/entity/Q131987426,Q131987426,Wind farm,56.927138888,12.755583333
Sweden,Q34,http://www.wikidata.org/entity/Q132037421,Q132037421,Wind farm,56.932601016,12.787145397
Sweden,Q34,http://www.wikidata.org/entity/Q132035501,Q132035501,Wind farm,56.889149431,12.466107155
Sweden,Q34,http://www.wikidata.org/entity/Q132034696,Q132034696,Wind farm,56.945143531,12.472684122
Sweden,Q34,http://www.wikidata.org/entity/Q12859023,Markbygden Wind Farm,Wind farm,65.41666667,20.66666667
Sweden,Q34,http://www.wikidata.org/entity/Q131993226,Q131993226,Wind farm,56.966583333,12.769222222
Sweden,Q34,http://www.wikidata.org/entity/Q6710915,Långå Wind Farm,Wind farm,62.4702,13.2819
Sweden,Q34,http://www.wikidata.org/entity/Q16900732,Stora Istad Wind Farm,Wind farm,56.9353,16.8181
Sweden,Q34,http://www.wikidata.org/entity/Q7620337,Storrun wind farm,Wind farm,63.759,13.588
Sweden,Q34,http://www.wikidata.org/entity/Q4923904,Blaiken wind farm,Wind farm,65.2846,17.1716
Sweden,Q34,http://www.wikidata.org/entity/Q17077578,Havsnäs Wind Farm,Wind farm,64.0691,15.7126
Sweden,Q34,http://www.wikidata.org/entity/Q56026049,Utgrunden Offshore Wind Farm,Wind farm,56.343888888,16.28
Sweden,Q34,http://www.wikidata.org/entity/Q131987382,Q131987382,Wind farm,57.013916666,12.704138888
Spain,Q29,http://www.wikidata.org/entity/Q16616348,Q16616348,Wind farm,36.910211111,-2.628597222
Spain,Q29,http://www.wikidata.org/entity/Q23978994,Sierra del Trigo,Wind farm,37.5152,-3.7386
Spain,Q29,http://www.wikidata.org/entity/Q11940189,wind farm on Serra de Rubió,Wind farm,41.65055556,1.60194444
Spain,Q29,http://www.wikidata.org/entity/Q65276244,Q65276244,Wind farm,43.148349926,-9.201492801
Spain,Q29,http://www.wikidata.org/entity/Q61939594,Gorona del Viento Wind Farm,Wind farm,27.794722222,-17.910694444
Spain,Q29,http://www.wikidata.org/entity/Q3720945,El Marquesado Wind Farm,Wind farm,,
Spain,Q29,http://www.wikidata.org/entity/Q12397174,Q12397174,Wind farm,43.3419,-7.86169
Spain,Q29,http://www.wikidata.org/entity/Q19368137,Parc eòlic del Collet dels Feixos,Wind farm,41.183,0.920856
Spain,Q29,http://www.wikidata.org/entity/Q932799,Maranchon Wind Farm,Wind farm,41.05,-2.23333333
Spain,Q29,http://www.wikidata.org/entity/Q11940190,Parc eòlic Serra del Tallat,Wind farm,41.50343333,1.13673889
Spain,Q29,http://www.wikidata.org/entity/Q94647378,5.5MW Enercon wind park,Wind farm,28.071555555,-16.515777777
Spain,Q29,http://www.wikidata.org/entity/Q28868022,Montamarta wind farm,Wind farm,,
Spain,Q29,http://www.wikidata.org/entity/Q5359977,Elgea-Urkilla eolic park,Wind farm,42.9576,-2.4289
Spain,Q29,http://www.wikidata.org/entity/Q132449465,Los Almeriques Wind Farm,Wind farm,,
Spain,Q29,http://www.wikidata.org/entity/Q113636680,Q113636680,Wind farm,36.730998799,-6.207307372
Spain,Q29,http://www.wikidata.org/entity/Q9055950,Parc eòlic Milà,Wind farm,39.9181,4.25905
Spain,Q29,http://www.wikidata.org/entity/Q31281944,Q31281944,Wind farm,42.828611111,-8.953333333
Spain,Q29,http://www.wikidata.org/entity/Q111306673,Tharsis Wind Farm,Wind farm,,
Croatia,Q224,http://www.wikidata.org/entity/Q12644797,Ravne 1 Wind Farm,Wind farm,44.4365,15.0896
Croatia,Q224,http://www.wikidata.org/entity/Q18681654,Danilo Wind Farm,Wind farm,43.7088,16.0724
Croatia,Q224,http://www.wikidata.org/entity/Q65134117,Poštak,Wind farm,44.2678,16.0826
Croatia,Q224,http://www.wikidata.org/entity/Q65134111,Katuni Wind Farm,Wind farm,43.4724,16.9077
Croatia,Q224,http://www.wikidata.org/entity/Q20526648,Velika Popina Wind Farm,Wind farm,44.2639,16.0607
Croatia,Q224,http://www.wikidata.org/entity/Q12644793,Crno Brdo Wind Farm,Wind farm,43.70746,16.00858
Croatia,Q224,http://www.wikidata.org/entity/Q12644801,Trtar-Krtolin Wind Farm,Wind farm,43.7525,15.9678
Croatia,Q224,http://www.wikidata.org/entity/Q12644794,Orlice Wind Farm,Wind farm,43.6382,16.0259
Croatia,Q224,http://www.wikidata.org/entity/Q12644798,Vrataruša Wind Farm,Wind farm,45.05254,14.91905
Croatia,Q224,http://www.wikidata.org/entity/Q16111685,Ponikve Wind Farm,Wind farm,42.8707,17.6019
Croatia,Q224,http://www.wikidata.org/entity/Q12644791,Bruška Wind Farm,Wind farm,44.066205,15.785334
Croatia,Q224,http://www.wikidata.org/entity/Q16111677,Kamensko-Voštane Wind Farm,Wind farm,43.631944444,16.883888888
Croatia,Q224,http://www.wikidata.org/entity/Q65134112,Lukovac Wind Farm,Wind farm,43.5371,16.9184
Croatia,Q224,http://www.wikidata.org/entity/Q12644796,Pometeno brdo Wind Farm,Wind farm,43.6161,16.4688
Croatia,Q224,http://www.wikidata.org/entity/Q65134109,Glunča Wind Farm,Wind farm,,
Croatia,Q224,http://www.wikidata.org/entity/Q105818979,Jasenice Wind Farm,Wind farm,,
Croatia,Q224,http://www.wikidata.org/entity/Q65134123,Zelengrad Wind Farm,Wind farm,44.1598,15.6553
Croatia,Q224,http://www.wikidata.org/entity/Q105812997,Korlat Wind Farm,Wind farm,44.1037,15.5662
Croatia,Q224,http://www.wikidata.org/entity/Q65134121,Zadar 4 Wind Farm,Wind farm,44.0857,15.6085
Croatia,Q224,http://www.wikidata.org/entity/Q16111667,Jelinak Wind Farm,Wind farm,43.5537751,16.1645262
Ukraine,Q212,http://www.wikidata.org/entity/Q97380220,Zaporizhia wind farm,Wind farm,,
Ukraine,Q212,http://www.wikidata.org/entity/Q12102061,Q12102061,Wind farm,45.39638889,33.14694444
Ukraine,Q212,http://www.wikidata.org/entity/Q12159082,Q12159082,Wind farm,49.24160556,23.36368056
Ukraine,Q212,http://www.wikidata.org/entity/Q28704439,Q28704439,Wind farm,48.18527778,39.65055556
Ukraine,Q212,http://www.wikidata.org/entity/Q56026041,Q56026041,Wind farm,46.64475,31.77088889
Ukraine,Q212,http://www.wikidata.org/entity/Q16702868,Sudak wind farm,Wind farm,44.80966667,35.08491667
Ukraine,Q212,http://www.wikidata.org/entity/Q61373120,Q61373120,Wind farm,,
Ukraine,Q212,http://www.wikidata.org/entity/Q92617843,Q92617843,Wind farm,46.2256259,30.5043504
Ukraine,Q212,http://www.wikidata.org/entity/Q134300410,Dnistrovska wind farm,Wind farm,,
Ukraine,Q212,http://www.wikidata.org/entity/Q56026060,Q56026060,Wind farm,46.144722222,33.115833333
Ukraine,Q212,http://www.wikidata.org/entity/Q4322999,Novoazovsk wind farm,Wind farm,47.137777777,37.923611111
Ukraine,Q212,http://www.wikidata.org/entity/Q61373149,Q61373149,Wind farm,46.2406208,33.7160441
Ukraine,Q212,http://www.wikidata.org/entity/Q13666162,Botievo wind farm,Wind farm,46.626394,35.732346
Ukraine,Q212,http://www.wikidata.org/entity/Q56026047,Q56026047,Wind farm,49.43138889,22.98083333
Ukraine,Q212,http://www.wikidata.org/entity/Q4452226,Tarkhankut Wind Farm,Wind farm,45.421111111,32.77
Ukraine,Q212,http://www.wikidata.org/entity/Q92616394,Q92616394,Wind farm,48.4832961,38.9388612
Ukraine,Q212,http://www.wikidata.org/entity/Q16693904,Saky wind farm,Wind farm,45.32833,33.10306
Ukraine,Q212,http://www.wikidata.org/entity/Q61373148,Q61373148,Wind farm,46.707399915,35.955886532
Ukraine,Q212,http://www.wikidata.org/entity/Q107167000,Q107167000,Wind farm,46.699919229,31.081219651
Ukraine,Q212,http://www.wikidata.org/entity/Q46963138,Q46963138,Wind farm,49.42777778,23.02027778
Ukraine,Q212,http://www.wikidata.org/entity/Q47484599,Q47484599,Wind farm,46.644722222,31.770833333
Ukraine,Q212,http://www.wikidata.org/entity/Q47484653,Q47484653,Wind farm,46.714722222,31.382777777
Sri Lanka,Q854,http://www.wikidata.org/entity/Q6745970,Mampuri Wind Farms,Wind farm,8.01027778,79.72333333
Sri Lanka,Q854,http://www.wikidata.org/entity/Q25247790,Thambapavani Wind Farm,Wind farm,9.05027778,79.78694444
Sri Lanka,Q854,http://www.wikidata.org/entity/Q19573638,Pawan Danavi Wind Farm,Wind farm,8.04889,79.7189
Sri Lanka,Q854,http://www.wikidata.org/entity/Q15987052,Uppudaluwa Wind Farm,Wind farm,7.98111,79.7758
Sri Lanka,Q854,http://www.wikidata.org/entity/Q23582066,Nala Danavi Wind Farm,Wind farm,8.08972222,79.70916667
Sri Lanka,Q854,http://www.wikidata.org/entity/Q19573226,Madurankuliya Wind Farm,Wind farm,8.01278,79.7269
Sri Lanka,Q854,http://www.wikidata.org/entity/Q7446421,Seguwantivu and Vidatamunai Wind Farms,Wind farm,8.055,79.80638889
Sri Lanka,Q854,http://www.wikidata.org/entity/Q25056793,Pollupalai and Vallimunai Wind Farms,Wind farm,9.57777778,80.32
Sri Lanka,Q854,http://www.wikidata.org/entity/Q23583728,Vallibel Wind Farm,Wind farm,6.61111111,80.74555556
Sri Lanka,Q854,http://www.wikidata.org/entity/Q15262391,Nirmalapura Wind Farm,Wind farm,7.96472222,79.73527778
Sri Lanka,Q854,http://www.wikidata.org/entity/Q4741385,Ambewela Aitken Spence Wind Farm,Wind farm,6.84333333,80.81305556
Sri Lanka,Q854,http://www.wikidata.org/entity/Q5644187,Hambantota Wind Farm,Wind farm,6.14611111,81.11305556
Belgium,Q31,http://www.wikidata.org/entity/Q1990107,Nike Laakdal Wind Park,Wind farm,51.09916667,5.09027778
Belgium,Q31,http://www.wikidata.org/entity/Q374972,Thorntonbank Wind Farm,Wind farm,51.5516401,2.966863
Belgium,Q31,http://www.wikidata.org/entity/Q27926309,Nobelwind offshore wind farm,Wind farm,51.663055555,2.833888888
Belgium,Q31,http://www.wikidata.org/entity/Q28401507,Norther Offshore Wind Farm,Wind farm,51.528,3.032
Belgium,Q31,http://www.wikidata.org/entity/Q18088030,Seastar offshore wind farm,Wind farm,51.6333089,2.8601359
Belgium,Q31,http://www.wikidata.org/entity/Q2334784,Q2334784,Wind farm,50.4196,4.08348
Belgium,Q31,http://www.wikidata.org/entity/Q106313857,Mermaid offshore wind farm,Wind farm,51.7199037,2.7357672
Belgium,Q31,http://www.wikidata.org/entity/Q97166916,Northwester 2 offshore wind farm,Wind farm,51.6874567,2.7488135
Belgium,Q31,http://www.wikidata.org/entity/Q3364822,Belwind,Wind farm,51.66,2.8
Belgium,Q31,http://www.wikidata.org/entity/Q59195368,Q59195368,Wind farm,,
Belgium,Q31,http://www.wikidata.org/entity/Q21004443,Northwind offshore wind farm,Wind farm,51.616666666,2.9
Belgium,Q31,http://www.wikidata.org/entity/Q18088175,Rentel Offshore Wind Farm,Wind farm,51.591,2.944
Belgium,Q31,http://www.wikidata.org/entity/Q134172203,Q134172203,Wind farm,,
Russia,Q159,http://www.wikidata.org/entity/Q12102061,Q12102061,Wind farm,45.39638889,33.14694444
Russia,Q159,http://www.wikidata.org/entity/Q16702868,Sudak wind farm,Wind farm,44.80966667,35.08491667
Russia,Q159,http://www.wikidata.org/entity/Q65130568,Q65130568,Wind farm,,
Russia,Q159,http://www.wikidata.org/entity/Q65158720,Q65158720,Wind farm,,
Russia,Q159,http://www.wikidata.org/entity/Q4064710,Q4064710,Wind farm,64.76666667,177.565
Russia,Q159,http://www.wikidata.org/entity/Q4102065,Tyupkildy wind park,Wind farm,54.578861111,54.250277777
Russia,Q159,http://www.wikidata.org/entity/Q4452226,Tarkhankut Wind Farm,Wind farm,45.421111111,32.77
Russia,Q159,http://www.wikidata.org/entity/Q16693904,Saky wind farm,Wind farm,45.32833,33.10306
Russia,Q159,http://www.wikidata.org/entity/Q109358814,Q109358814,Wind farm,,
Russia,Q159,http://www.wikidata.org/entity/Q109358817,Q109358817,Wind farm,,
Russia,Q159,http://www.wikidata.org/entity/Q4190346,Zelenogradsk wind farm,Wind farm,54.93333333,20.35
Russia,Q159,http://www.wikidata.org/entity/Q4527778,Q4527778,Wind farm,55.23333333,63.28333333
Russia,Q159,http://www.wikidata.org/entity/Q78760348,Kamenskaya VES,Wind farm,,
Russia,Q159,http://www.wikidata.org/entity/Q123905106,Q123905106,Wind farm,68.847734,34.811891
Vietnam,Q881,http://www.wikidata.org/entity/Q65172503,Q65172503,Wind farm,11.226099,108.69478
Vietnam,Q881,http://www.wikidata.org/entity/Q10757741,Bạc Liêu wind farm,Wind farm,9.2212,105.8009
Vietnam,Q881,http://www.wikidata.org/entity/Q65172506,Q65172506,Wind farm,11.679858,109.055855
Vietnam,Q881,http://www.wikidata.org/entity/Q65172501,Q65172501,Wind farm,16.706404,106.76745
Vietnam,Q881,http://www.wikidata.org/entity/Q65172380,Q65172380,Wind farm,9.251474,105.85115
Vietnam,Q881,http://www.wikidata.org/entity/Q65175434,Q65175434,Wind farm,10.550834,108.929507
Vietnam,Q881,http://www.wikidata.org/entity/Q65172523,Q65172523,Wind farm,13.781412,109.263206
Vietnam,Q881,http://www.wikidata.org/entity/Q27926314,Q27926314,Wind farm,8.767,105.288
Vietnam,Q881,http://www.wikidata.org/entity/Q65163920,Q65163920,Wind farm,16.710793,106.576168
Vietnam,Q881,http://www.wikidata.org/entity/Q65172502,Q65172502,Wind farm,11.468067,109.012662
Vietnam,Q881,http://www.wikidata.org/entity/Q65172505,Q65172505,Wind farm,11.2117,108.676
Hungary,Q28,http://www.wikidata.org/entity/Q855521,Q855521,Wind farm,,
Hungary,Q28,http://www.wikidata.org/entity/Q872662,Q872662,Wind farm,,
Hungary,Q28,http://www.wikidata.org/entity/Q990820,Q990820,Wind farm,,
Hungary,Q28,http://www.wikidata.org/entity/Q1301411,Q1301411,Wind farm,,
Hungary,Q28,http://www.wikidata.org/entity/Q1462581,Q1462581,Wind farm,,
Hungary,Q28,http://www.wikidata.org/entity/Q999642,Q999642,Wind farm,48.097814,20.907675
Hungary,Q28,http://www.wikidata.org/entity/Q1179349,Mosonszolnok Wind Farm,Wind farm,,
Hungary,Q28,http://www.wikidata.org/entity/Q1121741,Kulcsi wind farm,Wind farm,47.071666666,18.918333333
Hungary,Q28,http://www.wikidata.org/entity/Q15228183,Ikervár Wind Farm,Wind farm,47.20083333,16.86888889
Hungary,Q28,http://www.wikidata.org/entity/Q97342955,Bábolna wind farm,Wind farm,,
Hungary,Q28,http://www.wikidata.org/entity/Q16991505,Veszprém Wind Farm,Wind farm,,
Hungary,Q28,http://www.wikidata.org/entity/Q1472869,Q1472869,Wind farm,47.81583333,17.17694444
Hungary,Q28,http://www.wikidata.org/entity/Q20438851,Levél wind farm,Wind farm,,
Hungary,Q28,http://www.wikidata.org/entity/Q97343012,Q97343012,Wind farm,47.31146,17.06599
Hungary,Q28,http://www.wikidata.org/entity/Q7385849,Rábaköz Wind Farm,Wind farm,,
Hungary,Q28,http://www.wikidata.org/entity/Q6416710,Kisigmánd Wind Farm,Wind farm,47.67472222,18.07111111
Hungary,Q28,http://www.wikidata.org/entity/Q1179341,Q1179341,Wind farm,47.81544444,17.17583333
Hungary,Q28,http://www.wikidata.org/entity/Q1328584,Törökszentmiklós Wind Farm,Wind farm,47.1432,20.44625
Serbia,Q403,http://www.wikidata.org/entity/Q97329067,Q97329067,Wind farm,42.667353,21.683064
Serbia,Q403,http://www.wikidata.org/entity/Q97329075,Q97329075,Wind farm,45.642826,19.583801
Serbia,Q403,http://www.wikidata.org/entity/Q97329070,Kovačica wind farm,Wind farm,45.0772672,20.7008439
Serbia,Q403,http://www.wikidata.org/entity/Q97329073,Q97329073,Wind farm,44.993502,21.225475
Serbia,Q403,http://www.wikidata.org/entity/Q97329086,Čibuk 1 wind farm,Wind farm,44.9482622,20.9297704
Serbia,Q403,http://www.wikidata.org/entity/Q97329083,Q97329083,Wind farm,45.227386,21.122822
Serbia,Q403,http://www.wikidata.org/entity/Q97329081,Q97329081,Wind farm,45.068801,20.938147
Serbia,Q403,http://www.wikidata.org/entity/Q97329078,Q97329078,Wind farm,44.99379,21.225281
Serbia,Q403,http://www.wikidata.org/entity/Q97329063,Q97329063,Wind farm,45.05749,20.898693
Serbia,Q403,http://www.wikidata.org/entity/Q97329065,Q97329065,Wind farm,43.07159,20.155475
Italy,Q38,http://www.wikidata.org/entity/Q47492014,Ploaghe wind farm,Wind farm,40.712785,8.75399
Italy,Q38,http://www.wikidata.org/entity/Q3895591,Roio del Sangro wind farm,Wind farm,41.902063,14.390682
Italy,Q38,http://www.wikidata.org/entity/Q30253156,Florinas wind farm,Wind farm,40.6191,8.645897
Italy,Q38,http://www.wikidata.org/entity/Q3895590,Roccaspinalveti wind farm,Wind farm,41.906445,14.450819
Italy,Q38,http://www.wikidata.org/entity/Q30321744,Parco eolico di Campeda,Wind farm,40.399346,8.797871
Italy,Q38,http://www.wikidata.org/entity/Q47538576,Ulassai wind farm,Wind farm,39.7003191,9.518795
Italy,Q38,http://www.wikidata.org/entity/Q30252550,Sedini wind farm,Wind farm,40.8558574,8.7701797
Italy,Q38,http://www.wikidata.org/entity/Q7232212,Portoscuso Wind Farm,Wind farm,,
Italy,Q38,http://www.wikidata.org/entity/Q3895581,parco eolico dei Poggi Alti,Wind farm,42.74499444,11.38613056
Italy,Q38,http://www.wikidata.org/entity/Q3895587,Monteferrante wind farm,Wind farm,41.947568,14.397175
Italy,Q38,http://www.wikidata.org/entity/Q3895593,Parco eolico di Tocco da Casauria,Wind farm,42.206418,13.903684
Italy,Q38,http://www.wikidata.org/entity/Q30320986,Tula wind farm,Wind farm,40.760391,8.960209
Italy,Q38,http://www.wikidata.org/entity/Q47492034,Parco eolico di Fiume Santo,Wind farm,40.8397394,8.2924032
Italy,Q38,http://www.wikidata.org/entity/Q19819534,Monte Mesa's wind farm,Wind farm,45.558297222,10.819294444
Italy,Q38,http://www.wikidata.org/entity/Q3895584,Cocullo wind farm,Wind farm,42.049016,13.784899
Italy,Q38,http://www.wikidata.org/entity/Q30329354,Parco eolico di Buddusò e Alà dei Sardi,Wind farm,40.6742589,9.2623329
Italy,Q38,http://www.wikidata.org/entity/Q3895586,Fraine wind farm,Wind farm,41.889445,14.467176
Italy,Q38,http://www.wikidata.org/entity/Q3895589,Q3895589,Wind farm,43.717601,11.587189
Italy,Q38,http://www.wikidata.org/entity/Q47538571,Parco eolico di Aggius-Bortigiadas-Viddalba,Wind farm,40.9188959,8.994112
Italy,Q38,http://www.wikidata.org/entity/Q47538509,Parco eolico di Macchiareddu,Wind farm,39.2029943,8.9775467
Italy,Q38,http://www.wikidata.org/entity/Q110937244,Q110937244,Wind farm,,
Italy,Q38,http://www.wikidata.org/entity/Q3895583,Parco eolico di Castiglione Messer Marino,Wind farm,41.877368,14.425191
Italy,Q38,http://www.wikidata.org/entity/Q3895585,Collarmele wind farm,Wind farm,42.07341,13.64553
Italy,Q38,http://www.wikidata.org/entity/Q3895588,Montazzoli wind farm,Wind farm,41.92079,14.401676
Italy,Q38,http://www.wikidata.org/entity/Q47538517,Parco eolico del Medio Campidano,Wind farm,39.592858,8.671389
Italy,Q38,http://www.wikidata.org/entity/Q104394884,Casoni di Romagna Wind Farm,Wind farm,44.256194444,11.422583333
Italy,Q38,http://www.wikidata.org/entity/Q3895592,Parco eolico di Schiavi di Abruzzo,Wind farm,41.836354,14.483888
Chile,Q298,http://www.wikidata.org/entity/Q6062884,Q6062884,Wind farm,,
Chile,Q298,http://www.wikidata.org/entity/Q6062888,Q6062888,Wind farm,,
Chile,Q298,http://www.wikidata.org/entity/Q30686752,El Arrayán Wind Farm,Wind farm,-30.583333333,-71.683333333
Chile,Q298,http://www.wikidata.org/entity/Q17090157,Talinay wind farm,Wind farm,-30.8375,-71.593361111
Chile,Q298,http://www.wikidata.org/entity/Q95533040,Parque eólico San Juan,Wind farm,-28.876649,-71.459851
Chile,Q298,http://www.wikidata.org/entity/Q96404906,San Pedro Wind Farm,Wind farm,-42.284363888,-73.930158333
Chile,Q298,http://www.wikidata.org/entity/Q16616341,Punta Colorada wind farm,Wind farm,-29.36722222,-71.04805556
Chile,Q298,http://www.wikidata.org/entity/Q111597361,Q111597361,Wind farm,-34.041859976,-71.623630588
Chile,Q298,http://www.wikidata.org/entity/Q16901108,Taltal wind farm,Wind farm,-25.24,-70.28
Chile,Q298,http://www.wikidata.org/entity/Q5547643,Monte-Redondo wind farm,Wind farm,-31.06611111,-71.61611111
Chile,Q298,http://www.wikidata.org/entity/Q65550892,Parque eólico Alto Baguales,Wind farm,,
Chile,Q298,http://www.wikidata.org/entity/Q7828407,Totoral Wind Farm,Wind farm,-31.322916666,-71.594444444
Chile,Q298,http://www.wikidata.org/entity/Q114776399,Q114776399,Wind farm,-22.485928422,-68.806017407
Chile,Q298,http://www.wikidata.org/entity/Q96374910,Chiloé Wind Farm,Wind farm,-41.884613888,-73.995625
Ireland,Q27,http://www.wikidata.org/entity/Q7102264,Oriel Wind Farm,Wind farm,53.918,-6.068
Ireland,Q27,http://www.wikidata.org/entity/Q17086711,Meentycat wind farm,Wind farm,54.8845,-7.8845
Ireland,Q27,http://www.wikidata.org/entity/Q4914042,Bindoo wind farm,Wind farm,54.0048,-7.1019
Ireland,Q27,http://www.wikidata.org/entity/Q4792023,Arklow Bank Wind Park,Wind farm,52.789,-5.949
Ireland,Q27,http://www.wikidata.org/entity/Q116973645,Galway Wind Park,Wind farm,53.3593,-9.3677
Ireland,Q27,http://www.wikidata.org/entity/Q4852309,Ballywater Wind Farm,Wind farm,52.538,-6.238
Ireland,Q27,http://www.wikidata.org/entity/Q7563600,Sorne Hill wind farm,Wind farm,55.133,-7.372
Ireland,Q27,http://www.wikidata.org/entity/Q117805930,Lenalea Wind Farm,Wind farm,,
Ireland,Q27,http://www.wikidata.org/entity/Q122669941,Codling Wind Park,Wind farm,,
Portugal,Q45,http://www.wikidata.org/entity/Q4783614,Arada-Montemuro Wind Farm,Wind farm,,
Portugal,Q45,http://www.wikidata.org/entity/Q122975603,WindFloat Atlantic,Wind farm,41.6864,-9.0566
Portugal,Q45,http://www.wikidata.org/entity/Q10345550,Q10345550,Wind farm,40.6090321,-8.1526509
Portugal,Q45,http://www.wikidata.org/entity/Q7920271,Ventominho Wind Farm,Wind farm,,
Portugal,Q45,http://www.wikidata.org/entity/Q3613302,Alto Minho Wind Farm,Wind farm,42.029,-8.392
Argentina,Q414,http://www.wikidata.org/entity/Q6062895,Q6062895,Wind farm,-46.8,-67.96666667
Argentina,Q414,http://www.wikidata.org/entity/Q6062913,Q6062913,Wind farm,,
Argentina,Q414,http://www.wikidata.org/entity/Q6062906,Q6062906,Wind farm,-45.91666667,-67.56666667
Argentina,Q414,http://www.wikidata.org/entity/Q6062903,Loma Blanca Wind farm,Wind farm,,
Argentina,Q414,http://www.wikidata.org/entity/Q6062881,Antonio Morán Wind farm,Wind farm,-45.85,-67.5
Argentina,Q414,http://www.wikidata.org/entity/Q6062915,El Tordillo wind farm,Wind farm,-45.85,-67.5
Argentina,Q414,http://www.wikidata.org/entity/Q133843571,Arauco Wind farm,Wind farm,,
Argentina,Q414,http://www.wikidata.org/entity/Q6062892,Q6062892,Wind farm,-45.76666667,-67.66666667
Argentina,Q414,http://www.wikidata.org/entity/Q6062909,Rawson Wind farm,Wind farm,-43.33333333,-65.16666667
Turkey,Q43,http://www.wikidata.org/entity/Q21523734,Soma Wind Farm,Wind farm,39.17997222,27.6
Turkey,Q43,http://www.wikidata.org/entity/Q19457548,Çanta Wind Farm,Wind farm,41.1139,28.0583
Turkey,Q43,http://www.wikidata.org/entity/Q6943630,Mut Wind Farm,Wind farm,36.73333333,33.25
Turkey,Q43,http://www.wikidata.org/entity/Q4725615,Aliağa Wind Farm,Wind farm,38.815,27.007777777
Turkey,Q43,http://www.wikidata.org/entity/Q6073573,Bandırma Wind Farm,Wind farm,40.366855,28.080252
Turkey,Q43,http://www.wikidata.org/entity/Q5243722,Dağpazarı Wind Farm,Wind farm,36.83333333,33.46666667
Turkey,Q43,http://www.wikidata.org/entity/Q121242749,Alaçatı Wind Farm,Wind farm,38.233333333,26.45
Turkey,Q43,http://www.wikidata.org/entity/Q8082415,Şamlı Wind Farm,Wind farm,39.9246796,27.8843093
Turkey,Q43,http://www.wikidata.org/entity/Q4843079,Bahçe Wind Farm,Wind farm,37.17988,36.60971
Kenya,Q114,http://www.wikidata.org/entity/Q28223323,Lamu Wind Power Station,Wind farm,-2.41638889,40.74222222
Kenya,Q114,http://www.wikidata.org/entity/Q24236364,Kipeto Wind Power Station,Wind farm,-1.741,36.672
Kenya,Q114,http://www.wikidata.org/entity/Q16746823,Lake Turkana Wind Power Station,Wind farm,2.6,36.9
Kenya,Q114,http://www.wikidata.org/entity/Q112242022,Mombasa Cement Wind Power Station,Wind farm,-3.821111111,39.818611111
Kenya,Q114,http://www.wikidata.org/entity/Q24236381,Meru Wind Power Station,Wind farm,0.32972222,37.59166667
Kenya,Q114,http://www.wikidata.org/entity/Q24236387,Kinangop Wind Park,Wind farm,-0.82811667,36.55535278
Kenya,Q114,http://www.wikidata.org/entity/Q17110713,Ngong Hills Wind Farm,Wind farm,-1.38111111,36.63555556
Bulgaria,Q219,http://www.wikidata.org/entity/Q6938450,Murgash Wind Farm,Wind farm,42.83027778,23.66527778
Bulgaria,Q219,http://www.wikidata.org/entity/Q5286739,Dobrin Wind Farm,Wind farm,,
Bulgaria,Q219,http://www.wikidata.org/entity/Q7200832,Plambeck Bulgarian Wind Farm,Wind farm,,
Bulgaria,Q219,http://www.wikidata.org/entity/Q7601372,Stara Planina Wind Farm,Wind farm,,
Bulgaria,Q219,http://www.wikidata.org/entity/Q5381779,Eolica Varna Wind Farm,Wind farm,43.374444444,27.592777777
Bulgaria,Q219,http://www.wikidata.org/entity/Q6379130,Saint Nikola Wind Farm,Wind farm,43.45,28.471666666
Lithuania,Q37,http://www.wikidata.org/entity/Q23286032,Vydmantai Wind Park,Wind farm,55.91,21.17416667
Lithuania,Q37,http://www.wikidata.org/entity/Q30973257,Q30973257,Wind farm,55.240277777,21.676666666
Lithuania,Q37,http://www.wikidata.org/entity/Q23311161,Čiūteliai Wind Park,Wind farm,55.49055556,21.38722222
Lithuania,Q37,http://www.wikidata.org/entity/Q23284458,Pagėgiai 13,Wind farm,55.16583333,22.02416667
Lithuania,Q37,http://www.wikidata.org/entity/Q23311272,Benaičiai-1 Wind Park,Wind farm,56.09527778,21.22888889
Peru,Q419,http://www.wikidata.org/entity/Q56026066,Wayra Wind Farm,Wind farm,-15.04083333,-75.05416667
Peru,Q419,http://www.wikidata.org/entity/Q56155236,Cupisnique Wind Farm,Wind farm,-7.555,-79.499
Peru,Q419,http://www.wikidata.org/entity/Q56154904,Marcona Wind Farm,Wind farm,-15.4144,-75.0645
Peru,Q419,http://www.wikidata.org/entity/Q67831226,Talara Wind Farm,Wind farm,-4.56123,-81.197
Peru,Q419,http://www.wikidata.org/entity/Q67832260,Tres Hermanas Wind Farm,Wind farm,-15.38885,-75.0707
Israel,Q801,http://www.wikidata.org/entity/Q1145092,Golan Heights Wind Farm,Wind farm,33.08333333,35.83333333
Israel,Q801,http://www.wikidata.org/entity/Q118342723,Q118342723,Wind farm,32.953888888,35.846944444
Israel,Q801,http://www.wikidata.org/entity/Q97204759,Vale of tears wind farm,Wind farm,33.163333333,35.796944444
Israel,Q801,http://www.wikidata.org/entity/Q118342724,Q118342724,Wind farm,,
Belarus,Q184,http://www.wikidata.org/entity/Q13028899,Q13028899,Wind farm,,
Belarus,Q184,http://www.wikidata.org/entity/Q13028896,Q13028896,Wind farm,,
Belarus,Q184,http://www.wikidata.org/entity/Q13028897,Q13028897,Wind farm,,
Philippines,Q928,http://www.wikidata.org/entity/Q107087284,Balaoi and Caunayan Wind Farm,Wind farm,,
Philippines,Q928,http://www.wikidata.org/entity/Q4998672,Burgos Wind Farm,Wind farm,18.531944444,120.6525
Philippines,Q928,http://www.wikidata.org/entity/Q4855634,Bangui Wind Farm,Wind farm,18.52777778,120.71388889
Philippines,Q928,http://www.wikidata.org/entity/Q108542450,Romblon Wind Farm,Wind farm,12.574185235,122.259354755
Philippines,Q928,http://www.wikidata.org/entity/Q25052031,Pililla Wind Farm,Wind farm,14.4813921,121.3523699
Philippines,Q928,http://www.wikidata.org/entity/Q23048138,Caparispisan Wind Farm,Wind farm,18.6224745,120.8103036
Philippines,Q928,http://www.wikidata.org/entity/Q124201788,Pagudpud Wind Farm,Wind farm,18.615403,120.859408
Pakistan,Q843,http://www.wikidata.org/entity/Q25230972,HydroChina Dawood Wind Power Project,Wind farm,24.65833333,67.47
Pakistan,Q843,http://www.wikidata.org/entity/Q5555787,Gharo Wind Power Plant,Wind farm,24.59666667,67.44416667
Pakistan,Q843,http://www.wikidata.org/entity/Q6191076,Jhimpir Wind Power Plant,Wind farm,25.01666667,68.01666667
Pakistan,Q843,http://www.wikidata.org/entity/Q106298195,Sachal Wind Power Project,Wind farm,25.136944444,67.936388888
Tunisia,Q948,http://www.wikidata.org/entity/Q3364825,Sidi Daoud Wind Farm,Wind farm,37.0315,10.928
Tunisia,Q948,http://www.wikidata.org/entity/Q96106386,El Alia Wind Farm,Wind farm,37.165681,10.047087
Iran,Q794,http://www.wikidata.org/entity/Q11228203,Q11228203,Wind farm,,
Iran,Q794,http://www.wikidata.org/entity/Q16074653,Takestan wind farm,Wind farm,,
Iran,Q794,http://www.wikidata.org/entity/Q4913851,Binalood wind farm,Wind farm,35.99194444,59.38833333
Iran,Q794,http://www.wikidata.org/entity/Q13033790,Manjil Wind Farm,Wind farm,36.734444444,49.394166666
Iran,Q794,http://www.wikidata.org/entity/Q5755789,Q5755789,Wind farm,38.0053177,46.1053129
People's Republic of China,Q148,http://www.wikidata.org/entity/Q110027636,Binhai North H2 Wind Farm,Wind farm,34.5,120.333333333
People's Republic of China,Q148,http://www.wikidata.org/entity/Q6482068,Lamma Winds,Wind farm,22.225,114.120555555
People's Republic of China,Q148,http://www.wikidata.org/entity/Q10282929,Q10282929,Wind farm,,
People's Republic of China,Q148,http://www.wikidata.org/entity/Q19360154,Guanting Wind Power Farm,Wind farm,40.343,115.757
People's Republic of China,Q148,http://www.wikidata.org/entity/Q16839266,Bayannur Wulanyiligeng Wind Farm,Wind farm,,
People's Republic of China,Q148,http://www.wikidata.org/entity/Q6674579,Longyuan Rudong Intertidal Wind Farm,Wind farm,30.504,121.26
People's Republic of China,Q148,http://www.wikidata.org/entity/Q60441070,Guishan Offshore Windfarm,Wind farm,,
People's Republic of China,Q148,http://www.wikidata.org/entity/Q59228318,Jiangsu Luneng Dongtai,Wind farm,32.921111111,121.181944444
People's Republic of China,Q148,http://www.wikidata.org/entity/Q32243,Gansu Wind Farm,Wind farm,40.199722222,96.902222222
People's Republic of China,Q148,http://www.wikidata.org/entity/Q65084402,Nan'ao Wind Farm,Wind farm,23.4495,117.026
People's Republic of China,Q148,http://www.wikidata.org/entity/Q5295915,Donghai Bridge Wind Farm,Wind farm,30.77,121.994
Switzerland,Q39,http://www.wikidata.org/entity/Q24576041,Windkraftwerk Juvent,Wind farm,47.1833,7.0188
Switzerland,Q39,http://www.wikidata.org/entity/Q27902997,Q27902997,Wind farm,47.20222222,6.96277778
Switzerland,Q39,http://www.wikidata.org/entity/Q27131286,Windpark Gries,Wind farm,46.463056,8.374444
Tanzania,Q924,http://www.wikidata.org/entity/Q114308783,Q114308783,Wind farm,-8.212104,35.662995
Tanzania,Q924,http://www.wikidata.org/entity/Q28447416,Singida Wind Power Station,Wind farm,-4.89944444,34.78944444
India,Q668,http://www.wikidata.org/entity/Q104434232,Gujarat Hybrid Renewable Energy Park,Wind farm,24.128722222,69.312527777
India,Q668,http://www.wikidata.org/entity/Q6124268,Jaisalmer Wind Park,Wind farm,26.944444444,70.872222222
India,Q668,http://www.wikidata.org/entity/Q55624152,Muppandal Wind Farm,Wind farm,8.25,77.59
India,Q668,http://www.wikidata.org/entity/Q7915069,Vankusawade Wind Park,Wind farm,17.4561,73.8331
Morocco,Q1028,http://www.wikidata.org/entity/Q18642054,Tarfaya Wind Farm,Wind farm,27.952555555,-11.996416666
Morocco,Q1028,http://www.wikidata.org/entity/Q18729667,Akhfenir Wind Farm,Wind farm,27.9567,-12.0
Albania,Q222,http://www.wikidata.org/entity/Q6439620,Kryevidhi Wind Farm,Wind farm,,
Albania,Q222,http://www.wikidata.org/entity/Q7939088,Vlorë Wind Farm,Wind farm,,
Mongolia,Q711,http://www.wikidata.org/entity/Q121105462,Salkhit Wind Farm,Wind farm,47.565,107.2065
Mongolia,Q711,http://www.wikidata.org/entity/Q121590632,Sainshand Wind Farm,Wind farm,44.915777777,110.237611111
Mongolia,Q711,http://www.wikidata.org/entity/Q121306441,Tsetsii Wind Farm,Wind farm,43.559833333,105.6135
Egypt,Q79,http://www.wikidata.org/entity/Q96955802,Zafarana wind farm,Wind farm,,
Egypt,Q79,http://www.wikidata.org/entity/Q97055107,Jabal al-Zeit wind farm,Wind farm,28.117416666,33.185666666
Egypt,Q79,http://www.wikidata.org/entity/Q117090113,Q117090113,Wind farm,,
Armenia,Q399,http://www.wikidata.org/entity/Q10858391,Lori 1 Wind Farm,Wind farm,40.911489,44.43135
Jamaica,Q766,http://www.wikidata.org/entity/Q117284447,BMR Jamaica Wind Limited,Wind farm,17.94,-77.697
Jamaica,Q766,http://www.wikidata.org/entity/Q117263013,Wigton Windfarm,Wind farm,17.92,-77.53
Kosovo,Q1246,http://www.wikidata.org/entity/Q109811639,Bajgora Wind Park,Wind farm,42.970555555,21.014722222
Kosovo,Q1246,http://www.wikidata.org/entity/Q110185027,Kitka Wind Park,Wind farm,42.655833333,21.666388888
Montenegro,Q236,http://www.wikidata.org/entity/Q105975515,Možura Wind Farm,Wind farm,41.980682,19.2007005
Montenegro,Q236,http://www.wikidata.org/entity/Q97193445,Krnovo Wind Farm,Wind farm,42.8738,19.117
Indonesia,Q252,http://www.wikidata.org/entity/Q56398861,Q56398861,Wind farm,,
Indonesia,Q252,http://www.wikidata.org/entity/Q65205423,Q65205423,Wind farm,,
Syria,Q858,http://www.wikidata.org/entity/Q1145092,Golan Heights Wind Farm,Wind farm,33.08333333,35.83333333
Mexico,Q96,http://www.wikidata.org/entity/Q48789797,Q48789797,Wind farm,23.4308042,-98.9183237
Mexico,Q96,http://www.wikidata.org/entity/Q28503135,Q28503135,Wind farm,16.5738455,-94.7914125
Mexico,Q96,http://www.wikidata.org/entity/Q6062899,Q6062899,Wind farm,16.55253611,-94.96644722
Mexico,Q96,http://www.wikidata.org/entity/Q3734971,Eurus Wind Farm,Wind farm,16.54027778,-94.95388889
Uganda,Q1036,http://www.wikidata.org/entity/Q25230637,Tororo Wind Power Station,Wind farm,0.64166667,34.17361111
Kazakhstan,Q232,http://www.wikidata.org/entity/Q28194519,Korday Wind Farm,Wind farm,43.33833,74.96889
Colombia,Q739,http://www.wikidata.org/entity/Q18776171,Parque eólico Jepírachi,Wind farm,12.233,-72.033
Jordan,Q810,http://www.wikidata.org/entity/Q21775908,Tafila Wind Farm,Wind farm,30.7005,35.6783
North Macedonia,Q221,http://www.wikidata.org/entity/Q20569290,Bogdanci wind turbines,Wind farm,41.228722222,22.563
Honduras,Q783,http://www.wikidata.org/entity/Q16616331,Cerro de Hula wind farm,Wind farm,13.925,-87.22
Cuba,Q241,http://www.wikidata.org/entity/Q6062184,Q6062184,Wind farm,,
Azerbaijan,Q227,http://www.wikidata.org/entity/Q20586079,Q20586079,Wind farm,40.72922,49.43112
Slovakia,Q214,http://www.wikidata.org/entity/Q46228249,Cerová wind farm,Wind farm,48.57,17.385
Mauritania,Q1025,http://www.wikidata.org/entity/Q104858943,Boulenouar Wind Power Station,Wind farm,21.2662517,-16.6976169
Ethiopia,Q115,http://www.wikidata.org/entity/Q105394006,Assela Wind Power Station,Wind farm,8.086111111,39.215277777
Saudi Arabia,Q851,http://www.wikidata.org/entity/Q96150068,Dumat Al-Jandal Wind Farm,Wind farm,,
Senegal,Q1041,http://www.wikidata.org/entity/Q96407595,Taiba N'Diaye Wind Power Station,Wind farm,15.049444444,-16.881111111
Djibouti,Q977,http://www.wikidata.org/entity/Q108809582,Ghoubet Wind Power Station,Wind farm,11.53,42.496388888
Bosnia and Herzegovina,Q225,http://www.wikidata.org/entity/Q56026061,Mesihovina wind farm,Wind farm,43.58030556,17.28019444
Niger,Q1032,http://www.wikidata.org/entity/Q111943578,Savannah Tarka Wind Power Station,Wind farm,14.903611111,5.201666666
Greece,Q41,http://www.wikidata.org/entity/Q56257545,Panachaiko wind farm,Wind farm,,
Venezuela,Q717,http://www.wikidata.org/entity/Q24960877,Paraguaná Wind Farm,Wind farm,11.809444444,-70.235833333
Venezuela,Q717,http://www.wikidata.org/entity/Q16616337,La Guajira wind farm,Wind farm,11.215249425,-71.8866832
Oman,Q842,http://www.wikidata.org/entity/Q114359009,Dhofar Wind Farm,Wind farm,17.81,54.59
Luxembourg,Q32,http://www.wikidata.org/entity/Q132449664,Windfarm Déierbech,Wind farm,,
Costa Rica,Q800,http://www.wikidata.org/entity/Q96390826,Los Santos Wind Farm,Wind farm,9.777102,-83.995826
Tonga,Q678,http://www.wikidata.org/entity/Q123357869,Nakolo Wind Turbine,Wind farm,-21.265666666,-175.118916666
Schleswig-Holstein,Q1194,http://www.wikidata.org/entity/Q129262605,Windpark Sipsdorf,Wind farm,54.250138888,10.854833333
Namibia,Q1030,http://www.wikidata.org/entity/Q112300364,Diaz Wind Power Station,Wind farm,-26.648055555,15.184722222
Wales,Q25,http://www.wikidata.org/entity/Q833917,North Hoyle Offshore Wind Farm,Wind farm,53.3907,-3.452454
Chad,Q657,http://www.wikidata.org/entity/Q124397449,Amdjarass Wind Farm,Wind farm,,
Mozambique,Q1029,http://www.wikidata.org/entity/Q108822188,Namaacha Wind Power Station,Wind farm,-25.972222222,32.0475
Antarctica,Q51,http://www.wikidata.org/entity/Q123699220,Ross Island Wind Farm,Wind farm,,
