country_name,country_qid,entity,label,type,latitude,longitude
Kingdom of England,Q179876,http://www.wikidata.org/entity/Q104029514,Coventry mint,Factory,,
Kamerun,Q668294,http://www.wikidata.org/entity/Q50825241,Raethke & Paschen,Factory,,
Iran,Q794,http://www.wikidata.org/entity/Q113374940,Bargtahrir,Factory,,
Iran,Q794,http://www.wikidata.org/entity/Q114355653,Research and Self-sufficiency Organization of the Islamic Republic of Iran Air Force,Factory,,
Iran,Q794,http://www.wikidata.org/entity/Q127431610,Uncertain Mint 78,Factory,,
Iran,Q794,http://www.wikidata.org/entity/Q127431614,Uncertain Mint 81,Factory,,
Iran,Q794,http://www.wikidata.org/entity/Q127431608,Uncertain Mint 73,Factory,,
Iran,Q794,http://www.wikidata.org/entity/Q127431619,Uncertain Mint 86,Factory,,
Iran,Q794,http://www.wikidata.org/entity/Q127430106,Dastawa,Factory,,
Iran,Q794,http://www.wikidata.org/entity/Q5730379,Tabriz Oil Refinery Company,Factory,,
Iran,Q794,http://www.wikidata.org/entity/Q5909878,Sheikh Oil Mill,Factory,,
Iran,Q794,http://www.wikidata.org/entity/Q5955063,Khouzestan Steel Company,Factory,,
Iran,Q794,http://www.wikidata.org/entity/Q127431618,Uncertain Mint 85,Factory,,
Iran,Q794,http://www.wikidata.org/entity/Q127431609,Uncertain Mint 75,Factory,,
Iran,Q794,http://www.wikidata.org/entity/Q127430097,Dar al-Mulk Tabaristan,Factory,,
Iran,Q794,http://www.wikidata.org/entity/Q65098829,Buran Cryogenic Industries,Factory,,
Iran,Q794,http://www.wikidata.org/entity/Q127431743,al-Manadhir,Factory,,
Brazil,Q155,http://www.wikidata.org/entity/Q124331018,Fundição Cavina,Factory,,
Brazil,Q155,http://www.wikidata.org/entity/Q47456256,Q47456256,Factory,,
Brazil,Q155,http://www.wikidata.org/entity/Q62056015,Curtume Santo Antônio,Factory,,
Brazil,Q155,http://www.wikidata.org/entity/Q106548918,Moinho Bageense,Factory,,
Brazil,Q155,http://www.wikidata.org/entity/Q83380769,Bäcker Brewery,Factory,,
Brazil,Q155,http://www.wikidata.org/entity/Q3640381,Q3640381,Factory,,
Brazil,Q155,http://www.wikidata.org/entity/Q85630585,Usina Hidrelétrica Salto do Lobo,Factory,,
Brazil,Q155,http://www.wikidata.org/entity/Q86738536,Cerâmica São Caetano,Factory,,
Brazil,Q155,http://www.wikidata.org/entity/Q86739138,Fábrica de Louças Santa Catharina,Factory,,
Brazil,Q155,http://www.wikidata.org/entity/Q86739246,Indústria de Louças Zappi S/A,Factory,,
Brazil,Q155,http://www.wikidata.org/entity/Q9643192,Baden Baden,Factory,,
Brazil,Q155,http://www.wikidata.org/entity/Q10272938,Q10272938,Factory,,
Brazil,Q155,http://www.wikidata.org/entity/Q10272939,Q10272939,Factory,,
Brazil,Q155,http://www.wikidata.org/entity/Q10272937,Q10272937,Factory,,
Brazil,Q155,http://www.wikidata.org/entity/Q10374966,Q10374966,Factory,,
Brazil,Q155,http://www.wikidata.org/entity/Q10387751,Q10387751,Factory,,
Brazil,Q155,http://www.wikidata.org/entity/Q10291418,Gravações Elétricas S.A.,Factory,,
Brazil,Q155,http://www.wikidata.org/entity/Q10364767,Fábrica De Discos Rozenblit Ltda.,Factory,,
Brazil,Q155,http://www.wikidata.org/entity/Q1311398,Eisenbahn,Factory,,
Brazil,Q155,http://www.wikidata.org/entity/Q20053175,Q20053175,Factory,,
Brazil,Q155,http://www.wikidata.org/entity/Q97936736,Cachoeira Plantation,Factory,,
Brazil,Q155,http://www.wikidata.org/entity/Q131451260,ArcelorMittal Vega,Factory,,
Brazil,Q155,http://www.wikidata.org/entity/Q131451293,ArcelorMittal Pecém,Factory,,
Brazil,Q155,http://www.wikidata.org/entity/Q5065318,Cervecería Nacional Dominicana,Factory,,
Brazil,Q155,http://www.wikidata.org/entity/Q20053277,Wäls Brewing Company,Factory,,
Brazil,Q155,http://www.wikidata.org/entity/Q644625,Brasil Kirin,Factory,,
Brazil,Q155,http://www.wikidata.org/entity/Q47514075,Q47514075,Factory,,
Brazil,Q155,http://www.wikidata.org/entity/Q47514134,Q47514134,Factory,,
Brazil,Q155,http://www.wikidata.org/entity/Q47514214,Q47514214,Factory,,
Brazil,Q155,http://www.wikidata.org/entity/Q47514322,Q47514322,Factory,,
Brazil,Q155,http://www.wikidata.org/entity/Q47514326,Q47514326,Factory,,
Brazil,Q155,http://www.wikidata.org/entity/Q27313976,FNV,Factory,,
Brazil,Q155,http://www.wikidata.org/entity/Q47514357,BMW plant Araquari,Factory,,
Brazil,Q155,http://www.wikidata.org/entity/Q86738957,Q86738957,Factory,,
Brazil,Q155,http://www.wikidata.org/entity/Q50823146,Indústrias Villares,Factory,,
Brazil,Q155,http://www.wikidata.org/entity/Q100155027,Q100155027,Factory,,
Brazil,Q155,http://www.wikidata.org/entity/Q61050476,International Talking Machine Co.Ltd.,Factory,,
Brazil,Q155,http://www.wikidata.org/entity/Q61052594,Fábrica Odeon,Factory,,
Brazil,Q155,http://www.wikidata.org/entity/Q61052609,Indústrias Elétricas e Musicais Fábrica Odeon S.A.,Factory,,
Brazil,Q155,http://www.wikidata.org/entity/Q105062904,Q105062904,Factory,,
Brazil,Q155,http://www.wikidata.org/entity/Q105592557,Fábrica de Todos os Santos,Factory,,
Brazil,Q155,http://www.wikidata.org/entity/Q111922222,Q111922222,Factory,,
Brazil,Q155,http://www.wikidata.org/entity/Q111922223,Q111922223,Factory,,
Brazil,Q155,http://www.wikidata.org/entity/Q111922221,Q111922221,Factory,,
Brazil,Q155,http://www.wikidata.org/entity/Q109778444,Iveco Fiat factory of Sete Lagoas,Factory,,
Brazil,Q155,http://www.wikidata.org/entity/Q110644249,Mint of Pernambuco,Factory,,
Italy,Q38,http://www.wikidata.org/entity/Q3931089,Q3931089,Factory,,
Italy,Q38,http://www.wikidata.org/entity/Q12525522,Milazzo oil refinery,Factory,,
Italy,Q38,http://www.wikidata.org/entity/Q3620614,API Ancona Refinery,Factory,,
Italy,Q38,http://www.wikidata.org/entity/Q3908452,Medici porcelain,Factory,,
Italy,Q38,http://www.wikidata.org/entity/Q3943438,SARPOM,Factory,,
Italy,Q38,http://www.wikidata.org/entity/Q7363000,Rome Refinery,Factory,,
Italy,Q38,http://www.wikidata.org/entity/Q63164568,Reale Arazzeria Napoletana,Factory,,
Italy,Q38,http://www.wikidata.org/entity/Q125592519,Q125592519,Factory,,
Italy,Q38,http://www.wikidata.org/entity/Q114291800,Sannazzaro oil refinery,Factory,,
Italy,Q38,http://www.wikidata.org/entity/Q114294324,Lukoil Impianti Nord Refinery,Factory,,
Italy,Q38,http://www.wikidata.org/entity/Q114294682,Lukoil Impianti Sud Refinery,Factory,,
Italy,Q38,http://www.wikidata.org/entity/Q116784218,Setificio Gioannetti-Ceriana,Factory,,
Italy,Q38,http://www.wikidata.org/entity/Q3748399,Q3748399,Factory,,
Italy,Q38,http://www.wikidata.org/entity/Q98108631,Fornace Cioni Alderighi,Factory,,
Italy,Q38,http://www.wikidata.org/entity/Q33229770,Q33229770,Factory,,
Italy,Q38,http://www.wikidata.org/entity/Q29690066,fornace romana,Factory,,
Italy,Q38,http://www.wikidata.org/entity/Q33522183,Fornace Mariani,Factory,,
Italy,Q38,http://www.wikidata.org/entity/Q113253435,Q113253435,Factory,,
Italy,Q38,http://www.wikidata.org/entity/Q127429942,Cimissa,Factory,,
Italy,Q38,http://www.wikidata.org/entity/Q127430255,Frentrum,Factory,,
Italy,Q38,http://www.wikidata.org/entity/Q127430476,Italy (Southeast),Factory,,
Italy,Q38,http://www.wikidata.org/entity/Q127430703,Mateolum,Factory,,
Italy,Q38,http://www.wikidata.org/entity/Q127430475,Italy (South),Factory,,
Italy,Q38,http://www.wikidata.org/entity/Q127429676,"Athl..., Sicily",Factory,,
Italy,Q38,http://www.wikidata.org/entity/Q127430705,Me...,Factory,,
Italy,Q38,http://www.wikidata.org/entity/Q127430527,Kronia,Factory,,
Italy,Q38,http://www.wikidata.org/entity/Q127430715,Meles,Factory,,
Italy,Q38,http://www.wikidata.org/entity/Q127430474,Italy (North),Factory,,
Italy,Q38,http://www.wikidata.org/entity/Q127430473,Italy (Central),Factory,,
Italy,Q38,http://www.wikidata.org/entity/Q127429878,Casarium,Factory,,
Italy,Q38,http://www.wikidata.org/entity/Q127430973,Peithesa,Factory,,
Italy,Q38,http://www.wikidata.org/entity/Q127431251,Sergetion,Factory,,
Italy,Q38,http://www.wikidata.org/entity/Q127430810,Neapolis,Factory,,
Italy,Q38,http://www.wikidata.org/entity/Q127431304,So,Factory,,
Italy,Q38,http://www.wikidata.org/entity/Q127431664,Ursentum,Factory,,
Italy,Q38,http://www.wikidata.org/entity/Q127431269,Sicily 2,Factory,,
Italy,Q38,http://www.wikidata.org/entity/Q127431268,Sicily 1,Factory,,
Italy,Q38,http://www.wikidata.org/entity/Q109919307,Q109919307,Factory,,
Italy,Q38,http://www.wikidata.org/entity/Q108296609,Heuliez Torino,Factory,,
Italy,Q38,http://www.wikidata.org/entity/Q108296789,Bugatti Campogalliano,Factory,,
Italy,Q38,http://www.wikidata.org/entity/Q108513037,Bitossi,Factory,,
Italy,Q38,http://www.wikidata.org/entity/Q108513039,Ceramica Franco Pozzi,Factory,,
Italy,Q38,http://www.wikidata.org/entity/Q108653600,Ditta Raimondo Vivarelli,Factory,,
Italy,Q38,http://www.wikidata.org/entity/Q109404240,Ceramche d' Italia,Factory,,
Italy,Q38,http://www.wikidata.org/entity/Q109404285,Iris Ceramica S.p.A.,Factory,,
Italy,Q38,http://www.wikidata.org/entity/Q109653705,Tipografia del progresso,Factory,,
Italy,Q38,http://www.wikidata.org/entity/Q110571146,Aldrovandi manufacture,Factory,,
Italy,Q38,http://www.wikidata.org/entity/Q124646255,Q124646255,Factory,,
Italy,Q38,http://www.wikidata.org/entity/Q124673102,Q124673102,Factory,,
Italy,Q38,http://www.wikidata.org/entity/Q112970240,Zuccherificio di Montepulciano Stazione,Factory,,
Italy,Q38,http://www.wikidata.org/entity/Q113509870,3T factory,Factory,,
Italy,Q38,http://www.wikidata.org/entity/Q115165935,Manifattura ceramica Minghetti,Factory,,
Italy,Q38,http://www.wikidata.org/entity/Q125823388,Marwan,Factory,,
Italy,Q38,http://www.wikidata.org/entity/Q125823404,Polaris,Factory,,
Italy,Q38,http://www.wikidata.org/entity/Q131249145,Q131249145,Factory,,
Italy,Q38,http://www.wikidata.org/entity/Q131277398,Q131277398,Factory,,
Italy,Q38,http://www.wikidata.org/entity/Q118128449,Reggiani,Factory,,
Italy,Q38,http://www.wikidata.org/entity/Q119477819,Bonazzi grafica,Factory,,
Italy,Q38,http://www.wikidata.org/entity/Q119477832,Cattaneo Paolo Grafiche,Factory,,
Italy,Q38,http://www.wikidata.org/entity/Q122723591,Grafiche ATA,Factory,,
Italy,Q38,http://www.wikidata.org/entity/Q107265930,Q107265930,Factory,,
Italy,Q38,http://www.wikidata.org/entity/Q123927162,Grafos Servizi Grafici,Factory,,
Italy,Q38,http://www.wikidata.org/entity/Q124669674,Consorzio Artigiano L.V.G.,Factory,,
Italy,Q38,http://www.wikidata.org/entity/Q124669706,Luigi Ponzio e figlio,Factory,,
Italy,Q38,http://www.wikidata.org/entity/Q125389952,Brewfist,Factory,,
Italy,Q38,http://www.wikidata.org/entity/Q125580850,Tecnograph,Factory,,
Italy,Q38,http://www.wikidata.org/entity/Q125580853,Tipografia commerciale pavese,Factory,,
Italy,Q38,http://www.wikidata.org/entity/Q861973,Forst,Factory,,
Italy,Q38,http://www.wikidata.org/entity/Q130376633,Carlo Barbera,Factory,,
Italy,Q38,http://www.wikidata.org/entity/Q1658037,Motta,Factory,,
Italy,Q38,http://www.wikidata.org/entity/Q97184695,Tipografia di San Jacopo di Ripoli,Factory,,
Italy,Q38,http://www.wikidata.org/entity/Q98010491,Alessio Sarri Ceramiche,Factory,,
Italy,Q38,http://www.wikidata.org/entity/Q98073231,Argenteria Gabriele De Vecchi,Factory,,
Italy,Q38,http://www.wikidata.org/entity/Q3731652,Eridania,Factory,,
Italy,Q38,http://www.wikidata.org/entity/Q2094876,Sevel Val di Sangro factory,Factory,,
Italy,Q38,http://www.wikidata.org/entity/Q2259081,Birra Raffo,Factory,,
Italy,Q38,http://www.wikidata.org/entity/Q2982358,Colbachini & Figli,Factory,,
Italy,Q38,http://www.wikidata.org/entity/Q3640367,Pedavena,Factory,,
Italy,Q38,http://www.wikidata.org/entity/Q3604121,Acciaierie di Cornigliano,Factory,,
Italy,Q38,http://www.wikidata.org/entity/Q3604123,Terni (Firm),Factory,,
Italy,Q38,http://www.wikidata.org/entity/Q3640363,Birra Italia,Factory,,
Italy,Q38,http://www.wikidata.org/entity/Q16538647,Fonderia Cavadini,Factory,,
Italy,Q38,http://www.wikidata.org/entity/Q3747250,Fonderia Barigozzi,Factory,,
Italy,Q38,http://www.wikidata.org/entity/Q3747251,Fonderia Colbachini,Factory,,
Italy,Q38,http://www.wikidata.org/entity/Q3881041,Officine Grandi Motori,Factory,,
Italy,Q38,http://www.wikidata.org/entity/Q3908256,Pontificia Fonderia Marinelli,Factory,,
Italy,Q38,http://www.wikidata.org/entity/Q109853214,Tipografia Galileiana,Factory,,
Italy,Q38,http://www.wikidata.org/entity/Q24933110,Manifattura Festi Rasini,Factory,,
Italy,Q38,http://www.wikidata.org/entity/Q131766149,Filatoio Sichardt,Factory,,
Italy,Q38,http://www.wikidata.org/entity/Q865859,Peroni Brewery,Factory,,
Italy,Q38,http://www.wikidata.org/entity/Q28668367,Lancia Borgo San Paolo Plant,Factory,,
Italy,Q38,http://www.wikidata.org/entity/Q65664803,Q65664803,Factory,,
Italy,Q38,http://www.wikidata.org/entity/Q66250498,Q66250498,Factory,,
Italy,Q38,http://www.wikidata.org/entity/Q29380503,Biotti card clothing Industry,Factory,,
Italy,Q38,http://www.wikidata.org/entity/Q56479259,silk mill,Factory,,
Italy,Q38,http://www.wikidata.org/entity/Q35974323,Cremeria Emiliana old complex,Factory,,
Italy,Q38,http://www.wikidata.org/entity/Q46732599,Real Fabbrica della porcellana di Capodimonte,Factory,,
Italy,Q38,http://www.wikidata.org/entity/Q24942189,Birra Cervisia,Factory,,
Italy,Q38,http://www.wikidata.org/entity/Q109404241,Ceramica Fontana Limite,Factory,,
Italy,Q38,http://www.wikidata.org/entity/Q104387686,Zuccherificio di Massa Finalese,Factory,,
Italy,Q38,http://www.wikidata.org/entity/Q57933476,Teza longa de la Tana,Factory,,
Italy,Q38,http://www.wikidata.org/entity/Q97169516,Dumont,Factory,,
Italy,Q38,http://www.wikidata.org/entity/Q36952205,Magona di Cecina,Factory,,
Italy,Q38,http://www.wikidata.org/entity/Q1959220,Q1959220,Factory,,
Italy,Q38,http://www.wikidata.org/entity/Q3629907,Ausonia,Factory,,
Italy,Q38,http://www.wikidata.org/entity/Q94730537,Bormioli Rocco,Factory,,
Italy,Q38,http://www.wikidata.org/entity/Q4023981,Mint of Aquileia,Factory,,
Italy,Q38,http://www.wikidata.org/entity/Q3072875,Cartiere Miliani Fabriano,Factory,,
Italy,Q38,http://www.wikidata.org/entity/Q3710408,Distilleria Varnelli,Factory,,
Italy,Q38,http://www.wikidata.org/entity/Q3907657,Petrolchimico di Gela,Factory,,
Italy,Q38,http://www.wikidata.org/entity/Q4865493,Bartolo Nardini,Factory,,
Italy,Q38,http://www.wikidata.org/entity/Q21282762,Segafredo Zanetti,Factory,,
Italy,Q38,http://www.wikidata.org/entity/Q81191,Istituto Poligrafico e Zecca dello Stato,Factory,,
Italy,Q38,http://www.wikidata.org/entity/Q3967673,Q3967673,Factory,,
Italy,Q38,http://www.wikidata.org/entity/Q53867650,Q53867650,Factory,,
Italy,Q38,http://www.wikidata.org/entity/Q3710406,Distilleria Caffo (,Factory,,
Italy,Q38,http://www.wikidata.org/entity/Q27070406,Officina coriariorum of M. Vesonius Primus (I.5.2),Factory,,
Italy,Q38,http://www.wikidata.org/entity/Q49621368,Fonderie Camplone,Factory,,
Italy,Q38,http://www.wikidata.org/entity/Q91089021,Q91089021,Factory,,
Italy,Q38,http://www.wikidata.org/entity/Q96749524,Q96749524,Factory,,
Italy,Q38,http://www.wikidata.org/entity/Q56025352,Distillerie Orbat,Factory,,
Italy,Q38,http://www.wikidata.org/entity/Q107719321,Zecca di Pavia,Factory,,
Italy,Q38,http://www.wikidata.org/entity/Q108513163,Vetreria Ferro-Lazzarini,Factory,,
Italy,Q38,http://www.wikidata.org/entity/Q111206229,Nicci Foundry,Factory,,
Italy,Q38,http://www.wikidata.org/entity/Q125592517,Q125592517,Factory,,
Italy,Q38,http://www.wikidata.org/entity/Q129636997,Q129636997,Factory,,
Italy,Q38,http://www.wikidata.org/entity/Q133456560,Q133456560,Factory,,
Australia,Q408,http://www.wikidata.org/entity/Q71904776,Midland Brick,Factory,,
Australia,Q408,http://www.wikidata.org/entity/Q110050782,Corduroy Records,Factory,,
Australia,Q408,http://www.wikidata.org/entity/Q114015030,British-Australian Pulp and Paper,Factory,,
Australia,Q408,http://www.wikidata.org/entity/Q116318525,Duckstein Brewery,Factory,,
Australia,Q408,http://www.wikidata.org/entity/Q116318998,Dingo Brewing,Factory,,
Australia,Q408,http://www.wikidata.org/entity/Q120737198,Program Records,Factory,,
Australia,Q408,http://www.wikidata.org/entity/Q120747524,Suitcase Records,Factory,,
Australia,Q408,http://www.wikidata.org/entity/Q124708157,Redback Graphix,Factory,,
Australia,Q408,http://www.wikidata.org/entity/Q1313123,Foster's Group Limited,Factory,,
Australia,Q408,http://www.wikidata.org/entity/Q96386934,Lark Distillery,Factory,,
Australia,Q408,http://www.wikidata.org/entity/Q96554708,Bega Cheese Factory,Factory,,
Australia,Q408,http://www.wikidata.org/entity/Q7830748,Toyota Australia Altona Plant,Factory,,
Australia,Q408,http://www.wikidata.org/entity/Q2426375,Coopers Brewery,Factory,,
Australia,Q408,http://www.wikidata.org/entity/Q16829888,Colonial Brewing Company,Factory,,
Australia,Q408,http://www.wikidata.org/entity/Q16932183,South Australian Brewing Company,Factory,,
Australia,Q408,http://www.wikidata.org/entity/Q4051556,HSV Dealer Team,Factory,,
Australia,Q408,http://www.wikidata.org/entity/Q4999111,Burleigh Brewing Company,Factory,,
Australia,Q408,http://www.wikidata.org/entity/Q5137000,Clyde Refinery,Factory,,
Australia,Q408,http://www.wikidata.org/entity/Q6555401,Lion Brewing and Malting Company,Factory,,
Australia,Q408,http://www.wikidata.org/entity/Q24884894,Holden Monaro 427C,Factory,,
Australia,Q408,http://www.wikidata.org/entity/Q7392481,SPC Ardmona,Factory,,
Australia,Q408,http://www.wikidata.org/entity/Q7962546,Walkinshaw Racing,Factory,,
Australia,Q408,http://www.wikidata.org/entity/Q7984023,Wesley Vale pulp mill,Factory,,
Australia,Q408,http://www.wikidata.org/entity/Q48808361,Hindmarsh Brewery,Factory,,
Australia,Q408,http://www.wikidata.org/entity/Q48816560,Pirie Street Brewery,Factory,,
Australia,Q408,http://www.wikidata.org/entity/Q55604148,Archie Rose Distilling Co.,Factory,,
Australia,Q408,http://www.wikidata.org/entity/Q55605458,Billson's Brewery,Factory,,
Australia,Q408,http://www.wikidata.org/entity/Q55615830,Kent Town Brewery,Factory,,
Australia,Q408,http://www.wikidata.org/entity/Q55623793,Morphett Street Brewery,Factory,,
Australia,Q408,http://www.wikidata.org/entity/Q55637339,Walkerville Brewery,Factory,,
Australia,Q408,http://www.wikidata.org/entity/Q60791658,Pirate Life Brewing,Factory,,
Australia,Q408,http://www.wikidata.org/entity/Q107103983,Balter Brewing Company,Factory,,
Australia,Q408,http://www.wikidata.org/entity/Q108325710,Castlemaine Brewery,Factory,,
Australia,Q408,http://www.wikidata.org/entity/Q108531501,"Revell, Adams & Co.",Factory,,
Thailand,Q869,http://www.wikidata.org/entity/Q124021800,Doctor Bradley's Printing House,Factory,,
Thailand,Q869,http://www.wikidata.org/entity/Q124253491,Sriracha oil refinery,Factory,,
Thailand,Q869,http://www.wikidata.org/entity/Q124253551,Phra Khanong Refinery,Factory,,
Thailand,Q869,http://www.wikidata.org/entity/Q124253585,Star Petroleum Refinery,Factory,,
Thailand,Q869,http://www.wikidata.org/entity/Q124253630,Thai Oil Refinery,Factory,,
Thailand,Q869,http://www.wikidata.org/entity/Q124256018,IRPC Refinery,Factory,,
Thailand,Q869,http://www.wikidata.org/entity/Q2428758,Q2428758,Factory,,
Thailand,Q869,http://www.wikidata.org/entity/Q55577180,Q55577180,Factory,,
Thailand,Q869,http://www.wikidata.org/entity/Q55577202,Q55577202,Factory,,
Thailand,Q869,http://www.wikidata.org/entity/Q110029689,Nissan Motor Thailand Plant 1,Factory,,
Thailand,Q869,http://www.wikidata.org/entity/Q110029696,Nissan Motor Thailand Plant 2,Factory,,
Thailand,Q869,http://www.wikidata.org/entity/Q110029702,Nissan Powertrain Thailand Factory,Factory,,
Cambodia,Q424,http://www.wikidata.org/entity/Q5025238,Cambrew Brewery,Factory,,
Cambodia,Q424,http://www.wikidata.org/entity/Q56320510,Samai Distillery,Factory,,
Hungary,Q28,http://www.wikidata.org/entity/Q110269583,Q110269583,Factory,,
Hungary,Q28,http://www.wikidata.org/entity/Q106337377,Borsodnádasd Plate Works,Factory,,
Hungary,Q28,http://www.wikidata.org/entity/Q106806966,Electronic Experimental Sample Manufacturing Plant,Factory,,
Hungary,Q28,http://www.wikidata.org/entity/Q112075131,Swimbus International Ltd,Factory,,
Hungary,Q28,http://www.wikidata.org/entity/Q58476293,Zsolnay Porcelánmanufaktúra Zrt.,Factory,,
Hungary,Q28,http://www.wikidata.org/entity/Q114304545,MOL Duna Refinery,Factory,,
Hungary,Q28,http://www.wikidata.org/entity/Q131560542,Q131560542,Factory,,
Hungary,Q28,http://www.wikidata.org/entity/Q117712060,Zartl curved furniture factory,Factory,,
Hungary,Q28,http://www.wikidata.org/entity/Q118316077,Wool Weaving Mill of Újpest,Factory,,
Hungary,Q28,http://www.wikidata.org/entity/Q123296529,Richards Finomposztógyár,Factory,,
Hungary,Q28,http://www.wikidata.org/entity/Q1032347,Q1032347,Factory,,
Hungary,Q28,http://www.wikidata.org/entity/Q1127182,Labor Instrumentation Industry Works,Factory,,
Hungary,Q28,http://www.wikidata.org/entity/Q1130543,Littke sparkling wine factory,Factory,,
Hungary,Q28,http://www.wikidata.org/entity/Q1179982,Murányi Unió,Factory,,
Hungary,Q28,http://www.wikidata.org/entity/Q16521828,Q16521828,Factory,,
Hungary,Q28,http://www.wikidata.org/entity/Q1242782,First Leather Factory of Pécs Company,Factory,,
Hungary,Q28,http://www.wikidata.org/entity/Q109404289,Keramia,Factory,,
Hungary,Q28,http://www.wikidata.org/entity/Q97457605,Budapesti Mezőgazdasági Gépgyár,Factory,,
Hungary,Q28,http://www.wikidata.org/entity/Q465052,"Reitter Mill, Dunaföldvár",Factory,,
Hungary,Q28,http://www.wikidata.org/entity/Q475272,Hungarian General Machine Factory,Factory,,
Hungary,Q28,http://www.wikidata.org/entity/Q104603187,Pécs Glove Factory,Factory,,
Hungary,Q28,http://www.wikidata.org/entity/Q20439705,Hofherr-Schrantz-Clayton-Shuttleworth Magyar Gépgyári Művek Rt.,Factory,,
Hungary,Q28,http://www.wikidata.org/entity/Q61318456,Q61318456,Factory,,
Hungary,Q28,http://www.wikidata.org/entity/Q15952030,Sámuel Moskovits Iron Foundry and Machine Factory,Factory,,
Hungary,Q28,http://www.wikidata.org/entity/Q56192072,Béres Pharmaceuticals Ltd.,Factory,,
Hungary,Q28,http://www.wikidata.org/entity/Q56191968,Szentesi Baromfifeldolgozó Vállalat,Factory,,
Hungary,Q28,http://www.wikidata.org/entity/Q25657,MÁVAG,Factory,,
Hungary,Q28,http://www.wikidata.org/entity/Q101049950,Q101049950,Factory,,
Hungary,Q28,http://www.wikidata.org/entity/Q57404713,Q57404713,Factory,,
Hungary,Q28,http://www.wikidata.org/entity/Q111383218,Q111383218,Factory,,
Hungary,Q28,http://www.wikidata.org/entity/Q106367224,Kissler sörfőzde,Factory,,
Hungary,Q28,http://www.wikidata.org/entity/Q123690248,Q123690248,Factory,,
Hungary,Q28,http://www.wikidata.org/entity/Q113336607,Sopron Brewery,Factory,,
Tsardom of Russia,Q186096,http://www.wikidata.org/entity/Q113411827,Dukhanino glass works,Factory,,
Tsardom of Russia,Q186096,http://www.wikidata.org/entity/Q113374859,Q113374859,Factory,,
Bahrain,Q398,http://www.wikidata.org/entity/Q114318873,Sitra Oil Refinery,Factory,,
Canada,Q16,http://www.wikidata.org/entity/Q3080434,Q3080434,Factory,,
Canada,Q16,http://www.wikidata.org/entity/Q3216524,Q3216524,Factory,,
Canada,Q16,http://www.wikidata.org/entity/Q3220444,Q3220444,Factory,,
Canada,Q16,http://www.wikidata.org/entity/Q126735062,Hop Station Craft Brewing,Factory,,
Canada,Q16,http://www.wikidata.org/entity/Q1621085,Volvo Halifax Assembly,Factory,,
Canada,Q16,http://www.wikidata.org/entity/Q99436671,Alberta Distillers,Factory,,
Canada,Q16,http://www.wikidata.org/entity/Q3119526,Guilbault-Thérien,Factory,,
Canada,Q16,http://www.wikidata.org/entity/Q3206450,La Barberie,Factory,,
Canada,Q16,http://www.wikidata.org/entity/Q3410769,Pulperie de Jonquière,Factory,,
Canada,Q16,http://www.wikidata.org/entity/Q4386010,GM CAMI Assembly,Factory,,
Canada,Q16,http://www.wikidata.org/entity/Q4877327,Beau's All Natural Brewing Company,Factory,,
Canada,Q16,http://www.wikidata.org/entity/Q5156678,The Compo Company Ltd.,Factory,,
Canada,Q16,http://www.wikidata.org/entity/Q5316043,Dupont Industries,Factory,,
Canada,Q16,http://www.wikidata.org/entity/Q6509425,Leamy Acoustic Art,Factory,,
Canada,Q16,http://www.wikidata.org/entity/Q25036847,Brampton Assembly Plant,Factory,,
Canada,Q16,http://www.wikidata.org/entity/Q7838538,TrentonWorks,Factory,,
Canada,Q16,http://www.wikidata.org/entity/Q131741980,Whelan & Ferguson,Factory,,
Canada,Q16,http://www.wikidata.org/entity/Q131827389,Dartmouth Rope Works,Factory,,
Canada,Q16,http://www.wikidata.org/entity/Q131829849,Clayton & Sons,Factory,,
Canada,Q16,http://www.wikidata.org/entity/Q132191906,"Consumers Cordage Company, Ltd.",Factory,,
Canada,Q16,http://www.wikidata.org/entity/Q66108572,Q66108572,Factory,,
Canada,Q16,http://www.wikidata.org/entity/Q66123694,Q66123694,Factory,,
Canada,Q16,http://www.wikidata.org/entity/Q66123804,Q66123804,Factory,,
Canada,Q16,http://www.wikidata.org/entity/Q66123843,Q66123843,Factory,,
Canada,Q16,http://www.wikidata.org/entity/Q66123869,Q66123869,Factory,,
Canada,Q16,http://www.wikidata.org/entity/Q66124012,Q66124012,Factory,,
Canada,Q16,http://www.wikidata.org/entity/Q66124027,Q66124027,Factory,,
Canada,Q16,http://www.wikidata.org/entity/Q66124030,Q66124030,Factory,,
Canada,Q16,http://www.wikidata.org/entity/Q110622403,Q110622403,Factory,,
Canada,Q16,http://www.wikidata.org/entity/Q106609903,Irving Pulp and Paper,Factory,,
Canada,Q16,http://www.wikidata.org/entity/Q108598312,British Forgings Limited,Factory,,
Canada,Q16,http://www.wikidata.org/entity/Q26254090,La Fabrique,Factory,,
Canada,Q16,http://www.wikidata.org/entity/Q113135040,Defence Industries Limited Pickering Works,Factory,,
Canada,Q16,http://www.wikidata.org/entity/Q76832013,Brasseurs du monde,Factory,,
Canada,Q16,http://www.wikidata.org/entity/Q133575454,Q133575454,Factory,,
Canada,Q16,http://www.wikidata.org/entity/Q102035960,Nickel 9 Distillery,Factory,,
Canada,Q16,http://www.wikidata.org/entity/Q102437705,Brasserie Frontenac,Factory,,
Canada,Q16,http://www.wikidata.org/entity/Q105969786,Harris & Co. Rockwood Woolen Mill,Factory,,
Canada,Q16,http://www.wikidata.org/entity/Q109958572,Okanagan Spirits Craft Distillery,Factory,,
Canada,Q16,http://www.wikidata.org/entity/Q113196478,Pump House Brewpub,Factory,,
Canada,Q16,http://www.wikidata.org/entity/Q113624585,Winnipeg Mint,Factory,,
Canada,Q16,http://www.wikidata.org/entity/Q3481892,Q3481892,Factory,,
Canada,Q16,http://www.wikidata.org/entity/Q125246022,Canadian Brewing Company,Factory,,
Canada,Q16,http://www.wikidata.org/entity/Q1041750,Carling,Factory,,
Canada,Q16,http://www.wikidata.org/entity/Q1148414,Molson,Factory,,
Canada,Q16,http://www.wikidata.org/entity/Q131140193,Lunenburg Foundry,Factory,,
Canada,Q16,http://www.wikidata.org/entity/Q6506714,Le Cheval Blanc,Factory,,
Canada,Q16,http://www.wikidata.org/entity/Q1422061,Labatt Brewing Company,Factory,,
Canada,Q16,http://www.wikidata.org/entity/Q1422369,Alexander Keith's Brewery,Factory,,
Canada,Q16,http://www.wikidata.org/entity/Q21027560,Q21027560,Factory,,
Canada,Q16,http://www.wikidata.org/entity/Q95995075,Whistler Brewing Company,Factory,,
Canada,Q16,http://www.wikidata.org/entity/Q97621337,Ashton Brewing Company,Factory,,
Canada,Q16,http://www.wikidata.org/entity/Q97621428,Another Beer Co.,Factory,,
Canada,Q16,http://www.wikidata.org/entity/Q259865,Unibroue,Factory,,
Canada,Q16,http://www.wikidata.org/entity/Q30752608,Q30752608,Factory,,
Canada,Q16,http://www.wikidata.org/entity/Q304091,Moosehead Brewery,Factory,,
Canada,Q16,http://www.wikidata.org/entity/Q2905391,Carling Black Label,Factory,,
Canada,Q16,http://www.wikidata.org/entity/Q2924000,Dow Breweries,Factory,,
Canada,Q16,http://www.wikidata.org/entity/Q2924070,Les Brasseurs RJ,Factory,,
Canada,Q16,http://www.wikidata.org/entity/Q3002428,Creemore Springs,Factory,,
Canada,Q16,http://www.wikidata.org/entity/Q3303595,McAuslan Brewing,Factory,,
Canada,Q16,http://www.wikidata.org/entity/Q16247031,Cameron's Brewing Company,Factory,,
Canada,Q16,http://www.wikidata.org/entity/Q16533931,Dawes Brewery,Factory,,
Canada,Q16,http://www.wikidata.org/entity/Q16533934,Ekers Brewery,Factory,,
Canada,Q16,http://www.wikidata.org/entity/Q16979285,Klondike brewery,Factory,,
Canada,Q16,http://www.wikidata.org/entity/Q16982569,Great Lakes Brewery,Factory,,
Canada,Q16,http://www.wikidata.org/entity/Q17038527,Steamworks Brewing Company,Factory,,
Canada,Q16,http://www.wikidata.org/entity/Q17110188,Mt. Begbie Brewing Company,Factory,,
Canada,Q16,http://www.wikidata.org/entity/Q4906227,Big Rock Brewery,Factory,,
Canada,Q16,http://www.wikidata.org/entity/Q4951351,Bowmanville Foundry,Factory,,
Canada,Q16,http://www.wikidata.org/entity/Q19878808,Hogsback Brewing Company,Factory,,
Canada,Q16,http://www.wikidata.org/entity/Q5149624,Columbia Brewery,Factory,,
Canada,Q16,http://www.wikidata.org/entity/Q5423552,F&M Brewery,Factory,,
Canada,Q16,http://www.wikidata.org/entity/Q5596912,Granville Island Brewing,Factory,,
Canada,Q16,http://www.wikidata.org/entity/Q6411299,King Brewery,Factory,,
Canada,Q16,http://www.wikidata.org/entity/Q23461325,All or Nothing Brewhouse,Factory,,
Canada,Q16,http://www.wikidata.org/entity/Q6533307,Lethbridge Iron Works,Factory,,
Canada,Q16,http://www.wikidata.org/entity/Q6858427,Mill Street Brewery,Factory,,
Canada,Q16,http://www.wikidata.org/entity/Q7461107,Shaftebury Brewing Company,Factory,,
Canada,Q16,http://www.wikidata.org/entity/Q7605768,Steelback Brewery,Factory,,
Canada,Q16,http://www.wikidata.org/entity/Q130249868,William Clendinneng & Son Company Ltd.,Factory,,
Canada,Q16,http://www.wikidata.org/entity/Q28971927,Parallel 49 Brewing Company,Factory,,
Canada,Q16,http://www.wikidata.org/entity/Q7962396,Walkerville Brewing Company,Factory,,
Canada,Q16,http://www.wikidata.org/entity/Q7981336,Wellington Brewery,Factory,,
Canada,Q16,http://www.wikidata.org/entity/Q8000786,Wild Rose Brewery,Factory,,
Canada,Q16,http://www.wikidata.org/entity/Q60675951,Q60675951,Factory,,
Canada,Q16,http://www.wikidata.org/entity/Q131742053,McDougall's Distillery,Factory,,
Canada,Q16,http://www.wikidata.org/entity/Q131827488,Canada Oil Company,Factory,,
Canada,Q16,http://www.wikidata.org/entity/Q131912657,Henderson & Potts,Factory,,
Canada,Q16,http://www.wikidata.org/entity/Q132192470,Dominion Paint Company,Factory,,
Canada,Q16,http://www.wikidata.org/entity/Q7083084,Oland Brewery,Factory,,
Canada,Q16,http://www.wikidata.org/entity/Q48770758,Cool Beer Brewing Company,Factory,,
Canada,Q16,http://www.wikidata.org/entity/Q48790891,Collective Arts Brewing,Factory,,
Canada,Q16,http://www.wikidata.org/entity/Q3108834,Glenora Distillers,Factory,,
Canada,Q16,http://www.wikidata.org/entity/Q4853158,Balzac's Coffee Roasters,Factory,,
Canada,Q16,http://www.wikidata.org/entity/Q7807011,Timothy's World Coffee,Factory,,
Canada,Q16,http://www.wikidata.org/entity/Q131827293,Kerosene Gaslight Company,Factory,,
Canada,Q16,http://www.wikidata.org/entity/Q62061609,Shawinigan Chemicals Ltd.,Factory,,
Canada,Q16,http://www.wikidata.org/entity/Q105104796,Anchored Coffee,Factory,,
Canada,Q16,http://www.wikidata.org/entity/Q105123211,Grounded Coffee Company,Factory,,
Canada,Q16,http://www.wikidata.org/entity/Q109349922,Moulin Laplante,Factory,,
Canada,Q16,http://www.wikidata.org/entity/Q115181766,Dominion Glass Company,Factory,,
Canada,Q16,http://www.wikidata.org/entity/Q116546927,Eurocan Pulp and Paper Co.,Factory,,
Estonia,Q191,http://www.wikidata.org/entity/Q18626086,Q18626086,Factory,,
Estonia,Q191,http://www.wikidata.org/entity/Q3436176,Liviko,Factory,,
Estonia,Q191,http://www.wikidata.org/entity/Q278905,A. Le Coq,Factory,,
Estonia,Q191,http://www.wikidata.org/entity/Q1851509,Saku Brewery,Factory,,
Estonia,Q191,http://www.wikidata.org/entity/Q30337293,Q30337293,Factory,,
Estonia,Q191,http://www.wikidata.org/entity/Q16409807,Kärdla Broadcloth Factory,Factory,,
Estonia,Q191,http://www.wikidata.org/entity/Q18626812,Vaemla Wool Factory,Factory,,
Estonia,Q191,http://www.wikidata.org/entity/Q20530432,Tarbeklaas,Factory,,
Estonia,Q191,http://www.wikidata.org/entity/Q21600765,Kunda cement factory,Factory,,
Estonia,Q191,http://www.wikidata.org/entity/Q6966496,Narva Oil Plant,Factory,,
Estonia,Q191,http://www.wikidata.org/entity/Q61402950,Q61402950,Factory,,
Estonia,Q191,http://www.wikidata.org/entity/Q61403050,Q61403050,Factory,,
Estonia,Q191,http://www.wikidata.org/entity/Q18626127,Tartu district heating plant,Factory,,
Estonia,Q191,http://www.wikidata.org/entity/Q73255294,Põhjala Brewery,Factory,,
Estonia,Q191,http://www.wikidata.org/entity/Q109974823,Tanker Brewery,Factory,,
Estonia,Q191,http://www.wikidata.org/entity/Q124049598,Q124049598,Factory,,
Estonia,Q191,http://www.wikidata.org/entity/Q114366460,Kreenholm factory complex,Factory,,
Estonia,Q191,http://www.wikidata.org/entity/Q132189416,Q132189416,Factory,,
Estonia,Q191,http://www.wikidata.org/entity/Q120801063,KOLK Brewery,Factory,,
Belarus,Q184,http://www.wikidata.org/entity/Q115109027,Lepel Repair and Mechanical Plant,Factory,,
Belarus,Q184,http://www.wikidata.org/entity/Q115109589,Khoyniki Hydraulic Equipment Plant,Factory,,
Belarus,Q184,http://www.wikidata.org/entity/Q115110248,Automobile Trailers and Bodies Plant MAZ-Kupava,Factory,,
Belarus,Q184,http://www.wikidata.org/entity/Q116756049,Minsk Mechanical Plant,Factory,,
Belarus,Q184,http://www.wikidata.org/entity/Q134943837,Q134943837,Factory,,
Belarus,Q184,http://www.wikidata.org/entity/Q6464656,Q6464656,Factory,,
Belarus,Q184,http://www.wikidata.org/entity/Q87189243,Mazyr salt factory,Factory,,
Belarus,Q184,http://www.wikidata.org/entity/Q13028296,Q13028296,Factory,,
Belarus,Q184,http://www.wikidata.org/entity/Q13028607,Q13028607,Factory,,
Belarus,Q184,http://www.wikidata.org/entity/Q13028662,Q13028662,Factory,,
Belarus,Q184,http://www.wikidata.org/entity/Q13028661,Q13028661,Factory,,
Belarus,Q184,http://www.wikidata.org/entity/Q13028818,Q13028818,Factory,,
Belarus,Q184,http://www.wikidata.org/entity/Q13030277,Q13030277,Factory,,
Belarus,Q184,http://www.wikidata.org/entity/Q13030521,Q13030521,Factory,,
Belarus,Q184,http://www.wikidata.org/entity/Q13030529,Q13030529,Factory,,
Belarus,Q184,http://www.wikidata.org/entity/Q13031343,Q13031343,Factory,,
Belarus,Q184,http://www.wikidata.org/entity/Q13031359,Q13031359,Factory,,
Belarus,Q184,http://www.wikidata.org/entity/Q13031713,Q13031713,Factory,,
Belarus,Q184,http://www.wikidata.org/entity/Q13031974,Q13031974,Factory,,
Belarus,Q184,http://www.wikidata.org/entity/Q13032530,Q13032530,Factory,,
Belarus,Q184,http://www.wikidata.org/entity/Q13032821,Q13032821,Factory,,
Belarus,Q184,http://www.wikidata.org/entity/Q13032959,Q13032959,Factory,,
Belarus,Q184,http://www.wikidata.org/entity/Q13033400,Q13033400,Factory,,
Belarus,Q184,http://www.wikidata.org/entity/Q4461944,Transistor,Factory,,
Belarus,Q184,http://www.wikidata.org/entity/Q17044624,Q17044624,Factory,,
Belarus,Q184,http://www.wikidata.org/entity/Q17044631,Q17044631,Factory,,
Belarus,Q184,http://www.wikidata.org/entity/Q17045999,Q17045999,Factory,,
Belarus,Q184,http://www.wikidata.org/entity/Q4241064,Krinitsa,Factory,,
Belarus,Q184,http://www.wikidata.org/entity/Q23308555,Q23308555,Factory,,
Belarus,Q184,http://www.wikidata.org/entity/Q114961588,Dubrowna Linen Mill,Factory,,
Belarus,Q184,http://www.wikidata.org/entity/Q96741283,Polesieelektromash,Factory,,
Belarus,Q184,http://www.wikidata.org/entity/Q26712807,Q26712807,Factory,,
Belarus,Q184,http://www.wikidata.org/entity/Q26712805,Q26712805,Factory,,
Belarus,Q184,http://www.wikidata.org/entity/Q26806310,Q26806310,Factory,,
Belarus,Q184,http://www.wikidata.org/entity/Q29113419,Q29113419,Factory,,
Belarus,Q184,http://www.wikidata.org/entity/Q13028549,Orsha Tools Plant,Factory,,
Belarus,Q184,http://www.wikidata.org/entity/Q13030749,Zhabinka Sugar Plant,Factory,,
Belarus,Q184,http://www.wikidata.org/entity/Q36277527,Q36277527,Factory,,
Belarus,Q184,http://www.wikidata.org/entity/Q6469233,Brestskoye Pivo,Factory,,
Belarus,Q184,http://www.wikidata.org/entity/Q3920092,Q3920092,Factory,,
Belarus,Q184,http://www.wikidata.org/entity/Q55191042,Q55191042,Factory,,
Belarus,Q184,http://www.wikidata.org/entity/Q55191041,Q55191041,Factory,,
Belarus,Q184,http://www.wikidata.org/entity/Q56682407,Q56682407,Factory,,
Belarus,Q184,http://www.wikidata.org/entity/Q56738460,Q56738460,Factory,,
Belarus,Q184,http://www.wikidata.org/entity/Q27919168,Dobrush paper mill,Factory,,
Belarus,Q184,http://www.wikidata.org/entity/Q59335928,Q59335928,Factory,,
Belarus,Q184,http://www.wikidata.org/entity/Q131438406,Ashmiany Cheese Works,Factory,,
Belarus,Q184,http://www.wikidata.org/entity/Q61982731,Q61982731,Factory,,
Belarus,Q184,http://www.wikidata.org/entity/Q64148008,Q64148008,Factory,,
Belarus,Q184,http://www.wikidata.org/entity/Q65263806,Q65263806,Factory,,
Belarus,Q184,http://www.wikidata.org/entity/Q6490626,Zhytkavichy Engine-Building Plant,Factory,,
Belarus,Q184,http://www.wikidata.org/entity/Q86333576,Q86333576,Factory,,
Belarus,Q184,http://www.wikidata.org/entity/Q86345783,Q86345783,Factory,,
Belarus,Q184,http://www.wikidata.org/entity/Q93339920,Q93339920,Factory,,
Belarus,Q184,http://www.wikidata.org/entity/Q96087916,Q96087916,Factory,,
Belarus,Q184,http://www.wikidata.org/entity/Q109459755,Pruzhany Flax Plant,Factory,,
Belarus,Q184,http://www.wikidata.org/entity/Q96674320,Q96674320,Factory,,
Belarus,Q184,http://www.wikidata.org/entity/Q27971638,Minsk Electrotechnical Plant,Factory,,
Belarus,Q184,http://www.wikidata.org/entity/Q97007732,Q97007732,Factory,,
Belarus,Q184,http://www.wikidata.org/entity/Q56650771,Belcard,Factory,,
Belarus,Q184,http://www.wikidata.org/entity/Q57525706,Brestmash,Factory,,
Belarus,Q184,http://www.wikidata.org/entity/Q57547215,Belgips,Factory,,
Belarus,Q184,http://www.wikidata.org/entity/Q97999716,Urzecze Glassworks,Factory,,
Belarus,Q184,http://www.wikidata.org/entity/Q110713876,Romax,Factory,,
Belarus,Q184,http://www.wikidata.org/entity/Q65124901,Baranavičy cotton mill,Factory,,
Belarus,Q184,http://www.wikidata.org/entity/Q66498963,Plant Legmash,Factory,,
Belarus,Q184,http://www.wikidata.org/entity/Q112874564,Q112874564,Factory,,
Belarus,Q184,http://www.wikidata.org/entity/Q107552589,Turov Dairy Industrial Complex,Factory,,
Belarus,Q184,http://www.wikidata.org/entity/Q113858470,Q113858470,Factory,,
Belarus,Q184,http://www.wikidata.org/entity/Q115109209,Q115109209,Factory,,
Belarus,Q184,http://www.wikidata.org/entity/Q115441061,Q115441061,Factory,,
Belarus,Q184,http://www.wikidata.org/entity/Q110896079,Brest mint,Factory,,
Belarus,Q184,http://www.wikidata.org/entity/Q113105079,Dyvany Bresta,Factory,,
Belarus,Q184,http://www.wikidata.org/entity/Q113256751,Kochanaŭ Flax Plant,Factory,,
Sweden,Q34,http://www.wikidata.org/entity/Q270809,Q270809,Factory,,
Sweden,Q34,http://www.wikidata.org/entity/Q124723156,Strands väveri,Factory,,
Sweden,Q34,http://www.wikidata.org/entity/Q124738592,Ålshults järnbruk,Factory,,
Sweden,Q34,http://www.wikidata.org/entity/Q10502427,Q10502427,Factory,,
Sweden,Q34,http://www.wikidata.org/entity/Q10517490,Q10517490,Factory,,
Sweden,Q34,http://www.wikidata.org/entity/Q10520582,Q10520582,Factory,,
Sweden,Q34,http://www.wikidata.org/entity/Q10570753,Q10570753,Factory,,
Sweden,Q34,http://www.wikidata.org/entity/Q10602100,Q10602100,Factory,,
Sweden,Q34,http://www.wikidata.org/entity/Q10605202,Q10605202,Factory,,
Sweden,Q34,http://www.wikidata.org/entity/Q10659717,Q10659717,Factory,,
Sweden,Q34,http://www.wikidata.org/entity/Q10661130,Q10661130,Factory,,
Sweden,Q34,http://www.wikidata.org/entity/Q10718313,Q10718313,Factory,,
Sweden,Q34,http://www.wikidata.org/entity/Q10726172,Q10726172,Factory,,
Sweden,Q34,http://www.wikidata.org/entity/Q10727289,Q10727289,Factory,,
Sweden,Q34,http://www.wikidata.org/entity/Q81757859,Stenberg's damask weaving mill in Jönköping,Factory,,
Sweden,Q34,http://www.wikidata.org/entity/Q10507678,Gotlands Bryggeri,Factory,,
Sweden,Q34,http://www.wikidata.org/entity/Q10508514,Grebbestads,Factory,,
Sweden,Q34,http://www.wikidata.org/entity/Q10583638,Meyerska styckgjuteriet,Factory,,
Sweden,Q34,http://www.wikidata.org/entity/Q10610914,Oppigårds bryggeri,Factory,,
Sweden,Q34,http://www.wikidata.org/entity/Q10660134,Sahlgrenska sockerbruket,Factory,,
Sweden,Q34,http://www.wikidata.org/entity/Q10670239,Skivarps sockerbruk,Factory,,
Sweden,Q34,http://www.wikidata.org/entity/Q10716725,Volvo Uddevalla factory,Factory,,
Sweden,Q34,http://www.wikidata.org/entity/Q10727713,Örtofta sugar refinery,Factory,,
Sweden,Q34,http://www.wikidata.org/entity/Q19388427,Q19388427,Factory,,
Sweden,Q34,http://www.wikidata.org/entity/Q78984214,Q78984214,Factory,,
Sweden,Q34,http://www.wikidata.org/entity/Q1882135,M & O Ohlsson,Factory,,
Sweden,Q34,http://www.wikidata.org/entity/Q279660,Nils Oscar Brewery,Factory,,
Sweden,Q34,http://www.wikidata.org/entity/Q31895508,Q31895508,Factory,,
Sweden,Q34,http://www.wikidata.org/entity/Q31897738,Q31897738,Factory,,
Sweden,Q34,http://www.wikidata.org/entity/Q108319170,Högberga vinfabrik,Factory,,
Sweden,Q34,http://www.wikidata.org/entity/Q117317738,Q117317738,Factory,,
Sweden,Q34,http://www.wikidata.org/entity/Q117323041,Q117323041,Factory,,
Sweden,Q34,http://www.wikidata.org/entity/Q117324451,Q117324451,Factory,,
Sweden,Q34,http://www.wikidata.org/entity/Q18333176,Svedala sockerbruk,Factory,,
Sweden,Q34,http://www.wikidata.org/entity/Q4695166,Ahlafors Bryggerier,Factory,,
Sweden,Q34,http://www.wikidata.org/entity/Q5312526,Dugges Ale och Porterbryggeri,Factory,,
Sweden,Q34,http://www.wikidata.org/entity/Q49096507,Q49096507,Factory,,
Sweden,Q34,http://www.wikidata.org/entity/Q22917708,Barnängens manufaktur,Factory,,
Sweden,Q34,http://www.wikidata.org/entity/Q7071218,Nynäshamns Ångbryggeri,Factory,,
Sweden,Q34,http://www.wikidata.org/entity/Q56300985,Q56300985,Factory,,
Sweden,Q34,http://www.wikidata.org/entity/Q130268640,Lövstaholms bruk,Factory,,
Sweden,Q34,http://www.wikidata.org/entity/Q31890427,Törners fireworks laboratory,Factory,,
Sweden,Q34,http://www.wikidata.org/entity/Q70480974,Q70480974,Factory,,
Sweden,Q34,http://www.wikidata.org/entity/Q819772,Bergholtz Bell Foundry,Factory,,
Sweden,Q34,http://www.wikidata.org/entity/Q74725267,Q74725267,Factory,,
Sweden,Q34,http://www.wikidata.org/entity/Q18287417,Q18287417,Factory,,
Sweden,Q34,http://www.wikidata.org/entity/Q6319943,Jämtlands Bryggeri,Factory,,
Sweden,Q34,http://www.wikidata.org/entity/Q56300029,Göteborgs Kamgarnsspinneri,Factory,,
Sweden,Q34,http://www.wikidata.org/entity/Q56300076,Omnipollo,Factory,,
Sweden,Q34,http://www.wikidata.org/entity/Q10670277,REX shoe factory,Factory,,
Sweden,Q34,http://www.wikidata.org/entity/Q48505,Luxor AB,Factory,,
Sweden,Q34,http://www.wikidata.org/entity/Q109772917,Q109772917,Factory,,
Sweden,Q34,http://www.wikidata.org/entity/Q65566409,Arvid Böhlmarks lampfabrik,Factory,,
Sweden,Q34,http://www.wikidata.org/entity/Q116593486,Q116593486,Factory,,
Sweden,Q34,http://www.wikidata.org/entity/Q116970108,Q116970108,Factory,,
Sweden,Q34,http://www.wikidata.org/entity/Q117317795,Q117317795,Factory,,
Sweden,Q34,http://www.wikidata.org/entity/Q117351124,Q117351124,Factory,,
Sweden,Q34,http://www.wikidata.org/entity/Q31871362,Spännarhyttan,Factory,,
Sweden,Q34,http://www.wikidata.org/entity/Q10671943,Q10671943,Factory,,
Sweden,Q34,http://www.wikidata.org/entity/Q123360792,Q123360792,Factory,,
Sweden,Q34,http://www.wikidata.org/entity/Q124022000,Q124022000,Factory,,
Sweden,Q34,http://www.wikidata.org/entity/Q127135358,Q127135358,Factory,,
Sweden,Q34,http://www.wikidata.org/entity/Q115113500,sugar refinery the Planet,Factory,,
Sweden,Q34,http://www.wikidata.org/entity/Q130067956,Q130067956,Factory,,
Sweden,Q34,http://www.wikidata.org/entity/Q131105141,Q131105141,Factory,,
Sweden,Q34,http://www.wikidata.org/entity/Q117293801,Ängelholm sugar refinery,Factory,,
Sweden,Q34,http://www.wikidata.org/entity/Q131685449,Q131685449,Factory,,
Sweden,Q34,http://www.wikidata.org/entity/Q10700570,Q10700570,Factory,,
Sweden,Q34,http://www.wikidata.org/entity/Q10726459,Q10726459,Factory,,
Sweden,Q34,http://www.wikidata.org/entity/Q10525046,Hofors bruk,Factory,,
Sweden,Q34,http://www.wikidata.org/entity/Q49097564,Q49097564,Factory,,
Sweden,Q34,http://www.wikidata.org/entity/Q56301553,Q56301553,Factory,,
Sweden,Q34,http://www.wikidata.org/entity/Q56301947,Q56301947,Factory,,
Sweden,Q34,http://www.wikidata.org/entity/Q60823071,Q60823071,Factory,,
Sweden,Q34,http://www.wikidata.org/entity/Q60823069,Q60823069,Factory,,
Sweden,Q34,http://www.wikidata.org/entity/Q31885750,Hammarbergs Orgelbyggeri,Factory,,
Sweden,Q34,http://www.wikidata.org/entity/Q78149085,Q78149085,Factory,,
Sweden,Q34,http://www.wikidata.org/entity/Q78159085,Q78159085,Factory,,
Sweden,Q34,http://www.wikidata.org/entity/Q91303905,Q91303905,Factory,,
Sweden,Q34,http://www.wikidata.org/entity/Q56255940,Walter Thür Orgelbyggen,Factory,,
Sweden,Q34,http://www.wikidata.org/entity/Q107746642,Q107746642,Factory,,
Sweden,Q34,http://www.wikidata.org/entity/Q107751431,Q107751431,Factory,,
Sweden,Q34,http://www.wikidata.org/entity/Q107766030,Q107766030,Factory,,
Sweden,Q34,http://www.wikidata.org/entity/Q107803217,Q107803217,Factory,,
Sweden,Q34,http://www.wikidata.org/entity/Q107803288,Q107803288,Factory,,
Sweden,Q34,http://www.wikidata.org/entity/Q107803477,Q107803477,Factory,,
Sweden,Q34,http://www.wikidata.org/entity/Q107803873,Q107803873,Factory,,
Sweden,Q34,http://www.wikidata.org/entity/Q107840180,Q107840180,Factory,,
Sweden,Q34,http://www.wikidata.org/entity/Q107851230,Q107851230,Factory,,
Sweden,Q34,http://www.wikidata.org/entity/Q107852549,Q107852549,Factory,,
Sweden,Q34,http://www.wikidata.org/entity/Q107855300,Q107855300,Factory,,
Sweden,Q34,http://www.wikidata.org/entity/Q107862066,Q107862066,Factory,,
Sweden,Q34,http://www.wikidata.org/entity/Q107873762,Q107873762,Factory,,
Sweden,Q34,http://www.wikidata.org/entity/Q107874731,Q107874731,Factory,,
Sweden,Q34,http://www.wikidata.org/entity/Q107877908,Q107877908,Factory,,
Sweden,Q34,http://www.wikidata.org/entity/Q107879684,Q107879684,Factory,,
Sweden,Q34,http://www.wikidata.org/entity/Q107883204,Q107883204,Factory,,
Sweden,Q34,http://www.wikidata.org/entity/Q107883248,Q107883248,Factory,,
Sweden,Q34,http://www.wikidata.org/entity/Q107883295,Q107883295,Factory,,
Sweden,Q34,http://www.wikidata.org/entity/Q107883902,Q107883902,Factory,,
Sweden,Q34,http://www.wikidata.org/entity/Q107895851,Q107895851,Factory,,
Sweden,Q34,http://www.wikidata.org/entity/Q107901026,Q107901026,Factory,,
Sweden,Q34,http://www.wikidata.org/entity/Q107903624,Q107903624,Factory,,
Sweden,Q34,http://www.wikidata.org/entity/Q107920213,Q107920213,Factory,,
Sweden,Q34,http://www.wikidata.org/entity/Q107921135,Q107921135,Factory,,
Sweden,Q34,http://www.wikidata.org/entity/Q107924774,Q107924774,Factory,,
Sweden,Q34,http://www.wikidata.org/entity/Q107924783,Q107924783,Factory,,
Sweden,Q34,http://www.wikidata.org/entity/Q107924900,Q107924900,Factory,,
Sweden,Q34,http://www.wikidata.org/entity/Q107929830,Q107929830,Factory,,
Sweden,Q34,http://www.wikidata.org/entity/Q107933060,Q107933060,Factory,,
Sweden,Q34,http://www.wikidata.org/entity/Q107935097,Q107935097,Factory,,
Sweden,Q34,http://www.wikidata.org/entity/Q107935231,Q107935231,Factory,,
Sweden,Q34,http://www.wikidata.org/entity/Q107935530,Q107935530,Factory,,
Sweden,Q34,http://www.wikidata.org/entity/Q107935616,Q107935616,Factory,,
Sweden,Q34,http://www.wikidata.org/entity/Q107935871,Q107935871,Factory,,
Sweden,Q34,http://www.wikidata.org/entity/Q107938364,Q107938364,Factory,,
Sweden,Q34,http://www.wikidata.org/entity/Q107947483,Q107947483,Factory,,
Sweden,Q34,http://www.wikidata.org/entity/Q107956870,Q107956870,Factory,,
Sweden,Q34,http://www.wikidata.org/entity/Q107957551,Q107957551,Factory,,
Sweden,Q34,http://www.wikidata.org/entity/Q107958336,Q107958336,Factory,,
Sweden,Q34,http://www.wikidata.org/entity/Q107959088,Q107959088,Factory,,
Sweden,Q34,http://www.wikidata.org/entity/Q107969870,Q107969870,Factory,,
Sweden,Q34,http://www.wikidata.org/entity/Q107970764,Q107970764,Factory,,
Sweden,Q34,http://www.wikidata.org/entity/Q107975786,Q107975786,Factory,,
Sweden,Q34,http://www.wikidata.org/entity/Q108004925,Q108004925,Factory,,
Sweden,Q34,http://www.wikidata.org/entity/Q108011740,Q108011740,Factory,,
Sweden,Q34,http://www.wikidata.org/entity/Q108136790,Q108136790,Factory,,
Sweden,Q34,http://www.wikidata.org/entity/Q107751665,"Berggren & Bengzon, Süffle, Sweden",Factory,,
Sweden,Q34,http://www.wikidata.org/entity/Q115996846,Q115996846,Factory,,
Sweden,Q34,http://www.wikidata.org/entity/Q112845084,Elektriska AB Chr Bergh & Co,Factory,,
Sweden,Q34,http://www.wikidata.org/entity/Q10679254,Q10679254,Factory,,
Sweden,Q34,http://www.wikidata.org/entity/Q65196531,Q65196531,Factory,,
Sweden,Q34,http://www.wikidata.org/entity/Q10670286,Skogaholms bruk,Factory,,
Sweden,Q34,http://www.wikidata.org/entity/Q64885293,Q64885293,Factory,,
Sweden,Q34,http://www.wikidata.org/entity/Q107697525,Q107697525,Factory,,
Sweden,Q34,http://www.wikidata.org/entity/Q121336540,Q121336540,Factory,,
Sweden,Q34,http://www.wikidata.org/entity/Q121336554,Q121336554,Factory,,
Sweden,Q34,http://www.wikidata.org/entity/Q105431734,Q105431734,Factory,,
Sweden,Q34,http://www.wikidata.org/entity/Q107110037,Q107110037,Factory,,
Sweden,Q34,http://www.wikidata.org/entity/Q109461278,Q109461278,Factory,,
Sweden,Q34,http://www.wikidata.org/entity/Q109503551,Q109503551,Factory,,
Sweden,Q34,http://www.wikidata.org/entity/Q116047842,Q116047842,Factory,,
Sweden,Q34,http://www.wikidata.org/entity/Q116051172,Q116051172,Factory,,
Sweden,Q34,http://www.wikidata.org/entity/Q125809829,Q125809829,Factory,,
Sweden,Q34,http://www.wikidata.org/entity/Q81715397,Hallstahammars bruk,Factory,,
Sweden,Q34,http://www.wikidata.org/entity/Q18290815,Q18290815,Factory,,
Sweden,Q34,http://www.wikidata.org/entity/Q49104111,Q49104111,Factory,,
Sweden,Q34,http://www.wikidata.org/entity/Q49104131,Q49104131,Factory,,
Sweden,Q34,http://www.wikidata.org/entity/Q49104138,Q49104138,Factory,,
Sweden,Q34,http://www.wikidata.org/entity/Q49104157,Q49104157,Factory,,
Sweden,Q34,http://www.wikidata.org/entity/Q49104122,Q49104122,Factory,,
Sweden,Q34,http://www.wikidata.org/entity/Q49104145,Q49104145,Factory,,
Sweden,Q34,http://www.wikidata.org/entity/Q130219769,Q130219769,Factory,,
Sweden,Q34,http://www.wikidata.org/entity/Q130219783,Q130219783,Factory,,
Sweden,Q34,http://www.wikidata.org/entity/Q130219787,Q130219787,Factory,,
Sweden,Q34,http://www.wikidata.org/entity/Q130219815,Q130219815,Factory,,
Sweden,Q34,http://www.wikidata.org/entity/Q123298462,Arbrå Såg,Factory,,
Sweden,Q34,http://www.wikidata.org/entity/Q19977697,Q19977697,Factory,,
Sweden,Q34,http://www.wikidata.org/entity/Q19978264,Q19978264,Factory,,
Sweden,Q34,http://www.wikidata.org/entity/Q55576817,Q55576817,Factory,,
Sweden,Q34,http://www.wikidata.org/entity/Q130261766,Näshulta såg,Factory,,
Sweden,Q34,http://www.wikidata.org/entity/Q33108604,Lilla Edets pappersbruk,Factory,,
Sweden,Q34,http://www.wikidata.org/entity/Q78746607,Q78746607,Factory,,
Sweden,Q34,http://www.wikidata.org/entity/Q56301205,Figeholms Bruk,Factory,,
Sweden,Q34,http://www.wikidata.org/entity/Q116057394,Q116057394,Factory,,
Sweden,Q34,http://www.wikidata.org/entity/Q120753872,Q120753872,Factory,,
Sweden,Q34,http://www.wikidata.org/entity/Q120920005,Q120920005,Factory,,
Sweden,Q34,http://www.wikidata.org/entity/Q121745572,Rydö Bruks AB,Factory,,
Sweden,Q34,http://www.wikidata.org/entity/Q91618782,Q91618782,Factory,,
Sweden,Q34,http://www.wikidata.org/entity/Q97989860,Q97989860,Factory,,
Sweden,Q34,http://www.wikidata.org/entity/Q98381863,Q98381863,Factory,,
Sweden,Q34,http://www.wikidata.org/entity/Q100518090,Q100518090,Factory,,
Sweden,Q34,http://www.wikidata.org/entity/Q105692023,Q105692023,Factory,,
Sweden,Q34,http://www.wikidata.org/entity/Q101818922,Q101818922,Factory,,
Sweden,Q34,http://www.wikidata.org/entity/Q65563314,Kalmar glasbruk,Factory,,
Sweden,Q34,http://www.wikidata.org/entity/Q114290376,Q114290376,Factory,,
Sweden,Q34,http://www.wikidata.org/entity/Q116479989,Q116479989,Factory,,
Sweden,Q34,http://www.wikidata.org/entity/Q109404287,Jie Gantofta Sweden,Factory,,
Sweden,Q34,http://www.wikidata.org/entity/Q118113462,Q118113462,Factory,,
Sweden,Q34,http://www.wikidata.org/entity/Q118234948,Q118234948,Factory,,
Sweden,Q34,http://www.wikidata.org/entity/Q118396304,Q118396304,Factory,,
Sweden,Q34,http://www.wikidata.org/entity/Q120096479,Q120096479,Factory,,
Sweden,Q34,http://www.wikidata.org/entity/Q120762505,Q120762505,Factory,,
Sweden,Q34,http://www.wikidata.org/entity/Q68776371,Q68776371,Factory,,
Sweden,Q34,http://www.wikidata.org/entity/Q124053360,Q124053360,Factory,,
Sweden,Q34,http://www.wikidata.org/entity/Q68796193,Q68796193,Factory,,
Sweden,Q34,http://www.wikidata.org/entity/Q124612969,Q124612969,Factory,,
Sweden,Q34,http://www.wikidata.org/entity/Q126654995,Q126654995,Factory,,
Sweden,Q34,http://www.wikidata.org/entity/Q126948888,Q126948888,Factory,,
Sweden,Q34,http://www.wikidata.org/entity/Q127229574,Q127229574,Factory,,
Sweden,Q34,http://www.wikidata.org/entity/Q127229676,Q127229676,Factory,,
Sweden,Q34,http://www.wikidata.org/entity/Q127229900,Q127229900,Factory,,
Sweden,Q34,http://www.wikidata.org/entity/Q127230051,Q127230051,Factory,,
Sweden,Q34,http://www.wikidata.org/entity/Q127230348,Q127230348,Factory,,
Sweden,Q34,http://www.wikidata.org/entity/Q127230505,Q127230505,Factory,,
Sweden,Q34,http://www.wikidata.org/entity/Q127230570,Q127230570,Factory,,
Sweden,Q34,http://www.wikidata.org/entity/Q127232209,Q127232209,Factory,,
Sweden,Q34,http://www.wikidata.org/entity/Q127232316,Q127232316,Factory,,
Sweden,Q34,http://www.wikidata.org/entity/Q22012055,Q22012055,Factory,,
Sweden,Q34,http://www.wikidata.org/entity/Q134054935,Q134054935,Factory,,
Sweden,Q34,http://www.wikidata.org/entity/Q126915701,Malmö Brewing Co,Factory,,
Sweden,Q34,http://www.wikidata.org/entity/Q3743848,Myntverket,Factory,,
Sweden,Q34,http://www.wikidata.org/entity/Q10425834,Q10425834,Factory,,
Sweden,Q34,http://www.wikidata.org/entity/Q10498042,Q10498042,Factory,,
Sweden,Q34,http://www.wikidata.org/entity/Q10576126,Q10576126,Factory,,
Sweden,Q34,http://www.wikidata.org/entity/Q10577362,Q10577362,Factory,,
Sweden,Q34,http://www.wikidata.org/entity/Q117769248,Björkborn Works,Factory,,
Sweden,Q34,http://www.wikidata.org/entity/Q12334262,Q12334262,Factory,,
Sweden,Q34,http://www.wikidata.org/entity/Q12714595,Q12714595,Factory,,
Sweden,Q34,http://www.wikidata.org/entity/Q10680552,Stockholms Skofabrik,Factory,,
Sweden,Q34,http://www.wikidata.org/entity/Q10708419,Tändstickorfabrik,Factory,,
Sweden,Q34,http://www.wikidata.org/entity/Q10713233,Vasa Brewery,Factory,,
Sweden,Q34,http://www.wikidata.org/entity/Q10725034,Zoégas Kaffe,Factory,,
Sweden,Q34,http://www.wikidata.org/entity/Q18287278,Q18287278,Factory,,
Sweden,Q34,http://www.wikidata.org/entity/Q18290421,Q18290421,Factory,,
Sweden,Q34,http://www.wikidata.org/entity/Q18335047,Q18335047,Factory,,
Sweden,Q34,http://www.wikidata.org/entity/Q10680590,Stockholm's glassworks,Factory,,
Sweden,Q34,http://www.wikidata.org/entity/Q19977701,Q19977701,Factory,,
Sweden,Q34,http://www.wikidata.org/entity/Q97763103,Hammars Glasbruk AB,Factory,,
Sweden,Q34,http://www.wikidata.org/entity/Q28470179,Q28470179,Factory,,
Sweden,Q34,http://www.wikidata.org/entity/Q31884655,Q31884655,Factory,,
Sweden,Q34,http://www.wikidata.org/entity/Q31896469,Q31896469,Factory,,
Sweden,Q34,http://www.wikidata.org/entity/Q3335289,Spendrups,Factory,,
Sweden,Q34,http://www.wikidata.org/entity/Q3655897,Carlsberg Sweden,Factory,,
Sweden,Q34,http://www.wikidata.org/entity/Q17190954,Pripps,Factory,,
Sweden,Q34,http://www.wikidata.org/entity/Q18292100,Långvik glassworks,Factory,,
Sweden,Q34,http://www.wikidata.org/entity/Q42566197,Q42566197,Factory,,
Sweden,Q34,http://www.wikidata.org/entity/Q42566202,Q42566202,Factory,,
Sweden,Q34,http://www.wikidata.org/entity/Q4038728,Falcon Brewery,Factory,,
Sweden,Q34,http://www.wikidata.org/entity/Q5431739,Falcon Brewery,Factory,,
Sweden,Q34,http://www.wikidata.org/entity/Q20713877,Smögen Whisky,Factory,,
Sweden,Q34,http://www.wikidata.org/entity/Q1963832,Johansfors Glasbruk,Factory,,
Sweden,Q34,http://www.wikidata.org/entity/Q49100829,Q49100829,Factory,,
Sweden,Q34,http://www.wikidata.org/entity/Q49103447,Q49103447,Factory,,
Sweden,Q34,http://www.wikidata.org/entity/Q6440532,Krönleins,Factory,,
Sweden,Q34,http://www.wikidata.org/entity/Q56300191,Q56300191,Factory,,
Sweden,Q34,http://www.wikidata.org/entity/Q56301688,Q56301688,Factory,,
Sweden,Q34,http://www.wikidata.org/entity/Q28214432,Ekenäs bruk,Factory,,
Sweden,Q34,http://www.wikidata.org/entity/Q60968812,Q60968812,Factory,,
Sweden,Q34,http://www.wikidata.org/entity/Q60968846,Q60968846,Factory,,
Sweden,Q34,http://www.wikidata.org/entity/Q60968900,Q60968900,Factory,,
Sweden,Q34,http://www.wikidata.org/entity/Q131762420,Harge brick works,Factory,,
Sweden,Q34,http://www.wikidata.org/entity/Q900289,Kopparbergs Brewery,Factory,,
Sweden,Q34,http://www.wikidata.org/entity/Q31843341,Kungshatts tegelbruk,Factory,,
Sweden,Q34,http://www.wikidata.org/entity/Q31870439,Sandvikens tegelbruk,Factory,,
Sweden,Q34,http://www.wikidata.org/entity/Q31871198,Brogårds tegelbruk,Factory,,
Sweden,Q34,http://www.wikidata.org/entity/Q65196660,Q65196660,Factory,,
Sweden,Q34,http://www.wikidata.org/entity/Q65202176,Q65202176,Factory,,
Sweden,Q34,http://www.wikidata.org/entity/Q65202460,Q65202460,Factory,,
Sweden,Q34,http://www.wikidata.org/entity/Q68579386,Q68579386,Factory,,
Sweden,Q34,http://www.wikidata.org/entity/Q68581166,Q68581166,Factory,,
Sweden,Q34,http://www.wikidata.org/entity/Q68581653,Q68581653,Factory,,
Sweden,Q34,http://www.wikidata.org/entity/Q69355208,Q69355208,Factory,,
Sweden,Q34,http://www.wikidata.org/entity/Q70492459,Q70492459,Factory,,
Sweden,Q34,http://www.wikidata.org/entity/Q71577856,Q71577856,Factory,,
Sweden,Q34,http://www.wikidata.org/entity/Q71819828,Q71819828,Factory,,
Sweden,Q34,http://www.wikidata.org/entity/Q71820035,Q71820035,Factory,,
Sweden,Q34,http://www.wikidata.org/entity/Q71820251,Q71820251,Factory,,
Sweden,Q34,http://www.wikidata.org/entity/Q71821447,Q71821447,Factory,,
Sweden,Q34,http://www.wikidata.org/entity/Q71823659,Q71823659,Factory,,
Sweden,Q34,http://www.wikidata.org/entity/Q71823815,Q71823815,Factory,,
Sweden,Q34,http://www.wikidata.org/entity/Q75594577,Q75594577,Factory,,
Sweden,Q34,http://www.wikidata.org/entity/Q78571244,Q78571244,Factory,,
Sweden,Q34,http://www.wikidata.org/entity/Q78582811,Q78582811,Factory,,
Sweden,Q34,http://www.wikidata.org/entity/Q18289221,Eneryda glasworks,Factory,,
Sweden,Q34,http://www.wikidata.org/entity/Q116769632,Q116769632,Factory,,
Vatican City,Q237,http://www.wikidata.org/entity/Q3860745,Papal mint,Factory,,
Saxony,Q1202,http://www.wikidata.org/entity/Q123374940,Q123374940,Factory,,
Russian Empire,Q34266,http://www.wikidata.org/entity/Q104126280,Q104126280,Factory,,
Russian Empire,Q34266,http://www.wikidata.org/entity/Q115149507,Q115149507,Factory,,
Russian Empire,Q34266,http://www.wikidata.org/entity/Q31086473,Vidlitsa cast iron mill,Factory,,
Russian Empire,Q34266,http://www.wikidata.org/entity/Q84414346,Teknika,Factory,,
Russian Empire,Q34266,http://www.wikidata.org/entity/Q113409439,Berta Teile and sons trading company,Factory,,
Russian Empire,Q34266,http://www.wikidata.org/entity/Q113576492,Esslinger Brewery,Factory,,
Russian Empire,Q34266,http://www.wikidata.org/entity/Q126923550,Q126923550,Factory,,
Russian Empire,Q34266,http://www.wikidata.org/entity/Q78034418,Hauho Oy,Factory,,
Russian Empire,Q34266,http://www.wikidata.org/entity/Q78035289,Kalliolahden saha,Factory,,
Russian Empire,Q34266,http://www.wikidata.org/entity/Q78035934,Tampereen puutavara Oy,Factory,,
Russian Empire,Q34266,http://www.wikidata.org/entity/Q115473598,Partnership G. Landrin,Factory,,
Russian Empire,Q34266,http://www.wikidata.org/entity/Q78124993,Ratinan tehtaat Oy,Factory,,
Russian Empire,Q34266,http://www.wikidata.org/entity/Q18689217,Tamfelt Corporation,Factory,,
Russian Empire,Q34266,http://www.wikidata.org/entity/Q79080503,Tampereen karstalanka-kehruutehdas Oy,Factory,,
Russian Empire,Q34266,http://www.wikidata.org/entity/Q79084243,Tampereen pukimotehdas Oy,Factory,,
Russian Empire,Q34266,http://www.wikidata.org/entity/Q84467620,Oy Tiili,Factory,,
Russian Empire,Q34266,http://www.wikidata.org/entity/Q84482568,Kalevan tiilitehdas,Factory,,
Russian Empire,Q34266,http://www.wikidata.org/entity/Q100594818,Q100594818,Factory,,
Russian Empire,Q34266,http://www.wikidata.org/entity/Q85403531,Santalahden ja Onkiniemen Osake-Oluttehdas,Factory,,
Russian Empire,Q34266,http://www.wikidata.org/entity/Q86674520,Baranchinsky plant,Factory,,
Russian Empire,Q34266,http://www.wikidata.org/entity/Q86675606,Staroutkinsky plant,Factory,,
Russian Empire,Q34266,http://www.wikidata.org/entity/Q13028660,Q13028660,Factory,,
Russian Empire,Q34266,http://www.wikidata.org/entity/Q1329236,Finlayson,Factory,,
Russian Empire,Q34266,http://www.wikidata.org/entity/Q65300310,Q65300310,Factory,,
Russian Empire,Q34266,http://www.wikidata.org/entity/Q18688826,Q18688826,Factory,,
Russian Empire,Q34266,http://www.wikidata.org/entity/Q107975464,Q107975464,Factory,,
Russian Empire,Q34266,http://www.wikidata.org/entity/Q28705700,Q28705700,Factory,,
Russian Empire,Q34266,http://www.wikidata.org/entity/Q56885049,Q56885049,Factory,,
Russian Empire,Q34266,http://www.wikidata.org/entity/Q130281224,Manufactory of Artistic Faience and Tile Stoves,Factory,,
Russian Empire,Q34266,http://www.wikidata.org/entity/Q133898040,Agupov's factory,Factory,,
Russian Empire,Q34266,http://www.wikidata.org/entity/Q75921194,Q75921194,Factory,,
Russian Empire,Q34266,http://www.wikidata.org/entity/Q76385919,Q76385919,Factory,,
Russian Empire,Q34266,http://www.wikidata.org/entity/Q76385922,Q76385922,Factory,,
Russian Empire,Q34266,http://www.wikidata.org/entity/Q76385923,Q76385923,Factory,,
Russian Empire,Q34266,http://www.wikidata.org/entity/Q76385985,Q76385985,Factory,,
Russian Empire,Q34266,http://www.wikidata.org/entity/Q76385995,Q76385995,Factory,,
Russian Empire,Q34266,http://www.wikidata.org/entity/Q76386023,Q76386023,Factory,,
Russian Empire,Q34266,http://www.wikidata.org/entity/Q78033357,Q78033357,Factory,,
Russian Empire,Q34266,http://www.wikidata.org/entity/Q78036573,Q78036573,Factory,,
Russian Empire,Q34266,http://www.wikidata.org/entity/Q83873576,Q83873576,Factory,,
Russian Empire,Q34266,http://www.wikidata.org/entity/Q76386001,Q76386001,Factory,,
Russian Empire,Q34266,http://www.wikidata.org/entity/Q85488626,Q85488626,Factory,,
Russian Empire,Q34266,http://www.wikidata.org/entity/Q86662088,Q86662088,Factory,,
Russian Empire,Q34266,http://www.wikidata.org/entity/Q86676976,Q86676976,Factory,,
Russian Empire,Q34266,http://www.wikidata.org/entity/Q97642475,Q97642475,Factory,,
Russian Empire,Q34266,http://www.wikidata.org/entity/Q97823727,Q97823727,Factory,,
Russian Empire,Q34266,http://www.wikidata.org/entity/Q98603228,Q98603228,Factory,,
Russian Empire,Q34266,http://www.wikidata.org/entity/Q98625487,Q98625487,Factory,,
Russian Empire,Q34266,http://www.wikidata.org/entity/Q98796813,Q98796813,Factory,,
Russian Empire,Q34266,http://www.wikidata.org/entity/Q99565321,Q99565321,Factory,,
Russian Empire,Q34266,http://www.wikidata.org/entity/Q99565685,Q99565685,Factory,,
Russian Empire,Q34266,http://www.wikidata.org/entity/Q99565849,Q99565849,Factory,,
Russian Empire,Q34266,http://www.wikidata.org/entity/Q99565926,Q99565926,Factory,,
Russian Empire,Q34266,http://www.wikidata.org/entity/Q99566013,Q99566013,Factory,,
Russian Empire,Q34266,http://www.wikidata.org/entity/Q99568343,Q99568343,Factory,,
Russian Empire,Q34266,http://www.wikidata.org/entity/Q103501550,Q103501550,Factory,,
Russian Empire,Q34266,http://www.wikidata.org/entity/Q65127532,Shaitan Plant,Factory,,
Russian Empire,Q34266,http://www.wikidata.org/entity/Q86497348,Huttusen kenkätehdas,Factory,,
Russian Empire,Q34266,http://www.wikidata.org/entity/Q12152464,Q12152464,Factory,,
Russian Empire,Q34266,http://www.wikidata.org/entity/Q13031729,Q13031729,Factory,,
Russian Empire,Q34266,http://www.wikidata.org/entity/Q98681572,T. Wikholm,Factory,,
Russian Empire,Q34266,http://www.wikidata.org/entity/Q3359700,Mint of Finland,Factory,,
Russian Empire,Q34266,http://www.wikidata.org/entity/Q60812854,Q60812854,Factory,,
Russian Empire,Q34266,http://www.wikidata.org/entity/Q65027835,Q65027835,Factory,,
Russian Empire,Q34266,http://www.wikidata.org/entity/Q76385940,Q76385940,Factory,,
Russian Empire,Q34266,http://www.wikidata.org/entity/Q78122361,Q78122361,Factory,,
Russian Empire,Q34266,http://www.wikidata.org/entity/Q78129712,Q78129712,Factory,,
Russian Empire,Q34266,http://www.wikidata.org/entity/Q86676735,Q86676735,Factory,,
Russian Empire,Q34266,http://www.wikidata.org/entity/Q86678537,Q86678537,Factory,,
Russian Empire,Q34266,http://www.wikidata.org/entity/Q97999731,Iittala Glasshouse,Factory,,
Russian Empire,Q34266,http://www.wikidata.org/entity/Q101089940,Rozhdestvenskie iron mills,Factory,,
Russian Empire,Q34266,http://www.wikidata.org/entity/Q102272622,Sylva works,Factory,,
Russian Empire,Q34266,http://www.wikidata.org/entity/Q109645958,Q109645958,Factory,,
Russian Empire,Q34266,http://www.wikidata.org/entity/Q109828081,Q109828081,Factory,,
Russian Empire,Q34266,http://www.wikidata.org/entity/Q64741735,Q64741735,Factory,,
Denmark,Q35,http://www.wikidata.org/entity/Q85950810,Q85950810,Factory,,
Denmark,Q35,http://www.wikidata.org/entity/Q132733240,Q132733240,Factory,,
Denmark,Q35,http://www.wikidata.org/entity/Q94966539,Q94966539,Factory,,
Denmark,Q35,http://www.wikidata.org/entity/Q65046727,Hørsholm Textile Factory,Factory,,
Denmark,Q35,http://www.wikidata.org/entity/Q65121069,To Øl,Factory,,
Denmark,Q35,http://www.wikidata.org/entity/Q12320952,K-Salat,Factory,,
Denmark,Q35,http://www.wikidata.org/entity/Q12325209,Lykkeberg,Factory,,
Denmark,Q35,http://www.wikidata.org/entity/Q12333753,Rosenborg Brøndanstalt,Factory,,
Denmark,Q35,http://www.wikidata.org/entity/Q131312843,Q131312843,Factory,,
Denmark,Q35,http://www.wikidata.org/entity/Q131381696,Q131381696,Factory,,
Denmark,Q35,http://www.wikidata.org/entity/Q65083104,J. G. A. Eickhoff,Factory,,
Denmark,Q35,http://www.wikidata.org/entity/Q124854515,Frederiksholm Brickworks,Factory,,
Denmark,Q35,http://www.wikidata.org/entity/Q134445426,Q134445426,Factory,,
Denmark,Q35,http://www.wikidata.org/entity/Q12302739,Q12302739,Factory,,
Denmark,Q35,http://www.wikidata.org/entity/Q12304494,Q12304494,Factory,,
Denmark,Q35,http://www.wikidata.org/entity/Q12307446,Q12307446,Factory,,
Denmark,Q35,http://www.wikidata.org/entity/Q12307905,Q12307905,Factory,,
Denmark,Q35,http://www.wikidata.org/entity/Q12311065,Q12311065,Factory,,
Denmark,Q35,http://www.wikidata.org/entity/Q12314223,Q12314223,Factory,,
Denmark,Q35,http://www.wikidata.org/entity/Q12317003,Q12317003,Factory,,
Denmark,Q35,http://www.wikidata.org/entity/Q12319503,Q12319503,Factory,,
Denmark,Q35,http://www.wikidata.org/entity/Q12323486,Q12323486,Factory,,
Denmark,Q35,http://www.wikidata.org/entity/Q12323496,Q12323496,Factory,,
Denmark,Q35,http://www.wikidata.org/entity/Q12329231,Q12329231,Factory,,
Denmark,Q35,http://www.wikidata.org/entity/Q12331986,Q12331986,Factory,,
Denmark,Q35,http://www.wikidata.org/entity/Q12332599,Q12332599,Factory,,
Denmark,Q35,http://www.wikidata.org/entity/Q113215,Carlsberg Group,Factory,,
Denmark,Q35,http://www.wikidata.org/entity/Q10497241,Flügger,Factory,,
Denmark,Q35,http://www.wikidata.org/entity/Q15311748,Q15311748,Factory,,
Denmark,Q35,http://www.wikidata.org/entity/Q7374497,Royal Mint of Denmark,Factory,,
Denmark,Q35,http://www.wikidata.org/entity/Q132649456,Q132649456,Factory,,
Denmark,Q35,http://www.wikidata.org/entity/Q1970693,Mikkeller,Factory,,
Denmark,Q35,http://www.wikidata.org/entity/Q2128955,Faxe Brewery,Factory,,
Denmark,Q35,http://www.wikidata.org/entity/Q12305436,Carlsberg Danmark,Factory,,
Denmark,Q35,http://www.wikidata.org/entity/Q12307859,De Danske Sukkerfabrikker,Factory,,
Denmark,Q35,http://www.wikidata.org/entity/Q12314059,Glud & Marstrand,Factory,,
Denmark,Q35,http://www.wikidata.org/entity/Q12329766,O.F. Asp,Factory,,
Denmark,Q35,http://www.wikidata.org/entity/Q12333871,Rubens Klædefabrik,Factory,,
Denmark,Q35,http://www.wikidata.org/entity/Q29034306,Q29034306,Factory,,
Denmark,Q35,http://www.wikidata.org/entity/Q3500308,Bing & Grøndahl,Factory,,
Denmark,Q35,http://www.wikidata.org/entity/Q16323379,De 5 Gaarde,Factory,,
Denmark,Q35,http://www.wikidata.org/entity/Q16323887,Kongens Bryghus,Factory,,
Denmark,Q35,http://www.wikidata.org/entity/Q16324645,Syndikatet,Factory,,
Denmark,Q35,http://www.wikidata.org/entity/Q4980770,Bryggeriet Djævlebryg,Factory,,
Denmark,Q35,http://www.wikidata.org/entity/Q19842418,Sonofon,Factory,,
Denmark,Q35,http://www.wikidata.org/entity/Q131705699,Q131705699,Factory,,
Denmark,Q35,http://www.wikidata.org/entity/Q66619192,Q66619192,Factory,,
Denmark,Q35,http://www.wikidata.org/entity/Q132172788,Q132172788,Factory,,
Denmark,Q35,http://www.wikidata.org/entity/Q12315891,Q12315891,Factory,,
Denmark,Q35,http://www.wikidata.org/entity/Q12316702,Hertz Garveri & Skotøjsfabrik,Factory,,
Denmark,Q35,http://www.wikidata.org/entity/Q12321544,Kastrup Glasværk,Factory,,
Denmark,Q35,http://www.wikidata.org/entity/Q12324063,Lauritz Rasmussen,Factory,,
Denmark,Q35,http://www.wikidata.org/entity/Q65230255,Q65230255,Factory,,
Denmark,Q35,http://www.wikidata.org/entity/Q131766968,Q131766968,Factory,,
Denmark,Q35,http://www.wikidata.org/entity/Q127602754,Q127602754,Factory,,
Denmark,Q35,http://www.wikidata.org/entity/Q99700364,Q99700364,Factory,,
Denmark,Q35,http://www.wikidata.org/entity/Q130348766,Q130348766,Factory,,
Denmark,Q35,http://www.wikidata.org/entity/Q131757296,Q131757296,Factory,,
Ukraine,Q212,http://www.wikidata.org/entity/Q4496236,Q4496236,Factory,,
Ukraine,Q212,http://www.wikidata.org/entity/Q7210795,Q7210795,Factory,,
Ukraine,Q212,http://www.wikidata.org/entity/Q60850987,Simferopol television plant,Factory,,
Ukraine,Q212,http://www.wikidata.org/entity/Q65170247,Q65170247,Factory,,
Ukraine,Q212,http://www.wikidata.org/entity/Q12080671,Q12080671,Factory,,
Ukraine,Q212,http://www.wikidata.org/entity/Q12081990,Q12081990,Factory,,
Ukraine,Q212,http://www.wikidata.org/entity/Q12087134,Q12087134,Factory,,
Ukraine,Q212,http://www.wikidata.org/entity/Q12107784,Q12107784,Factory,,
Ukraine,Q212,http://www.wikidata.org/entity/Q12167362,Q12167362,Factory,,
Ukraine,Q212,http://www.wikidata.org/entity/Q86677981,Severodonetsky Instrument Plant,Factory,,
Ukraine,Q212,http://www.wikidata.org/entity/Q20078335,Q20078335,Factory,,
Ukraine,Q212,http://www.wikidata.org/entity/Q24089202,Q24089202,Factory,,
Ukraine,Q212,http://www.wikidata.org/entity/Q25444115,Q25444115,Factory,,
Ukraine,Q212,http://www.wikidata.org/entity/Q97642116,ABC Brewery,Factory,,
Ukraine,Q212,http://www.wikidata.org/entity/Q1976480,Khortytsa,Factory,,
Ukraine,Q212,http://www.wikidata.org/entity/Q116547014,Dnepropetrovsky Radio Plant,Factory,,
Ukraine,Q212,http://www.wikidata.org/entity/Q12084926,Mikulinetsky Brovar,Factory,,
Ukraine,Q212,http://www.wikidata.org/entity/Q12107994,Kamianets-Podilskyi Cable Factory,Factory,,
Ukraine,Q212,http://www.wikidata.org/entity/Q12134581,Nizhyn Brewery,Factory,,
Ukraine,Q212,http://www.wikidata.org/entity/Q12150722,Satanivsky Cannery,Factory,,
Ukraine,Q212,http://www.wikidata.org/entity/Q12150726,Satanivsky Sugar Refinery,Factory,,
Ukraine,Q212,http://www.wikidata.org/entity/Q12160861,Ternopil soft drinks factory,Factory,,
Ukraine,Q212,http://www.wikidata.org/entity/Q12166967,Kharkiv Electromechanical Plant,Factory,,
Ukraine,Q212,http://www.wikidata.org/entity/Q12174057,Yasinovatskiy Machine Building Plant,Factory,,
Ukraine,Q212,http://www.wikidata.org/entity/Q28478572,Q28478572,Factory,,
Ukraine,Q212,http://www.wikidata.org/entity/Q28491397,Q28491397,Factory,,
Ukraine,Q212,http://www.wikidata.org/entity/Q30879603,Q30879603,Factory,,
Ukraine,Q212,http://www.wikidata.org/entity/Q25434691,Proton,Factory,,
Ukraine,Q212,http://www.wikidata.org/entity/Q34886728,Q34886728,Factory,,
Ukraine,Q212,http://www.wikidata.org/entity/Q4074791,Evraz Yuzkoks,Factory,,
Ukraine,Q212,http://www.wikidata.org/entity/Q4423000,Zaporizhzhya Brewery Carlsberg Ukraine,Factory,,
Ukraine,Q212,http://www.wikidata.org/entity/Q4496247,KOFOK,Factory,,
Ukraine,Q212,http://www.wikidata.org/entity/Q4521740,Donbas Sewing Factory,Factory,,
Ukraine,Q212,http://www.wikidata.org/entity/Q20095996,Khodoriv sugar factory,Factory,,
Ukraine,Q212,http://www.wikidata.org/entity/Q704574,Kyiv Arsenal,Factory,,
Ukraine,Q212,http://www.wikidata.org/entity/Q48956447,Q48956447,Factory,,
Ukraine,Q212,http://www.wikidata.org/entity/Q6372068,Kyiv Roshen Factory,Factory,,
Ukraine,Q212,http://www.wikidata.org/entity/Q53673452,Q53673452,Factory,,
Ukraine,Q212,http://www.wikidata.org/entity/Q25433100,Electronmash,Factory,,
Ukraine,Q212,http://www.wikidata.org/entity/Q25435843,Luhansk Mint,Factory,,
Ukraine,Q212,http://www.wikidata.org/entity/Q55663542,Q55663542,Factory,,
Ukraine,Q212,http://www.wikidata.org/entity/Q55778906,Q55778906,Factory,,
Ukraine,Q212,http://www.wikidata.org/entity/Q55778905,Q55778905,Factory,,
Ukraine,Q212,http://www.wikidata.org/entity/Q55778910,Q55778910,Factory,,
Ukraine,Q212,http://www.wikidata.org/entity/Q55778908,Q55778908,Factory,,
Ukraine,Q212,http://www.wikidata.org/entity/Q55778909,Q55778909,Factory,,
Ukraine,Q212,http://www.wikidata.org/entity/Q55778914,Q55778914,Factory,,
Ukraine,Q212,http://www.wikidata.org/entity/Q55778912,Q55778912,Factory,,
Ukraine,Q212,http://www.wikidata.org/entity/Q55778913,Q55778913,Factory,,
Ukraine,Q212,http://www.wikidata.org/entity/Q55778918,Q55778918,Factory,,
Ukraine,Q212,http://www.wikidata.org/entity/Q55778917,Q55778917,Factory,,
Ukraine,Q212,http://www.wikidata.org/entity/Q55778922,Q55778922,Factory,,
Ukraine,Q212,http://www.wikidata.org/entity/Q55778923,Q55778923,Factory,,
Ukraine,Q212,http://www.wikidata.org/entity/Q55778920,Q55778920,Factory,,
Ukraine,Q212,http://www.wikidata.org/entity/Q55778921,Q55778921,Factory,,
Ukraine,Q212,http://www.wikidata.org/entity/Q56373128,Q56373128,Factory,,
Ukraine,Q212,http://www.wikidata.org/entity/Q56379566,Q56379566,Factory,,
Ukraine,Q212,http://www.wikidata.org/entity/Q56379588,Q56379588,Factory,,
Ukraine,Q212,http://www.wikidata.org/entity/Q56379607,Q56379607,Factory,,
Ukraine,Q212,http://www.wikidata.org/entity/Q56379641,Q56379641,Factory,,
Ukraine,Q212,http://www.wikidata.org/entity/Q56379650,Q56379650,Factory,,
Ukraine,Q212,http://www.wikidata.org/entity/Q56855478,Q56855478,Factory,,
Ukraine,Q212,http://www.wikidata.org/entity/Q130730798,Kation,Factory,,
Ukraine,Q212,http://www.wikidata.org/entity/Q60467539,Q60467539,Factory,,
Ukraine,Q212,http://www.wikidata.org/entity/Q60732819,Q60732819,Factory,,
Ukraine,Q212,http://www.wikidata.org/entity/Q60850505,Q60850505,Factory,,
Ukraine,Q212,http://www.wikidata.org/entity/Q61374792,Q61374792,Factory,,
Ukraine,Q212,http://www.wikidata.org/entity/Q65158073,Q65158073,Factory,,
Ukraine,Q212,http://www.wikidata.org/entity/Q9180155,Lvivska Brewery,Factory,,
Ukraine,Q212,http://www.wikidata.org/entity/Q19201681,MBTZ,Factory,,
Ukraine,Q212,http://www.wikidata.org/entity/Q86666057,Q86666057,Factory,,
Ukraine,Q212,http://www.wikidata.org/entity/Q86675699,Q86675699,Factory,,
Ukraine,Q212,http://www.wikidata.org/entity/Q21663328,Lviv Telegraph Apparatus Plant,Factory,,
Ukraine,Q212,http://www.wikidata.org/entity/Q97265396,Q97265396,Factory,,
Ukraine,Q212,http://www.wikidata.org/entity/Q60850499,Lebedyn Piston Rings Plant,Factory,,
Ukraine,Q212,http://www.wikidata.org/entity/Q60850813,Yahotyn Sugar Refinery,Factory,,
Ukraine,Q212,http://www.wikidata.org/entity/Q65171079,Nosivka sugar factory,Factory,,
Ukraine,Q212,http://www.wikidata.org/entity/Q111593873,Q111593873,Factory,,
Ukraine,Q212,http://www.wikidata.org/entity/Q116698163,Q116698163,Factory,,
Ukraine,Q212,http://www.wikidata.org/entity/Q116786002,Q116786002,Factory,,
Ukraine,Q212,http://www.wikidata.org/entity/Q49546398,Vovkovyi Brewery,Factory,,
Ukraine,Q212,http://www.wikidata.org/entity/Q4410146,Q4410146,Factory,,
Ukraine,Q212,http://www.wikidata.org/entity/Q12098087,Q12098087,Factory,,
Ukraine,Q212,http://www.wikidata.org/entity/Q12098090,Q12098090,Factory,,
Ukraine,Q212,http://www.wikidata.org/entity/Q12098091,Q12098091,Factory,,
Ukraine,Q212,http://www.wikidata.org/entity/Q12098089,Q12098089,Factory,,
Ukraine,Q212,http://www.wikidata.org/entity/Q12098094,Q12098094,Factory,,
Ukraine,Q212,http://www.wikidata.org/entity/Q12098095,Q12098095,Factory,,
Ukraine,Q212,http://www.wikidata.org/entity/Q12098092,Q12098092,Factory,,
Ukraine,Q212,http://www.wikidata.org/entity/Q12098098,Q12098098,Factory,,
Ukraine,Q212,http://www.wikidata.org/entity/Q12098102,Q12098102,Factory,,
Ukraine,Q212,http://www.wikidata.org/entity/Q12098103,Q12098103,Factory,,
Ukraine,Q212,http://www.wikidata.org/entity/Q12098100,Q12098100,Factory,,
Ukraine,Q212,http://www.wikidata.org/entity/Q12098101,Q12098101,Factory,,
Ukraine,Q212,http://www.wikidata.org/entity/Q12098106,Q12098106,Factory,,
Ukraine,Q212,http://www.wikidata.org/entity/Q12098107,Q12098107,Factory,,
Ukraine,Q212,http://www.wikidata.org/entity/Q12098105,Q12098105,Factory,,
Ukraine,Q212,http://www.wikidata.org/entity/Q12098110,Q12098110,Factory,,
Ukraine,Q212,http://www.wikidata.org/entity/Q12098111,Q12098111,Factory,,
Ukraine,Q212,http://www.wikidata.org/entity/Q12098114,Q12098114,Factory,,
Ukraine,Q212,http://www.wikidata.org/entity/Q12098115,Q12098115,Factory,,
Ukraine,Q212,http://www.wikidata.org/entity/Q12098119,Q12098119,Factory,,
Ukraine,Q212,http://www.wikidata.org/entity/Q12098117,Q12098117,Factory,,
Ukraine,Q212,http://www.wikidata.org/entity/Q12098120,Q12098120,Factory,,
Ukraine,Q212,http://www.wikidata.org/entity/Q12100936,Q12100936,Factory,,
Ukraine,Q212,http://www.wikidata.org/entity/Q12163926,Q12163926,Factory,,
Ukraine,Q212,http://www.wikidata.org/entity/Q12168387,Q12168387,Factory,,
Ukraine,Q212,http://www.wikidata.org/entity/Q12168384,Q12168384,Factory,,
Ukraine,Q212,http://www.wikidata.org/entity/Q12168391,Q12168391,Factory,,
Ukraine,Q212,http://www.wikidata.org/entity/Q12168392,Q12168392,Factory,,
Ukraine,Q212,http://www.wikidata.org/entity/Q12168398,Q12168398,Factory,,
Ukraine,Q212,http://www.wikidata.org/entity/Q12168399,Q12168399,Factory,,
Ukraine,Q212,http://www.wikidata.org/entity/Q12168396,Q12168396,Factory,,
Ukraine,Q212,http://www.wikidata.org/entity/Q12168400,Q12168400,Factory,,
Ukraine,Q212,http://www.wikidata.org/entity/Q12168401,Q12168401,Factory,,
Ukraine,Q212,http://www.wikidata.org/entity/Q16488153,Q16488153,Factory,,
Ukraine,Q212,http://www.wikidata.org/entity/Q12130473,Muzhievo gold mine,Factory,,
Ukraine,Q212,http://www.wikidata.org/entity/Q2339253,Radomysl paper mill,Factory,,
Ukraine,Q212,http://www.wikidata.org/entity/Q4055547,Avdeyevka Coke and Chemical Plant,Factory,,
Ukraine,Q212,http://www.wikidata.org/entity/Q55577285,Q55577285,Factory,,
Ukraine,Q212,http://www.wikidata.org/entity/Q61374223,Rodon,Factory,,
Ukraine,Q212,http://www.wikidata.org/entity/Q4163164,KAMET-STEEL,Factory,,
Ukraine,Q212,http://www.wikidata.org/entity/Q97397796,Kievo-Mezhgorskaya Pottery Factory,Factory,,
Lebanon,Q822,http://www.wikidata.org/entity/Q6784565,Massaya,Factory,,
Principality of Moldavia,Q10957559,http://www.wikidata.org/entity/Q134303132,Ciobănuș glass factory,Factory,,
Principality of Moldavia,Q10957559,http://www.wikidata.org/entity/Q130326304,N. Choss distillery from Lucăcești,Factory,,
Moldova,Q217,http://www.wikidata.org/entity/Q12731916,Q12731916,Factory,,
Moldova,Q217,http://www.wikidata.org/entity/Q21886122,Moldova Steel Works,Factory,,
Moldova,Q217,http://www.wikidata.org/entity/Q130533509,Mikroprovod,Factory,,
Moldova,Q217,http://www.wikidata.org/entity/Q108268282,Q108268282,Factory,,
Moldova,Q217,http://www.wikidata.org/entity/Q108270738,Q108270738,Factory,,
Moldova,Q217,http://www.wikidata.org/entity/Q108270884,Q108270884,Factory,,
Nazi Germany,Q7318,http://www.wikidata.org/entity/Q123374940,Q123374940,Factory,,
Nazi Germany,Q7318,http://www.wikidata.org/entity/Q119777180,Q119777180,Factory,,
Nazi Germany,Q7318,http://www.wikidata.org/entity/Q125925055,Q125925055,Factory,,
Nazi Germany,Q7318,http://www.wikidata.org/entity/Q125985106,Q125985106,Factory,,
Nazi Germany,Q7318,http://www.wikidata.org/entity/Q126952491,Q126952491,Factory,,
Nazi Germany,Q7318,http://www.wikidata.org/entity/Q127541671,Q127541671,Factory,,
Nazi Germany,Q7318,http://www.wikidata.org/entity/Q131366758,Q131366758,Factory,,
Spanish Empire,Q80702,http://www.wikidata.org/entity/Q61861374,Royal Shipyard of Havana,Factory,,
Spanish Empire,Q80702,http://www.wikidata.org/entity/Q104184450,Real Fábrica de Aguardiente de Guayaquil,Factory,,
Spanish Empire,Q80702,http://www.wikidata.org/entity/Q109094598,Royal Shipyard of Coatzacoalcos,Factory,,
Dutch Republic,Q170072,http://www.wikidata.org/entity/Q69923439,China,Factory,,
Dutch Republic,Q170072,http://www.wikidata.org/entity/Q66311110,Het Oude Moriaanshooft,Factory,,
Dutch Republic,Q170072,http://www.wikidata.org/entity/Q69919924,De Eendragt,Factory,,
Dutch Republic,Q170072,http://www.wikidata.org/entity/Q69911743,De Dissel,Factory,,
Dutch Republic,Q170072,http://www.wikidata.org/entity/Q69920238,De Ham,Factory,,
Dutch Republic,Q170072,http://www.wikidata.org/entity/Q64499081,Het Hart,Factory,,
Dutch Republic,Q170072,http://www.wikidata.org/entity/Q66311138,Het Jonge Moriaanshooft,Factory,,
Dutch Republic,Q170072,http://www.wikidata.org/entity/Q66736231,De Vergulde Blompot,Factory,,
Dutch Republic,Q170072,http://www.wikidata.org/entity/Q69713908,Het Gecroond Porceleyn,Factory,,
Dutch Republic,Q170072,http://www.wikidata.org/entity/Q69912134,De Drie Klokken,Factory,,
Dutch Republic,Q170072,http://www.wikidata.org/entity/Q69920139,De Gecroonde Theepot,Factory,,
Dutch Republic,Q170072,http://www.wikidata.org/entity/Q69920350,De Hollantse Daalder,Factory,,
Dutch Republic,Q170072,http://www.wikidata.org/entity/Q69920418,Het Hooge Huys,Factory,,
Dutch Republic,Q170072,http://www.wikidata.org/entity/Q69920507,De Nagtegaal,Factory,,
Dutch Republic,Q170072,http://www.wikidata.org/entity/Q69920621,De Romeyn,Factory,,
Dutch Republic,Q170072,http://www.wikidata.org/entity/Q69920738,Rouaan,Factory,,
Dutch Republic,Q170072,http://www.wikidata.org/entity/Q69921017,De Vergulde Boot,Factory,,
Dutch Republic,Q170072,http://www.wikidata.org/entity/Q69921156,De Vier Romeynse Helden,Factory,,
Dutch Republic,Q170072,http://www.wikidata.org/entity/Q69921247,De Twee Wildemannen,Factory,,
Weimar Republic,Q41304,http://www.wikidata.org/entity/Q126718253,Kracht & Wiehe,Factory,,
Weimar Republic,Q41304,http://www.wikidata.org/entity/Q123374940,Q123374940,Factory,,
Weimar Republic,Q41304,http://www.wikidata.org/entity/Q124633561,Q124633561,Factory,,
Weimar Republic,Q41304,http://www.wikidata.org/entity/Q125631717,Q125631717,Factory,,
Weimar Republic,Q41304,http://www.wikidata.org/entity/Q125919211,Q125919211,Factory,,
Weimar Republic,Q41304,http://www.wikidata.org/entity/Q125925055,Q125925055,Factory,,
Weimar Republic,Q41304,http://www.wikidata.org/entity/Q125985106,Q125985106,Factory,,
Weimar Republic,Q41304,http://www.wikidata.org/entity/Q126183178,Q126183178,Factory,,
Weimar Republic,Q41304,http://www.wikidata.org/entity/Q126952491,Q126952491,Factory,,
Weimar Republic,Q41304,http://www.wikidata.org/entity/Q127541671,Q127541671,Factory,,
Weimar Republic,Q41304,http://www.wikidata.org/entity/Q129566031,Q129566031,Factory,,
Romania,Q218,http://www.wikidata.org/entity/Q776186,Q776186,Factory,,
Romania,Q218,http://www.wikidata.org/entity/Q12728035,"Fabrica de Bere, Luther",Factory,,
Romania,Q218,http://www.wikidata.org/entity/Q12730177,ICTB,Factory,,
Romania,Q218,http://www.wikidata.org/entity/Q12740630,Semănătoarea,Factory,,
Romania,Q218,http://www.wikidata.org/entity/Q12721148,CFR Grivița Workshops,Factory,,
Romania,Q218,http://www.wikidata.org/entity/Q18548890,United Romanian Breweries Bereprod,Factory,,
Romania,Q218,http://www.wikidata.org/entity/Q6899047,Monetăria Statului,Factory,,
Romania,Q218,http://www.wikidata.org/entity/Q7178884,Petrobrazi Refinery,Factory,,
Romania,Q218,http://www.wikidata.org/entity/Q7179010,Petromidia Refinery,Factory,,
Romania,Q218,http://www.wikidata.org/entity/Q7179121,Petrotel Lukoil Refinery,Factory,,
Romania,Q218,http://www.wikidata.org/entity/Q130299281,Steaua Română refinerry from Moinești,Factory,,
Romania,Q218,http://www.wikidata.org/entity/Q130323499,Moldonaphta refinerry from Lucăcești,Factory,,
Romania,Q218,http://www.wikidata.org/entity/Q60141228,Q60141228,Factory,,
Romania,Q218,http://www.wikidata.org/entity/Q134303132,Ciobănuș glass factory,Factory,,
Romania,Q218,http://www.wikidata.org/entity/Q65215715,"Glasswork, Tomești",Factory,,
Romania,Q218,http://www.wikidata.org/entity/Q907702,Cluj Tobacco Factory,Factory,,
Romania,Q218,http://www.wikidata.org/entity/Q110010504,Mioveni Dacia Factory,Factory,,
Serbia,Q403,http://www.wikidata.org/entity/Q618044,Apatinska Brewery,Factory,,
Serbia,Q403,http://www.wikidata.org/entity/Q5042888,Carlsberg Srbija,Factory,,
Serbia,Q403,http://www.wikidata.org/entity/Q110045485,Q110045485,Factory,,
Serbia,Q403,http://www.wikidata.org/entity/Q110046218,Pančevo oil refinery,Factory,,
South Africa,Q258,http://www.wikidata.org/entity/Q1727629,Kapula,Factory,,
South Africa,Q258,http://www.wikidata.org/entity/Q20981936,Sigma Motor Corporation,Factory,,
South Africa,Q258,http://www.wikidata.org/entity/Q24234071,Brauhaus am Damm,Factory,,
South Africa,Q258,http://www.wikidata.org/entity/Q55575724,Q55575724,Factory,,
South Africa,Q258,http://www.wikidata.org/entity/Q55575795,Q55575795,Factory,,
South Africa,Q258,http://www.wikidata.org/entity/Q47514340,BMW plant Rosslyn,Factory,,
South Africa,Q258,http://www.wikidata.org/entity/Q76590312,De Hoek,Factory,,
South Africa,Q258,http://www.wikidata.org/entity/Q114306354,Natref refinery,Factory,,
British occupation zone in Germany,Q55306,http://www.wikidata.org/entity/Q127539557,Lehmann & Wundenberg,Factory,,
British occupation zone in Germany,Q55306,http://www.wikidata.org/entity/Q126952491,Q126952491,Factory,,
Croatia,Q224,http://www.wikidata.org/entity/Q16116309,Cetina,Factory,,
Croatia,Q224,http://www.wikidata.org/entity/Q4183744,Zagrebačka pivovara,Factory,,
Croatia,Q224,http://www.wikidata.org/entity/Q30633933,Hrvatska kovnica novca,Factory,,
Croatia,Q224,http://www.wikidata.org/entity/Q7199671,Pivovara Ličanka,Factory,,
Croatia,Q224,http://www.wikidata.org/entity/Q110142391,Zrinski Printing House,Factory,,
Croatia,Q224,http://www.wikidata.org/entity/Q114297321,Rijeka oil refinery,Factory,,
Croatia,Q224,http://www.wikidata.org/entity/Q119437562,Nada Dimić (factory),Factory,,
Soviet Union,Q15180,http://www.wikidata.org/entity/Q120027199,Q120027199,Factory,,
Soviet Union,Q15180,http://www.wikidata.org/entity/Q124935070,Q124935070,Factory,,
Soviet Union,Q15180,http://www.wikidata.org/entity/Q125096851,Q125096851,Factory,,
Soviet Union,Q15180,http://www.wikidata.org/entity/Q131983940,Radian,Factory,,
Soviet Union,Q15180,http://www.wikidata.org/entity/Q17154917,Optron,Factory,,
Soviet Union,Q15180,http://www.wikidata.org/entity/Q113409929,Ryazan Tannery,Factory,,
Soviet Union,Q15180,http://www.wikidata.org/entity/Q132086831,Yaroslavl Design and Technological Research Institute,Factory,,
Soviet Union,Q15180,http://www.wikidata.org/entity/Q115792037,Billur,Factory,,
Soviet Union,Q15180,http://www.wikidata.org/entity/Q122902675,Munaymash,Factory,,
Soviet Union,Q15180,http://www.wikidata.org/entity/Q123056200,Novator,Factory,,
Soviet Union,Q15180,http://www.wikidata.org/entity/Q123057107,Svetlovodsk Radio Plant,Factory,,
Soviet Union,Q15180,http://www.wikidata.org/entity/Q4122977,Q4122977,Factory,,
Soviet Union,Q15180,http://www.wikidata.org/entity/Q86674520,Baranchinsky plant,Factory,,
Soviet Union,Q15180,http://www.wikidata.org/entity/Q60850987,Simferopol television plant,Factory,,
Soviet Union,Q15180,http://www.wikidata.org/entity/Q86677981,Severodonetsky Instrument Plant,Factory,,
Soviet Union,Q15180,http://www.wikidata.org/entity/Q24089202,Q24089202,Factory,,
Soviet Union,Q15180,http://www.wikidata.org/entity/Q116547014,Dnepropetrovsky Radio Plant,Factory,,
Soviet Union,Q15180,http://www.wikidata.org/entity/Q113634704,Tashkent record factory,Factory,,
Soviet Union,Q15180,http://www.wikidata.org/entity/Q16478134,Siauliai Television Plant,Factory,,
Soviet Union,Q15180,http://www.wikidata.org/entity/Q4269070,Kstovo Refinery,Factory,,
Soviet Union,Q15180,http://www.wikidata.org/entity/Q20530432,Tarbeklaas,Factory,,
Soviet Union,Q15180,http://www.wikidata.org/entity/Q25433100,Electronmash,Factory,,
Soviet Union,Q15180,http://www.wikidata.org/entity/Q130572165,Severnaya Zarya,Factory,,
Soviet Union,Q15180,http://www.wikidata.org/entity/Q130730798,Kation,Factory,,
Soviet Union,Q15180,http://www.wikidata.org/entity/Q4183147,Q4183147,Factory,,
Soviet Union,Q15180,http://www.wikidata.org/entity/Q131301041,Erkon,Factory,,
Soviet Union,Q15180,http://www.wikidata.org/entity/Q131898471,Mikrokomponent,Factory,,
Soviet Union,Q15180,http://www.wikidata.org/entity/Q131923068,Mozhga Radio Component Plant,Factory,,
Soviet Union,Q15180,http://www.wikidata.org/entity/Q132151674,Electrolampa,Factory,,
Soviet Union,Q15180,http://www.wikidata.org/entity/Q75921194,Q75921194,Factory,,
Soviet Union,Q15180,http://www.wikidata.org/entity/Q76939377,Q76939377,Factory,,
Soviet Union,Q15180,http://www.wikidata.org/entity/Q76940208,Q76940208,Factory,,
Soviet Union,Q15180,http://www.wikidata.org/entity/Q85860860,Kandava radio plant,Factory,,
Soviet Union,Q15180,http://www.wikidata.org/entity/Q4183146,Plant No. 8,Factory,,
Soviet Union,Q15180,http://www.wikidata.org/entity/Q86679220,Q86679220,Factory,,
Tunisia,Q948,http://www.wikidata.org/entity/Q4023986,Q4023986,Factory,,
Cuba,Q241,http://www.wikidata.org/entity/Q1056400,Cervecería Bucanero,Factory,,
Cuba,Q241,http://www.wikidata.org/entity/Q5831702,Q5831702,Factory,,
Cuba,Q241,http://www.wikidata.org/entity/Q104184667,Real Fábrica de Tabacos La Corona,Factory,,
Cuba,Q241,http://www.wikidata.org/entity/Q115466913,Modelo Brewery,Factory,,
Cuba,Q241,http://www.wikidata.org/entity/Q111709221,Empresa Cubana de Acuñaciones,Factory,,
Cuba,Q241,http://www.wikidata.org/entity/Q115770515,Experimental Graphic Workshop,Factory,,
Socialist Republic of Romania,Q842794,http://www.wikidata.org/entity/Q12740630,Semănătoarea,Factory,,
Haiti,Q790,http://www.wikidata.org/entity/Q2924024,Brasserie Nationale d'Haiti,Factory,,
Qing dynasty,Q8733,http://www.wikidata.org/entity/Q15911489,Jiangnan Mint,Factory,,
Qing dynasty,Q8733,http://www.wikidata.org/entity/Q22774198,Baohe Mint,Factory,,
Morocco,Q1028,http://www.wikidata.org/entity/Q124053442,Tannerie Ain Azliten,Factory,,
Morocco,Q1028,http://www.wikidata.org/entity/Q109404261,Hajes Mostafa,Factory,,
Colonial Brazil,Q2088324,http://www.wikidata.org/entity/Q10272958,Q10272958,Factory,,
Colonial Brazil,Q2088324,http://www.wikidata.org/entity/Q10272957,Engenho de Sergipe do Conde,Factory,,
Colonial Brazil,Q2088324,http://www.wikidata.org/entity/Q104450430,Engenho de Cotigipe,Factory,,
Colonial Brazil,Q2088324,http://www.wikidata.org/entity/Q104514092,Engenho de Jacarecanga,Factory,,
Colonial Brazil,Q2088324,http://www.wikidata.org/entity/Q104172850,Engenho Novo,Factory,,
Colonial Brazil,Q2088324,http://www.wikidata.org/entity/Q104180805,Engenho Cunhaú,Factory,,
Colonial Brazil,Q2088324,http://www.wikidata.org/entity/Q104181111,Engenho de Santo Agostinho,Factory,,
Colonial Brazil,Q2088324,http://www.wikidata.org/entity/Q104361065,Engenho Apoá,Factory,,
Colonial Brazil,Q2088324,http://www.wikidata.org/entity/Q104383930,Engenho de Maçiape,Factory,,
Colonial Brazil,Q2088324,http://www.wikidata.org/entity/Q104414782,Engenho dos Macacos,Factory,,
Colonial Brazil,Q2088324,http://www.wikidata.org/entity/Q104444183,Engenho do Subaé,Factory,,
Colonial Brazil,Q2088324,http://www.wikidata.org/entity/Q104448252,Engenho de São Paulo,Factory,,
Colonial Brazil,Q2088324,http://www.wikidata.org/entity/Q104514172,Engenho de Coniubiceo,Factory,,
Zimbabwe,Q954,http://www.wikidata.org/entity/Q19904160,Fidelity Printers and Refiners,Factory,,
Zimbabwe,Q954,http://www.wikidata.org/entity/Q8072055,Zimbabwean Mint,Factory,,
Latvia,Q211,http://www.wikidata.org/entity/Q4052593,Q4052593,Factory,,
Latvia,Q211,http://www.wikidata.org/entity/Q88380212,Kalsnava Distillery,Factory,,
Latvia,Q211,http://www.wikidata.org/entity/Q20559380,Q20559380,Factory,,
Latvia,Q211,http://www.wikidata.org/entity/Q20562884,Q20562884,Factory,,
Latvia,Q211,http://www.wikidata.org/entity/Q20563609,Q20563609,Factory,,
Latvia,Q211,http://www.wikidata.org/entity/Q20563930,Q20563930,Factory,,
Latvia,Q211,http://www.wikidata.org/entity/Q20564295,Q20564295,Factory,,
Latvia,Q211,http://www.wikidata.org/entity/Q20564660,Q20564660,Factory,,
Latvia,Q211,http://www.wikidata.org/entity/Q20565436,Q20565436,Factory,,
Latvia,Q211,http://www.wikidata.org/entity/Q20565478,Q20565478,Factory,,
Latvia,Q211,http://www.wikidata.org/entity/Q16350366,Agrofirma Tērvete,Factory,,
Latvia,Q211,http://www.wikidata.org/entity/Q4034923,Bauskas alus,Factory,,
Latvia,Q211,http://www.wikidata.org/entity/Q19759781,Līvu Alus,Factory,,
Latvia,Q211,http://www.wikidata.org/entity/Q50378927,Q50378927,Factory,,
Latvia,Q211,http://www.wikidata.org/entity/Q85860860,Kandava radio plant,Factory,,
Latvia,Q211,http://www.wikidata.org/entity/Q119948846,Q119948846,Factory,,
Latvia,Q211,http://www.wikidata.org/entity/Q131279450,Q131279450,Factory,,
Austria-Hungary,Q28513,http://www.wikidata.org/entity/Q12032797,Q12032797,Factory,,
Austria-Hungary,Q28513,http://www.wikidata.org/entity/Q111679065,Bratří Kroupové,Factory,,
Austria-Hungary,Q28513,http://www.wikidata.org/entity/Q102450533,"Reiser Albert, továrna na pletené zboží, Klokočov",Factory,,
Austria-Hungary,Q28513,http://www.wikidata.org/entity/Q12084926,Mikulinetsky Brovar,Factory,,
Austria-Hungary,Q28513,http://www.wikidata.org/entity/Q31820984,Q31820984,Factory,,
Austria-Hungary,Q28513,http://www.wikidata.org/entity/Q20095996,Khodoriv sugar factory,Factory,,
Austria-Hungary,Q28513,http://www.wikidata.org/entity/Q9180155,Lvivska Brewery,Factory,,
Austria-Hungary,Q28513,http://www.wikidata.org/entity/Q75096055,Q75096055,Factory,,
Austria-Hungary,Q28513,http://www.wikidata.org/entity/Q48337694,Antonín Jelínek a syn,Factory,,
Austria-Hungary,Q28513,http://www.wikidata.org/entity/Q67089210,J. Fluss,Factory,,
Austria-Hungary,Q28513,http://www.wikidata.org/entity/Q25657,MÁVAG,Factory,,
Austria-Hungary,Q28513,http://www.wikidata.org/entity/Q111411724,Vydrova továrna poživatin,Factory,,
Austria-Hungary,Q28513,http://www.wikidata.org/entity/Q114711404,Fabryka Wódek Zdrowotnych Jego Cesarskiej i Królewskiej Wysokości Arcyksięcia Rainera,Factory,,
Russian Republic,Q139319,http://www.wikidata.org/entity/Q65300310,Q65300310,Factory,,
South Korea,Q884,http://www.wikidata.org/entity/Q127161625,Hand & Malt,Factory,,
South Korea,Q884,http://www.wikidata.org/entity/Q55577135,Q55577135,Factory,,
South Korea,Q884,http://www.wikidata.org/entity/Q55577239,Q55577239,Factory,,
South Korea,Q884,http://www.wikidata.org/entity/Q55577254,Q55577254,Factory,,
South Korea,Q884,http://www.wikidata.org/entity/Q48993765,General Motors Gunsan Plant,Factory,,
South Korea,Q884,http://www.wikidata.org/entity/Q60376,Korea Minting and Security Printing Corporation,Factory,,
South Korea,Q884,http://www.wikidata.org/entity/Q121611365,Daesan refinery,Factory,,
South Korea,Q884,http://www.wikidata.org/entity/Q121611617,Ulsan refinery,Factory,,
South Korea,Q884,http://www.wikidata.org/entity/Q121618838,Onsan refinery,Factory,,
South Korea,Q884,http://www.wikidata.org/entity/Q121619042,Yeosu refinery,Factory,,
South Korea,Q884,http://www.wikidata.org/entity/Q121619592,SK Incheon Petrochem,Factory,,
Belgium,Q31,http://www.wikidata.org/entity/Q116694847,Lick,Factory,,
Belgium,Q31,http://www.wikidata.org/entity/Q116694858,"Piron-Daurel, J. B.",Factory,,
Belgium,Q31,http://www.wikidata.org/entity/Q116694302,De Gent,Factory,,
Belgium,Q31,http://www.wikidata.org/entity/Q116694415,"Van de Perre, Camille",Factory,,
Belgium,Q31,http://www.wikidata.org/entity/Q116694812,De Broux,Factory,,
Belgium,Q31,http://www.wikidata.org/entity/Q104647048,Lambiek Fabriek,Factory,,
Belgium,Q31,http://www.wikidata.org/entity/Q107095121,St. Joseph á Couvin,Factory,,
Belgium,Q31,http://www.wikidata.org/entity/Q117942272,Q117942272,Factory,,
Belgium,Q31,http://www.wikidata.org/entity/Q117947505,Q117947505,Factory,,
Belgium,Q31,http://www.wikidata.org/entity/Q117947512,Q117947512,Factory,,
Belgium,Q31,http://www.wikidata.org/entity/Q118235869,Q118235869,Factory,,
Belgium,Q31,http://www.wikidata.org/entity/Q122750204,Q122750204,Factory,,
Belgium,Q31,http://www.wikidata.org/entity/Q116694382,"Piette, Nestor",Factory,,
Belgium,Q31,http://www.wikidata.org/entity/Q116694429,Van Volsem,Factory,,
Belgium,Q31,http://www.wikidata.org/entity/Q116694813,Descampe Frères,Factory,,
Belgium,Q31,http://www.wikidata.org/entity/Q116694850,Maatschappij Holland,Factory,,
Belgium,Q31,http://www.wikidata.org/entity/Q131379707,Q131379707,Factory,,
Belgium,Q31,http://www.wikidata.org/entity/Q122722910,Q122722910,Factory,,
Belgium,Q31,http://www.wikidata.org/entity/Q122730665,Q122730665,Factory,,
Belgium,Q31,http://www.wikidata.org/entity/Q122730514,Q122730514,Factory,,
Belgium,Q31,http://www.wikidata.org/entity/Q122746619,Q122746619,Factory,,
Belgium,Q31,http://www.wikidata.org/entity/Q2662325,Q2662325,Factory,,
Belgium,Q31,http://www.wikidata.org/entity/Q2732609,Q2732609,Factory,,
Belgium,Q31,http://www.wikidata.org/entity/Q2785864,Q2785864,Factory,,
Belgium,Q31,http://www.wikidata.org/entity/Q2848790,Q2848790,Factory,,
Belgium,Q31,http://www.wikidata.org/entity/Q2855196,Q2855196,Factory,,
Belgium,Q31,http://www.wikidata.org/entity/Q2868130,Q2868130,Factory,,
Belgium,Q31,http://www.wikidata.org/entity/Q2876047,Q2876047,Factory,,
Belgium,Q31,http://www.wikidata.org/entity/Q2924035,Q2924035,Factory,,
Belgium,Q31,http://www.wikidata.org/entity/Q2934789,Q2934789,Factory,,
Belgium,Q31,http://www.wikidata.org/entity/Q2947342,Q2947342,Factory,,
Belgium,Q31,http://www.wikidata.org/entity/Q2978111,Q2978111,Factory,,
Belgium,Q31,http://www.wikidata.org/entity/Q3002464,Q3002464,Factory,,
Belgium,Q31,http://www.wikidata.org/entity/Q3027488,Q3027488,Factory,,
Belgium,Q31,http://www.wikidata.org/entity/Q3030066,Q3030066,Factory,,
Belgium,Q31,http://www.wikidata.org/entity/Q3034288,Q3034288,Factory,,
Belgium,Q31,http://www.wikidata.org/entity/Q3061542,Q3061542,Factory,,
Belgium,Q31,http://www.wikidata.org/entity/Q3097304,Q3097304,Factory,,
Belgium,Q31,http://www.wikidata.org/entity/Q3114908,Q3114908,Factory,,
Belgium,Q31,http://www.wikidata.org/entity/Q3217928,Q3217928,Factory,,
Belgium,Q31,http://www.wikidata.org/entity/Q3388848,Q3388848,Factory,,
Belgium,Q31,http://www.wikidata.org/entity/Q3437132,Q3437132,Factory,,
Belgium,Q31,http://www.wikidata.org/entity/Q3544173,Q3544173,Factory,,
Belgium,Q31,http://www.wikidata.org/entity/Q3915800,Q3915800,Factory,,
Belgium,Q31,http://www.wikidata.org/entity/Q3919838,Q3919838,Factory,,
Belgium,Q31,http://www.wikidata.org/entity/Q3921361,Q3921361,Factory,,
Belgium,Q31,http://www.wikidata.org/entity/Q3997763,Q3997763,Factory,,
Belgium,Q31,http://www.wikidata.org/entity/Q4017226,Q4017226,Factory,,
Belgium,Q31,http://www.wikidata.org/entity/Q4032990,Q4032990,Factory,,
Belgium,Q31,http://www.wikidata.org/entity/Q4315775,Q4315775,Factory,,
Belgium,Q31,http://www.wikidata.org/entity/Q4343757,Q4343757,Factory,,
Belgium,Q31,http://www.wikidata.org/entity/Q4349886,Q4349886,Factory,,
Belgium,Q31,http://www.wikidata.org/entity/Q4351626,Q4351626,Factory,,
Belgium,Q31,http://www.wikidata.org/entity/Q4385018,Q4385018,Factory,,
Belgium,Q31,http://www.wikidata.org/entity/Q4452099,Q4452099,Factory,,
Belgium,Q31,http://www.wikidata.org/entity/Q4808509,Q4808509,Factory,,
Belgium,Q31,http://www.wikidata.org/entity/Q5061478,Q5061478,Factory,,
Belgium,Q31,http://www.wikidata.org/entity/Q5317694,Q5317694,Factory,,
Belgium,Q31,http://www.wikidata.org/entity/Q5364150,Q5364150,Factory,,
Belgium,Q31,http://www.wikidata.org/entity/Q5505372,Q5505372,Factory,,
Belgium,Q31,http://www.wikidata.org/entity/Q3930531,Brouwerij Dupont,Factory,,
Belgium,Q31,http://www.wikidata.org/entity/Q3139291,Q3139291,Factory,,
Belgium,Q31,http://www.wikidata.org/entity/Q2651625,Brouwerij Anders!,Factory,,
Belgium,Q31,http://www.wikidata.org/entity/Q2688067,Gruut brewery,Factory,,
Belgium,Q31,http://www.wikidata.org/entity/Q2768133,Lupulus brewery,Factory,,
Belgium,Q31,http://www.wikidata.org/entity/Q2782232,Brasserie d'Écaussinnes,Factory,,
Belgium,Q31,http://www.wikidata.org/entity/Q2798725,Brewery De Graal,Factory,,
Belgium,Q31,http://www.wikidata.org/entity/Q2799401,Brasserie Du Bocq,Factory,,
Belgium,Q31,http://www.wikidata.org/entity/Q2855164,Brasserie du Val de Sambre,Factory,,
Belgium,Q31,http://www.wikidata.org/entity/Q2897076,Brouwerij Deca,Factory,,
Belgium,Q31,http://www.wikidata.org/entity/Q3127438,De Plukker brewery,Factory,,
Belgium,Q31,http://www.wikidata.org/entity/Q3158174,Brouwerij Bayard,Factory,,
Belgium,Q31,http://www.wikidata.org/entity/Q3429306,Brouwerij Van Havermaet,Factory,,
Belgium,Q31,http://www.wikidata.org/entity/Q3475578,Schwarze & Schlichte,Factory,,
Belgium,Q31,http://www.wikidata.org/entity/Q3904501,brasserie Sainte-Hélène,Factory,,
Belgium,Q31,http://www.wikidata.org/entity/Q3950417,Brouwerij Ganda,Factory,,
Belgium,Q31,http://www.wikidata.org/entity/Q4284694,Brouwerij Facon,Factory,,
Belgium,Q31,http://www.wikidata.org/entity/Q4312328,Maenhout Brewery,Factory,,
Belgium,Q31,http://www.wikidata.org/entity/Q4357334,Brasserie Grain d'Orge (Hombourg),Factory,,
Belgium,Q31,http://www.wikidata.org/entity/Q4489143,Cornelissen Brouwerij,Factory,,
Belgium,Q31,http://www.wikidata.org/entity/Q6272191,Interbrew,Factory,,
Belgium,Q31,http://www.wikidata.org/entity/Q5022565,Q5022565,Factory,,
Belgium,Q31,http://www.wikidata.org/entity/Q1933115,Q1933115,Factory,,
Belgium,Q31,http://www.wikidata.org/entity/Q108219808,Filature Nouvelle Orléans,Factory,,
Belgium,Q31,http://www.wikidata.org/entity/Q108219811,Frans De Vos & Voortman,Factory,,
Belgium,Q31,http://www.wikidata.org/entity/Q108219831,Anciens Etablissements Pipyn,Factory,,
Belgium,Q31,http://www.wikidata.org/entity/Q110084919,Manufacture Royale,Factory,,
Belgium,Q31,http://www.wikidata.org/entity/Q110085010,Le Soleil,Factory,,
Belgium,Q31,http://www.wikidata.org/entity/Q110305426,Frères Boch,Factory,,
Belgium,Q31,http://www.wikidata.org/entity/Q110551238,De Heyder en Co,Factory,,
Belgium,Q31,http://www.wikidata.org/entity/Q18654927,Carcoke (Tertre),Factory,,
Belgium,Q31,http://www.wikidata.org/entity/Q387897,Duvel Moortgat Brewery,Factory,,
Belgium,Q31,http://www.wikidata.org/entity/Q116859708,Geens Benelux,Factory,,
Belgium,Q31,http://www.wikidata.org/entity/Q2110842,Q2110842,Factory,,
Belgium,Q31,http://www.wikidata.org/entity/Q124256618,Verstraete,Factory,,
Belgium,Q31,http://www.wikidata.org/entity/Q855563,Rochefort,Factory,,
Belgium,Q31,http://www.wikidata.org/entity/Q124750245,VVM Rieme,Factory,,
Belgium,Q31,http://www.wikidata.org/entity/Q124750260,VVM Antwerpen,Factory,,
Belgium,Q31,http://www.wikidata.org/entity/Q92083160,Q92083160,Factory,,
Belgium,Q31,http://www.wikidata.org/entity/Q16542839,Q16542839,Factory,,
Belgium,Q31,http://www.wikidata.org/entity/Q19974037,Q19974037,Factory,,
Belgium,Q31,http://www.wikidata.org/entity/Q98073219,Assur Carpets-Deweer N.V.,Factory,,
Belgium,Q31,http://www.wikidata.org/entity/Q2194733,Philips Hasselt,Factory,,
Belgium,Q31,http://www.wikidata.org/entity/Q2709422,Poudredrie Royale De Wetteren,Factory,,
Belgium,Q31,http://www.wikidata.org/entity/Q14141568,Polak & Schwarz,Factory,,
Belgium,Q31,http://www.wikidata.org/entity/Q3552686,Ragheno,Factory,,
Belgium,Q31,http://www.wikidata.org/entity/Q125117026,Verbreyt Gebroeders,Factory,,
Belgium,Q31,http://www.wikidata.org/entity/Q18016294,Ateliers de Construction Mécaniques de Tirlemont,Factory,,
Belgium,Q31,http://www.wikidata.org/entity/Q18654945,Kuhlmann,Factory,,
Belgium,Q31,http://www.wikidata.org/entity/Q610086,Achel Brewery,Factory,,
Belgium,Q31,http://www.wikidata.org/entity/Q49581187,Q49581187,Factory,,
Belgium,Q31,http://www.wikidata.org/entity/Q773164,Alken-Maes,Factory,,
Belgium,Q31,http://www.wikidata.org/entity/Q61868451,Q61868451,Factory,,
Belgium,Q31,http://www.wikidata.org/entity/Q111263209,Printery of G. Stapleaux,Factory,,
Belgium,Q31,http://www.wikidata.org/entity/Q2207286,Urthel brewery,Factory,,
Belgium,Q31,http://www.wikidata.org/entity/Q42742276,Brewery Corsendonk,Factory,,
Belgium,Q31,http://www.wikidata.org/entity/Q49777524,Dupire,Factory,,
Belgium,Q31,http://www.wikidata.org/entity/Q61868348,Hemiksem,Factory,,
Belgium,Q31,http://www.wikidata.org/entity/Q49581207,"Van Acker, textielfabriek te Gent",Factory,,
Belgium,Q31,http://www.wikidata.org/entity/Q49581217,"Vanderhaeghen, textielfabriek in Gent",Factory,,
Belgium,Q31,http://www.wikidata.org/entity/Q49778077,Weverij José De Ven,Factory,,
Belgium,Q31,http://www.wikidata.org/entity/Q49788745,Spinnerij-Weverij Cambier-Robette,Factory,,
Belgium,Q31,http://www.wikidata.org/entity/Q49960820,Les Ateliers de Construction de Willebroek,Factory,,
Belgium,Q31,http://www.wikidata.org/entity/Q49960813,Suikerfabriek Moerbeke-Waas N.V.,Factory,,
Belgium,Q31,http://www.wikidata.org/entity/Q50252386,Tabaksfabriek Lebbe-Thevelin,Factory,,
Belgium,Q31,http://www.wikidata.org/entity/Q134732629,Q134732629,Factory,,
Belgium,Q31,http://www.wikidata.org/entity/Q109404263,Helman,Factory,,
Belgium,Q31,http://www.wikidata.org/entity/Q109404236,Bree Ceramiek,Factory,,
Belgium,Q31,http://www.wikidata.org/entity/Q3552639,Usine d'Athus,Factory,,
Belgium,Q31,http://www.wikidata.org/entity/Q105476253,Q105476253,Factory,,
Belgium,Q31,http://www.wikidata.org/entity/Q103250176,Union des Fabriques Belges de Textiles Artificiels,Factory,,
Belgium,Q31,http://www.wikidata.org/entity/Q112669218,Q112669218,Factory,,
Belgium,Q31,http://www.wikidata.org/entity/Q113644055,Q113644055,Factory,,
Belgium,Q31,http://www.wikidata.org/entity/Q134732544,Q134732544,Factory,,
Belgium,Q31,http://www.wikidata.org/entity/Q134732584,Q134732584,Factory,,
Belgium,Q31,http://www.wikidata.org/entity/Q134732545,Q134732545,Factory,,
Belgium,Q31,http://www.wikidata.org/entity/Q134732550,Q134732550,Factory,,
Belgium,Q31,http://www.wikidata.org/entity/Q134732582,Q134732582,Factory,,
Belgium,Q31,http://www.wikidata.org/entity/Q134732580,Q134732580,Factory,,
Belgium,Q31,http://www.wikidata.org/entity/Q134732581,Q134732581,Factory,,
Belgium,Q31,http://www.wikidata.org/entity/Q134732587,Q134732587,Factory,,
Belgium,Q31,http://www.wikidata.org/entity/Q134732590,Q134732590,Factory,,
Belgium,Q31,http://www.wikidata.org/entity/Q134732585,Q134732585,Factory,,
Belgium,Q31,http://www.wikidata.org/entity/Q134732630,Q134732630,Factory,,
Belgium,Q31,http://www.wikidata.org/entity/Q134732631,Q134732631,Factory,,
Belgium,Q31,http://www.wikidata.org/entity/Q134732634,Q134732634,Factory,,
Belgium,Q31,http://www.wikidata.org/entity/Q134732632,Q134732632,Factory,,
Belgium,Q31,http://www.wikidata.org/entity/Q134732633,Q134732633,Factory,,
Belgium,Q31,http://www.wikidata.org/entity/Q134732638,Q134732638,Factory,,
Belgium,Q31,http://www.wikidata.org/entity/Q134732636,Q134732636,Factory,,
Belgium,Q31,http://www.wikidata.org/entity/Q134732642,Q134732642,Factory,,
Belgium,Q31,http://www.wikidata.org/entity/Q134732643,Q134732643,Factory,,
Belgium,Q31,http://www.wikidata.org/entity/Q134732640,Q134732640,Factory,,
Belgium,Q31,http://www.wikidata.org/entity/Q134732641,Q134732641,Factory,,
Belgium,Q31,http://www.wikidata.org/entity/Q134732644,Q134732644,Factory,,
Belgium,Q31,http://www.wikidata.org/entity/Q134732583,Q134732583,Factory,,
Belgium,Q31,http://www.wikidata.org/entity/Q134732579,Q134732579,Factory,,
Belgium,Q31,http://www.wikidata.org/entity/Q134732602,Q134732602,Factory,,
Belgium,Q31,http://www.wikidata.org/entity/Q134732603,Q134732603,Factory,,
Belgium,Q31,http://www.wikidata.org/entity/Q134732604,Q134732604,Factory,,
Belgium,Q31,http://www.wikidata.org/entity/Q134732598,Q134732598,Factory,,
Belgium,Q31,http://www.wikidata.org/entity/Q134732599,Q134732599,Factory,,
Belgium,Q31,http://www.wikidata.org/entity/Q134732600,Q134732600,Factory,,
Belgium,Q31,http://www.wikidata.org/entity/Q134732601,Q134732601,Factory,,
Belgium,Q31,http://www.wikidata.org/entity/Q134732607,Q134732607,Factory,,
Belgium,Q31,http://www.wikidata.org/entity/Q134732610,Q134732610,Factory,,
Belgium,Q31,http://www.wikidata.org/entity/Q134732611,Q134732611,Factory,,
Belgium,Q31,http://www.wikidata.org/entity/Q134732613,Q134732613,Factory,,
Belgium,Q31,http://www.wikidata.org/entity/Q134732619,Q134732619,Factory,,
Belgium,Q31,http://www.wikidata.org/entity/Q134732622,Q134732622,Factory,,
Belgium,Q31,http://www.wikidata.org/entity/Q134732620,Q134732620,Factory,,
Belgium,Q31,http://www.wikidata.org/entity/Q134732570,Q134732570,Factory,,
Belgium,Q31,http://www.wikidata.org/entity/Q134732569,Q134732569,Factory,,
Belgium,Q31,http://www.wikidata.org/entity/Q134732574,Q134732574,Factory,,
Belgium,Q31,http://www.wikidata.org/entity/Q134732575,Q134732575,Factory,,
Belgium,Q31,http://www.wikidata.org/entity/Q134732572,Q134732572,Factory,,
Belgium,Q31,http://www.wikidata.org/entity/Q134732578,Q134732578,Factory,,
Belgium,Q31,http://www.wikidata.org/entity/Q134732577,Q134732577,Factory,,
Belgium,Q31,http://www.wikidata.org/entity/Q134732586,Q134732586,Factory,,
Belgium,Q31,http://www.wikidata.org/entity/Q134732591,Q134732591,Factory,,
Belgium,Q31,http://www.wikidata.org/entity/Q134732588,Q134732588,Factory,,
Belgium,Q31,http://www.wikidata.org/entity/Q134732589,Q134732589,Factory,,
Belgium,Q31,http://www.wikidata.org/entity/Q134732594,Q134732594,Factory,,
Belgium,Q31,http://www.wikidata.org/entity/Q134732595,Q134732595,Factory,,
Belgium,Q31,http://www.wikidata.org/entity/Q134732592,Q134732592,Factory,,
Belgium,Q31,http://www.wikidata.org/entity/Q134732593,Q134732593,Factory,,
Belgium,Q31,http://www.wikidata.org/entity/Q134732596,Q134732596,Factory,,
Belgium,Q31,http://www.wikidata.org/entity/Q134732568,Q134732568,Factory,,
Belgium,Q31,http://www.wikidata.org/entity/Q134176770,Q134176770,Factory,,
Belgium,Q31,http://www.wikidata.org/entity/Q13445070,Q13445070,Factory,,
Belgium,Q31,http://www.wikidata.org/entity/Q13445071,Q13445071,Factory,,
Belgium,Q31,http://www.wikidata.org/entity/Q13445073,Q13445073,Factory,,
Belgium,Q31,http://www.wikidata.org/entity/Q13445534,Q13445534,Factory,,
Belgium,Q31,http://www.wikidata.org/entity/Q13445535,Q13445535,Factory,,
Belgium,Q31,http://www.wikidata.org/entity/Q13445536,Q13445536,Factory,,
Belgium,Q31,http://www.wikidata.org/entity/Q13445547,Q13445547,Factory,,
Belgium,Q31,http://www.wikidata.org/entity/Q13445544,Q13445544,Factory,,
Belgium,Q31,http://www.wikidata.org/entity/Q13445554,Q13445554,Factory,,
Belgium,Q31,http://www.wikidata.org/entity/Q13445558,Q13445558,Factory,,
Belgium,Q31,http://www.wikidata.org/entity/Q13445563,Q13445563,Factory,,
Belgium,Q31,http://www.wikidata.org/entity/Q13445570,Q13445570,Factory,,
Belgium,Q31,http://www.wikidata.org/entity/Q13445568,Q13445568,Factory,,
Belgium,Q31,http://www.wikidata.org/entity/Q13445569,Q13445569,Factory,,
Belgium,Q31,http://www.wikidata.org/entity/Q13445580,Q13445580,Factory,,
Belgium,Q31,http://www.wikidata.org/entity/Q13492582,Q13492582,Factory,,
Belgium,Q31,http://www.wikidata.org/entity/Q13569358,Q13569358,Factory,,
Belgium,Q31,http://www.wikidata.org/entity/Q13569359,Q13569359,Factory,,
Belgium,Q31,http://www.wikidata.org/entity/Q13569360,Q13569360,Factory,,
Belgium,Q31,http://www.wikidata.org/entity/Q13571345,Q13571345,Factory,,
Belgium,Q31,http://www.wikidata.org/entity/Q13574109,Q13574109,Factory,,
Belgium,Q31,http://www.wikidata.org/entity/Q14624017,Q14624017,Factory,,
Belgium,Q31,http://www.wikidata.org/entity/Q15874263,Q15874263,Factory,,
Belgium,Q31,http://www.wikidata.org/entity/Q13445075,Silenrieux brewery,Factory,,
Belgium,Q31,http://www.wikidata.org/entity/Q13445530,Brouwerij 't Paenhuys,Factory,,
Belgium,Q31,http://www.wikidata.org/entity/Q13445529,Brouwerij 't Gaverhopke,Factory,,
Belgium,Q31,http://www.wikidata.org/entity/Q13445557,Brouwerij De Schepper,Factory,,
Belgium,Q31,http://www.wikidata.org/entity/Q13729028,Huisbrouwerij Den Tseut,Factory,,
Belgium,Q31,http://www.wikidata.org/entity/Q15873556,Brewery Wielemans-Ceuppens,Factory,,
Belgium,Q31,http://www.wikidata.org/entity/Q13569398,Q13569398,Factory,,
Belgium,Q31,http://www.wikidata.org/entity/Q109404243,"Pavillons, s.a. Faïenceries, Céramique et Verreries des",Factory,,
Belgium,Q31,http://www.wikidata.org/entity/Q109404242,Ceramiekproducten de Dijle,Factory,,
Belgium,Q31,http://www.wikidata.org/entity/Q109404244,Céramique nationale de Welckenraedt,Factory,,
Belgium,Q31,http://www.wikidata.org/entity/Q109404286,izegem,Factory,,
Belgium,Q31,http://www.wikidata.org/entity/Q109404296,Le Glaive,Factory,,
Belgium,Q31,http://www.wikidata.org/entity/Q109404330,roeselare,Factory,,
Belgium,Q31,http://www.wikidata.org/entity/Q123534036,Q123534036,Factory,,
Belgium,Q31,http://www.wikidata.org/entity/Q123534041,Q123534041,Factory,,
Belgium,Q31,http://www.wikidata.org/entity/Q123534048,Q123534048,Factory,,
Belgium,Q31,http://www.wikidata.org/entity/Q123534054,Q123534054,Factory,,
Belgium,Q31,http://www.wikidata.org/entity/Q123534058,Q123534058,Factory,,
Belgium,Q31,http://www.wikidata.org/entity/Q123534088,Q123534088,Factory,,
Belgium,Q31,http://www.wikidata.org/entity/Q123534094,Q123534094,Factory,,
Belgium,Q31,http://www.wikidata.org/entity/Q84422293,Gilliot et C°,Factory,,
Belgium,Q31,http://www.wikidata.org/entity/Q1838985,Q1838985,Factory,,
Belgium,Q31,http://www.wikidata.org/entity/Q1855060,Q1855060,Factory,,
Belgium,Q31,http://www.wikidata.org/entity/Q1857771,Q1857771,Factory,,
Belgium,Q31,http://www.wikidata.org/entity/Q1863913,Q1863913,Factory,,
Belgium,Q31,http://www.wikidata.org/entity/Q1867796,Q1867796,Factory,,
Belgium,Q31,http://www.wikidata.org/entity/Q1915127,Q1915127,Factory,,
Belgium,Q31,http://www.wikidata.org/entity/Q1954354,Q1954354,Factory,,
Belgium,Q31,http://www.wikidata.org/entity/Q2002474,Q2002474,Factory,,
Belgium,Q31,http://www.wikidata.org/entity/Q2023460,Q2023460,Factory,,
Belgium,Q31,http://www.wikidata.org/entity/Q2031287,Q2031287,Factory,,
Belgium,Q31,http://www.wikidata.org/entity/Q2086194,Q2086194,Factory,,
Belgium,Q31,http://www.wikidata.org/entity/Q2104172,Q2104172,Factory,,
Belgium,Q31,http://www.wikidata.org/entity/Q2113177,Q2113177,Factory,,
Belgium,Q31,http://www.wikidata.org/entity/Q2131489,Q2131489,Factory,,
Belgium,Q31,http://www.wikidata.org/entity/Q2133648,Q2133648,Factory,,
Belgium,Q31,http://www.wikidata.org/entity/Q2147414,Q2147414,Factory,,
Belgium,Q31,http://www.wikidata.org/entity/Q2156279,Q2156279,Factory,,
Belgium,Q31,http://www.wikidata.org/entity/Q2169388,Q2169388,Factory,,
Belgium,Q31,http://www.wikidata.org/entity/Q2185375,Q2185375,Factory,,
Belgium,Q31,http://www.wikidata.org/entity/Q2190856,Q2190856,Factory,,
Belgium,Q31,http://www.wikidata.org/entity/Q2194731,Q2194731,Factory,,
Belgium,Q31,http://www.wikidata.org/entity/Q2297382,Q2297382,Factory,,
Belgium,Q31,http://www.wikidata.org/entity/Q2300343,Q2300343,Factory,,
Belgium,Q31,http://www.wikidata.org/entity/Q2325376,Q2325376,Factory,,
Belgium,Q31,http://www.wikidata.org/entity/Q2334744,Q2334744,Factory,,
Belgium,Q31,http://www.wikidata.org/entity/Q2404773,Q2404773,Factory,,
Belgium,Q31,http://www.wikidata.org/entity/Q2412997,Q2412997,Factory,,
Belgium,Q31,http://www.wikidata.org/entity/Q2426372,Q2426372,Factory,,
Belgium,Q31,http://www.wikidata.org/entity/Q2434107,Q2434107,Factory,,
Belgium,Q31,http://www.wikidata.org/entity/Q2486496,Q2486496,Factory,,
Belgium,Q31,http://www.wikidata.org/entity/Q2319855,Brouwerij De Wever,Factory,,
Belgium,Q31,http://www.wikidata.org/entity/Q2327521,Brasserie Saint-Monon,Factory,,
Belgium,Q31,http://www.wikidata.org/entity/Q1144830,Westmalle Brewery,Factory,,
Belgium,Q31,http://www.wikidata.org/entity/Q1164954,Dubuisson Brewery,Factory,,
Belgium,Q31,http://www.wikidata.org/entity/Q1368052,Westvleteren Brewery,Factory,,
Belgium,Q31,http://www.wikidata.org/entity/Q1567552,Palm Breweries,Factory,,
Belgium,Q31,http://www.wikidata.org/entity/Q1868711,Girardin Brewery,Factory,,
Belgium,Q31,http://www.wikidata.org/entity/Q1632494,Huyghe Brewery,Factory,,
Belgium,Q31,http://www.wikidata.org/entity/Q2018665,Brouwerij Boelens,Factory,,
Belgium,Q31,http://www.wikidata.org/entity/Q2037266,Huisbrouwerij Sint Canarus,Factory,,
Belgium,Q31,http://www.wikidata.org/entity/Q2080347,Brouwerij Jack-Op,Factory,,
Belgium,Q31,http://www.wikidata.org/entity/Q2104945,Brasserie Caracole,Factory,,
Belgium,Q31,http://www.wikidata.org/entity/Q2156377,La Binchoise,Factory,,
Belgium,Q31,http://www.wikidata.org/entity/Q2196984,Brasserie de la Senne,Factory,,
Belgium,Q31,http://www.wikidata.org/entity/Q2343962,Haacht,Factory,,
Belgium,Q31,http://www.wikidata.org/entity/Q2206530,Piedboeuf Brewery,Factory,,
Belgium,Q31,http://www.wikidata.org/entity/Q2210147,Brewery Domus,Factory,,
Belgium,Q31,http://www.wikidata.org/entity/Q2259011,Brasserie à vapeur,Factory,,
Belgium,Q31,http://www.wikidata.org/entity/Q2291152,Brewery Verhaeghe,Factory,,
Belgium,Q31,http://www.wikidata.org/entity/Q2314890,Brasserie des Fagnes,Factory,,
Belgium,Q31,http://www.wikidata.org/entity/Q2348768,'t Hofbrouwerijke,Factory,,
Belgium,Q31,http://www.wikidata.org/entity/Q2350495,Smisje Brewery,Factory,,
Belgium,Q31,http://www.wikidata.org/entity/Q2357033,Brouwerij Sterkens,Factory,,
Belgium,Q31,http://www.wikidata.org/entity/Q2369075,Rodenbach Brewery,Factory,,
Belgium,Q31,http://www.wikidata.org/entity/Q2398339,Fantôme Brewery,Factory,,
Belgium,Q31,http://www.wikidata.org/entity/Q2424921,Brasserie de Silly,Factory,,
Belgium,Q31,http://www.wikidata.org/entity/Q2469010,Cinema De Keizer,Factory,,
Belgium,Q31,http://www.wikidata.org/entity/Q2473404,Brouwerij Dilewyns,Factory,,
Belgium,Q31,http://www.wikidata.org/entity/Q2476595,Brouwerij Zeeberg,Factory,,
Belgium,Q31,http://www.wikidata.org/entity/Q2496042,Brouwerij Den Hopperd,Factory,,
Belgium,Q31,http://www.wikidata.org/entity/Q2449451,Brewery Schelde,Factory,,
Belgium,Q31,http://www.wikidata.org/entity/Q2450757,Val-Dieu,Factory,,
Belgium,Q31,http://www.wikidata.org/entity/Q860761,Chimay Brewery,Factory,,
Belgium,Q31,http://www.wikidata.org/entity/Q2068870,Brasserie des Légendes,Factory,,
Belgium,Q31,http://www.wikidata.org/entity/Q122727943,Q122727943,Factory,,
Belgium,Q31,http://www.wikidata.org/entity/Q20049261,Q20049261,Factory,,
Belgium,Q31,http://www.wikidata.org/entity/Q20054838,Q20054838,Factory,,
Belgium,Q31,http://www.wikidata.org/entity/Q20992297,Q20992297,Factory,,
Belgium,Q31,http://www.wikidata.org/entity/Q20991782,Q20991782,Factory,,
Belgium,Q31,http://www.wikidata.org/entity/Q28659097,Q28659097,Factory,,
Belgium,Q31,http://www.wikidata.org/entity/Q21281423,Q21281423,Factory,,
Belgium,Q31,http://www.wikidata.org/entity/Q21281421,Q21281421,Factory,,
Belgium,Q31,http://www.wikidata.org/entity/Q20992296,Brouwerij De Brabandere,Factory,,
Belgium,Q31,http://www.wikidata.org/entity/Q26257913,Belgian Beer of Wallonia,Factory,,
Belgium,Q31,http://www.wikidata.org/entity/Q26865620,Antwerp Brew Company,Factory,,
Belgium,Q31,http://www.wikidata.org/entity/Q28565226,Brouwerij Verkest,Factory,,
Belgium,Q31,http://www.wikidata.org/entity/Q66762535,Q66762535,Factory,,
Belgium,Q31,http://www.wikidata.org/entity/Q43146509,Orval Brewery,Factory,,
Belgium,Q31,http://www.wikidata.org/entity/Q47188494,Oude Brouwerij van Viersel,Factory,,
Belgium,Q31,http://www.wikidata.org/entity/Q49961254,Brouwerij R. Van Roy & Cie NV,Factory,,
Belgium,Q31,http://www.wikidata.org/entity/Q49968731,Brouwerij Naus Oudenaarde,Factory,,
Belgium,Q31,http://www.wikidata.org/entity/Q106867362,Ceresia brewery,Factory,,
Belgium,Q31,http://www.wikidata.org/entity/Q92083149,Q92083149,Factory,,
Belgium,Q31,http://www.wikidata.org/entity/Q95627074,Q95627074,Factory,,
Belgium,Q31,http://www.wikidata.org/entity/Q105363115,Q105363115,Factory,,
Belgium,Q31,http://www.wikidata.org/entity/Q105958470,Q105958470,Factory,,
Belgium,Q31,http://www.wikidata.org/entity/Q106987779,Q106987779,Factory,,
Belgium,Q31,http://www.wikidata.org/entity/Q110734883,Q110734883,Factory,,
Belgium,Q31,http://www.wikidata.org/entity/Q105925676,Brouwerij Jacobs,Factory,,
Belgium,Q31,http://www.wikidata.org/entity/Q111144413,Q111144413,Factory,,
Belgium,Q31,http://www.wikidata.org/entity/Q114839732,Q114839732,Factory,,
Belgium,Q31,http://www.wikidata.org/entity/Q114839733,Q114839733,Factory,,
Belgium,Q31,http://www.wikidata.org/entity/Q111188370,Hoevebrouwers,Factory,,
Belgium,Q31,http://www.wikidata.org/entity/Q111699900,Brewery ’t Verzet,Factory,,
Belgium,Q31,http://www.wikidata.org/entity/Q19974108,Q19974108,Factory,,
Belgium,Q31,http://www.wikidata.org/entity/Q123556265,Workshop Em. Vandenhoute,Factory,,
Belgium,Q31,http://www.wikidata.org/entity/Q2127034,Q2127034,Factory,,
Belgium,Q31,http://www.wikidata.org/entity/Q2294539,Q2294539,Factory,,
Belgium,Q31,http://www.wikidata.org/entity/Q124335688,De Waele,Factory,,
Belgium,Q31,http://www.wikidata.org/entity/Q2529616,Q2529616,Factory,,
Belgium,Q31,http://www.wikidata.org/entity/Q2550427,Q2550427,Factory,,
Belgium,Q31,http://www.wikidata.org/entity/Q2579855,Q2579855,Factory,,
Belgium,Q31,http://www.wikidata.org/entity/Q2588994,Q2588994,Factory,,
Belgium,Q31,http://www.wikidata.org/entity/Q2603962,Q2603962,Factory,,
Belgium,Q31,http://www.wikidata.org/entity/Q2635939,Q2635939,Factory,,
Belgium,Q31,http://www.wikidata.org/entity/Q124623665,Brouwerij Eylenbosch,Factory,,
Belgium,Q31,http://www.wikidata.org/entity/Q124623812,Brouwerij Kestemont,Factory,,
Belgium,Q31,http://www.wikidata.org/entity/Q125946622,Aerts (tapestry weaving mill),Factory,,
Belgium,Q31,http://www.wikidata.org/entity/Q126194750,"De Samblanx brothers, atelier",Factory,,
Belgium,Q31,http://www.wikidata.org/entity/Q56320985,Q56320985,Factory,,
Belgium,Q31,http://www.wikidata.org/entity/Q92166008,Q92166008,Factory,,
Belgium,Q31,http://www.wikidata.org/entity/Q92166573,Q92166573,Factory,,
Belgium,Q31,http://www.wikidata.org/entity/Q92169341,Q92169341,Factory,,
Belgium,Q31,http://www.wikidata.org/entity/Q18011747,Q18011747,Factory,,
Belgium,Q31,http://www.wikidata.org/entity/Q18011751,Q18011751,Factory,,
Belgium,Q31,http://www.wikidata.org/entity/Q18011748,Q18011748,Factory,,
Belgium,Q31,http://www.wikidata.org/entity/Q18011755,Q18011755,Factory,,
Belgium,Q31,http://www.wikidata.org/entity/Q18011753,Q18011753,Factory,,
Belgium,Q31,http://www.wikidata.org/entity/Q18011758,Q18011758,Factory,,
Belgium,Q31,http://www.wikidata.org/entity/Q18923405,Q18923405,Factory,,
Belgium,Q31,http://www.wikidata.org/entity/Q19606242,Q19606242,Factory,,
Belgium,Q31,http://www.wikidata.org/entity/Q19606240,Q19606240,Factory,,
Belgium,Q31,http://www.wikidata.org/entity/Q19606241,Q19606241,Factory,,
Belgium,Q31,http://www.wikidata.org/entity/Q1410111,Lindemans Brewery,Factory,,
Belgium,Q31,http://www.wikidata.org/entity/Q2168329,Brewery Mort Subite,Factory,,
Belgium,Q31,http://www.wikidata.org/entity/Q2546411,Brouwerij Krüger,Factory,,
Belgium,Q31,http://www.wikidata.org/entity/Q2549978,Martinas brewery,Factory,,
Belgium,Q31,http://www.wikidata.org/entity/Q2564899,De Bie Brewery,Factory,,
Belgium,Q31,http://www.wikidata.org/entity/Q2572560,Brouwerij Het Nest,Factory,,
Belgium,Q31,http://www.wikidata.org/entity/Q2599465,Brouwerij Het Alternatief,Factory,,
Belgium,Q31,http://www.wikidata.org/entity/Q2620189,Brewery De Dochter van de Korenaar,Factory,,
Belgium,Q31,http://www.wikidata.org/entity/Q3033355,Brouwerij 3 Fonteinen,Factory,,
Belgium,Q31,http://www.wikidata.org/entity/Q18654934,Cokeries d'Anderlues,Factory,,
Belgium,Q31,http://www.wikidata.org/entity/Q18654933,Cokerie Flémalle,Factory,,
Belgium,Q31,http://www.wikidata.org/entity/Q22343132,Gueuzerie Tilquin,Factory,,
Belgium,Q31,http://www.wikidata.org/entity/Q116694283,Brandi,Factory,,
Belgium,Q31,http://www.wikidata.org/entity/Q60061515,Q60061515,Factory,,
Belgium,Q31,http://www.wikidata.org/entity/Q132540682,Driegelinck,Factory,,
Belgium,Q31,http://www.wikidata.org/entity/Q49788293,Spinnerij van Coppenolle M. en L. Dupuis,Factory,,
Belgium,Q31,http://www.wikidata.org/entity/Q49788283,Weverij Dopchie - Vermeulen,Factory,,
Belgium,Q31,http://www.wikidata.org/entity/Q49788329,Tissage De Louise - Marie,Factory,,
Belgium,Q31,http://www.wikidata.org/entity/Q49788301,Weverij Geenen R. en A.,Factory,,
Belgium,Q31,http://www.wikidata.org/entity/Q49788309,Weverij Geenens-Bellinck,Factory,,
Belgium,Q31,http://www.wikidata.org/entity/Q49788319,Weverij Vandendriessche E.-Vanderstraeten,Factory,,
Belgium,Q31,http://www.wikidata.org/entity/Q49788336,Weverij Etablissements Vanderhaegen,Factory,,
Belgium,Q31,http://www.wikidata.org/entity/Q49788347,Weverij Velghe Paul et Soeurs,Factory,,
Belgium,Q31,http://www.wikidata.org/entity/Q49788373,Weverij-Ververij Derniest en Vangrootenbrul,Factory,,
Belgium,Q31,http://www.wikidata.org/entity/Q49788392,Weverij Devacht Romain-Denonne,Factory,,
Belgium,Q31,http://www.wikidata.org/entity/Q49788401,Weverij Torcq Louis en Antrop Vital,Factory,,
Belgium,Q31,http://www.wikidata.org/entity/Q49788463,Twijnderij en weverij L'Industrie Textile S.A. (Anc. F. Kerkhove-Debaets),Factory,,
Belgium,Q31,http://www.wikidata.org/entity/Q52226600,N.V. Primus Schoenfabriek,Factory,,
Belgium,Q31,http://www.wikidata.org/entity/Q116694853,Montplaisir,Factory,,
Belgium,Q31,http://www.wikidata.org/entity/Q116694273,Achelse Kluis,Factory,,
Belgium,Q31,http://www.wikidata.org/entity/Q123534536,Q123534536,Factory,,
Belgium,Q31,http://www.wikidata.org/entity/Q123534827,Q123534827,Factory,,
Belgium,Q31,http://www.wikidata.org/entity/Q123535296,Q123535296,Factory,,
Belgium,Q31,http://www.wikidata.org/entity/Q123535420,Q123535420,Factory,,
Belgium,Q31,http://www.wikidata.org/entity/Q123535635,Q123535635,Factory,,
Belgium,Q31,http://www.wikidata.org/entity/Q123535724,Q123535724,Factory,,
Belgium,Q31,http://www.wikidata.org/entity/Q124257406,Q124257406,Factory,,
Belgium,Q31,http://www.wikidata.org/entity/Q124248441,Monarca,Factory,,
Belgium,Q31,http://www.wikidata.org/entity/Q116694410,"Tiberghien, Geo.",Factory,,
Belgium,Q31,http://www.wikidata.org/entity/Q116694824,Distillerie du Cornet de Poste,Factory,,
Belgium,Q31,http://www.wikidata.org/entity/Q116694825,Distillerie du Progrès,Factory,,
Belgium,Q31,http://www.wikidata.org/entity/Q118831825,Belgium Peak Beer,Factory,,
Belgium,Q31,http://www.wikidata.org/entity/Q2128143,Q2128143,Factory,,
Belgium,Q31,http://www.wikidata.org/entity/Q122811306,Q122811306,Factory,,
Belgium,Q31,http://www.wikidata.org/entity/Q52225935,Fontaine,Factory,,
Belgium,Q31,http://www.wikidata.org/entity/Q2398832,Q2398832,Factory,,
Belgium,Q31,http://www.wikidata.org/entity/Q1184173,Delhaize,Factory,,
Belgium,Q31,http://www.wikidata.org/entity/Q2363991,Colruyt,Factory,,
Belgium,Q31,http://www.wikidata.org/entity/Q2347054,Koninklijke Nederlandsche Gist- en Spiritusfabriek,Factory,,
Belgium,Q31,http://www.wikidata.org/entity/Q116694275,Alias & St.-Guidon,Factory,,
Belgium,Q31,http://www.wikidata.org/entity/Q116694295,Croon,Factory,,
Belgium,Q31,http://www.wikidata.org/entity/Q116694274,Agra,Factory,,
Belgium,Q31,http://www.wikidata.org/entity/Q13642803,Q13642803,Factory,,
Belgium,Q31,http://www.wikidata.org/entity/Q52225930,"Likeurstokerij Looienga, Hasselt",Factory,,
Belgium,Q31,http://www.wikidata.org/entity/Q52225953,Likeurstokerij/winkel Simoens-Janssens in Antwerpen,Factory,,
Belgium,Q31,http://www.wikidata.org/entity/Q116694288,"Claesen, H.",Factory,,
Belgium,Q31,http://www.wikidata.org/entity/Q116694287,"Claes, Charles",Factory,,
Belgium,Q31,http://www.wikidata.org/entity/Q116694305,"Keymeulen, R. V.",Factory,,
Belgium,Q31,http://www.wikidata.org/entity/Q116694281,"Bekaert, Th.",Factory,,
Belgium,Q31,http://www.wikidata.org/entity/Q116694285,Brunar,Factory,,
Belgium,Q31,http://www.wikidata.org/entity/Q116694303,"Mouliez-Busschaert, Médard",Factory,,
Belgium,Q31,http://www.wikidata.org/entity/Q109764040,Société Louis Zoude et Cie,Factory,,
Belgium,Q31,http://www.wikidata.org/entity/Q116694276,Arthur Dony & Cie,Factory,,
Belgium,Q31,http://www.wikidata.org/entity/Q116694280,Bauwens,Factory,,
Belgium,Q31,http://www.wikidata.org/entity/Q116694282,"Berkenbosch, Th.",Factory,,
Belgium,Q31,http://www.wikidata.org/entity/Q116694284,Breuval,Factory,,
Belgium,Q31,http://www.wikidata.org/entity/Q116694286,"Cinzano & Cie., F.",Factory,,
Belgium,Q31,http://www.wikidata.org/entity/Q116694294,Crabbe-Ameye,Factory,,
Belgium,Q31,http://www.wikidata.org/entity/Q116694293,Coulier,Factory,,
Belgium,Q31,http://www.wikidata.org/entity/Q116694297,"Cuvelier, L. B.",Factory,,
Belgium,Q31,http://www.wikidata.org/entity/Q116694298,"de Behogne, H. F.",Factory,,
Belgium,Q31,http://www.wikidata.org/entity/Q116694299,"De Bruyn, J.",Factory,,
Belgium,Q31,http://www.wikidata.org/entity/Q116694307,De Reu-Goffo,Factory,,
Belgium,Q31,http://www.wikidata.org/entity/Q116694310,De Zeemeeuw,Factory,,
Belgium,Q31,http://www.wikidata.org/entity/Q116694308,"De Schoonen, Henri",Factory,,
Belgium,Q31,http://www.wikidata.org/entity/Q116694277,Het Mezennest,Factory,,
Belgium,Q31,http://www.wikidata.org/entity/Q116694300,Gebroeders Van de Velde,Factory,,
Belgium,Q31,http://www.wikidata.org/entity/Q116694386,Rademan,Factory,,
Belgium,Q31,http://www.wikidata.org/entity/Q116694372,Moreau Frères,Factory,,
Belgium,Q31,http://www.wikidata.org/entity/Q116694380,"Pauwels, Constant",Factory,,
Belgium,Q31,http://www.wikidata.org/entity/Q116694411,"Van Ael, Camille",Factory,,
Belgium,Q31,http://www.wikidata.org/entity/Q116694370,"Mellaerts, Jos.",Factory,,
Belgium,Q31,http://www.wikidata.org/entity/Q116694361,"Maere, J.",Factory,,
Belgium,Q31,http://www.wikidata.org/entity/Q116694376,Nerva,Factory,,
Belgium,Q31,http://www.wikidata.org/entity/Q116694400,Somers,Factory,,
Belgium,Q31,http://www.wikidata.org/entity/Q116694404,Stevens,Factory,,
Belgium,Q31,http://www.wikidata.org/entity/Q116694349,Lambrecht,Factory,,
Belgium,Q31,http://www.wikidata.org/entity/Q116694390,Rosada,Factory,,
Belgium,Q31,http://www.wikidata.org/entity/Q116694395,Schmidt,Factory,,
Belgium,Q31,http://www.wikidata.org/entity/Q116694350,Lanneau,Factory,,
Belgium,Q31,http://www.wikidata.org/entity/Q116694355,Likeurstokerij Clovis Six,Factory,,
Belgium,Q31,http://www.wikidata.org/entity/Q116694358,Likeurstokerij Sint-Martinus,Factory,,
Belgium,Q31,http://www.wikidata.org/entity/Q116694356,Likeurstokerij De Ploeg,Factory,,
Belgium,Q31,http://www.wikidata.org/entity/Q116694364,Majo,Factory,,
Belgium,Q31,http://www.wikidata.org/entity/Q116694371,"Michelson, W.",Factory,,
Belgium,Q31,http://www.wikidata.org/entity/Q116694416,Likeurstokerij Ledeganck,Factory,,
Belgium,Q31,http://www.wikidata.org/entity/Q116694381,Pickmans,Factory,,
Belgium,Q31,http://www.wikidata.org/entity/Q116694387,"Relecom, Léon",Factory,,
Belgium,Q31,http://www.wikidata.org/entity/Q116694394,"Schick, Alphonse",Factory,,
Belgium,Q31,http://www.wikidata.org/entity/Q116694393,Sauvins,Factory,,
Belgium,Q31,http://www.wikidata.org/entity/Q116694403,"Staes-Van Elsen, F.",Factory,,
Belgium,Q31,http://www.wikidata.org/entity/Q116694406,Stokerij Flandria,Factory,,
Belgium,Q31,http://www.wikidata.org/entity/Q116694408,"Tamines, V.",Factory,,
Belgium,Q31,http://www.wikidata.org/entity/Q116694418,Van Helshoecht-Van Der Linden,Factory,,
Belgium,Q31,http://www.wikidata.org/entity/Q116694422,"Van Hoorebeke, Philibert",Factory,,
Belgium,Q31,http://www.wikidata.org/entity/Q116694420,Van Hoorebeke (Gent),Factory,,
Belgium,Q31,http://www.wikidata.org/entity/Q124256437,Vyncke-Daels,Factory,,
Belgium,Q31,http://www.wikidata.org/entity/Q124399500,"Muuls, Mergaert en Cie",Factory,,
Belgium,Q31,http://www.wikidata.org/entity/Q124439206,Likeurstokerij Den Dender,Factory,,
Belgium,Q31,http://www.wikidata.org/entity/Q124448984,Likeurstokerij De Klok,Factory,,
Belgium,Q31,http://www.wikidata.org/entity/Q118581723,Claes (Lembeek),Factory,,
Belgium,Q31,http://www.wikidata.org/entity/Q119968904,Roscam - Van Moer,Factory,,
Belgium,Q31,http://www.wikidata.org/entity/Q116694821,Distillerie des Templiers,Factory,,
Belgium,Q31,http://www.wikidata.org/entity/Q116694830,Distilleries Associées Belges,Factory,,
Belgium,Q31,http://www.wikidata.org/entity/Q116694843,Laterre-Delbruyère,Factory,,
Belgium,Q31,http://www.wikidata.org/entity/Q116694844,"Lefèvre, Oscar",Factory,,
Belgium,Q31,http://www.wikidata.org/entity/Q116694866,Union Commerciale,Factory,,
Belgium,Q31,http://www.wikidata.org/entity/Q116694839,Havart Frères,Factory,,
Belgium,Q31,http://www.wikidata.org/entity/Q116694867,"Van Cauwelaert, F.",Factory,,
Belgium,Q31,http://www.wikidata.org/entity/Q116694852,"Massaux-Culot, Edmond",Factory,,
Belgium,Q31,http://www.wikidata.org/entity/Q116694815,Distillerie Bastin & Cie,Factory,,
Belgium,Q31,http://www.wikidata.org/entity/Q116694823,Distillerie du Centenaire,Factory,,
Belgium,Q31,http://www.wikidata.org/entity/Q116694820,Distillerie des Bruyères,Factory,,
Belgium,Q31,http://www.wikidata.org/entity/Q116694863,Servais-Hüweler,Factory,,
Belgium,Q31,http://www.wikidata.org/entity/Q116694828,Distillerie Le Phénix,Factory,,
Belgium,Q31,http://www.wikidata.org/entity/Q116694848,"Londot, G.",Factory,,
Belgium,Q31,http://www.wikidata.org/entity/Q116694846,Letesson Jean & Fils,Factory,,
Belgium,Q31,http://www.wikidata.org/entity/Q116694856,Neycken,Factory,,
Belgium,Q31,http://www.wikidata.org/entity/Q116694834,"Gilbart-Goffinet, François",Factory,,
Belgium,Q31,http://www.wikidata.org/entity/Q116694837,Hanin-Gilles,Factory,,
Belgium,Q31,http://www.wikidata.org/entity/Q116694869,Venezia,Factory,,
Belgium,Q31,http://www.wikidata.org/entity/Q116694861,Roland,Factory,,
Belgium,Q31,http://www.wikidata.org/entity/Q124425482,Q124425482,Factory,,
Belgium,Q31,http://www.wikidata.org/entity/Q116694814,"Dheur, Louis",Factory,,
Belgium,Q31,http://www.wikidata.org/entity/Q116694816,Distillerie de l'Avenir,Factory,,
Belgium,Q31,http://www.wikidata.org/entity/Q116694822,Distillerie du Beau-Mur,Factory,,
Belgium,Q31,http://www.wikidata.org/entity/Q116694826,Distillerie La Liberté,Factory,,
Belgium,Q31,http://www.wikidata.org/entity/Q116694827,Distillerie La Perle,Factory,,
Belgium,Q31,http://www.wikidata.org/entity/Q116694829,Distillerie L'Economie Populaire,Factory,,
Belgium,Q31,http://www.wikidata.org/entity/Q116694831,Dubois-Dumoulin,Factory,,
Belgium,Q31,http://www.wikidata.org/entity/Q116694851,Distillerie du Bitter de Spa,Factory,,
Belgium,Q31,http://www.wikidata.org/entity/Q116694833,Fouassin Frères,Factory,,
Belgium,Q31,http://www.wikidata.org/entity/Q116694836,"Grifnée, J.",Factory,,
Belgium,Q31,http://www.wikidata.org/entity/Q116694842,Janssen-Tasset,Factory,,
Belgium,Q31,http://www.wikidata.org/entity/Q116694845,Les Malteries L'Epi d'Or,Factory,,
Belgium,Q31,http://www.wikidata.org/entity/Q116694849,Louppe,Factory,,
Belgium,Q31,http://www.wikidata.org/entity/Q116694854,"Nandrin, F.",Factory,,
Belgium,Q31,http://www.wikidata.org/entity/Q116694859,"Pondcuir-Poussart, F.",Factory,,
Belgium,Q31,http://www.wikidata.org/entity/Q116694860,"Rocour, T.",Factory,,
Belgium,Q31,http://www.wikidata.org/entity/Q116694864,"Sklin, D.",Factory,,
Belgium,Q31,http://www.wikidata.org/entity/Q116694865,"Springuel, B. J.",Factory,,
Belgium,Q31,http://www.wikidata.org/entity/Q116694871,"Wéry, J.-A.",Factory,,
Belgium,Q31,http://www.wikidata.org/entity/Q116694872,Wodon-Merken,Factory,,
Belgium,Q31,http://www.wikidata.org/entity/Q119999042,Vanderlinden,Factory,,
Belgium,Q31,http://www.wikidata.org/entity/Q123067496,De Cort,Factory,,
Belgium,Q31,http://www.wikidata.org/entity/Q124460631,Eugène Rolin et Cie.,Factory,,
Belgium,Q31,http://www.wikidata.org/entity/Q92326833,Kanongieterij,Factory,,
Belgium,Q31,http://www.wikidata.org/entity/Q2137188,ArcelorMittal Ghent,Factory,,
Belgium,Q31,http://www.wikidata.org/entity/Q28752691,Q28752691,Factory,,
Belgium,Q31,http://www.wikidata.org/entity/Q16981096,Fonderie Nationale des Bronzes,Factory,,
Belgium,Q31,http://www.wikidata.org/entity/Q46012677,Miko,Factory,,
Belgium,Q31,http://www.wikidata.org/entity/Q116694444,Wittouck,Factory,,
Belgium,Q31,http://www.wikidata.org/entity/Q73002975,Q73002975,Factory,,
Belgium,Q31,http://www.wikidata.org/entity/Q57163485,Herve Société,Factory,,
Belgium,Q31,http://www.wikidata.org/entity/Q116694432,Vanderschrick,Factory,,
Belgium,Q31,http://www.wikidata.org/entity/Q116694326,Dumortier & Blomme,Factory,,
Belgium,Q31,http://www.wikidata.org/entity/Q116694331,"Fourcroy, G.",Factory,,
Belgium,Q31,http://www.wikidata.org/entity/Q116694806,Croix Bleue,Factory,,
Belgium,Q31,http://www.wikidata.org/entity/Q116694811,"Dauvin, Ch.",Factory,,
Belgium,Q31,http://www.wikidata.org/entity/Q116694801,"Chausteur, Paul",Factory,,
Belgium,Q31,http://www.wikidata.org/entity/Q116694802,"Collas-Colleye, T.",Factory,,
Belgium,Q31,http://www.wikidata.org/entity/Q116694443,Windels,Factory,,
Belgium,Q31,http://www.wikidata.org/entity/Q116694333,Gallia,Factory,,
Belgium,Q31,http://www.wikidata.org/entity/Q116694804,Cornet,Factory,,
Belgium,Q31,http://www.wikidata.org/entity/Q116694807,Dalimier,Factory,,
Belgium,Q31,http://www.wikidata.org/entity/Q122724497,Q122724497,Factory,,
Belgium,Q31,http://www.wikidata.org/entity/Q122730921,Q122730921,Factory,,
Belgium,Q31,http://www.wikidata.org/entity/Q116694800,Cassart,Factory,,
Belgium,Q31,http://www.wikidata.org/entity/Q112119889,Redeventza S.A. Belge pour le Raffinage de Petrole,Factory,,
Belgium,Q31,http://www.wikidata.org/entity/Q116694439,Viane,Factory,,
Belgium,Q31,http://www.wikidata.org/entity/Q116694314,De Hert,Factory,,
Belgium,Q31,http://www.wikidata.org/entity/Q116694315,Demets & Lyssens,Factory,,
Belgium,Q31,http://www.wikidata.org/entity/Q116694318,Dieryckx,Factory,,
Belgium,Q31,http://www.wikidata.org/entity/Q116694317,Den Anker,Factory,,
Belgium,Q31,http://www.wikidata.org/entity/Q116694322,Distillerie Le Jet d'Or,Factory,,
Belgium,Q31,http://www.wikidata.org/entity/Q116694325,Distillerie Neptune,Factory,,
Belgium,Q31,http://www.wikidata.org/entity/Q116694320,Etablissement Pecco,Factory,,
Belgium,Q31,http://www.wikidata.org/entity/Q116694328,Feyten-Janssens,Factory,,
Belgium,Q31,http://www.wikidata.org/entity/Q116694334,Garato,Factory,,
Belgium,Q31,http://www.wikidata.org/entity/Q116694336,Haest,Factory,,
Belgium,Q31,http://www.wikidata.org/entity/Q116694339,Hernalsteen,Factory,,
Belgium,Q31,http://www.wikidata.org/entity/Q116694337,"Heldens, G. H.",Factory,,
Belgium,Q31,http://www.wikidata.org/entity/Q116694313,Likeurfabriek De Vledermuis,Factory,,
Belgium,Q31,http://www.wikidata.org/entity/Q116694345,Kint,Factory,,
Belgium,Q31,http://www.wikidata.org/entity/Q116694347,La Capucina Import,Factory,,
Belgium,Q31,http://www.wikidata.org/entity/Q116694321,"Senden, L.",Factory,,
Belgium,Q31,http://www.wikidata.org/entity/Q116694427,Van Quaethem,Factory,,
Belgium,Q31,http://www.wikidata.org/entity/Q116694797,Belgian Owl Distillery,Factory,,
Belgium,Q31,http://www.wikidata.org/entity/Q116694798,"Bleunar, C.",Factory,,
Belgium,Q31,http://www.wikidata.org/entity/Q116694431,Vanden Bulcke,Factory,,
Belgium,Q31,http://www.wikidata.org/entity/Q116694799,"Bouillon, Louis",Factory,,
Belgium,Q31,http://www.wikidata.org/entity/Q116694433,Vannieuwenhove,Factory,,
Belgium,Q31,http://www.wikidata.org/entity/Q116694438,Verplancken,Factory,,
Belgium,Q31,http://www.wikidata.org/entity/Q116694436,"Verelst, Constant",Factory,,
Belgium,Q31,http://www.wikidata.org/entity/Q116694803,Compagnie Commerciale L’Abeille,Factory,,
Belgium,Q31,http://www.wikidata.org/entity/Q116694809,"Daminet-Delplancq, Jules",Factory,,
Belgium,Q31,http://www.wikidata.org/entity/Q118708717,Fonderie Verbeyst,Factory,,
Belgium,Q31,http://www.wikidata.org/entity/Q122730598,Q122730598,Factory,,
Belgium,Q31,http://www.wikidata.org/entity/Q122747421,Q122747421,Factory,,
Belgium,Q31,http://www.wikidata.org/entity/Q122811290,Q122811290,Factory,,
Uzbekistan,Q265,http://www.wikidata.org/entity/Q113634704,Tashkent record factory,Factory,,
Uzbekistan,Q265,http://www.wikidata.org/entity/Q55576874,Q55576874,Factory,,
Uzbekistan,Q265,http://www.wikidata.org/entity/Q55576890,Q55576890,Factory,,
Romanian People's Republic,Q2685298,http://www.wikidata.org/entity/Q12740630,Semănătoarea,Factory,,
Cyprus,Q229,http://www.wikidata.org/entity/Q113800086,Uncertain Mint 35,Factory,,
Cyprus,Q229,http://www.wikidata.org/entity/Q113800035,Uncertain Mint 20,Factory,,
Cyprus,Q229,http://www.wikidata.org/entity/Q113799976,Uncertain Mint 9,Factory,,
Cyprus,Q229,http://www.wikidata.org/entity/Q113800084,Uncertain Mint 34,Factory,,
Cyprus,Q229,http://www.wikidata.org/entity/Q113800037,Uncertain Mint 21,Factory,,
Cyprus,Q229,http://www.wikidata.org/entity/Q113800041,Uncertain Mint 22,Factory,,
Cyprus,Q229,http://www.wikidata.org/entity/Q113800091,Uncertain Mint 36,Factory,,
Cyprus,Q229,http://www.wikidata.org/entity/Q113800031,Uncertain Mint 19,Factory,,
Cyprus,Q229,http://www.wikidata.org/entity/Q113799982,Uncertain Mint 10,Factory,,
German Reich,Q1206012,http://www.wikidata.org/entity/Q118435989,Q118435989,Factory,,
German Reich,Q1206012,http://www.wikidata.org/entity/Q118443966,Q118443966,Factory,,
German Reich,Q1206012,http://www.wikidata.org/entity/Q118114453,Q118114453,Factory,,
German Reich,Q1206012,http://www.wikidata.org/entity/Q118640154,Q118640154,Factory,,
German Reich,Q1206012,http://www.wikidata.org/entity/Q118442706,Geldschrankfabrik C. Ade,Factory,,
German Reich,Q1206012,http://www.wikidata.org/entity/Q118114263,Q118114263,Factory,,
German Reich,Q1206012,http://www.wikidata.org/entity/Q118066538,Q118066538,Factory,,
German Reich,Q1206012,http://www.wikidata.org/entity/Q118114174,Q118114174,Factory,,
German Reich,Q1206012,http://www.wikidata.org/entity/Q118188052,Q118188052,Factory,,
German Reich,Q1206012,http://www.wikidata.org/entity/Q118368385,Q118368385,Factory,,
German Reich,Q1206012,http://www.wikidata.org/entity/Q76943272,"Heinrich Dietel in Wilkau, Kammgarnspinnerei",Factory,,
German Reich,Q1206012,http://www.wikidata.org/entity/Q77826242,"Petrikowsky & Comp. in Schedewitz-Zwickau, Wollkämmerei und Kammgarnspinnerei",Factory,,
German Reich,Q1206012,http://www.wikidata.org/entity/Q134974405,Q134974405,Factory,,
German Reich,Q1206012,http://www.wikidata.org/entity/Q120441558,Süddeutsche Jute-Spinnerei und -Weberei,Factory,,
German Reich,Q1206012,http://www.wikidata.org/entity/Q127286968,Q127286968,Factory,,
German Reich,Q1206012,http://www.wikidata.org/entity/Q68293085,Sappi Alfeld GmbH,Factory,,
German Reich,Q1206012,http://www.wikidata.org/entity/Q118436344,Q118436344,Factory,,
German Reich,Q1206012,http://www.wikidata.org/entity/Q118444249,Q118444249,Factory,,
German Reich,Q1206012,http://www.wikidata.org/entity/Q123457896,Bernhard Böttger,Factory,,
German Reich,Q1206012,http://www.wikidata.org/entity/Q86604575,Schilling & Lattermann,Factory,,
German Reich,Q1206012,http://www.wikidata.org/entity/Q127539557,Lehmann & Wundenberg,Factory,,
German Reich,Q1206012,http://www.wikidata.org/entity/Q1103455,Cluss,Factory,,
German Reich,Q1206012,http://www.wikidata.org/entity/Q15789692,Q15789692,Factory,,
German Reich,Q1206012,http://www.wikidata.org/entity/Q15789693,Q15789693,Factory,,
German Reich,Q1206012,http://www.wikidata.org/entity/Q15789702,Q15789702,Factory,,
German Reich,Q1206012,http://www.wikidata.org/entity/Q15789701,Q15789701,Factory,,
German Reich,Q1206012,http://www.wikidata.org/entity/Q15789708,Q15789708,Factory,,
German Reich,Q1206012,http://www.wikidata.org/entity/Q15792921,Q15792921,Factory,,
German Reich,Q1206012,http://www.wikidata.org/entity/Q15856943,Q15856943,Factory,,
German Reich,Q1206012,http://www.wikidata.org/entity/Q1232781,Elbschloss-Brauerei,Factory,,
German Reich,Q1206012,http://www.wikidata.org/entity/Q1402815,Brauerei Braunschweig,Factory,,
German Reich,Q1206012,http://www.wikidata.org/entity/Q1466588,Ottensener Eisenwerk,Factory,,
German Reich,Q1206012,http://www.wikidata.org/entity/Q67186195,Portland-Cementfabrik Germania,Factory,,
German Reich,Q1206012,http://www.wikidata.org/entity/Q1614311,Herrnbräu,Factory,,
German Reich,Q1206012,http://www.wikidata.org/entity/Q1920014,Memminger Brauerei,Factory,,
German Reich,Q1206012,http://www.wikidata.org/entity/Q244854,Zwirnerei Ackermann,Factory,,
German Reich,Q1206012,http://www.wikidata.org/entity/Q2459061,Tucher Brewery,Factory,,
German Reich,Q1206012,http://www.wikidata.org/entity/Q2649044,Allgäuer Brewery,Factory,,
German Reich,Q1206012,http://www.wikidata.org/entity/Q15787245,Bayerische Brauerei Kaiserslautern,Factory,,
German Reich,Q1206012,http://www.wikidata.org/entity/Q422034,Aktienbrauerei Kaufbeuren,Factory,,
German Reich,Q1206012,http://www.wikidata.org/entity/Q22672097,Theodor Hildebrand & Sohn,Factory,,
German Reich,Q1206012,http://www.wikidata.org/entity/Q759249,Auerbräu,Factory,,
German Reich,Q1206012,http://www.wikidata.org/entity/Q811986,Bavaria – St. Pauli Brewery,Factory,,
German Reich,Q1206012,http://www.wikidata.org/entity/Q102439683,Q102439683,Factory,,
German Reich,Q1206012,http://www.wikidata.org/entity/Q28748097,Hasen-Bräu,Factory,,
German Reich,Q1206012,http://www.wikidata.org/entity/Q879223,Dillinger Hütte,Factory,,
German Reich,Q1206012,http://www.wikidata.org/entity/Q68114137,Ammendorfer Papierfabrik,Factory,,
German Reich,Q1206012,http://www.wikidata.org/entity/Q68157334,Q68157334,Factory,,
German Reich,Q1206012,http://www.wikidata.org/entity/Q764411,August Warnecke,Factory,,
German Reich,Q1206012,http://www.wikidata.org/entity/Q1589080,Hatz-Moninger Brauhaus,Factory,,
German Reich,Q1206012,http://www.wikidata.org/entity/Q20853529,Jutespinnerei,Factory,,
German Reich,Q1206012,http://www.wikidata.org/entity/Q104381866,Zuckerfabrik Fraustadt,Factory,,
German Reich,Q1206012,http://www.wikidata.org/entity/Q100777549,Q100777549,Factory,,
German Reich,Q1206012,http://www.wikidata.org/entity/Q100742789,E. F. Ohle's Erben,Factory,,
German Reich,Q1206012,http://www.wikidata.org/entity/Q100743519,Kammgarnspinnerei Schedewitz,Factory,,
German Reich,Q1206012,http://www.wikidata.org/entity/Q101407852,Varziner Papierfabrik,Factory,,
German Reich,Q1206012,http://www.wikidata.org/entity/Q102225328,Zuckerfabrik Froebeln,Factory,,
German Reich,Q1206012,http://www.wikidata.org/entity/Q102502433,Schlesische Cellulose- und Papierfabriken Ewald Schoeller & Co.,Factory,,
German Reich,Q1206012,http://www.wikidata.org/entity/Q106418137,Q106418137,Factory,,
German Reich,Q1206012,http://www.wikidata.org/entity/Q106418262,Q106418262,Factory,,
German Reich,Q1206012,http://www.wikidata.org/entity/Q317402,Berliner Kindl,Factory,,
German Reich,Q1206012,http://www.wikidata.org/entity/Q104554138,Rheinische Möbelstoff-Weberei vorm. Dahl & Hunsche,Factory,,
German Reich,Q1206012,http://www.wikidata.org/entity/Q105296715,Mechanische Weberei Sorau vorm. F. A. Martin & Co,Factory,,
German Reich,Q1206012,http://www.wikidata.org/entity/Q106266137,Trachenberger Zuckersiederei,Factory,,
German Reich,Q1206012,http://www.wikidata.org/entity/Q106268420,Pommersche Provinzial-Zuckersiederei,Factory,,
German Reich,Q1206012,http://www.wikidata.org/entity/Q106413548,Aktien-Brauerei Schönbusch,Factory,,
German Reich,Q1206012,http://www.wikidata.org/entity/Q106413594,Aktien-Gesellschaft Brauerei Ponarth,Factory,,
German Reich,Q1206012,http://www.wikidata.org/entity/Q106418599,Stettiner Brauerei-AG Elysium,Factory,,
German Reich,Q1206012,http://www.wikidata.org/entity/Q106418699,Stettiner Bergschloß-Brauerei,Factory,,
German Reich,Q1206012,http://www.wikidata.org/entity/Q106418756,Tilsiter Actien-Brauerei,Factory,,
German Reich,Q1206012,http://www.wikidata.org/entity/Q106527443,Tüll- und Gardinen-Weberei,Factory,,
German Reich,Q1206012,http://www.wikidata.org/entity/Q67186805,Anneliese Zementwerke AG,Factory,,
German Reich,Q1206012,http://www.wikidata.org/entity/Q107059629,Aktienbrauerei Wulle,Factory,,
German Reich,Q1206012,http://www.wikidata.org/entity/Q107088239,Brauerei Joh. Humbser,Factory,,
German Reich,Q1206012,http://www.wikidata.org/entity/Q107094194,Vereinigte Jute-Spinnereien und Webereien,Factory,,
German Reich,Q1206012,http://www.wikidata.org/entity/Q107102829,Ebano Asphalt-AG,Factory,,
German Reich,Q1206012,http://www.wikidata.org/entity/Q107138987,Aktienbrauerei Dormagen,Factory,,
German Reich,Q1206012,http://www.wikidata.org/entity/Q107138991,Bayerisches Brauhaus Pforzheim,Factory,,
German Reich,Q1206012,http://www.wikidata.org/entity/Q68170111,Brauerei J. G. Reif AG,Factory,,
United Kingdom of Great Britain and Ireland,Q174193,http://www.wikidata.org/entity/Q1521373,The Gramophone Co. Ltd.,Factory,,
United Kingdom of Great Britain and Ireland,Q174193,http://www.wikidata.org/entity/Q98027153,Phoenix Glass Works,Factory,,
United Kingdom of Great Britain and Ireland,Q174193,http://www.wikidata.org/entity/Q16965815,Calvert & Co,Factory,,
United Kingdom of Great Britain and Ireland,Q174193,http://www.wikidata.org/entity/Q7157755,Peacock and Son,Factory,,
United Kingdom of Great Britain and Ireland,Q174193,http://www.wikidata.org/entity/Q28859132,Heart of Oak Mill,Factory,,
United Kingdom of Great Britain and Ireland,Q174193,http://www.wikidata.org/entity/Q133871045,Sampson Bridgwood and Son,Factory,,
United Kingdom of Great Britain and Ireland,Q174193,http://www.wikidata.org/entity/Q58044561,The Marconi Wireless Telegraph & Signal Company,Factory,,
United Kingdom of Great Britain and Ireland,Q174193,http://www.wikidata.org/entity/Q73032850,Bonnington,Factory,,
United Kingdom of Great Britain and Ireland,Q174193,http://www.wikidata.org/entity/Q61912520,The Gramophone & Typewriter Ltd.,Factory,,
United Kingdom of Great Britain and Ireland,Q174193,http://www.wikidata.org/entity/Q106335824,City of London Brewery and Investment Trust,Factory,,
United Kingdom of Great Britain and Ireland,Q174193,http://www.wikidata.org/entity/Q107370447,Dodderbank distillery,Factory,,
United Kingdom of Great Britain and Ireland,Q174193,http://www.wikidata.org/entity/Q104835326,King's Norton Mint,Factory,,
Norway,Q20,http://www.wikidata.org/entity/Q101229953,Q101229953,Factory,,
Norway,Q20,http://www.wikidata.org/entity/Q60736320,Knekkebrødfabrikken,Factory,,
Norway,Q20,http://www.wikidata.org/entity/Q61099104,Mostadmark jernverk,Factory,,
Norway,Q20,http://www.wikidata.org/entity/Q116473769,Q116473769,Factory,,
Norway,Q20,http://www.wikidata.org/entity/Q104776156,Norsk Hydro Porsgrunn Fabrikker,Factory,,
Norway,Q20,http://www.wikidata.org/entity/Q104777388,Norsk Hydro Glomfjord Fabrikker,Factory,,
Norway,Q20,http://www.wikidata.org/entity/Q104777389,Norsk Hydro Notodden Fabrikker,Factory,,
Norway,Q20,http://www.wikidata.org/entity/Q118557703,Q118557703,Factory,,
Norway,Q20,http://www.wikidata.org/entity/Q118918393,Q118918393,Factory,,
Norway,Q20,http://www.wikidata.org/entity/Q121289239,Q121289239,Factory,,
Norway,Q20,http://www.wikidata.org/entity/Q121300208,Q121300208,Factory,,
Norway,Q20,http://www.wikidata.org/entity/Q121888367,Q121888367,Factory,,
Norway,Q20,http://www.wikidata.org/entity/Q111727889,En Liten Øl,Factory,,
Norway,Q20,http://www.wikidata.org/entity/Q124290149,Q124290149,Factory,,
Norway,Q20,http://www.wikidata.org/entity/Q129261079,Q129261079,Factory,,
Norway,Q20,http://www.wikidata.org/entity/Q120267386,Fjordfolk Mikrobryggeri,Factory,,
Norway,Q20,http://www.wikidata.org/entity/Q123001683,Myken destilleri,Factory,,
Norway,Q20,http://www.wikidata.org/entity/Q1083003,Christianssands Bryggeri,Factory,,
Norway,Q20,http://www.wikidata.org/entity/Q11979257,Q11979257,Factory,,
Norway,Q20,http://www.wikidata.org/entity/Q11992979,Q11992979,Factory,,
Norway,Q20,http://www.wikidata.org/entity/Q11997071,Q11997071,Factory,,
Norway,Q20,http://www.wikidata.org/entity/Q11999061,Q11999061,Factory,,
Norway,Q20,http://www.wikidata.org/entity/Q7828519,Tou,Factory,,
Norway,Q20,http://www.wikidata.org/entity/Q1334431,Ringnes,Factory,,
Norway,Q20,http://www.wikidata.org/entity/Q17769538,Q17769538,Factory,,
Norway,Q20,http://www.wikidata.org/entity/Q17775365,Q17775365,Factory,,
Norway,Q20,http://www.wikidata.org/entity/Q145670,Hansa Brewery,Factory,,
Norway,Q20,http://www.wikidata.org/entity/Q19374825,Q19374825,Factory,,
Norway,Q20,http://www.wikidata.org/entity/Q19394174,Q19394174,Factory,,
Norway,Q20,http://www.wikidata.org/entity/Q20112396,Q20112396,Factory,,
Norway,Q20,http://www.wikidata.org/entity/Q20552742,Q20552742,Factory,,
Norway,Q20,http://www.wikidata.org/entity/Q21403204,Q21403204,Factory,,
Norway,Q20,http://www.wikidata.org/entity/Q1748810,Macks Ølbryggeri,Factory,,
Norway,Q20,http://www.wikidata.org/entity/Q97363720,T Kverneland & Sønner,Factory,,
Norway,Q20,http://www.wikidata.org/entity/Q25424760,Q25424760,Factory,,
Norway,Q20,http://www.wikidata.org/entity/Q97621397,ABC Brewing,Factory,,
Norway,Q20,http://www.wikidata.org/entity/Q11958572,Arbor,Factory,,
Norway,Q20,http://www.wikidata.org/entity/Q11965382,Det Norske Myntverket,Factory,,
Norway,Q20,http://www.wikidata.org/entity/Q11974409,Hassel Iron Works,Factory,,
Norway,Q20,http://www.wikidata.org/entity/Q11976296,Hydro Aluminium Karmøy,Factory,,
Norway,Q20,http://www.wikidata.org/entity/Q11976297,Hydro Aluminium Årdal,Factory,,
Norway,Q20,http://www.wikidata.org/entity/Q11990067,Moss Aktiebryggeri,Factory,,
Norway,Q20,http://www.wikidata.org/entity/Q12003651,Strinden Teglverk,Factory,,
Norway,Q20,http://www.wikidata.org/entity/Q12011079,Ytteborg Brewery,Factory,,
Norway,Q20,http://www.wikidata.org/entity/Q28961018,Q28961018,Factory,,
Norway,Q20,http://www.wikidata.org/entity/Q31079352,Q31079352,Factory,,
Norway,Q20,http://www.wikidata.org/entity/Q2680831,Olsen Nauen Bell Foundry,Factory,,
Norway,Q20,http://www.wikidata.org/entity/Q13845077,Kinn Bryggeri,Factory,,
Norway,Q20,http://www.wikidata.org/entity/Q13861230,Haandbryggeriet,Factory,,
Norway,Q20,http://www.wikidata.org/entity/Q340194,Nøgne Ø,Factory,,
Norway,Q20,http://www.wikidata.org/entity/Q3356414,Grans Brewery,Factory,,
Norway,Q20,http://www.wikidata.org/entity/Q36525155,Q36525155,Factory,,
Norway,Q20,http://www.wikidata.org/entity/Q36797091,Q36797091,Factory,,
Norway,Q20,http://www.wikidata.org/entity/Q16929854,Fredrikstad Bryggeri,Factory,,
Norway,Q20,http://www.wikidata.org/entity/Q17371436,Christiania Portland Cementfabrik,Factory,,
Norway,Q20,http://www.wikidata.org/entity/Q115283587,Q115283587,Factory,,
Norway,Q20,http://www.wikidata.org/entity/Q18642067,Romo fabrikker,Factory,,
Norway,Q20,http://www.wikidata.org/entity/Q19380292,Lundetangen Brewery,Factory,,
Norway,Q20,http://www.wikidata.org/entity/Q19393053,Trio Brewery,Factory,,
Norway,Q20,http://www.wikidata.org/entity/Q19509637,Tandbergs Radiofabrikk,Factory,,
Norway,Q20,http://www.wikidata.org/entity/Q4945006,Borg Bryggerier,Factory,,
Norway,Q20,http://www.wikidata.org/entity/Q5321771,E. C. Dahls Brewery,Factory,,
Norway,Q20,http://www.wikidata.org/entity/Q52240347,Q52240347,Factory,,
Norway,Q20,http://www.wikidata.org/entity/Q25435180,Hunsfos Bryggeri,Factory,,
Norway,Q20,http://www.wikidata.org/entity/Q7245415,Prior Radiofabrikk,Factory,,
Norway,Q20,http://www.wikidata.org/entity/Q28405448,Nyhamna Gas Plant,Factory,,
Norway,Q20,http://www.wikidata.org/entity/Q28719145,Lofotpils,Factory,,
Norway,Q20,http://www.wikidata.org/entity/Q7053432,Norsk Hydro Rjukan Fabrikker,Factory,,
Norway,Q20,http://www.wikidata.org/entity/Q67363513,Q67363513,Factory,,
Norway,Q20,http://www.wikidata.org/entity/Q13548661,Royal Norwegian Mint,Factory,,
Norway,Q20,http://www.wikidata.org/entity/Q107484139,Rognlisaga,Factory,,
Norway,Q20,http://www.wikidata.org/entity/Q11975274,Q11975274,Factory,,
Norway,Q20,http://www.wikidata.org/entity/Q11975682,Q11975682,Factory,,
Norway,Q20,http://www.wikidata.org/entity/Q11977560,Q11977560,Factory,,
Norway,Q20,http://www.wikidata.org/entity/Q11978374,Q11978374,Factory,,
Norway,Q20,http://www.wikidata.org/entity/Q12713718,Q12713718,Factory,,
Norway,Q20,http://www.wikidata.org/entity/Q12713784,Q12713784,Factory,,
Norway,Q20,http://www.wikidata.org/entity/Q12715231,Q12715231,Factory,,
Norway,Q20,http://www.wikidata.org/entity/Q14436659,Q14436659,Factory,,
Norway,Q20,http://www.wikidata.org/entity/Q14436761,Q14436761,Factory,,
Norway,Q20,http://www.wikidata.org/entity/Q11972151,Gjøvik glassverk,Factory,,
Norway,Q20,http://www.wikidata.org/entity/Q11997104,Randsfjord Glassverk,Factory,,
Norway,Q20,http://www.wikidata.org/entity/Q11999686,Schimmelmann glass factory,Factory,,
Norway,Q20,http://www.wikidata.org/entity/Q13416918,Jevne Glassverk,Factory,,
Norway,Q20,http://www.wikidata.org/entity/Q17485251,Klevfos Cellulose- & Papirfabrikk,Factory,,
Norway,Q20,http://www.wikidata.org/entity/Q17762310,Christiania Gasværk,Factory,,
Norway,Q20,http://www.wikidata.org/entity/Q7639795,Sundnes Brenneri,Factory,,
Norway,Q20,http://www.wikidata.org/entity/Q130049970,Gangstad gårdsysteri,Factory,,
Norway,Q20,http://www.wikidata.org/entity/Q33231157,Furnes Jernstøperi,Factory,,
Norway,Q20,http://www.wikidata.org/entity/Q11976140,Hurdal Verk,Factory,,
Norway,Q20,http://www.wikidata.org/entity/Q11974672,Heidal ysteri,Factory,,
Norway,Q20,http://www.wikidata.org/entity/Q106018420,Aurora Spirit,Factory,,
Norway,Q20,http://www.wikidata.org/entity/Q114677966,Q114677966,Factory,,
Norway,Q20,http://www.wikidata.org/entity/Q123532176,Q123532176,Factory,,
Papal States,Q170174,http://www.wikidata.org/entity/Q124767669,Q124767669,Factory,,
Mali,Q912,http://www.wikidata.org/entity/Q65157178,Q65157178,Factory,,
Armenia,Q399,http://www.wikidata.org/entity/Q16370165,Q16370165,Factory,,
Armenia,Q399,http://www.wikidata.org/entity/Q16382096,Q16382096,Factory,,
Armenia,Q399,http://www.wikidata.org/entity/Q21658141,Q21658141,Factory,,
Armenia,Q399,http://www.wikidata.org/entity/Q16400367,Vanadzor chemical plant,Factory,,
Armenia,Q399,http://www.wikidata.org/entity/Q16481513,Yerevan Brewery,Factory,,
Armenia,Q399,http://www.wikidata.org/entity/Q88945578,Q88945578,Factory,,
Armenia,Q399,http://www.wikidata.org/entity/Q116693555,Q116693555,Factory,,
Faroe Islands,Q4628,http://www.wikidata.org/entity/Q257229,Föroya Bjór,Factory,,
Faroe Islands,Q4628,http://www.wikidata.org/entity/Q132776038,Q132776038,Factory,,
Japan,Q17,http://www.wikidata.org/entity/Q109370577,Suzuki Brick Factory,Factory,,
Japan,Q17,http://www.wikidata.org/entity/Q117452359,Mashiko Tsukamoto,Factory,,
Japan,Q17,http://www.wikidata.org/entity/Q118189727,Matsushiba Robot Factory,Factory,,
Japan,Q17,http://www.wikidata.org/entity/Q126127859,Ichihara oil refinery,Factory,,
Japan,Q17,http://www.wikidata.org/entity/Q126127947,Sakai oil refinery,Factory,,
Japan,Q17,http://www.wikidata.org/entity/Q126127910,Yokkaichi oil refinery,Factory,,
Japan,Q17,http://www.wikidata.org/entity/Q126131293,Muroran refinery,Factory,,
Japan,Q17,http://www.wikidata.org/entity/Q126132502,Tokuyama refinery,Factory,,
Japan,Q17,http://www.wikidata.org/entity/Q126133249,Aichi Minamihama refinery,Factory,,
Japan,Q17,http://www.wikidata.org/entity/Q126133695,Aichi Kitahama refinery,Factory,,
Japan,Q17,http://www.wikidata.org/entity/Q126134819,Shikoku refinery,Factory,,
Japan,Q17,http://www.wikidata.org/entity/Q6884493,Miyoshi,Factory,,
Japan,Q17,http://www.wikidata.org/entity/Q11509877,Q11509877,Factory,,
Japan,Q17,http://www.wikidata.org/entity/Q11509890,Q11509890,Factory,,
Japan,Q17,http://www.wikidata.org/entity/Q11565261,Q11565261,Factory,,
Japan,Q17,http://www.wikidata.org/entity/Q11655668,Q11655668,Factory,,
Japan,Q17,http://www.wikidata.org/entity/Q11226757,Marifu Refinery,Factory,,
Japan,Q17,http://www.wikidata.org/entity/Q11226751,Negishi Yokohama Refinery,Factory,,
Japan,Q17,http://www.wikidata.org/entity/Q11439874,Ozeki,Factory,,
Japan,Q17,http://www.wikidata.org/entity/Q11352330,Ichinokura,Factory,,
Japan,Q17,http://www.wikidata.org/entity/Q11368350,Marumoto Sake Brewery,Factory,,
Japan,Q17,http://www.wikidata.org/entity/Q11395794,Dewazakura Sake Brewery,Factory,,
Japan,Q17,http://www.wikidata.org/entity/Q11395932,Hakodate Dock,Factory,,
Japan,Q17,http://www.wikidata.org/entity/Q11403737,Hokkai Koki,Factory,,
Japan,Q17,http://www.wikidata.org/entity/Q11419046,Kikuzakari Sake Brewery,Factory,,
Japan,Q17,http://www.wikidata.org/entity/Q11445574,Okunomatsu Sake Brewery,Factory,,
Japan,Q17,http://www.wikidata.org/entity/Q11456262,Fujinishiki Sake Brewery,Factory,,
Japan,Q17,http://www.wikidata.org/entity/Q11456279,Fuji Takasago Sake Brewery,Factory,,
Japan,Q17,http://www.wikidata.org/entity/Q11463643,Konishi Brewing,Factory,,
Japan,Q17,http://www.wikidata.org/entity/Q11506568,Nippon General Motors,Factory,,
Japan,Q17,http://www.wikidata.org/entity/Q11508664,Nihonsakari,Factory,,
Japan,Q17,http://www.wikidata.org/entity/Q11509887,Nissan Tochigi Plant,Factory,,
Japan,Q17,http://www.wikidata.org/entity/Q11512007,Meiri Shurui,Factory,,
Japan,Q17,http://www.wikidata.org/entity/Q11535090,Tochikura Sake Brewery,Factory,,
Japan,Q17,http://www.wikidata.org/entity/Q11538121,Sakuramasamune,Factory,,
Japan,Q17,http://www.wikidata.org/entity/Q11538244,Masuichi-Ichimura Sake Brewery,Factory,,
Japan,Q17,http://www.wikidata.org/entity/Q97199641,Nippon Steel Kyushu Works Yawata Area,Factory,,
Japan,Q17,http://www.wikidata.org/entity/Q11572601,Tamagawa Sake Brewery,Factory,,
Japan,Q17,http://www.wikidata.org/entity/Q4897531,Itagaki,Factory,,
Japan,Q17,http://www.wikidata.org/entity/Q21655159,Licca Castle,Factory,,
Japan,Q17,http://www.wikidata.org/entity/Q24897758,Suzuka Naval Arsenal,Factory,,
Japan,Q17,http://www.wikidata.org/entity/Q7428583,Sawanotsuru,Factory,,
Japan,Q17,http://www.wikidata.org/entity/Q11452005,Sogen Sake Brewery,Factory,,
Japan,Q17,http://www.wikidata.org/entity/Q11512790,Hoshigaoka Saryō,Factory,,
Japan,Q17,http://www.wikidata.org/entity/Q50788055,Japan Display Tottori Plant,Factory,,
Japan,Q17,http://www.wikidata.org/entity/Q50788199,Japan Display Higashiura Plant,Factory,,
Japan,Q17,http://www.wikidata.org/entity/Q50788280,Japan Display Ishikawa Plant,Factory,,
Japan,Q17,http://www.wikidata.org/entity/Q50788365,Japan Display Nomi Plant,Factory,,
Japan,Q17,http://www.wikidata.org/entity/Q50788470,Japan Display Hakusan Plant,Factory,,
Japan,Q17,http://www.wikidata.org/entity/Q97660603,Q97660603,Factory,,
Japan,Q17,http://www.wikidata.org/entity/Q58874697,Nippon Gramophon Co. Ltd. Japan,Factory,,
Japan,Q17,http://www.wikidata.org/entity/Q67617386,IBM Fujisawa,Factory,,
Japan,Q17,http://www.wikidata.org/entity/Q83344726,Nishino Kinryo,Factory,,
Japan,Q17,http://www.wikidata.org/entity/Q126111465,Kumano Brewing,Factory,,
Japan,Q17,http://www.wikidata.org/entity/Q126727980,Kunpeki Shuzou,Factory,,
Japan,Q17,http://www.wikidata.org/entity/Q127416977,Sumikawa Shuzo,Factory,,
Japan,Q17,http://www.wikidata.org/entity/Q720479,Asahi Breweries,Factory,,
Japan,Q17,http://www.wikidata.org/entity/Q11577237,Tabata Sake Brewery,Factory,,
Japan,Q17,http://www.wikidata.org/entity/Q11580062,Shirataki Sake Brewery,Factory,,
Japan,Q17,http://www.wikidata.org/entity/Q11580625,Hakutsuru Sake Brewing,Factory,,
Japan,Q17,http://www.wikidata.org/entity/Q11591814,Fukumitsuya Sake Brewery,Factory,,
Japan,Q17,http://www.wikidata.org/entity/Q11619679,Kiku-Masamune Sake Brewing,Factory,,
Japan,Q17,http://www.wikidata.org/entity/Q11637912,Tatsuuma-Honke Brewing,Factory,,
Japan,Q17,http://www.wikidata.org/entity/Q11646675,Toshimaya Shuzou,Factory,,
Japan,Q17,http://www.wikidata.org/entity/Q11666435,Iinuma Honke,Factory,,
Japan,Q17,http://www.wikidata.org/entity/Q11668867,Takachiyo Sake Brewery,Factory,,
Japan,Q17,http://www.wikidata.org/entity/Q11674003,Uonuma Sake Brewery,Factory,,
Japan,Q17,http://www.wikidata.org/entity/Q11678516,Kurosawa Sake Brewery,Factory,,
Japan,Q17,http://www.wikidata.org/entity/Q288727,Sapporo Breweries,Factory,,
Japan,Q17,http://www.wikidata.org/entity/Q105427322,Shiragikushuzō,Factory,,
Japan,Q17,http://www.wikidata.org/entity/Q17226789,Obata Sake Brewery,Factory,,
Japan,Q17,http://www.wikidata.org/entity/Q18337235,Taketsuru Shuzo Sake Brewery,Factory,,
Japan,Q17,http://www.wikidata.org/entity/Q18339337,Maihime Sake Brewery,Factory,,
Japan,Q17,http://www.wikidata.org/entity/Q20043524,Ozawa Sake Brewery,Factory,,
Japan,Q17,http://www.wikidata.org/entity/Q22127066,Hara Sake Brewery,Factory,,
Japan,Q17,http://www.wikidata.org/entity/Q38278366,Hakutaka,Factory,,
Japan,Q17,http://www.wikidata.org/entity/Q130280865,Koyumitsuru Distilling Industry,Factory,,
Japan,Q17,http://www.wikidata.org/entity/Q30922798,Seki no Ichi,Factory,,
Japan,Q17,http://www.wikidata.org/entity/Q134572649,Tatenokawa Shuzo,Factory,,
Japan,Q17,http://www.wikidata.org/entity/Q86734885,Q86734885,Factory,,
Japan,Q17,http://www.wikidata.org/entity/Q53308925,S. Imanishi,Factory,,
Japan,Q17,http://www.wikidata.org/entity/Q61984152,Takeno Sake Brewery,Factory,,
Japan,Q17,http://www.wikidata.org/entity/Q64362093,Takeshita Sake Brewery,Factory,,
Japan,Q17,http://www.wikidata.org/entity/Q109599811,Yamada Shuzo,Factory,,
Japan,Q17,http://www.wikidata.org/entity/Q116181287,Chochin Brewery,Factory,,
Japan,Q17,http://www.wikidata.org/entity/Q60986891,Izumi Yūnosuke Shōten,Factory,,
Japan,Q17,http://www.wikidata.org/entity/Q117213619,Nakawa Shoten,Factory,,
Japan,Q17,http://www.wikidata.org/entity/Q117458447,Marui (sake brewery),Factory,,
Japan,Q17,http://www.wikidata.org/entity/Q117466104,Bessyun-kan,Factory,,
Japan,Q17,http://www.wikidata.org/entity/Q117469146,Ootsubo Shuzoten,Factory,,
Japan,Q17,http://www.wikidata.org/entity/Q117469286,Kaba Sake Brewery,Factory,,
Japan,Q17,http://www.wikidata.org/entity/Q117469250,Watanabe Sake Brewery (Hida),Factory,,
Japan,Q17,http://www.wikidata.org/entity/Q118213370,Nishikatsu Brewery,Factory,,
Japan,Q17,http://www.wikidata.org/entity/Q118779883,Futaba Brewery,Factory,,
Japan,Q17,http://www.wikidata.org/entity/Q118779899,Iko Jozo,Factory,,
Japan,Q17,http://www.wikidata.org/entity/Q11660903,Kirishima Shuzo,Factory,,
Japan,Q17,http://www.wikidata.org/entity/Q30932951,Johana Beer,Factory,,
Japan,Q17,http://www.wikidata.org/entity/Q31202474,T.Y.HARBOR  Brewery,Factory,,
Japan,Q17,http://www.wikidata.org/entity/Q11405354,Q11405354,Factory,,
Japan,Q17,http://www.wikidata.org/entity/Q11605516,Q11605516,Factory,,
Japan,Q17,http://www.wikidata.org/entity/Q11650312,Q11650312,Factory,,
Japan,Q17,http://www.wikidata.org/entity/Q97311573,Nippon Steel East Nippon Works,Factory,,
Japan,Q17,http://www.wikidata.org/entity/Q17214904,Q17214904,Factory,,
Japan,Q17,http://www.wikidata.org/entity/Q1310990,"Kirin Brewery Company, Limited",Factory,,
Japan,Q17,http://www.wikidata.org/entity/Q11225719,East Japan iron and steel works,Factory,,
Japan,Q17,http://www.wikidata.org/entity/Q11301885,COEDO,Factory,,
Japan,Q17,http://www.wikidata.org/entity/Q11305532,Sankt Gallen Brewery,Factory,,
Japan,Q17,http://www.wikidata.org/entity/Q11345057,Yo-Ho Brewing,Factory,,
Japan,Q17,http://www.wikidata.org/entity/Q11489166,Gotemba Kōgen Beer,Factory,,
Japan,Q17,http://www.wikidata.org/entity/Q11558463,Naniwa Shuzo Brewery,Factory,,
Japan,Q17,http://www.wikidata.org/entity/Q97311572,Nippon Steel Kyushu Works,Factory,,
Japan,Q17,http://www.wikidata.org/entity/Q11643120,Gunji Foundry,Factory,,
Japan,Q17,http://www.wikidata.org/entity/Q11642984,Nasu Kohgen Beer,Factory,,
Japan,Q17,http://www.wikidata.org/entity/Q11652887,Nagasaki Seitetsusho,Factory,,
Japan,Q17,http://www.wikidata.org/entity/Q21998308,West Japan iron and steel works,Factory,,
Japan,Q17,http://www.wikidata.org/entity/Q7102771,Orion Breweries,Factory,,
Japan,Q17,http://www.wikidata.org/entity/Q86728296,Q86728296,Factory,,
Japan,Q17,http://www.wikidata.org/entity/Q97311574,Q97311574,Factory,,
Japan,Q17,http://www.wikidata.org/entity/Q109358423,Q109358423,Factory,,
Japan,Q17,http://www.wikidata.org/entity/Q109404332,Sato,Factory,,
Japan,Q17,http://www.wikidata.org/entity/Q109404248,Danto Kaisha,Factory,,
Japan,Q17,http://www.wikidata.org/entity/Q109404356,the Sato Tile Works,Factory,,
Japan,Q17,http://www.wikidata.org/entity/Q113570799,Miyake Hikoemon Brewery,Factory,,
Japan,Q17,http://www.wikidata.org/entity/Q113624680,Hiroschima Mint,Factory,,
Japan,Q17,http://www.wikidata.org/entity/Q113624669,Japan Mint Tokyo Branch,Factory,,
Japan,Q17,http://www.wikidata.org/entity/Q127283798,Q127283798,Factory,,
Japan,Q17,http://www.wikidata.org/entity/Q60986825,Mint Office,Factory,,
Japan,Q17,http://www.wikidata.org/entity/Q119380952,Iheya Distillery,Factory,,
Argentina,Q414,http://www.wikidata.org/entity/Q97446386,Fábrica Militar de Aviones,Factory,,
Argentina,Q414,http://www.wikidata.org/entity/Q30903061,Q30903061,Factory,,
Argentina,Q414,http://www.wikidata.org/entity/Q51883310,Cervecería y Maltería Quilmes,Factory,,
Argentina,Q414,http://www.wikidata.org/entity/Q106527767,Q106527767,Factory,,
Argentina,Q414,http://www.wikidata.org/entity/Q106907349,Q106907349,Factory,,
Argentina,Q414,http://www.wikidata.org/entity/Q111475876,Q111475876,Factory,,
Argentina,Q414,http://www.wikidata.org/entity/Q118347145,Argentine Refinery,Factory,,
Saudi Arabia,Q851,http://www.wikidata.org/entity/Q12237534,Luberef refinery,Factory,,
Saudi Arabia,Q851,http://www.wikidata.org/entity/Q20423286,Jazan Refinery,Factory,,
Saudi Arabia,Q851,http://www.wikidata.org/entity/Q22689994,Jeddah Refinery,Factory,,
Saudi Arabia,Q851,http://www.wikidata.org/entity/Q22689995,Rabigh oil refinery,Factory,,
Saudi Arabia,Q851,http://www.wikidata.org/entity/Q22689993,Riyadh Refinery,Factory,,
Saudi Arabia,Q851,http://www.wikidata.org/entity/Q22689992,Saudi Aramco Jubail Refinery,Factory,,
Saudi Arabia,Q851,http://www.wikidata.org/entity/Q22689999,Yanbu' SAMREF Refinery,Factory,,
Saudi Arabia,Q851,http://www.wikidata.org/entity/Q22689997,Yanbu Saudi Aramco Refinery,Factory,,
Saudi Arabia,Q851,http://www.wikidata.org/entity/Q134503180,Hyundai Motor Manufacturing Middle East,Factory,,
Saudi Arabia,Q851,http://www.wikidata.org/entity/Q55576978,Q55576978,Factory,,
Saudi Arabia,Q851,http://www.wikidata.org/entity/Q55577004,Q55577004,Factory,,
Saudi Arabia,Q851,http://www.wikidata.org/entity/Q55577018,Q55577018,Factory,,
Saudi Arabia,Q851,http://www.wikidata.org/entity/Q55577056,Q55577056,Factory,,
Saudi Arabia,Q851,http://www.wikidata.org/entity/Q30750234,SATORP oil refinery,Factory,,
Saudi Arabia,Q851,http://www.wikidata.org/entity/Q22689998,Yanbu Aramco Sinopec Refining Ltd,Factory,,
Saudi Arabia,Q851,http://www.wikidata.org/entity/Q110879772,Q110879772,Factory,,
Chile,Q298,http://www.wikidata.org/entity/Q20994791,Cervecería Aubel,Factory,,
Chile,Q298,http://www.wikidata.org/entity/Q16570112,Fundición Paipote,Factory,,
Kingdom of Yugoslavia,Q191077,http://www.wikidata.org/entity/Q94540816,Mariborska tekstilna tovarna,Factory,,
Algeria,Q262,http://www.wikidata.org/entity/Q127431734,al-Biyar,Factory,,
Venezuela,Q717,http://www.wikidata.org/entity/Q5671424,Q5671424,Factory,,
Venezuela,Q717,http://www.wikidata.org/entity/Q29054164,Q29054164,Factory,,
Venezuela,Q717,http://www.wikidata.org/entity/Q861622,Cervecería Polar,Factory,,
Venezuela,Q717,http://www.wikidata.org/entity/Q30902777,José Antonio Anzoátegui Petrochemical Complex,Factory,,
German Empire,Q43287,http://www.wikidata.org/entity/Q123374940,Q123374940,Factory,,
German Empire,Q43287,http://www.wikidata.org/entity/Q67196834,Strehla Keramik,Factory,,
German Empire,Q43287,http://www.wikidata.org/entity/Q110981143,"Franz Mosenthin, Eutritzsch-Leipzig",Factory,,
German Empire,Q43287,http://www.wikidata.org/entity/Q124633561,Q124633561,Factory,,
German Empire,Q43287,http://www.wikidata.org/entity/Q125631717,Q125631717,Factory,,
German Empire,Q43287,http://www.wikidata.org/entity/Q125919211,Q125919211,Factory,,
German Empire,Q43287,http://www.wikidata.org/entity/Q126183178,Q126183178,Factory,,
German Empire,Q43287,http://www.wikidata.org/entity/Q126952491,Q126952491,Factory,,
German Empire,Q43287,http://www.wikidata.org/entity/Q126954882,Q126954882,Factory,,
German Empire,Q43287,http://www.wikidata.org/entity/Q127541671,Q127541671,Factory,,
German Empire,Q43287,http://www.wikidata.org/entity/Q129566031,Q129566031,Factory,,
German Empire,Q43287,http://www.wikidata.org/entity/Q129595221,Q129595221,Factory,,
German Empire,Q43287,http://www.wikidata.org/entity/Q130557468,Q130557468,Factory,,
Indonesia,Q252,http://www.wikidata.org/entity/Q123932967,Plaju oil refinery,Factory,,
Indonesia,Q252,http://www.wikidata.org/entity/Q123933428,Sorong oil refinery,Factory,,
Indonesia,Q252,http://www.wikidata.org/entity/Q123943888,Sei Pakning Refinery,Factory,,
Indonesia,Q252,http://www.wikidata.org/entity/Q2325284,Q2325284,Factory,,
Indonesia,Q252,http://www.wikidata.org/entity/Q2755477,Q2755477,Factory,,
Indonesia,Q252,http://www.wikidata.org/entity/Q12505203,Cilacap oil refinery,Factory,,
Indonesia,Q252,http://www.wikidata.org/entity/Q19730862,Purwodadi Glodok sugar refinery,Factory,,
Indonesia,Q252,http://www.wikidata.org/entity/Q7171030,Perum Peruri,Factory,,
Indonesia,Q252,http://www.wikidata.org/entity/Q106282450,Q106282450,Factory,,
Indonesia,Q252,http://www.wikidata.org/entity/Q106264642,Balongan oil refinery,Factory,,
Indonesia,Q252,http://www.wikidata.org/entity/Q109438138,Adiwerna Sugar Factory,Factory,,
Indonesia,Q252,http://www.wikidata.org/entity/Q109939701,Munt van Soerabaia,Factory,,
Indonesia,Q252,http://www.wikidata.org/entity/Q114740307,Grass Root Refinery,Factory,,
Indonesia,Q252,http://www.wikidata.org/entity/Q115293388,Dumai oil refinery,Factory,,
Indonesia,Q252,http://www.wikidata.org/entity/Q115293794,Balikpapan oil refinery,Factory,,
Austria,Q40,http://www.wikidata.org/entity/Q53506312,Ziegelofen Ziersdorf VII,Factory,,
Austria,Q40,http://www.wikidata.org/entity/Q66900052,Keramos Wien,Factory,,
Austria,Q40,http://www.wikidata.org/entity/Q106649385,Weense porseleinfabriek,Factory,,
Austria,Q40,http://www.wikidata.org/entity/Q107102766,Pottendorfer Spinnerei und Felixdorfer Weberei,Factory,,
Austria,Q40,http://www.wikidata.org/entity/Q110076548,Wiener Porzellanfabrik Augarten,Factory,,
Austria,Q40,http://www.wikidata.org/entity/Q110301108,Holland Handelsmerk,Factory,,
Austria,Q40,http://www.wikidata.org/entity/Q1657402,Q1657402,Factory,,
Austria,Q40,http://www.wikidata.org/entity/Q1924301,Q1924301,Factory,,
Austria,Q40,http://www.wikidata.org/entity/Q2043593,Q2043593,Factory,,
Austria,Q40,http://www.wikidata.org/entity/Q2106582,Q2106582,Factory,,
Austria,Q40,http://www.wikidata.org/entity/Q2407874,Q2407874,Factory,,
Austria,Q40,http://www.wikidata.org/entity/Q1923690,LAG,Factory,,
Austria,Q40,http://www.wikidata.org/entity/Q15849536,Q15849536,Factory,,
Austria,Q40,http://www.wikidata.org/entity/Q1492300,Glockengiesserei Scheichel,Factory,,
Austria,Q40,http://www.wikidata.org/entity/Q1531870,Grassmayr Bell Foundry,Factory,,
Austria,Q40,http://www.wikidata.org/entity/Q1531886,Glockengiesserei Pfundner,Factory,,
Austria,Q40,http://www.wikidata.org/entity/Q1604992,J. E. Zacharias,Factory,,
Austria,Q40,http://www.wikidata.org/entity/Q2043733,Payer Group,Factory,,
Austria,Q40,http://www.wikidata.org/entity/Q696650,Gösser,Factory,,
Austria,Q40,http://www.wikidata.org/entity/Q15812442,Glockengiesserei Hilzer,Factory,,
Austria,Q40,http://www.wikidata.org/entity/Q15812443,Glockengiesserei Miller,Factory,,
Austria,Q40,http://www.wikidata.org/entity/Q462362,Wiener Neustädter Lokomotivfabrik,Factory,,
Austria,Q40,http://www.wikidata.org/entity/Q17310430,BMW plant Steyr,Factory,,
Austria,Q40,http://www.wikidata.org/entity/Q669423,Böhler-Uddeholm,Factory,,
Austria,Q40,http://www.wikidata.org/entity/Q677560,Augarten porcelain,Factory,,
Austria,Q40,http://www.wikidata.org/entity/Q872946,Glanzstoff Austria,Factory,,
Austria,Q40,http://www.wikidata.org/entity/Q61826698,Q61826698,Factory,,
Austria,Q40,http://www.wikidata.org/entity/Q132458461,Winklmühle,Factory,,
Austria,Q40,http://www.wikidata.org/entity/Q63115118,Brauerei Schladming,Factory,,
Austria,Q40,http://www.wikidata.org/entity/Q108529124,Q108529124,Factory,,
Austria,Q40,http://www.wikidata.org/entity/Q111036337,Q111036337,Factory,,
Austria,Q40,http://www.wikidata.org/entity/Q111804820,Q111804820,Factory,,
Austria,Q40,http://www.wikidata.org/entity/Q114295248,Q114295248,Factory,,
Austria,Q40,http://www.wikidata.org/entity/Q108922602,Meininger,Factory,,
Austria,Q40,http://www.wikidata.org/entity/Q116172718,Q116172718,Factory,,
Austria,Q40,http://www.wikidata.org/entity/Q116314428,Q116314428,Factory,,
Austria,Q40,http://www.wikidata.org/entity/Q110644572,mint of Griffen,Factory,,
Austria,Q40,http://www.wikidata.org/entity/Q123437179,Q123437179,Factory,,
Austria,Q40,http://www.wikidata.org/entity/Q116949732,Hansy Kaffee,Factory,,
Austria,Q40,http://www.wikidata.org/entity/Q117006070,Mikado Kaffee,Factory,,
Austria,Q40,http://www.wikidata.org/entity/Q132551547,Q132551547,Factory,,
Austria,Q40,http://www.wikidata.org/entity/Q121096882,Eisenwerke Wördern,Factory,,
Austria,Q40,http://www.wikidata.org/entity/Q900354,Q900354,Factory,,
Austria,Q40,http://www.wikidata.org/entity/Q900381,Q900381,Factory,,
Austria,Q40,http://www.wikidata.org/entity/Q125758636,Murau Brewery,Factory,,
Austria,Q40,http://www.wikidata.org/entity/Q15116424,Q15116424,Factory,,
Austria,Q40,http://www.wikidata.org/entity/Q2332857,Starkenberger,Factory,,
Austria,Q40,http://www.wikidata.org/entity/Q1622961,Hofbräu Kaltenhausen,Factory,,
Austria,Q40,http://www.wikidata.org/entity/Q198690,Ziegelofen Gänserndorf,Factory,,
Austria,Q40,http://www.wikidata.org/entity/Q1942919,Mohren-Brewery,Factory,,
Austria,Q40,http://www.wikidata.org/entity/Q2514919,Vereinigte Eisfabriken und Kühlhallen in Wien,Factory,,
Austria,Q40,http://www.wikidata.org/entity/Q2663359,Brauerei Fohrenburg,Factory,,
Austria,Q40,http://www.wikidata.org/entity/Q455901,Austrian Mint,Factory,,
Austria,Q40,http://www.wikidata.org/entity/Q18027014,Privatbrauerei Fritz Egger,Factory,,
Austria,Q40,http://www.wikidata.org/entity/Q42532983,Q42532983,Factory,,
Austria,Q40,http://www.wikidata.org/entity/Q21582246,Pinzgau Bräu,Factory,,
Austria,Q40,http://www.wikidata.org/entity/Q47456737,Q47456737,Factory,,
Austria,Q40,http://www.wikidata.org/entity/Q129443437,Spitzenbier,Factory,,
Austria,Q40,http://www.wikidata.org/entity/Q131916011,Bierol,Factory,,
Austria,Q40,http://www.wikidata.org/entity/Q30854273,Poschacher brewery,Factory,,
Austria,Q40,http://www.wikidata.org/entity/Q900163,Brauerei Egg,Factory,,
Austria,Q40,http://www.wikidata.org/entity/Q900242,Brauerei Hofstetten Krammer,Factory,,
Austria,Q40,http://www.wikidata.org/entity/Q900255,Brauerei Jos. Baumgartner,Factory,,
Austria,Q40,http://www.wikidata.org/entity/Q900335,Brauerei Puntigam,Factory,,
Austria,Q40,http://www.wikidata.org/entity/Q900409,Brauerei Wieselburg,Factory,,
Austria,Q40,http://www.wikidata.org/entity/Q900486,Brauhaus Gusswerk,Factory,,
Austria,Q40,http://www.wikidata.org/entity/Q877556,Stiegl Brewery,Factory,,
Austria,Q40,http://www.wikidata.org/entity/Q99344160,Q99344160,Factory,,
Austria,Q40,http://www.wikidata.org/entity/Q196966,Zeughauskaserne,Factory,,
Austria,Q40,http://www.wikidata.org/entity/Q22671629,Gießerei Büchsenhausen,Factory,,
Slovenia,Q215,http://www.wikidata.org/entity/Q20798572,MBB,Factory,,
Slovenia,Q215,http://www.wikidata.org/entity/Q15631032,Novo Mesto Renault factory,Factory,,
Slovenia,Q215,http://www.wikidata.org/entity/Q20798536,Gostol,Factory,,
Slovenia,Q215,http://www.wikidata.org/entity/Q20798509,Meblo Jogi,Factory,,
Slovenia,Q215,http://www.wikidata.org/entity/Q25495752,Pelicon Brewery,Factory,,
Slovenia,Q215,http://www.wikidata.org/entity/Q33262095,Melamin,Factory,,
Slovenia,Q215,http://www.wikidata.org/entity/Q94540816,Mariborska tekstilna tovarna,Factory,,
Slovenia,Q215,http://www.wikidata.org/entity/Q108922609,MZ Czechoslovakia,Factory,,
Slovenia,Q215,http://www.wikidata.org/entity/Q110644600,mint of Pettau,Factory,,
Slovenia,Q215,http://www.wikidata.org/entity/Q110644608,mint of Rann,Factory,,
Slovenia,Q215,http://www.wikidata.org/entity/Q110644615,mint of Stein in Oberkrain,Factory,,
Slovenia,Q215,http://www.wikidata.org/entity/Q110644612,mint of Rajhenburg,Factory,,
Slovenia,Q215,http://www.wikidata.org/entity/Q110644620,mint of Stein in Windischgrätz,Factory,,
Yugoslavia,Q36704,http://www.wikidata.org/entity/Q12755269,Q12755269,Factory,,
Poland,Q36,http://www.wikidata.org/entity/Q104381866,Zuckerfabrik Fraustadt,Factory,,
Poland,Q36,http://www.wikidata.org/entity/Q98446708,Cadinen Pottery,Factory,,
Poland,Q36,http://www.wikidata.org/entity/Q102291992,Zelmotor,Factory,,
Poland,Q36,http://www.wikidata.org/entity/Q109562716,Q109562716,Factory,,
Poland,Q36,http://www.wikidata.org/entity/Q105964167,Porzellanfabrik und -malerei K. Steinmann,Factory,,
Poland,Q36,http://www.wikidata.org/entity/Q112730762,Q112730762,Factory,,
Poland,Q36,http://www.wikidata.org/entity/Q110801903,Faience and porcelain factory in Włocławek,Factory,,
Poland,Q36,http://www.wikidata.org/entity/Q115972009,"Huta ""Sosnowiec""",Factory,,
Poland,Q36,http://www.wikidata.org/entity/Q1322813,Warka,Factory,,
Poland,Q36,http://www.wikidata.org/entity/Q53955904,Brendel manufactory,Factory,,
Poland,Q36,http://www.wikidata.org/entity/Q9197075,Q9197075,Factory,,
Poland,Q36,http://www.wikidata.org/entity/Q9257575,Q9257575,Factory,,
Poland,Q36,http://www.wikidata.org/entity/Q11691735,Q11691735,Factory,,
Poland,Q36,http://www.wikidata.org/entity/Q9360002,Tonsil,Factory,,
Poland,Q36,http://www.wikidata.org/entity/Q9253018,Elwa,Factory,,
Poland,Q36,http://www.wikidata.org/entity/Q9360142,Filmar,Factory,,
Poland,Q36,http://www.wikidata.org/entity/Q11766205,Magmor,Factory,,
Poland,Q36,http://www.wikidata.org/entity/Q11824017,Mikrostyk,Factory,,
Poland,Q36,http://www.wikidata.org/entity/Q11826153,Poznańska Fabryka Maszyn Żniwnych „Agromet”,Factory,,
Poland,Q36,http://www.wikidata.org/entity/Q17098552,Pafawag,Factory,,
Poland,Q36,http://www.wikidata.org/entity/Q4339114,Ostroh Typography,Factory,,
Poland,Q36,http://www.wikidata.org/entity/Q21980993,Printing house of Schweipolt Fiol,Factory,,
Poland,Q36,http://www.wikidata.org/entity/Q75438,Żywiec Brewery,Factory,,
Poland,Q36,http://www.wikidata.org/entity/Q24945590,Peterseim former factory in Kraków,Factory,,
Poland,Q36,http://www.wikidata.org/entity/Q24947146,Elpod,Factory,,
Poland,Q36,http://www.wikidata.org/entity/Q24947144,Unitra-Lipsk,Factory,,
Poland,Q36,http://www.wikidata.org/entity/Q24948221,Polfer,Factory,,
Poland,Q36,http://www.wikidata.org/entity/Q9392132,Zumet,Factory,,
Poland,Q36,http://www.wikidata.org/entity/Q9395032,Fonica,Factory,,
Poland,Q36,http://www.wikidata.org/entity/Q9149146,Q9149146,Factory,,
Poland,Q36,http://www.wikidata.org/entity/Q9180092,Q9180092,Factory,,
Poland,Q36,http://www.wikidata.org/entity/Q9180101,Q9180101,Factory,,
Poland,Q36,http://www.wikidata.org/entity/Q9180107,Q9180107,Factory,,
Poland,Q36,http://www.wikidata.org/entity/Q9180114,Q9180114,Factory,,
Poland,Q36,http://www.wikidata.org/entity/Q9180112,Q9180112,Factory,,
Poland,Q36,http://www.wikidata.org/entity/Q9180116,Q9180116,Factory,,
Poland,Q36,http://www.wikidata.org/entity/Q9180135,Q9180135,Factory,,
Poland,Q36,http://www.wikidata.org/entity/Q9180148,Q9180148,Factory,,
Poland,Q36,http://www.wikidata.org/entity/Q9180154,Q9180154,Factory,,
Poland,Q36,http://www.wikidata.org/entity/Q9180168,Q9180168,Factory,,
Poland,Q36,http://www.wikidata.org/entity/Q9180215,Q9180215,Factory,,
Poland,Q36,http://www.wikidata.org/entity/Q9180212,Q9180212,Factory,,
Poland,Q36,http://www.wikidata.org/entity/Q11688906,Q11688906,Factory,,
Poland,Q36,http://www.wikidata.org/entity/Q5636713,Haberbusch i Schiele,Factory,,
Poland,Q36,http://www.wikidata.org/entity/Q9180091,Browar Braniewo,Factory,,
Poland,Q36,http://www.wikidata.org/entity/Q9180105,Brewery in Połczyn-Zdrój,Factory,,
Poland,Q36,http://www.wikidata.org/entity/Q9180128,Browar Janów Lubelski,Factory,,
Poland,Q36,http://www.wikidata.org/entity/Q9180136,Browar Jędrzejów,Factory,,
Poland,Q36,http://www.wikidata.org/entity/Q9180174,Obywatelski Brewery in Tychy,Factory,,
Poland,Q36,http://www.wikidata.org/entity/Q60863398,Odlewnia dzwonów Karol Schwabe,Factory,,
Poland,Q36,http://www.wikidata.org/entity/Q115787375,Q115787375,Factory,,
Poland,Q36,http://www.wikidata.org/entity/Q110644149,Germania Mint,Factory,,
Poland,Q36,http://www.wikidata.org/entity/Q110644593,mint of Ohlau,Factory,,
Poland,Q36,http://www.wikidata.org/entity/Q110896080,Oliwa mint,Factory,,
Poland,Q36,http://www.wikidata.org/entity/Q112746023,Browar Mentzen,Factory,,
Poland,Q36,http://www.wikidata.org/entity/Q115007305,Tenczynek Brewery,Factory,,
Poland,Q36,http://www.wikidata.org/entity/Q133502536,Q133502536,Factory,,
Poland,Q36,http://www.wikidata.org/entity/Q111305305,Kreuzburger Hütte,Factory,,
Poland,Q36,http://www.wikidata.org/entity/Q30091913,Q30091913,Factory,,
Poland,Q36,http://www.wikidata.org/entity/Q24945733,Crystal Glasswork Julia in Piechowice,Factory,,
Poland,Q36,http://www.wikidata.org/entity/Q98123277,Q98123277,Factory,,
Poland,Q36,http://www.wikidata.org/entity/Q123503143,Q123503143,Factory,,
Poland,Q36,http://www.wikidata.org/entity/Q30037735,Q30037735,Factory,,
Poland,Q36,http://www.wikidata.org/entity/Q30582937,Q30582937,Factory,,
Poland,Q36,http://www.wikidata.org/entity/Q30787263,Q30787263,Factory,,
Poland,Q36,http://www.wikidata.org/entity/Q30953346,Q30953346,Factory,,
Poland,Q36,http://www.wikidata.org/entity/Q9266460,Q9266460,Factory,,
Poland,Q36,http://www.wikidata.org/entity/Q56329070,Q56329070,Factory,,
Poland,Q36,http://www.wikidata.org/entity/Q11699500,Gasworks in Łódź,Factory,,
Poland,Q36,http://www.wikidata.org/entity/Q11710320,Huta Częstochowa,Factory,,
Poland,Q36,http://www.wikidata.org/entity/Q11710334,Huta Zabrze,Factory,,
Poland,Q36,http://www.wikidata.org/entity/Q9295114,Huta Bankowa,Factory,,
Poland,Q36,http://www.wikidata.org/entity/Q9295233,Huta Zgoda,Factory,,
Poland,Q36,http://www.wikidata.org/entity/Q134713462,Q134713462,Factory,,
Poland,Q36,http://www.wikidata.org/entity/Q125542457,Meat Plant Lenarcik,Factory,,
Poland,Q36,http://www.wikidata.org/entity/Q1529960,Glatz Mint,Factory,,
Poland,Q36,http://www.wikidata.org/entity/Q24941750,Q24941750,Factory,,
Poland,Q36,http://www.wikidata.org/entity/Q24948442,Q24948442,Factory,,
Poland,Q36,http://www.wikidata.org/entity/Q33327872,Q33327872,Factory,,
Poland,Q36,http://www.wikidata.org/entity/Q3663199,Van Pur,Factory,,
Poland,Q36,http://www.wikidata.org/entity/Q4371256,Mint of Poland,Factory,,
Poland,Q36,http://www.wikidata.org/entity/Q4975906,Perła – Browary Lubelskie,Factory,,
Poland,Q36,http://www.wikidata.org/entity/Q106461313,H. Dietel Spółka Akcyjna of the Textile Industry in Sosnowiec,Factory,,
Switzerland,Q39,http://www.wikidata.org/entity/Q63725711,Pastori art foundry,Factory,,
Switzerland,Q39,http://www.wikidata.org/entity/Q113990435,Q113990435,Factory,,
Switzerland,Q39,http://www.wikidata.org/entity/Q115484405,Q115484405,Factory,,
Switzerland,Q39,http://www.wikidata.org/entity/Q31839137,Glockengiesserei Eschmann,Factory,,
Switzerland,Q39,http://www.wikidata.org/entity/Q71448503,MüllerBräu Baden AG,Factory,,
Switzerland,Q39,http://www.wikidata.org/entity/Q112166617,Huguenin mint,Factory,,
Switzerland,Q39,http://www.wikidata.org/entity/Q126937342,Q126937342,Factory,,
Switzerland,Q39,http://www.wikidata.org/entity/Q115436288,Chopfab Boxer,Factory,,
Switzerland,Q39,http://www.wikidata.org/entity/Q2924033,Q2924033,Factory,,
Switzerland,Q39,http://www.wikidata.org/entity/Q2924063,Q2924063,Factory,,
Switzerland,Q39,http://www.wikidata.org/entity/Q3539928,Q3539928,Factory,,
Switzerland,Q39,http://www.wikidata.org/entity/Q686666,Feldschlösschen,Factory,,
Switzerland,Q39,http://www.wikidata.org/entity/Q900166,Eichhof,Factory,,
Switzerland,Q39,http://www.wikidata.org/entity/Q1531862,Glockengiesserei Egger,Factory,,
Switzerland,Q39,http://www.wikidata.org/entity/Q1999697,Brauerei Albert Egger,Factory,,
Switzerland,Q39,http://www.wikidata.org/entity/Q225900,Cardinal Brewery,Factory,,
Switzerland,Q39,http://www.wikidata.org/entity/Q2174901,Rugenbräu,Factory,,
Switzerland,Q39,http://www.wikidata.org/entity/Q2260033,Brauerei Schützengarten,Factory,,
Switzerland,Q39,http://www.wikidata.org/entity/Q2924060,Brasserie des Franches-Montagnes,Factory,,
Switzerland,Q39,http://www.wikidata.org/entity/Q25112291,Manufacture Royale,Factory,,
Switzerland,Q39,http://www.wikidata.org/entity/Q18633282,Zurich brickworks,Factory,,
Switzerland,Q39,http://www.wikidata.org/entity/Q672792,Swissmint,Factory,,
Switzerland,Q39,http://www.wikidata.org/entity/Q21008410,Weberei Damsau,Factory,,
Switzerland,Q39,http://www.wikidata.org/entity/Q22671632,Glockengiesserei Keller,Factory,,
Switzerland,Q39,http://www.wikidata.org/entity/Q25388704,Lego Produktion AG,Factory,,
Switzerland,Q39,http://www.wikidata.org/entity/Q900101,Brauerei Adler,Factory,,
Switzerland,Q39,http://www.wikidata.org/entity/Q900178,Felsenau Brewery,Factory,,
Switzerland,Q39,http://www.wikidata.org/entity/Q900302,Brauerei Locher,Factory,,
Switzerland,Q39,http://www.wikidata.org/entity/Q900416,Brauerei Wädenswil,Factory,,
Switzerland,Q39,http://www.wikidata.org/entity/Q25387502,Seifenfabrik Sträuli,Factory,,
Switzerland,Q39,http://www.wikidata.org/entity/Q47001390,Seidenweberei Haas,Factory,,
Switzerland,Q39,http://www.wikidata.org/entity/Q47545935,Zementfabrik Lägern,Factory,,
Switzerland,Q39,http://www.wikidata.org/entity/Q98382941,Q98382941,Factory,,
Switzerland,Q39,http://www.wikidata.org/entity/Q16662770,Q16662770,Factory,,
Switzerland,Q39,http://www.wikidata.org/entity/Q60846675,Q60846675,Factory,,
Switzerland,Q39,http://www.wikidata.org/entity/Q20012497,former Zeughaus Bern,Factory,,
Switzerland,Q39,http://www.wikidata.org/entity/Q98108375,Q98108375,Factory,,
Switzerland,Q39,http://www.wikidata.org/entity/Q98274282,Q98274282,Factory,,
Switzerland,Q39,http://www.wikidata.org/entity/Q126363062,Q126363062,Factory,,
Switzerland,Q39,http://www.wikidata.org/entity/Q105838565,Langatun,Factory,,
Switzerland,Q39,http://www.wikidata.org/entity/Q117220382,Q117220382,Factory,,
North Macedonia,Q221,http://www.wikidata.org/entity/Q3403126,Prilep Brewery,Factory,,
North Macedonia,Q221,http://www.wikidata.org/entity/Q61119640,Grozd,Factory,,
North Macedonia,Q221,http://www.wikidata.org/entity/Q12284846,"Bullet Foundry, Kruševo",Factory,,
Egypt,Q79,http://www.wikidata.org/entity/Q117536619,Sakr Factory,Factory,,
Egypt,Q79,http://www.wikidata.org/entity/Q124727345,Kader Factory for Developed Industries,Factory,,
Egypt,Q79,http://www.wikidata.org/entity/Q113799933,Uncertain Mint 2,Factory,,
Egypt,Q79,http://www.wikidata.org/entity/Q20403295,Q20403295,Factory,,
Egypt,Q79,http://www.wikidata.org/entity/Q20423334,Q20423334,Factory,,
Egypt,Q79,http://www.wikidata.org/entity/Q127431507,Uncertain Mint 1,Factory,,
Egypt,Q79,http://www.wikidata.org/entity/Q55577083,Q55577083,Factory,,
Egypt,Q79,http://www.wikidata.org/entity/Q113799943,Uncertain Mint 3,Factory,,
Egypt,Q79,http://www.wikidata.org/entity/Q113799907,Uncertain Mint 1,Factory,,
Egypt,Q79,http://www.wikidata.org/entity/Q123124465,Q123124465,Factory,,
Egypt,Q79,http://www.wikidata.org/entity/Q117304340,Al-Sawi Printing House,Factory,,
Egypt,Q79,http://www.wikidata.org/entity/Q131909902,Q131909902,Factory,,
Finland,Q33,http://www.wikidata.org/entity/Q84413345,Tampereen teknokemia Oy,Factory,,
Finland,Q33,http://www.wikidata.org/entity/Q84413959,Tampereen värjäys- ja valkaisulaitos,Factory,,
Finland,Q33,http://www.wikidata.org/entity/Q84415685,Virtain puu- ja terva Oy,Factory,,
Finland,Q33,http://www.wikidata.org/entity/Q84418155,Merkeli- ja tahkotehdas Oy,Factory,,
Finland,Q33,http://www.wikidata.org/entity/Q124398490,Panimoyhtiö Tuju,Factory,,
Finland,Q33,http://www.wikidata.org/entity/Q623846,Arabia,Factory,,
Finland,Q33,http://www.wikidata.org/entity/Q5478097,Q5478097,Factory,,
Finland,Q33,http://www.wikidata.org/entity/Q11902538,Q11902538,Factory,,
Finland,Q33,http://www.wikidata.org/entity/Q18660743,Q18660743,Factory,,
Finland,Q33,http://www.wikidata.org/entity/Q20249535,Q20249535,Factory,,
Finland,Q33,http://www.wikidata.org/entity/Q11889555,Q11889555,Factory,,
Finland,Q33,http://www.wikidata.org/entity/Q23040115,Q23040115,Factory,,
Finland,Q33,http://www.wikidata.org/entity/Q25452959,Q25452959,Factory,,
Finland,Q33,http://www.wikidata.org/entity/Q26257085,Q26257085,Factory,,
Finland,Q33,http://www.wikidata.org/entity/Q11854500,Bookwell,Factory,,
Finland,Q33,http://www.wikidata.org/entity/Q11873622,Kupittaan Savi,Factory,,
Finland,Q33,http://www.wikidata.org/entity/Q11886599,Panimoravintola Beer Hunter's,Factory,,
Finland,Q33,http://www.wikidata.org/entity/Q11894488,Stora Enso Imatra Mill,Factory,,
Finland,Q33,http://www.wikidata.org/entity/Q11900059,Vakka-Suomen Panimo Osakeyhtiö,Factory,,
Finland,Q33,http://www.wikidata.org/entity/Q28721501,Q28721501,Factory,,
Finland,Q33,http://www.wikidata.org/entity/Q31886634,Q31886634,Factory,,
Finland,Q33,http://www.wikidata.org/entity/Q18689060,Penko,Factory,,
Finland,Q33,http://www.wikidata.org/entity/Q18660463,Lammin Sahti,Factory,,
Finland,Q33,http://www.wikidata.org/entity/Q18662076,Stadin Panimo,Factory,,
Finland,Q33,http://www.wikidata.org/entity/Q18662140,Suomenlinna Brewery,Factory,,
Finland,Q33,http://www.wikidata.org/entity/Q18688960,Mattisen Teollisuus,Factory,,
Finland,Q33,http://www.wikidata.org/entity/Q18689134,Ruosniemi Brewery,Factory,,
Finland,Q33,http://www.wikidata.org/entity/Q18689138,Saimaa Brewing Co,Factory,,
Finland,Q33,http://www.wikidata.org/entity/Q7048063,Nokian Panimo,Factory,,
Finland,Q33,http://www.wikidata.org/entity/Q25452593,Äänekoski bioproduct mill,Factory,,
Finland,Q33,http://www.wikidata.org/entity/Q128914856,Lahden Paita,Factory,,
Finland,Q33,http://www.wikidata.org/entity/Q60980971,Q60980971,Factory,,
Finland,Q33,http://www.wikidata.org/entity/Q11868257,Jyskä factories,Factory,,
Finland,Q33,http://www.wikidata.org/entity/Q61936781,Q61936781,Factory,,
Finland,Q33,http://www.wikidata.org/entity/Q63033007,Q63033007,Factory,,
Finland,Q33,http://www.wikidata.org/entity/Q65245778,Q65245778,Factory,,
Finland,Q33,http://www.wikidata.org/entity/Q56403235,Toppila pulp mill,Factory,,
Finland,Q33,http://www.wikidata.org/entity/Q76385923,Q76385923,Factory,,
Finland,Q33,http://www.wikidata.org/entity/Q81978553,Q81978553,Factory,,
Finland,Q33,http://www.wikidata.org/entity/Q83853187,Q83853187,Factory,,
Finland,Q33,http://www.wikidata.org/entity/Q83873576,Q83873576,Factory,,
Finland,Q33,http://www.wikidata.org/entity/Q84079455,Q84079455,Factory,,
Finland,Q33,http://www.wikidata.org/entity/Q99563225,Q99563225,Factory,,
Finland,Q33,http://www.wikidata.org/entity/Q99563281,Q99563281,Factory,,
Finland,Q33,http://www.wikidata.org/entity/Q100137364,Q100137364,Factory,,
Finland,Q33,http://www.wikidata.org/entity/Q100595138,Q100595138,Factory,,
Finland,Q33,http://www.wikidata.org/entity/Q100595146,Q100595146,Factory,,
Finland,Q33,http://www.wikidata.org/entity/Q100595319,Q100595319,Factory,,
Finland,Q33,http://www.wikidata.org/entity/Q100595349,Q100595349,Factory,,
Finland,Q33,http://www.wikidata.org/entity/Q100256275,Fat Lizard Brewing Company,Factory,,
Finland,Q33,http://www.wikidata.org/entity/Q103842898,Q103842898,Factory,,
Finland,Q33,http://www.wikidata.org/entity/Q130284112,Voisalmi district heating plant,Factory,,
Finland,Q33,http://www.wikidata.org/entity/Q65234563,Hopping Brewsters Beer Company,Factory,,
Finland,Q33,http://www.wikidata.org/entity/Q116927192,Q116927192,Factory,,
Finland,Q33,http://www.wikidata.org/entity/Q110662905,Varkaus pulp and paper mills,Factory,,
Finland,Q33,http://www.wikidata.org/entity/Q84414346,Teknika,Factory,,
Finland,Q33,http://www.wikidata.org/entity/Q18663017,Wilh. Andstén Factory,Factory,,
Finland,Q33,http://www.wikidata.org/entity/Q18660388,Verkaranta Arts and Crafts Centre,Factory,,
Finland,Q33,http://www.wikidata.org/entity/Q18662638,Vaasan puuvilla Osakeyhtiö,Factory,,
Finland,Q33,http://www.wikidata.org/entity/Q18689121,Fiskarsin Panimo,Factory,,
Finland,Q33,http://www.wikidata.org/entity/Q78124993,Ratinan tehtaat Oy,Factory,,
Finland,Q33,http://www.wikidata.org/entity/Q79022169,Uotilan viilatehdas Oy,Factory,,
Finland,Q33,http://www.wikidata.org/entity/Q104160826,Q104160826,Factory,,
Finland,Q33,http://www.wikidata.org/entity/Q65241762,Oratop,Factory,,
Finland,Q33,http://www.wikidata.org/entity/Q105972875,Kemi bioproduct mill,Factory,,
Finland,Q33,http://www.wikidata.org/entity/Q113559518,Q113559518,Factory,,
Finland,Q33,http://www.wikidata.org/entity/Q110962939,Kissakoski Ironworks,Factory,,
Finland,Q33,http://www.wikidata.org/entity/Q78034418,Hauho Oy,Factory,,
Finland,Q33,http://www.wikidata.org/entity/Q78035289,Kalliolahden saha,Factory,,
Finland,Q33,http://www.wikidata.org/entity/Q78035934,Tampereen puutavara Oy,Factory,,
Finland,Q33,http://www.wikidata.org/entity/Q129261196,Q129261196,Factory,,
Finland,Q33,http://www.wikidata.org/entity/Q18689217,Tamfelt Corporation,Factory,,
Finland,Q33,http://www.wikidata.org/entity/Q129439282,Q129439282,Factory,,
Finland,Q33,http://www.wikidata.org/entity/Q130323762,Q130323762,Factory,,
Finland,Q33,http://www.wikidata.org/entity/Q79080503,Tampereen karstalanka-kehruutehdas Oy,Factory,,
Finland,Q33,http://www.wikidata.org/entity/Q122537909,Raivolan Kotelotehdas,Factory,,
Finland,Q33,http://www.wikidata.org/entity/Q84467620,Oy Tiili,Factory,,
Finland,Q33,http://www.wikidata.org/entity/Q84482568,Kalevan tiilitehdas,Factory,,
Finland,Q33,http://www.wikidata.org/entity/Q84483072,Vaissin tiilitehdas,Factory,,
Finland,Q33,http://www.wikidata.org/entity/Q84485282,Tampereen kalkkitiilitehdas,Factory,,
Finland,Q33,http://www.wikidata.org/entity/Q1587723,Hartwall,Factory,,
Finland,Q33,http://www.wikidata.org/entity/Q1329236,Finlayson,Factory,,
Finland,Q33,http://www.wikidata.org/entity/Q11854450,Bock,Factory,,
Finland,Q33,http://www.wikidata.org/entity/Q18688854,Q18688854,Factory,,
Finland,Q33,http://www.wikidata.org/entity/Q18689303,Q18689303,Factory,,
Finland,Q33,http://www.wikidata.org/entity/Q18658994,Herman,Factory,,
Finland,Q33,http://www.wikidata.org/entity/Q21487095,Q21487095,Factory,,
Finland,Q33,http://www.wikidata.org/entity/Q11874599,Q11874599,Factory,,
Finland,Q33,http://www.wikidata.org/entity/Q18658761,Figura,Factory,,
Finland,Q33,http://www.wikidata.org/entity/Q11880695,Mallasjuoma,Factory,,
Finland,Q33,http://www.wikidata.org/entity/Q4045735,Olvi,Factory,,
Finland,Q33,http://www.wikidata.org/entity/Q97634709,Åminnefors Ab,Factory,,
Finland,Q33,http://www.wikidata.org/entity/Q31086021,Q31086021,Factory,,
Finland,Q33,http://www.wikidata.org/entity/Q3063975,Kangasalan urkutehdas,Factory,,
Finland,Q33,http://www.wikidata.org/entity/Q3359700,Mint of Finland,Factory,,
Finland,Q33,http://www.wikidata.org/entity/Q21487093,Maku Brewing,Factory,,
Finland,Q33,http://www.wikidata.org/entity/Q23870435,Q23870435,Factory,,
Finland,Q33,http://www.wikidata.org/entity/Q6474193,Laitilan Wirvoitusjuomatehdas,Factory,,
Finland,Q33,http://www.wikidata.org/entity/Q56400217,Q56400217,Factory,,
Finland,Q33,http://www.wikidata.org/entity/Q129260997,Mirror Line,Factory,,
Finland,Q33,http://www.wikidata.org/entity/Q130354586,Zacus Karijoki,Factory,,
Finland,Q33,http://www.wikidata.org/entity/Q11898167,Toppila Brewery,Factory,,
Finland,Q33,http://www.wikidata.org/entity/Q65238762,Q65238762,Factory,,
Finland,Q33,http://www.wikidata.org/entity/Q77036183,Q77036183,Factory,,
Finland,Q33,http://www.wikidata.org/entity/Q78033357,Q78033357,Factory,,
Finland,Q33,http://www.wikidata.org/entity/Q78036573,Q78036573,Factory,,
Finland,Q33,http://www.wikidata.org/entity/Q83787037,Q83787037,Factory,,
Finland,Q33,http://www.wikidata.org/entity/Q97340771,Q97340771,Factory,,
Finland,Q33,http://www.wikidata.org/entity/Q97918279,Q97918279,Factory,,
Finland,Q33,http://www.wikidata.org/entity/Q100594820,Q100594820,Factory,,
Finland,Q33,http://www.wikidata.org/entity/Q100595135,Q100595135,Factory,,
Finland,Q33,http://www.wikidata.org/entity/Q100595132,Q100595132,Factory,,
Finland,Q33,http://www.wikidata.org/entity/Q100595145,Q100595145,Factory,,
Finland,Q33,http://www.wikidata.org/entity/Q100595173,Q100595173,Factory,,
Finland,Q33,http://www.wikidata.org/entity/Q100595182,Q100595182,Factory,,
Finland,Q33,http://www.wikidata.org/entity/Q100595189,Q100595189,Factory,,
Finland,Q33,http://www.wikidata.org/entity/Q100595219,Q100595219,Factory,,
Finland,Q33,http://www.wikidata.org/entity/Q100595317,Q100595317,Factory,,
Finland,Q33,http://www.wikidata.org/entity/Q100595321,Q100595321,Factory,,
Finland,Q33,http://www.wikidata.org/entity/Q100595358,Q100595358,Factory,,
Finland,Q33,http://www.wikidata.org/entity/Q100595362,Q100595362,Factory,,
Finland,Q33,http://www.wikidata.org/entity/Q100672938,Q100672938,Factory,,
Finland,Q33,http://www.wikidata.org/entity/Q100929629,Q100929629,Factory,,
Finland,Q33,http://www.wikidata.org/entity/Q116679538,Säynätsalo fibreboard mill,Factory,,
Finland,Q33,http://www.wikidata.org/entity/Q103925385,Q103925385,Factory,,
Finland,Q33,http://www.wikidata.org/entity/Q103925497,Q103925497,Factory,,
Finland,Q33,http://www.wikidata.org/entity/Q84341578,Kenkätehdas Kolmio,Factory,,
Finland,Q33,http://www.wikidata.org/entity/Q84401592,Kenkätehdas Special,Factory,,
Finland,Q33,http://www.wikidata.org/entity/Q86497348,Huttusen kenkätehdas,Factory,,
Finland,Q33,http://www.wikidata.org/entity/Q20253355,Q20253355,Factory,,
Finland,Q33,http://www.wikidata.org/entity/Q56668850,Q56668850,Factory,,
Finland,Q33,http://www.wikidata.org/entity/Q125572836,Viking Coffee,Factory,,
Finland,Q33,http://www.wikidata.org/entity/Q100595140,Q100595140,Factory,,
Finland,Q33,http://www.wikidata.org/entity/Q100595184,Q100595184,Factory,,
Finland,Q33,http://www.wikidata.org/entity/Q100595194,Q100595194,Factory,,
Finland,Q33,http://www.wikidata.org/entity/Q100595192,Q100595192,Factory,,
Finland,Q33,http://www.wikidata.org/entity/Q100595215,Q100595215,Factory,,
Finland,Q33,http://www.wikidata.org/entity/Q100595218,Q100595218,Factory,,
Finland,Q33,http://www.wikidata.org/entity/Q100595222,Q100595222,Factory,,
Finland,Q33,http://www.wikidata.org/entity/Q100595233,Q100595233,Factory,,
Finland,Q33,http://www.wikidata.org/entity/Q100595327,Q100595327,Factory,,
Finland,Q33,http://www.wikidata.org/entity/Q100595329,Q100595329,Factory,,
Finland,Q33,http://www.wikidata.org/entity/Q100704725,Q100704725,Factory,,
Finland,Q33,http://www.wikidata.org/entity/Q101105279,Q101105279,Factory,,
Finland,Q33,http://www.wikidata.org/entity/Q101225549,Q101225549,Factory,,
Finland,Q33,http://www.wikidata.org/entity/Q101225556,Q101225556,Factory,,
Finland,Q33,http://www.wikidata.org/entity/Q101225557,Q101225557,Factory,,
Finland,Q33,http://www.wikidata.org/entity/Q101225562,Q101225562,Factory,,
Finland,Q33,http://www.wikidata.org/entity/Q101225563,Q101225563,Factory,,
Finland,Q33,http://www.wikidata.org/entity/Q101225561,Q101225561,Factory,,
Finland,Q33,http://www.wikidata.org/entity/Q101225566,Q101225566,Factory,,
Finland,Q33,http://www.wikidata.org/entity/Q101225565,Q101225565,Factory,,
Finland,Q33,http://www.wikidata.org/entity/Q101225570,Q101225570,Factory,,
Finland,Q33,http://www.wikidata.org/entity/Q101225571,Q101225571,Factory,,
Finland,Q33,http://www.wikidata.org/entity/Q101225569,Q101225569,Factory,,
Finland,Q33,http://www.wikidata.org/entity/Q101225579,Q101225579,Factory,,
Finland,Q33,http://www.wikidata.org/entity/Q101225576,Q101225576,Factory,,
Finland,Q33,http://www.wikidata.org/entity/Q101225581,Q101225581,Factory,,
Finland,Q33,http://www.wikidata.org/entity/Q101225585,Q101225585,Factory,,
Finland,Q33,http://www.wikidata.org/entity/Q101225593,Q101225593,Factory,,
Finland,Q33,http://www.wikidata.org/entity/Q101225596,Q101225596,Factory,,
Finland,Q33,http://www.wikidata.org/entity/Q102045533,Q102045533,Factory,,
Finland,Q33,http://www.wikidata.org/entity/Q110017520,Q110017520,Factory,,
Finland,Q33,http://www.wikidata.org/entity/Q86495804,Palmrothin kenkätehdas,Factory,,
Finland,Q33,http://www.wikidata.org/entity/Q117306582,Kahvi,Factory,,
Finland,Q33,http://www.wikidata.org/entity/Q84349659,Santalahden kenkätehdas,Factory,,
Finland,Q33,http://www.wikidata.org/entity/Q110508024,The Helsinki Distilling Company,Factory,,
Finland,Q33,http://www.wikidata.org/entity/Q18609939,Kestilä Sawmill,Factory,,
Finland,Q33,http://www.wikidata.org/entity/Q126194095,Q126194095,Factory,,
Finland,Q33,http://www.wikidata.org/entity/Q126204107,Q126204107,Factory,,
Finland,Q33,http://www.wikidata.org/entity/Q126325413,Q126325413,Factory,,
Finland,Q33,http://www.wikidata.org/entity/Q126736887,Q126736887,Factory,,
Finland,Q33,http://www.wikidata.org/entity/Q126811119,Q126811119,Factory,,
Finland,Q33,http://www.wikidata.org/entity/Q118151150,Honkalahti Sawmill,Factory,,
Finland,Q33,http://www.wikidata.org/entity/Q107622099,Patola heating plant,Factory,,
Finland,Q33,http://www.wikidata.org/entity/Q28721623,Q28721623,Factory,,
Finland,Q33,http://www.wikidata.org/entity/Q18682660,Suitia ironworks,Factory,,
Finland,Q33,http://www.wikidata.org/entity/Q60968166,Q60968166,Factory,,
Finland,Q33,http://www.wikidata.org/entity/Q65271825,Q65271825,Factory,,
Finland,Q33,http://www.wikidata.org/entity/Q77925080,Q77925080,Factory,,
Finland,Q33,http://www.wikidata.org/entity/Q78122361,Q78122361,Factory,,
Finland,Q33,http://www.wikidata.org/entity/Q78126114,Q78126114,Factory,,
Finland,Q33,http://www.wikidata.org/entity/Q78129712,Q78129712,Factory,,
Finland,Q33,http://www.wikidata.org/entity/Q65250273,Billnäs bruk,Factory,,
Finland,Q33,http://www.wikidata.org/entity/Q116927263,Q116927263,Factory,,
Finland,Q33,http://www.wikidata.org/entity/Q116927339,Östermyra bruk,Factory,,
Finland,Q33,http://www.wikidata.org/entity/Q122782539,Pitkäkoski sawmill,Factory,,
Finland,Q33,http://www.wikidata.org/entity/Q84405390,Kuivatislaamo Oy,Factory,,
Finland,Q33,http://www.wikidata.org/entity/Q125858138,Järvenoja-Möllby pappersbruk,Factory,,
Finland,Q33,http://www.wikidata.org/entity/Q126274902,Haga Paper Mill,Factory,,
Finland,Q33,http://www.wikidata.org/entity/Q5391686,Q5391686,Factory,,
Finland,Q33,http://www.wikidata.org/entity/Q11850854,Q11850854,Factory,,
Finland,Q33,http://www.wikidata.org/entity/Q11869577,Q11869577,Factory,,
Finland,Q33,http://www.wikidata.org/entity/Q11869587,Q11869587,Factory,,
Finland,Q33,http://www.wikidata.org/entity/Q11874588,Q11874588,Factory,,
Finland,Q33,http://www.wikidata.org/entity/Q11875377,Q11875377,Factory,,
Finland,Q33,http://www.wikidata.org/entity/Q11884936,Q11884936,Factory,,
Finland,Q33,http://www.wikidata.org/entity/Q11889878,Q11889878,Factory,,
Finland,Q33,http://www.wikidata.org/entity/Q11892666,Q11892666,Factory,,
Finland,Q33,http://www.wikidata.org/entity/Q11898693,Q11898693,Factory,,
Finland,Q33,http://www.wikidata.org/entity/Q11899346,Q11899346,Factory,,
Finland,Q33,http://www.wikidata.org/entity/Q11902229,Q11902229,Factory,,
Finland,Q33,http://www.wikidata.org/entity/Q18659354,Q18659354,Factory,,
Finland,Q33,http://www.wikidata.org/entity/Q18659861,Q18659861,Factory,,
Finland,Q33,http://www.wikidata.org/entity/Q18659918,Q18659918,Factory,,
Finland,Q33,http://www.wikidata.org/entity/Q18660058,Q18660058,Factory,,
Finland,Q33,http://www.wikidata.org/entity/Q18660443,Q18660443,Factory,,
Finland,Q33,http://www.wikidata.org/entity/Q18662779,Q18662779,Factory,,
Finland,Q33,http://www.wikidata.org/entity/Q18681934,Q18681934,Factory,,
Finland,Q33,http://www.wikidata.org/entity/Q18682055,Q18682055,Factory,,
Finland,Q33,http://www.wikidata.org/entity/Q18682245,Q18682245,Factory,,
Finland,Q33,http://www.wikidata.org/entity/Q18682646,Q18682646,Factory,,
Finland,Q33,http://www.wikidata.org/entity/Q18693802,Q18693802,Factory,,
Finland,Q33,http://www.wikidata.org/entity/Q23040220,Q23040220,Factory,,
Finland,Q33,http://www.wikidata.org/entity/Q2367199,Altia,Factory,,
Finland,Q33,http://www.wikidata.org/entity/Q11854100,Berga Glass Factory,Factory,,
Finland,Q33,http://www.wikidata.org/entity/Q11864709,Iloniemi glassworks,Factory,,
Finland,Q33,http://www.wikidata.org/entity/Q11883780,Mänttä paper mill,Factory,,
Finland,Q33,http://www.wikidata.org/entity/Q105882720,Röyttä sawmill,Factory,,
Finland,Q33,http://www.wikidata.org/entity/Q41776853,Q41776853,Factory,,
Finland,Q33,http://www.wikidata.org/entity/Q41776862,Q41776862,Factory,,
Finland,Q33,http://www.wikidata.org/entity/Q41776877,Q41776877,Factory,,
Finland,Q33,http://www.wikidata.org/entity/Q18662833,Viiala glassworks,Factory,,
Finland,Q33,http://www.wikidata.org/entity/Q42904187,Q42904187,Factory,,
Finland,Q33,http://www.wikidata.org/entity/Q5400081,Penttilä sawmill,Factory,,
Finland,Q33,http://www.wikidata.org/entity/Q23045171,Kyrö Distillery Company,Factory,,
Finland,Q33,http://www.wikidata.org/entity/Q55576845,Q55576845,Factory,,
Finland,Q33,http://www.wikidata.org/entity/Q60812854,Q60812854,Factory,,
Finland,Q33,http://www.wikidata.org/entity/Q30689238,Ammuslataamo,Factory,,
Finland,Q33,http://www.wikidata.org/entity/Q77037885,Q77037885,Factory,,
Finland,Q33,http://www.wikidata.org/entity/Q100595142,Q100595142,Factory,,
Finland,Q33,http://www.wikidata.org/entity/Q113506000,Munkkisaari heating plant,Factory,,
Finland,Q33,http://www.wikidata.org/entity/Q110678229,Kuusiluoto sawmill,Factory,,
Finland,Q33,http://www.wikidata.org/entity/Q103956680,Keski-Suomen Terva Oy factory in Pihlajavesi,Factory,,
Finland,Q33,http://www.wikidata.org/entity/Q67014406,Ruskeasuo heating plant,Factory,,
Finland,Q33,http://www.wikidata.org/entity/Q113006566,Q113006566,Factory,,
Finland,Q33,http://www.wikidata.org/entity/Q41776827,Q41776827,Factory,,
Libya,Q1016,http://www.wikidata.org/entity/Q127430645,Macaraea,Factory,,
Libya,Q1016,http://www.wikidata.org/entity/Q4116875,Zawiya Refinery,Factory,,
Libya,Q1016,http://www.wikidata.org/entity/Q127429764,Bilan,Factory,,
Azerbaijan,Q227,http://www.wikidata.org/entity/Q4034809,Q4034809,Factory,,
Azerbaijan,Q227,http://www.wikidata.org/entity/Q28666570,Q28666570,Factory,,
Azerbaijan,Q227,http://www.wikidata.org/entity/Q134693466,Baku Petroleum Machine-Building Plant,Factory,,
Azerbaijan,Q227,http://www.wikidata.org/entity/Q20583050,Qazax Cement Factory,Factory,,
Azerbaijan,Q227,http://www.wikidata.org/entity/Q116152475,Sumqayıt synthetic rubber plant,Factory,,
Azerbaijan,Q227,http://www.wikidata.org/entity/Q131718351,Savalan,Factory,,
Montenegro,Q236,http://www.wikidata.org/entity/Q2450916,Trebjesa brewery,Factory,,
Kingdom of Württemberg,Q159631,http://www.wikidata.org/entity/Q6453883,Königlich Württembergische Gewehrfabrik,Factory,,
Czechoslovakia,Q33946,http://www.wikidata.org/entity/Q102450533,"Reiser Albert, továrna na pletené zboží, Klokočov",Factory,,
Czechoslovakia,Q33946,http://www.wikidata.org/entity/Q102461122,"Loana, n.p., Příbor",Factory,,
Czechoslovakia,Q33946,http://www.wikidata.org/entity/Q12024231,Jarošovský pivovar,Factory,,
Czechoslovakia,Q33946,http://www.wikidata.org/entity/Q75096055,Q75096055,Factory,,
Czechoslovakia,Q33946,http://www.wikidata.org/entity/Q12221,Starobrno Brewery,Factory,,
Czechoslovakia,Q33946,http://www.wikidata.org/entity/Q48337694,Antonín Jelínek a syn,Factory,,
Czechoslovakia,Q33946,http://www.wikidata.org/entity/Q100196860,Bohemia Ceramic Works,Factory,,
Czechoslovakia,Q33946,http://www.wikidata.org/entity/Q104524926,Q104524926,Factory,,
Czechoslovakia,Q33946,http://www.wikidata.org/entity/Q63622160,Textilana,Factory,,
Czechoslovakia,Q33946,http://www.wikidata.org/entity/Q100949092,Schnürer & Co.,Factory,,
Czechoslovakia,Q33946,http://www.wikidata.org/entity/Q78163006,"Tesla Pardubice, n.p.",Factory,,
Czechoslovakia,Q33946,http://www.wikidata.org/entity/Q111411724,Vydrova továrna poživatin,Factory,,
Czechoslovakia,Q33946,http://www.wikidata.org/entity/Q115353110,TOS Čelákovice,Factory,,
Czechoslovakia,Q33946,http://www.wikidata.org/entity/Q78157992,"Tesla Kolín, n.p.",Factory,,
Czechoslovakia,Q33946,http://www.wikidata.org/entity/Q78158003,"TESLA n.p., Bratislava",Factory,,
Czechoslovakia,Q33946,http://www.wikidata.org/entity/Q78158008,"TESLA n.p., Orava",Factory,,
Czechoslovakia,Q33946,http://www.wikidata.org/entity/Q78162016,"Tesla Brno, n.p.",Factory,,
Czechoslovakia,Q33946,http://www.wikidata.org/entity/Q78163095,"Tesla Praha - Hloubětín, n.p.",Factory,,
North Korea,Q423,http://www.wikidata.org/entity/Q85970186,February 8 Vinalon Complex,Factory,,
North Korea,Q423,http://www.wikidata.org/entity/Q11426236,Sungjin Steel Joint Enterprise,Factory,,
North Korea,Q423,http://www.wikidata.org/entity/Q12582726,Kanggye Pencil Factory,Factory,,
North Korea,Q423,http://www.wikidata.org/entity/Q16261157,Kilju Pulp and Paper Factory,Factory,,
North Korea,Q423,http://www.wikidata.org/entity/Q28406895,Chonji Lubricant Factory,Factory,,
North Korea,Q423,http://www.wikidata.org/entity/Q28406872,Potonggang Organic Fertiliser Factory,Factory,,
North Korea,Q423,http://www.wikidata.org/entity/Q28406889,Pyongyang Wheat Flour Processing Factory,Factory,,
North Korea,Q423,http://www.wikidata.org/entity/Q115816698,Taesongsan Ice Cream Factory,Factory,,
Panama,Q804,http://www.wikidata.org/entity/Q19372263,Cervecería Nacional,Factory,,
Portugal,Q45,http://www.wikidata.org/entity/Q115622107,Q115622107,Factory,,
Portugal,Q45,http://www.wikidata.org/entity/Q66816103,Serragem da Achadinha,Factory,,
Portugal,Q45,http://www.wikidata.org/entity/Q66943587,Companhia de Papel de Góis,Factory,,
Portugal,Q45,http://www.wikidata.org/entity/Q108001967,Cerâmica Artística Arcolena,Factory,,
Portugal,Q45,http://www.wikidata.org/entity/Q109404237,A. Acosta & C.F. Dasdevesas,Factory,,
Portugal,Q45,http://www.wikidata.org/entity/Q122832143,Q122832143,Factory,,
Portugal,Q45,http://www.wikidata.org/entity/Q122832247,Q122832247,Factory,,
Portugal,Q45,http://www.wikidata.org/entity/Q122832250,Q122832250,Factory,,
Portugal,Q45,http://www.wikidata.org/entity/Q122832248,Q122832248,Factory,,
Portugal,Q45,http://www.wikidata.org/entity/Q122832249,Q122832249,Factory,,
Portugal,Q45,http://www.wikidata.org/entity/Q122832255,Q122832255,Factory,,
Portugal,Q45,http://www.wikidata.org/entity/Q122832252,Q122832252,Factory,,
Portugal,Q45,http://www.wikidata.org/entity/Q122832253,Q122832253,Factory,,
Portugal,Q45,http://www.wikidata.org/entity/Q122832260,Q122832260,Factory,,
Portugal,Q45,http://www.wikidata.org/entity/Q122832264,Q122832264,Factory,,
Portugal,Q45,http://www.wikidata.org/entity/Q122832456,Q122832456,Factory,,
Portugal,Q45,http://www.wikidata.org/entity/Q111732054,Tipografia Esperança,Factory,,
Portugal,Q45,http://www.wikidata.org/entity/Q123736879,Q123736879,Factory,,
Portugal,Q45,http://www.wikidata.org/entity/Q123736883,Q123736883,Factory,,
Portugal,Q45,http://www.wikidata.org/entity/Q123736880,Q123736880,Factory,,
Portugal,Q45,http://www.wikidata.org/entity/Q123736881,Q123736881,Factory,,
Portugal,Q45,http://www.wikidata.org/entity/Q131591208,Q131591208,Factory,,
Portugal,Q45,http://www.wikidata.org/entity/Q124246200,Fábrica Oliva,Factory,,
Portugal,Q45,http://www.wikidata.org/entity/Q124926855,Fábrica do Minhoto,Factory,,
Portugal,Q45,http://www.wikidata.org/entity/Q10349000,Petrogal,Factory,,
Portugal,Q45,http://www.wikidata.org/entity/Q1143305,Sumol + Compal,Factory,,
Portugal,Q45,http://www.wikidata.org/entity/Q1299917,Central de Cervejas,Factory,,
Portugal,Q45,http://www.wikidata.org/entity/Q98012696,Cervejaria Melo Abreu,Factory,,
Portugal,Q45,http://www.wikidata.org/entity/Q115020475,Fábrica Atlântico,Factory,,
Portugal,Q45,http://www.wikidata.org/entity/Q66123683,Q66123683,Factory,,
Portugal,Q45,http://www.wikidata.org/entity/Q66942651,Antiga Fábrica de Massas dos Mirandas,Factory,,
Portugal,Q45,http://www.wikidata.org/entity/Q97044241,Q97044241,Factory,,
Portugal,Q45,http://www.wikidata.org/entity/Q109248436,Q109248436,Factory,,
Portugal,Q45,http://www.wikidata.org/entity/Q109248603,Q109248603,Factory,,
Portugal,Q45,http://www.wikidata.org/entity/Q109738740,Q109738740,Factory,,
Cameroon,Q1009,http://www.wikidata.org/entity/Q126369288,Ngui composting site,Factory,,
Cameroon,Q1009,http://www.wikidata.org/entity/Q114293002,Limbé oil refinery,Factory,,
The Bahamas,Q778,http://www.wikidata.org/entity/Q17014922,Bahamian Brewery and Beverage Co,Factory,,
Laos,Q819,http://www.wikidata.org/entity/Q19645951,Lao Asia Pacific Brewery,Factory,,
Madagascar,Q1019,http://www.wikidata.org/entity/Q20747232,Q20747232,Factory,,
Russia,Q159,http://www.wikidata.org/entity/Q4310641,Q4310641,Factory,,
Russia,Q159,http://www.wikidata.org/entity/Q4328274,Q4328274,Factory,,
Russia,Q159,http://www.wikidata.org/entity/Q4419537,Q4419537,Factory,,
Russia,Q159,http://www.wikidata.org/entity/Q4423035,Q4423035,Factory,,
Russia,Q159,http://www.wikidata.org/entity/Q4430714,Q4430714,Factory,,
Russia,Q159,http://www.wikidata.org/entity/Q5067781,Chaika,Factory,,
Russia,Q159,http://www.wikidata.org/entity/Q13028238,Q13028238,Factory,,
Russia,Q159,http://www.wikidata.org/entity/Q13032066,Q13032066,Factory,,
Russia,Q159,http://www.wikidata.org/entity/Q16657775,Q16657775,Factory,,
Russia,Q159,http://www.wikidata.org/entity/Q4452333,Tasma,Factory,,
Russia,Q159,http://www.wikidata.org/entity/Q15050550,GAZ-117,Factory,,
Russia,Q159,http://www.wikidata.org/entity/Q15050549,GAZ-45,Factory,,
Russia,Q159,http://www.wikidata.org/entity/Q15987154,Kaliningrad BMW plant,Factory,,
Russia,Q159,http://www.wikidata.org/entity/Q4304264,Moscow Radio-Technical Plant,Factory,,
Russia,Q159,http://www.wikidata.org/entity/Q4333001,PO Oktyabr,Factory,,
Russia,Q159,http://www.wikidata.org/entity/Q4334744,Omsk Electromechanical Plant,Factory,,
Russia,Q159,http://www.wikidata.org/entity/Q4336910,Orel Clock Factory,Factory,,
Russia,Q159,http://www.wikidata.org/entity/Q4363446,Pirometer Plant,Factory,,
Russia,Q159,http://www.wikidata.org/entity/Q4380218,Urals Optical-Mechanical Plant,Factory,,
Russia,Q159,http://www.wikidata.org/entity/Q4422376,Skorokhod company,Factory,,
Russia,Q159,http://www.wikidata.org/entity/Q4438559,Sredneuralskiy copper smelter,Factory,,
Russia,Q159,http://www.wikidata.org/entity/Q4530796,Elecond,Factory,,
Russia,Q159,http://www.wikidata.org/entity/Q4531106,Electrotochpribor,Factory,,
Russia,Q159,http://www.wikidata.org/entity/Q4530794,Elekon,Factory,,
Russia,Q159,http://www.wikidata.org/entity/Q16670712,Q16670712,Factory,,
Russia,Q159,http://www.wikidata.org/entity/Q4449551,Taganrog aviation,Factory,,
Russia,Q159,http://www.wikidata.org/entity/Q105661951,Q105661951,Factory,,
Russia,Q159,http://www.wikidata.org/entity/Q65151525,Elektropribor factory in Grozny,Factory,,
Russia,Q159,http://www.wikidata.org/entity/Q65171394,Grozny radio plant,Factory,,
Russia,Q159,http://www.wikidata.org/entity/Q109779034,Fiat-Sollers Naberezhnye Chelny plant,Factory,,
Russia,Q159,http://www.wikidata.org/entity/Q111371856,Peterhof Keizerlijke Steenhouwerij,Factory,,
Russia,Q159,http://www.wikidata.org/entity/Q4122977,Q4122977,Factory,,
Russia,Q159,http://www.wikidata.org/entity/Q4281034,Q4281034,Factory,,
Russia,Q159,http://www.wikidata.org/entity/Q85858679,Verkhny-Turinsky plant,Factory,,
Russia,Q159,http://www.wikidata.org/entity/Q86675828,Irga iron and copper mills,Factory,,
Russia,Q159,http://www.wikidata.org/entity/Q86675817,NPO Luch,Factory,,
Russia,Q159,http://www.wikidata.org/entity/Q88488399,Elektrostal. Worker s payroll book. Plant EZTM,Factory,,
Russia,Q159,http://www.wikidata.org/entity/Q88539333,Elektrostal. Plant EZTM. Komsomol conferences,Factory,,
Russia,Q159,http://www.wikidata.org/entity/Q96070802,Omutninsky plant,Factory,,
Russia,Q159,http://www.wikidata.org/entity/Q97459509,Rostov Rubin factory,Factory,,
Russia,Q159,http://www.wikidata.org/entity/Q28926897,Q28926897,Factory,,
Russia,Q159,http://www.wikidata.org/entity/Q28927630,Q28927630,Factory,,
Russia,Q159,http://www.wikidata.org/entity/Q384012,IzhAvto,Factory,,
Russia,Q159,http://www.wikidata.org/entity/Q4068217,Aprelevka Record Plant,Factory,,
Russia,Q159,http://www.wikidata.org/entity/Q4183127,Kozitsky radio plant (Saint Petersburg),Factory,,
Russia,Q159,http://www.wikidata.org/entity/Q4198190,Izhevsk Radio Factory,Factory,,
Russia,Q159,http://www.wikidata.org/entity/Q4258167,Leningrad Electromechanical Plants,Factory,,
Russia,Q159,http://www.wikidata.org/entity/Q20737039,Petersburg factory,Factory,,
Russia,Q159,http://www.wikidata.org/entity/Q21643539,Oxide Novosibirsk,Factory,,
Russia,Q159,http://www.wikidata.org/entity/Q21645797,Elektrosignal Plant,Factory,,
Russia,Q159,http://www.wikidata.org/entity/Q21641870,Manometer,Factory,,
Russia,Q159,http://www.wikidata.org/entity/Q55744123,Q55744123,Factory,,
Russia,Q159,http://www.wikidata.org/entity/Q30893737,Tornton factory,Factory,,
Russia,Q159,http://www.wikidata.org/entity/Q65172374,Elektrosignal,Factory,,
Russia,Q159,http://www.wikidata.org/entity/Q4061462,Alexandrovsky radio plant,Factory,,
Russia,Q159,http://www.wikidata.org/entity/Q76939377,Q76939377,Factory,,
Russia,Q159,http://www.wikidata.org/entity/Q76940208,Q76940208,Factory,,
Russia,Q159,http://www.wikidata.org/entity/Q86659881,Q86659881,Factory,,
Russia,Q159,http://www.wikidata.org/entity/Q86679220,Q86679220,Factory,,
Russia,Q159,http://www.wikidata.org/entity/Q89404178,Q89404178,Factory,,
Russia,Q159,http://www.wikidata.org/entity/Q94950988,Q94950988,Factory,,
Russia,Q159,http://www.wikidata.org/entity/Q56556031,"Stoll Mechanical Plant, Voronezh",Factory,,
Russia,Q159,http://www.wikidata.org/entity/Q109476561,Q109476561,Factory,,
Russia,Q159,http://www.wikidata.org/entity/Q116206545,Kontakt,Factory,,
Russia,Q159,http://www.wikidata.org/entity/Q110010627,Lada Izhevsk Factory,Factory,,
Russia,Q159,http://www.wikidata.org/entity/Q110010571,Tolyatti AvtoVAZ factory,Factory,,
Russia,Q159,http://www.wikidata.org/entity/Q124326374,Q124326374,Factory,,
Russia,Q159,http://www.wikidata.org/entity/Q124789291,Q124789291,Factory,,
Russia,Q159,http://www.wikidata.org/entity/Q126075142,Q126075142,Factory,,
Russia,Q159,http://www.wikidata.org/entity/Q126121395,Q126121395,Factory,,
Russia,Q159,http://www.wikidata.org/entity/Q126163634,Q126163634,Factory,,
Russia,Q159,http://www.wikidata.org/entity/Q126172284,Q126172284,Factory,,
Russia,Q159,http://www.wikidata.org/entity/Q126288454,Q126288454,Factory,,
Russia,Q159,http://www.wikidata.org/entity/Q115454660,Karl Bezdeka chokolate company,Factory,,
Russia,Q159,http://www.wikidata.org/entity/Q115858837,Solnechnogorsk Electro-Mechanical Plant,Factory,,
Russia,Q159,http://www.wikidata.org/entity/Q115867403,Reflektor,Factory,,
Russia,Q159,http://www.wikidata.org/entity/Q116142464,Policond,Factory,,
Russia,Q159,http://www.wikidata.org/entity/Q132673634,Q132673634,Factory,,
Russia,Q159,http://www.wikidata.org/entity/Q122191036,Volzhsk electromechanical plant,Factory,,
Russia,Q159,http://www.wikidata.org/entity/Q131983940,Radian,Factory,,
Russia,Q159,http://www.wikidata.org/entity/Q123150998,Techpribor,Factory,,
Russia,Q159,http://www.wikidata.org/entity/Q124299676,Nizhny Novgorod refinery,Factory,,
Russia,Q159,http://www.wikidata.org/entity/Q124299826,Angarsk Petrochemical Refinery,Factory,,
Russia,Q159,http://www.wikidata.org/entity/Q124299889,Novo-Ufa refinery,Factory,,
Russia,Q159,http://www.wikidata.org/entity/Q126894696,Litra Brewery,Factory,,
Russia,Q159,http://www.wikidata.org/entity/Q3529196,Tinkoff brewery,Factory,,
Russia,Q159,http://www.wikidata.org/entity/Q17065651,Kirishi-2 Oil Refinery,Factory,,
Russia,Q159,http://www.wikidata.org/entity/Q4269070,Kstovo Refinery,Factory,,
Russia,Q159,http://www.wikidata.org/entity/Q4311836,Aluminum plant (Nadvoitsy),Factory,,
Russia,Q159,http://www.wikidata.org/entity/Q4452643,Tatspirtprom,Factory,,
Russia,Q159,http://www.wikidata.org/entity/Q4536582,Yaisky refinery,Factory,,
Russia,Q159,http://www.wikidata.org/entity/Q805734,Baltika Breweries,Factory,,
Russia,Q159,http://www.wikidata.org/entity/Q130572165,Severnaya Zarya,Factory,,
Russia,Q159,http://www.wikidata.org/entity/Q131301041,Erkon,Factory,,
Russia,Q159,http://www.wikidata.org/entity/Q131898471,Mikrokomponent,Factory,,
Russia,Q159,http://www.wikidata.org/entity/Q131923068,Mozhga Radio Component Plant,Factory,,
Russia,Q159,http://www.wikidata.org/entity/Q4334732,Omsk refinery,Factory,,
Russia,Q159,http://www.wikidata.org/entity/Q86672888,Q86672888,Factory,,
Russia,Q159,http://www.wikidata.org/entity/Q4332927,Q4332927,Factory,,
Russia,Q159,http://www.wikidata.org/entity/Q4333983,Q4333983,Factory,,
Russia,Q159,http://www.wikidata.org/entity/Q4383095,Q4383095,Factory,,
Russia,Q159,http://www.wikidata.org/entity/Q4420570,Q4420570,Factory,,
Russia,Q159,http://www.wikidata.org/entity/Q4425486,Q4425486,Factory,,
Russia,Q159,http://www.wikidata.org/entity/Q11851649,Q11851649,Factory,,
Russia,Q159,http://www.wikidata.org/entity/Q11901106,Q11901106,Factory,,
Russia,Q159,http://www.wikidata.org/entity/Q19911259,Q19911259,Factory,,
Russia,Q159,http://www.wikidata.org/entity/Q94949701,Simsky Mill,Factory,,
Russia,Q159,http://www.wikidata.org/entity/Q115863792,Orbita,Factory,,
Russia,Q159,http://www.wikidata.org/entity/Q4192426,Zlatoust Metallurgical Plant,Factory,,
Russia,Q159,http://www.wikidata.org/entity/Q4508707,Chelyabinsk Metallurgical Plant,Factory,,
Russia,Q159,http://www.wikidata.org/entity/Q17154917,Optron,Factory,,
Russia,Q159,http://www.wikidata.org/entity/Q113409929,Ryazan Tannery,Factory,,
Russia,Q159,http://www.wikidata.org/entity/Q55576089,Q55576089,Factory,,
Russia,Q159,http://www.wikidata.org/entity/Q55576150,Q55576150,Factory,,
Russia,Q159,http://www.wikidata.org/entity/Q55576179,Q55576179,Factory,,
Russia,Q159,http://www.wikidata.org/entity/Q55576242,Q55576242,Factory,,
Russia,Q159,http://www.wikidata.org/entity/Q55576253,Q55576253,Factory,,
Russia,Q159,http://www.wikidata.org/entity/Q55576260,Q55576260,Factory,,
Russia,Q159,http://www.wikidata.org/entity/Q55577268,Q55577268,Factory,,
Russia,Q159,http://www.wikidata.org/entity/Q55577376,Q55577376,Factory,,
Russia,Q159,http://www.wikidata.org/entity/Q29168971,Nashe pivo,Factory,,
Russia,Q159,http://www.wikidata.org/entity/Q132086831,Yaroslavl Design and Technological Research Institute,Factory,,
Russia,Q159,http://www.wikidata.org/entity/Q65333316,Q65333316,Factory,,
Russia,Q159,http://www.wikidata.org/entity/Q86675654,Q86675654,Factory,,
Russia,Q159,http://www.wikidata.org/entity/Q91114476,Q91114476,Factory,,
Russia,Q159,http://www.wikidata.org/entity/Q100968262,Q100968262,Factory,,
Russia,Q159,http://www.wikidata.org/entity/Q108328645,Q108328645,Factory,,
Russia,Q159,http://www.wikidata.org/entity/Q65158225,Grozny Chemical Plant,Factory,,
Russia,Q159,http://www.wikidata.org/entity/Q116447758,Q116447758,Factory,,
Russia,Q159,http://www.wikidata.org/entity/Q109940038,C.F. Woerffel,Factory,,
Russia,Q159,http://www.wikidata.org/entity/Q113576492,Esslinger Brewery,Factory,,
Russia,Q159,http://www.wikidata.org/entity/Q128602355,Q128602355,Factory,,
Russia,Q159,http://www.wikidata.org/entity/Q115861917,Proton Oryol,Factory,,
Peru,Q419,http://www.wikidata.org/entity/Q122860534,Sierra Andina,Factory,,
Peru,Q419,http://www.wikidata.org/entity/Q284135,Backus and Johnston Brewery,Factory,,
Peru,Q419,http://www.wikidata.org/entity/Q20024790,La Brea y Pariñas,Factory,,
Peru,Q419,http://www.wikidata.org/entity/Q5763622,Cusqueña,Factory,,
Peru,Q419,http://www.wikidata.org/entity/Q65548759,Q65548759,Factory,,
Peru,Q419,http://www.wikidata.org/entity/Q65548776,Mint of Cusco,Factory,,
Albania,Q222,http://www.wikidata.org/entity/Q3303273,Birra Malto Brewery,Factory,,
Albania,Q222,http://www.wikidata.org/entity/Q4916946,Birra Tirana,Factory,,
Albania,Q222,http://www.wikidata.org/entity/Q83850,Birra Stela,Factory,,
Albania,Q222,http://www.wikidata.org/entity/Q116011722,Stefani & Co.,Factory,,
Socialist Republic of Croatia,Q209062,http://www.wikidata.org/entity/Q119437562,Nada Dimić (factory),Factory,,
Bolivia,Q750,http://www.wikidata.org/entity/Q2946943,Cervecería Boliviana Nacional,Factory,,
Bangladesh,Q902,http://www.wikidata.org/entity/Q97257617,Amin Jute Mills Ltd.,Factory,,
Bangladesh,Q902,http://www.wikidata.org/entity/Q97257622,R. R. Jute Mills Ltd.,Factory,,
Bangladesh,Q902,http://www.wikidata.org/entity/Q97257698,M. M. Jute Mills Ltd.,Factory,,
Bangladesh,Q902,http://www.wikidata.org/entity/Q97257838,Gul Ahmed Jute Mills Ltd.,Factory,,
Bangladesh,Q902,http://www.wikidata.org/entity/Q97258699,Jessore Jute Industries Limited,Factory,,
Bangladesh,Q902,http://www.wikidata.org/entity/Q97259111,Hafiz Jute Mills Ltd.,Factory,,
Bangladesh,Q902,http://www.wikidata.org/entity/Q4680160,Adamjee Jute Mills,Factory,,
Bangladesh,Q902,http://www.wikidata.org/entity/Q18987363,Carew & Company Bangladesh Limited,Factory,,
Bangladesh,Q902,http://www.wikidata.org/entity/Q20823867,Abdul Monem Sugar Refinery Ltd.,Factory,,
Bangladesh,Q902,http://www.wikidata.org/entity/Q20823991,Kalia Chapra Nitol Sugar Mill Ltd.,Factory,,
Bangladesh,Q902,http://www.wikidata.org/entity/Q20823915,United Sugar Mills Ltd.,Factory,,
Bangladesh,Q902,http://www.wikidata.org/entity/Q20824014,Kushtia Sugar Mills Ltd.,Factory,,
Bangladesh,Q902,http://www.wikidata.org/entity/Q20824153,Deshbandhu Sugar Mills Limited,Factory,,
Bangladesh,Q902,http://www.wikidata.org/entity/Q20824235,Faridpur Sugar Mill Limited,Factory,,
Bangladesh,Q902,http://www.wikidata.org/entity/Q20824182,Natore Sugar Mills Ltd.,Factory,,
Bangladesh,Q902,http://www.wikidata.org/entity/Q20824181,North Bengal Sugar Mills Ltd.,Factory,,
Bangladesh,Q902,http://www.wikidata.org/entity/Q20824132,Thakurgaon Sugar Mills Ltd.,Factory,,
Bangladesh,Q902,http://www.wikidata.org/entity/Q20824127,Zeal Bangla Sugar Mill Limited,Factory,,
Bangladesh,Q902,http://www.wikidata.org/entity/Q20824194,Panchagarh Sugar Mills Limited,Factory,,
Bangladesh,Q902,http://www.wikidata.org/entity/Q20824200,Pabna Sugar Mill Ltd.,Factory,,
Bangladesh,Q902,http://www.wikidata.org/entity/Q20824371,Rangpur Sugar Mills Ltd.,Factory,,
Bangladesh,Q902,http://www.wikidata.org/entity/Q20824578,City Sugar Industries Limited,Factory,,
Bangladesh,Q902,http://www.wikidata.org/entity/Q20824674,Setabganj Sugar Mill Limited,Factory,,
Bangladesh,Q902,http://www.wikidata.org/entity/Q25586133,Partex Sugar Mills Limited,Factory,,
Bangladesh,Q902,http://www.wikidata.org/entity/Q25586125,S. Alam Refined Sugar Industries Ltd.,Factory,,
Bangladesh,Q902,http://www.wikidata.org/entity/Q28803284,Joypurhat Sugar Mill's Limited,Factory,,
Bangladesh,Q902,http://www.wikidata.org/entity/Q64859481,Bangladesh Jute Mills Limited,Factory,,
Bangladesh,Q902,http://www.wikidata.org/entity/Q65318795,Karim Jute Mills Limited,Factory,,
Bangladesh,Q902,http://www.wikidata.org/entity/Q65318838,Jatio Jute Mills Limited,Factory,,
Bangladesh,Q902,http://www.wikidata.org/entity/Q65318781,U.M.C. Jute Mills Ltd.,Factory,,
Bangladesh,Q902,http://www.wikidata.org/entity/Q65318962,Latif Bawany Jute Mills Ltd.,Factory,,
Bangladesh,Q902,http://www.wikidata.org/entity/Q65318955,Rajshahi Jute Mills,Factory,,
Cisleithania,Q533534,http://www.wikidata.org/entity/Q123437179,Q123437179,Factory,,
Cisleithania,Q533534,http://www.wikidata.org/entity/Q117006070,Mikado Kaffee,Factory,,
Iraq,Q796,http://www.wikidata.org/entity/Q127429763,Bihqubadh af-Asfal,Factory,,
Iraq,Q796,http://www.wikidata.org/entity/Q6858352,Q6858352,Factory,,
Iraq,Q796,http://www.wikidata.org/entity/Q127431735,al-Furat,Factory,,
Iraq,Q796,http://www.wikidata.org/entity/Q56377061,Q56377061,Factory,,
Iraq,Q796,http://www.wikidata.org/entity/Q127431240,Seleucia on the Tigris II,Factory,,
Iraq,Q796,http://www.wikidata.org/entity/Q127429705,Babylon II,Factory,,
Iraq,Q796,http://www.wikidata.org/entity/Q127429704,Babylon I,Factory,,
Iraq,Q796,http://www.wikidata.org/entity/Q127431239,Seleucia on the Tigris I,Factory,,
Iraq,Q796,http://www.wikidata.org/entity/Q114291325,Karbala oil refinery,Factory,,
Iraq,Q796,http://www.wikidata.org/entity/Q114297944,Basra refinery,Factory,,
Iraq,Q796,http://www.wikidata.org/entity/Q114300820,Shuaiba refinery,Factory,,
Iraq,Q796,http://www.wikidata.org/entity/Q127431756,al-Samiyah,Factory,,
Iraq,Q796,http://www.wikidata.org/entity/Q121546732,Kirkuk refinery,Factory,,
Malaysia,Q833,http://www.wikidata.org/entity/Q24947705,Shah Alam Transfer Station,Factory,,
Malaysia,Q833,http://www.wikidata.org/entity/Q7374495,Royal Mint of Malaysia,Factory,,
Malaysia,Q833,http://www.wikidata.org/entity/Q55577108,Q55577108,Factory,,
Malaysia,Q833,http://www.wikidata.org/entity/Q28219590,Sabah Oil and Gas Terminal,Factory,,
United Kingdom,Q145,http://www.wikidata.org/entity/Q90156733,Merton Abbey Works,Factory,,
United Kingdom,Q145,http://www.wikidata.org/entity/Q22000842,Creative Science workshop,Factory,,
United Kingdom,Q145,http://www.wikidata.org/entity/Q6435806,Kraft Foods Banbury,Factory,,
United Kingdom,Q145,http://www.wikidata.org/entity/Q7987282,Westclox Scotland,Factory,,
United Kingdom,Q145,http://www.wikidata.org/entity/Q5635112,"HM Factory, Gretna",Factory,,
United Kingdom,Q145,http://www.wikidata.org/entity/Q5523686,Garnheath distillery,Factory,,
United Kingdom,Q145,http://www.wikidata.org/entity/Q9286842,Hazelburn (distillery),Factory,,
United Kingdom,Q145,http://www.wikidata.org/entity/Q110036947,George Jones,Factory,,
United Kingdom,Q145,http://www.wikidata.org/entity/Q107284606,C.& H. Hackwood,Factory,,
United Kingdom,Q145,http://www.wikidata.org/entity/Q107284972,"Taylor, Tunnicliffe & Co",Factory,,
United Kingdom,Q145,http://www.wikidata.org/entity/Q109404355,T.G. Green,Factory,,
United Kingdom,Q145,http://www.wikidata.org/entity/Q109525256,Wright & Co,Factory,,
United Kingdom,Q145,http://www.wikidata.org/entity/Q109525473,George Warrilow & Sons,Factory,,
United Kingdom,Q145,http://www.wikidata.org/entity/Q109940753,William Smee & Son,Factory,,
United Kingdom,Q145,http://www.wikidata.org/entity/Q105426844,Capenhurst uranium enrichment plant,Factory,,
United Kingdom,Q145,http://www.wikidata.org/entity/Q89692143,PRT Ltd.,Factory,,
United Kingdom,Q145,http://www.wikidata.org/entity/Q2057955,Royal Doulton,Factory,,
United Kingdom,Q145,http://www.wikidata.org/entity/Q18587929,Lowestoft Porcelain Factory,Factory,,
United Kingdom,Q145,http://www.wikidata.org/entity/Q97385284,Blue Bird Toffee Factory,Factory,,
United Kingdom,Q145,http://www.wikidata.org/entity/Q2072152,Chelsea porcelain factory,Factory,,
United Kingdom,Q145,http://www.wikidata.org/entity/Q56178376,Hendremain Lead Works,Factory,,
United Kingdom,Q145,http://www.wikidata.org/entity/Q56185677,Wenalet Lead Works,Factory,,
United Kingdom,Q145,http://www.wikidata.org/entity/Q3816631,Bow porcelain factory,Factory,,
United Kingdom,Q145,http://www.wikidata.org/entity/Q4879139,Bedford Dunstable plant,Factory,,
United Kingdom,Q145,http://www.wikidata.org/entity/Q5319190,Dynatron Radio Ltd,Factory,,
United Kingdom,Q145,http://www.wikidata.org/entity/Q5323238,EKCO,Factory,,
United Kingdom,Q145,http://www.wikidata.org/entity/Q6486276,Langley Mill Pottery,Factory,,
United Kingdom,Q145,http://www.wikidata.org/entity/Q7375026,Royal Winton,Factory,,
United Kingdom,Q145,http://www.wikidata.org/entity/Q2011495,Vulcan Foundry,Factory,,
United Kingdom,Q145,http://www.wikidata.org/entity/Q61989428,Collard,Factory,,
United Kingdom,Q145,http://www.wikidata.org/entity/Q39773382,The Canada Works,Factory,,
United Kingdom,Q145,http://www.wikidata.org/entity/Q57495239,Steelite,Factory,,
United Kingdom,Q145,http://www.wikidata.org/entity/Q56174729,Cambrian Slate Works,Factory,,
United Kingdom,Q145,http://www.wikidata.org/entity/Q58822187,Record Pressers Ltd.,Factory,,
United Kingdom,Q145,http://www.wikidata.org/entity/Q58822219,Philips Records Ltd.,Factory,,
United Kingdom,Q145,http://www.wikidata.org/entity/Q56183342,Rhandirmwyn Lead Works,Factory,,
United Kingdom,Q145,http://www.wikidata.org/entity/Q60777236,Lyntone Recordings Ltd.,Factory,,
United Kingdom,Q145,http://www.wikidata.org/entity/Q102230738,Elston House Borehamwood,Factory,,
United Kingdom,Q145,http://www.wikidata.org/entity/Q122959466,Art Bronze Foundry,Factory,,
United Kingdom,Q145,http://www.wikidata.org/entity/Q126616541,Ardgowan distillery,Factory,,
United Kingdom,Q145,http://www.wikidata.org/entity/Q1988714,Royal Crown Derby,Factory,,
United Kingdom,Q145,http://www.wikidata.org/entity/Q129176887,Strathdee distillery,Factory,,
United Kingdom,Q145,http://www.wikidata.org/entity/Q129321590,Towiemore distillery,Factory,,
United Kingdom,Q145,http://www.wikidata.org/entity/Q129706768,Beta Marine Ltd,Factory,,
United Kingdom,Q145,http://www.wikidata.org/entity/Q117443056,Ballindalloch distillery,Factory,,
United Kingdom,Q145,http://www.wikidata.org/entity/Q124410869,Nahams Union Mills Ltd,Factory,,
United Kingdom,Q145,http://www.wikidata.org/entity/Q97977648,Empire Brewing,Factory,,
United Kingdom,Q145,http://www.wikidata.org/entity/Q98073106,Buckingham Brewery,Factory,,
United Kingdom,Q145,http://www.wikidata.org/entity/Q4929444,Blue Monkey Brewery,Factory,,
United Kingdom,Q145,http://www.wikidata.org/entity/Q87097134,Linthorpe Art Pottery,Factory,,
United Kingdom,Q145,http://www.wikidata.org/entity/Q110969413,Kittybrewster Granite Works,Factory,,
United Kingdom,Q145,http://www.wikidata.org/entity/Q110969930,Albyn Granite Works,Factory,,
United Kingdom,Q145,http://www.wikidata.org/entity/Q110969936,Aberdeen Polishing Granite Works,Factory,,
United Kingdom,Q145,http://www.wikidata.org/entity/Q110969947,Allenvale Monumental Works,Factory,,
United Kingdom,Q145,http://www.wikidata.org/entity/Q110969948,Albert Granite Works,Factory,,
United Kingdom,Q145,http://www.wikidata.org/entity/Q110969958,Aberdeen Granite Works,Factory,,
United Kingdom,Q145,http://www.wikidata.org/entity/Q110969709,Providence Granite Works,Factory,,
United Kingdom,Q145,http://www.wikidata.org/entity/Q110969717,Pittodrie Granite Works,Factory,,
United Kingdom,Q145,http://www.wikidata.org/entity/Q110969972,Allenvale Granite Works,Factory,,
United Kingdom,Q145,http://www.wikidata.org/entity/Q110969939,Belmont Granite Works,Factory,,
United Kingdom,Q145,http://www.wikidata.org/entity/Q110969945,Britannia Granite Works,Factory,,
United Kingdom,Q145,http://www.wikidata.org/entity/Q110969946,Caledonian Granite Works,Factory,,
United Kingdom,Q145,http://www.wikidata.org/entity/Q110969978,Balgownie Granite Works,Factory,,
United Kingdom,Q145,http://www.wikidata.org/entity/Q110969964,Bon-Accord Granite Polishing Works,Factory,,
United Kingdom,Q145,http://www.wikidata.org/entity/Q110969977,Balmoral Granite Works,Factory,,
United Kingdom,Q145,http://www.wikidata.org/entity/Q110969971,Bon Accord Granite Works,Factory,,
United Kingdom,Q145,http://www.wikidata.org/entity/Q110969927,Cotton Street Granite Polishing Works,Factory,,
United Kingdom,Q145,http://www.wikidata.org/entity/Q110969931,Deebank Granite Works,Factory,,
United Kingdom,Q145,http://www.wikidata.org/entity/Q110969951,Cemetery Granite Works,Factory,,
United Kingdom,Q145,http://www.wikidata.org/entity/Q110969940,Claremount Granite Works,Factory,,
United Kingdom,Q145,http://www.wikidata.org/entity/Q110969935,Ernan Granite Works,Factory,,
United Kingdom,Q145,http://www.wikidata.org/entity/Q110969962,Claremont Granite Works,Factory,,
United Kingdom,Q145,http://www.wikidata.org/entity/Q110969953,Crown Granite Works,Factory,,
United Kingdom,Q145,http://www.wikidata.org/entity/Q110969960,City Granite Works,Factory,,
United Kingdom,Q145,http://www.wikidata.org/entity/Q110969942,Excelsior Granite Works,Factory,,
United Kingdom,Q145,http://www.wikidata.org/entity/Q110969965,Clayhills Granite Works,Factory,,
United Kingdom,Q145,http://www.wikidata.org/entity/Q110969941,Ferryhill Granite Works,Factory,,
United Kingdom,Q145,http://www.wikidata.org/entity/Q110969904,King Street Granite Works,Factory,,
United Kingdom,Q145,http://www.wikidata.org/entity/Q110969950,Glencoe Granite Works,Factory,,
United Kingdom,Q145,http://www.wikidata.org/entity/Q110969957,Froghall Granite Works,Factory,,
United Kingdom,Q145,http://www.wikidata.org/entity/Q110969952,Hill O'Fare Granite Works,Factory,,
United Kingdom,Q145,http://www.wikidata.org/entity/Q110969949,Imperial Granite Works,Factory,,
United Kingdom,Q145,http://www.wikidata.org/entity/Q110969969,Holburn Granite Works,Factory,,
United Kingdom,Q145,http://www.wikidata.org/entity/Q110969938,London Granite Works,Factory,,
United Kingdom,Q145,http://www.wikidata.org/entity/Q110969967,Laurelwood Granite Works,Factory,,
United Kingdom,Q145,http://www.wikidata.org/entity/Q110969979,John Street Polished Granite & Marble Works,Factory,,
United Kingdom,Q145,http://www.wikidata.org/entity/Q110969925,Nellfield Granite Works,Factory,,
United Kingdom,Q145,http://www.wikidata.org/entity/Q110969980,John Street Granite Works / Royal Granite Works,Factory,,
United Kingdom,Q145,http://www.wikidata.org/entity/Q110969923,Orchard Granite Works,Factory,,
United Kingdom,Q145,http://www.wikidata.org/entity/Q110969929,Nelson Monumental Works,Factory,,
United Kingdom,Q145,http://www.wikidata.org/entity/Q110969934,Nelson Granite Works,Factory,,
United Kingdom,Q145,http://www.wikidata.org/entity/Q110969933,Northern Granite Works,Factory,,
United Kingdom,Q145,http://www.wikidata.org/entity/Q110969959,Lorne Granite Works,Factory,,
United Kingdom,Q145,http://www.wikidata.org/entity/Q110969963,"North of Scotland Granite Polishing Works,",Factory,,
United Kingdom,Q145,http://www.wikidata.org/entity/Q110969970,North British Granite Works,Factory,,
United Kingdom,Q145,http://www.wikidata.org/entity/Q110969932,Rosebank Granite Works,Factory,,
United Kingdom,Q145,http://www.wikidata.org/entity/Q110969922,St Nicholas Granite Works,Factory,,
United Kingdom,Q145,http://www.wikidata.org/entity/Q110969921,Spital Granite Works,Factory,,
United Kingdom,Q145,http://www.wikidata.org/entity/Q110969905,Trinity Works,Factory,,
United Kingdom,Q145,http://www.wikidata.org/entity/Q110969926,Trinity Granite Works,Factory,,
United Kingdom,Q145,http://www.wikidata.org/entity/Q110969976,"Prince Street Granite Works,",Factory,,
United Kingdom,Q145,http://www.wikidata.org/entity/Q110969956,South Bridge Granite Works,Factory,,
United Kingdom,Q145,http://www.wikidata.org/entity/Q110969937,Victoria Granite Works,Factory,,
United Kingdom,Q145,http://www.wikidata.org/entity/Q110969955,University Granite Works,Factory,,
United Kingdom,Q145,http://www.wikidata.org/entity/Q110969966,Torry Granite Works,Factory,,
United Kingdom,Q145,http://www.wikidata.org/entity/Q110969975,The Granite Works,Factory,,
United Kingdom,Q145,http://www.wikidata.org/entity/Q110969968,Wellington Granite Works,Factory,,
United Kingdom,Q145,http://www.wikidata.org/entity/Q110969974,Westhall Granite Polishing Works,Factory,,
United Kingdom,Q145,http://www.wikidata.org/entity/Q114102301,Adams & Bromley,Factory,,
United Kingdom,Q145,http://www.wikidata.org/entity/Q16241026,Bryncelyn Brewery,Factory,,
United Kingdom,Q145,http://www.wikidata.org/entity/Q115715208,Highland Stoneware,Factory,,
United Kingdom,Q145,http://www.wikidata.org/entity/Q120714262,"T S Colbourne, Barnstaple",Factory,,
United Kingdom,Q145,http://www.wikidata.org/entity/Q120669564,Adams Hydraulics Ltd York,Factory,,
United Kingdom,Q145,http://www.wikidata.org/entity/Q120799654,Hayward Brothers London,Factory,,
United Kingdom,Q145,http://www.wikidata.org/entity/Q120801883,Express Valve Services,Factory,,
United Kingdom,Q145,http://www.wikidata.org/entity/Q817808,Bennachie,Factory,,
United Kingdom,Q145,http://www.wikidata.org/entity/Q277,Kilchoman distillery,Factory,,
United Kingdom,Q145,http://www.wikidata.org/entity/Q122961888,W. Richards & Son,Factory,,
United Kingdom,Q145,http://www.wikidata.org/entity/Q124740777,George Smith and Company,Factory,,
United Kingdom,Q145,http://www.wikidata.org/entity/Q125385728,Machan Engineering,Factory,,
United Kingdom,Q145,http://www.wikidata.org/entity/Q125386592,Meadow Foundry,Factory,,
United Kingdom,Q145,http://www.wikidata.org/entity/Q125465789,Abbot Engineering,Factory,,
United Kingdom,Q145,http://www.wikidata.org/entity/Q125810324,Derby Castings,Factory,,
United Kingdom,Q145,http://www.wikidata.org/entity/Q99525515,Coalbrookdale Company,Factory,,
United Kingdom,Q145,http://www.wikidata.org/entity/Q2415397,Andrew Handyside and Company,Factory,,
United Kingdom,Q145,http://www.wikidata.org/entity/Q16976236,John Warner & Sons,Factory,,
United Kingdom,Q145,http://www.wikidata.org/entity/Q5138025,Coalport porcelain,Factory,,
United Kingdom,Q145,http://www.wikidata.org/entity/Q6260315,John Taylor & Co,Factory,,
United Kingdom,Q145,http://www.wikidata.org/entity/Q794591,Hook Norton Brewery,Factory,,
United Kingdom,Q145,http://www.wikidata.org/entity/Q911367,BrewDog,Factory,,
United Kingdom,Q145,http://www.wikidata.org/entity/Q7277356,ROF Dalmuir,Factory,,
United Kingdom,Q145,http://www.wikidata.org/entity/Q7958456,W & T Avery Ltd.,Factory,,
United Kingdom,Q145,http://www.wikidata.org/entity/Q880551,Black Sheep Brewery,Factory,,
United Kingdom,Q145,http://www.wikidata.org/entity/Q131680764,Wood & Sons,Factory,,
United Kingdom,Q145,http://www.wikidata.org/entity/Q65770172,J. Meir & Son,Factory,,
United Kingdom,Q145,http://www.wikidata.org/entity/Q106782536,Allied Ironfounders,Factory,,
United Kingdom,Q145,http://www.wikidata.org/entity/Q107275653,Alfred Meakin,Factory,,
United Kingdom,Q145,http://www.wikidata.org/entity/Q108922622,Oxford Porcelanas,Factory,,
United Kingdom,Q145,http://www.wikidata.org/entity/Q116172804,Pittdorie Foundry,Factory,,
United Kingdom,Q145,http://www.wikidata.org/entity/Q116283936,Aberdeen Foundry,Factory,,
United Kingdom,Q145,http://www.wikidata.org/entity/Q120765026,"McDowall, Steven & Co Ltd",Factory,,
United Kingdom,Q145,http://www.wikidata.org/entity/Q120765006,W.T. Allen & Co. London,Factory,,
United Kingdom,Q145,http://www.wikidata.org/entity/Q120925508,A C Woodrow & Co London,Factory,,
United Kingdom,Q145,http://www.wikidata.org/entity/Q120925758,Ham Baker & Co Limited Engineers Westminster,Factory,,
United Kingdom,Q145,http://www.wikidata.org/entity/Q120926447,Needham Stockport England,Factory,,
United Kingdom,Q145,http://www.wikidata.org/entity/Q120926272,Wm E. Farrer Ltd Birmingham,Factory,,
United Kingdom,Q145,http://www.wikidata.org/entity/Q120986284,Frederick Bird & Co Engineers,Factory,,
United Kingdom,Q145,http://www.wikidata.org/entity/Q120897333,Glenfield & Kennedy Limited,Factory,,
United Kingdom,Q145,http://www.wikidata.org/entity/Q120914642,John Spencer Ltd,Factory,,
United Kingdom,Q145,http://www.wikidata.org/entity/Q127690153,Leigh on Sea Brewery,Factory,,
United Kingdom,Q145,http://www.wikidata.org/entity/Q1926416,Wychwood Brewery,Factory,,
United Kingdom,Q145,http://www.wikidata.org/entity/Q1981667,Brewmeister Brewery,Factory,,
United Kingdom,Q145,http://www.wikidata.org/entity/Q7277365,ROF Nottingham,Factory,,
United Kingdom,Q145,http://www.wikidata.org/entity/Q7277370,ROF Risley,Factory,,
United Kingdom,Q145,http://www.wikidata.org/entity/Q109151248,ROF Birtley,Factory,,
United Kingdom,Q145,http://www.wikidata.org/entity/Q125559032,Arrol Brothers,Factory,,
United Kingdom,Q145,http://www.wikidata.org/entity/Q5210797,Duff Beer,Factory,,
United Kingdom,Q145,http://www.wikidata.org/entity/Q56175325,Clydach Iron Works,Factory,,
United Kingdom,Q145,http://www.wikidata.org/entity/Q3078781,Allied Breweries,Factory,,
United Kingdom,Q145,http://www.wikidata.org/entity/Q3078964,Ansells Brewery,Factory,,
United Kingdom,Q145,http://www.wikidata.org/entity/Q3107294,Brains Brewery,Factory,,
United Kingdom,Q145,http://www.wikidata.org/entity/Q3372581,John Smith's Brewery,Factory,,
United Kingdom,Q145,http://www.wikidata.org/entity/Q3785560,Swannay Brewery,Factory,,
United Kingdom,Q145,http://www.wikidata.org/entity/Q3977895,Innis & Gunn,Factory,,
United Kingdom,Q145,http://www.wikidata.org/entity/Q4791958,Arkell's Brewery,Factory,,
United Kingdom,Q145,http://www.wikidata.org/entity/Q4868885,Bath Ales,Factory,,
United Kingdom,Q145,http://www.wikidata.org/entity/Q4921060,Black Isle Brewery,Factory,,
United Kingdom,Q145,http://www.wikidata.org/entity/Q4962681,Brewers Investment Corporation,Factory,,
United Kingdom,Q145,http://www.wikidata.org/entity/Q5000817,Burton Brewery Company,Factory,,
United Kingdom,Q145,http://www.wikidata.org/entity/Q5026431,Camerons Brewery,Factory,,
United Kingdom,Q145,http://www.wikidata.org/entity/Q5050272,Castle Rock Brewery,Factory,,
United Kingdom,Q145,http://www.wikidata.org/entity/Q5086657,Charrington Brewery,Factory,,
United Kingdom,Q145,http://www.wikidata.org/entity/Q5168056,Coors Brewers,Factory,,
United Kingdom,Q145,http://www.wikidata.org/entity/Q5168728,Copper Dragon Brewery,Factory,,
United Kingdom,Q145,http://www.wikidata.org/entity/Q5178070,Courage Brewery,Factory,,
United Kingdom,Q145,http://www.wikidata.org/entity/Q5225943,Darwin Brewery,Factory,,
United Kingdom,Q145,http://www.wikidata.org/entity/Q7814416,Tolly Cobbold,Factory,,
United Kingdom,Q145,http://www.wikidata.org/entity/Q7837470,Tredegar Iron and Coal Company,Factory,,
United Kingdom,Q145,http://www.wikidata.org/entity/Q131845750,Leeswood Iron Works,Factory,,
United Kingdom,Q145,http://www.wikidata.org/entity/Q8001069,Wilden Ironworks,Factory,,
United Kingdom,Q145,http://www.wikidata.org/entity/Q59855909,Renishaw Iron Co,Factory,,
United Kingdom,Q145,http://www.wikidata.org/entity/Q66040366,Keppoch Iron Works,Factory,,
United Kingdom,Q145,http://www.wikidata.org/entity/Q110420544,Brewhouse & Kitchen,Factory,,
United Kingdom,Q145,http://www.wikidata.org/entity/Q124514680,Carmichael Brick and Tile Works,Factory,,
United Kingdom,Q145,http://www.wikidata.org/entity/Q124514691,Longriggs Brick and Tile Works,Factory,,
United Kingdom,Q145,http://www.wikidata.org/entity/Q98072640,Kirkstall Brewery,Factory,,
United Kingdom,Q145,http://www.wikidata.org/entity/Q86756254,Magic Rock Brewing,Factory,,
United Kingdom,Q145,http://www.wikidata.org/entity/Q96409405,The Kernel Brewery,Factory,,
United Kingdom,Q145,http://www.wikidata.org/entity/Q109404245,Cheswick Ceramics,Factory,,
United Kingdom,Q145,http://www.wikidata.org/entity/Q109404329,Richards Tile Company,Factory,,
United Kingdom,Q145,http://www.wikidata.org/entity/Q97621257,Alphabet Brewing Company,Factory,,
United Kingdom,Q145,http://www.wikidata.org/entity/Q98072927,The Wild Beer Co,Factory,,
United Kingdom,Q145,http://www.wikidata.org/entity/Q98210858,Brew By Numbers,Factory,,
United Kingdom,Q145,http://www.wikidata.org/entity/Q98214470,Turning Point Brew Co.,Factory,,
United Kingdom,Q145,http://www.wikidata.org/entity/Q98222646,Hillfire Brewing Co.,Factory,,
United Kingdom,Q145,http://www.wikidata.org/entity/Q21003884,Drybrough & Co,Factory,,
United Kingdom,Q145,http://www.wikidata.org/entity/Q22101932,Kops Brewery,Factory,,
United Kingdom,Q145,http://www.wikidata.org/entity/Q22236270,Two Fingers Brewing Co.,Factory,,
United Kingdom,Q145,http://www.wikidata.org/entity/Q28042697,Cotleigh Brewery,Factory,,
United Kingdom,Q145,http://www.wikidata.org/entity/Q28961328,"Hamer's Brewery, Turton",Factory,,
United Kingdom,Q145,http://www.wikidata.org/entity/Q56839720,Globe,Factory,,
United Kingdom,Q145,http://www.wikidata.org/entity/Q29870161,Cotswold Brewing Co.,Factory,,
United Kingdom,Q145,http://www.wikidata.org/entity/Q30593204,John Hair and Son,Factory,,
United Kingdom,Q145,http://www.wikidata.org/entity/Q30686754,Fremlin's Brewery,Factory,,
United Kingdom,Q145,http://www.wikidata.org/entity/Q5182737,Craven Dunnill,Factory,,
United Kingdom,Q145,http://www.wikidata.org/entity/Q47472595,Small Beer Brew Co.,Factory,,
United Kingdom,Q145,http://www.wikidata.org/entity/Q109404303,Minton & Co.,Factory,,
United Kingdom,Q145,http://www.wikidata.org/entity/Q109404304,Minton Hollins & Co,Factory,,
United Kingdom,Q145,http://www.wikidata.org/entity/Q109404305,Mintons China Works,Factory,,
United Kingdom,Q145,http://www.wikidata.org/entity/Q109404354,T.A. Simpson & Co,Factory,,
United Kingdom,Q145,http://www.wikidata.org/entity/Q109404254,"J. & W. Wade & Co., Flaxman Tile Works",Factory,,
United Kingdom,Q145,http://www.wikidata.org/entity/Q109404300,Malkin Edge & Co.,Factory,,
United Kingdom,Q145,http://www.wikidata.org/entity/Q109404353,T. & R. Boote,Factory,,
United Kingdom,Q145,http://www.wikidata.org/entity/Q55605114,Beavertown Brewery,Factory,,
United Kingdom,Q145,http://www.wikidata.org/entity/Q55609433,Devenish Brewery,Factory,,
United Kingdom,Q145,http://www.wikidata.org/entity/Q55634014,Steward & Patteson,Factory,,
United Kingdom,Q145,http://www.wikidata.org/entity/Q98212536,Uprising,Factory,,
United Kingdom,Q145,http://www.wikidata.org/entity/Q63118322,Harbour Brewing Company,Factory,,
United Kingdom,Q145,http://www.wikidata.org/entity/Q63118387,Keltek Brewery,Factory,,
United Kingdom,Q145,http://www.wikidata.org/entity/Q109404239,Campbell,Factory,,
United Kingdom,Q145,http://www.wikidata.org/entity/Q98070340,Crate,Factory,,
United Kingdom,Q145,http://www.wikidata.org/entity/Q109404260,Graven Dunhill,Factory,,
United Kingdom,Q145,http://www.wikidata.org/entity/Q109404266,Hereford Tiles Ltd.,Factory,,
United Kingdom,Q145,http://www.wikidata.org/entity/Q109404362,W.B. Simpson & Sons,Factory,,
United Kingdom,Q145,http://www.wikidata.org/entity/Q98212518,Wild Weather,Factory,,
United Kingdom,Q145,http://www.wikidata.org/entity/Q123562241,Q123562241,Factory,,
United Kingdom,Q145,http://www.wikidata.org/entity/Q12002324,Shepherd Neame Brewery,Factory,,
United Kingdom,Q145,http://www.wikidata.org/entity/Q6881476,Mitchells & Butlers,Factory,,
United Kingdom,Q145,http://www.wikidata.org/entity/Q13585803,Hebridean Brewing Company,Factory,,
United Kingdom,Q145,http://www.wikidata.org/entity/Q15255982,Moorhouse's,Factory,,
United Kingdom,Q145,http://www.wikidata.org/entity/Q15966937,York Brewery,Factory,,
United Kingdom,Q145,http://www.wikidata.org/entity/Q16835850,Downton Brewery,Factory,,
United Kingdom,Q145,http://www.wikidata.org/entity/Q16842402,Hendon Brewery,Factory,,
United Kingdom,Q145,http://www.wikidata.org/entity/Q16956070,Castle Eden Brewery,Factory,,
United Kingdom,Q145,http://www.wikidata.org/entity/Q16993006,Goachers Brewery,Factory,,
United Kingdom,Q145,http://www.wikidata.org/entity/Q16994360,Houston Brewing Company,Factory,,
United Kingdom,Q145,http://www.wikidata.org/entity/Q17020785,Sedgwicks Brewery,Factory,,
United Kingdom,Q145,http://www.wikidata.org/entity/Q6773982,Marston's,Factory,,
United Kingdom,Q145,http://www.wikidata.org/entity/Q6724619,Maclays Brewery,Factory,,
United Kingdom,Q145,http://www.wikidata.org/entity/Q6730056,Magee Marshall & Co,Factory,,
United Kingdom,Q145,http://www.wikidata.org/entity/Q6804103,Meantime Brewery,Factory,,
United Kingdom,Q145,http://www.wikidata.org/entity/Q6844182,Mighty Oak Brewery,Factory,,
United Kingdom,Q145,http://www.wikidata.org/entity/Q6912484,Morland Brewery,Factory,,
United Kingdom,Q145,http://www.wikidata.org/entity/Q6913500,Morrells Brewing Company,Factory,,
United Kingdom,Q145,http://www.wikidata.org/entity/Q7026589,Nicholson's Brewery,Factory,,
United Kingdom,Q145,http://www.wikidata.org/entity/Q7063596,Nottingham Brewery,Factory,,
United Kingdom,Q145,http://www.wikidata.org/entity/Q7073902,Oakhill Brewery,Factory,,
United Kingdom,Q145,http://www.wikidata.org/entity/Q7074102,Oakleaf Brewery,Factory,,
United Kingdom,Q145,http://www.wikidata.org/entity/Q7085625,Oldham Brewery,Factory,,
United Kingdom,Q145,http://www.wikidata.org/entity/Q7108886,Otley Brewing Company Limited,Factory,,
United Kingdom,Q145,http://www.wikidata.org/entity/Q7164557,Penpont Brewery,Factory,,
United Kingdom,Q145,http://www.wikidata.org/entity/Q7186410,Phipps NBC,Factory,,
United Kingdom,Q145,http://www.wikidata.org/entity/Q7335015,Ringwood Brewery,Factory,,
United Kingdom,Q145,http://www.wikidata.org/entity/Q7353116,Robinsons Brewery,Factory,,
United Kingdom,Q145,http://www.wikidata.org/entity/Q7376850,Ruddles Brewery,Factory,,
United Kingdom,Q145,http://www.wikidata.org/entity/Q7410755,Allsopp’s,Factory,,
United Kingdom,Q145,http://www.wikidata.org/entity/Q7412675,Samuel Smith Old Brewery,Factory,,
United Kingdom,Q145,http://www.wikidata.org/entity/Q7490280,Sharp's Brewery,Factory,,
United Kingdom,Q145,http://www.wikidata.org/entity/Q7535476,Skinner's Brewery,Factory,,
United Kingdom,Q145,http://www.wikidata.org/entity/Q7591301,St. Peter's Brewery,Factory,,
United Kingdom,Q145,http://www.wikidata.org/entity/Q7592564,St Austell Brewery,Factory,,
United Kingdom,Q145,http://www.wikidata.org/entity/Q7624880,Stroud News & Journal,Factory,,
United Kingdom,Q145,http://www.wikidata.org/entity/Q7719977,The Brew Company,Factory,,
United Kingdom,Q145,http://www.wikidata.org/entity/Q7799526,Thwaites Brewery,Factory,,
United Kingdom,Q145,http://www.wikidata.org/entity/Q7807560,Timothy Taylor's,Factory,,
United Kingdom,Q145,http://www.wikidata.org/entity/Q7843510,Triple fff Brewery,Factory,,
United Kingdom,Q145,http://www.wikidata.org/entity/Q7847685,Truman's Brewery,Factory,,
United Kingdom,Q145,http://www.wikidata.org/entity/Q7959363,Wadworth Brewery,Factory,,
United Kingdom,Q145,http://www.wikidata.org/entity/Q7969203,Wards Brewing Company,Factory,,
United Kingdom,Q145,http://www.wikidata.org/entity/Q7971221,Warwickshire Beer Company,Factory,,
United Kingdom,Q145,http://www.wikidata.org/entity/Q7982118,Weltons Brewery,Factory,,
United Kingdom,Q145,http://www.wikidata.org/entity/Q7982160,Wem Brewing Company,Factory,,
United Kingdom,Q145,http://www.wikidata.org/entity/Q8020991,Williams Bros Brewing Co,Factory,,
United Kingdom,Q145,http://www.wikidata.org/entity/Q8039718,Wye Valley Brewery,Factory,,
United Kingdom,Q145,http://www.wikidata.org/entity/Q2329536,Pobjoy Mint,Factory,,
United Kingdom,Q145,http://www.wikidata.org/entity/Q19858097,James Watt & Co,Factory,,
United Kingdom,Q145,http://www.wikidata.org/entity/Q5904208,Horndon mint,Factory,,
United Kingdom,Q145,http://www.wikidata.org/entity/Q111941833,The Red Lion Brewery,Factory,,
United Kingdom,Q145,http://www.wikidata.org/entity/Q112167360,Seven Bro7hers,Factory,,
United Kingdom,Q145,http://www.wikidata.org/entity/Q114863242,Warren Row,Factory,,
United Kingdom,Q145,http://www.wikidata.org/entity/Q115379362,Queer Brewing,Factory,,
United Kingdom,Q145,http://www.wikidata.org/entity/Q122965162,Bristol Brewery Georges' & Co. Ltd.,Factory,,
United Kingdom,Q145,http://www.wikidata.org/entity/Q111365615,Traquair House Brewery,Factory,,
United Kingdom,Q145,http://www.wikidata.org/entity/Q124489527,Eaton Socon Brewery,Factory,,
United Kingdom,Q145,http://www.wikidata.org/entity/Q125390234,Fyne Ales,Factory,,
United Kingdom,Q145,http://www.wikidata.org/entity/Q125758709,Brew York,Factory,,
United Kingdom,Q145,http://www.wikidata.org/entity/Q131314130,Adelphi distillery,Factory,,
United Kingdom,Q145,http://www.wikidata.org/entity/Q115135866,"Bridge Hall Mills, Bury",Factory,,
United Kingdom,Q145,http://www.wikidata.org/entity/Q115135407,"Miller's Brook Mill, Heywood",Factory,,
United Kingdom,Q145,http://www.wikidata.org/entity/Q115135376,"Roe Acre Mill, Heywood",Factory,,
United Kingdom,Q145,http://www.wikidata.org/entity/Q115135339,"Times Mill, Heywood",Factory,,
United Kingdom,Q145,http://www.wikidata.org/entity/Q115135434,"Willow Street Mill, Heywood",Factory,,
United Kingdom,Q145,http://www.wikidata.org/entity/Q115155190,"Facit Mill, Whitworth",Factory,,
United Kingdom,Q145,http://www.wikidata.org/entity/Q115155150,"Moss Side Mills, Shawforth",Factory,,
United Kingdom,Q145,http://www.wikidata.org/entity/Q18161367,Matthew Brown brewery,Factory,,
United Kingdom,Q145,http://www.wikidata.org/entity/Q18162424,Twickenham Fine Ales,Factory,,
United Kingdom,Q145,http://www.wikidata.org/entity/Q18562338,Lion Brewery,Factory,,
United Kingdom,Q145,http://www.wikidata.org/entity/Q5296708,Donnington Brewery,Factory,,
United Kingdom,Q145,http://www.wikidata.org/entity/Q5354183,Eldridge Pope,Factory,,
United Kingdom,Q145,http://www.wikidata.org/entity/Q5443598,Fentimans,Factory,,
United Kingdom,Q145,http://www.wikidata.org/entity/Q5518473,Gales Brewery,Factory,,
United Kingdom,Q145,http://www.wikidata.org/entity/Q5528879,Gaymer Cider Company,Factory,,
United Kingdom,Q145,http://www.wikidata.org/entity/Q5564162,Greene King,Factory,,
United Kingdom,Q145,http://www.wikidata.org/entity/Q5598248,Gray and Dacre Brewery,Factory,,
United Kingdom,Q145,http://www.wikidata.org/entity/Q5637959,Hadley Brewery,Factory,,
United Kingdom,Q145,http://www.wikidata.org/entity/Q5642555,Hall & Woodhouse,Factory,,
United Kingdom,Q145,http://www.wikidata.org/entity/Q5677759,Harveys Brewery,Factory,,
United Kingdom,Q145,http://www.wikidata.org/entity/Q5760167,Higsons Brewery,Factory,,
United Kingdom,Q145,http://www.wikidata.org/entity/Q5877377,Hogs Back Brewery,Factory,,
United Kingdom,Q145,http://www.wikidata.org/entity/Q5908110,Hoskins Brothers Ales,Factory,,
United Kingdom,Q145,http://www.wikidata.org/entity/Q5935827,Hull Brewery,Factory,,
United Kingdom,Q145,http://www.wikidata.org/entity/Q6104441,J.W. Lees Brewery,Factory,,
United Kingdom,Q145,http://www.wikidata.org/entity/Q19903594,Bragdy Nant,Factory,,
United Kingdom,Q145,http://www.wikidata.org/entity/Q131538140,Ferintosh Distillery,Factory,,
United Kingdom,Q145,http://www.wikidata.org/entity/Q131706702,Warmstry House,Factory,,
United Kingdom,Q145,http://www.wikidata.org/entity/Q131709339,"Flight, Barr & Barr",Factory,,
United Kingdom,Q145,http://www.wikidata.org/entity/Q133094503,Lochlea distillery,Factory,,
United Kingdom,Q145,http://www.wikidata.org/entity/Q133871045,Sampson Bridgwood and Son,Factory,,
United Kingdom,Q145,http://www.wikidata.org/entity/Q116568260,Brand & Co factory,Factory,,
United Kingdom,Q145,http://www.wikidata.org/entity/Q60740139,Rugby Cement,Factory,,
United Kingdom,Q145,http://www.wikidata.org/entity/Q132751676,Coalport Porcelain Works,Factory,,
United Kingdom,Q145,http://www.wikidata.org/entity/Q132764284,Writing Slate Mills,Factory,,
United Kingdom,Q145,http://www.wikidata.org/entity/Q65089339,Tower Mint,Factory,,
United Kingdom,Q145,http://www.wikidata.org/entity/Q106091378,Welbeck Abbey Brewery,Factory,,
United Kingdom,Q145,http://www.wikidata.org/entity/Q106335824,City of London Brewery and Investment Trust,Factory,,
United Kingdom,Q145,http://www.wikidata.org/entity/Q108320017,Palmers Brewery,Factory,,
United Kingdom,Q145,http://www.wikidata.org/entity/Q118642179,Q118642179,Factory,,
United Kingdom,Q145,http://www.wikidata.org/entity/Q104835326,King's Norton Mint,Factory,,
United Kingdom,Q145,http://www.wikidata.org/entity/Q127690175,Moor Beer Company,Factory,,
United Kingdom,Q145,http://www.wikidata.org/entity/Q132759934,Philip George & Co.,Factory,,
United Kingdom,Q145,http://www.wikidata.org/entity/Q132657849,Siren Craft Brew,Factory,,
United Kingdom,Q145,http://www.wikidata.org/entity/Q131717297,Newbarns Brewery,Factory,,
United Kingdom,Q145,http://www.wikidata.org/entity/Q131727719,Pretty Decent Beer Co,Factory,,
United Kingdom,Q145,http://www.wikidata.org/entity/Q73661130,Central Brickworks,Factory,,
United Kingdom,Q145,http://www.wikidata.org/entity/Q12059156,Q12059156,Factory,,
United Kingdom,Q145,http://www.wikidata.org/entity/Q123180006,St Rollox Chemical Works,Factory,,
United Kingdom,Q145,http://www.wikidata.org/entity/Q4923641,Blackwood distillery,Factory,,
United Kingdom,Q145,http://www.wikidata.org/entity/Q7748041,The London Distillery Company,Factory,,
United Kingdom,Q145,http://www.wikidata.org/entity/Q7794938,Thomas Webb & Sons,Factory,,
United Kingdom,Q145,http://www.wikidata.org/entity/Q28130452,The Cotswolds Distillery,Factory,,
United Kingdom,Q145,http://www.wikidata.org/entity/Q104919451,Clayton & Bell,Factory,,
United Kingdom,Q145,http://www.wikidata.org/entity/Q78825226,J. W. Singer & Sons,Factory,,
United Kingdom,Q145,http://www.wikidata.org/entity/Q116884131,Tremorfa Steelworks,Factory,,
United Kingdom,Q145,http://www.wikidata.org/entity/Q119009386,Griffin's Stockton Limeworks,Factory,,
United Kingdom,Q145,http://www.wikidata.org/entity/Q119013023,"Greaves, Bull & Lakin, Stockton Limeworks",Factory,,
United Kingdom,Q145,http://www.wikidata.org/entity/Q119025736,Nelson's Stockton Lime and Cement Works,Factory,,
United Kingdom,Q145,http://www.wikidata.org/entity/Q122998214,British Luxfer Prism Syndicate Limited,Factory,,
United Kingdom,Q145,http://www.wikidata.org/entity/Q1432129,Royal Small Arms Factory,Factory,,
United Kingdom,Q145,http://www.wikidata.org/entity/Q7017201,Newburn Steelworks,Factory,,
United Kingdom,Q145,http://www.wikidata.org/entity/Q7296517,Ravenscraig steelworks,Factory,,
United Kingdom,Q145,http://www.wikidata.org/entity/Q28405537,Thames Ditton Foundry,Factory,,
United Kingdom,Q145,http://www.wikidata.org/entity/Q130685274,John Dewar & Sons,Factory,,
United Kingdom,Q145,http://www.wikidata.org/entity/Q134604164,The Perth Distilling Company,Factory,,
United Kingdom,Q145,http://www.wikidata.org/entity/Q122935704,Taylor & Sons Ltd.,Factory,,
United Kingdom,Q145,http://www.wikidata.org/entity/Q122937188,"Taylor, Pallister & Co. Ltd.",Factory,,
United Kingdom,Q145,http://www.wikidata.org/entity/Q56557733,Ware and Shiles,Factory,,
United Kingdom,Q145,http://www.wikidata.org/entity/Q104214553,Elers brothers,Factory,,
United Kingdom,Q145,http://www.wikidata.org/entity/Q111385100,Greenall's Gin,Factory,,
Democratic Republic of the Congo,Q974,http://www.wikidata.org/entity/Q2923625,Bralima Brewery,Factory,,
Democratic Republic of the Congo,Q974,http://www.wikidata.org/entity/Q2924067,Katanga breweries,Factory,,
Turkey,Q43,http://www.wikidata.org/entity/Q127430184,Eleutherion,Factory,,
Turkey,Q43,http://www.wikidata.org/entity/Q127430058,Cranaus,Factory,,
Turkey,Q43,http://www.wikidata.org/entity/Q127430234,EΠO Mint,Factory,,
Turkey,Q43,http://www.wikidata.org/entity/Q127430202,Ephesus II,Factory,,
Turkey,Q43,http://www.wikidata.org/entity/Q127430404,Hydrela,Factory,,
Turkey,Q43,http://www.wikidata.org/entity/Q127430504,Kasolaba,Factory,,
Turkey,Q43,http://www.wikidata.org/entity/Q127430212,Eriza,Factory,,
Turkey,Q43,http://www.wikidata.org/entity/Q127430330,Hadrianopolis (?),Factory,,
Turkey,Q43,http://www.wikidata.org/entity/Q127430499,Kamos,Factory,,
Turkey,Q43,http://www.wikidata.org/entity/Q113800071,Uncertain Mint 30,Factory,,
Turkey,Q43,http://www.wikidata.org/entity/Q126962731,Ephesus I,Factory,,
Turkey,Q43,http://www.wikidata.org/entity/Q113800063,Uncertain Mint 28,Factory,,
Turkey,Q43,http://www.wikidata.org/entity/Q113800023,Uncertain Mint 17,Factory,,
Turkey,Q43,http://www.wikidata.org/entity/Q127429604,Apollonieron,Factory,,
Turkey,Q43,http://www.wikidata.org/entity/Q113800079,Uncertain Mint 32,Factory,,
Turkey,Q43,http://www.wikidata.org/entity/Q113800075,Uncertain Mint 31,Factory,,
Turkey,Q43,http://www.wikidata.org/entity/Q113800067,Uncertain Mint 29,Factory,,
Turkey,Q43,http://www.wikidata.org/entity/Q127429468,Aemilium,Factory,,
Turkey,Q43,http://www.wikidata.org/entity/Q127429606,Apollonos-hieron,Factory,,
Turkey,Q43,http://www.wikidata.org/entity/Q127431497,Uncertain Carian mint A,Factory,,
Turkey,Q43,http://www.wikidata.org/entity/Q127431586,Uncertain Mint 53,Factory,,
Turkey,Q43,http://www.wikidata.org/entity/Q127431495,Uncertain Cappadocian Royal mint B,Factory,,
Turkey,Q43,http://www.wikidata.org/entity/Q127431494,Uncertain Cappadocian Royal mint A,Factory,,
Turkey,Q43,http://www.wikidata.org/entity/Q127431502,Uncertain Carian mint F,Factory,,
Turkey,Q43,http://www.wikidata.org/entity/Q127431567,Uncertain Mint 36,Factory,,
Turkey,Q43,http://www.wikidata.org/entity/Q127431589,Uncertain Mint 56,Factory,,
Turkey,Q43,http://www.wikidata.org/entity/Q127431498,Uncertain Carian mint B,Factory,,
Turkey,Q43,http://www.wikidata.org/entity/Q127431528,Uncertain Mint 119,Factory,,
Turkey,Q43,http://www.wikidata.org/entity/Q127431537,Uncertain Mint 128,Factory,,
Turkey,Q43,http://www.wikidata.org/entity/Q127431568,Uncertain Mint 37,Factory,,
Turkey,Q43,http://www.wikidata.org/entity/Q127431587,Uncertain Mint 54,Factory,,
Turkey,Q43,http://www.wikidata.org/entity/Q127431579,Uncertain Mint 47,Factory,,
Turkey,Q43,http://www.wikidata.org/entity/Q127431590,Uncertain Mint 57,Factory,,
Turkey,Q43,http://www.wikidata.org/entity/Q127431629,Uncertain Mint 93,Factory,,
Turkey,Q43,http://www.wikidata.org/entity/Q127431505,Uncertain Carian mint I,Factory,,
Turkey,Q43,http://www.wikidata.org/entity/Q127431499,Uncertain Carian mint C,Factory,,
Turkey,Q43,http://www.wikidata.org/entity/Q127431503,Uncertain Carian mint G,Factory,,
Turkey,Q43,http://www.wikidata.org/entity/Q127431500,Uncertain Carian mint D,Factory,,
Turkey,Q43,http://www.wikidata.org/entity/Q127431496,Uncertain Cappadocian Royal mint C,Factory,,
Turkey,Q43,http://www.wikidata.org/entity/Q127431501,Uncertain Carian mint E,Factory,,
Turkey,Q43,http://www.wikidata.org/entity/Q127431580,Uncertain Mint 48,Factory,,
Turkey,Q43,http://www.wikidata.org/entity/Q127431562,Uncertain Mint 32,Factory,,
Turkey,Q43,http://www.wikidata.org/entity/Q127431588,Uncertain Mint 55,Factory,,
Turkey,Q43,http://www.wikidata.org/entity/Q127431433,Timbrium,Factory,,
Turkey,Q43,http://www.wikidata.org/entity/Q127431292,Siocharax,Factory,,
Turkey,Q43,http://www.wikidata.org/entity/Q127431578,Uncertain Mint 46,Factory,,
Turkey,Q43,http://www.wikidata.org/entity/Q127431431,Timaea (?),Factory,,
Turkey,Q43,http://www.wikidata.org/entity/Q127431601,Uncertain Mint 67,Factory,,
Turkey,Q43,http://www.wikidata.org/entity/Q127431573,Uncertain Mint 41,Factory,,
Turkey,Q43,http://www.wikidata.org/entity/Q127431522,Uncertain Mint 112,Factory,,
Turkey,Q43,http://www.wikidata.org/entity/Q127431572,Uncertain Mint 40,Factory,,
Turkey,Q43,http://www.wikidata.org/entity/Q127431440,Titacazus,Factory,,
Turkey,Q43,http://www.wikidata.org/entity/Q127431615,Uncertain Mint 82,Factory,,
Turkey,Q43,http://www.wikidata.org/entity/Q127431581,Uncertain Mint 49,Factory,,
Turkey,Q43,http://www.wikidata.org/entity/Q127431565,Uncertain Mint 34,Factory,,
Turkey,Q43,http://www.wikidata.org/entity/Q127431504,Uncertain Carian mint H,Factory,,
Turkey,Q43,http://www.wikidata.org/entity/Q127431574,Uncertain Mint 42,Factory,,
Turkey,Q43,http://www.wikidata.org/entity/Q127431536,Uncertain Mint 127,Factory,,
Turkey,Q43,http://www.wikidata.org/entity/Q127429895,Cennatis,Factory,,
Turkey,Q43,http://www.wikidata.org/entity/Q127430753,Minassus,Factory,,
Turkey,Q43,http://www.wikidata.org/entity/Q127430590,Leonnaea,Factory,,
Turkey,Q43,http://www.wikidata.org/entity/Q127430683,Malus,Factory,,
Turkey,Q43,http://www.wikidata.org/entity/Q127430713,Megarsus,Factory,,
Turkey,Q43,http://www.wikidata.org/entity/Q127430944,Panemoteichos,Factory,,
Turkey,Q43,http://www.wikidata.org/entity/Q127431237,Seleuceia ad Taurum,Factory,,
Turkey,Q43,http://www.wikidata.org/entity/Q127431190,Sarbanissa,Factory,,
Turkey,Q43,http://www.wikidata.org/entity/Q127431164,Sala,Factory,,
Turkey,Q43,http://www.wikidata.org/entity/Q127431139,Rose Mint (Seleucid),Factory,,
Turkey,Q43,http://www.wikidata.org/entity/Q6064846,Boronkay,Factory,,
Turkey,Q43,http://www.wikidata.org/entity/Q1567442,Hierapolis sawmill,Factory,,
Turkey,Q43,http://www.wikidata.org/entity/Q3547051,Türk Traktör,Factory,,
Turkey,Q43,http://www.wikidata.org/entity/Q127431763,ΔEΛ Mint,Factory,,
Turkey,Q43,http://www.wikidata.org/entity/Q6063562,SEKA,Factory,,
Turkey,Q43,http://www.wikidata.org/entity/Q55582983,Q55582983,Factory,,
Turkey,Q43,http://www.wikidata.org/entity/Q130251560,Kayseri Aircraft Factory,Factory,,
Turkey,Q43,http://www.wikidata.org/entity/Q130619429,Nazilli Cotton Factory,Factory,,
Turkey,Q43,http://www.wikidata.org/entity/Q127431766,ΕΡ Mint,Factory,,
Turkey,Q43,http://www.wikidata.org/entity/Q109778899,Karsan Akçalar factory,Factory,,
Sweden-Finland,Q3279296,http://www.wikidata.org/entity/Q18688826,Q18688826,Factory,,
Sweden-Finland,Q3279296,http://www.wikidata.org/entity/Q98625487,Q98625487,Factory,,
Sweden-Finland,Q3279296,http://www.wikidata.org/entity/Q99565321,Q99565321,Factory,,
Sasanian Empire,Q83891,http://www.wikidata.org/entity/Q6563398,Sasanian mints,Factory,,
Lithuania,Q37,http://www.wikidata.org/entity/Q16464666,Q16464666,Factory,,
Lithuania,Q37,http://www.wikidata.org/entity/Q4992054,Kalnapilis,Factory,,
Lithuania,Q37,http://www.wikidata.org/entity/Q12675746,Utenos Alus,Factory,,
Lithuania,Q37,http://www.wikidata.org/entity/Q12678128,Volfas Engelman,Factory,,
Lithuania,Q37,http://www.wikidata.org/entity/Q12680342,Švyturys,Factory,,
Lithuania,Q37,http://www.wikidata.org/entity/Q131918640,Pilialaukis,Factory,,
Lithuania,Q37,http://www.wikidata.org/entity/Q16445927,Biržų Alus,Factory,,
Lithuania,Q37,http://www.wikidata.org/entity/Q16478134,Siauliai Television Plant,Factory,,
Lithuania,Q37,http://www.wikidata.org/entity/Q3917352,Vilnius Mint,Factory,,
Lithuania,Q37,http://www.wikidata.org/entity/Q646458,Gubernija,Factory,,
Lithuania,Q37,http://www.wikidata.org/entity/Q7335069,Rinkuškiai,Factory,,
Lithuania,Q37,http://www.wikidata.org/entity/Q2646603,Tauras,Factory,,
Lithuania,Q37,http://www.wikidata.org/entity/Q131851158,Sakiškės Brewery,Factory,,
Lithuania,Q37,http://www.wikidata.org/entity/Q61381341,Q61381341,Factory,,
Lithuania,Q37,http://www.wikidata.org/entity/Q131825021,Kauno alus,Factory,,
Lithuania,Q37,http://www.wikidata.org/entity/Q131842811,Vilkmergės alus,Factory,,
Lithuania,Q37,http://www.wikidata.org/entity/Q131850215,Panevėžio alus,Factory,,
Lithuania,Q37,http://www.wikidata.org/entity/Q131850338,Širvenos Bravoras,Factory,,
Lithuania,Q37,http://www.wikidata.org/entity/Q131850881,Vilniaus alus,Factory,,
Lithuania,Q37,http://www.wikidata.org/entity/Q131851264,Kuro aparatūra,Factory,,
Lithuania,Q37,http://www.wikidata.org/entity/Q131851353,Genys Brewing,Factory,,
Lithuania,Q37,http://www.wikidata.org/entity/Q131851412,Bear and Boar,Factory,,
Lithuania,Q37,http://www.wikidata.org/entity/Q131851538,Green Monster Brewery,Factory,,
Lithuania,Q37,http://www.wikidata.org/entity/Q131851706,Basker Brewing Co.,Factory,,
Lithuania,Q37,http://www.wikidata.org/entity/Q131918436,Davra brewery,Factory,,
Lithuania,Q37,http://www.wikidata.org/entity/Q131918696,Su puta,Factory,,
Lithuania,Q37,http://www.wikidata.org/entity/Q131918839,Vasaknos Manor beer,Factory,,
Lithuania,Q37,http://www.wikidata.org/entity/Q111271593,Vilnius Electric Welding Equipment Factory,Factory,,
Lithuania,Q37,http://www.wikidata.org/entity/Q3238253,Lithuanian Mint,Factory,,
Duchy of Mirandola,Q1615455,http://www.wikidata.org/entity/Q42341887,Mirandola Mint,Factory,,
Namibia,Q1030,http://www.wikidata.org/entity/Q1964257,Namibia Breweries Limited,Factory,,
Namibia,Q1030,http://www.wikidata.org/entity/Q54981385,Q54981385,Factory,,
Barbados,Q244,http://www.wikidata.org/entity/Q4856474,Banks Barbados Brewery,Factory,,
Azerbaijan Soviet Socialist Republic,Q131337,http://www.wikidata.org/entity/Q28666570,Q28666570,Factory,,
Azerbaijan Soviet Socialist Republic,Q131337,http://www.wikidata.org/entity/Q113952192,Baku Shoe Manufacturing Union,Factory,,
Azerbaijan Soviet Socialist Republic,Q131337,http://www.wikidata.org/entity/Q116152475,Sumqayıt synthetic rubber plant,Factory,,
West Germany,Q713750,http://www.wikidata.org/entity/Q105170875,Ceramano,Factory,,
Ghana,Q117,http://www.wikidata.org/entity/Q4672813,Accra Brewery Limited,Factory,,
Ghana,Q117,http://www.wikidata.org/entity/Q5616580,Guinness Ghana Breweries,Factory,,
Prussia,Q38872,http://www.wikidata.org/entity/Q106266137,Trachenberger Zuckersiederei,Factory,,
Prussia,Q38872,http://www.wikidata.org/entity/Q110573337,Stettin mint,Factory,,
Costa Rica,Q800,http://www.wikidata.org/entity/Q3425557,Q3425557,Factory,,
Costa Rica,Q800,http://www.wikidata.org/entity/Q17762775,Costa Rica's Craft Brewing Company,Factory,,
Costa Rica,Q800,http://www.wikidata.org/entity/Q5754937,Mint of Costa Rica,Factory,,
Costa Rica,Q800,http://www.wikidata.org/entity/Q110643965,Mint of Costa Rica,Factory,,
French Indochina,Q185682,http://www.wikidata.org/entity/Q125984907,Hiệp Hòa Sugar Refinery,Factory,,
Aruba,Q21203,http://www.wikidata.org/entity/Q861679,Balashi,Factory,,
Mauritius,Q1027,http://www.wikidata.org/entity/Q3381370,Phoenix Beverages,Factory,,
Kingdom of Hungary,Q25395037,http://www.wikidata.org/entity/Q104603187,Pécs Glove Factory,Factory,,
Mexico,Q96,http://www.wikidata.org/entity/Q1056430,HEINEKEN Mexico,Factory,,
Mexico,Q96,http://www.wikidata.org/entity/Q2390547,Taller de Gráfica Popular,Factory,,
Mexico,Q96,http://www.wikidata.org/entity/Q1415922,Sauza Tequila,Factory,,
Mexico,Q96,http://www.wikidata.org/entity/Q1435628,FEMSA,Factory,,
Mexico,Q96,http://www.wikidata.org/entity/Q1688011,Tequila Herradura,Factory,,
Mexico,Q96,http://www.wikidata.org/entity/Q30749840,Q30749840,Factory,,
Mexico,Q96,http://www.wikidata.org/entity/Q521673,Grupo Modelo,Factory,,
Mexico,Q96,http://www.wikidata.org/entity/Q4566751,Cervecería de Baja California,Factory,,
Mexico,Q96,http://www.wikidata.org/entity/Q4567149,Tijuana Beer,Factory,,
Mexico,Q96,http://www.wikidata.org/entity/Q5097303,Chihuahua Engine,Factory,,
Mexico,Q96,http://www.wikidata.org/entity/Q5191899,Cuautitlán Assembly,Factory,,
Mexico,Q96,http://www.wikidata.org/entity/Q6472183,Lago Alberto Assembly,Factory,,
Mexico,Q96,http://www.wikidata.org/entity/Q23460955,Baja Brewing Company,Factory,,
Mexico,Q96,http://www.wikidata.org/entity/Q24961098,Real Fábrica de Puros y Cigarros de México,Factory,,
Mexico,Q96,http://www.wikidata.org/entity/Q7406125,Saltillo Engine,Factory,,
Mexico,Q96,http://www.wikidata.org/entity/Q61501534,Cuauhtemoc Brewery,Factory,,
Mexico,Q96,http://www.wikidata.org/entity/Q61714164,BMW Plant San Luis Potosi,Factory,,
Mexico,Q96,http://www.wikidata.org/entity/Q107373897,Ing. Antonio Dovalí Jaime Refinery,Factory,,
Mexico,Q96,http://www.wikidata.org/entity/Q120499043,Q120499043,Factory,,
Mexico,Q96,http://www.wikidata.org/entity/Q110010789,Nissan Aguascalientes A2 plant,Factory,,
Mexico,Q96,http://www.wikidata.org/entity/Q110010819,Nissan Aguascalientes A1 plant,Factory,,
Mexico,Q96,http://www.wikidata.org/entity/Q114309422,Cadereyta Refinery,Factory,,
Senegal,Q1041,http://www.wikidata.org/entity/Q508089,Q508089,Factory,,
Luxembourg,Q32,http://www.wikidata.org/entity/Q13101783,Q13101783,Factory,,
Luxembourg,Q32,http://www.wikidata.org/entity/Q13101861,Q13101861,Factory,,
Luxembourg,Q32,http://www.wikidata.org/entity/Q13104443,Q13104443,Factory,,
Luxembourg,Q32,http://www.wikidata.org/entity/Q16763096,Q16763096,Factory,,
Luxembourg,Q32,http://www.wikidata.org/entity/Q16763545,Q16763545,Factory,,
Luxembourg,Q32,http://www.wikidata.org/entity/Q24015311,Q24015311,Factory,,
Luxembourg,Q32,http://www.wikidata.org/entity/Q1907605,Brasserie Nationale,Factory,,
Luxembourg,Q32,http://www.wikidata.org/entity/Q16764792,Brasserie Simon,Factory,,
Luxembourg,Q32,http://www.wikidata.org/entity/Q16764790,Simmer Schmelz,Factory,,
Luxembourg,Q32,http://www.wikidata.org/entity/Q28224889,Clausel,Factory,,
Luxembourg,Q32,http://www.wikidata.org/entity/Q28224874,Beierhaascht,Factory,,
Luxembourg,Q32,http://www.wikidata.org/entity/Q28224867,Brasserie Battin,Factory,,
Luxembourg,Q32,http://www.wikidata.org/entity/Q28224875,Brasserie de Dudelange,Factory,,
Luxembourg,Q32,http://www.wikidata.org/entity/Q28224885,Grand Brewing,Factory,,
Luxembourg,Q32,http://www.wikidata.org/entity/Q61357115,Q61357115,Factory,,
Luxembourg,Q32,http://www.wikidata.org/entity/Q106908150,Q106908150,Factory,,
Luxembourg,Q32,http://www.wikidata.org/entity/Q106921226,Q106921226,Factory,,
Luxembourg,Q32,http://www.wikidata.org/entity/Q106921565,Q106921565,Factory,,
Luxembourg,Q32,http://www.wikidata.org/entity/Q104815073,Brasserie Henri Funck,Factory,,
Luxembourg,Q32,http://www.wikidata.org/entity/Q106920910,Grand Brewing Luxembourg,Factory,,
Luxembourg,Q32,http://www.wikidata.org/entity/Q107262730,Ideal Tannerie de Wiltz,Factory,,
Luxembourg,Q32,http://www.wikidata.org/entity/Q122932590,Q122932590,Factory,,
Luxembourg,Q32,http://www.wikidata.org/entity/Q120699529,Fayencerie Septfontaines,Factory,,
Georgia,Q230,http://www.wikidata.org/entity/Q16069693,Q16069693,Factory,,
Bulgaria,Q219,http://www.wikidata.org/entity/Q128270,Astika Brewery,Factory,,
Bulgaria,Q219,http://www.wikidata.org/entity/Q20498919,Q20498919,Factory,,
Bulgaria,Q219,http://www.wikidata.org/entity/Q20499245,Q20499245,Factory,,
Bulgaria,Q219,http://www.wikidata.org/entity/Q20499248,Q20499248,Factory,,
Bulgaria,Q219,http://www.wikidata.org/entity/Q20499259,Q20499259,Factory,,
Bulgaria,Q219,http://www.wikidata.org/entity/Q20499275,Q20499275,Factory,,
Bulgaria,Q219,http://www.wikidata.org/entity/Q20499285,Q20499285,Factory,,
Bulgaria,Q219,http://www.wikidata.org/entity/Q20499292,Q20499292,Factory,,
Bulgaria,Q219,http://www.wikidata.org/entity/Q20499299,Q20499299,Factory,,
Bulgaria,Q219,http://www.wikidata.org/entity/Q20499304,Q20499304,Factory,,
Bulgaria,Q219,http://www.wikidata.org/entity/Q20499321,Q20499321,Factory,,
Bulgaria,Q219,http://www.wikidata.org/entity/Q20499329,Q20499329,Factory,,
Bulgaria,Q219,http://www.wikidata.org/entity/Q20499336,Q20499336,Factory,,
Bulgaria,Q219,http://www.wikidata.org/entity/Q181084,Pirinsko Pivo,Factory,,
Bulgaria,Q219,http://www.wikidata.org/entity/Q31192260,Q31192260,Factory,,
Bulgaria,Q219,http://www.wikidata.org/entity/Q19692963,Velizar Peev's Chocolate factories,Factory,,
Bulgaria,Q219,http://www.wikidata.org/entity/Q28192495,Q28192495,Factory,,
Bulgaria,Q219,http://www.wikidata.org/entity/Q7652574,Svetlina AD,Factory,,
Bulgaria,Q219,http://www.wikidata.org/entity/Q56823572,Q56823572,Factory,,
Bulgaria,Q219,http://www.wikidata.org/entity/Q60851446,Q60851446,Factory,,
Bulgaria,Q219,http://www.wikidata.org/entity/Q64606240,Q64606240,Factory,,
Bulgaria,Q219,http://www.wikidata.org/entity/Q30005202,Q30005202,Factory,,
Kingdom of Hanover,Q164079,http://www.wikidata.org/entity/Q126183178,Q126183178,Factory,,
Kingdom of Hanover,Q164079,http://www.wikidata.org/entity/Q134583533,Q134583533,Factory,,
Kingdom of Hanover,Q164079,http://www.wikidata.org/entity/Q134879011,Q134879011,Factory,,
France,Q142,http://www.wikidata.org/entity/Q3552656,Q3552656,Factory,,
France,Q142,http://www.wikidata.org/entity/Q3552675,Q3552675,Factory,,
France,Q142,http://www.wikidata.org/entity/Q1050003,Caséo-Sojaïne,Factory,,
France,Q142,http://www.wikidata.org/entity/Q23992159,Q23992159,Factory,,
France,Q142,http://www.wikidata.org/entity/Q27468671,Q27468671,Factory,,
France,Q142,http://www.wikidata.org/entity/Q3116716,Grimaud,Factory,,
France,Q142,http://www.wikidata.org/entity/Q3010308,Léon Elchinger,Factory,,
France,Q142,http://www.wikidata.org/entity/Q3117049,Grosse Boutique,Factory,,
France,Q142,http://www.wikidata.org/entity/Q16544052,Cossé-Duval,Factory,,
France,Q142,http://www.wikidata.org/entity/Q93485211,Q93485211,Factory,,
France,Q142,http://www.wikidata.org/entity/Q112762478,Q112762478,Factory,,
France,Q142,http://www.wikidata.org/entity/Q96602056,Q96602056,Factory,,
France,Q142,http://www.wikidata.org/entity/Q96601027,Q96601027,Factory,,
France,Q142,http://www.wikidata.org/entity/Q104778909,Q104778909,Factory,,
France,Q142,http://www.wikidata.org/entity/Q91216691,Q91216691,Factory,,
France,Q142,http://www.wikidata.org/entity/Q92306739,Q92306739,Factory,,
France,Q142,http://www.wikidata.org/entity/Q92306743,Q92306743,Factory,,
France,Q142,http://www.wikidata.org/entity/Q92306741,Q92306741,Factory,,
France,Q142,http://www.wikidata.org/entity/Q92306754,Q92306754,Factory,,
France,Q142,http://www.wikidata.org/entity/Q92306757,Q92306757,Factory,,
France,Q142,http://www.wikidata.org/entity/Q92306763,Q92306763,Factory,,
France,Q142,http://www.wikidata.org/entity/Q92306767,Q92306767,Factory,,
France,Q142,http://www.wikidata.org/entity/Q92306772,Q92306772,Factory,,
France,Q142,http://www.wikidata.org/entity/Q92306778,Q92306778,Factory,,
France,Q142,http://www.wikidata.org/entity/Q92306783,Q92306783,Factory,,
France,Q142,http://www.wikidata.org/entity/Q92311185,Q92311185,Factory,,
France,Q142,http://www.wikidata.org/entity/Q92311347,Q92311347,Factory,,
France,Q142,http://www.wikidata.org/entity/Q92311554,Q92311554,Factory,,
France,Q142,http://www.wikidata.org/entity/Q96600444,Q96600444,Factory,,
France,Q142,http://www.wikidata.org/entity/Q96600475,Q96600475,Factory,,
France,Q142,http://www.wikidata.org/entity/Q96602049,Q96602049,Factory,,
France,Q142,http://www.wikidata.org/entity/Q96602054,Q96602054,Factory,,
France,Q142,http://www.wikidata.org/entity/Q96602058,Q96602058,Factory,,
France,Q142,http://www.wikidata.org/entity/Q96602057,Q96602057,Factory,,
France,Q142,http://www.wikidata.org/entity/Q96602061,Q96602061,Factory,,
France,Q142,http://www.wikidata.org/entity/Q115282770,Q115282770,Factory,,
France,Q142,http://www.wikidata.org/entity/Q115308666,Q115308666,Factory,,
France,Q142,http://www.wikidata.org/entity/Q3552618,Q3552618,Factory,,
France,Q142,http://www.wikidata.org/entity/Q130665255,Louis Lapié,Factory,,
France,Q142,http://www.wikidata.org/entity/Q68557199,Q68557199,Factory,,
France,Q142,http://www.wikidata.org/entity/Q68557594,Q68557594,Factory,,
France,Q142,http://www.wikidata.org/entity/Q88324852,Q88324852,Factory,,
France,Q142,http://www.wikidata.org/entity/Q60847094,Atelier de Construction de Puteaux,Factory,,
France,Q142,http://www.wikidata.org/entity/Q77353511,Flaminaire,Factory,,
France,Q142,http://www.wikidata.org/entity/Q69327111,Lubrizol factory in Rouen,Factory,,
France,Q142,http://www.wikidata.org/entity/Q82002159,factories in Montreuil,Factory,,
France,Q142,http://www.wikidata.org/entity/Q88402270,Q88402270,Factory,,
France,Q142,http://www.wikidata.org/entity/Q88402269,Q88402269,Factory,,
France,Q142,http://www.wikidata.org/entity/Q88494398,Q88494398,Factory,,
France,Q142,http://www.wikidata.org/entity/Q3118346,Grès de Pierrefonds,Factory,,
France,Q142,http://www.wikidata.org/entity/Q3128706,Haviland & Co.,Factory,,
France,Q142,http://www.wikidata.org/entity/Q3398119,Chantilly porcelain,Factory,,
France,Q142,http://www.wikidata.org/entity/Q29982145,Dihl et Guérhard porcelain factory,Factory,,
France,Q142,http://www.wikidata.org/entity/Q64224452,Q64224452,Factory,,
France,Q142,http://www.wikidata.org/entity/Q96602067,Q96602067,Factory,,
France,Q142,http://www.wikidata.org/entity/Q96602064,Q96602064,Factory,,
France,Q142,http://www.wikidata.org/entity/Q96602065,Q96602065,Factory,,
France,Q142,http://www.wikidata.org/entity/Q96602071,Q96602071,Factory,,
France,Q142,http://www.wikidata.org/entity/Q96602069,Q96602069,Factory,,
France,Q142,http://www.wikidata.org/entity/Q96602072,Q96602072,Factory,,
France,Q142,http://www.wikidata.org/entity/Q96602073,Q96602073,Factory,,
France,Q142,http://www.wikidata.org/entity/Q96602078,Q96602078,Factory,,
France,Q142,http://www.wikidata.org/entity/Q96602079,Q96602079,Factory,,
France,Q142,http://www.wikidata.org/entity/Q96602076,Q96602076,Factory,,
France,Q142,http://www.wikidata.org/entity/Q96602077,Q96602077,Factory,,
France,Q142,http://www.wikidata.org/entity/Q96602083,Q96602083,Factory,,
France,Q142,http://www.wikidata.org/entity/Q96602080,Q96602080,Factory,,
France,Q142,http://www.wikidata.org/entity/Q96602086,Q96602086,Factory,,
France,Q142,http://www.wikidata.org/entity/Q96602090,Q96602090,Factory,,
France,Q142,http://www.wikidata.org/entity/Q96602091,Q96602091,Factory,,
France,Q142,http://www.wikidata.org/entity/Q96602088,Q96602088,Factory,,
France,Q142,http://www.wikidata.org/entity/Q96602094,Q96602094,Factory,,
France,Q142,http://www.wikidata.org/entity/Q96602092,Q96602092,Factory,,
France,Q142,http://www.wikidata.org/entity/Q96602097,Q96602097,Factory,,
France,Q142,http://www.wikidata.org/entity/Q96602100,Q96602100,Factory,,
France,Q142,http://www.wikidata.org/entity/Q96602104,Q96602104,Factory,,
France,Q142,http://www.wikidata.org/entity/Q96602105,Q96602105,Factory,,
France,Q142,http://www.wikidata.org/entity/Q96602110,Q96602110,Factory,,
France,Q142,http://www.wikidata.org/entity/Q96602111,Q96602111,Factory,,
France,Q142,http://www.wikidata.org/entity/Q96602108,Q96602108,Factory,,
France,Q142,http://www.wikidata.org/entity/Q96602114,Q96602114,Factory,,
France,Q142,http://www.wikidata.org/entity/Q96602115,Q96602115,Factory,,
France,Q142,http://www.wikidata.org/entity/Q96602112,Q96602112,Factory,,
France,Q142,http://www.wikidata.org/entity/Q96602113,Q96602113,Factory,,
France,Q142,http://www.wikidata.org/entity/Q96602117,Q96602117,Factory,,
France,Q142,http://www.wikidata.org/entity/Q96605509,Q96605509,Factory,,
France,Q142,http://www.wikidata.org/entity/Q96605915,Q96605915,Factory,,
France,Q142,http://www.wikidata.org/entity/Q96605924,Q96605924,Factory,,
France,Q142,http://www.wikidata.org/entity/Q96605975,Q96605975,Factory,,
France,Q142,http://www.wikidata.org/entity/Q96605978,Q96605978,Factory,,
France,Q142,http://www.wikidata.org/entity/Q96612986,Q96612986,Factory,,
France,Q142,http://www.wikidata.org/entity/Q124410590,Intermondia Film,Factory,,
France,Q142,http://www.wikidata.org/entity/Q3067758,Q3067758,Factory,,
France,Q142,http://www.wikidata.org/entity/Q124645627,Distillerie de la Madone,Factory,,
France,Q142,http://www.wikidata.org/entity/Q3067756,Faience of Choisy-le-Roi,Factory,,
France,Q142,http://www.wikidata.org/entity/Q3067775,Rouen manufactory,Factory,,
France,Q142,http://www.wikidata.org/entity/Q16635961,Sarreguemines,Factory,,
France,Q142,http://www.wikidata.org/entity/Q19660279,Strasbourg faience,Factory,,
France,Q142,http://www.wikidata.org/entity/Q7521949,Sinceny manufactory,Factory,,
France,Q142,http://www.wikidata.org/entity/Q130358029,Jeanneau Techniques Avancées,Factory,,
France,Q142,http://www.wikidata.org/entity/Q64825542,Q64825542,Factory,,
France,Q142,http://www.wikidata.org/entity/Q116977077,Q116977077,Factory,,
France,Q142,http://www.wikidata.org/entity/Q123164882,Q123164882,Factory,,
France,Q142,http://www.wikidata.org/entity/Q123164881,Q123164881,Factory,,
France,Q142,http://www.wikidata.org/entity/Q123164886,Q123164886,Factory,,
France,Q142,http://www.wikidata.org/entity/Q123164884,Q123164884,Factory,,
France,Q142,http://www.wikidata.org/entity/Q123164885,Q123164885,Factory,,
France,Q142,http://www.wikidata.org/entity/Q123164890,Q123164890,Factory,,
France,Q142,http://www.wikidata.org/entity/Q123164888,Q123164888,Factory,,
France,Q142,http://www.wikidata.org/entity/Q123164889,Q123164889,Factory,,
France,Q142,http://www.wikidata.org/entity/Q123164893,Q123164893,Factory,,
France,Q142,http://www.wikidata.org/entity/Q131436231,Q131436231,Factory,,
France,Q142,http://www.wikidata.org/entity/Q113055811,Q113055811,Factory,,
France,Q142,http://www.wikidata.org/entity/Q113581882,Q113581882,Factory,,
France,Q142,http://www.wikidata.org/entity/Q115283455,Q115283455,Factory,,
France,Q142,http://www.wikidata.org/entity/Q115682961,Q115682961,Factory,,
France,Q142,http://www.wikidata.org/entity/Q117568155,Q117568155,Factory,,
France,Q142,http://www.wikidata.org/entity/Q117716538,Q117716538,Factory,,
France,Q142,http://www.wikidata.org/entity/Q109763218,Queen's Factory,Factory,,
France,Q142,http://www.wikidata.org/entity/Q109981586,Charles Ahrenfeldt,Factory,,
France,Q142,http://www.wikidata.org/entity/Q110555165,Josse Block-Cutting Machine,Factory,,
France,Q142,http://www.wikidata.org/entity/Q122459857,Q122459857,Factory,,
France,Q142,http://www.wikidata.org/entity/Q113182073,Officina Melchioris & Gasparis Trechsel Fratrum,Factory,,
France,Q142,http://www.wikidata.org/entity/Q113582186,Fonderie de la Grand'rue,Factory,,
France,Q142,http://www.wikidata.org/entity/Q113582493,Société Anonyme de Produits Chimiques de l'Ouest,Factory,,
France,Q142,http://www.wikidata.org/entity/Q116045488,Usine de la Villeneuve,Factory,,
France,Q142,http://www.wikidata.org/entity/Q134029618,Q134029618,Factory,,
France,Q142,http://www.wikidata.org/entity/Q120653639,manufacture de draps de la Trivalle,Factory,,
France,Q142,http://www.wikidata.org/entity/Q111371874,St. Cloud-Chicaneau,Factory,,
France,Q142,http://www.wikidata.org/entity/Q2905040,Q2905040,Factory,,
France,Q142,http://www.wikidata.org/entity/Q2924002,Q2924002,Factory,,
France,Q142,http://www.wikidata.org/entity/Q2924028,Q2924028,Factory,,
France,Q142,http://www.wikidata.org/entity/Q2924040,Q2924040,Factory,,
France,Q142,http://www.wikidata.org/entity/Q2924046,Q2924046,Factory,,
France,Q142,http://www.wikidata.org/entity/Q3285572,Q3285572,Factory,,
France,Q142,http://www.wikidata.org/entity/Q3487581,Q3487581,Factory,,
France,Q142,http://www.wikidata.org/entity/Q86741715,J.J. Carnaud,Factory,,
France,Q142,http://www.wikidata.org/entity/Q96605462,Q96605462,Factory,,
France,Q142,http://www.wikidata.org/entity/Q2923994,brewery Coreff,Factory,,
France,Q142,http://www.wikidata.org/entity/Q2924023,Brasserie Saint-Germain,Factory,,
France,Q142,http://www.wikidata.org/entity/Q2924051,Brasserie de la Brière,Factory,,
France,Q142,http://www.wikidata.org/entity/Q2924049,Brasserie de Tahiti,Factory,,
France,Q142,http://www.wikidata.org/entity/Q2924064,Brasserie du Mont-Blanc,Factory,,
France,Q142,http://www.wikidata.org/entity/Q2924005,Heineken breweries in France,Factory,,
France,Q142,http://www.wikidata.org/entity/Q3075738,Fonderie Cornille-Havard,Factory,,
France,Q142,http://www.wikidata.org/entity/Q56696149,Q56696149,Factory,,
France,Q142,http://www.wikidata.org/entity/Q133519827,Edmé Samson & Cie,Factory,,
France,Q142,http://www.wikidata.org/entity/Q116045405,Usine électrique,Factory,,
France,Q142,http://www.wikidata.org/entity/Q2924010,Q2924010,Factory,,
France,Q142,http://www.wikidata.org/entity/Q105953143,Q105953143,Factory,,
France,Q142,http://www.wikidata.org/entity/Q109024388,Q109024388,Factory,,
France,Q142,http://www.wikidata.org/entity/Q105082471,Printing-Bookstore Goupil,Factory,,
France,Q142,http://www.wikidata.org/entity/Q105953159,Atelier des canons du port militaire de Brest,Factory,,
France,Q142,http://www.wikidata.org/entity/Q111212059,Q111212059,Factory,,
France,Q142,http://www.wikidata.org/entity/Q111379322,Q111379322,Factory,,
France,Q142,http://www.wikidata.org/entity/Q112582432,Q112582432,Factory,,
France,Q142,http://www.wikidata.org/entity/Q65659206,Manufacture Royale des Vernis Martin,Factory,,
France,Q142,http://www.wikidata.org/entity/Q106350091,Perrusson & Desfontaines,Factory,,
France,Q142,http://www.wikidata.org/entity/Q106690358,La Providence,Factory,,
France,Q142,http://www.wikidata.org/entity/Q113192446,Q113192446,Factory,,
France,Q142,http://www.wikidata.org/entity/Q115281430,Q115281430,Factory,,
France,Q142,http://www.wikidata.org/entity/Q109293527,Ancienne Manufacture Royale de Limoges,Factory,,
France,Q142,http://www.wikidata.org/entity/Q109404331,Sand & Co,Factory,,
France,Q142,http://www.wikidata.org/entity/Q110401453,Verrerie Mitchell,Factory,,
France,Q142,http://www.wikidata.org/entity/Q111663758,Brasseurs Savoyards,Factory,,
France,Q142,http://www.wikidata.org/entity/Q125612888,Q125612888,Factory,,
France,Q142,http://www.wikidata.org/entity/Q130337174,Q130337174,Factory,,
France,Q142,http://www.wikidata.org/entity/Q130563776,Q130563776,Factory,,
France,Q142,http://www.wikidata.org/entity/Q3287070,Q3287070,Factory,,
France,Q142,http://www.wikidata.org/entity/Q100873711,Q100873711,Factory,,
France,Q142,http://www.wikidata.org/entity/Q19543999,Q19543999,Factory,,
France,Q142,http://www.wikidata.org/entity/Q21485212,Q21485212,Factory,,
France,Q142,http://www.wikidata.org/entity/Q109404297,Léon De Smet & Cie Manufacture de carrelages céramiques de Canteleu-Lille,Factory,,
France,Q142,http://www.wikidata.org/entity/Q30737961,Q30737961,Factory,,
France,Q142,http://www.wikidata.org/entity/Q48752718,Q48752718,Factory,,
France,Q142,http://www.wikidata.org/entity/Q59647373,Q59647373,Factory,,
France,Q142,http://www.wikidata.org/entity/Q131220296,Brasserie de Chanaz,Factory,,
France,Q142,http://www.wikidata.org/entity/Q64825547,Q64825547,Factory,,
France,Q142,http://www.wikidata.org/entity/Q127430431,Ieke,Factory,,
France,Q142,http://www.wikidata.org/entity/Q76956112,Q76956112,Factory,,
France,Q142,http://www.wikidata.org/entity/Q86668795,Q86668795,Factory,,
France,Q142,http://www.wikidata.org/entity/Q92306744,Q92306744,Factory,,
France,Q142,http://www.wikidata.org/entity/Q92306751,Q92306751,Factory,,
France,Q142,http://www.wikidata.org/entity/Q109404295,la Manufacture de Longwy,Factory,,
France,Q142,http://www.wikidata.org/entity/Q109404322,Petitpas,Factory,,
France,Q142,http://www.wikidata.org/entity/Q96483774,Q96483774,Factory,,
France,Q142,http://www.wikidata.org/entity/Q100968991,Q100968991,Factory,,
France,Q142,http://www.wikidata.org/entity/Q100969046,Q100969046,Factory,,
France,Q142,http://www.wikidata.org/entity/Q59647292,Filature et tissage de laine Paté,Factory,,
France,Q142,http://www.wikidata.org/entity/Q107808864,Q107808864,Factory,,
France,Q142,http://www.wikidata.org/entity/Q113624578,Pessac mint,Factory,,
France,Q142,http://www.wikidata.org/entity/Q114394122,Castelsarrasin mint,Factory,,
France,Q142,http://www.wikidata.org/entity/Q117353623,Distillerie Bologne,Factory,,
France,Q142,http://www.wikidata.org/entity/Q19945453,Q19945453,Factory,,
France,Q142,http://www.wikidata.org/entity/Q120759203,Théophile Guillon,Factory,,
France,Q142,http://www.wikidata.org/entity/Q17494175,Q17494175,Factory,,
France,Q142,http://www.wikidata.org/entity/Q17494184,Q17494184,Factory,,
France,Q142,http://www.wikidata.org/entity/Q19951867,Q19951867,Factory,,
France,Q142,http://www.wikidata.org/entity/Q19951907,Q19951907,Factory,,
France,Q142,http://www.wikidata.org/entity/Q30141812,Q30141812,Factory,,
France,Q142,http://www.wikidata.org/entity/Q30765966,Q30765966,Factory,,
France,Q142,http://www.wikidata.org/entity/Q19792884,Versailles arsenal,Factory,,
France,Q142,http://www.wikidata.org/entity/Q29408809,Versailles arsenal,Factory,,
France,Q142,http://www.wikidata.org/entity/Q25346152,Mint of Navarre and Béarn,Factory,,
France,Q142,http://www.wikidata.org/entity/Q133830796,Distillerie Frédéric Mugnier,Factory,,
France,Q142,http://www.wikidata.org/entity/Q84363194,Q84363194,Factory,,
France,Q142,http://www.wikidata.org/entity/Q96605495,Q96605495,Factory,,
France,Q142,http://www.wikidata.org/entity/Q3146236,Q3146236,Factory,,
France,Q142,http://www.wikidata.org/entity/Q61636990,Grihète,Factory,,
France,Q142,http://www.wikidata.org/entity/Q90578345,Q90578345,Factory,,
France,Q142,http://www.wikidata.org/entity/Q111379279,Q111379279,Factory,,
France,Q142,http://www.wikidata.org/entity/Q113885736,Q113885736,Factory,,
France,Q142,http://www.wikidata.org/entity/Q110644583,mint of Lons-le-Saunier,Factory,,
France,Q142,http://www.wikidata.org/entity/Q110654337,Sierck-les-Bains Mint,Factory,,
France,Q142,http://www.wikidata.org/entity/Q111475058,Beaumont-le-Roger mint,Factory,,
France,Q142,http://www.wikidata.org/entity/Q125451534,Fonderie Gruet aîné,Factory,,
France,Q142,http://www.wikidata.org/entity/Q125636676,Graux-Marly Frères,Factory,,
France,Q142,http://www.wikidata.org/entity/Q97704905,Bayeux Porcelain Factory,Factory,,
France,Q142,http://www.wikidata.org/entity/Q3067761,Creil-Montereau faience,Factory,,
France,Q142,http://www.wikidata.org/entity/Q3075747,C. Valsuani,Factory,,
France,Q142,http://www.wikidata.org/entity/Q3075744,Rudier Foundry,Factory,,
France,Q142,http://www.wikidata.org/entity/Q15794001,Carling platform,Factory,,
France,Q142,http://www.wikidata.org/entity/Q7649381,Susse Frères,Factory,,
France,Q142,http://www.wikidata.org/entity/Q40040584,Eck et Durand,Factory,,
France,Q142,http://www.wikidata.org/entity/Q96601704,Q96601704,Factory,,
France,Q142,http://www.wikidata.org/entity/Q96601705,Q96601705,Factory,,
France,Q142,http://www.wikidata.org/entity/Q97864099,Saint-Omer Pottery,Factory,,
France,Q142,http://www.wikidata.org/entity/Q111968976,Q111968976,Factory,,
France,Q142,http://www.wikidata.org/entity/Q115282124,Q115282124,Factory,,
France,Q142,http://www.wikidata.org/entity/Q108527076,Maison Barbedienne,Factory,,
France,Q142,http://www.wikidata.org/entity/Q108880949,Decauville Giot,Factory,,
France,Q142,http://www.wikidata.org/entity/Q117195512,Q117195512,Factory,,
France,Q142,http://www.wikidata.org/entity/Q109940120,Duplan et Salles,Factory,,
France,Q142,http://www.wikidata.org/entity/Q111354078,Susse Fondeur,Factory,,
France,Q142,http://www.wikidata.org/entity/Q124056880,Q124056880,Factory,,
France,Q142,http://www.wikidata.org/entity/Q75849073,Foundry Maison-Leblanc-Barbidienne,Factory,,
France,Q142,http://www.wikidata.org/entity/Q113563707,Barbedienne foundry,Factory,,
France,Q142,http://www.wikidata.org/entity/Q114381740,A. Bingen et Costenoble,Factory,,
France,Q142,http://www.wikidata.org/entity/Q115127125,Gruet Jeune,Factory,,
France,Q142,http://www.wikidata.org/entity/Q116732597,Jaboeuf et Bezout,Factory,,
France,Q142,http://www.wikidata.org/entity/Q1229287,Hennessy,Factory,,
France,Q142,http://www.wikidata.org/entity/Q4262773,Renault,Factory,,
France,Q142,http://www.wikidata.org/entity/Q21027499,Q21027499,Factory,,
France,Q142,http://www.wikidata.org/entity/Q96605475,cristallerie de Sèvres,Factory,,
France,Q142,http://www.wikidata.org/entity/Q3030732,distillerie de Savanna,Factory,,
France,Q142,http://www.wikidata.org/entity/Q3377639,Reichstett Refinery,Factory,,
France,Q142,http://www.wikidata.org/entity/Q3362816,Q3362816,Factory,,
France,Q142,http://www.wikidata.org/entity/Q19362884,Fromageries de Bourbon,Factory,,
France,Q142,http://www.wikidata.org/entity/Q19373263,Fromagerie de Takamaka,Factory,,
France,Q142,http://www.wikidata.org/entity/Q19375529,Poitou Chèvre,Factory,,
France,Q142,http://www.wikidata.org/entity/Q5282952,Distillerie Dillon,Factory,,
France,Q142,http://www.wikidata.org/entity/Q107262631,Société Anonyme des Verreries Réunies de Vallérysthal et Portieux,Factory,,
France,Q142,http://www.wikidata.org/entity/Q28859722,Cristallerie de Clichy,Factory,,
France,Q142,http://www.wikidata.org/entity/Q62606068,Q62606068,Factory,,
France,Q142,http://www.wikidata.org/entity/Q92311140,Q92311140,Factory,,
France,Q142,http://www.wikidata.org/entity/Q92311275,Q92311275,Factory,,
France,Q142,http://www.wikidata.org/entity/Q92311359,Q92311359,Factory,,
France,Q142,http://www.wikidata.org/entity/Q92311361,Q92311361,Factory,,
France,Q142,http://www.wikidata.org/entity/Q96605862,Q96605862,Factory,,
France,Q142,http://www.wikidata.org/entity/Q96605906,Q96605906,Factory,,
France,Q142,http://www.wikidata.org/entity/Q96605911,Q96605911,Factory,,
France,Q142,http://www.wikidata.org/entity/Q60342583,verrerie Saget,Factory,,
France,Q142,http://www.wikidata.org/entity/Q105062011,Q105062011,Factory,,
France,Q142,http://www.wikidata.org/entity/Q112196793,Q112196793,Factory,,
France,Q142,http://www.wikidata.org/entity/Q107973501,Fonderies de Vaucouleurs,Factory,,
France,Q142,http://www.wikidata.org/entity/Q115283391,Q115283391,Factory,,
France,Q142,http://www.wikidata.org/entity/Q115283622,Q115283622,Factory,,
France,Q142,http://www.wikidata.org/entity/Q115283655,Q115283655,Factory,,
France,Q142,http://www.wikidata.org/entity/Q70626635,Papeteries de La Haye-Descartes,Factory,,
France,Q142,http://www.wikidata.org/entity/Q123164894,Q123164894,Factory,,
France,Q142,http://www.wikidata.org/entity/Q124324069,Q124324069,Factory,,
France,Q142,http://www.wikidata.org/entity/Q113273544,GPN Grand-Quevilly,Factory,,
France,Q142,http://www.wikidata.org/entity/Q114757311,Vidalon Le Haut,Factory,,
France,Q142,http://www.wikidata.org/entity/Q130591722,Q130591722,Factory,,
France,Q142,http://www.wikidata.org/entity/Q130596382,Q130596382,Factory,,
Ukrainian Soviet Socialist Republic,Q133356,http://www.wikidata.org/entity/Q55663542,Q55663542,Factory,,
Ukrainian Soviet Socialist Republic,Q133356,http://www.wikidata.org/entity/Q56775714,Talne sugar refinery,Factory,,
Taiwan,Q865,http://www.wikidata.org/entity/Q85885170,TTL Longtian Distillery,Factory,,
Taiwan,Q865,http://www.wikidata.org/entity/Q10915794,Nanzhou Sugar Factory,Factory,,
Taiwan,Q865,http://www.wikidata.org/entity/Q11044525,Daliao Sugar Factory,Factory,,
Taiwan,Q865,http://www.wikidata.org/entity/Q11051100,Annei Sugar Factory,Factory,,
Taiwan,Q865,http://www.wikidata.org/entity/Q15911489,Jiangnan Mint,Factory,,
Taiwan,Q865,http://www.wikidata.org/entity/Q113127423,"Pharmaceutical Plant of Controlled Drugs, FDA, MoHW",Factory,,
Taiwan,Q865,http://www.wikidata.org/entity/Q5061452,Central Mint of China,Factory,,
Netherlands,Q55,http://www.wikidata.org/entity/Q18015227,Q18015227,Factory,,
Netherlands,Q55,http://www.wikidata.org/entity/Q18433458,Q18433458,Factory,,
Netherlands,Q55,http://www.wikidata.org/entity/Q18654979,Q18654979,Factory,,
Netherlands,Q55,http://www.wikidata.org/entity/Q18655170,Q18655170,Factory,,
Netherlands,Q55,http://www.wikidata.org/entity/Q19765949,Q19765949,Factory,,
Netherlands,Q55,http://www.wikidata.org/entity/Q114874854,Enschedesche Katoenspinnerij,Factory,,
Netherlands,Q55,http://www.wikidata.org/entity/Q14475915,Textielfabriek Holland,Factory,,
Netherlands,Q55,http://www.wikidata.org/entity/Q14512746,Van Dooren en Dams,Factory,,
Netherlands,Q55,http://www.wikidata.org/entity/Q18286145,Leidse Katoenmaatschappij,Factory,,
Netherlands,Q55,http://www.wikidata.org/entity/Q110562018,Smyrna Tapijtfabriek,Factory,,
Netherlands,Q55,http://www.wikidata.org/entity/Q18770332,Q18770332,Factory,,
Netherlands,Q55,http://www.wikidata.org/entity/Q106800466,J.C. Zaalberg en Zoon,Factory,,
Netherlands,Q55,http://www.wikidata.org/entity/Q107094994,Firma Parmentier,Factory,,
Netherlands,Q55,http://www.wikidata.org/entity/Q108513084,N.V. Stoomweverij Nijverheid,Factory,,
Netherlands,Q55,http://www.wikidata.org/entity/Q111371917,Firma P. Fentener van Vlissingen & Co.,Factory,,
Netherlands,Q55,http://www.wikidata.org/entity/Q4429967,Q4429967,Factory,,
Netherlands,Q55,http://www.wikidata.org/entity/Q11767270,Q11767270,Factory,,
Netherlands,Q55,http://www.wikidata.org/entity/Q13572283,Q13572283,Factory,,
Netherlands,Q55,http://www.wikidata.org/entity/Q13882340,Q13882340,Factory,,
Netherlands,Q55,http://www.wikidata.org/entity/Q2595828,Menko,Factory,,
Netherlands,Q55,http://www.wikidata.org/entity/Q2267826,Firma J.J. Krantz en Zoon,Factory,,
Netherlands,Q55,http://www.wikidata.org/entity/Q16682296,Van Houten,Factory,,
Netherlands,Q55,http://www.wikidata.org/entity/Q14141568,Polak & Schwarz,Factory,,
Netherlands,Q55,http://www.wikidata.org/entity/Q14513630,Vermicelli- & Macaronifabriek Jos Bauduin,Factory,,
Netherlands,Q55,http://www.wikidata.org/entity/Q14517118,Q14517118,Factory,,
Netherlands,Q55,http://www.wikidata.org/entity/Q3471087,Gebroeders Van Wijk & Co N.V.,Factory,,
Netherlands,Q55,http://www.wikidata.org/entity/Q15874359,Vierkleur-Rijwielen,Factory,,
Netherlands,Q55,http://www.wikidata.org/entity/Q17332728,Metawa,Factory,,
Netherlands,Q55,http://www.wikidata.org/entity/Q4353447,Cacaofabriek Blooker,Factory,,
Netherlands,Q55,http://www.wikidata.org/entity/Q16070618,Piet Zweegers,Factory,,
Netherlands,Q55,http://www.wikidata.org/entity/Q17480354,Q17480354,Factory,,
Netherlands,Q55,http://www.wikidata.org/entity/Q2130321,Q2130321,Factory,,
Netherlands,Q55,http://www.wikidata.org/entity/Q2485088,Flora,Factory,,
Netherlands,Q55,http://www.wikidata.org/entity/Q38467310,De Porceleyne Fles,Factory,,
Netherlands,Q55,http://www.wikidata.org/entity/Q5934990,De Zwing,Factory,,
Netherlands,Q55,http://www.wikidata.org/entity/Q109404258,gleibakkerij Buiten de Kerkpoort,Factory,,
Netherlands,Q55,http://www.wikidata.org/entity/Q109404318,Ned. Majorcafabriek,Factory,,
Netherlands,Q55,http://www.wikidata.org/entity/Q98018244,Schoonhovense Zilverfabriek H. Hooijkaas,Factory,,
Netherlands,Q55,http://www.wikidata.org/entity/Q98068710,N.V. Fabriek van Brouwer's Aardewerk 'Vredelust',Factory,,
Netherlands,Q55,http://www.wikidata.org/entity/Q98069223,S.A Uiterwaal,Factory,,
Netherlands,Q55,http://www.wikidata.org/entity/Q2018183,Eerste Steenwijker Kunst Aardewerk Fabriek,Factory,,
Netherlands,Q55,http://www.wikidata.org/entity/Q2023327,Aardewerkfabriek de Kat,Factory,,
Netherlands,Q55,http://www.wikidata.org/entity/Q19365217,Atelier St. Joris,Factory,,
Netherlands,Q55,http://www.wikidata.org/entity/Q2074726,Aardewerkfabriek Amstelhoek,Factory,,
Netherlands,Q55,http://www.wikidata.org/entity/Q2505653,Koninklijke Tichelaar Makkum,Factory,,
Netherlands,Q55,http://www.wikidata.org/entity/Q2611341,Société Céramique,Factory,,
Netherlands,Q55,http://www.wikidata.org/entity/Q2627891,Kunstaardewerkfabriek St. Lukas,Factory,,
Netherlands,Q55,http://www.wikidata.org/entity/Q2723431,Arnhemsche Fayencefabriek,Factory,,
Netherlands,Q55,http://www.wikidata.org/entity/Q29436129,Mobach,Factory,,
Netherlands,Q55,http://www.wikidata.org/entity/Q106799449,Firma Frans Pauwels,Factory,,
Netherlands,Q55,http://www.wikidata.org/entity/Q2195030,Dordtsche Kunstpotterij D.K.P.,Factory,,
Netherlands,Q55,http://www.wikidata.org/entity/Q106435959,Vereenigde Nederlandsche Rubberfabrieken Hevea N.V.,Factory,,
Netherlands,Q55,http://www.wikidata.org/entity/Q42304504,Weesp Porcelain Factory,Factory,,
Netherlands,Q55,http://www.wikidata.org/entity/Q85310543,Q85310543,Factory,,
Netherlands,Q55,http://www.wikidata.org/entity/Q109404269,Hobra,Factory,,
Netherlands,Q55,http://www.wikidata.org/entity/Q101627081,Q101627081,Factory,,
Netherlands,Q55,http://www.wikidata.org/entity/Q60042792,Plateelbakkerij ZENITH,Factory,,
Netherlands,Q55,http://www.wikidata.org/entity/Q98429497,Amstel Porcelain,Factory,,
Netherlands,Q55,http://www.wikidata.org/entity/Q65534629,Aardewerkfabriek De Rijn,Factory,,
Netherlands,Q55,http://www.wikidata.org/entity/Q105604579,Bofa,Factory,,
Netherlands,Q55,http://www.wikidata.org/entity/Q110301078,Q110301078,Factory,,
Netherlands,Q55,http://www.wikidata.org/entity/Q110301080,Q110301080,Factory,,
Netherlands,Q55,http://www.wikidata.org/entity/Q110301084,Q110301084,Factory,,
Netherlands,Q55,http://www.wikidata.org/entity/Q110301085,Q110301085,Factory,,
Netherlands,Q55,http://www.wikidata.org/entity/Q110301090,Q110301090,Factory,,
Netherlands,Q55,http://www.wikidata.org/entity/Q110301088,Q110301088,Factory,,
Netherlands,Q55,http://www.wikidata.org/entity/Q110301094,Q110301094,Factory,,
Netherlands,Q55,http://www.wikidata.org/entity/Q110301098,Q110301098,Factory,,
Netherlands,Q55,http://www.wikidata.org/entity/Q110301099,Q110301099,Factory,,
Netherlands,Q55,http://www.wikidata.org/entity/Q110301096,Q110301096,Factory,,
Netherlands,Q55,http://www.wikidata.org/entity/Q110301097,Q110301097,Factory,,
Netherlands,Q55,http://www.wikidata.org/entity/Q110301100,Q110301100,Factory,,
Netherlands,Q55,http://www.wikidata.org/entity/Q110301106,Q110301106,Factory,,
Netherlands,Q55,http://www.wikidata.org/entity/Q110301105,Q110301105,Factory,,
Netherlands,Q55,http://www.wikidata.org/entity/Q110301116,Q110301116,Factory,,
Netherlands,Q55,http://www.wikidata.org/entity/Q110301117,Q110301117,Factory,,
Netherlands,Q55,http://www.wikidata.org/entity/Q105798785,N.A. Bosch,Factory,,
Netherlands,Q55,http://www.wikidata.org/entity/Q105963843,W.G. Boele Senior,Factory,,
Netherlands,Q55,http://www.wikidata.org/entity/Q105964274,Oud Hollandse Tingieterij,Factory,,
Netherlands,Q55,http://www.wikidata.org/entity/Q106649354,De Hoop,Factory,,
Netherlands,Q55,http://www.wikidata.org/entity/Q106649357,Fabriek H.D. Heus,Factory,,
Netherlands,Q55,http://www.wikidata.org/entity/Q106651209,Cor Unum,Factory,,
Netherlands,Q55,http://www.wikidata.org/entity/Q106807219,Chemische Fabriek Zaltbommel,Factory,,
Netherlands,Q55,http://www.wikidata.org/entity/Q106807281,Medaille fabriek Stol,Factory,,
Netherlands,Q55,http://www.wikidata.org/entity/Q107095102,P. Clos en Leembruggen B.V.,Factory,,
Netherlands,Q55,http://www.wikidata.org/entity/Q107276509,J. Nooitgedagt en Zonen,Factory,,
Netherlands,Q55,http://www.wikidata.org/entity/Q107276787,Koninklijke Haardenfabriek E. M. Jaarsma,Factory,,
Netherlands,Q55,http://www.wikidata.org/entity/Q110084771,Zaalberg,Factory,,
Netherlands,Q55,http://www.wikidata.org/entity/Q108712979,Fabriek Gouda,Factory,,
Netherlands,Q55,http://www.wikidata.org/entity/Q108713016,Guldenvlies sigarenfabriek,Factory,,
Netherlands,Q55,http://www.wikidata.org/entity/Q108713022,Horma sigarenfabriek,Factory,,
Netherlands,Q55,http://www.wikidata.org/entity/Q108713036,kon. ver. ned. sigarenfabrieken Trio,Factory,,
Netherlands,Q55,http://www.wikidata.org/entity/Q108713099,"N.V. ""Celluloselakfabriek""",Factory,,
Netherlands,Q55,http://www.wikidata.org/entity/Q108713100,N.V. Emaillefabriek,Factory,,
Netherlands,Q55,http://www.wikidata.org/entity/Q108713107,N.V. Havana sigarenfabrieken,Factory,,
Netherlands,Q55,http://www.wikidata.org/entity/Q108713109,N.V. Metaalwarenfabriek De Vecht,Factory,,
Netherlands,Q55,http://www.wikidata.org/entity/Q108713118,N.V. Schoolmeubelfabriek Erven Kooymans-Mes,Factory,,
Netherlands,Q55,http://www.wikidata.org/entity/Q108713122,N.V. Sigarenfabriek La Bolsa,Factory,,
Netherlands,Q55,http://www.wikidata.org/entity/Q108713123,N.V. stijfselfabriek De Byenkorf,Factory,,
Netherlands,Q55,http://www.wikidata.org/entity/Q108713132,Nederlandsche Sigarenfabriek Sujabo,Factory,,
Netherlands,Q55,http://www.wikidata.org/entity/Q108713134,Numan's blikfabriek,Factory,,
Netherlands,Q55,http://www.wikidata.org/entity/Q108713139,NV Glimfabriek,Factory,,
Netherlands,Q55,http://www.wikidata.org/entity/Q108713136,NV fabriek de Bijenkorf,Factory,,
Netherlands,Q55,http://www.wikidata.org/entity/Q108713148,Patma sigarenfabriek,Factory,,
Netherlands,Q55,http://www.wikidata.org/entity/Q108713163,sigarenfabriek Dejaco,Factory,,
Netherlands,Q55,http://www.wikidata.org/entity/Q108713192,Sola fabriek,Factory,,
Netherlands,Q55,http://www.wikidata.org/entity/Q108713196,Spoor mosterdfabriek,Factory,,
Netherlands,Q55,http://www.wikidata.org/entity/Q108713198,Stoomverffabriek Schouten,Factory,,
Netherlands,Q55,http://www.wikidata.org/entity/Q108713219,Verkade fabrieken,Factory,,
Netherlands,Q55,http://www.wikidata.org/entity/Q108715901,Van Mouwerik & Bal N.V.,Factory,,
Netherlands,Q55,http://www.wikidata.org/entity/Q110301076,L'Ancora,Factory,,
Netherlands,Q55,http://www.wikidata.org/entity/Q109404246,COBO Tegelcollecties b.v.,Factory,,
Netherlands,Q55,http://www.wikidata.org/entity/Q109404270,gleibakkerij aan de Schritsen hoek Raamstraat,Factory,,
Netherlands,Q55,http://www.wikidata.org/entity/Q109404290,Keramische Industrie Loré,Factory,,
Netherlands,Q55,http://www.wikidata.org/entity/Q109404314,N.V. Ceramiekprodukten De Dijle,Factory,,
Netherlands,Q55,http://www.wikidata.org/entity/Q109404328,Potterij Oisterwijk,Factory,,
Netherlands,Q55,http://www.wikidata.org/entity/Q109404358,Tjallingii,Factory,,
Netherlands,Q55,http://www.wikidata.org/entity/Q109763213,Arnhemse Fabrique,Factory,,
Netherlands,Q55,http://www.wikidata.org/entity/Q110085544,Eerste Nederlandse Keramische Kunstinrichting,Factory,,
Netherlands,Q55,http://www.wikidata.org/entity/Q110301083,Confido,Factory,,
Netherlands,Q55,http://www.wikidata.org/entity/Q110301102,Groeneveldt Aardewerkfabriek,Factory,,
Netherlands,Q55,http://www.wikidata.org/entity/Q110301077,Kunstaardewerkfabriek Ed. Antheunis,Factory,,
Netherlands,Q55,http://www.wikidata.org/entity/Q75351583,Faience- en Tegelfabriek Holland,Factory,,
Netherlands,Q55,http://www.wikidata.org/entity/Q29436272,Aardewerkfabriek Loosdrecht,Factory,,
Netherlands,Q55,http://www.wikidata.org/entity/Q108713018,H. von Gimborn,Factory,,
Netherlands,Q55,http://www.wikidata.org/entity/Q110305423,Faience en Terracottafabriek Scholz & Vinckers Nederlandsche Majolika,Factory,,
Netherlands,Q55,http://www.wikidata.org/entity/Q110301170,Q110301170,Factory,,
Netherlands,Q55,http://www.wikidata.org/entity/Q110301168,Q110301168,Factory,,
Netherlands,Q55,http://www.wikidata.org/entity/Q110098528,Persilfabriek Jutphaas,Factory,,
Netherlands,Q55,http://www.wikidata.org/entity/Q110158707,Haka-gebouw Jutphaas,Factory,,
Netherlands,Q55,http://www.wikidata.org/entity/Q110301125,"Pottery ""The Old Jug""",Factory,,
Netherlands,Q55,http://www.wikidata.org/entity/Q110305424,Aardewerkfabriek Rintje Freerks de Boer,Factory,,
Netherlands,Q55,http://www.wikidata.org/entity/Q110305419,Tegelbakkerij Lotus,Factory,,
Netherlands,Q55,http://www.wikidata.org/entity/Q110305422,Rijnland,Factory,,
Netherlands,Q55,http://www.wikidata.org/entity/Q110301122,Q110301122,Factory,,
Netherlands,Q55,http://www.wikidata.org/entity/Q110301126,Q110301126,Factory,,
Netherlands,Q55,http://www.wikidata.org/entity/Q110301127,Q110301127,Factory,,
Netherlands,Q55,http://www.wikidata.org/entity/Q110301131,Q110301131,Factory,,
Netherlands,Q55,http://www.wikidata.org/entity/Q110301139,Q110301139,Factory,,
Netherlands,Q55,http://www.wikidata.org/entity/Q110301136,Q110301136,Factory,,
Netherlands,Q55,http://www.wikidata.org/entity/Q110301142,Q110301142,Factory,,
Netherlands,Q55,http://www.wikidata.org/entity/Q110301143,Q110301143,Factory,,
Netherlands,Q55,http://www.wikidata.org/entity/Q110301141,Q110301141,Factory,,
Netherlands,Q55,http://www.wikidata.org/entity/Q110301146,Q110301146,Factory,,
Netherlands,Q55,http://www.wikidata.org/entity/Q110301144,Q110301144,Factory,,
Netherlands,Q55,http://www.wikidata.org/entity/Q110301145,Q110301145,Factory,,
Netherlands,Q55,http://www.wikidata.org/entity/Q110301150,Q110301150,Factory,,
Netherlands,Q55,http://www.wikidata.org/entity/Q110301148,Q110301148,Factory,,
Netherlands,Q55,http://www.wikidata.org/entity/Q110301154,Q110301154,Factory,,
Netherlands,Q55,http://www.wikidata.org/entity/Q110301158,Q110301158,Factory,,
Netherlands,Q55,http://www.wikidata.org/entity/Q110301159,Q110301159,Factory,,
Netherlands,Q55,http://www.wikidata.org/entity/Q110301157,Q110301157,Factory,,
Netherlands,Q55,http://www.wikidata.org/entity/Q110301163,Q110301163,Factory,,
Netherlands,Q55,http://www.wikidata.org/entity/Q110301161,Q110301161,Factory,,
Netherlands,Q55,http://www.wikidata.org/entity/Q110301167,Q110301167,Factory,,
Netherlands,Q55,http://www.wikidata.org/entity/Q105963904,Gebr. van Oven,Factory,,
Netherlands,Q55,http://www.wikidata.org/entity/Q109675022,Beeldenfabriek St. Jozef,Factory,,
Netherlands,Q55,http://www.wikidata.org/entity/Q109675037,C.P. fabrieken N.V.,Factory,,
Netherlands,Q55,http://www.wikidata.org/entity/Q109675045,Coöperatieve Stoomzuivelfabriek Herwen en Aerdt,Factory,,
Netherlands,Q55,http://www.wikidata.org/entity/Q109675113,Electr. Spiegel- en Lijstenfabriek M.H. Jas Kunsthandel,Factory,,
Netherlands,Q55,http://www.wikidata.org/entity/Q109675271,Gorrissen Uniformpettenfabriek,Factory,,
Netherlands,Q55,http://www.wikidata.org/entity/Q109675277,Haze speelgoed en bouwplatenfabriek,Factory,,
Netherlands,Q55,http://www.wikidata.org/entity/Q109675316,Klene Suikerwarenfabriek,Factory,,
Netherlands,Q55,http://www.wikidata.org/entity/Q109675333,Lijstenfabriek Barth,Factory,,
Netherlands,Q55,http://www.wikidata.org/entity/Q109675346,Metaalwarenfabriek UNO,Factory,,
Netherlands,Q55,http://www.wikidata.org/entity/Q109675377,N.V. Eerste Nederlandse Witmetaalfabriek Loosduinen,Factory,,
Netherlands,Q55,http://www.wikidata.org/entity/Q109675380,N.V. Haagsche Balansen en gewichtenfabriek,Factory,,
Netherlands,Q55,http://www.wikidata.org/entity/Q109675381,N.V. Hengelosche Electrische en Mechanische Apparaten Fabriek (Heemaf),Factory,,
Netherlands,Q55,http://www.wikidata.org/entity/Q109675391,N.V. Uniformpettenfabriek v/h Fa. A. Hassing,Factory,,
Netherlands,Q55,http://www.wikidata.org/entity/Q109675426,rollengieterij en rollenspeciefabriek ORO - Utrecht,Factory,,
Netherlands,Q55,http://www.wikidata.org/entity/Q109675462,Steenfabriek Dibbets,Factory,,
Netherlands,Q55,http://www.wikidata.org/entity/Q109675514,Stoompannenfabriek W. Okkes,Factory,,
Netherlands,Q55,http://www.wikidata.org/entity/Q109675513,Stoompannenfabriek Herm. Wiegerinck,Factory,,
Netherlands,Q55,http://www.wikidata.org/entity/Q110301169,Ambacht Volendam B.V.,Factory,,
Netherlands,Q55,http://www.wikidata.org/entity/Q110301130,De Marmot,Factory,,
Netherlands,Q55,http://www.wikidata.org/entity/Q110301137,Firma Gebroeders Nagtegaal,Factory,,
Netherlands,Q55,http://www.wikidata.org/entity/Q110301147,Het Potteke,Factory,,
Netherlands,Q55,http://www.wikidata.org/entity/Q110301132,mogelijk Terracottafabriek van E.C. Martin,Factory,,
Netherlands,Q55,http://www.wikidata.org/entity/Q110301129,St. Maarten Porcelein,Factory,,
Netherlands,Q55,http://www.wikidata.org/entity/Q110305418,Aardewerkfabriek Katwijk,Factory,,
Netherlands,Q55,http://www.wikidata.org/entity/Q110305417,NV Groninger Steenfabrieken,Factory,,
Netherlands,Q55,http://www.wikidata.org/entity/Q47460178,Fabriek van Gebruiks- en Sieraardewerk enz. Voorheen Amstelhoek,Factory,,
Netherlands,Q55,http://www.wikidata.org/entity/Q96573432,Q96573432,Factory,,
Netherlands,Q55,http://www.wikidata.org/entity/Q56487427,Diamantslijperij Ziekenoppasser,Factory,,
Netherlands,Q55,http://www.wikidata.org/entity/Q97694230,Q97694230,Factory,,
Netherlands,Q55,http://www.wikidata.org/entity/Q97694459,Q97694459,Factory,,
Netherlands,Q55,http://www.wikidata.org/entity/Q57699498,Koninklijke Vereenigde Tapijtfabrieken,Factory,,
Netherlands,Q55,http://www.wikidata.org/entity/Q27895206,Q27895206,Factory,,
Netherlands,Q55,http://www.wikidata.org/entity/Q61443004,Koninklijke Nederlandsche Edelmetaal Bedrijven Van Kempen Begeer & Vos N.V.,Factory,,
Netherlands,Q55,http://www.wikidata.org/entity/Q107095092,Fabriek van verduurzaamde levensmiddelen,Factory,,
Netherlands,Q55,http://www.wikidata.org/entity/Q108712491,Karel I,Factory,,
Netherlands,Q55,http://www.wikidata.org/entity/Q27837196,Fabriekscomplex ECI,Factory,,
Netherlands,Q55,http://www.wikidata.org/entity/Q114953263,Hofkes & Co.,Factory,,
Netherlands,Q55,http://www.wikidata.org/entity/Q61905673,Hofleverancier Kattenburg,Factory,,
Netherlands,Q55,http://www.wikidata.org/entity/Q2891093,Canisius,Factory,,
Netherlands,Q55,http://www.wikidata.org/entity/Q79388617,Gerfa,Factory,,
Netherlands,Q55,http://www.wikidata.org/entity/Q2040744,Q2040744,Factory,,
Netherlands,Q55,http://www.wikidata.org/entity/Q80960661,ENKES,Factory,,
Netherlands,Q55,http://www.wikidata.org/entity/Q134655419,Q134655419,Factory,,
Netherlands,Q55,http://www.wikidata.org/entity/Q2109152,Q2109152,Factory,,
Netherlands,Q55,http://www.wikidata.org/entity/Q2112272,Q2112272,Factory,,
Netherlands,Q55,http://www.wikidata.org/entity/Q123757780,Karel I sigarenfabriek (Stratum),Factory,,
Netherlands,Q55,http://www.wikidata.org/entity/Q124310159,Stadsbrouwerij Maastricht,Factory,,
Netherlands,Q55,http://www.wikidata.org/entity/Q1922735,Q1922735,Factory,,
Netherlands,Q55,http://www.wikidata.org/entity/Q2164718,Q2164718,Factory,,
Netherlands,Q55,http://www.wikidata.org/entity/Q2177199,Q2177199,Factory,,
Netherlands,Q55,http://www.wikidata.org/entity/Q2178975,Q2178975,Factory,,
Netherlands,Q55,http://www.wikidata.org/entity/Q2202175,Q2202175,Factory,,
Netherlands,Q55,http://www.wikidata.org/entity/Q124371572,iKi Beer,Factory,,
Netherlands,Q55,http://www.wikidata.org/entity/Q2314288,Q2314288,Factory,,
Netherlands,Q55,http://www.wikidata.org/entity/Q2501556,Q2501556,Factory,,
Netherlands,Q55,http://www.wikidata.org/entity/Q2557479,Q2557479,Factory,,
Netherlands,Q55,http://www.wikidata.org/entity/Q2577397,Q2577397,Factory,,
Netherlands,Q55,http://www.wikidata.org/entity/Q2997984,Q2997984,Factory,,
Netherlands,Q55,http://www.wikidata.org/entity/Q125451796,"Factory of 't Woonhuys, Amsterdam",Factory,,
Netherlands,Q55,http://www.wikidata.org/entity/Q2189294,Duyvis,Factory,,
Netherlands,Q55,http://www.wikidata.org/entity/Q2691405,Q2691405,Factory,,
Netherlands,Q55,http://www.wikidata.org/entity/Q91024248,Kon. Emaillefabriek 'Posta',Factory,,
Netherlands,Q55,http://www.wikidata.org/entity/Q91257501,Bert Plantagie,Factory,,
Netherlands,Q55,http://www.wikidata.org/entity/Q2967637,Q2967637,Factory,,
Netherlands,Q55,http://www.wikidata.org/entity/Q24206859,Q24206859,Factory,,
Netherlands,Q55,http://www.wikidata.org/entity/Q1819791,Dedert IJs,Factory,,
Netherlands,Q55,http://www.wikidata.org/entity/Q1853862,Klene,Factory,,
Netherlands,Q55,http://www.wikidata.org/entity/Q2554849,Het Klaverblad,Factory,,
Netherlands,Q55,http://www.wikidata.org/entity/Q2036475,Frumarco,Factory,,
Netherlands,Q55,http://www.wikidata.org/entity/Q28057226,Q28057226,Factory,,
Netherlands,Q55,http://www.wikidata.org/entity/Q2180083,Pastoe,Factory,,
Netherlands,Q55,http://www.wikidata.org/entity/Q29098486,Q29098486,Factory,,
Netherlands,Q55,http://www.wikidata.org/entity/Q2329373,Nederlandsche Cocaïnefabriek,Factory,,
Netherlands,Q55,http://www.wikidata.org/entity/Q2380166,Stichting Noordhollandse Alternatieve Bierbrouwers,Factory,,
Netherlands,Q55,http://www.wikidata.org/entity/Q2430832,De Betuwe,Factory,,
Netherlands,Q55,http://www.wikidata.org/entity/Q52360685,Q52360685,Factory,,
Netherlands,Q55,http://www.wikidata.org/entity/Q2518058,Amsterdamsche Superfosfaatfabriek,Factory,,
Netherlands,Q55,http://www.wikidata.org/entity/Q2739731,Electrologica,Factory,,
Netherlands,Q55,http://www.wikidata.org/entity/Q2803211,Rubberfabriek Radium,Factory,,
Netherlands,Q55,http://www.wikidata.org/entity/Q14492122,Tieleman & Dros,Factory,,
Netherlands,Q55,http://www.wikidata.org/entity/Q2932677,Boldoot,Factory,,
Netherlands,Q55,http://www.wikidata.org/entity/Q56294806,Enveloppenfabriek H. Bontamps,Factory,,
Netherlands,Q55,http://www.wikidata.org/entity/Q3925216,Amsterdamsche Stoom Suikerraffinaderij,Factory,,
Netherlands,Q55,http://www.wikidata.org/entity/Q20776402,Luycks,Factory,,
Netherlands,Q55,http://www.wikidata.org/entity/Q1963782,Stijfsel- en Glucosefabriek Sas van Gent,Factory,,
Netherlands,Q55,http://www.wikidata.org/entity/Q21551189,Utrechtsche Fabriek van Zilverwerk,Factory,,
Netherlands,Q55,http://www.wikidata.org/entity/Q48350507,Q48350507,Factory,,
Netherlands,Q55,http://www.wikidata.org/entity/Q61906061,Q61906061,Factory,,
Netherlands,Q55,http://www.wikidata.org/entity/Q22572431,De Gruyterfabriek,Factory,,
Netherlands,Q55,http://www.wikidata.org/entity/Q52239869,Q52239869,Factory,,
Netherlands,Q55,http://www.wikidata.org/entity/Q26233873,Stoomluciferfabriek De Eem,Factory,,
Netherlands,Q55,http://www.wikidata.org/entity/Q2534879,Chemical Works Roermond,Factory,,
Netherlands,Q55,http://www.wikidata.org/entity/Q29422170,Gerritsen & van Kempen,Factory,,
Netherlands,Q55,http://www.wikidata.org/entity/Q60729782,Q60729782,Factory,,
Netherlands,Q55,http://www.wikidata.org/entity/Q62033739,Vrouwendrukkerij Virginia,Factory,,
Netherlands,Q55,http://www.wikidata.org/entity/Q135068262,"A. Dengerink v/h Wed. C.D. v.d. Helm, tabaksfabriek",Factory,,
Netherlands,Q55,http://www.wikidata.org/entity/Q56877972,Gimborn,Factory,,
Netherlands,Q55,http://www.wikidata.org/entity/Q123140159,Dordrecht Houtverwerkingsbedrijf,Factory,,
Netherlands,Q55,http://www.wikidata.org/entity/Q123289709,Roeloff's Uitstoomingsinrichting,Factory,,
Netherlands,Q55,http://www.wikidata.org/entity/Q124410260,Doornveld Media,Factory,,
Netherlands,Q55,http://www.wikidata.org/entity/Q127789624,BRACK,Factory,,
Netherlands,Q55,http://www.wikidata.org/entity/Q124646359,Brewpub De Kromme Haring,Factory,,
Netherlands,Q55,http://www.wikidata.org/entity/Q125080499,N.V.J.A. Donker's Sigarenfabriek,Factory,,
Netherlands,Q55,http://www.wikidata.org/entity/Q125448963,Hollandsche Patent Metaal-Industrie,Factory,,
Netherlands,Q55,http://www.wikidata.org/entity/Q125561322,Rotterdamsche Melkinrichting,Factory,,
Netherlands,Q55,http://www.wikidata.org/entity/Q125628495,Peka Kroef,Factory,,
Netherlands,Q55,http://www.wikidata.org/entity/Q125779339,De Bekeerde Suster,Factory,,
Netherlands,Q55,http://www.wikidata.org/entity/Q126087991,Steenfabriek De Ossenberg,Factory,,
Netherlands,Q55,http://www.wikidata.org/entity/Q126141311,"Gasfabriek op Gaasplein, Venlo",Factory,,
Netherlands,Q55,http://www.wikidata.org/entity/Q126409417,NV Electriciteits Maatschappij Systeem de Khotinsky,Factory,,
Netherlands,Q55,http://www.wikidata.org/entity/Q3132510,Westraven,Factory,,
Netherlands,Q55,http://www.wikidata.org/entity/Q2699506,Plateelfabriek De Distel,Factory,,
Netherlands,Q55,http://www.wikidata.org/entity/Q2914571,Potterij Rembrandt,Factory,,
Netherlands,Q55,http://www.wikidata.org/entity/Q123398243,Pastoe factory,Factory,,
Netherlands,Q55,http://www.wikidata.org/entity/Q124332974,Plateelbakkerij Tiko,Factory,,
Netherlands,Q55,http://www.wikidata.org/entity/Q28382486,Het Ambacht Haalderen,Factory,,
Netherlands,Q55,http://www.wikidata.org/entity/Q125968405,Rijwielfabriek Karel Lengs & Zonen,Factory,,
Netherlands,Q55,http://www.wikidata.org/entity/Q2502556,Pottenbakkerij De Vier Paddestoelen,Factory,,
Netherlands,Q55,http://www.wikidata.org/entity/Q2128434,Kunstaardewerkfabriek Velsen,Factory,,
Netherlands,Q55,http://www.wikidata.org/entity/Q110301082,Q110301082,Factory,,
Netherlands,Q55,http://www.wikidata.org/entity/Q110301081,Q110301081,Factory,,
Netherlands,Q55,http://www.wikidata.org/entity/Q110301092,Q110301092,Factory,,
Netherlands,Q55,http://www.wikidata.org/entity/Q110301110,Q110301110,Factory,,
Netherlands,Q55,http://www.wikidata.org/entity/Q110301109,Q110301109,Factory,,
Netherlands,Q55,http://www.wikidata.org/entity/Q110301114,Q110301114,Factory,,
Netherlands,Q55,http://www.wikidata.org/entity/Q110301113,Q110301113,Factory,,
Netherlands,Q55,http://www.wikidata.org/entity/Q110301118,Q110301118,Factory,,
Netherlands,Q55,http://www.wikidata.org/entity/Q110301119,Q110301119,Factory,,
Netherlands,Q55,http://www.wikidata.org/entity/Q110301121,Q110301121,Factory,,
Netherlands,Q55,http://www.wikidata.org/entity/Q110301124,Q110301124,Factory,,
Netherlands,Q55,http://www.wikidata.org/entity/Q110301133,Q110301133,Factory,,
Netherlands,Q55,http://www.wikidata.org/entity/Q110301140,Q110301140,Factory,,
Netherlands,Q55,http://www.wikidata.org/entity/Q110301151,Q110301151,Factory,,
Netherlands,Q55,http://www.wikidata.org/entity/Q110301152,Q110301152,Factory,,
Netherlands,Q55,http://www.wikidata.org/entity/Q110301162,Q110301162,Factory,,
Netherlands,Q55,http://www.wikidata.org/entity/Q110301166,Q110301166,Factory,,
Netherlands,Q55,http://www.wikidata.org/entity/Q110301174,Q110301174,Factory,,
Netherlands,Q55,http://www.wikidata.org/entity/Q110301173,Q110301173,Factory,,
Netherlands,Q55,http://www.wikidata.org/entity/Q110301176,Q110301176,Factory,,
Netherlands,Q55,http://www.wikidata.org/entity/Q105953952,Blauwe Dolfijn,Factory,,
Netherlands,Q55,http://www.wikidata.org/entity/Q106693143,Gebroeders Andrée,Factory,,
Netherlands,Q55,http://www.wikidata.org/entity/Q107095109,Plateelbakkerij Augustijn Cornelisz. Schipper,Factory,,
Netherlands,Q55,http://www.wikidata.org/entity/Q107095111,Potterie Haemstede,Factory,,
Netherlands,Q55,http://www.wikidata.org/entity/Q107275905,De Boer,Factory,,
Netherlands,Q55,http://www.wikidata.org/entity/Q109404232,Astoria,Factory,,
Netherlands,Q55,http://www.wikidata.org/entity/Q109243546,Pottenbakkerij Workum,Factory,,
Netherlands,Q55,http://www.wikidata.org/entity/Q109243547,Pottenbakkerij Potters,Factory,,
Netherlands,Q55,http://www.wikidata.org/entity/Q109243544,Pottenbakkerij 't Spinnewiel,Factory,,
Netherlands,Q55,http://www.wikidata.org/entity/Q109404238,c.v. Astra,Factory,,
Netherlands,Q55,http://www.wikidata.org/entity/Q109404327,Potterie Ravelli,Factory,,
Netherlands,Q55,http://www.wikidata.org/entity/Q110301175,De Walvis,Factory,,
Netherlands,Q55,http://www.wikidata.org/entity/Q110301079,Pottenbakkerij 't Bolwerk,Factory,,
Netherlands,Q55,http://www.wikidata.org/entity/Q110301101,Potterie De Groenekan B.V.,Factory,,
Netherlands,Q55,http://www.wikidata.org/entity/Q110301123,Pottenbakkerij P.C. Köhler,Factory,,
Netherlands,Q55,http://www.wikidata.org/entity/Q110301134,Potterie Moderne,Factory,,
Netherlands,Q55,http://www.wikidata.org/entity/Q110301172,Pottenbakkerij 't Vuur,Factory,,
Netherlands,Q55,http://www.wikidata.org/entity/Q126487830,Q126487830,Factory,,
Netherlands,Q55,http://www.wikidata.org/entity/Q2343736,Q2343736,Factory,,
Netherlands,Q55,http://www.wikidata.org/entity/Q2403780,Q2403780,Factory,,
Netherlands,Q55,http://www.wikidata.org/entity/Q2516719,Q2516719,Factory,,
Netherlands,Q55,http://www.wikidata.org/entity/Q2598031,Q2598031,Factory,,
Netherlands,Q55,http://www.wikidata.org/entity/Q3346453,Q3346453,Factory,,
Netherlands,Q55,http://www.wikidata.org/entity/Q4544224,Q4544224,Factory,,
Netherlands,Q55,http://www.wikidata.org/entity/Q4964943,Q4964943,Factory,,
Netherlands,Q55,http://www.wikidata.org/entity/Q14053841,Q14053841,Factory,,
Netherlands,Q55,http://www.wikidata.org/entity/Q2129286,C.H. de Vries,Factory,,
Netherlands,Q55,http://www.wikidata.org/entity/Q2169560,F. Stoltzenberg,Factory,,
Netherlands,Q55,http://www.wikidata.org/entity/Q2244184,J.L. Sträter,Factory,,
Netherlands,Q55,http://www.wikidata.org/entity/Q2252864,B.V. Textielfabrieken H. van Puijenbroek,Factory,,
Netherlands,Q55,http://www.wikidata.org/entity/Q2479885,Brouwerij De Krans,Factory,,
Netherlands,Q55,http://www.wikidata.org/entity/Q3953867,Brouwerij De Fontein,Factory,,
Netherlands,Q55,http://www.wikidata.org/entity/Q2538673,Alfa Brewery,Factory,,
Netherlands,Q55,http://www.wikidata.org/entity/Q2620302,A.W. Stadelmaier,Factory,,
Netherlands,Q55,http://www.wikidata.org/entity/Q13649812,H. Fermin,Factory,,
Netherlands,Q55,http://www.wikidata.org/entity/Q13736287,Jansen en Tilanus,Factory,,
Netherlands,Q55,http://www.wikidata.org/entity/Q2728163,Gooische Bierbrouwerij,Factory,,
Netherlands,Q55,http://www.wikidata.org/entity/Q2742076,H. Funnekotter,Factory,,
Netherlands,Q55,http://www.wikidata.org/entity/Q2754546,Gulpener Brewery,Factory,,
Netherlands,Q55,http://www.wikidata.org/entity/Q3136982,Brouwerij Heyloo,Factory,,
Netherlands,Q55,http://www.wikidata.org/entity/Q3266423,Brouwerij Emelisse,Factory,,
Netherlands,Q55,http://www.wikidata.org/entity/Q3445750,De Leckere,Factory,,
Netherlands,Q55,http://www.wikidata.org/entity/Q3496897,Brouwerij 't IJ,Factory,,
Netherlands,Q55,http://www.wikidata.org/entity/Q2449451,Brewery Schelde,Factory,,
Netherlands,Q55,http://www.wikidata.org/entity/Q4975878,Brouwerij 't Koelschip,Factory,,
Netherlands,Q55,http://www.wikidata.org/entity/Q2346140,Phoenix Bierbrouwerij,Factory,,
Netherlands,Q55,http://www.wikidata.org/entity/Q59197957,Gustaaf van Kalken,Factory,,
Netherlands,Q55,http://www.wikidata.org/entity/Q107036762,Q107036762,Factory,,
Netherlands,Q55,http://www.wikidata.org/entity/Q107036763,Q107036763,Factory,,
Netherlands,Q55,http://www.wikidata.org/entity/Q107036761,Q107036761,Factory,,
Netherlands,Q55,http://www.wikidata.org/entity/Q107036766,Q107036766,Factory,,
Netherlands,Q55,http://www.wikidata.org/entity/Q107036767,Q107036767,Factory,,
Netherlands,Q55,http://www.wikidata.org/entity/Q107036765,Q107036765,Factory,,
Netherlands,Q55,http://www.wikidata.org/entity/Q107036770,Q107036770,Factory,,
Netherlands,Q55,http://www.wikidata.org/entity/Q107036771,Q107036771,Factory,,
Netherlands,Q55,http://www.wikidata.org/entity/Q107036768,Q107036768,Factory,,
Netherlands,Q55,http://www.wikidata.org/entity/Q107036769,Q107036769,Factory,,
Netherlands,Q55,http://www.wikidata.org/entity/Q107036772,Q107036772,Factory,,
Netherlands,Q55,http://www.wikidata.org/entity/Q107036778,Q107036778,Factory,,
Netherlands,Q55,http://www.wikidata.org/entity/Q107036779,Q107036779,Factory,,
Netherlands,Q55,http://www.wikidata.org/entity/Q107036782,Q107036782,Factory,,
Netherlands,Q55,http://www.wikidata.org/entity/Q107036780,Q107036780,Factory,,
Netherlands,Q55,http://www.wikidata.org/entity/Q107036781,Q107036781,Factory,,
Netherlands,Q55,http://www.wikidata.org/entity/Q107036786,Q107036786,Factory,,
Netherlands,Q55,http://www.wikidata.org/entity/Q107036787,Q107036787,Factory,,
Netherlands,Q55,http://www.wikidata.org/entity/Q107036784,Q107036784,Factory,,
Netherlands,Q55,http://www.wikidata.org/entity/Q107036785,Q107036785,Factory,,
Netherlands,Q55,http://www.wikidata.org/entity/Q107036791,Q107036791,Factory,,
Netherlands,Q55,http://www.wikidata.org/entity/Q107036788,Q107036788,Factory,,
Netherlands,Q55,http://www.wikidata.org/entity/Q107036789,Q107036789,Factory,,
Netherlands,Q55,http://www.wikidata.org/entity/Q107036794,Q107036794,Factory,,
Netherlands,Q55,http://www.wikidata.org/entity/Q107036792,Q107036792,Factory,,
Netherlands,Q55,http://www.wikidata.org/entity/Q107036793,Q107036793,Factory,,
Netherlands,Q55,http://www.wikidata.org/entity/Q107036798,Q107036798,Factory,,
Netherlands,Q55,http://www.wikidata.org/entity/Q107036799,Q107036799,Factory,,
Netherlands,Q55,http://www.wikidata.org/entity/Q107036796,Q107036796,Factory,,
Netherlands,Q55,http://www.wikidata.org/entity/Q107036797,Q107036797,Factory,,
Netherlands,Q55,http://www.wikidata.org/entity/Q107036802,Q107036802,Factory,,
Netherlands,Q55,http://www.wikidata.org/entity/Q107036806,Q107036806,Factory,,
Netherlands,Q55,http://www.wikidata.org/entity/Q107036807,Q107036807,Factory,,
Netherlands,Q55,http://www.wikidata.org/entity/Q107036804,Q107036804,Factory,,
Netherlands,Q55,http://www.wikidata.org/entity/Q107036805,Q107036805,Factory,,
Netherlands,Q55,http://www.wikidata.org/entity/Q107036810,Q107036810,Factory,,
Netherlands,Q55,http://www.wikidata.org/entity/Q107036808,Q107036808,Factory,,
Netherlands,Q55,http://www.wikidata.org/entity/Q107036809,Q107036809,Factory,,
Netherlands,Q55,http://www.wikidata.org/entity/Q107036814,Q107036814,Factory,,
Netherlands,Q55,http://www.wikidata.org/entity/Q107036813,Q107036813,Factory,,
Netherlands,Q55,http://www.wikidata.org/entity/Q21402659,Q21402659,Factory,,
Netherlands,Q55,http://www.wikidata.org/entity/Q105963841,Maison van Hal,Factory,,
Netherlands,Q55,http://www.wikidata.org/entity/Q105964193,Liemco,Factory,,
Netherlands,Q55,http://www.wikidata.org/entity/Q105964194,Lonneker kleding,Factory,,
Netherlands,Q55,http://www.wikidata.org/entity/Q105964273,Orcon,Factory,,
Netherlands,Q55,http://www.wikidata.org/entity/Q105964399,Santino,Factory,,
Netherlands,Q55,http://www.wikidata.org/entity/Q106693199,H.J. Lindeman,Factory,,
Netherlands,Q55,http://www.wikidata.org/entity/Q107036773,Cox en Charles,Factory,,
Netherlands,Q55,http://www.wikidata.org/entity/Q107036775,Cuypers & Co.,Factory,,
Netherlands,Q55,http://www.wikidata.org/entity/Q107036777,Firma C.M. van Diemen,Factory,,
Netherlands,Q55,http://www.wikidata.org/entity/Q107036783,Geurts en Eling,Factory,,
Netherlands,Q55,http://www.wikidata.org/entity/Q107036795,J.W. Jansen's Uitgevers Mij.,Factory,,
Netherlands,Q55,http://www.wikidata.org/entity/Q107036803,J.L. Janssen,Factory,,
Netherlands,Q55,http://www.wikidata.org/entity/Q108880792,Hendriksen,Factory,,
Netherlands,Q55,http://www.wikidata.org/entity/Q125779372,Othmar,Factory,,
Netherlands,Q55,http://www.wikidata.org/entity/Q124625708,Kompaan,Factory,,
Netherlands,Q55,http://www.wikidata.org/entity/Q124632476,Crooked Spider,Factory,,
Netherlands,Q55,http://www.wikidata.org/entity/Q124632565,Moersleutel,Factory,,
Netherlands,Q55,http://www.wikidata.org/entity/Q124663583,Dutch Bargain,Factory,,
Netherlands,Q55,http://www.wikidata.org/entity/Q124666075,100 Watt,Factory,,
Netherlands,Q55,http://www.wikidata.org/entity/Q124666094,Lighttown Brewers,Factory,,
Netherlands,Q55,http://www.wikidata.org/entity/Q124666161,Stadsbrouwerij 013,Factory,,
Netherlands,Q55,http://www.wikidata.org/entity/Q125578806,Big Belly Brewing,Factory,,
Netherlands,Q55,http://www.wikidata.org/entity/Q125779352,Ramses Bier,Factory,,
Netherlands,Q55,http://www.wikidata.org/entity/Q125779368,DAVO Bieren,Factory,,
Netherlands,Q55,http://www.wikidata.org/entity/Q125779413,Rigtersbier,Factory,,
Netherlands,Q55,http://www.wikidata.org/entity/Q125779393,De Hollandse Pilsener Fabriek,Factory,,
Netherlands,Q55,http://www.wikidata.org/entity/Q125779382,Breugem Bier,Factory,,
Netherlands,Q55,http://www.wikidata.org/entity/Q125779417,Bruut Bier,Factory,,
Netherlands,Q55,http://www.wikidata.org/entity/Q125779356,Brouwerij Maallust,Factory,,
Netherlands,Q55,http://www.wikidata.org/entity/Q125779402,Brouwerij Noordt,Factory,,
Netherlands,Q55,http://www.wikidata.org/entity/Q125779349,Duits & Lauret,Factory,,
Netherlands,Q55,http://www.wikidata.org/entity/Q124672046,Walhalla,Factory,,
Netherlands,Q55,http://www.wikidata.org/entity/Q125779328,Q125779328,Factory,,
Netherlands,Q55,http://www.wikidata.org/entity/Q125779338,Q125779338,Factory,,
Netherlands,Q55,http://www.wikidata.org/entity/Q125779337,Q125779337,Factory,,
Netherlands,Q55,http://www.wikidata.org/entity/Q125779343,Q125779343,Factory,,
Netherlands,Q55,http://www.wikidata.org/entity/Q125779340,Q125779340,Factory,,
Netherlands,Q55,http://www.wikidata.org/entity/Q125779341,Q125779341,Factory,,
Netherlands,Q55,http://www.wikidata.org/entity/Q125779346,Q125779346,Factory,,
Netherlands,Q55,http://www.wikidata.org/entity/Q125779347,Q125779347,Factory,,
Netherlands,Q55,http://www.wikidata.org/entity/Q125779344,Q125779344,Factory,,
Netherlands,Q55,http://www.wikidata.org/entity/Q125779345,Q125779345,Factory,,
Netherlands,Q55,http://www.wikidata.org/entity/Q125779351,Q125779351,Factory,,
Netherlands,Q55,http://www.wikidata.org/entity/Q125779348,Q125779348,Factory,,
Netherlands,Q55,http://www.wikidata.org/entity/Q125779354,Q125779354,Factory,,
Netherlands,Q55,http://www.wikidata.org/entity/Q125779355,Q125779355,Factory,,
Netherlands,Q55,http://www.wikidata.org/entity/Q125779353,Q125779353,Factory,,
Netherlands,Q55,http://www.wikidata.org/entity/Q125779358,Q125779358,Factory,,
Netherlands,Q55,http://www.wikidata.org/entity/Q125779359,Q125779359,Factory,,
Netherlands,Q55,http://www.wikidata.org/entity/Q125779362,Q125779362,Factory,,
Netherlands,Q55,http://www.wikidata.org/entity/Q125779363,Q125779363,Factory,,
Netherlands,Q55,http://www.wikidata.org/entity/Q125779360,Q125779360,Factory,,
Netherlands,Q55,http://www.wikidata.org/entity/Q125779361,Q125779361,Factory,,
Netherlands,Q55,http://www.wikidata.org/entity/Q125779367,Q125779367,Factory,,
Netherlands,Q55,http://www.wikidata.org/entity/Q125779364,Q125779364,Factory,,
Netherlands,Q55,http://www.wikidata.org/entity/Q125779365,Q125779365,Factory,,
Netherlands,Q55,http://www.wikidata.org/entity/Q125779371,Q125779371,Factory,,
Netherlands,Q55,http://www.wikidata.org/entity/Q125779369,Q125779369,Factory,,
Netherlands,Q55,http://www.wikidata.org/entity/Q125779374,Q125779374,Factory,,
Netherlands,Q55,http://www.wikidata.org/entity/Q125779375,Q125779375,Factory,,
Netherlands,Q55,http://www.wikidata.org/entity/Q125779379,Q125779379,Factory,,
Netherlands,Q55,http://www.wikidata.org/entity/Q125779376,Q125779376,Factory,,
Netherlands,Q55,http://www.wikidata.org/entity/Q125779377,Q125779377,Factory,,
Netherlands,Q55,http://www.wikidata.org/entity/Q125779383,Q125779383,Factory,,
Netherlands,Q55,http://www.wikidata.org/entity/Q125779380,Q125779380,Factory,,
Netherlands,Q55,http://www.wikidata.org/entity/Q125779381,Q125779381,Factory,,
Netherlands,Q55,http://www.wikidata.org/entity/Q125779386,Q125779386,Factory,,
Netherlands,Q55,http://www.wikidata.org/entity/Q125779387,Q125779387,Factory,,
Netherlands,Q55,http://www.wikidata.org/entity/Q125779384,Q125779384,Factory,,
Netherlands,Q55,http://www.wikidata.org/entity/Q125779385,Q125779385,Factory,,
Netherlands,Q55,http://www.wikidata.org/entity/Q125779390,Q125779390,Factory,,
Netherlands,Q55,http://www.wikidata.org/entity/Q125779391,Q125779391,Factory,,
Netherlands,Q55,http://www.wikidata.org/entity/Q125779388,Q125779388,Factory,,
Netherlands,Q55,http://www.wikidata.org/entity/Q125779389,Q125779389,Factory,,
Netherlands,Q55,http://www.wikidata.org/entity/Q125779394,Q125779394,Factory,,
Netherlands,Q55,http://www.wikidata.org/entity/Q125779395,Q125779395,Factory,,
Netherlands,Q55,http://www.wikidata.org/entity/Q125779392,Q125779392,Factory,,
Netherlands,Q55,http://www.wikidata.org/entity/Q125779399,Q125779399,Factory,,
Netherlands,Q55,http://www.wikidata.org/entity/Q125779397,Q125779397,Factory,,
Netherlands,Q55,http://www.wikidata.org/entity/Q125779403,Q125779403,Factory,,
Netherlands,Q55,http://www.wikidata.org/entity/Q125779400,Q125779400,Factory,,
Netherlands,Q55,http://www.wikidata.org/entity/Q125779401,Q125779401,Factory,,
Netherlands,Q55,http://www.wikidata.org/entity/Q125779407,Q125779407,Factory,,
Netherlands,Q55,http://www.wikidata.org/entity/Q125779404,Q125779404,Factory,,
Netherlands,Q55,http://www.wikidata.org/entity/Q125779410,Q125779410,Factory,,
Netherlands,Q55,http://www.wikidata.org/entity/Q125779408,Q125779408,Factory,,
Netherlands,Q55,http://www.wikidata.org/entity/Q125779409,Q125779409,Factory,,
Netherlands,Q55,http://www.wikidata.org/entity/Q125779414,Q125779414,Factory,,
Netherlands,Q55,http://www.wikidata.org/entity/Q125779415,Q125779415,Factory,,
Netherlands,Q55,http://www.wikidata.org/entity/Q125779412,Q125779412,Factory,,
Netherlands,Q55,http://www.wikidata.org/entity/Q125779418,Q125779418,Factory,,
Netherlands,Q55,http://www.wikidata.org/entity/Q125779419,Q125779419,Factory,,
Netherlands,Q55,http://www.wikidata.org/entity/Q125779416,Q125779416,Factory,,
Netherlands,Q55,http://www.wikidata.org/entity/Q125779423,Q125779423,Factory,,
Netherlands,Q55,http://www.wikidata.org/entity/Q125779421,Q125779421,Factory,,
Netherlands,Q55,http://www.wikidata.org/entity/Q125779426,Q125779426,Factory,,
Netherlands,Q55,http://www.wikidata.org/entity/Q125779427,Q125779427,Factory,,
Netherlands,Q55,http://www.wikidata.org/entity/Q125779425,Q125779425,Factory,,
Netherlands,Q55,http://www.wikidata.org/entity/Q125779430,Q125779430,Factory,,
Netherlands,Q55,http://www.wikidata.org/entity/Q125779431,Q125779431,Factory,,
Netherlands,Q55,http://www.wikidata.org/entity/Q125779429,Q125779429,Factory,,
Netherlands,Q55,http://www.wikidata.org/entity/Q125779434,Q125779434,Factory,,
Netherlands,Q55,http://www.wikidata.org/entity/Q125779433,Q125779433,Factory,,
Netherlands,Q55,http://www.wikidata.org/entity/Q124666148,Van Moll,Factory,,
Netherlands,Q55,http://www.wikidata.org/entity/Q125779378,Oedipus,Factory,,
Netherlands,Q55,http://www.wikidata.org/entity/Q125779532,Solaes,Factory,,
Netherlands,Q55,http://www.wikidata.org/entity/Q125779467,Hooglander Bier,Factory,,
Netherlands,Q55,http://www.wikidata.org/entity/Q125779476,Brouwerij Homeland,Factory,,
Netherlands,Q55,http://www.wikidata.org/entity/Q125779507,Brouwerij Hoop,Factory,,
Netherlands,Q55,http://www.wikidata.org/entity/Q125779517,Poesiat & Kater,Factory,,
Netherlands,Q55,http://www.wikidata.org/entity/Q125779435,Q125779435,Factory,,
Netherlands,Q55,http://www.wikidata.org/entity/Q125779438,Q125779438,Factory,,
Netherlands,Q55,http://www.wikidata.org/entity/Q125779439,Q125779439,Factory,,
Netherlands,Q55,http://www.wikidata.org/entity/Q125779436,Q125779436,Factory,,
Netherlands,Q55,http://www.wikidata.org/entity/Q125779442,Q125779442,Factory,,
Netherlands,Q55,http://www.wikidata.org/entity/Q125779443,Q125779443,Factory,,
Netherlands,Q55,http://www.wikidata.org/entity/Q125779440,Q125779440,Factory,,
Netherlands,Q55,http://www.wikidata.org/entity/Q125779441,Q125779441,Factory,,
Netherlands,Q55,http://www.wikidata.org/entity/Q125779446,Q125779446,Factory,,
Netherlands,Q55,http://www.wikidata.org/entity/Q125779447,Q125779447,Factory,,
Netherlands,Q55,http://www.wikidata.org/entity/Q125779444,Q125779444,Factory,,
Netherlands,Q55,http://www.wikidata.org/entity/Q125779450,Q125779450,Factory,,
Netherlands,Q55,http://www.wikidata.org/entity/Q125779451,Q125779451,Factory,,
Netherlands,Q55,http://www.wikidata.org/entity/Q125779448,Q125779448,Factory,,
Netherlands,Q55,http://www.wikidata.org/entity/Q125779449,Q125779449,Factory,,
Netherlands,Q55,http://www.wikidata.org/entity/Q125779454,Q125779454,Factory,,
Netherlands,Q55,http://www.wikidata.org/entity/Q125779455,Q125779455,Factory,,
Netherlands,Q55,http://www.wikidata.org/entity/Q125779452,Q125779452,Factory,,
Netherlands,Q55,http://www.wikidata.org/entity/Q125779453,Q125779453,Factory,,
Netherlands,Q55,http://www.wikidata.org/entity/Q125779458,Q125779458,Factory,,
Netherlands,Q55,http://www.wikidata.org/entity/Q125779459,Q125779459,Factory,,
Netherlands,Q55,http://www.wikidata.org/entity/Q125779456,Q125779456,Factory,,
Netherlands,Q55,http://www.wikidata.org/entity/Q125779462,Q125779462,Factory,,
Netherlands,Q55,http://www.wikidata.org/entity/Q125779463,Q125779463,Factory,,
Netherlands,Q55,http://www.wikidata.org/entity/Q125779460,Q125779460,Factory,,
Netherlands,Q55,http://www.wikidata.org/entity/Q125779461,Q125779461,Factory,,
Netherlands,Q55,http://www.wikidata.org/entity/Q125779466,Q125779466,Factory,,
Netherlands,Q55,http://www.wikidata.org/entity/Q125779464,Q125779464,Factory,,
Netherlands,Q55,http://www.wikidata.org/entity/Q125779465,Q125779465,Factory,,
Netherlands,Q55,http://www.wikidata.org/entity/Q125779470,Q125779470,Factory,,
Netherlands,Q55,http://www.wikidata.org/entity/Q125779471,Q125779471,Factory,,
Netherlands,Q55,http://www.wikidata.org/entity/Q125779468,Q125779468,Factory,,
Netherlands,Q55,http://www.wikidata.org/entity/Q125779469,Q125779469,Factory,,
Netherlands,Q55,http://www.wikidata.org/entity/Q125779474,Q125779474,Factory,,
Netherlands,Q55,http://www.wikidata.org/entity/Q125779475,Q125779475,Factory,,
Netherlands,Q55,http://www.wikidata.org/entity/Q125779472,Q125779472,Factory,,
Netherlands,Q55,http://www.wikidata.org/entity/Q125779473,Q125779473,Factory,,
Netherlands,Q55,http://www.wikidata.org/entity/Q125779478,Q125779478,Factory,,
Netherlands,Q55,http://www.wikidata.org/entity/Q125779477,Q125779477,Factory,,
Netherlands,Q55,http://www.wikidata.org/entity/Q125779482,Q125779482,Factory,,
Netherlands,Q55,http://www.wikidata.org/entity/Q125779483,Q125779483,Factory,,
Netherlands,Q55,http://www.wikidata.org/entity/Q125779480,Q125779480,Factory,,
Netherlands,Q55,http://www.wikidata.org/entity/Q125779481,Q125779481,Factory,,
Netherlands,Q55,http://www.wikidata.org/entity/Q125779486,Q125779486,Factory,,
Netherlands,Q55,http://www.wikidata.org/entity/Q125779487,Q125779487,Factory,,
Netherlands,Q55,http://www.wikidata.org/entity/Q125779484,Q125779484,Factory,,
Netherlands,Q55,http://www.wikidata.org/entity/Q125779485,Q125779485,Factory,,
Netherlands,Q55,http://www.wikidata.org/entity/Q125779490,Q125779490,Factory,,
Netherlands,Q55,http://www.wikidata.org/entity/Q125779488,Q125779488,Factory,,
Netherlands,Q55,http://www.wikidata.org/entity/Q125779489,Q125779489,Factory,,
Netherlands,Q55,http://www.wikidata.org/entity/Q125779494,Q125779494,Factory,,
Netherlands,Q55,http://www.wikidata.org/entity/Q125779495,Q125779495,Factory,,
Netherlands,Q55,http://www.wikidata.org/entity/Q125779492,Q125779492,Factory,,
Netherlands,Q55,http://www.wikidata.org/entity/Q125779493,Q125779493,Factory,,
Netherlands,Q55,http://www.wikidata.org/entity/Q125779498,Q125779498,Factory,,
Netherlands,Q55,http://www.wikidata.org/entity/Q125779499,Q125779499,Factory,,
Netherlands,Q55,http://www.wikidata.org/entity/Q125779496,Q125779496,Factory,,
Netherlands,Q55,http://www.wikidata.org/entity/Q125779497,Q125779497,Factory,,
Netherlands,Q55,http://www.wikidata.org/entity/Q125779502,Q125779502,Factory,,
Netherlands,Q55,http://www.wikidata.org/entity/Q125779500,Q125779500,Factory,,
Netherlands,Q55,http://www.wikidata.org/entity/Q125779501,Q125779501,Factory,,
Netherlands,Q55,http://www.wikidata.org/entity/Q125779506,Q125779506,Factory,,
Netherlands,Q55,http://www.wikidata.org/entity/Q125779505,Q125779505,Factory,,
Netherlands,Q55,http://www.wikidata.org/entity/Q125779510,Q125779510,Factory,,
Netherlands,Q55,http://www.wikidata.org/entity/Q125779511,Q125779511,Factory,,
Netherlands,Q55,http://www.wikidata.org/entity/Q125779509,Q125779509,Factory,,
Netherlands,Q55,http://www.wikidata.org/entity/Q125779514,Q125779514,Factory,,
Netherlands,Q55,http://www.wikidata.org/entity/Q125779515,Q125779515,Factory,,
Netherlands,Q55,http://www.wikidata.org/entity/Q125779512,Q125779512,Factory,,
Netherlands,Q55,http://www.wikidata.org/entity/Q125779513,Q125779513,Factory,,
Netherlands,Q55,http://www.wikidata.org/entity/Q125779518,Q125779518,Factory,,
Netherlands,Q55,http://www.wikidata.org/entity/Q125779519,Q125779519,Factory,,
Netherlands,Q55,http://www.wikidata.org/entity/Q125779516,Q125779516,Factory,,
Netherlands,Q55,http://www.wikidata.org/entity/Q125779522,Q125779522,Factory,,
Netherlands,Q55,http://www.wikidata.org/entity/Q125779523,Q125779523,Factory,,
Netherlands,Q55,http://www.wikidata.org/entity/Q125779520,Q125779520,Factory,,
Netherlands,Q55,http://www.wikidata.org/entity/Q125779521,Q125779521,Factory,,
Netherlands,Q55,http://www.wikidata.org/entity/Q125779526,Q125779526,Factory,,
Netherlands,Q55,http://www.wikidata.org/entity/Q125779527,Q125779527,Factory,,
Netherlands,Q55,http://www.wikidata.org/entity/Q125779524,Q125779524,Factory,,
Netherlands,Q55,http://www.wikidata.org/entity/Q125779530,Q125779530,Factory,,
Netherlands,Q55,http://www.wikidata.org/entity/Q125779531,Q125779531,Factory,,
Netherlands,Q55,http://www.wikidata.org/entity/Q125779529,Q125779529,Factory,,
Netherlands,Q55,http://www.wikidata.org/entity/Q125779533,Q125779533,Factory,,
Netherlands,Q55,http://www.wikidata.org/entity/Q125779538,Q125779538,Factory,,
Netherlands,Q55,http://www.wikidata.org/entity/Q125779539,Q125779539,Factory,,
Netherlands,Q55,http://www.wikidata.org/entity/Q125779536,Q125779536,Factory,,
Netherlands,Q55,http://www.wikidata.org/entity/Q125779537,Q125779537,Factory,,
Netherlands,Q55,http://www.wikidata.org/entity/Q125779542,Q125779542,Factory,,
Netherlands,Q55,http://www.wikidata.org/entity/Q125779540,Q125779540,Factory,,
Netherlands,Q55,http://www.wikidata.org/entity/Q125779541,Q125779541,Factory,,
Netherlands,Q55,http://www.wikidata.org/entity/Q125779546,Q125779546,Factory,,
Netherlands,Q55,http://www.wikidata.org/entity/Q125779544,Q125779544,Factory,,
Netherlands,Q55,http://www.wikidata.org/entity/Q125779545,Q125779545,Factory,,
Netherlands,Q55,http://www.wikidata.org/entity/Q125779587,Tesselaar Familiebrouwerij Diks,Factory,,
Netherlands,Q55,http://www.wikidata.org/entity/Q125779547,Q125779547,Factory,,
Netherlands,Q55,http://www.wikidata.org/entity/Q125779550,Q125779550,Factory,,
Netherlands,Q55,http://www.wikidata.org/entity/Q125779551,Q125779551,Factory,,
Netherlands,Q55,http://www.wikidata.org/entity/Q125779548,Q125779548,Factory,,
Netherlands,Q55,http://www.wikidata.org/entity/Q125779549,Q125779549,Factory,,
Netherlands,Q55,http://www.wikidata.org/entity/Q125779554,Q125779554,Factory,,
Netherlands,Q55,http://www.wikidata.org/entity/Q125779552,Q125779552,Factory,,
Netherlands,Q55,http://www.wikidata.org/entity/Q125779553,Q125779553,Factory,,
Netherlands,Q55,http://www.wikidata.org/entity/Q125779558,Q125779558,Factory,,
Netherlands,Q55,http://www.wikidata.org/entity/Q125779559,Q125779559,Factory,,
Netherlands,Q55,http://www.wikidata.org/entity/Q125779556,Q125779556,Factory,,
Netherlands,Q55,http://www.wikidata.org/entity/Q125779557,Q125779557,Factory,,
Netherlands,Q55,http://www.wikidata.org/entity/Q125779562,Q125779562,Factory,,
Netherlands,Q55,http://www.wikidata.org/entity/Q125779560,Q125779560,Factory,,
Netherlands,Q55,http://www.wikidata.org/entity/Q125779561,Q125779561,Factory,,
Netherlands,Q55,http://www.wikidata.org/entity/Q125779566,Q125779566,Factory,,
Netherlands,Q55,http://www.wikidata.org/entity/Q125779567,Q125779567,Factory,,
Netherlands,Q55,http://www.wikidata.org/entity/Q125779564,Q125779564,Factory,,
Netherlands,Q55,http://www.wikidata.org/entity/Q125779565,Q125779565,Factory,,
Netherlands,Q55,http://www.wikidata.org/entity/Q125779570,Q125779570,Factory,,
Netherlands,Q55,http://www.wikidata.org/entity/Q125779571,Q125779571,Factory,,
Netherlands,Q55,http://www.wikidata.org/entity/Q125779568,Q125779568,Factory,,
Netherlands,Q55,http://www.wikidata.org/entity/Q125779569,Q125779569,Factory,,
Netherlands,Q55,http://www.wikidata.org/entity/Q125779574,Q125779574,Factory,,
Netherlands,Q55,http://www.wikidata.org/entity/Q125779575,Q125779575,Factory,,
Netherlands,Q55,http://www.wikidata.org/entity/Q125779572,Q125779572,Factory,,
Netherlands,Q55,http://www.wikidata.org/entity/Q125779573,Q125779573,Factory,,
Netherlands,Q55,http://www.wikidata.org/entity/Q125779578,Q125779578,Factory,,
Netherlands,Q55,http://www.wikidata.org/entity/Q125779579,Q125779579,Factory,,
Netherlands,Q55,http://www.wikidata.org/entity/Q125779576,Q125779576,Factory,,
Netherlands,Q55,http://www.wikidata.org/entity/Q125779577,Q125779577,Factory,,
Netherlands,Q55,http://www.wikidata.org/entity/Q125779582,Q125779582,Factory,,
Netherlands,Q55,http://www.wikidata.org/entity/Q125779583,Q125779583,Factory,,
Netherlands,Q55,http://www.wikidata.org/entity/Q125779580,Q125779580,Factory,,
Netherlands,Q55,http://www.wikidata.org/entity/Q125779581,Q125779581,Factory,,
Netherlands,Q55,http://www.wikidata.org/entity/Q125779586,Q125779586,Factory,,
Netherlands,Q55,http://www.wikidata.org/entity/Q125779584,Q125779584,Factory,,
Netherlands,Q55,http://www.wikidata.org/entity/Q125779585,Q125779585,Factory,,
Netherlands,Q55,http://www.wikidata.org/entity/Q125779590,Q125779590,Factory,,
Netherlands,Q55,http://www.wikidata.org/entity/Q125779591,Q125779591,Factory,,
Netherlands,Q55,http://www.wikidata.org/entity/Q125779588,Q125779588,Factory,,
Netherlands,Q55,http://www.wikidata.org/entity/Q125779589,Q125779589,Factory,,
Netherlands,Q55,http://www.wikidata.org/entity/Q125779594,Q125779594,Factory,,
Netherlands,Q55,http://www.wikidata.org/entity/Q125779595,Q125779595,Factory,,
Netherlands,Q55,http://www.wikidata.org/entity/Q125779592,Q125779592,Factory,,
Netherlands,Q55,http://www.wikidata.org/entity/Q125779593,Q125779593,Factory,,
Netherlands,Q55,http://www.wikidata.org/entity/Q125779599,Q125779599,Factory,,
Netherlands,Q55,http://www.wikidata.org/entity/Q125779596,Q125779596,Factory,,
Netherlands,Q55,http://www.wikidata.org/entity/Q125779597,Q125779597,Factory,,
Netherlands,Q55,http://www.wikidata.org/entity/Q125779602,Q125779602,Factory,,
Netherlands,Q55,http://www.wikidata.org/entity/Q125779601,Q125779601,Factory,,
Netherlands,Q55,http://www.wikidata.org/entity/Q125779606,Q125779606,Factory,,
Netherlands,Q55,http://www.wikidata.org/entity/Q125779604,Q125779604,Factory,,
Netherlands,Q55,http://www.wikidata.org/entity/Q125779605,Q125779605,Factory,,
Netherlands,Q55,http://www.wikidata.org/entity/Q125779610,Q125779610,Factory,,
Netherlands,Q55,http://www.wikidata.org/entity/Q125779611,Q125779611,Factory,,
Netherlands,Q55,http://www.wikidata.org/entity/Q125779608,Q125779608,Factory,,
Netherlands,Q55,http://www.wikidata.org/entity/Q125779609,Q125779609,Factory,,
Netherlands,Q55,http://www.wikidata.org/entity/Q125779614,Q125779614,Factory,,
Netherlands,Q55,http://www.wikidata.org/entity/Q125779612,Q125779612,Factory,,
Netherlands,Q55,http://www.wikidata.org/entity/Q125779613,Q125779613,Factory,,
Netherlands,Q55,http://www.wikidata.org/entity/Q125779619,Q125779619,Factory,,
Netherlands,Q55,http://www.wikidata.org/entity/Q125779616,Q125779616,Factory,,
Netherlands,Q55,http://www.wikidata.org/entity/Q125779617,Q125779617,Factory,,
Netherlands,Q55,http://www.wikidata.org/entity/Q125779622,Q125779622,Factory,,
Netherlands,Q55,http://www.wikidata.org/entity/Q125779623,Q125779623,Factory,,
Netherlands,Q55,http://www.wikidata.org/entity/Q125779620,Q125779620,Factory,,
Netherlands,Q55,http://www.wikidata.org/entity/Q125779621,Q125779621,Factory,,
Netherlands,Q55,http://www.wikidata.org/entity/Q125779626,Q125779626,Factory,,
Netherlands,Q55,http://www.wikidata.org/entity/Q125779627,Q125779627,Factory,,
Netherlands,Q55,http://www.wikidata.org/entity/Q125779624,Q125779624,Factory,,
Netherlands,Q55,http://www.wikidata.org/entity/Q125779625,Q125779625,Factory,,
Netherlands,Q55,http://www.wikidata.org/entity/Q125779630,Q125779630,Factory,,
Netherlands,Q55,http://www.wikidata.org/entity/Q125779631,Q125779631,Factory,,
Netherlands,Q55,http://www.wikidata.org/entity/Q125779628,Q125779628,Factory,,
Netherlands,Q55,http://www.wikidata.org/entity/Q125779629,Q125779629,Factory,,
Netherlands,Q55,http://www.wikidata.org/entity/Q125779634,Q125779634,Factory,,
Netherlands,Q55,http://www.wikidata.org/entity/Q125779635,Q125779635,Factory,,
Netherlands,Q55,http://www.wikidata.org/entity/Q125779632,Q125779632,Factory,,
Netherlands,Q55,http://www.wikidata.org/entity/Q125779633,Q125779633,Factory,,
Netherlands,Q55,http://www.wikidata.org/entity/Q125779638,Q125779638,Factory,,
Netherlands,Q55,http://www.wikidata.org/entity/Q125779639,Q125779639,Factory,,
Netherlands,Q55,http://www.wikidata.org/entity/Q125779642,Q125779642,Factory,,
Netherlands,Q55,http://www.wikidata.org/entity/Q125779640,Q125779640,Factory,,
Netherlands,Q55,http://www.wikidata.org/entity/Q125779641,Q125779641,Factory,,
Netherlands,Q55,http://www.wikidata.org/entity/Q125779646,Q125779646,Factory,,
Netherlands,Q55,http://www.wikidata.org/entity/Q125779647,Q125779647,Factory,,
Netherlands,Q55,http://www.wikidata.org/entity/Q125779644,Q125779644,Factory,,
Netherlands,Q55,http://www.wikidata.org/entity/Q125779645,Q125779645,Factory,,
Netherlands,Q55,http://www.wikidata.org/entity/Q125779650,Q125779650,Factory,,
Netherlands,Q55,http://www.wikidata.org/entity/Q125779651,Q125779651,Factory,,
Netherlands,Q55,http://www.wikidata.org/entity/Q125779648,Q125779648,Factory,,
Netherlands,Q55,http://www.wikidata.org/entity/Q125779649,Q125779649,Factory,,
Netherlands,Q55,http://www.wikidata.org/entity/Q125779654,Q125779654,Factory,,
Netherlands,Q55,http://www.wikidata.org/entity/Q125779655,Q125779655,Factory,,
Netherlands,Q55,http://www.wikidata.org/entity/Q125779652,Q125779652,Factory,,
Netherlands,Q55,http://www.wikidata.org/entity/Q125779653,Q125779653,Factory,,
Netherlands,Q55,http://www.wikidata.org/entity/Q125779656,Q125779656,Factory,,
Netherlands,Q55,http://www.wikidata.org/entity/Q125779657,Q125779657,Factory,,
Netherlands,Q55,http://www.wikidata.org/entity/Q5280024,Q5280024,Factory,,
Netherlands,Q55,http://www.wikidata.org/entity/Q5293375,Q5293375,Factory,,
Netherlands,Q55,http://www.wikidata.org/entity/Q109404223,Aalmis - Verwijk & Zonen - Van Traa,Factory,,
Netherlands,Q55,http://www.wikidata.org/entity/Q109404221,A. Verwijk & Zonen,Factory,,
Netherlands,Q55,http://www.wikidata.org/entity/Q109404252,de Twee Laurierbomen,Factory,,
Netherlands,Q55,http://www.wikidata.org/entity/Q109404335,Servais & Cie Thonwaarenfabrik Lamberty,Factory,,
Netherlands,Q55,http://www.wikidata.org/entity/Q109404225,Aardewerk- en Tegelfabriek H. Van der Wal en Zonen,Factory,,
Netherlands,Q55,http://www.wikidata.org/entity/Q109404224,Aardewerk- en Tegelfabriek H. Nauta,Factory,,
Netherlands,Q55,http://www.wikidata.org/entity/Q109404259,gleibakkerij Kingma,Factory,,
Netherlands,Q55,http://www.wikidata.org/entity/Q109404312,muursteentjesfabriek Rotsenburg,Factory,,
Netherlands,Q55,http://www.wikidata.org/entity/Q107036815,Q107036815,Factory,,
Netherlands,Q55,http://www.wikidata.org/entity/Q107036818,Q107036818,Factory,,
Netherlands,Q55,http://www.wikidata.org/entity/Q107036819,Q107036819,Factory,,
Netherlands,Q55,http://www.wikidata.org/entity/Q107036822,Q107036822,Factory,,
Netherlands,Q55,http://www.wikidata.org/entity/Q107036823,Q107036823,Factory,,
Netherlands,Q55,http://www.wikidata.org/entity/Q107036821,Q107036821,Factory,,
Netherlands,Q55,http://www.wikidata.org/entity/Q107036826,Q107036826,Factory,,
Netherlands,Q55,http://www.wikidata.org/entity/Q107036827,Q107036827,Factory,,
Netherlands,Q55,http://www.wikidata.org/entity/Q107036824,Q107036824,Factory,,
Netherlands,Q55,http://www.wikidata.org/entity/Q107036825,Q107036825,Factory,,
Netherlands,Q55,http://www.wikidata.org/entity/Q107036828,Q107036828,Factory,,
Netherlands,Q55,http://www.wikidata.org/entity/Q107036829,Q107036829,Factory,,
Netherlands,Q55,http://www.wikidata.org/entity/Q107036834,Q107036834,Factory,,
Netherlands,Q55,http://www.wikidata.org/entity/Q107036832,Q107036832,Factory,,
Netherlands,Q55,http://www.wikidata.org/entity/Q107036833,Q107036833,Factory,,
Netherlands,Q55,http://www.wikidata.org/entity/Q107036838,Q107036838,Factory,,
Netherlands,Q55,http://www.wikidata.org/entity/Q107036839,Q107036839,Factory,,
Netherlands,Q55,http://www.wikidata.org/entity/Q107036836,Q107036836,Factory,,
Netherlands,Q55,http://www.wikidata.org/entity/Q107036837,Q107036837,Factory,,
Netherlands,Q55,http://www.wikidata.org/entity/Q107036842,Q107036842,Factory,,
Netherlands,Q55,http://www.wikidata.org/entity/Q107036843,Q107036843,Factory,,
Netherlands,Q55,http://www.wikidata.org/entity/Q107036840,Q107036840,Factory,,
Netherlands,Q55,http://www.wikidata.org/entity/Q107036841,Q107036841,Factory,,
Netherlands,Q55,http://www.wikidata.org/entity/Q107036847,Q107036847,Factory,,
Netherlands,Q55,http://www.wikidata.org/entity/Q107036844,Q107036844,Factory,,
Netherlands,Q55,http://www.wikidata.org/entity/Q107036845,Q107036845,Factory,,
Netherlands,Q55,http://www.wikidata.org/entity/Q107036851,Q107036851,Factory,,
Netherlands,Q55,http://www.wikidata.org/entity/Q107036848,Q107036848,Factory,,
Netherlands,Q55,http://www.wikidata.org/entity/Q107036849,Q107036849,Factory,,
Netherlands,Q55,http://www.wikidata.org/entity/Q107036852,Q107036852,Factory,,
Netherlands,Q55,http://www.wikidata.org/entity/Q107036850,G. Werson en Zoon,Factory,,
Netherlands,Q55,http://www.wikidata.org/entity/Q107036820,Herman Lowes,Factory,,
Netherlands,Q55,http://www.wikidata.org/entity/Q107036817,Nederlandsche Fabriek van Borduur- en Passementswerk A.A. Knuijver & Zonen 's Gravenhage,Factory,,
Netherlands,Q55,http://www.wikidata.org/entity/Q107036835,T.A. Rietstap & Zoon,Factory,,
Netherlands,Q55,http://www.wikidata.org/entity/Q107095011,Gebr. Ravesteyn,Factory,,
Netherlands,Q55,http://www.wikidata.org/entity/Q107095129,Het Wapen van Dantzich,Factory,,
Netherlands,Q55,http://www.wikidata.org/entity/Q107095126,Tegelbakkerij Aalmis,Factory,,
Netherlands,Q55,http://www.wikidata.org/entity/Q107095128,Tegelbakkerij Delftsevaart,Factory,,
Netherlands,Q55,http://www.wikidata.org/entity/Q107284872,N.V. Makkumer Aardewerk- en Tegelfabriek,Factory,,
Netherlands,Q55,http://www.wikidata.org/entity/Q109404132,De Albarello,Factory,,
Netherlands,Q55,http://www.wikidata.org/entity/Q109404267,Het Tegelhuis,Factory,,
Netherlands,Q55,http://www.wikidata.org/entity/Q109404284,Holland Keramik,Factory,,
Netherlands,Q55,http://www.wikidata.org/entity/Q109404313,N.V. Alfred Regout & Co,Factory,,
Netherlands,Q55,http://www.wikidata.org/entity/Q109404319,Nederlandse Keramische Industrie (NKI),Factory,,
Netherlands,Q55,http://www.wikidata.org/entity/Q109404333,Schillemans,Factory,,
Netherlands,Q55,http://www.wikidata.org/entity/Q109404349,Société Céramique Wyck Maastricht,Factory,,
Netherlands,Q55,http://www.wikidata.org/entity/Q112679248,Sint-Bernulphushuis,Factory,,
Netherlands,Q55,http://www.wikidata.org/entity/Q125779678,Brouwerij De Smokkelaar,Factory,,
Netherlands,Q55,http://www.wikidata.org/entity/Q125779666,IV:UUR Bierbrouwerij,Factory,,
Netherlands,Q55,http://www.wikidata.org/entity/Q125779661,Brouwerij Boschdal,Factory,,
Netherlands,Q55,http://www.wikidata.org/entity/Q125779658,Q125779658,Factory,,
Netherlands,Q55,http://www.wikidata.org/entity/Q125779659,Q125779659,Factory,,
Netherlands,Q55,http://www.wikidata.org/entity/Q125779662,Q125779662,Factory,,
Netherlands,Q55,http://www.wikidata.org/entity/Q125779663,Q125779663,Factory,,
Netherlands,Q55,http://www.wikidata.org/entity/Q125779660,Q125779660,Factory,,
Netherlands,Q55,http://www.wikidata.org/entity/Q125779667,Q125779667,Factory,,
Netherlands,Q55,http://www.wikidata.org/entity/Q125779670,Q125779670,Factory,,
Netherlands,Q55,http://www.wikidata.org/entity/Q125779671,Q125779671,Factory,,
Netherlands,Q55,http://www.wikidata.org/entity/Q125779668,Q125779668,Factory,,
Netherlands,Q55,http://www.wikidata.org/entity/Q125779669,Q125779669,Factory,,
Netherlands,Q55,http://www.wikidata.org/entity/Q125779674,Q125779674,Factory,,
Netherlands,Q55,http://www.wikidata.org/entity/Q125779675,Q125779675,Factory,,
Netherlands,Q55,http://www.wikidata.org/entity/Q125779672,Q125779672,Factory,,
Netherlands,Q55,http://www.wikidata.org/entity/Q125779673,Q125779673,Factory,,
Netherlands,Q55,http://www.wikidata.org/entity/Q125779679,Q125779679,Factory,,
Netherlands,Q55,http://www.wikidata.org/entity/Q125779677,Q125779677,Factory,,
Netherlands,Q55,http://www.wikidata.org/entity/Q125779682,Q125779682,Factory,,
Netherlands,Q55,http://www.wikidata.org/entity/Q125779683,Q125779683,Factory,,
Netherlands,Q55,http://www.wikidata.org/entity/Q125779680,Q125779680,Factory,,
Netherlands,Q55,http://www.wikidata.org/entity/Q125779681,Q125779681,Factory,,
Netherlands,Q55,http://www.wikidata.org/entity/Q125779686,Q125779686,Factory,,
Netherlands,Q55,http://www.wikidata.org/entity/Q125779687,Q125779687,Factory,,
Netherlands,Q55,http://www.wikidata.org/entity/Q125779684,Q125779684,Factory,,
Netherlands,Q55,http://www.wikidata.org/entity/Q125779685,Q125779685,Factory,,
Netherlands,Q55,http://www.wikidata.org/entity/Q125779690,Q125779690,Factory,,
Netherlands,Q55,http://www.wikidata.org/entity/Q125779691,Q125779691,Factory,,
Netherlands,Q55,http://www.wikidata.org/entity/Q125779688,Q125779688,Factory,,
Netherlands,Q55,http://www.wikidata.org/entity/Q125779689,Q125779689,Factory,,
Netherlands,Q55,http://www.wikidata.org/entity/Q125779694,Q125779694,Factory,,
Netherlands,Q55,http://www.wikidata.org/entity/Q125779695,Q125779695,Factory,,
Netherlands,Q55,http://www.wikidata.org/entity/Q125779692,Q125779692,Factory,,
Netherlands,Q55,http://www.wikidata.org/entity/Q125779693,Q125779693,Factory,,
Netherlands,Q55,http://www.wikidata.org/entity/Q125779698,Q125779698,Factory,,
Netherlands,Q55,http://www.wikidata.org/entity/Q125779697,Q125779697,Factory,,
Netherlands,Q55,http://www.wikidata.org/entity/Q125779702,Q125779702,Factory,,
Netherlands,Q55,http://www.wikidata.org/entity/Q125779703,Q125779703,Factory,,
Netherlands,Q55,http://www.wikidata.org/entity/Q125779700,Q125779700,Factory,,
Netherlands,Q55,http://www.wikidata.org/entity/Q125779701,Q125779701,Factory,,
Netherlands,Q55,http://www.wikidata.org/entity/Q125779706,Q125779706,Factory,,
Netherlands,Q55,http://www.wikidata.org/entity/Q125779707,Q125779707,Factory,,
Netherlands,Q55,http://www.wikidata.org/entity/Q125779704,Q125779704,Factory,,
Netherlands,Q55,http://www.wikidata.org/entity/Q125779705,Q125779705,Factory,,
Netherlands,Q55,http://www.wikidata.org/entity/Q125779710,Q125779710,Factory,,
Netherlands,Q55,http://www.wikidata.org/entity/Q125779711,Q125779711,Factory,,
Netherlands,Q55,http://www.wikidata.org/entity/Q125779708,Q125779708,Factory,,
Netherlands,Q55,http://www.wikidata.org/entity/Q125779709,Q125779709,Factory,,
Netherlands,Q55,http://www.wikidata.org/entity/Q125779714,Q125779714,Factory,,
Netherlands,Q55,http://www.wikidata.org/entity/Q125779715,Q125779715,Factory,,
Netherlands,Q55,http://www.wikidata.org/entity/Q125779712,Q125779712,Factory,,
Netherlands,Q55,http://www.wikidata.org/entity/Q125779718,Q125779718,Factory,,
Netherlands,Q55,http://www.wikidata.org/entity/Q125779719,Q125779719,Factory,,
Netherlands,Q55,http://www.wikidata.org/entity/Q125779716,Q125779716,Factory,,
Netherlands,Q55,http://www.wikidata.org/entity/Q125779717,Q125779717,Factory,,
Netherlands,Q55,http://www.wikidata.org/entity/Q125779722,Q125779722,Factory,,
Netherlands,Q55,http://www.wikidata.org/entity/Q125779723,Q125779723,Factory,,
Netherlands,Q55,http://www.wikidata.org/entity/Q125779720,Q125779720,Factory,,
Netherlands,Q55,http://www.wikidata.org/entity/Q125779721,Q125779721,Factory,,
Netherlands,Q55,http://www.wikidata.org/entity/Q125779726,Q125779726,Factory,,
Netherlands,Q55,http://www.wikidata.org/entity/Q125779727,Q125779727,Factory,,
Netherlands,Q55,http://www.wikidata.org/entity/Q125779724,Q125779724,Factory,,
Netherlands,Q55,http://www.wikidata.org/entity/Q125779725,Q125779725,Factory,,
Netherlands,Q55,http://www.wikidata.org/entity/Q125779730,Q125779730,Factory,,
Netherlands,Q55,http://www.wikidata.org/entity/Q125779731,Q125779731,Factory,,
Netherlands,Q55,http://www.wikidata.org/entity/Q125779728,Q125779728,Factory,,
Netherlands,Q55,http://www.wikidata.org/entity/Q125779729,Q125779729,Factory,,
Netherlands,Q55,http://www.wikidata.org/entity/Q125779734,Q125779734,Factory,,
Netherlands,Q55,http://www.wikidata.org/entity/Q125779735,Q125779735,Factory,,
Netherlands,Q55,http://www.wikidata.org/entity/Q125779732,Q125779732,Factory,,
Netherlands,Q55,http://www.wikidata.org/entity/Q125779733,Q125779733,Factory,,
Netherlands,Q55,http://www.wikidata.org/entity/Q125779738,Q125779738,Factory,,
Netherlands,Q55,http://www.wikidata.org/entity/Q125779739,Q125779739,Factory,,
Netherlands,Q55,http://www.wikidata.org/entity/Q125779736,Q125779736,Factory,,
Netherlands,Q55,http://www.wikidata.org/entity/Q125779737,Q125779737,Factory,,
Netherlands,Q55,http://www.wikidata.org/entity/Q125779742,Q125779742,Factory,,
Netherlands,Q55,http://www.wikidata.org/entity/Q125779743,Q125779743,Factory,,
Netherlands,Q55,http://www.wikidata.org/entity/Q125779740,Q125779740,Factory,,
Netherlands,Q55,http://www.wikidata.org/entity/Q125779741,Q125779741,Factory,,
Netherlands,Q55,http://www.wikidata.org/entity/Q125779746,Q125779746,Factory,,
Netherlands,Q55,http://www.wikidata.org/entity/Q125779747,Q125779747,Factory,,
Netherlands,Q55,http://www.wikidata.org/entity/Q125779744,Q125779744,Factory,,
Netherlands,Q55,http://www.wikidata.org/entity/Q125779745,Q125779745,Factory,,
Netherlands,Q55,http://www.wikidata.org/entity/Q125779750,Q125779750,Factory,,
Netherlands,Q55,http://www.wikidata.org/entity/Q125779748,Q125779748,Factory,,
Netherlands,Q55,http://www.wikidata.org/entity/Q125779749,Q125779749,Factory,,
Netherlands,Q55,http://www.wikidata.org/entity/Q125779754,Q125779754,Factory,,
Netherlands,Q55,http://www.wikidata.org/entity/Q125779755,Q125779755,Factory,,
Netherlands,Q55,http://www.wikidata.org/entity/Q125779752,Q125779752,Factory,,
Netherlands,Q55,http://www.wikidata.org/entity/Q125779758,Q125779758,Factory,,
Netherlands,Q55,http://www.wikidata.org/entity/Q125779759,Q125779759,Factory,,
Netherlands,Q55,http://www.wikidata.org/entity/Q125779756,Q125779756,Factory,,
Netherlands,Q55,http://www.wikidata.org/entity/Q125779757,Q125779757,Factory,,
Netherlands,Q55,http://www.wikidata.org/entity/Q125779763,Q125779763,Factory,,
Netherlands,Q55,http://www.wikidata.org/entity/Q125779760,Q125779760,Factory,,
Netherlands,Q55,http://www.wikidata.org/entity/Q125779761,Q125779761,Factory,,
Netherlands,Q55,http://www.wikidata.org/entity/Q125779766,Q125779766,Factory,,
Netherlands,Q55,http://www.wikidata.org/entity/Q125779767,Q125779767,Factory,,
Netherlands,Q55,http://www.wikidata.org/entity/Q125779764,Q125779764,Factory,,
Netherlands,Q55,http://www.wikidata.org/entity/Q125779806,Sint Servattumus,Factory,,
Netherlands,Q55,http://www.wikidata.org/entity/Q125779823,Brouwerij De 12 Stuyvers,Factory,,
Netherlands,Q55,http://www.wikidata.org/entity/Q125779770,Q125779770,Factory,,
Netherlands,Q55,http://www.wikidata.org/entity/Q125779771,Q125779771,Factory,,
Netherlands,Q55,http://www.wikidata.org/entity/Q125779768,Q125779768,Factory,,
Netherlands,Q55,http://www.wikidata.org/entity/Q125779769,Q125779769,Factory,,
Netherlands,Q55,http://www.wikidata.org/entity/Q125779774,Q125779774,Factory,,
Netherlands,Q55,http://www.wikidata.org/entity/Q125779775,Q125779775,Factory,,
Netherlands,Q55,http://www.wikidata.org/entity/Q125779772,Q125779772,Factory,,
Netherlands,Q55,http://www.wikidata.org/entity/Q125779773,Q125779773,Factory,,
Netherlands,Q55,http://www.wikidata.org/entity/Q125779778,Q125779778,Factory,,
Netherlands,Q55,http://www.wikidata.org/entity/Q125779779,Q125779779,Factory,,
Netherlands,Q55,http://www.wikidata.org/entity/Q125779777,Q125779777,Factory,,
Netherlands,Q55,http://www.wikidata.org/entity/Q125779782,Q125779782,Factory,,
Netherlands,Q55,http://www.wikidata.org/entity/Q125779783,Q125779783,Factory,,
Netherlands,Q55,http://www.wikidata.org/entity/Q125779780,Q125779780,Factory,,
Netherlands,Q55,http://www.wikidata.org/entity/Q125779781,Q125779781,Factory,,
Netherlands,Q55,http://www.wikidata.org/entity/Q125779787,Q125779787,Factory,,
Netherlands,Q55,http://www.wikidata.org/entity/Q125779784,Q125779784,Factory,,
Netherlands,Q55,http://www.wikidata.org/entity/Q125779785,Q125779785,Factory,,
Netherlands,Q55,http://www.wikidata.org/entity/Q125779791,Q125779791,Factory,,
Netherlands,Q55,http://www.wikidata.org/entity/Q125779788,Q125779788,Factory,,
Netherlands,Q55,http://www.wikidata.org/entity/Q125779789,Q125779789,Factory,,
Netherlands,Q55,http://www.wikidata.org/entity/Q125779794,Q125779794,Factory,,
Netherlands,Q55,http://www.wikidata.org/entity/Q125779795,Q125779795,Factory,,
Netherlands,Q55,http://www.wikidata.org/entity/Q125779792,Q125779792,Factory,,
Netherlands,Q55,http://www.wikidata.org/entity/Q125779793,Q125779793,Factory,,
Netherlands,Q55,http://www.wikidata.org/entity/Q125779798,Q125779798,Factory,,
Netherlands,Q55,http://www.wikidata.org/entity/Q125779799,Q125779799,Factory,,
Netherlands,Q55,http://www.wikidata.org/entity/Q125779796,Q125779796,Factory,,
Netherlands,Q55,http://www.wikidata.org/entity/Q125779797,Q125779797,Factory,,
Netherlands,Q55,http://www.wikidata.org/entity/Q125779802,Q125779802,Factory,,
Netherlands,Q55,http://www.wikidata.org/entity/Q125779803,Q125779803,Factory,,
Netherlands,Q55,http://www.wikidata.org/entity/Q125779800,Q125779800,Factory,,
Netherlands,Q55,http://www.wikidata.org/entity/Q125779801,Q125779801,Factory,,
Netherlands,Q55,http://www.wikidata.org/entity/Q125779807,Q125779807,Factory,,
Netherlands,Q55,http://www.wikidata.org/entity/Q125779804,Q125779804,Factory,,
Netherlands,Q55,http://www.wikidata.org/entity/Q125779805,Q125779805,Factory,,
Netherlands,Q55,http://www.wikidata.org/entity/Q125779810,Q125779810,Factory,,
Netherlands,Q55,http://www.wikidata.org/entity/Q125779811,Q125779811,Factory,,
Netherlands,Q55,http://www.wikidata.org/entity/Q125779808,Q125779808,Factory,,
Netherlands,Q55,http://www.wikidata.org/entity/Q125779809,Q125779809,Factory,,
Netherlands,Q55,http://www.wikidata.org/entity/Q125779814,Q125779814,Factory,,
Netherlands,Q55,http://www.wikidata.org/entity/Q125779815,Q125779815,Factory,,
Netherlands,Q55,http://www.wikidata.org/entity/Q125779812,Q125779812,Factory,,
Netherlands,Q55,http://www.wikidata.org/entity/Q125779813,Q125779813,Factory,,
Netherlands,Q55,http://www.wikidata.org/entity/Q125779818,Q125779818,Factory,,
Netherlands,Q55,http://www.wikidata.org/entity/Q125779819,Q125779819,Factory,,
Netherlands,Q55,http://www.wikidata.org/entity/Q125779816,Q125779816,Factory,,
Netherlands,Q55,http://www.wikidata.org/entity/Q125779822,Q125779822,Factory,,
Netherlands,Q55,http://www.wikidata.org/entity/Q125779820,Q125779820,Factory,,
Netherlands,Q55,http://www.wikidata.org/entity/Q125779821,Q125779821,Factory,,
Netherlands,Q55,http://www.wikidata.org/entity/Q125779826,Q125779826,Factory,,
Netherlands,Q55,http://www.wikidata.org/entity/Q125779827,Q125779827,Factory,,
Netherlands,Q55,http://www.wikidata.org/entity/Q125779824,Q125779824,Factory,,
Netherlands,Q55,http://www.wikidata.org/entity/Q125779825,Q125779825,Factory,,
Netherlands,Q55,http://www.wikidata.org/entity/Q125779830,Q125779830,Factory,,
Netherlands,Q55,http://www.wikidata.org/entity/Q125779828,Q125779828,Factory,,
Netherlands,Q55,http://www.wikidata.org/entity/Q125779829,Q125779829,Factory,,
Netherlands,Q55,http://www.wikidata.org/entity/Q125779834,Q125779834,Factory,,
Netherlands,Q55,http://www.wikidata.org/entity/Q125779832,Q125779832,Factory,,
Netherlands,Q55,http://www.wikidata.org/entity/Q125779838,Q125779838,Factory,,
Netherlands,Q55,http://www.wikidata.org/entity/Q125779839,Q125779839,Factory,,
Netherlands,Q55,http://www.wikidata.org/entity/Q125779836,Q125779836,Factory,,
Netherlands,Q55,http://www.wikidata.org/entity/Q125779837,Q125779837,Factory,,
Netherlands,Q55,http://www.wikidata.org/entity/Q125779842,Q125779842,Factory,,
Netherlands,Q55,http://www.wikidata.org/entity/Q125779843,Q125779843,Factory,,
Netherlands,Q55,http://www.wikidata.org/entity/Q125779840,Q125779840,Factory,,
Netherlands,Q55,http://www.wikidata.org/entity/Q125779841,Q125779841,Factory,,
Netherlands,Q55,http://www.wikidata.org/entity/Q125779846,Q125779846,Factory,,
Netherlands,Q55,http://www.wikidata.org/entity/Q125779847,Q125779847,Factory,,
Netherlands,Q55,http://www.wikidata.org/entity/Q125779844,Q125779844,Factory,,
Netherlands,Q55,http://www.wikidata.org/entity/Q125779845,Q125779845,Factory,,
Netherlands,Q55,http://www.wikidata.org/entity/Q125779850,Q125779850,Factory,,
Netherlands,Q55,http://www.wikidata.org/entity/Q125779851,Q125779851,Factory,,
Netherlands,Q55,http://www.wikidata.org/entity/Q125779848,Q125779848,Factory,,
Netherlands,Q55,http://www.wikidata.org/entity/Q125779849,Q125779849,Factory,,
Netherlands,Q55,http://www.wikidata.org/entity/Q125779854,Q125779854,Factory,,
Netherlands,Q55,http://www.wikidata.org/entity/Q125779855,Q125779855,Factory,,
Netherlands,Q55,http://www.wikidata.org/entity/Q125779852,Q125779852,Factory,,
Netherlands,Q55,http://www.wikidata.org/entity/Q125779853,Q125779853,Factory,,
Netherlands,Q55,http://www.wikidata.org/entity/Q125779858,Q125779858,Factory,,
Netherlands,Q55,http://www.wikidata.org/entity/Q125779859,Q125779859,Factory,,
Netherlands,Q55,http://www.wikidata.org/entity/Q125779856,Q125779856,Factory,,
Netherlands,Q55,http://www.wikidata.org/entity/Q125779857,Q125779857,Factory,,
Netherlands,Q55,http://www.wikidata.org/entity/Q125779862,Q125779862,Factory,,
Netherlands,Q55,http://www.wikidata.org/entity/Q125779860,Q125779860,Factory,,
Netherlands,Q55,http://www.wikidata.org/entity/Q125779861,Q125779861,Factory,,
Netherlands,Q55,http://www.wikidata.org/entity/Q125779866,Q125779866,Factory,,
Netherlands,Q55,http://www.wikidata.org/entity/Q125779867,Q125779867,Factory,,
Netherlands,Q55,http://www.wikidata.org/entity/Q125779864,Q125779864,Factory,,
Netherlands,Q55,http://www.wikidata.org/entity/Q125779865,Q125779865,Factory,,
Netherlands,Q55,http://www.wikidata.org/entity/Q125779870,Q125779870,Factory,,
Netherlands,Q55,http://www.wikidata.org/entity/Q125779871,Q125779871,Factory,,
Netherlands,Q55,http://www.wikidata.org/entity/Q125779868,Q125779868,Factory,,
Netherlands,Q55,http://www.wikidata.org/entity/Q125779869,Q125779869,Factory,,
Netherlands,Q55,http://www.wikidata.org/entity/Q125779874,Q125779874,Factory,,
Netherlands,Q55,http://www.wikidata.org/entity/Q125779872,Q125779872,Factory,,
Netherlands,Q55,http://www.wikidata.org/entity/Q125779873,Q125779873,Factory,,
Netherlands,Q55,http://www.wikidata.org/entity/Q125779876,Q125779876,Factory,,
Netherlands,Q55,http://www.wikidata.org/entity/Q125779935,Brouwerij Grensgeval,Factory,,
Netherlands,Q55,http://www.wikidata.org/entity/Q125779950,Burgunder Bier,Factory,,
Netherlands,Q55,http://www.wikidata.org/entity/Q125779878,Q125779878,Factory,,
Netherlands,Q55,http://www.wikidata.org/entity/Q125779879,Q125779879,Factory,,
Netherlands,Q55,http://www.wikidata.org/entity/Q125779877,Q125779877,Factory,,
Netherlands,Q55,http://www.wikidata.org/entity/Q125779882,Q125779882,Factory,,
Netherlands,Q55,http://www.wikidata.org/entity/Q125779883,Q125779883,Factory,,
Netherlands,Q55,http://www.wikidata.org/entity/Q125779880,Q125779880,Factory,,
Netherlands,Q55,http://www.wikidata.org/entity/Q125779881,Q125779881,Factory,,
Netherlands,Q55,http://www.wikidata.org/entity/Q125779886,Q125779886,Factory,,
Netherlands,Q55,http://www.wikidata.org/entity/Q125779887,Q125779887,Factory,,
Netherlands,Q55,http://www.wikidata.org/entity/Q125779884,Q125779884,Factory,,
Netherlands,Q55,http://www.wikidata.org/entity/Q125779885,Q125779885,Factory,,
Netherlands,Q55,http://www.wikidata.org/entity/Q125779890,Q125779890,Factory,,
Netherlands,Q55,http://www.wikidata.org/entity/Q125779891,Q125779891,Factory,,
Netherlands,Q55,http://www.wikidata.org/entity/Q125779889,Q125779889,Factory,,
Netherlands,Q55,http://www.wikidata.org/entity/Q125779894,Q125779894,Factory,,
Netherlands,Q55,http://www.wikidata.org/entity/Q125779895,Q125779895,Factory,,
Netherlands,Q55,http://www.wikidata.org/entity/Q125779893,Q125779893,Factory,,
Netherlands,Q55,http://www.wikidata.org/entity/Q125779898,Q125779898,Factory,,
Netherlands,Q55,http://www.wikidata.org/entity/Q125779899,Q125779899,Factory,,
Netherlands,Q55,http://www.wikidata.org/entity/Q125779896,Q125779896,Factory,,
Netherlands,Q55,http://www.wikidata.org/entity/Q125779897,Q125779897,Factory,,
Netherlands,Q55,http://www.wikidata.org/entity/Q125779902,Q125779902,Factory,,
Netherlands,Q55,http://www.wikidata.org/entity/Q125779903,Q125779903,Factory,,
Netherlands,Q55,http://www.wikidata.org/entity/Q125779900,Q125779900,Factory,,
Netherlands,Q55,http://www.wikidata.org/entity/Q125779901,Q125779901,Factory,,
Netherlands,Q55,http://www.wikidata.org/entity/Q125779906,Q125779906,Factory,,
Netherlands,Q55,http://www.wikidata.org/entity/Q125779907,Q125779907,Factory,,
Netherlands,Q55,http://www.wikidata.org/entity/Q125779904,Q125779904,Factory,,
Netherlands,Q55,http://www.wikidata.org/entity/Q125779905,Q125779905,Factory,,
Netherlands,Q55,http://www.wikidata.org/entity/Q125779910,Q125779910,Factory,,
Netherlands,Q55,http://www.wikidata.org/entity/Q125779911,Q125779911,Factory,,
Netherlands,Q55,http://www.wikidata.org/entity/Q125779909,Q125779909,Factory,,
Netherlands,Q55,http://www.wikidata.org/entity/Q125779914,Q125779914,Factory,,
Netherlands,Q55,http://www.wikidata.org/entity/Q125779915,Q125779915,Factory,,
Netherlands,Q55,http://www.wikidata.org/entity/Q125779912,Q125779912,Factory,,
Netherlands,Q55,http://www.wikidata.org/entity/Q125779918,Q125779918,Factory,,
Netherlands,Q55,http://www.wikidata.org/entity/Q125779919,Q125779919,Factory,,
Netherlands,Q55,http://www.wikidata.org/entity/Q125779916,Q125779916,Factory,,
Netherlands,Q55,http://www.wikidata.org/entity/Q125779917,Q125779917,Factory,,
Netherlands,Q55,http://www.wikidata.org/entity/Q125779922,Q125779922,Factory,,
Netherlands,Q55,http://www.wikidata.org/entity/Q125779923,Q125779923,Factory,,
Netherlands,Q55,http://www.wikidata.org/entity/Q125779920,Q125779920,Factory,,
Netherlands,Q55,http://www.wikidata.org/entity/Q125779926,Q125779926,Factory,,
Netherlands,Q55,http://www.wikidata.org/entity/Q125779927,Q125779927,Factory,,
Netherlands,Q55,http://www.wikidata.org/entity/Q125779924,Q125779924,Factory,,
Netherlands,Q55,http://www.wikidata.org/entity/Q125779930,Q125779930,Factory,,
Netherlands,Q55,http://www.wikidata.org/entity/Q125779931,Q125779931,Factory,,
Netherlands,Q55,http://www.wikidata.org/entity/Q125779928,Q125779928,Factory,,
Netherlands,Q55,http://www.wikidata.org/entity/Q125779929,Q125779929,Factory,,
Netherlands,Q55,http://www.wikidata.org/entity/Q125779934,Q125779934,Factory,,
Netherlands,Q55,http://www.wikidata.org/entity/Q125779932,Q125779932,Factory,,
Netherlands,Q55,http://www.wikidata.org/entity/Q125779933,Q125779933,Factory,,
Netherlands,Q55,http://www.wikidata.org/entity/Q125779938,Q125779938,Factory,,
Netherlands,Q55,http://www.wikidata.org/entity/Q125779939,Q125779939,Factory,,
Netherlands,Q55,http://www.wikidata.org/entity/Q125779936,Q125779936,Factory,,
Netherlands,Q55,http://www.wikidata.org/entity/Q125779937,Q125779937,Factory,,
Netherlands,Q55,http://www.wikidata.org/entity/Q125779942,Q125779942,Factory,,
Netherlands,Q55,http://www.wikidata.org/entity/Q125779943,Q125779943,Factory,,
Netherlands,Q55,http://www.wikidata.org/entity/Q125779940,Q125779940,Factory,,
Netherlands,Q55,http://www.wikidata.org/entity/Q125779946,Q125779946,Factory,,
Netherlands,Q55,http://www.wikidata.org/entity/Q125779947,Q125779947,Factory,,
Netherlands,Q55,http://www.wikidata.org/entity/Q125779944,Q125779944,Factory,,
Netherlands,Q55,http://www.wikidata.org/entity/Q125779945,Q125779945,Factory,,
Netherlands,Q55,http://www.wikidata.org/entity/Q125779951,Q125779951,Factory,,
Netherlands,Q55,http://www.wikidata.org/entity/Q125779948,Q125779948,Factory,,
Netherlands,Q55,http://www.wikidata.org/entity/Q125779949,Q125779949,Factory,,
Netherlands,Q55,http://www.wikidata.org/entity/Q125779954,Q125779954,Factory,,
Netherlands,Q55,http://www.wikidata.org/entity/Q125779955,Q125779955,Factory,,
Netherlands,Q55,http://www.wikidata.org/entity/Q125779953,Q125779953,Factory,,
Netherlands,Q55,http://www.wikidata.org/entity/Q125779958,Q125779958,Factory,,
Netherlands,Q55,http://www.wikidata.org/entity/Q125779959,Q125779959,Factory,,
Netherlands,Q55,http://www.wikidata.org/entity/Q125779956,Q125779956,Factory,,
Netherlands,Q55,http://www.wikidata.org/entity/Q125779957,Q125779957,Factory,,
Netherlands,Q55,http://www.wikidata.org/entity/Q125779962,Q125779962,Factory,,
Netherlands,Q55,http://www.wikidata.org/entity/Q125779963,Q125779963,Factory,,
Netherlands,Q55,http://www.wikidata.org/entity/Q125779960,Q125779960,Factory,,
Netherlands,Q55,http://www.wikidata.org/entity/Q125779961,Q125779961,Factory,,
Netherlands,Q55,http://www.wikidata.org/entity/Q125779966,Q125779966,Factory,,
Netherlands,Q55,http://www.wikidata.org/entity/Q125779967,Q125779967,Factory,,
Netherlands,Q55,http://www.wikidata.org/entity/Q125779964,Q125779964,Factory,,
Netherlands,Q55,http://www.wikidata.org/entity/Q125779971,Q125779971,Factory,,
Netherlands,Q55,http://www.wikidata.org/entity/Q125779968,Q125779968,Factory,,
Netherlands,Q55,http://www.wikidata.org/entity/Q125779969,Q125779969,Factory,,
Netherlands,Q55,http://www.wikidata.org/entity/Q125779974,Q125779974,Factory,,
Netherlands,Q55,http://www.wikidata.org/entity/Q125779975,Q125779975,Factory,,
Netherlands,Q55,http://www.wikidata.org/entity/Q125779972,Q125779972,Factory,,
Netherlands,Q55,http://www.wikidata.org/entity/Q125779973,Q125779973,Factory,,
Netherlands,Q55,http://www.wikidata.org/entity/Q125779978,Q125779978,Factory,,
Netherlands,Q55,http://www.wikidata.org/entity/Q125779979,Q125779979,Factory,,
Netherlands,Q55,http://www.wikidata.org/entity/Q125779976,Q125779976,Factory,,
Netherlands,Q55,http://www.wikidata.org/entity/Q125779977,Q125779977,Factory,,
Netherlands,Q55,http://www.wikidata.org/entity/Q125779982,Q125779982,Factory,,
Netherlands,Q55,http://www.wikidata.org/entity/Q125779983,Q125779983,Factory,,
Netherlands,Q55,http://www.wikidata.org/entity/Q125779980,Q125779980,Factory,,
Netherlands,Q55,http://www.wikidata.org/entity/Q125779981,Q125779981,Factory,,
Netherlands,Q55,http://www.wikidata.org/entity/Q125779984,Q125779984,Factory,,
Netherlands,Q55,http://www.wikidata.org/entity/Q125779985,Q125779985,Factory,,
Netherlands,Q55,http://www.wikidata.org/entity/Q125780048,Aspro Brews,Factory,,
Netherlands,Q55,http://www.wikidata.org/entity/Q125779993,Pigs & Bears Brewing Co.,Factory,,
Netherlands,Q55,http://www.wikidata.org/entity/Q125780006,Brewdistrict24,Factory,,
Netherlands,Q55,http://www.wikidata.org/entity/Q125780049,Thorns Wit,Factory,,
Netherlands,Q55,http://www.wikidata.org/entity/Q125779986,Q125779986,Factory,,
Netherlands,Q55,http://www.wikidata.org/entity/Q125779987,Q125779987,Factory,,
Netherlands,Q55,http://www.wikidata.org/entity/Q125779990,Q125779990,Factory,,
Netherlands,Q55,http://www.wikidata.org/entity/Q125779991,Q125779991,Factory,,
Netherlands,Q55,http://www.wikidata.org/entity/Q125779988,Q125779988,Factory,,
Netherlands,Q55,http://www.wikidata.org/entity/Q125779989,Q125779989,Factory,,
Netherlands,Q55,http://www.wikidata.org/entity/Q125779994,Q125779994,Factory,,
Netherlands,Q55,http://www.wikidata.org/entity/Q125779995,Q125779995,Factory,,
Netherlands,Q55,http://www.wikidata.org/entity/Q125779992,Q125779992,Factory,,
Netherlands,Q55,http://www.wikidata.org/entity/Q125779998,Q125779998,Factory,,
Netherlands,Q55,http://www.wikidata.org/entity/Q125779999,Q125779999,Factory,,
Netherlands,Q55,http://www.wikidata.org/entity/Q125779996,Q125779996,Factory,,
Netherlands,Q55,http://www.wikidata.org/entity/Q125779997,Q125779997,Factory,,
Netherlands,Q55,http://www.wikidata.org/entity/Q125780002,Q125780002,Factory,,
Netherlands,Q55,http://www.wikidata.org/entity/Q125780003,Q125780003,Factory,,
Netherlands,Q55,http://www.wikidata.org/entity/Q125780001,Q125780001,Factory,,
Netherlands,Q55,http://www.wikidata.org/entity/Q125780007,Q125780007,Factory,,
Netherlands,Q55,http://www.wikidata.org/entity/Q125780004,Q125780004,Factory,,
Netherlands,Q55,http://www.wikidata.org/entity/Q125780005,Q125780005,Factory,,
Netherlands,Q55,http://www.wikidata.org/entity/Q125780011,Q125780011,Factory,,
Netherlands,Q55,http://www.wikidata.org/entity/Q125780008,Q125780008,Factory,,
Netherlands,Q55,http://www.wikidata.org/entity/Q125780009,Q125780009,Factory,,
Netherlands,Q55,http://www.wikidata.org/entity/Q125780014,Q125780014,Factory,,
Netherlands,Q55,http://www.wikidata.org/entity/Q125780015,Q125780015,Factory,,
Netherlands,Q55,http://www.wikidata.org/entity/Q125780013,Q125780013,Factory,,
Netherlands,Q55,http://www.wikidata.org/entity/Q125780018,Q125780018,Factory,,
Netherlands,Q55,http://www.wikidata.org/entity/Q125780019,Q125780019,Factory,,
Netherlands,Q55,http://www.wikidata.org/entity/Q125780016,Q125780016,Factory,,
Netherlands,Q55,http://www.wikidata.org/entity/Q125780017,Q125780017,Factory,,
Netherlands,Q55,http://www.wikidata.org/entity/Q125780022,Q125780022,Factory,,
Netherlands,Q55,http://www.wikidata.org/entity/Q125780020,Q125780020,Factory,,
Netherlands,Q55,http://www.wikidata.org/entity/Q125780021,Q125780021,Factory,,
Netherlands,Q55,http://www.wikidata.org/entity/Q125780026,Q125780026,Factory,,
Netherlands,Q55,http://www.wikidata.org/entity/Q125780027,Q125780027,Factory,,
Netherlands,Q55,http://www.wikidata.org/entity/Q125780024,Q125780024,Factory,,
Netherlands,Q55,http://www.wikidata.org/entity/Q125780025,Q125780025,Factory,,
Netherlands,Q55,http://www.wikidata.org/entity/Q125780030,Q125780030,Factory,,
Netherlands,Q55,http://www.wikidata.org/entity/Q125780031,Q125780031,Factory,,
Netherlands,Q55,http://www.wikidata.org/entity/Q125780028,Q125780028,Factory,,
Netherlands,Q55,http://www.wikidata.org/entity/Q125780029,Q125780029,Factory,,
Netherlands,Q55,http://www.wikidata.org/entity/Q125780034,Q125780034,Factory,,
Netherlands,Q55,http://www.wikidata.org/entity/Q125780035,Q125780035,Factory,,
Netherlands,Q55,http://www.wikidata.org/entity/Q125780032,Q125780032,Factory,,
Netherlands,Q55,http://www.wikidata.org/entity/Q125780033,Q125780033,Factory,,
Netherlands,Q55,http://www.wikidata.org/entity/Q125780038,Q125780038,Factory,,
Netherlands,Q55,http://www.wikidata.org/entity/Q125780036,Q125780036,Factory,,
Netherlands,Q55,http://www.wikidata.org/entity/Q125780037,Q125780037,Factory,,
Netherlands,Q55,http://www.wikidata.org/entity/Q125780042,Q125780042,Factory,,
Netherlands,Q55,http://www.wikidata.org/entity/Q125780043,Q125780043,Factory,,
Netherlands,Q55,http://www.wikidata.org/entity/Q125780040,Q125780040,Factory,,
Netherlands,Q55,http://www.wikidata.org/entity/Q125780041,Q125780041,Factory,,
Netherlands,Q55,http://www.wikidata.org/entity/Q125780046,Q125780046,Factory,,
Netherlands,Q55,http://www.wikidata.org/entity/Q125780047,Q125780047,Factory,,
Netherlands,Q55,http://www.wikidata.org/entity/Q125780044,Q125780044,Factory,,
Netherlands,Q55,http://www.wikidata.org/entity/Q125780045,Q125780045,Factory,,
Netherlands,Q55,http://www.wikidata.org/entity/Q125780051,Q125780051,Factory,,
Netherlands,Q55,http://www.wikidata.org/entity/Q125780054,Q125780054,Factory,,
Netherlands,Q55,http://www.wikidata.org/entity/Q125780055,Q125780055,Factory,,
Netherlands,Q55,http://www.wikidata.org/entity/Q125780052,Q125780052,Factory,,
Netherlands,Q55,http://www.wikidata.org/entity/Q125780053,Q125780053,Factory,,
Netherlands,Q55,http://www.wikidata.org/entity/Q125780058,Q125780058,Factory,,
Netherlands,Q55,http://www.wikidata.org/entity/Q125780059,Q125780059,Factory,,
Netherlands,Q55,http://www.wikidata.org/entity/Q125780056,Q125780056,Factory,,
Netherlands,Q55,http://www.wikidata.org/entity/Q125780057,Q125780057,Factory,,
Netherlands,Q55,http://www.wikidata.org/entity/Q125780063,Q125780063,Factory,,
Netherlands,Q55,http://www.wikidata.org/entity/Q125780060,Q125780060,Factory,,
Netherlands,Q55,http://www.wikidata.org/entity/Q125780061,Q125780061,Factory,,
Netherlands,Q55,http://www.wikidata.org/entity/Q125780066,Q125780066,Factory,,
Netherlands,Q55,http://www.wikidata.org/entity/Q125780067,Q125780067,Factory,,
Netherlands,Q55,http://www.wikidata.org/entity/Q125780064,Q125780064,Factory,,
Netherlands,Q55,http://www.wikidata.org/entity/Q125780065,Q125780065,Factory,,
Netherlands,Q55,http://www.wikidata.org/entity/Q125780070,Q125780070,Factory,,
Netherlands,Q55,http://www.wikidata.org/entity/Q125780071,Q125780071,Factory,,
Netherlands,Q55,http://www.wikidata.org/entity/Q125780068,Q125780068,Factory,,
Netherlands,Q55,http://www.wikidata.org/entity/Q125780069,Q125780069,Factory,,
Netherlands,Q55,http://www.wikidata.org/entity/Q125780074,Q125780074,Factory,,
Netherlands,Q55,http://www.wikidata.org/entity/Q125780075,Q125780075,Factory,,
Netherlands,Q55,http://www.wikidata.org/entity/Q125780072,Q125780072,Factory,,
Netherlands,Q55,http://www.wikidata.org/entity/Q125780073,Q125780073,Factory,,
Netherlands,Q55,http://www.wikidata.org/entity/Q125780078,Q125780078,Factory,,
Netherlands,Q55,http://www.wikidata.org/entity/Q125780079,Q125780079,Factory,,
Netherlands,Q55,http://www.wikidata.org/entity/Q125780076,Q125780076,Factory,,
Netherlands,Q55,http://www.wikidata.org/entity/Q125780077,Q125780077,Factory,,
Netherlands,Q55,http://www.wikidata.org/entity/Q125780082,Q125780082,Factory,,
Netherlands,Q55,http://www.wikidata.org/entity/Q125780080,Q125780080,Factory,,
Netherlands,Q55,http://www.wikidata.org/entity/Q125780081,Q125780081,Factory,,
Netherlands,Q55,http://www.wikidata.org/entity/Q125780086,Q125780086,Factory,,
Netherlands,Q55,http://www.wikidata.org/entity/Q125780087,Q125780087,Factory,,
Netherlands,Q55,http://www.wikidata.org/entity/Q125780084,Q125780084,Factory,,
Netherlands,Q55,http://www.wikidata.org/entity/Q125780090,Q125780090,Factory,,
Netherlands,Q55,http://www.wikidata.org/entity/Q125780091,Q125780091,Factory,,
Netherlands,Q55,http://www.wikidata.org/entity/Q125780088,Q125780088,Factory,,
Netherlands,Q55,http://www.wikidata.org/entity/Q125780089,Q125780089,Factory,,
Netherlands,Q55,http://www.wikidata.org/entity/Q125780094,Q125780094,Factory,,
Netherlands,Q55,http://www.wikidata.org/entity/Q125780092,Q125780092,Factory,,
Netherlands,Q55,http://www.wikidata.org/entity/Q125780093,Q125780093,Factory,,
Netherlands,Q55,http://www.wikidata.org/entity/Q125780179,Black Beer Society,Factory,,
Netherlands,Q55,http://www.wikidata.org/entity/Q125780164,Maris Lager,Factory,,
Netherlands,Q55,http://www.wikidata.org/entity/Q125780095,Q125780095,Factory,,
Netherlands,Q55,http://www.wikidata.org/entity/Q125780098,Q125780098,Factory,,
Netherlands,Q55,http://www.wikidata.org/entity/Q125780099,Q125780099,Factory,,
Netherlands,Q55,http://www.wikidata.org/entity/Q125780096,Q125780096,Factory,,
Netherlands,Q55,http://www.wikidata.org/entity/Q125780097,Q125780097,Factory,,
Netherlands,Q55,http://www.wikidata.org/entity/Q125780102,Q125780102,Factory,,
Netherlands,Q55,http://www.wikidata.org/entity/Q125780103,Q125780103,Factory,,
Netherlands,Q55,http://www.wikidata.org/entity/Q125780100,Q125780100,Factory,,
Netherlands,Q55,http://www.wikidata.org/entity/Q125780106,Q125780106,Factory,,
Netherlands,Q55,http://www.wikidata.org/entity/Q125780107,Q125780107,Factory,,
Netherlands,Q55,http://www.wikidata.org/entity/Q125780105,Q125780105,Factory,,
Netherlands,Q55,http://www.wikidata.org/entity/Q125780111,Q125780111,Factory,,
Netherlands,Q55,http://www.wikidata.org/entity/Q125780108,Q125780108,Factory,,
Netherlands,Q55,http://www.wikidata.org/entity/Q125780109,Q125780109,Factory,,
Netherlands,Q55,http://www.wikidata.org/entity/Q125780114,Q125780114,Factory,,
Netherlands,Q55,http://www.wikidata.org/entity/Q125780115,Q125780115,Factory,,
Netherlands,Q55,http://www.wikidata.org/entity/Q125780112,Q125780112,Factory,,
Netherlands,Q55,http://www.wikidata.org/entity/Q125780113,Q125780113,Factory,,
Netherlands,Q55,http://www.wikidata.org/entity/Q125780118,Q125780118,Factory,,
Netherlands,Q55,http://www.wikidata.org/entity/Q125780119,Q125780119,Factory,,
Netherlands,Q55,http://www.wikidata.org/entity/Q125780116,Q125780116,Factory,,
Netherlands,Q55,http://www.wikidata.org/entity/Q125780117,Q125780117,Factory,,
Netherlands,Q55,http://www.wikidata.org/entity/Q125780122,Q125780122,Factory,,
Netherlands,Q55,http://www.wikidata.org/entity/Q125780123,Q125780123,Factory,,
Netherlands,Q55,http://www.wikidata.org/entity/Q125780120,Q125780120,Factory,,
Netherlands,Q55,http://www.wikidata.org/entity/Q125780121,Q125780121,Factory,,
Netherlands,Q55,http://www.wikidata.org/entity/Q125780126,Q125780126,Factory,,
Netherlands,Q55,http://www.wikidata.org/entity/Q125780127,Q125780127,Factory,,
Netherlands,Q55,http://www.wikidata.org/entity/Q125780124,Q125780124,Factory,,
Netherlands,Q55,http://www.wikidata.org/entity/Q125780130,Q125780130,Factory,,
Netherlands,Q55,http://www.wikidata.org/entity/Q125780131,Q125780131,Factory,,
Netherlands,Q55,http://www.wikidata.org/entity/Q125780128,Q125780128,Factory,,
Netherlands,Q55,http://www.wikidata.org/entity/Q125780129,Q125780129,Factory,,
Netherlands,Q55,http://www.wikidata.org/entity/Q125780135,Q125780135,Factory,,
Netherlands,Q55,http://www.wikidata.org/entity/Q125780132,Q125780132,Factory,,
Netherlands,Q55,http://www.wikidata.org/entity/Q125780133,Q125780133,Factory,,
Netherlands,Q55,http://www.wikidata.org/entity/Q125780138,Q125780138,Factory,,
Netherlands,Q55,http://www.wikidata.org/entity/Q125780139,Q125780139,Factory,,
Netherlands,Q55,http://www.wikidata.org/entity/Q125780136,Q125780136,Factory,,
Netherlands,Q55,http://www.wikidata.org/entity/Q125780137,Q125780137,Factory,,
Netherlands,Q55,http://www.wikidata.org/entity/Q125780142,Q125780142,Factory,,
Netherlands,Q55,http://www.wikidata.org/entity/Q125780143,Q125780143,Factory,,
Netherlands,Q55,http://www.wikidata.org/entity/Q125780140,Q125780140,Factory,,
Netherlands,Q55,http://www.wikidata.org/entity/Q125780141,Q125780141,Factory,,
Netherlands,Q55,http://www.wikidata.org/entity/Q125780146,Q125780146,Factory,,
Netherlands,Q55,http://www.wikidata.org/entity/Q125780144,Q125780144,Factory,,
Netherlands,Q55,http://www.wikidata.org/entity/Q125780145,Q125780145,Factory,,
Netherlands,Q55,http://www.wikidata.org/entity/Q125780150,Q125780150,Factory,,
Netherlands,Q55,http://www.wikidata.org/entity/Q125780151,Q125780151,Factory,,
Netherlands,Q55,http://www.wikidata.org/entity/Q125780148,Q125780148,Factory,,
Netherlands,Q55,http://www.wikidata.org/entity/Q125780149,Q125780149,Factory,,
Netherlands,Q55,http://www.wikidata.org/entity/Q125780154,Q125780154,Factory,,
Netherlands,Q55,http://www.wikidata.org/entity/Q125780155,Q125780155,Factory,,
Netherlands,Q55,http://www.wikidata.org/entity/Q125780152,Q125780152,Factory,,
Netherlands,Q55,http://www.wikidata.org/entity/Q125780158,Q125780158,Factory,,
Netherlands,Q55,http://www.wikidata.org/entity/Q125780156,Q125780156,Factory,,
Netherlands,Q55,http://www.wikidata.org/entity/Q125780157,Q125780157,Factory,,
Netherlands,Q55,http://www.wikidata.org/entity/Q125780163,Q125780163,Factory,,
Netherlands,Q55,http://www.wikidata.org/entity/Q125780160,Q125780160,Factory,,
Netherlands,Q55,http://www.wikidata.org/entity/Q125780161,Q125780161,Factory,,
Netherlands,Q55,http://www.wikidata.org/entity/Q125780166,Q125780166,Factory,,
Netherlands,Q55,http://www.wikidata.org/entity/Q125780167,Q125780167,Factory,,
Netherlands,Q55,http://www.wikidata.org/entity/Q125780170,Q125780170,Factory,,
Netherlands,Q55,http://www.wikidata.org/entity/Q125780171,Q125780171,Factory,,
Netherlands,Q55,http://www.wikidata.org/entity/Q125780168,Q125780168,Factory,,
Netherlands,Q55,http://www.wikidata.org/entity/Q125780169,Q125780169,Factory,,
Netherlands,Q55,http://www.wikidata.org/entity/Q125780174,Q125780174,Factory,,
Netherlands,Q55,http://www.wikidata.org/entity/Q125780175,Q125780175,Factory,,
Netherlands,Q55,http://www.wikidata.org/entity/Q125780172,Q125780172,Factory,,
Netherlands,Q55,http://www.wikidata.org/entity/Q125780178,Q125780178,Factory,,
Netherlands,Q55,http://www.wikidata.org/entity/Q125780176,Q125780176,Factory,,
Netherlands,Q55,http://www.wikidata.org/entity/Q125780177,Q125780177,Factory,,
Netherlands,Q55,http://www.wikidata.org/entity/Q125780182,Q125780182,Factory,,
Netherlands,Q55,http://www.wikidata.org/entity/Q125780183,Q125780183,Factory,,
Netherlands,Q55,http://www.wikidata.org/entity/Q125780180,Q125780180,Factory,,
Netherlands,Q55,http://www.wikidata.org/entity/Q125780181,Q125780181,Factory,,
Netherlands,Q55,http://www.wikidata.org/entity/Q125780186,Q125780186,Factory,,
Netherlands,Q55,http://www.wikidata.org/entity/Q125780187,Q125780187,Factory,,
Netherlands,Q55,http://www.wikidata.org/entity/Q125780184,Q125780184,Factory,,
Netherlands,Q55,http://www.wikidata.org/entity/Q125780185,Q125780185,Factory,,
Netherlands,Q55,http://www.wikidata.org/entity/Q125780190,Q125780190,Factory,,
Netherlands,Q55,http://www.wikidata.org/entity/Q125780191,Q125780191,Factory,,
Netherlands,Q55,http://www.wikidata.org/entity/Q125780188,Q125780188,Factory,,
Netherlands,Q55,http://www.wikidata.org/entity/Q125780189,Q125780189,Factory,,
Netherlands,Q55,http://www.wikidata.org/entity/Q125780194,Q125780194,Factory,,
Netherlands,Q55,http://www.wikidata.org/entity/Q125780195,Q125780195,Factory,,
Netherlands,Q55,http://www.wikidata.org/entity/Q125780193,Q125780193,Factory,,
Netherlands,Q55,http://www.wikidata.org/entity/Q125780198,Q125780198,Factory,,
Netherlands,Q55,http://www.wikidata.org/entity/Q125780199,Q125780199,Factory,,
Netherlands,Q55,http://www.wikidata.org/entity/Q125780196,Q125780196,Factory,,
Netherlands,Q55,http://www.wikidata.org/entity/Q125780197,Q125780197,Factory,,
Netherlands,Q55,http://www.wikidata.org/entity/Q125780202,Q125780202,Factory,,
Netherlands,Q55,http://www.wikidata.org/entity/Q125780203,Q125780203,Factory,,
Netherlands,Q55,http://www.wikidata.org/entity/Q125780200,Q125780200,Factory,,
Netherlands,Q55,http://www.wikidata.org/entity/Q125780201,Q125780201,Factory,,
Netherlands,Q55,http://www.wikidata.org/entity/Q125780206,Q125780206,Factory,,
Netherlands,Q55,http://www.wikidata.org/entity/Q125780204,Q125780204,Factory,,
Netherlands,Q55,http://www.wikidata.org/entity/Q125780205,Q125780205,Factory,,
Netherlands,Q55,http://www.wikidata.org/entity/Q110476474,Cosmos-fabriek,Factory,,
Netherlands,Q55,http://www.wikidata.org/entity/Q110476464,Koninklijke Deventer Tapijtfabriek,Factory,,
Netherlands,Q55,http://www.wikidata.org/entity/Q110476589,Etna-fabriek,Factory,,
Netherlands,Q55,http://www.wikidata.org/entity/Q110561641,C.P. Bakker en Zonen,Factory,,
Netherlands,Q55,http://www.wikidata.org/entity/Q110561780,F Guisse en Delhalle,Factory,,
Netherlands,Q55,http://www.wikidata.org/entity/Q110562041,Rudolf Blik NV,Factory,,
Netherlands,Q55,http://www.wikidata.org/entity/Q110955061,Iveva,Factory,,
Netherlands,Q55,http://www.wikidata.org/entity/Q122460471,Q122460471,Factory,,
Netherlands,Q55,http://www.wikidata.org/entity/Q115794666,Batava Margarinefabriek,Factory,,
Netherlands,Q55,http://www.wikidata.org/entity/Q116721765,Ten Bos,Factory,,
Netherlands,Q55,http://www.wikidata.org/entity/Q2681004,Gunvor Energy Rotterdam,Factory,,
Netherlands,Q55,http://www.wikidata.org/entity/Q122937340,Handweverij de Wipstrik,Factory,,
Netherlands,Q55,http://www.wikidata.org/entity/Q122937333,Weverij De Knipscheer,Factory,,
Netherlands,Q55,http://www.wikidata.org/entity/Q1849043,Q1849043,Factory,,
Netherlands,Q55,http://www.wikidata.org/entity/Q1923637,Q1923637,Factory,,
Netherlands,Q55,http://www.wikidata.org/entity/Q2215398,Q2215398,Factory,,
Netherlands,Q55,http://www.wikidata.org/entity/Q2240879,Q2240879,Factory,,
Netherlands,Q55,http://www.wikidata.org/entity/Q124332912,Atelier 't Kruikje,Factory,,
Netherlands,Q55,http://www.wikidata.org/entity/Q125524927,Pottenbakkerij De Ooyman,Factory,,
Netherlands,Q55,http://www.wikidata.org/entity/Q125524952,Plateelfabriek J.B. Vet & Co.,Factory,,
Netherlands,Q55,http://www.wikidata.org/entity/Q2546145,Q2546145,Factory,,
Netherlands,Q55,http://www.wikidata.org/entity/Q13445538,Q13445538,Factory,,
Netherlands,Q55,http://www.wikidata.org/entity/Q2239073,Hertog Jan,Factory,,
Netherlands,Q55,http://www.wikidata.org/entity/Q14369075,Q14369075,Factory,,
Netherlands,Q55,http://www.wikidata.org/entity/Q17492950,Q17492950,Factory,,
Netherlands,Q55,http://www.wikidata.org/entity/Q2081393,CRAFT,Factory,,
Netherlands,Q55,http://www.wikidata.org/entity/Q131172137,Melkfabriek Sterovita Rotterdam,Factory,,
Netherlands,Q55,http://www.wikidata.org/entity/Q19921781,Q19921781,Factory,,
Netherlands,Q55,http://www.wikidata.org/entity/Q153075,Grolsch,Factory,,
Netherlands,Q55,http://www.wikidata.org/entity/Q20747918,Q20747918,Factory,,
Netherlands,Q55,http://www.wikidata.org/entity/Q4825982,Metaalgieterij Holland,Factory,,
Netherlands,Q55,http://www.wikidata.org/entity/Q180855,Heineken,Factory,,
Netherlands,Q55,http://www.wikidata.org/entity/Q22342869,Q22342869,Factory,,
Netherlands,Q55,http://www.wikidata.org/entity/Q22342874,Q22342874,Factory,,
Netherlands,Q55,http://www.wikidata.org/entity/Q22342877,Q22342877,Factory,,
Netherlands,Q55,http://www.wikidata.org/entity/Q109404361,Verwijk & Zoonen Aalmis,Factory,,
Netherlands,Q55,http://www.wikidata.org/entity/Q13439309,Lindeboom,Factory,,
Netherlands,Q55,http://www.wikidata.org/entity/Q1978179,N.V Nederlandsche IJzergieterij Vulcanus,Factory,,
Netherlands,Q55,http://www.wikidata.org/entity/Q1984997,Budelse Brouwerij,Factory,,
Netherlands,Q55,http://www.wikidata.org/entity/Q1991863,Texelse Bierbrouwerij,Factory,,
Netherlands,Q55,http://www.wikidata.org/entity/Q2072541,Royal Swinkels,Factory,,
Netherlands,Q55,http://www.wikidata.org/entity/Q2196631,Klokkengieterij Eijsbouts,Factory,,
Netherlands,Q55,http://www.wikidata.org/entity/Q2208517,Brouwerij De 7 Deugden,Factory,,
Netherlands,Q55,http://www.wikidata.org/entity/Q2215264,Zuid-Hollandsche Bierbrouwerij,Factory,,
Netherlands,Q55,http://www.wikidata.org/entity/Q2263969,IJzergieterij Prins van Oranje,Factory,,
Netherlands,Q55,http://www.wikidata.org/entity/Q2312027,Potterie de Driehoek,Factory,,
Netherlands,Q55,http://www.wikidata.org/entity/Q13436954,Beckers,Factory,,
Netherlands,Q55,http://www.wikidata.org/entity/Q13573965,Dommelsch Brewery,Factory,,
Netherlands,Q55,http://www.wikidata.org/entity/Q15991801,Brouwerij Marckensteijn,Factory,,
Netherlands,Q55,http://www.wikidata.org/entity/Q17300141,Wispe,Factory,,
Netherlands,Q55,http://www.wikidata.org/entity/Q115325614,Oostergasfabriek,Factory,,
Netherlands,Q55,http://www.wikidata.org/entity/Q478119,Amstel Brewery,Factory,,
Netherlands,Q55,http://www.wikidata.org/entity/Q17492953,Heineken's Bierbrouwerij Maatschappij,Factory,,
Netherlands,Q55,http://www.wikidata.org/entity/Q22342870,Bourgogne Kruis,Factory,,
Netherlands,Q55,http://www.wikidata.org/entity/Q28034318,Brouwerij Troost,Factory,,
Netherlands,Q55,http://www.wikidata.org/entity/Q130637894,"Vernis en Japanlakfabriek v/h Van Klaveren en Zonen, Rotterdam",Factory,,
Netherlands,Q55,http://www.wikidata.org/entity/Q29422228,Het Paapje,Factory,,
Netherlands,Q55,http://www.wikidata.org/entity/Q131183826,Hoedenfabriek Grabo,Factory,,
Netherlands,Q55,http://www.wikidata.org/entity/Q135069068,G. Wispelweij & Co,Factory,,
Netherlands,Q55,http://www.wikidata.org/entity/Q135069323,Chichoreifabriek Egberts Prohama,Factory,,
Netherlands,Q55,http://www.wikidata.org/entity/Q135069322,Firma H.J. Bremer,Factory,,
Netherlands,Q55,http://www.wikidata.org/entity/Q2110734,Brouwerij Maximus,Factory,,
Netherlands,Q55,http://www.wikidata.org/entity/Q109547718,Q109547718,Factory,,
Netherlands,Q55,http://www.wikidata.org/entity/Q109547746,Q109547746,Factory,,
Netherlands,Q55,http://www.wikidata.org/entity/Q2468317,Asser IJzergieterij,Factory,,
Netherlands,Q55,http://www.wikidata.org/entity/Q479003,Oranjeboom,Factory,,
Netherlands,Q55,http://www.wikidata.org/entity/Q897711,Brand brewery,Factory,,
Netherlands,Q55,http://www.wikidata.org/entity/Q109404291,Kingma,Factory,,
Netherlands,Q55,http://www.wikidata.org/entity/Q109404292,Kleiwarenfabriek Alfred Russel,Factory,,
Netherlands,Q55,http://www.wikidata.org/entity/Q109404351,Stoomfabriek van Dericks & Geldens,Factory,,
Netherlands,Q55,http://www.wikidata.org/entity/Q104541163,Steenfabriek Rusthoven,Factory,,
Netherlands,Q55,http://www.wikidata.org/entity/Q110492231,Q110492231,Factory,,
Netherlands,Q55,http://www.wikidata.org/entity/Q107094922,Feijtema-Tjallingii,Factory,,
Netherlands,Q55,http://www.wikidata.org/entity/Q107095037,"L.J. Enthoven & Co, 's Hage",Factory,,
Netherlands,Q55,http://www.wikidata.org/entity/Q107276350,Hengelose Trijpweverij,Factory,,
Netherlands,Q55,http://www.wikidata.org/entity/Q116984080,Q116984080,Factory,,
Netherlands,Q55,http://www.wikidata.org/entity/Q109404249,Dericks & Geldens,Factory,,
Netherlands,Q55,http://www.wikidata.org/entity/Q109404317,N.V. Steenfabriek 'Ouderzorg',Factory,,
Netherlands,Q55,http://www.wikidata.org/entity/Q118132709,Q118132709,Factory,,
Netherlands,Q55,http://www.wikidata.org/entity/Q115609007,Katoenspinnerij en -weverij de Phoenix,Factory,,
Netherlands,Q55,http://www.wikidata.org/entity/Q110084873,N.V. Fonderie St. Joseph de Couvin,Factory,,
Netherlands,Q55,http://www.wikidata.org/entity/Q110317862,Bergen op Zoom,Factory,,
Netherlands,Q55,http://www.wikidata.org/entity/Q125780222,Q125780222,Factory,,
Netherlands,Q55,http://www.wikidata.org/entity/Q125780223,Q125780223,Factory,,
Netherlands,Q55,http://www.wikidata.org/entity/Q125780220,Q125780220,Factory,,
Netherlands,Q55,http://www.wikidata.org/entity/Q125780221,Q125780221,Factory,,
Netherlands,Q55,http://www.wikidata.org/entity/Q125780226,Q125780226,Factory,,
Netherlands,Q55,http://www.wikidata.org/entity/Q125780227,Q125780227,Factory,,
Netherlands,Q55,http://www.wikidata.org/entity/Q125780225,Q125780225,Factory,,
Netherlands,Q55,http://www.wikidata.org/entity/Q125780231,Q125780231,Factory,,
Netherlands,Q55,http://www.wikidata.org/entity/Q125780228,Q125780228,Factory,,
Netherlands,Q55,http://www.wikidata.org/entity/Q125780229,Q125780229,Factory,,
Netherlands,Q55,http://www.wikidata.org/entity/Q125780234,Q125780234,Factory,,
Netherlands,Q55,http://www.wikidata.org/entity/Q125780232,Q125780232,Factory,,
Netherlands,Q55,http://www.wikidata.org/entity/Q125780233,Q125780233,Factory,,
Netherlands,Q55,http://www.wikidata.org/entity/Q125780238,Q125780238,Factory,,
Netherlands,Q55,http://www.wikidata.org/entity/Q125780239,Q125780239,Factory,,
Netherlands,Q55,http://www.wikidata.org/entity/Q125780236,Q125780236,Factory,,
Netherlands,Q55,http://www.wikidata.org/entity/Q125780237,Q125780237,Factory,,
Netherlands,Q55,http://www.wikidata.org/entity/Q125780240,Q125780240,Factory,,
Netherlands,Q55,http://www.wikidata.org/entity/Q124252069,Lowlander,Factory,,
Netherlands,Q55,http://www.wikidata.org/entity/Q114765196,De Hooiberg brewery,Factory,,
Netherlands,Q55,http://www.wikidata.org/entity/Q115792344,Frontaal Brewing Company,Factory,,
Netherlands,Q55,http://www.wikidata.org/entity/Q116694341,Hulstkamp,Factory,,
Netherlands,Q55,http://www.wikidata.org/entity/Q116694841,"Hurlet, Jean",Factory,,
Netherlands,Q55,http://www.wikidata.org/entity/Q116694855,"Neef, O.",Factory,,
Netherlands,Q55,http://www.wikidata.org/entity/Q81427420,Veluwse Schavuyt,Factory,,
Netherlands,Q55,http://www.wikidata.org/entity/Q125844875,Bierbrouwerij De Hopbloem,Factory,,
Netherlands,Q55,http://www.wikidata.org/entity/Q123759630,vandeStreek,Factory,,
Netherlands,Q55,http://www.wikidata.org/entity/Q123965471,Two Chefs Brewing,Factory,,
Netherlands,Q55,http://www.wikidata.org/entity/Q2184721,Q2184721,Factory,,
Netherlands,Q55,http://www.wikidata.org/entity/Q124513920,Bierbrouwerij De Magistraat,Factory,,
Netherlands,Q55,http://www.wikidata.org/entity/Q125821703,Brouwerij De Ooievaart,Factory,,
Netherlands,Q55,http://www.wikidata.org/entity/Q125821702,Cockroach Brew,Factory,,
Netherlands,Q55,http://www.wikidata.org/entity/Q125826775,Slot Oostende,Factory,,
Netherlands,Q55,http://www.wikidata.org/entity/Q128016668,Deli Brouwerij,Factory,,
Netherlands,Q55,http://www.wikidata.org/entity/Q95143891,Bierbrouwerij Wentersch,Factory,,
Netherlands,Q55,http://www.wikidata.org/entity/Q114839811,Q114839811,Factory,,
Netherlands,Q55,http://www.wikidata.org/entity/Q130276069,De Koningshoeven Brewery,Factory,,
Netherlands,Q55,http://www.wikidata.org/entity/Q110471635,Brouwerij de Snor,Factory,,
Netherlands,Q55,http://www.wikidata.org/entity/Q117857292,Grutte Pier Brouwerij,Factory,,
Netherlands,Q55,http://www.wikidata.org/entity/Q113866902,Gebrouwen door Vrouwen,Factory,,
Netherlands,Q55,http://www.wikidata.org/entity/Q51078070,Q51078070,Factory,,
Netherlands,Q55,http://www.wikidata.org/entity/Q54249667,Q54249667,Factory,,
Netherlands,Q55,http://www.wikidata.org/entity/Q54868190,Q54868190,Factory,,
Netherlands,Q55,http://www.wikidata.org/entity/Q131695936,Q131695936,Factory,,
Netherlands,Q55,http://www.wikidata.org/entity/Q134457345,Houtzagerij Van de Wetering,Factory,,
Netherlands,Q55,http://www.wikidata.org/entity/Q134681150,Brouwerij 'De aker',Factory,,
Netherlands,Q55,http://www.wikidata.org/entity/Q112748989,Naeckte Brouwers,Factory,,
Netherlands,Q55,http://www.wikidata.org/entity/Q55372351,Brewery Bavaria,Factory,,
Netherlands,Q55,http://www.wikidata.org/entity/Q116694840,Humblet Frères,Factory,,
Netherlands,Q55,http://www.wikidata.org/entity/Q61698778,Uiltje Brewing Company,Factory,,
Netherlands,Q55,http://www.wikidata.org/entity/Q106435442,Q106435442,Factory,,
Netherlands,Q55,http://www.wikidata.org/entity/Q112691301,Brouwerij De Klep,Factory,,
Netherlands,Q55,http://www.wikidata.org/entity/Q111473684,Q111473684,Factory,,
Netherlands,Q55,http://www.wikidata.org/entity/Q107252594,Nevel,Factory,,
Netherlands,Q55,http://www.wikidata.org/entity/Q109243526,Cornelis Stadsbrouwerij,Factory,,
Netherlands,Q55,http://www.wikidata.org/entity/Q117858317,Q117858317,Factory,,
Netherlands,Q55,http://www.wikidata.org/entity/Q118113772,Q118113772,Factory,,
Netherlands,Q55,http://www.wikidata.org/entity/Q118113782,Q118113782,Factory,,
Netherlands,Q55,http://www.wikidata.org/entity/Q110084587,Van Vollenhoven's Bierbrouwerij N.V.,Factory,,
Netherlands,Q55,http://www.wikidata.org/entity/Q110298487,'s-Hertogenbosch Mint,Factory,,
Netherlands,Q55,http://www.wikidata.org/entity/Q110561825,van Kleef & Zoon,Factory,,
Netherlands,Q55,http://www.wikidata.org/entity/Q110944715,Bierbrouwerij De Posthoorn,Factory,,
Netherlands,Q55,http://www.wikidata.org/entity/Q110944712,Distilleerderij De Fransche Kroon,Factory,,
Netherlands,Q55,http://www.wikidata.org/entity/Q110947863,Brouwerij De Roos,Factory,,
Netherlands,Q55,http://www.wikidata.org/entity/Q110947923,Sevenstern,Factory,,
Netherlands,Q55,http://www.wikidata.org/entity/Q124425412,Q124425412,Factory,,
Netherlands,Q55,http://www.wikidata.org/entity/Q124477537,Q124477537,Factory,,
Netherlands,Q55,http://www.wikidata.org/entity/Q125780207,Q125780207,Factory,,
Netherlands,Q55,http://www.wikidata.org/entity/Q125780210,Q125780210,Factory,,
Netherlands,Q55,http://www.wikidata.org/entity/Q125780211,Q125780211,Factory,,
Netherlands,Q55,http://www.wikidata.org/entity/Q125780208,Q125780208,Factory,,
Netherlands,Q55,http://www.wikidata.org/entity/Q125780209,Q125780209,Factory,,
Netherlands,Q55,http://www.wikidata.org/entity/Q125780214,Q125780214,Factory,,
Netherlands,Q55,http://www.wikidata.org/entity/Q125780215,Q125780215,Factory,,
Netherlands,Q55,http://www.wikidata.org/entity/Q125780212,Q125780212,Factory,,
Netherlands,Q55,http://www.wikidata.org/entity/Q125780213,Q125780213,Factory,,
Netherlands,Q55,http://www.wikidata.org/entity/Q125780218,Q125780218,Factory,,
Netherlands,Q55,http://www.wikidata.org/entity/Q125780219,Q125780219,Factory,,
Netherlands,Q55,http://www.wikidata.org/entity/Q125780216,Q125780216,Factory,,
Netherlands,Q55,http://www.wikidata.org/entity/Q125780217,Q125780217,Factory,,
Netherlands,Q55,http://www.wikidata.org/entity/Q14665217,Plateelbakkerij De Swaen,Factory,,
Netherlands,Q55,http://www.wikidata.org/entity/Q65557919,Plateelbakkerij Schoonhoven,Factory,,
Netherlands,Q55,http://www.wikidata.org/entity/Q1828056,Plateelbakkerij Duinvoet,Factory,,
Netherlands,Q55,http://www.wikidata.org/entity/Q1993919,Porceleinfabriek De Kroon,Factory,,
Netherlands,Q55,http://www.wikidata.org/entity/Q2023668,B. Ubbink,Factory,,
Netherlands,Q55,http://www.wikidata.org/entity/Q2073589,Plateelbakkerij Ram,Factory,,
Netherlands,Q55,http://www.wikidata.org/entity/Q2250620,Koninklijke Mosa B.V.,Factory,,
Netherlands,Q55,http://www.wikidata.org/entity/Q2479050,Plateelbakkerij Jumbo,Factory,,
Netherlands,Q55,http://www.wikidata.org/entity/Q2479917,Plateelbakkerij Delft,Factory,,
Netherlands,Q55,http://www.wikidata.org/entity/Q2633316,Plateelbakkerij Brantjes,Factory,,
Netherlands,Q55,http://www.wikidata.org/entity/Q2738000,Petrus Regout/De Sphinx,Factory,,
Netherlands,Q55,http://www.wikidata.org/entity/Q2932754,Kunstaardewerkfabriek Regina,Factory,,
Netherlands,Q55,http://www.wikidata.org/entity/Q5139382,Plateelbakkerij Haga,Factory,,
Netherlands,Q55,http://www.wikidata.org/entity/Q134681205,Houthandel De Wit,Factory,,
Netherlands,Q55,http://www.wikidata.org/entity/Q135069058,Gebrs. Rosendaal,Factory,,
Netherlands,Q55,http://www.wikidata.org/entity/Q29422080,De Paeuw,Factory,,
Netherlands,Q55,http://www.wikidata.org/entity/Q66311110,Het Oude Moriaanshooft,Factory,,
Netherlands,Q55,http://www.wikidata.org/entity/Q40903591,Keramische Industrie Fris,Factory,,
Netherlands,Q55,http://www.wikidata.org/entity/Q86924678,Q86924678,Factory,,
Netherlands,Q55,http://www.wikidata.org/entity/Q64499081,Het Hart,Factory,,
Netherlands,Q55,http://www.wikidata.org/entity/Q110206535,Q110206535,Factory,,
Netherlands,Q55,http://www.wikidata.org/entity/Q66305946,beeldenfabriek H.F. Antheunis,Factory,,
Netherlands,Q55,http://www.wikidata.org/entity/Q106488939,C.J. Marijnen,Factory,,
Netherlands,Q55,http://www.wikidata.org/entity/Q66725218,porseleinfabriek Johan van Kerkhoff,Factory,,
Netherlands,Q55,http://www.wikidata.org/entity/Q66736231,De Vergulde Blompot,Factory,,
Netherlands,Q55,http://www.wikidata.org/entity/Q107095016,H.W. Stöxen en zoon,Factory,,
Netherlands,Q55,http://www.wikidata.org/entity/Q107119798,Tenax beeldengieterij,Factory,,
Netherlands,Q55,http://www.wikidata.org/entity/Q69912134,De Drie Klokken,Factory,,
Netherlands,Q55,http://www.wikidata.org/entity/Q69921017,De Vergulde Boot,Factory,,
Netherlands,Q55,http://www.wikidata.org/entity/Q119786156,Q119786156,Factory,,
Netherlands,Q55,http://www.wikidata.org/entity/Q109940030,bronsgietereij Hans Steylaert,Factory,,
Netherlands,Q55,http://www.wikidata.org/entity/Q109981475,Becht en Dyserinck,Factory,,
Netherlands,Q55,http://www.wikidata.org/entity/Q2169777,Q2169777,Factory,,
Netherlands,Q55,http://www.wikidata.org/entity/Q2253033,Q2253033,Factory,,
Netherlands,Q55,http://www.wikidata.org/entity/Q2272103,Q2272103,Factory,,
Netherlands,Q55,http://www.wikidata.org/entity/Q2329829,Q2329829,Factory,,
Netherlands,Q55,http://www.wikidata.org/entity/Q124411153,Plateelbakkerij De Rozeboom,Factory,,
Netherlands,Q55,http://www.wikidata.org/entity/Q2491298,Q2491298,Factory,,
Netherlands,Q55,http://www.wikidata.org/entity/Q2620378,Q2620378,Factory,,
Netherlands,Q55,http://www.wikidata.org/entity/Q126965044,Deventer IJzeraardenbuizen- en Terracottafabriek,Factory,,
Netherlands,Q55,http://www.wikidata.org/entity/Q2482304,Q2482304,Factory,,
Netherlands,Q55,http://www.wikidata.org/entity/Q13479453,Bols,Factory,,
Netherlands,Q55,http://www.wikidata.org/entity/Q15879625,Q15879625,Factory,,
Netherlands,Q55,http://www.wikidata.org/entity/Q38554927,Stokerij Lubberhuizen,Factory,,
Netherlands,Q55,http://www.wikidata.org/entity/Q110301093,Plateelbakkerij Flora,Factory,,
Netherlands,Q55,http://www.wikidata.org/entity/Q109404222,A.W. van der Graaff,Factory,,
Netherlands,Q55,http://www.wikidata.org/entity/Q109404262,Hans Barnaert Vierleger,Factory,,
Netherlands,Q55,http://www.wikidata.org/entity/Q109404294,KvK Delft,Factory,,
Netherlands,Q55,http://www.wikidata.org/entity/Q1881793,Kristalunie Maastricht,Factory,,
Netherlands,Q55,http://www.wikidata.org/entity/Q1976672,Boomsma,Factory,,
Netherlands,Q55,http://www.wikidata.org/entity/Q3135883,Q3135883,Factory,,
Netherlands,Q55,http://www.wikidata.org/entity/Q2347054,Koninklijke Nederlandsche Gist- en Spiritusfabriek,Factory,,
Netherlands,Q55,http://www.wikidata.org/entity/Q23305659,Koninklijke Nederlandsche Glasfabriek J.J.B.J. Bouvy,Factory,,
Netherlands,Q55,http://www.wikidata.org/entity/Q15873410,Bokma,Factory,,
Netherlands,Q55,http://www.wikidata.org/entity/Q15881756,Schermer en Zoon,Factory,,
Netherlands,Q55,http://www.wikidata.org/entity/Q105963118,Plateelfabriek Ivora,Factory,,
Netherlands,Q55,http://www.wikidata.org/entity/Q3501828,Q3501828,Factory,,
Netherlands,Q55,http://www.wikidata.org/entity/Q51134240,Q51134240,Factory,,
Netherlands,Q55,http://www.wikidata.org/entity/Q23308597,Bouvy,Factory,,
Netherlands,Q55,http://www.wikidata.org/entity/Q13137978,Q13137978,Factory,,
Netherlands,Q55,http://www.wikidata.org/entity/Q134610152,Distilleerderij De Ooievaar,Factory,,
Netherlands,Q55,http://www.wikidata.org/entity/Q134681113,Leder- en Lederwarenfabriek E. Wessels en Zoon,Factory,,
Netherlands,Q55,http://www.wikidata.org/entity/Q4547354,Q4547354,Factory,,
Netherlands,Q55,http://www.wikidata.org/entity/Q13641690,Q13641690,Factory,,
Netherlands,Q55,http://www.wikidata.org/entity/Q2663996,Royal Leerdam Crystal,Factory,,
Netherlands,Q55,http://www.wikidata.org/entity/Q109404365,Willem Jansz Verswaen,Factory,,
Netherlands,Q55,http://www.wikidata.org/entity/Q109404324,plateelbakkerij Lotus,Factory,,
Netherlands,Q55,http://www.wikidata.org/entity/Q109465715,Plateelbakkerij 'De Molen' Gouda,Factory,,
Netherlands,Q55,http://www.wikidata.org/entity/Q27949823,Van Tetterode Glass Studio,Factory,,
Netherlands,Q55,http://www.wikidata.org/entity/Q108700739,Q108700739,Factory,,
Netherlands,Q55,http://www.wikidata.org/entity/Q110301111,Q110301111,Factory,,
Netherlands,Q55,http://www.wikidata.org/entity/Q105963018,Deventer Glasfabriek,Factory,,
Netherlands,Q55,http://www.wikidata.org/entity/Q126964198,B.J. Canoy & Co,Factory,,
Netherlands,Q55,http://www.wikidata.org/entity/Q106314019,D.W.F. De Rotte,Factory,,
Netherlands,Q55,http://www.wikidata.org/entity/Q106314325,Plateelfabriek Gelria N.V.,Factory,,
Netherlands,Q55,http://www.wikidata.org/entity/Q116923480,Nieuwe Rotterdamsche Gasfabriek,Factory,,
Netherlands,Q55,http://www.wikidata.org/entity/Q109525576,BP,Factory,,
Netherlands,Q55,http://www.wikidata.org/entity/Q107095131,Tegelbakkerij Oudegracht/ Achter 't Weystraat,Factory,,
Netherlands,Q55,http://www.wikidata.org/entity/Q107284580,Amsterdam tegelbakkerij aan de Prinsengracht,Factory,,
Netherlands,Q55,http://www.wikidata.org/entity/Q107284948,tegelbakkerij aan de Anjelierstraat,Factory,,
Netherlands,Q55,http://www.wikidata.org/entity/Q109243516,Glasfabriek Padang,Factory,,
Netherlands,Q55,http://www.wikidata.org/entity/Q109404268,Hilversumsche Plateelbakkerij,Factory,,
Netherlands,Q55,http://www.wikidata.org/entity/Q109525327,Porseleinmanufactuur van 's-Gravenhage,Factory,,
Netherlands,Q55,http://www.wikidata.org/entity/Q109763220,"Jeekel, Mijnssen & Co.",Factory,,
Netherlands,Q55,http://www.wikidata.org/entity/Q110062404,Linneweever,Factory,,
Netherlands,Q55,http://www.wikidata.org/entity/Q110077006,Delftsch Plateelschilderwerk,Factory,,
Netherlands,Q55,http://www.wikidata.org/entity/Q110085559,Dungelmann,Factory,,
Netherlands,Q55,http://www.wikidata.org/entity/Q110476551,Vereenigde Nederlandsche Lucifer Fabrieken,Factory,,
Netherlands,Q55,http://www.wikidata.org/entity/Q75135608,Thooft & Labouchère v/h De Porceleyne Fles,Factory,,
Netherlands,Q55,http://www.wikidata.org/entity/Q1988035,Q1988035,Factory,,
Netherlands,Q55,http://www.wikidata.org/entity/Q131418642,Q131418642,Factory,,
Netherlands,Q55,http://www.wikidata.org/entity/Q2146753,Q2146753,Factory,,
Kingdom of Prussia,Q27306,http://www.wikidata.org/entity/Q118640154,Q118640154,Factory,,
Kingdom of Prussia,Q27306,http://www.wikidata.org/entity/Q124633561,Q124633561,Factory,,
Kingdom of Prussia,Q27306,http://www.wikidata.org/entity/Q126183178,Q126183178,Factory,,
Kingdom of Prussia,Q27306,http://www.wikidata.org/entity/Q126954882,Q126954882,Factory,,
Kingdom of Prussia,Q27306,http://www.wikidata.org/entity/Q129595221,Q129595221,Factory,,
Kingdom of Prussia,Q27306,http://www.wikidata.org/entity/Q134583533,Q134583533,Factory,,
Kingdom of Prussia,Q27306,http://www.wikidata.org/entity/Q134879011,Q134879011,Factory,,
Dutch East Indies,Q188161,http://www.wikidata.org/entity/Q96679304,Q96679304,Factory,,
Dutch East Indies,Q188161,http://www.wikidata.org/entity/Q104792338,Q104792338,Factory,,
Dutch East Indies,Q188161,http://www.wikidata.org/entity/Q114784688,Buduran sugar refinery,Factory,,
Dutch East Indies,Q188161,http://www.wikidata.org/entity/Q121434097,Batavia Opium Factory,Factory,,
Kazakhstan,Q232,http://www.wikidata.org/entity/Q122902675,Munaymash,Factory,,
Kazakhstan,Q232,http://www.wikidata.org/entity/Q12545398,Q12545398,Factory,,
Kazakhstan,Q232,http://www.wikidata.org/entity/Q12561941,Q12561941,Factory,,
Kazakhstan,Q232,http://www.wikidata.org/entity/Q12571889,Q12571889,Factory,,
Kazakhstan,Q232,http://www.wikidata.org/entity/Q12577139,Q12577139,Factory,,
Kazakhstan,Q232,http://www.wikidata.org/entity/Q12572859,Kazakh gas processing plant,Factory,,
Kazakhstan,Q232,http://www.wikidata.org/entity/Q12575026,Bokei Horde armory,Factory,,
Kazakhstan,Q232,http://www.wikidata.org/entity/Q4072318,Atyrau oil refinery,Factory,,
Kazakhstan,Q232,http://www.wikidata.org/entity/Q21663237,Kazakhstan Mint,Factory,,
Kazakhstan,Q232,http://www.wikidata.org/entity/Q113624560,Kazakhstan Mint of the National Bank of the Republic of Kazakhstan,Factory,,
Kazakhstan,Q232,http://www.wikidata.org/entity/Q120979334,Pavlodar oil refinery,Factory,,
Kazakhstan,Q232,http://www.wikidata.org/entity/Q120979399,Shymkent oil refinery,Factory,,
State of Palestine,Q219060,http://www.wikidata.org/entity/Q113800046,Uncertain Mint 24,Factory,,
United States,Q30,http://www.wikidata.org/entity/Q4948224,Boston and Sandwich Glass Company,Factory,,
United States,Q30,http://www.wikidata.org/entity/Q5592577,Grafton Village Cheese Company,Factory,,
United States,Q30,http://www.wikidata.org/entity/Q6906923,Monumental Bronze Company,Factory,,
United States,Q30,http://www.wikidata.org/entity/Q6981887,Naval Ordnance Station Forest Park,Factory,,
United States,Q30,http://www.wikidata.org/entity/Q7056860,North Star Woolen Mill,Factory,,
United States,Q30,http://www.wikidata.org/entity/Q20311351,Alicat Scientific,Factory,,
United States,Q30,http://www.wikidata.org/entity/Q28124691,Buescher Band Instrument Company Building,Factory,,
United States,Q30,http://www.wikidata.org/entity/Q16993799,Fredericksburg Gun Manufactory Site,Factory,,
United States,Q30,http://www.wikidata.org/entity/Q16821408,P-9 Project,Factory,,
United States,Q30,http://www.wikidata.org/entity/Q16998765,Kullman Building Corporation,Factory,,
United States,Q30,http://www.wikidata.org/entity/Q17022784,Moss Tobacco Factory,Factory,,
United States,Q30,http://www.wikidata.org/entity/Q17031994,Sego Milk Plant,Factory,,
United States,Q30,http://www.wikidata.org/entity/Q17040579,Verdi Lumber Company Buildings,Factory,,
United States,Q30,http://www.wikidata.org/entity/Q7994141,Whitall Tatum Company,Factory,,
United States,Q30,http://www.wikidata.org/entity/Q8027136,Wisconsin Chair Company,Factory,,
United States,Q30,http://www.wikidata.org/entity/Q5209417,DaimlerChrysler Commercial Buses North Carolina,Factory,,
United States,Q30,http://www.wikidata.org/entity/Q130550077,Free Print Shop,Factory,,
United States,Q30,http://www.wikidata.org/entity/Q55440836,Danley Sound Labs,Factory,,
United States,Q30,http://www.wikidata.org/entity/Q56274840,Paramount Knitting Company Mill,Factory,,
United States,Q30,http://www.wikidata.org/entity/Q108111165,Trillium Graphics,Factory,,
United States,Q30,http://www.wikidata.org/entity/Q108226890,Shooting Star Press,Factory,,
United States,Q30,http://www.wikidata.org/entity/Q108474551,Janus Press,Factory,,
United States,Q30,http://www.wikidata.org/entity/Q110143277,Tudor Press,Factory,,
United States,Q30,http://www.wikidata.org/entity/Q134879503,Q134879503,Factory,,
United States,Q30,http://www.wikidata.org/entity/Q2923498,Q2923498,Factory,,
United States,Q30,http://www.wikidata.org/entity/Q3063492,Q3063492,Factory,,
United States,Q30,http://www.wikidata.org/entity/Q1028561,Guild Guitar Company,Factory,,
United States,Q30,http://www.wikidata.org/entity/Q18356506,Union Porcelain Works,Factory,,
United States,Q30,http://www.wikidata.org/entity/Q1815722,Doraville Assembly,Factory,,
United States,Q30,http://www.wikidata.org/entity/Q81003,Concept2,Factory,,
United States,Q30,http://www.wikidata.org/entity/Q30259168,Energy Storage Systems (United States),Factory,,
United States,Q30,http://www.wikidata.org/entity/Q80056858,Chiron Press,Factory,,
United States,Q30,http://www.wikidata.org/entity/Q30298277,Mirion Technologies,Factory,,
United States,Q30,http://www.wikidata.org/entity/Q105413626,"Basic Magnesium, Inc.",Factory,,
United States,Q30,http://www.wikidata.org/entity/Q7835175,Transportation Manufacturing Corporation,Factory,,
United States,Q30,http://www.wikidata.org/entity/Q15217661,FiftyFifty Brewing Company,Factory,,
United States,Q30,http://www.wikidata.org/entity/Q16974641,Empire Brewing Company,Factory,,
United States,Q30,http://www.wikidata.org/entity/Q17028802,Revolution Brewing,Factory,,
United States,Q30,http://www.wikidata.org/entity/Q17183477,Black Warrior Brewing Company,Factory,,
United States,Q30,http://www.wikidata.org/entity/Q18636502,Brasserie Saint James,Factory,,
United States,Q30,http://www.wikidata.org/entity/Q5364059,Elk Mountain Brewing Company,Factory,,
United States,Q30,http://www.wikidata.org/entity/Q6749697,Manila Mint,Factory,,
United States,Q30,http://www.wikidata.org/entity/Q7106902,Oskar Blues Brewery,Factory,,
United States,Q30,http://www.wikidata.org/entity/Q7390588,SKA Brewing,Factory,,
United States,Q30,http://www.wikidata.org/entity/Q7432944,Schuelke Organ Company,Factory,,
United States,Q30,http://www.wikidata.org/entity/Q7501533,Short's Brewing Company,Factory,,
United States,Q30,http://www.wikidata.org/entity/Q7578805,Spoetzl Brewery,Factory,,
United States,Q30,http://www.wikidata.org/entity/Q134442473,Phillips Packing Company,Factory,,
United States,Q30,http://www.wikidata.org/entity/Q108075515,Bordon Company Plant,Factory,,
United States,Q30,http://www.wikidata.org/entity/Q109447109,Ullman Manufacturing Company,Factory,,
United States,Q30,http://www.wikidata.org/entity/Q110400619,Clear Vue Cyclones,Factory,,
United States,Q30,http://www.wikidata.org/entity/Q112521812,Lewis Miles Stoney Bluff Manufactory (plantation),Factory,,
United States,Q30,http://www.wikidata.org/entity/Q112670204,Oswego Starch Factory,Factory,,
United States,Q30,http://www.wikidata.org/entity/Q124185461,Galveston Island Brewing,Factory,,
United States,Q30,http://www.wikidata.org/entity/Q222787,Jim Beam,Factory,,
United States,Q30,http://www.wikidata.org/entity/Q2861561,Arkansas Ordnance Plant,Factory,,
United States,Q30,http://www.wikidata.org/entity/Q130805152,Marlboro Cotton Mills,Factory,,
United States,Q30,http://www.wikidata.org/entity/Q131907681,Ology Brewing Co.,Factory,,
United States,Q30,http://www.wikidata.org/entity/Q39087331,Gizmo Brew Works,Factory,,
United States,Q30,http://www.wikidata.org/entity/Q126041771,Playtime Co.,Factory,,
United States,Q30,http://www.wikidata.org/entity/Q117315479,Q117315479,Factory,,
United States,Q30,http://www.wikidata.org/entity/Q113816519,Maumelle Ordnance Works,Factory,,
United States,Q30,http://www.wikidata.org/entity/Q113817001,Ozark Ordnance Works,Factory,,
United States,Q30,http://www.wikidata.org/entity/Q115512700,Brewing Green,Factory,,
United States,Q30,http://www.wikidata.org/entity/Q115697362,The Cabot Manufacturing Company,Factory,,
United States,Q30,http://www.wikidata.org/entity/Q117351677,Los Gatos Research,Factory,,
United States,Q30,http://www.wikidata.org/entity/Q118948363,Myat,Factory,,
United States,Q30,http://www.wikidata.org/entity/Q127699831,15 Stevens Street,Factory,,
United States,Q30,http://www.wikidata.org/entity/Q5351193,El Dorado Refinery,Factory,,
United States,Q30,http://www.wikidata.org/entity/Q16736198,The Rare Barrel,Factory,,
United States,Q30,http://www.wikidata.org/entity/Q16995993,Houston Refining,Factory,,
United States,Q30,http://www.wikidata.org/entity/Q17090520,Tun Tavern Brewery,Factory,,
United States,Q30,http://www.wikidata.org/entity/Q4949920,Boundary Bay Brewing Company,Factory,,
United States,Q30,http://www.wikidata.org/entity/Q5265865,Detroit Beer Company,Factory,,
United States,Q30,http://www.wikidata.org/entity/Q5267383,Devils Backbone Brewing Company,Factory,,
United States,Q30,http://www.wikidata.org/entity/Q6749251,Manhattan Brewing Company of New York,Factory,,
United States,Q30,http://www.wikidata.org/entity/Q7109489,Otto's Pub & Brewery,Factory,,
United States,Q30,http://www.wikidata.org/entity/Q7160832,Peg’s Cantina,Factory,,
United States,Q30,http://www.wikidata.org/entity/Q7320994,Rhodell Brewery,Factory,,
United States,Q30,http://www.wikidata.org/entity/Q7382114,Russian River Brewing Company,Factory,,
United States,Q30,http://www.wikidata.org/entity/Q7413961,San Francisco Brewing Company,Factory,,
United States,Q30,http://www.wikidata.org/entity/Q128695066,Rossie Velvet Mill,Factory,,
United States,Q30,http://www.wikidata.org/entity/Q7784965,Third Street Aleworks,Factory,,
United States,Q30,http://www.wikidata.org/entity/Q7820049,Tommyknocker Brewery,Factory,,
United States,Q30,http://www.wikidata.org/entity/Q7863264,U.S. Oil and Refining,Factory,,
United States,Q30,http://www.wikidata.org/entity/Q130393678,Serotta factory,Factory,,
United States,Q30,http://www.wikidata.org/entity/Q7966964,Wamsutta Oil Refinery,Factory,,
United States,Q30,http://www.wikidata.org/entity/Q31080293,SanTan Brewing Company,Factory,,
United States,Q30,http://www.wikidata.org/entity/Q59223352,Pelican Brewing – Pacific City,Factory,,
United States,Q30,http://www.wikidata.org/entity/Q59223353,Pelican Brewing – Cannon Beach,Factory,,
United States,Q30,http://www.wikidata.org/entity/Q105047358,Texas City Refinery,Factory,,
United States,Q30,http://www.wikidata.org/entity/Q114308773,Limetree Bay refinery,Factory,,
United States,Q30,http://www.wikidata.org/entity/Q117883659,McPherson Refinery,Factory,,
United States,Q30,http://www.wikidata.org/entity/Q117883879,Bradford Refinery,Factory,,
United States,Q30,http://www.wikidata.org/entity/Q117883951,Atmore Refinery,Factory,,
United States,Q30,http://www.wikidata.org/entity/Q117883904,Memphis Refinery,Factory,,
United States,Q30,http://www.wikidata.org/entity/Q117883942,Saraland Refinery,Factory,,
United States,Q30,http://www.wikidata.org/entity/Q117884246,Chalmette Refinery,Factory,,
United States,Q30,http://www.wikidata.org/entity/Q117884254,Meraux Refinery,Factory,,
United States,Q30,http://www.wikidata.org/entity/Q1921340,Mercedes-Benz U.S. International,Factory,,
United States,Q30,http://www.wikidata.org/entity/Q5270731,Diamond Bear Brewing Company,Factory,,
United States,Q30,http://www.wikidata.org/entity/Q5309506,Dry Dock Brewing Company,Factory,,
United States,Q30,http://www.wikidata.org/entity/Q5347059,Eel River Brewing Company,Factory,,
United States,Q30,http://www.wikidata.org/entity/Q5368560,Elysian Brewing Company,Factory,,
United States,Q30,http://www.wikidata.org/entity/Q5423793,F. & M. Schaefer Brewing Company,Factory,,
United States,Q30,http://www.wikidata.org/entity/Q5454485,Fish Brewing Company,Factory,,
United States,Q30,http://www.wikidata.org/entity/Q5461224,Florida Beer Company,Factory,,
United States,Q30,http://www.wikidata.org/entity/Q5463350,Flying Bison Brewing Company,Factory,,
United States,Q30,http://www.wikidata.org/entity/Q5474595,Founders Brewing Company,Factory,,
United States,Q30,http://www.wikidata.org/entity/Q5495684,Fred Koch Brewery,Factory,,
United States,Q30,http://www.wikidata.org/entity/Q5497414,Frederick Brewing Company,Factory,,
United States,Q30,http://www.wikidata.org/entity/Q5500095,Free State Brewing Company,Factory,,
United States,Q30,http://www.wikidata.org/entity/Q5507316,Fuhrmann & Schmidt Brewing Company,Factory,,
United States,Q30,http://www.wikidata.org/entity/Q5508129,Full Sail Brewing Company,Factory,,
United States,Q30,http://www.wikidata.org/entity/Q5519739,Gambrinus Brewing Co.,Factory,,
United States,Q30,http://www.wikidata.org/entity/Q5532712,Genesee Brewing Company,Factory,,
United States,Q30,http://www.wikidata.org/entity/Q5542671,George Muehlebach Brewing Company,Factory,,
United States,Q30,http://www.wikidata.org/entity/Q5595217,Grand Valley Brewing Company,Factory,,
United States,Q30,http://www.wikidata.org/entity/Q5599065,Great Divide Brewing Company,Factory,,
United States,Q30,http://www.wikidata.org/entity/Q5602559,Green Flash Brewing Company,Factory,,
United States,Q30,http://www.wikidata.org/entity/Q5638334,Haffen Brewing Company,Factory,,
United States,Q30,http://www.wikidata.org/entity/Q5641331,Hale's Ales,Factory,,
United States,Q30,http://www.wikidata.org/entity/Q5641640,Half Acre Beer,Factory,,
United States,Q30,http://www.wikidata.org/entity/Q5663611,Harpoon Brewery,Factory,,
United States,Q30,http://www.wikidata.org/entity/Q5695169,Heavy Seas Beer,Factory,,
United States,Q30,http://www.wikidata.org/entity/Q5699710,Heiner Brau,Factory,,
United States,Q30,http://www.wikidata.org/entity/Q5748234,Heurich Brewery,Factory,,
United States,Q30,http://www.wikidata.org/entity/Q6016427,Independent Brewing Company of Pittsburgh,Factory,,
United States,Q30,http://www.wikidata.org/entity/Q6284109,Joseph Huber Brewing Company,Factory,,
United States,Q30,http://www.wikidata.org/entity/Q6372286,Karl Strauss Brewing Company,Factory,,
United States,Q30,http://www.wikidata.org/entity/Q6413154,Kingsbury Breweries Company,Factory,,
United States,Q30,http://www.wikidata.org/entity/Q6428700,Kona Brewing Company,Factory,,
United States,Q30,http://www.wikidata.org/entity/Q6442172,Kuhnhenn Brewing Company,Factory,,
United States,Q30,http://www.wikidata.org/entity/Q6516869,Left Hand Brewing Company,Factory,,
United States,Q30,http://www.wikidata.org/entity/Q6555400,Lion Brewery New York,Factory,,
United States,Q30,http://www.wikidata.org/entity/Q6667156,Logan Shaw Brewing Company,Factory,,
United States,Q30,http://www.wikidata.org/entity/Q6671394,Lone Star Brewing Company,Factory,,
United States,Q30,http://www.wikidata.org/entity/Q6673315,Long Trail Brewing Company,Factory,,
United States,Q30,http://www.wikidata.org/entity/Q6683837,Lost Abbey,Factory,,
United States,Q30,http://www.wikidata.org/entity/Q6722133,MacTarnahan's Brewing Company,Factory,,
United States,Q30,http://www.wikidata.org/entity/Q6722165,Mac & Jack's Brewing Company,Factory,,
United States,Q30,http://www.wikidata.org/entity/Q6726043,Mad River Brewing Company,Factory,,
United States,Q30,http://www.wikidata.org/entity/Q6802345,McMenamins,Factory,,
United States,Q30,http://www.wikidata.org/entity/Q6837466,Michigan Brewers Guild,Factory,,
United States,Q30,http://www.wikidata.org/entity/Q6907834,Moonlight Brewing Company,Factory,,
United States,Q30,http://www.wikidata.org/entity/Q6917226,Mother's Brewing Company,Factory,,
United States,Q30,http://www.wikidata.org/entity/Q6919991,Mount Carbon Brewery,Factory,,
United States,Q30,http://www.wikidata.org/entity/Q6930339,Mt. Shasta Brewing Company,Factory,,
United States,Q30,http://www.wikidata.org/entity/Q7053730,FIFCO USA,Factory,,
United States,Q30,http://www.wikidata.org/entity/Q7055379,North Fork Brewery,Factory,,
United States,Q30,http://www.wikidata.org/entity/Q7077636,Odell Brewing Company,Factory,,
United States,Q30,http://www.wikidata.org/entity/Q7083800,Old Crown Brewing Corporation,Factory,,
United States,Q30,http://www.wikidata.org/entity/Q7109368,Otter Creek Brewing,Factory,,
United States,Q30,http://www.wikidata.org/entity/Q7168668,Periolat brewery,Factory,,
United States,Q30,http://www.wikidata.org/entity/Q7193187,Pig's Eye Brewing Company,Factory,,
United States,Q30,http://www.wikidata.org/entity/Q7300485,Reading Brewing Company,Factory,,
United States,Q30,http://www.wikidata.org/entity/Q7320571,Rhinelander Brewing Company,Factory,,
United States,Q30,http://www.wikidata.org/entity/Q6232182,John F. Betz & Son Brewery,Factory,,
United States,Q30,http://www.wikidata.org/entity/Q41793838,Mercedes-Benz Research Development North America,Factory,,
United States,Q30,http://www.wikidata.org/entity/Q5451993,Firestone Walker Brewing Company,Factory,,
United States,Q30,http://www.wikidata.org/entity/Q113869245,The Oriole Mill,Factory,,
United States,Q30,http://www.wikidata.org/entity/Q126891184,Dog Rose Brewing Company,Factory,,
United States,Q30,http://www.wikidata.org/entity/Q133817876,Lakewood Industries,Factory,,
United States,Q30,http://www.wikidata.org/entity/Q134448689,Pallet Brewing Company,Factory,,
United States,Q30,http://www.wikidata.org/entity/Q134454571,Esker/Hart Artisan Ales,Factory,,
United States,Q30,http://www.wikidata.org/entity/Q134487385,Readington Brewery,Factory,,
United States,Q30,http://www.wikidata.org/entity/Q134488092,Sunken Silo Brew Works,Factory,,
United States,Q30,http://www.wikidata.org/entity/Q117922063,Marathon Salt Lake City Refinery,Factory,,
United States,Q30,http://www.wikidata.org/entity/Q117922810,Chevron Salt Lake Refinery,Factory,,
United States,Q30,http://www.wikidata.org/entity/Q123998124,DOWA Metals and Mining America,Factory,,
United States,Q30,http://www.wikidata.org/entity/Q125842783,Llewellyn Iron Works,Factory,,
United States,Q30,http://www.wikidata.org/entity/Q2289193,Sierra Nevada Brewing Company,Factory,,
United States,Q30,http://www.wikidata.org/entity/Q118357891,Ingalls Iron Works,Factory,,
United States,Q30,http://www.wikidata.org/entity/Q3033748,Dogfish Head Brewery,Factory,,
United States,Q30,http://www.wikidata.org/entity/Q3360013,Pabst Brewing Company,Factory,,
United States,Q30,http://www.wikidata.org/entity/Q5184966,Cricket Hill,Factory,,
United States,Q30,http://www.wikidata.org/entity/Q4684323,Adolph Coors Company,Factory,,
United States,Q30,http://www.wikidata.org/entity/Q4708661,Alaskan Brewing Company,Factory,,
United States,Q30,http://www.wikidata.org/entity/Q4730281,Allagash Brewing Company,Factory,,
United States,Q30,http://www.wikidata.org/entity/Q4816027,Atlanta Brewing Co,Factory,,
United States,Q30,http://www.wikidata.org/entity/Q4832936,Aztec Brewing Company,Factory,,
United States,Q30,http://www.wikidata.org/entity/Q4838887,Bachmann's Brewery,Factory,,
United States,Q30,http://www.wikidata.org/entity/Q4851430,Ballantine Brewery,Factory,,
United States,Q30,http://www.wikidata.org/entity/Q4874434,"Bayern Brewing, Inc.",Factory,,
United States,Q30,http://www.wikidata.org/entity/Q4929237,Blue Hills Brewery,Factory,,
United States,Q30,http://www.wikidata.org/entity/Q4930333,Bluegrass Brewing Company,Factory,,
United States,Q30,http://www.wikidata.org/entity/Q4947146,Bosch Brewing Company,Factory,,
United States,Q30,http://www.wikidata.org/entity/Q4949536,Boulder Beer Company,Factory,,
United States,Q30,http://www.wikidata.org/entity/Q4949634,Boulevard Brewing Company,Factory,,
United States,Q30,http://www.wikidata.org/entity/Q19572232,Iron Horse Brewery,Factory,,
United States,Q30,http://www.wikidata.org/entity/Q4966187,BridgePort Brewing Company,Factory,,
United States,Q30,http://www.wikidata.org/entity/Q5035496,Capital Brewery,Factory,,
United States,Q30,http://www.wikidata.org/entity/Q5048142,Cascade Lakes Brewing Company,Factory,,
United States,Q30,http://www.wikidata.org/entity/Q5123051,City Brewing Company,Factory,,
United States,Q30,http://www.wikidata.org/entity/Q5133639,Climax Brewing Company,Factory,,
United States,Q30,http://www.wikidata.org/entity/Q5204580,DC Brau Brewing,Factory,,
United States,Q30,http://www.wikidata.org/entity/Q5263757,Deschutes Brewery,Factory,,
United States,Q30,http://www.wikidata.org/entity/Q5267084,Devil's Canyon Brewing Company,Factory,,
United States,Q30,http://www.wikidata.org/entity/Q7439868,Sea Dog Brewing Company,Factory,,
United States,Q30,http://www.wikidata.org/entity/Q7858863,Two Brothers Brewing,Factory,,
United States,Q30,http://www.wikidata.org/entity/Q134312411,Globe Iron Works,Factory,,
United States,Q30,http://www.wikidata.org/entity/Q60775772,Bristol Iron Works,Factory,,
United States,Q30,http://www.wikidata.org/entity/Q107565215,Union Iron Works,Factory,,
United States,Q30,http://www.wikidata.org/entity/Q73504866,Rock Bottom Restaurant & Brewery,Factory,,
United States,Q30,http://www.wikidata.org/entity/Q7754811,The Old Brewery,Factory,,
United States,Q30,http://www.wikidata.org/entity/Q12061436,Magic Hat Brewing Company,Factory,,
United States,Q30,http://www.wikidata.org/entity/Q14685020,New Belgium Brewing Company,Factory,,
United States,Q30,http://www.wikidata.org/entity/Q13516749,Henry Weinhard's,Factory,,
United States,Q30,http://www.wikidata.org/entity/Q14713879,Redhook Ale Brewery,Factory,,
United States,Q30,http://www.wikidata.org/entity/Q14714485,Jacob Leinenkugel Brewing Company,Factory,,
United States,Q30,http://www.wikidata.org/entity/Q15109862,Craft Brew Alliance,Factory,,
United States,Q30,http://www.wikidata.org/entity/Q15545089,Evil Twin Brewing,Factory,,
United States,Q30,http://www.wikidata.org/entity/Q7354278,Rock Art Brewery,Factory,,
United States,Q30,http://www.wikidata.org/entity/Q7359507,Rogue Ales,Factory,,
United States,Q30,http://www.wikidata.org/entity/Q7400991,Saint Arnold Brewing Company,Factory,,
United States,Q30,http://www.wikidata.org/entity/Q7516053,Silver Gulch Brewing & Bottling Company,Factory,,
United States,Q30,http://www.wikidata.org/entity/Q7533018,Sixpoint Brewery,Factory,,
United States,Q30,http://www.wikidata.org/entity/Q7570492,Southern Star Brewing Company,Factory,,
United States,Q30,http://www.wikidata.org/entity/Q7580292,Sprecher Brewery,Factory,,
United States,Q30,http://www.wikidata.org/entity/Q7615488,Stevens Point Brewery,Factory,,
United States,Q30,http://www.wikidata.org/entity/Q7618876,Stone Brewing Company,Factory,,
United States,Q30,http://www.wikidata.org/entity/Q7637776,Summit Brewing Company,Factory,,
United States,Q30,http://www.wikidata.org/entity/Q7703294,Terrapin Beer Company,Factory,,
United States,Q30,http://www.wikidata.org/entity/Q7719978,The Brewer's Art,Factory,,
United States,Q30,http://www.wikidata.org/entity/Q7846620,Trout River Brewing,Factory,,
United States,Q30,http://www.wikidata.org/entity/Q7898340,Upland Brewing Company,Factory,,
United States,Q30,http://www.wikidata.org/entity/Q7927468,Victory Brewing Company,Factory,,
United States,Q30,http://www.wikidata.org/entity/Q7995043,White Marsh Brewing Company,Factory,,
United States,Q30,http://www.wikidata.org/entity/Q7998742,Widmer Brothers Brewery,Factory,,
United States,Q30,http://www.wikidata.org/entity/Q8047083,Yakima Brewing,Factory,,
United States,Q30,http://www.wikidata.org/entity/Q16251664,Great Raft Brewing,Factory,,
United States,Q30,http://www.wikidata.org/entity/Q16825386,Argus Brewery,Factory,,
United States,Q30,http://www.wikidata.org/entity/Q16837434,Fort George Brewery,Factory,,
United States,Q30,http://www.wikidata.org/entity/Q16840095,Gilgamesh Brewing,Factory,,
United States,Q30,http://www.wikidata.org/entity/Q16951719,Sun King Brewing,Factory,,
United States,Q30,http://www.wikidata.org/entity/Q16958094,Ninkasi Brewing Company,Factory,,
United States,Q30,http://www.wikidata.org/entity/Q16991890,Dock Street Brewing Company,Factory,,
United States,Q30,http://www.wikidata.org/entity/Q16993681,Fort Collins Brewery,Factory,,
United States,Q30,http://www.wikidata.org/entity/Q16993688,Fort Pitt Brewing Company,Factory,,
United States,Q30,http://www.wikidata.org/entity/Q16994489,Greenbush Brewing Company,Factory,,
United States,Q30,http://www.wikidata.org/entity/Q16995444,Hilliard's Beer,Factory,,
United States,Q30,http://www.wikidata.org/entity/Q17028603,Swamp Head Brewery,Factory,,
United States,Q30,http://www.wikidata.org/entity/Q17031159,Schmidt Brewery,Factory,,
United States,Q30,http://www.wikidata.org/entity/Q17090693,New Holland Brewing Company,Factory,,
United States,Q30,http://www.wikidata.org/entity/Q17108286,The Bruery,Factory,,
United States,Q30,http://www.wikidata.org/entity/Q17108368,Pete's Brewing Company,Factory,,
United States,Q30,http://www.wikidata.org/entity/Q17118795,New Glarus Brewing Company,Factory,,
United States,Q30,http://www.wikidata.org/entity/Q17514910,Dunedin Brewery,Factory,,
United States,Q30,http://www.wikidata.org/entity/Q18349369,Hibernia Brewing,Factory,,
United States,Q30,http://www.wikidata.org/entity/Q18636480,2 Towns Ciderhouse,Factory,,
United States,Q30,http://www.wikidata.org/entity/Q18712245,Fremont Brewing,Factory,,
United States,Q30,http://www.wikidata.org/entity/Q19867090,Dangerous Man Brewing Company,Factory,,
United States,Q30,http://www.wikidata.org/entity/Q19903411,Bad Martha Brewing Company,Factory,,
United States,Q30,http://www.wikidata.org/entity/Q20658344,Tallgrass Brewing Company,Factory,,
United States,Q30,http://www.wikidata.org/entity/Q21016277,Tractor Brewing Company,Factory,,
United States,Q30,http://www.wikidata.org/entity/Q22021774,Ashland Brewing Company,Factory,,
United States,Q30,http://www.wikidata.org/entity/Q22032152,South Shore Brewery,Factory,,
United States,Q30,http://www.wikidata.org/entity/Q22073317,Hill Farmstead Brewery,Factory,,
United States,Q30,http://www.wikidata.org/entity/Q22671347,Adam Scheidt Brewing Company,Factory,,
United States,Q30,http://www.wikidata.org/entity/Q23461925,Saint Archer Brewing,Factory,,
United States,Q30,http://www.wikidata.org/entity/Q24648520,Small Town Brewery,Factory,,
United States,Q30,http://www.wikidata.org/entity/Q24885161,Erie Brewing Company,Factory,,
United States,Q30,http://www.wikidata.org/entity/Q25001349,Market Garden Brewery,Factory,,
United States,Q30,http://www.wikidata.org/entity/Q25001362,Platform Beer Company,Factory,,
United States,Q30,http://www.wikidata.org/entity/Q25197565,Karbach Brewing Company,Factory,,
United States,Q30,http://www.wikidata.org/entity/Q28209571,Superstition Meadery,Factory,,
United States,Q30,http://www.wikidata.org/entity/Q28229285,Southern Tier Brewing Company,Factory,,
United States,Q30,http://www.wikidata.org/entity/Q28373722,Neshaminy Creek Brewing Company,Factory,,
United States,Q30,http://www.wikidata.org/entity/Q28401783,Breckenridge Brewery,Factory,,
United States,Q30,http://www.wikidata.org/entity/Q28448206,Latitude 42 Brewing Company,Factory,,
United States,Q30,http://www.wikidata.org/entity/Q28455369,OpenRoad Brewery,Factory,,
United States,Q30,http://www.wikidata.org/entity/Q29468890,Great South Bay Brewery,Factory,,
United States,Q30,http://www.wikidata.org/entity/Q30693977,Asheville Brewing Company,Factory,,
United States,Q30,http://www.wikidata.org/entity/Q39049393,Abner-Drury Brewery,Factory,,
United States,Q30,http://www.wikidata.org/entity/Q39049334,Metropolitan Lager Bier Brewery,Factory,,
United States,Q30,http://www.wikidata.org/entity/Q39058224,Big Wood Brewery,Factory,,
United States,Q30,http://www.wikidata.org/entity/Q48967101,Mother Earth Brewing Company,Factory,,
United States,Q30,http://www.wikidata.org/entity/Q48976540,Minhas Craft Brewery,Factory,,
United States,Q30,http://www.wikidata.org/entity/Q51444951,Avondale Brewing Company,Factory,,
United States,Q30,http://www.wikidata.org/entity/Q55615862,KettleHouse Brewing Company,Factory,,
United States,Q30,http://www.wikidata.org/entity/Q60333658,pFriem Family Brewers,Factory,,
United States,Q30,http://www.wikidata.org/entity/Q60740072,Carton Brewing,Factory,,
United States,Q30,http://www.wikidata.org/entity/Q60746802,Iron Hill Brewery & Restaurant,Factory,,
United States,Q30,http://www.wikidata.org/entity/Q60760156,Paterson Consolidated Brewing Company,Factory,,
United States,Q30,http://www.wikidata.org/entity/Q60762491,SingleCut Beersmiths,Factory,,
United States,Q30,http://www.wikidata.org/entity/Q60776324,PFriem Family Brewers,Factory,,
United States,Q30,http://www.wikidata.org/entity/Q60792365,A. Gettelman Brewing Company,Factory,,
United States,Q30,http://www.wikidata.org/entity/Q63484685,Burnside Brewing Company,Factory,,
United States,Q30,http://www.wikidata.org/entity/Q65045143,Barrel Theory Beer Company,Factory,,
United States,Q30,http://www.wikidata.org/entity/Q19865277,Fat Head's Brewery,Factory,,
United States,Q30,http://www.wikidata.org/entity/Q122731923,Milkhouse Brewery at Stillpoint Farm,Factory,,
United States,Q30,http://www.wikidata.org/entity/Q123410197,Aistear Brewery,Factory,,
United States,Q30,http://www.wikidata.org/entity/Q123478555,New Belgium Brewing Company,Factory,,
United States,Q30,http://www.wikidata.org/entity/Q124295611,Tall Guy Brewing,Factory,,
United States,Q30,http://www.wikidata.org/entity/Q85747628,Blackstone Brewing Company,Factory,,
United States,Q30,http://www.wikidata.org/entity/Q127947434,Kindercore Vinyl,Factory,,
United States,Q30,http://www.wikidata.org/entity/Q89190159,Labrot & Graham Distillery,Factory,,
United States,Q30,http://www.wikidata.org/entity/Q19275622,Q19275622,Factory,,
United States,Q30,http://www.wikidata.org/entity/Q1407305,Coors Brewing Company,Factory,,
United States,Q30,http://www.wikidata.org/entity/Q22671642,Q22671642,Factory,,
United States,Q30,http://www.wikidata.org/entity/Q97621373,Ashby Brewing Company,Factory,,
United States,Q30,http://www.wikidata.org/entity/Q97632181,Arbor Brewing Company,Factory,,
United States,Q30,http://www.wikidata.org/entity/Q97643789,Avon Brewing Company,Factory,,
United States,Q30,http://www.wikidata.org/entity/Q97725993,Siren Rock Brewing Company,Factory,,
United States,Q30,http://www.wikidata.org/entity/Q98214962,Humble Sea,Factory,,
United States,Q30,http://www.wikidata.org/entity/Q97277450,Melchoir Brewery and Hotel Ruins,Factory,,
United States,Q30,http://www.wikidata.org/entity/Q2514583,Verdin Company,Factory,,
United States,Q30,http://www.wikidata.org/entity/Q16954934,California Faience,Factory,,
United States,Q30,http://www.wikidata.org/entity/Q489187,Anchor Brewing Company,Factory,,
United States,Q30,http://www.wikidata.org/entity/Q17084464,The Aeolian Company,Factory,,
United States,Q30,http://www.wikidata.org/entity/Q17090692,United Record Pressing,Factory,,
United States,Q30,http://www.wikidata.org/entity/Q17109454,Meneely Bell Foundry,Factory,,
United States,Q30,http://www.wikidata.org/entity/Q4835755,BJ's Restaurant & Brewery,Factory,,
United States,Q30,http://www.wikidata.org/entity/Q19278725,Early Times Distillery Company,Factory,,
United States,Q30,http://www.wikidata.org/entity/Q4865593,Barton Brands,Factory,,
United States,Q30,http://www.wikidata.org/entity/Q4889140,Benjamin Prichard's Tennessee Whiskey,Factory,,
United States,Q30,http://www.wikidata.org/entity/Q4899666,Bevin Brothers Manufacturing Company,Factory,,
United States,Q30,http://www.wikidata.org/entity/Q658637,Miller Brewing Company,Factory,,
United States,Q30,http://www.wikidata.org/entity/Q5609724,Gritty McDuff's Brewing Company,Factory,,
United States,Q30,http://www.wikidata.org/entity/Q5693422,Heath Ceramics,Factory,,
United States,Q30,http://www.wikidata.org/entity/Q6392184,Kentucky Bourbon Distillers,Factory,,
United States,Q30,http://www.wikidata.org/entity/Q6802690,McShane Bell Foundry,Factory,,
United States,Q30,http://www.wikidata.org/entity/Q7258729,Puerto Rico Iron Works,Factory,,
United States,Q30,http://www.wikidata.org/entity/Q131198969,Norco oil refinery,Factory,,
United States,Q30,http://www.wikidata.org/entity/Q131227906,St. Charles refinery,Factory,,
United States,Q30,http://www.wikidata.org/entity/Q65093792,Santa Maria Brewing Co.,Factory,,
United States,Q30,http://www.wikidata.org/entity/Q894558,Boston Beer Company,Factory,,
United States,Q30,http://www.wikidata.org/entity/Q100767897,Chili Line Brewing Company,Factory,,
United States,Q30,http://www.wikidata.org/entity/Q61747321,Palda Record Co.,Factory,,
United States,Q30,http://www.wikidata.org/entity/Q65075328,Calicraft,Factory,,
United States,Q30,http://www.wikidata.org/entity/Q65076220,Belching Beaver,Factory,,
United States,Q30,http://www.wikidata.org/entity/Q65076321,Cream City Brewing Company,Factory,,
United States,Q30,http://www.wikidata.org/entity/Q106608771,Athletic Brewing Company,Factory,,
United States,Q30,http://www.wikidata.org/entity/Q106651141,Acme Brewing Company,Factory,,
United States,Q30,http://www.wikidata.org/entity/Q107175699,Lucky Labrador Brewing Company,Factory,,
United States,Q30,http://www.wikidata.org/entity/Q107175868,Hopworks Urban Brewery,Factory,,
United States,Q30,http://www.wikidata.org/entity/Q108922557,"Escalera Production Art, Inc. 1983",Factory,,
United States,Q30,http://www.wikidata.org/entity/Q110307547,Indianapolis Brewing Company,Factory,,
United States,Q30,http://www.wikidata.org/entity/Q75326265,Saugatuck Brewing Company,Factory,,
United States,Q30,http://www.wikidata.org/entity/Q112083777,Nuckolls Brewing,Factory,,
United States,Q30,http://www.wikidata.org/entity/Q112648961,Conrad Seipp Brewing Company,Factory,,
United States,Q30,http://www.wikidata.org/entity/Q113001067,Doherty & Wadsworth,Factory,,
United States,Q30,http://www.wikidata.org/entity/Q113392400,East Brother Beer Company,Factory,,
United States,Q30,http://www.wikidata.org/entity/Q114101066,Arkansas Brewing Company,Factory,,
United States,Q30,http://www.wikidata.org/entity/Q114100937,Little Rock Brewing & Ice Company,Factory,,
United States,Q30,http://www.wikidata.org/entity/Q114226608,Blue Moon Brewing Company,Factory,,
United States,Q30,http://www.wikidata.org/entity/Q115379619,Wildcard Brewing Company,Factory,,
United States,Q30,http://www.wikidata.org/entity/Q116594630,Harlem Brewing Company,Factory,,
United States,Q30,http://www.wikidata.org/entity/Q117923822,Woods Cross Refinery,Factory,,
United States,Q30,http://www.wikidata.org/entity/Q117924978,Silver Eagle Woods Cross Refinery,Factory,,
United States,Q30,http://www.wikidata.org/entity/Q117925950,North Salt Lake Refinery,Factory,,
United States,Q30,http://www.wikidata.org/entity/Q117927358,Silver Eagle Evanston Refinery,Factory,,
United States,Q30,http://www.wikidata.org/entity/Q131843459,Dixie,Factory,,
United States,Q30,http://www.wikidata.org/entity/Q122583513,El Segundo refinery,Factory,,
United States,Q30,http://www.wikidata.org/entity/Q7995877,Whitefish Bay National Guard Armory,Factory,,
United States,Q30,http://www.wikidata.org/entity/Q7442183,Seattle Steam Company,Factory,,
United States,Q30,http://www.wikidata.org/entity/Q55575751,Q55575751,Factory,,
United States,Q30,http://www.wikidata.org/entity/Q55575774,Q55575774,Factory,,
United States,Q30,http://www.wikidata.org/entity/Q55575818,Q55575818,Factory,,
United States,Q30,http://www.wikidata.org/entity/Q55575842,Q55575842,Factory,,
United States,Q30,http://www.wikidata.org/entity/Q55575867,Q55575867,Factory,,
United States,Q30,http://www.wikidata.org/entity/Q55575886,Q55575886,Factory,,
United States,Q30,http://www.wikidata.org/entity/Q55575911,Q55575911,Factory,,
United States,Q30,http://www.wikidata.org/entity/Q55575939,Q55575939,Factory,,
United States,Q30,http://www.wikidata.org/entity/Q55575958,Q55575958,Factory,,
United States,Q30,http://www.wikidata.org/entity/Q55575980,Q55575980,Factory,,
United States,Q30,http://www.wikidata.org/entity/Q55576000,Q55576000,Factory,,
United States,Q30,http://www.wikidata.org/entity/Q55576024,Q55576024,Factory,,
United States,Q30,http://www.wikidata.org/entity/Q55576046,Q55576046,Factory,,
United States,Q30,http://www.wikidata.org/entity/Q55576068,Q55576068,Factory,,
United States,Q30,http://www.wikidata.org/entity/Q55576126,Q55576126,Factory,,
United States,Q30,http://www.wikidata.org/entity/Q55576142,Q55576142,Factory,,
United States,Q30,http://www.wikidata.org/entity/Q55576167,Q55576167,Factory,,
United States,Q30,http://www.wikidata.org/entity/Q55576190,Q55576190,Factory,,
United States,Q30,http://www.wikidata.org/entity/Q55576205,Q55576205,Factory,,
United States,Q30,http://www.wikidata.org/entity/Q55576226,Q55576226,Factory,,
United States,Q30,http://www.wikidata.org/entity/Q55576278,Q55576278,Factory,,
United States,Q30,http://www.wikidata.org/entity/Q55576298,Q55576298,Factory,,
United States,Q30,http://www.wikidata.org/entity/Q55576315,Q55576315,Factory,,
United States,Q30,http://www.wikidata.org/entity/Q55576334,Q55576334,Factory,,
United States,Q30,http://www.wikidata.org/entity/Q55576347,Q55576347,Factory,,
United States,Q30,http://www.wikidata.org/entity/Q55576364,Q55576364,Factory,,
United States,Q30,http://www.wikidata.org/entity/Q55576381,Q55576381,Factory,,
United States,Q30,http://www.wikidata.org/entity/Q55576397,Q55576397,Factory,,
United States,Q30,http://www.wikidata.org/entity/Q55576414,Q55576414,Factory,,
United States,Q30,http://www.wikidata.org/entity/Q55576435,Q55576435,Factory,,
United States,Q30,http://www.wikidata.org/entity/Q55576457,Q55576457,Factory,,
United States,Q30,http://www.wikidata.org/entity/Q55576475,Q55576475,Factory,,
United States,Q30,http://www.wikidata.org/entity/Q55576486,Q55576486,Factory,,
United States,Q30,http://www.wikidata.org/entity/Q55576504,Q55576504,Factory,,
United States,Q30,http://www.wikidata.org/entity/Q55576520,Q55576520,Factory,,
United States,Q30,http://www.wikidata.org/entity/Q55576534,Q55576534,Factory,,
United States,Q30,http://www.wikidata.org/entity/Q55576548,Q55576548,Factory,,
United States,Q30,http://www.wikidata.org/entity/Q55576561,Q55576561,Factory,,
United States,Q30,http://www.wikidata.org/entity/Q55576576,Q55576576,Factory,,
United States,Q30,http://www.wikidata.org/entity/Q55576592,Q55576592,Factory,,
United States,Q30,http://www.wikidata.org/entity/Q55576613,Q55576613,Factory,,
United States,Q30,http://www.wikidata.org/entity/Q55576641,Q55576641,Factory,,
United States,Q30,http://www.wikidata.org/entity/Q55576669,Q55576669,Factory,,
United States,Q30,http://www.wikidata.org/entity/Q55576693,Q55576693,Factory,,
United States,Q30,http://www.wikidata.org/entity/Q55576711,Q55576711,Factory,,
United States,Q30,http://www.wikidata.org/entity/Q55576725,Q55576725,Factory,,
United States,Q30,http://www.wikidata.org/entity/Q55576741,Q55576741,Factory,,
United States,Q30,http://www.wikidata.org/entity/Q55576755,Q55576755,Factory,,
United States,Q30,http://www.wikidata.org/entity/Q55576772,Q55576772,Factory,,
United States,Q30,http://www.wikidata.org/entity/Q55576802,Q55576802,Factory,,
United States,Q30,http://www.wikidata.org/entity/Q55576896,Q55576896,Factory,,
United States,Q30,http://www.wikidata.org/entity/Q55576897,Q55576897,Factory,,
United States,Q30,http://www.wikidata.org/entity/Q60696241,"Crown Zellerbach Paper Mill (Port Townsend, Washington)",Factory,,
United States,Q30,http://www.wikidata.org/entity/Q108669243,Tyler Graphics,Factory,,
United States,Q30,http://www.wikidata.org/entity/Q127016693,Q127016693,Factory,,
United States,Q30,http://www.wikidata.org/entity/Q114125135,Escanaba Mill,Factory,,
United States,Q30,http://www.wikidata.org/entity/Q114130816,Wisconsin Rapids Paper Mill,Factory,,
United States,Q30,http://www.wikidata.org/entity/Q94673717,Vanduzen & Tift Company,Factory,,
United States,Q30,http://www.wikidata.org/entity/Q1519410,Marlin Firearms,Factory,,
United States,Q30,http://www.wikidata.org/entity/Q95525602,Baccellieri Brothers Manufacturing Company,Factory,,
United States,Q30,http://www.wikidata.org/entity/Q95984058,Henry-Bonnard Bronze Company,Factory,,
United States,Q30,http://www.wikidata.org/entity/Q16964244,Phoenix Iron Works,Factory,,
United States,Q30,http://www.wikidata.org/entity/Q4816433,Atlantic Foundry Company,Factory,,
United States,Q30,http://www.wikidata.org/entity/Q5611948,Grueby Faience Company,Factory,,
United States,Q30,http://www.wikidata.org/entity/Q21551083,Nambé Foundry,Factory,,
United States,Q30,http://www.wikidata.org/entity/Q6203956,"Jno. Williams, Inc.",Factory,,
United States,Q30,http://www.wikidata.org/entity/Q7361602,Roman Bronze Works,Factory,,
United States,Q30,http://www.wikidata.org/entity/Q48796175,American Bronze Company,Factory,,
United States,Q30,http://www.wikidata.org/entity/Q93606428,R.D. Cole Manufacturing Company,Factory,,
United States,Q30,http://www.wikidata.org/entity/Q98489446,Derby Refinery,Factory,,
United States,Q30,http://www.wikidata.org/entity/Q2695932,Stumptown Coffee Roasters,Factory,,
United States,Q30,http://www.wikidata.org/entity/Q16952206,Counter Culture Coffee,Factory,,
United States,Q30,http://www.wikidata.org/entity/Q17000871,Dwinell-Wright Company,Factory,,
United States,Q30,http://www.wikidata.org/entity/Q4928917,Blue Bottle Coffee Company,Factory,,
United States,Q30,http://www.wikidata.org/entity/Q6168312,Jazz Semiconductor,Factory,,
United States,Q30,http://www.wikidata.org/entity/Q23461663,La Colombe Coffee Roasters,Factory,,
United States,Q30,http://www.wikidata.org/entity/Q7761184,The Roasterie,Factory,,
United States,Q30,http://www.wikidata.org/entity/Q131827293,Kerosene Gaslight Company,Factory,,
United States,Q30,http://www.wikidata.org/entity/Q43080765,Revelator Coffee,Factory,,
United States,Q30,http://www.wikidata.org/entity/Q65295448,Bethlehem Steel Works,Factory,,
United States,Q30,http://www.wikidata.org/entity/Q59564117,Kaiser Steel Mill,Factory,,
United States,Q30,http://www.wikidata.org/entity/Q101131123,Convent Refinery,Factory,,
United States,Q30,http://www.wikidata.org/entity/Q64005031,Black Rifle Coffee Company,Factory,,
United States,Q30,http://www.wikidata.org/entity/Q104420031,J.K. Mosser Company,Factory,,
United States,Q30,http://www.wikidata.org/entity/Q104661385,"J.K. Mosser Company, Williamsport Branch",Factory,,
United States,Q30,http://www.wikidata.org/entity/Q98526175,El Dorado Refinery,Factory,,
United States,Q30,http://www.wikidata.org/entity/Q109831144,Alliance Refinery,Factory,,
United States,Q30,http://www.wikidata.org/entity/Q110580207,Klosterman Baking Company,Factory,,
United States,Q30,http://www.wikidata.org/entity/Q113109008,Manistique Tannery,Factory,,
United States,Q30,http://www.wikidata.org/entity/Q120280379,Grover Shoe Factory,Factory,,
United States,Q30,http://www.wikidata.org/entity/Q113133279,P.C. Dummer Glass Company,Factory,,
United States,Q30,http://www.wikidata.org/entity/Q117115775,T. C. Wheaton Company,Factory,,
United States,Q30,http://www.wikidata.org/entity/Q117527023,"Art Medals, Inc.",Factory,,
United States,Q30,http://www.wikidata.org/entity/Q105370353,Glass House,Factory,,
United States,Q30,http://www.wikidata.org/entity/Q97695203,Pitkin Glassworks,Factory,,
United States,Q30,http://www.wikidata.org/entity/Q97132966,A. J. Beatty & Sons,Factory,,
United States,Q30,http://www.wikidata.org/entity/Q98023497,Phoenix Glass Works,Factory,,
United States,Q30,http://www.wikidata.org/entity/Q98930267,Consolidated Timber Company,Factory,,
United States,Q30,http://www.wikidata.org/entity/Q371068,Jack Daniel's,Factory,,
United States,Q30,http://www.wikidata.org/entity/Q5491698,Franklin Mint,Factory,,
United States,Q30,http://www.wikidata.org/entity/Q16993963,Garner Mill,Factory,,
United States,Q30,http://www.wikidata.org/entity/Q17083157,New England Glass Company,Factory,,
United States,Q30,http://www.wikidata.org/entity/Q4849347,Bakewell glass,Factory,,
United States,Q30,http://www.wikidata.org/entity/Q4923641,Blackwood distillery,Factory,,
United States,Q30,http://www.wikidata.org/entity/Q4972901,Brockway Glass Company,Factory,,
United States,Q30,http://www.wikidata.org/entity/Q21411043,Jersey Spirits Distilling Co.,Factory,,
United States,Q30,http://www.wikidata.org/entity/Q6184867,Jersey Glass Company,Factory,,
United States,Q30,http://www.wikidata.org/entity/Q130383024,Three Weavers Brewing Company,Factory,,
United States,Q30,http://www.wikidata.org/entity/Q7999666,Wigle Whiskey,Factory,,
United States,Q30,http://www.wikidata.org/entity/Q130943991,McKee & Brothers,Factory,,
United States,Q30,http://www.wikidata.org/entity/Q133458754,Parker County Brewing Company,Factory,,
United States,Q30,http://www.wikidata.org/entity/Q134289522,Newark Armory,Factory,,
United States,Q30,http://www.wikidata.org/entity/Q134977995,Potlatch Lumber Company,Factory,,
United States,Q30,http://www.wikidata.org/entity/Q109406200,Page Mill,Factory,,
United States,Q30,http://www.wikidata.org/entity/Q56033713,Adams and Company,Factory,,
United States,Q30,http://www.wikidata.org/entity/Q97874893,Quezal Art Glass and Decorating Company,Factory,,
United States,Q30,http://www.wikidata.org/entity/Q60432940,Joy Mill,Factory,,
United States,Q30,http://www.wikidata.org/entity/Q106216046,Brooklyn Naval Armory,Factory,,
United States,Q30,http://www.wikidata.org/entity/Q108806329,New Britain State Armory,Factory,,
United States,Q30,http://www.wikidata.org/entity/Q109016692,Danville City Armory,Factory,,
United States,Q30,http://www.wikidata.org/entity/Q110693127,AAA Precious Metals,Factory,,
Brückl,Q662453,http://www.wikidata.org/entity/Q120401587,Q120401587,Factory,,
Tanzania,Q924,http://www.wikidata.org/entity/Q66685252,Q66685252,Factory,,
Sudan,Q1049,http://www.wikidata.org/entity/Q12243506,Q12243506,Factory,,
Sudan,Q1049,http://www.wikidata.org/entity/Q85875343,Q85875343,Factory,,
Colombia,Q739,http://www.wikidata.org/entity/Q111398526,Fábrica de Moneda de Ibagué,Factory,,
Kuwait,Q817,http://www.wikidata.org/entity/Q29514016,Q29514016,Factory,,
Kuwait,Q817,http://www.wikidata.org/entity/Q29514033,Mina Abd Allah,Factory,,
Kuwait,Q817,http://www.wikidata.org/entity/Q29513970,Shuaiba refinery,Factory,,
Kuwait,Q817,http://www.wikidata.org/entity/Q4705016,Al Zour Refinery,Factory,,
Kuwait,Q817,http://www.wikidata.org/entity/Q114302189,Mina Al Ahmadi refinery,Factory,,
Greece,Q41,http://www.wikidata.org/entity/Q127430498,Kallistai,Factory,,
Greece,Q41,http://www.wikidata.org/entity/Q127430188,Elisphasii,Factory,,
Greece,Q41,http://www.wikidata.org/entity/Q127430784,Myrina,Factory,,
Greece,Q41,http://www.wikidata.org/entity/Q127430807,Naxus,Factory,,
Greece,Q41,http://www.wikidata.org/entity/Q4789957,Argyrocopeum,Factory,,
Greece,Q41,http://www.wikidata.org/entity/Q127429840,Callista,Factory,,
Greece,Q41,http://www.wikidata.org/entity/Q113799943,Uncertain Mint 3,Factory,,
Greece,Q41,http://www.wikidata.org/entity/Q127429597,Apollonia in Aetolia,Factory,,
Greece,Q41,http://www.wikidata.org/entity/Q113799951,Uncertain Mint 4,Factory,,
Greece,Q41,http://www.wikidata.org/entity/Q127429948,Cithus (?),Factory,,
Greece,Q41,http://www.wikidata.org/entity/Q111462304,The National Mint of the Bank of Greece,Factory,,
Greece,Q41,http://www.wikidata.org/entity/Q89686198,Olympic Brewery,Factory,,
Greece,Q41,http://www.wikidata.org/entity/Q1129508,Fix Beer,Factory,,
Greece,Q41,http://www.wikidata.org/entity/Q19800750,Q19800750,Factory,,
Greece,Q41,http://www.wikidata.org/entity/Q1637028,Mythos Beer,Factory,,
Greece,Q41,http://www.wikidata.org/entity/Q16329060,Mamos Beer,Factory,,
Greece,Q41,http://www.wikidata.org/entity/Q4034524,Athenian Brewery,Factory,,
Greece,Q41,http://www.wikidata.org/entity/Q12877510,Macedonian Thrace Brewery,Factory,,
Greece,Q41,http://www.wikidata.org/entity/Q7160935,Peiraiki,Factory,,
Greece,Q41,http://www.wikidata.org/entity/Q7603020,State Aircraft Factory,Factory,,
Greece,Q41,http://www.wikidata.org/entity/Q56279919,Santorini Brewing Company,Factory,,
German Democratic Republic,Q16957,http://www.wikidata.org/entity/Q123129172,VEB Stern-Radio Staßfurt,Factory,,
German Democratic Republic,Q16957,http://www.wikidata.org/entity/Q123132682,VEB Stern-Radio Sonneberg,Factory,,
German Democratic Republic,Q16957,http://www.wikidata.org/entity/Q598129,Q598129,Factory,,
German Democratic Republic,Q16957,http://www.wikidata.org/entity/Q996897,Q996897,Factory,,
German Democratic Republic,Q16957,http://www.wikidata.org/entity/Q123457896,Bernhard Böttger,Factory,,
German Democratic Republic,Q16957,http://www.wikidata.org/entity/Q1395216,Q1395216,Factory,,
German Democratic Republic,Q16957,http://www.wikidata.org/entity/Q2359912,Q2359912,Factory,,
German Democratic Republic,Q16957,http://www.wikidata.org/entity/Q2363148,Q2363148,Factory,,
German Democratic Republic,Q16957,http://www.wikidata.org/entity/Q85414456,VEB Plasta Erkner,Factory,,
German Democratic Republic,Q16957,http://www.wikidata.org/entity/Q86604575,Schilling & Lattermann,Factory,,
German Democratic Republic,Q16957,http://www.wikidata.org/entity/Q1921788,Merkel,Factory,,
German Democratic Republic,Q16957,http://www.wikidata.org/entity/Q1248218,Brauerei Fiedler,Factory,,
German Democratic Republic,Q16957,http://www.wikidata.org/entity/Q1309106,Einsiedler Brauhaus,Factory,,
German Democratic Republic,Q16957,http://www.wikidata.org/entity/Q879422,Sternburg,Factory,,
German Democratic Republic,Q16957,http://www.wikidata.org/entity/Q1417055,Meininger Privatbrauerei,Factory,,
German Democratic Republic,Q16957,http://www.wikidata.org/entity/Q1494298,Garley,Factory,,
German Democratic Republic,Q16957,http://www.wikidata.org/entity/Q1520354,Heliradio,Factory,,
German Democratic Republic,Q16957,http://www.wikidata.org/entity/Q1532749,Glückauf-Brauerei,Factory,,
German Democratic Republic,Q16957,http://www.wikidata.org/entity/Q1915708,Mecklenburgische Brauerei Lübz,Factory,,
German Democratic Republic,Q16957,http://www.wikidata.org/entity/Q2105498,Porzellanmanufaktur (Stadtlengsfeld),Factory,,
German Democratic Republic,Q16957,http://www.wikidata.org/entity/Q2111049,Privatbrauerei Specht,Factory,,
German Democratic Republic,Q16957,http://www.wikidata.org/entity/Q2111099,Private Traditionsbrauerei Meyer,Factory,,
German Democratic Republic,Q16957,http://www.wikidata.org/entity/Q2328968,VEB Stahl- und Walzwerk Gröditz,Factory,,
German Democratic Republic,Q16957,http://www.wikidata.org/entity/Q2515161,Vereinsbrauerei Apolda,Factory,,
German Democratic Republic,Q16957,http://www.wikidata.org/entity/Q314054,Köstritzer,Factory,,
German Democratic Republic,Q16957,http://www.wikidata.org/entity/Q821688,Berliner Pilsner,Factory,,
German Democratic Republic,Q16957,http://www.wikidata.org/entity/Q880118,Neuzeller Kloster Brewery,Factory,,
German Democratic Republic,Q16957,http://www.wikidata.org/entity/Q883366,Blechwalzwerk Olbernhau,Factory,,
German Democratic Republic,Q16957,http://www.wikidata.org/entity/Q900469,Braugold,Factory,,
German Democratic Republic,Q16957,http://www.wikidata.org/entity/Q100785335,Q100785335,Factory,,
German Democratic Republic,Q16957,http://www.wikidata.org/entity/Q105162729,Q105162729,Factory,,
German Democratic Republic,Q16957,http://www.wikidata.org/entity/Q111174372,Q111174372,Factory,,
German Democratic Republic,Q16957,http://www.wikidata.org/entity/Q111264453,Q111264453,Factory,,
German Democratic Republic,Q16957,http://www.wikidata.org/entity/Q67196834,Strehla Keramik,Factory,,
German Democratic Republic,Q16957,http://www.wikidata.org/entity/Q70126314,VEB Keramische Werke Haldensleben,Factory,,
German Democratic Republic,Q16957,http://www.wikidata.org/entity/Q116447199,Q116447199,Factory,,
German Democratic Republic,Q16957,http://www.wikidata.org/entity/Q131784426,Q131784426,Factory,,
Bosnia and Herzegovina,Q225,http://www.wikidata.org/entity/Q16088259,Q16088259,Factory,,
Bosnia and Herzegovina,Q225,http://www.wikidata.org/entity/Q2882546,Banjalučka Pivara,Factory,,
Bosnia and Herzegovina,Q225,http://www.wikidata.org/entity/Q4907112,Bihaćka Pivovara,Factory,,
Bosnia and Herzegovina,Q225,http://www.wikidata.org/entity/Q6471508,Sarajevska Pivara,Factory,,
Bosnia and Herzegovina,Q225,http://www.wikidata.org/entity/Q7199629,Pivara Tuzla,Factory,,
Bosnia and Herzegovina,Q225,http://www.wikidata.org/entity/Q108922675,Ziatar Sarajevo,Factory,,
Kyrgyzstan,Q813,http://www.wikidata.org/entity/Q121843034,Kaindy-Kant sugar factory,Factory,,
New Zealand,Q664,http://www.wikidata.org/entity/Q121572329,McSkimming and Son,Factory,,
New Zealand,Q664,http://www.wikidata.org/entity/Q97888311,Emilio's Cheese,Factory,,
New Zealand,Q664,http://www.wikidata.org/entity/Q2308687,Speight's,Factory,,
New Zealand,Q664,http://www.wikidata.org/entity/Q5602846,Green Man Brewery,Factory,,
New Zealand,Q664,http://www.wikidata.org/entity/Q5664535,Harrington's Breweries,Factory,,
New Zealand,Q664,http://www.wikidata.org/entity/Q22236240,Moa Brewing Company,Factory,,
New Zealand,Q664,http://www.wikidata.org/entity/Q6412158,King Worldwide,Factory,,
New Zealand,Q664,http://www.wikidata.org/entity/Q7015508,New Zealand Motor Corporation,Factory,,
New Zealand,Q664,http://www.wikidata.org/entity/Q8051008,Yeastie Boys,Factory,,
New Zealand,Q664,http://www.wikidata.org/entity/Q50827943,Garage Project,Factory,,
New Zealand,Q664,http://www.wikidata.org/entity/Q104628014,New Zealand Breweries Ltd,Factory,,
Togo,Q945,http://www.wikidata.org/entity/Q123693814,Adetikope industrial platform (PIA),Factory,,
Afghanistan,Q889,http://www.wikidata.org/entity/Q127431539,Uncertain Mint 13,Factory,,
Afghanistan,Q889,http://www.wikidata.org/entity/Q127431549,Uncertain Mint 20,Factory,,
Russian Socialist Federative Soviet Republic,Q2305208,http://www.wikidata.org/entity/Q65300310,Q65300310,Factory,,
Kingdom of Westphalia,Q153943,http://www.wikidata.org/entity/Q134583533,Q134583533,Factory,,
Belize,Q242,http://www.wikidata.org/entity/Q21196391,Corozal Sugar Factory,Factory,,
Slovakia,Q214,http://www.wikidata.org/entity/Q9180090,Q9180090,Factory,,
Slovakia,Q214,http://www.wikidata.org/entity/Q112092816,Q112092816,Factory,,
Slovakia,Q214,http://www.wikidata.org/entity/Q112094591,Q112094591,Factory,,
Slovakia,Q214,http://www.wikidata.org/entity/Q112094711,Q112094711,Factory,,
Slovakia,Q214,http://www.wikidata.org/entity/Q112100140,Q112100140,Factory,,
Slovakia,Q214,http://www.wikidata.org/entity/Q112100723,Q112100723,Factory,,
Slovakia,Q214,http://www.wikidata.org/entity/Q112103998,Q112103998,Factory,,
Kingdom of Great Britain,Q161885,http://www.wikidata.org/entity/Q98027153,Phoenix Glass Works,Factory,,
Kingdom of Great Britain,Q161885,http://www.wikidata.org/entity/Q16965815,Calvert & Co,Factory,,
Kingdom of Great Britain,Q161885,http://www.wikidata.org/entity/Q28837082,Hay Mills,Factory,,
Kingdom of the Netherlands,Q29999,http://www.wikidata.org/entity/Q126947093,N.V. Tiglia Kleiwarenfabriek,Factory,,
Kingdom of the Netherlands,Q29999,http://www.wikidata.org/entity/Q126963658,Gebr. van Cleef Dakpannenfabriek,Factory,,
Kingdom of the Netherlands,Q29999,http://www.wikidata.org/entity/Q127430921,Overijsel,Factory,,
Kingdom of Bavaria,Q154195,http://www.wikidata.org/entity/Q1529599,Glashütte Schliersee,Factory,,
Kingdom of Bavaria,Q154195,http://www.wikidata.org/entity/Q107434187,Kunstverlag Franz Hanfstaengl,Factory,,
Kingdom of Bavaria,Q154195,http://www.wikidata.org/entity/Q108922420,L. Chr. Lauer,Factory,,
Kingdom of Bavaria,Q154195,http://www.wikidata.org/entity/Q134350805,Q134350805,Factory,,
Kingdom of France,Q70972,http://www.wikidata.org/entity/Q97398058,Manufacture de Cristaux et Emaux de la Reine,Factory,,
Kingdom of France,Q70972,http://www.wikidata.org/entity/Q97576713,Etoilles Porcelain,Factory,,
Kingdom of France,Q70972,http://www.wikidata.org/entity/Q78244297,Workshop of Raphaël de la Planche,Factory,,
Kingdom of France,Q70972,http://www.wikidata.org/entity/Q98548706,Bellevue,Factory,,
Kingdom of France,Q70972,http://www.wikidata.org/entity/Q97368038,Les Islettes,Factory,,
Kingdom of France,Q70972,http://www.wikidata.org/entity/Q97572894,Creil Pottery,Factory,,
Kingdom of France,Q70972,http://www.wikidata.org/entity/Q98447362,Samadet Pottery,Factory,,
Kingdom of France,Q70972,http://www.wikidata.org/entity/Q100969259,Manufacture royale de tapis d'Aubusson,Factory,,
Kingdom of France,Q70972,http://www.wikidata.org/entity/Q80846596,Felletin workshops,Factory,,
Electorate of Saxony,Q156199,http://www.wikidata.org/entity/Q22671657,Q22671657,Factory,,
Kingdom of Italy,Q172579,http://www.wikidata.org/entity/Q3747253,Q3747253,Factory,,
Kingdom of Italy,Q172579,http://www.wikidata.org/entity/Q24942189,Birra Cervisia,Factory,,
Kingdom of Italy,Q172579,http://www.wikidata.org/entity/Q108653600,Ditta Raimondo Vivarelli,Factory,,
Kingdom of Italy,Q172579,http://www.wikidata.org/entity/Q109943034,Lanificio Forti de L'Isola,Factory,,
Liechtenstein,Q347,http://www.wikidata.org/entity/Q2520981,Liechtensteiner Brauhaus,Factory,,
Iceland,Q189,http://www.wikidata.org/entity/Q16421889,Q16421889,Factory,,
Iceland,Q189,http://www.wikidata.org/entity/Q19372658,Einstök,Factory,,
Iceland,Q189,http://www.wikidata.org/entity/Q5032468,Víking Ölgerð,Factory,,
Iceland,Q189,http://www.wikidata.org/entity/Q65337089,Aluminium factory in Straumsvík,Factory,,
Austrian Empire,Q131964,http://www.wikidata.org/entity/Q279219,A. Weiser & Sohn,Factory,,
Austrian Empire,Q131964,http://www.wikidata.org/entity/Q9180155,Lvivska Brewery,Factory,,
Austrian Empire,Q131964,http://www.wikidata.org/entity/Q48337694,Antonín Jelínek a syn,Factory,,
Socialist Federal Republic of Yugoslavia,Q83286,http://www.wikidata.org/entity/Q94540816,Mariborska tekstilna tovarna,Factory,,
Belgian Congo,Q213510,http://www.wikidata.org/entity/Q2924067,Katanga breweries,Factory,,
Germany,Q183,http://www.wikidata.org/entity/Q65695393,Q65695393,Factory,,
Germany,Q183,http://www.wikidata.org/entity/Q65971515,Firma Theodor Fahrner,Factory,,
Germany,Q183,http://www.wikidata.org/entity/Q66504177,Berlin Aniline Works,Factory,,
Germany,Q183,http://www.wikidata.org/entity/Q53955904,Brendel manufactory,Factory,,
Germany,Q183,http://www.wikidata.org/entity/Q48755937,Q48755937,Factory,,
Germany,Q183,http://www.wikidata.org/entity/Q49454411,Q49454411,Factory,,
Germany,Q183,http://www.wikidata.org/entity/Q49454415,August Wellner Söhne,Factory,,
Germany,Q183,http://www.wikidata.org/entity/Q57313003,Firma Heinrich Levinger,Factory,,
Germany,Q183,http://www.wikidata.org/entity/Q54989117,SANAA Logistics and Production Hall,Factory,,
Germany,Q183,http://www.wikidata.org/entity/Q107434187,Kunstverlag Franz Hanfstaengl,Factory,,
Germany,Q183,http://www.wikidata.org/entity/Q1028541,Q1028541,Factory,,
Germany,Q183,http://www.wikidata.org/entity/Q1309080,Q1309080,Factory,,
Germany,Q183,http://www.wikidata.org/entity/Q1815586,Q1815586,Factory,,
Germany,Q183,http://www.wikidata.org/entity/Q2596078,Q2596078,Factory,,
Germany,Q183,http://www.wikidata.org/entity/Q1022451,C. Deffner,Factory,,
Germany,Q183,http://www.wikidata.org/entity/Q4892638,Q4892638,Factory,,
Germany,Q183,http://www.wikidata.org/entity/Q277380,Blüthner,Factory,,
Germany,Q183,http://www.wikidata.org/entity/Q1370840,Eszet,Factory,,
Germany,Q183,http://www.wikidata.org/entity/Q2032039,Ortlieb,Factory,,
Germany,Q183,http://www.wikidata.org/entity/Q1191970,Depyfag,Factory,,
Germany,Q183,http://www.wikidata.org/entity/Q1249559,Union-Eisenwerke,Factory,,
Germany,Q183,http://www.wikidata.org/entity/Q1253028,Dow Wolff Cellulosics,Factory,,
Germany,Q183,http://www.wikidata.org/entity/Q1271028,Döhrener Wollwäscherei und -kämmerei,Factory,,
Germany,Q183,http://www.wikidata.org/entity/Q1695377,Paul Hunaeus,Factory,,
Germany,Q183,http://www.wikidata.org/entity/Q187748,Zeller Keramik,Factory,,
Germany,Q183,http://www.wikidata.org/entity/Q1721037,Café HAG,Factory,,
Germany,Q183,http://www.wikidata.org/entity/Q1742057,Papierfabrik Penig,Factory,,
Germany,Q183,http://www.wikidata.org/entity/Q697933,Mittelwerk,Factory,,
Germany,Q183,http://www.wikidata.org/entity/Q2160762,Victoria Heidenau,Factory,,
Germany,Q183,http://www.wikidata.org/entity/Q2335063,Staßfurter Rundfunk,Factory,,
Germany,Q183,http://www.wikidata.org/entity/Q2459083,Ehemalige Tuchfabrik Hasselbach & Westerkamp,Factory,,
Germany,Q183,http://www.wikidata.org/entity/Q12902194,Stoeck,Factory,,
Germany,Q183,http://www.wikidata.org/entity/Q2539146,Hansa Waggonbau,Factory,,
Germany,Q183,http://www.wikidata.org/entity/Q2576405,Wilkens & Söhne,Factory,,
Germany,Q183,http://www.wikidata.org/entity/Q2595301,Wurstfabrik Fritz Ahrberg,Factory,,
Germany,Q183,http://www.wikidata.org/entity/Q822381,DÜWAG,Factory,,
Germany,Q183,http://www.wikidata.org/entity/Q315386,Terrot,Factory,,
Germany,Q183,http://www.wikidata.org/entity/Q15855660,Q15855660,Factory,,
Germany,Q183,http://www.wikidata.org/entity/Q1807447,Lauffenmühle,Factory,,
Germany,Q183,http://www.wikidata.org/entity/Q25374338,Q25374338,Factory,,
Germany,Q183,http://www.wikidata.org/entity/Q227844,Nathusius Zuckerfabrik,Factory,,
Germany,Q183,http://www.wikidata.org/entity/Q32469524,Q32469524,Factory,,
Germany,Q183,http://www.wikidata.org/entity/Q18333592,Ilsenburger Grobblech GmbH,Factory,,
Germany,Q183,http://www.wikidata.org/entity/Q18946140,MAN-Werk Gustavsburg,Factory,,
Germany,Q183,http://www.wikidata.org/entity/Q20972947,Zuckerraffinerie,Factory,,
Germany,Q183,http://www.wikidata.org/entity/Q28228100,Spandau Arsenal,Factory,,
Germany,Q183,http://www.wikidata.org/entity/Q42469781,Zuckerfabrik Warburg,Factory,,
Germany,Q183,http://www.wikidata.org/entity/Q108790336,Q108790336,Factory,,
Germany,Q183,http://www.wikidata.org/entity/Q106268420,Pommersche Provinzial-Zuckersiederei,Factory,,
Germany,Q183,http://www.wikidata.org/entity/Q113854258,Zuckerfabrik,Factory,,
Germany,Q183,http://www.wikidata.org/entity/Q113822013,Zuckerfabrik Gröningen,Factory,,
Germany,Q183,http://www.wikidata.org/entity/Q119581871,Zuckerfabrik Güstrow,Factory,,
Germany,Q183,http://www.wikidata.org/entity/Q127689169,Q127689169,Factory,,
Germany,Q183,http://www.wikidata.org/entity/Q67186195,Portland-Cementfabrik Germania,Factory,,
Germany,Q183,http://www.wikidata.org/entity/Q107136789,Bonner Zementwerk,Factory,,
Germany,Q183,http://www.wikidata.org/entity/Q22137974,Hannoversche Portland-Cementfabrik,Factory,,
Germany,Q183,http://www.wikidata.org/entity/Q41793804,Mercedes-Benz-Werk Berlin,Factory,,
Germany,Q183,http://www.wikidata.org/entity/Q61894777,Zementwerk Berching,Factory,,
Germany,Q183,http://www.wikidata.org/entity/Q67186805,Anneliese Zementwerke AG,Factory,,
Germany,Q183,http://www.wikidata.org/entity/Q107102829,Ebano Asphalt-AG,Factory,,
Germany,Q183,http://www.wikidata.org/entity/Q110606477,Zementwerk Wössingen,Factory,,
Germany,Q183,http://www.wikidata.org/entity/Q134983148,Q134983148,Factory,,
Germany,Q183,http://www.wikidata.org/entity/Q1663289,Q1663289,Factory,,
Germany,Q183,http://www.wikidata.org/entity/Q878182,Frankenthal Porcelain Factory,Factory,,
Germany,Q183,http://www.wikidata.org/entity/Q430822,Hutschenreuther,Factory,,
Germany,Q183,http://www.wikidata.org/entity/Q2105509,Nathusius Porzellanfabrik,Factory,,
Germany,Q183,http://www.wikidata.org/entity/Q21725389,Q21725389,Factory,,
Germany,Q183,http://www.wikidata.org/entity/Q1784280,Witteburg,Factory,,
Germany,Q183,http://www.wikidata.org/entity/Q109404253,Düsseldorfer Tonwarenfabrik Aktien Gesellschaft (D.T.-AG),Factory,,
Germany,Q183,http://www.wikidata.org/entity/Q2105490,Ludwigsburg Porcelain Manufactory,Factory,,
Germany,Q183,http://www.wikidata.org/entity/Q2105491,Porzellan- und Steingutfabrik Ludwig Wessel,Factory,,
Germany,Q183,http://www.wikidata.org/entity/Q2105539,Porzellanmanufaktur Scheibe-Alsbach,Factory,,
Germany,Q183,http://www.wikidata.org/entity/Q268878,Nymphenburg Porcelain Manufactory,Factory,,
Germany,Q183,http://www.wikidata.org/entity/Q516134,Royal Porcelain Manufactory,Factory,,
Germany,Q183,http://www.wikidata.org/entity/Q19964914,Trierer Porzellanmanufaktur,Factory,,
Germany,Q183,http://www.wikidata.org/entity/Q21036532,"Fürstlich Nassau-Saarbrückische Porzellanmanufaktur (Ottweiler, Germany)",Factory,,
Germany,Q183,http://www.wikidata.org/entity/Q697534,Staatliches Hofbräuhaus in München,Factory,,
Germany,Q183,http://www.wikidata.org/entity/Q26794833,Porzellan-Fabriken Gebrüder o.H.G. Schoenau Swaine & Co,Factory,,
Germany,Q183,http://www.wikidata.org/entity/Q873891,Lyra pencils,Factory,,
Germany,Q183,http://www.wikidata.org/entity/Q895611,Fürstenberg China,Factory,,
Germany,Q183,http://www.wikidata.org/entity/Q31840435,Porzellanmanufaktur Gotha,Factory,,
Germany,Q183,http://www.wikidata.org/entity/Q123374940,Q123374940,Factory,,
Germany,Q183,http://www.wikidata.org/entity/Q47457072,F. A. Schumann Berlin,Factory,,
Germany,Q183,http://www.wikidata.org/entity/Q103925853,Bavaria-Porzellan,Factory,,
Germany,Q183,http://www.wikidata.org/entity/Q63967562,Porzellanfabrik Sorau,Factory,,
Germany,Q183,http://www.wikidata.org/entity/Q105964404,Schumann Bavaria,Factory,,
Germany,Q183,http://www.wikidata.org/entity/Q106840536,Vetter,Factory,,
Germany,Q183,http://www.wikidata.org/entity/Q107095001,Firma Thomas,Factory,,
Germany,Q183,http://www.wikidata.org/entity/Q6795,Dresden Porcelain,Factory,,
Germany,Q183,http://www.wikidata.org/entity/Q108910531,Alt. Beck & Gottschalck,Factory,,
Germany,Q183,http://www.wikidata.org/entity/Q109404298,M.O. & P.F. vormals C. Teichert Meissner Ofen- und Porzellanfabrik,Factory,,
Germany,Q183,http://www.wikidata.org/entity/Q109404321,Ofen- und Porzellanfabrik GmbH Ernst Teichert,Factory,,
Germany,Q183,http://www.wikidata.org/entity/Q109404359,Tonindustrie Albertwerke GmbH Worms und Offstein,Factory,,
Germany,Q183,http://www.wikidata.org/entity/Q109404360,Tonindustrie Offstein Albert Werke GMBH,Factory,,
Germany,Q183,http://www.wikidata.org/entity/Q109939802,Steingutfabrik Franz Anton Mehlem,Factory,,
Germany,Q183,http://www.wikidata.org/entity/Q109940183,porcelain factory Franz Junkersdorf,Factory,,
Germany,Q183,http://www.wikidata.org/entity/Q110076550,Porzellanfabrik Suhl,Factory,,
Germany,Q183,http://www.wikidata.org/entity/Q110076551,Porzellanfabrik Paul Müller,Factory,,
Germany,Q183,http://www.wikidata.org/entity/Q110076554,Porseleinfabriek Wallendorf,Factory,,
Germany,Q183,http://www.wikidata.org/entity/Q110076549,Volkstedter Porzellan-Manufaktur Reinhold Richter GmbH,Factory,,
Germany,Q183,http://www.wikidata.org/entity/Q110084677,Steinpappe-Fabrik van A.Bosch,Factory,,
Germany,Q183,http://www.wikidata.org/entity/Q110245049,Meyle & Mayer,Factory,,
Germany,Q183,http://www.wikidata.org/entity/Q90278114,Rößler‘sche hat factory,Factory,,
Germany,Q183,http://www.wikidata.org/entity/Q98073144,F.A. Mehlem Bonn Germany Meissen Dresden,Factory,,
Germany,Q183,http://www.wikidata.org/entity/Q325635,Telefunken,Factory,,
Germany,Q183,http://www.wikidata.org/entity/Q796357,BMW Landshut plant,Factory,,
Germany,Q183,http://www.wikidata.org/entity/Q101780087,Firma Martin Mayer,Factory,,
Germany,Q183,http://www.wikidata.org/entity/Q106540560,Q106540560,Factory,,
Germany,Q183,http://www.wikidata.org/entity/Q106540608,Q106540608,Factory,,
Germany,Q183,http://www.wikidata.org/entity/Q106540447,Lenggrieser Straße 52,Factory,,
Germany,Q183,http://www.wikidata.org/entity/Q107059102,J.G. Hebart,Factory,,
Germany,Q183,http://www.wikidata.org/entity/Q900322,Q900322,Factory,,
Germany,Q183,http://www.wikidata.org/entity/Q900327,Q900327,Factory,,
Germany,Q183,http://www.wikidata.org/entity/Q900339,Q900339,Factory,,
Germany,Q183,http://www.wikidata.org/entity/Q900347,Q900347,Factory,,
Germany,Q183,http://www.wikidata.org/entity/Q900363,Q900363,Factory,,
Germany,Q183,http://www.wikidata.org/entity/Q900372,Q900372,Factory,,
Germany,Q183,http://www.wikidata.org/entity/Q900382,Q900382,Factory,,
Germany,Q183,http://www.wikidata.org/entity/Q900432,Q900432,Factory,,
Germany,Q183,http://www.wikidata.org/entity/Q900474,Q900474,Factory,,
Germany,Q183,http://www.wikidata.org/entity/Q995568,Q995568,Factory,,
Germany,Q183,http://www.wikidata.org/entity/Q1021191,Q1021191,Factory,,
Germany,Q183,http://www.wikidata.org/entity/Q1242802,Q1242802,Factory,,
Germany,Q183,http://www.wikidata.org/entity/Q1248638,Q1248638,Factory,,
Germany,Q183,http://www.wikidata.org/entity/Q1250768,Q1250768,Factory,,
Germany,Q183,http://www.wikidata.org/entity/Q1000737,Marthabräu,Factory,,
Germany,Q183,http://www.wikidata.org/entity/Q1019732,Böhmisch Brauhaus Großröhrsdorf,Factory,,
Germany,Q183,http://www.wikidata.org/entity/Q1019921,Börde-Brauerei,Factory,,
Germany,Q183,http://www.wikidata.org/entity/Q1021189,Bürgerliches Brauhaus München,Factory,,
Germany,Q183,http://www.wikidata.org/entity/Q1103455,Cluss,Factory,,
Germany,Q183,http://www.wikidata.org/entity/Q1220049,Diebels,Factory,,
Germany,Q183,http://www.wikidata.org/entity/Q1156773,Dachsbräu,Factory,,
Germany,Q183,http://www.wikidata.org/entity/Q1165858,Darguner Brauerei,Factory,,
Germany,Q183,http://www.wikidata.org/entity/Q1166481,Darmstädter Privatbrauerei,Factory,,
Germany,Q183,http://www.wikidata.org/entity/Q1208528,Diamant-Brauerei,Factory,,
Germany,Q183,http://www.wikidata.org/entity/Q1226524,Dinkelacker-Schwaben Bräu,Factory,,
Germany,Q183,http://www.wikidata.org/entity/Q1232781,Elbschloss-Brauerei,Factory,,
Germany,Q183,http://www.wikidata.org/entity/Q1241865,Donner Bräu,Factory,,
Germany,Q183,http://www.wikidata.org/entity/Q1250741,Dortmunder Bergmann Brauerei,Factory,,
Germany,Q183,http://www.wikidata.org/entity/Q1250806,Thier Brewery,Factory,,
Germany,Q183,http://www.wikidata.org/entity/Q1268467,Hofbrauhaus Berchtesgaden,Factory,,
Germany,Q183,http://www.wikidata.org/entity/Q900330,Brauerei Märkl,Factory,,
Germany,Q183,http://www.wikidata.org/entity/Q900345,Brauerei Reichenbrand,Factory,,
Germany,Q183,http://www.wikidata.org/entity/Q900343,Rapp Brewery,Factory,,
Germany,Q183,http://www.wikidata.org/entity/Q900387,Brauerei Schwelm,Factory,,
Germany,Q183,http://www.wikidata.org/entity/Q900397,Brauerei Spezial,Factory,,
Germany,Q183,http://www.wikidata.org/entity/Q900400,Brauerei Weimar-Ehringsdorf,Factory,,
Germany,Q183,http://www.wikidata.org/entity/Q900407,Brauerei Westheim,Factory,,
Germany,Q183,http://www.wikidata.org/entity/Q900404,Brauerei Wieninger,Factory,,
Germany,Q183,http://www.wikidata.org/entity/Q900391,Private Landbrauerei Schönram,Factory,,
Germany,Q183,http://www.wikidata.org/entity/Q900434,"Brauerei Zum Schiffchen, Düsseldorf",Factory,,
Germany,Q183,http://www.wikidata.org/entity/Q900500,Brauhaus Pfaffenhofen,Factory,,
Germany,Q183,http://www.wikidata.org/entity/Q900506,Riegele,Factory,,
Germany,Q183,http://www.wikidata.org/entity/Q66734899,Q66734899,Factory,,
Germany,Q183,http://www.wikidata.org/entity/Q991894,Brauerei G.A. Bruch,Factory,,
Germany,Q183,http://www.wikidata.org/entity/Q900412,Brauerei Wilhelm Krieger,Factory,,
Germany,Q183,http://www.wikidata.org/entity/Q20853529,Jutespinnerei,Factory,,
Germany,Q183,http://www.wikidata.org/entity/Q100785890,Q100785890,Factory,,
Germany,Q183,http://www.wikidata.org/entity/Q110946084,"Spinnerei Spinnereistraße 5, Spinnereistraße 7, Spinnereistraße 9 in Mainleus",Factory,,
Germany,Q183,http://www.wikidata.org/entity/Q1022402,C. Albert Bierling,Factory,,
Germany,Q183,http://www.wikidata.org/entity/Q1113365,Glocken- und Kunstgießerei Rincker,Factory,,
Germany,Q183,http://www.wikidata.org/entity/Q15847135,Q15847135,Factory,,
Germany,Q183,http://www.wikidata.org/entity/Q1402741,Feldmann & Marschel,Factory,,
Germany,Q183,http://www.wikidata.org/entity/Q163580,Henschel & Sohn,Factory,,
Germany,Q183,http://www.wikidata.org/entity/Q1531895,Apolda bell foundry,Factory,,
Germany,Q183,http://www.wikidata.org/entity/Q1531868,Glockengiesserei Bachert,Factory,,
Germany,Q183,http://www.wikidata.org/entity/Q1531874,Glockengiesserei Heinrich Humpert,Factory,,
Germany,Q183,http://www.wikidata.org/entity/Q1531872,Glockengiesserei Delapaix,Factory,,
Germany,Q183,http://www.wikidata.org/entity/Q1531873,Glockengiesserei Grüninger,Factory,,
Germany,Q183,http://www.wikidata.org/entity/Q1531879,Glockengiesserei Munte,Factory,,
Germany,Q183,http://www.wikidata.org/entity/Q1531876,Glockengiesserei Johann Hahn,Factory,,
Germany,Q183,http://www.wikidata.org/entity/Q1531883,Glockengiesserei Otto,Factory,,
Germany,Q183,http://www.wikidata.org/entity/Q1618768,Hilliger,Factory,,
Germany,Q183,http://www.wikidata.org/entity/Q2079800,Petit & Gebr. Edelbrock,Factory,,
Germany,Q183,http://www.wikidata.org/entity/Q244854,Zwirnerei Ackermann,Factory,,
Germany,Q183,http://www.wikidata.org/entity/Q2692659,Erdinger Glockengiesserei,Factory,,
Germany,Q183,http://www.wikidata.org/entity/Q15812445,Glockengiesserei Otto,Factory,,
Germany,Q183,http://www.wikidata.org/entity/Q18624608,Glockengiesserei Maria Laach,Factory,,
Germany,Q183,http://www.wikidata.org/entity/Q21008393,Eifel bell foundry,Factory,,
Germany,Q183,http://www.wikidata.org/entity/Q21036328,Glockengiesserei Hamm-Hofweber,Factory,,
Germany,Q183,http://www.wikidata.org/entity/Q21036329,Glockengiesserei Fritz Hamm,Factory,,
Germany,Q183,http://www.wikidata.org/entity/Q49440122,Q49440122,Factory,,
Germany,Q183,http://www.wikidata.org/entity/Q49440126,Q49440126,Factory,,
Germany,Q183,http://www.wikidata.org/entity/Q125077975,Porzellanfabrik Walküre,Factory,,
Germany,Q183,http://www.wikidata.org/entity/Q836760,Glockengiesserei Rudolf Perner,Factory,,
Germany,Q183,http://www.wikidata.org/entity/Q28061405,B. Baruch und Söhne,Factory,,
Germany,Q183,http://www.wikidata.org/entity/Q29514560,Glockengiesserei Schelchshorn,Factory,,
Germany,Q183,http://www.wikidata.org/entity/Q30033216,Glockengiesserei Spannagl,Factory,,
Germany,Q183,http://www.wikidata.org/entity/Q879223,Dillinger Hütte,Factory,,
Germany,Q183,http://www.wikidata.org/entity/Q889107,Bochumer Verein,Factory,,
Germany,Q183,http://www.wikidata.org/entity/Q50902589,Lachenmeyer GmbH & Co. KG Schweißwerk für Glocken und Stahlbau,Factory,,
Germany,Q183,http://www.wikidata.org/entity/Q51844716,Radlersche Glockengiesserei,Factory,,
Germany,Q183,http://www.wikidata.org/entity/Q65179909,Bernhard Zachariä GmbH,Factory,,
Germany,Q183,http://www.wikidata.org/entity/Q111537361,Q111537361,Factory,,
Germany,Q183,http://www.wikidata.org/entity/Q115010997,Q115010997,Factory,,
Germany,Q183,http://www.wikidata.org/entity/Q116161528,Q116161528,Factory,,
Germany,Q183,http://www.wikidata.org/entity/Q119777180,Q119777180,Factory,,
Germany,Q183,http://www.wikidata.org/entity/Q110305415,Elstwerda,Factory,,
Germany,Q183,http://www.wikidata.org/entity/Q114496139,Hallenbau A der Industriewerke Karlsruhe,Factory,,
Germany,Q183,http://www.wikidata.org/entity/Q116474407,Zeiss Bau 29,Factory,,
Germany,Q183,http://www.wikidata.org/entity/Q151713,Q151713,Factory,,
Germany,Q183,http://www.wikidata.org/entity/Q152143,Q152143,Factory,,
Germany,Q183,http://www.wikidata.org/entity/Q152169,Q152169,Factory,,
Germany,Q183,http://www.wikidata.org/entity/Q152174,Q152174,Factory,,
Germany,Q183,http://www.wikidata.org/entity/Q154024,Q154024,Factory,,
Germany,Q183,http://www.wikidata.org/entity/Q254751,Q254751,Factory,,
Germany,Q183,http://www.wikidata.org/entity/Q422030,Q422030,Factory,,
Germany,Q183,http://www.wikidata.org/entity/Q422038,Q422038,Factory,,
Germany,Q183,http://www.wikidata.org/entity/Q107307419,Q107307419,Factory,,
Germany,Q183,http://www.wikidata.org/entity/Q696016,Gotha,Factory,,
Germany,Q183,http://www.wikidata.org/entity/Q127305,Paulaner Brewery,Factory,,
Germany,Q183,http://www.wikidata.org/entity/Q136957,Privatbrauerei Jacob Stauder,Factory,,
Germany,Q183,http://www.wikidata.org/entity/Q151205,Heinrich Reissdorf,Factory,,
Germany,Q183,http://www.wikidata.org/entity/Q151474,Brauerei Königshof,Factory,,
Germany,Q183,http://www.wikidata.org/entity/Q152161,Ketschenburg-Brauerei,Factory,,
Germany,Q183,http://www.wikidata.org/entity/Q153546,Augustiner Bräu,Factory,,
Germany,Q183,http://www.wikidata.org/entity/Q1880774,Kappus,Factory,,
Germany,Q183,http://www.wikidata.org/entity/Q204880,Licher Brewery,Factory,,
Germany,Q183,http://www.wikidata.org/entity/Q256392,Löwenbräu Brewery,Factory,,
Germany,Q183,http://www.wikidata.org/entity/Q314054,Köstritzer,Factory,,
Germany,Q183,http://www.wikidata.org/entity/Q358035,Adler-Brauerei Coswig,Factory,,
Germany,Q183,http://www.wikidata.org/entity/Q15118246,Lederfabrik Sohre,Factory,,
Germany,Q183,http://www.wikidata.org/entity/Q377626,Henninger Brewery,Factory,,
Germany,Q183,http://www.wikidata.org/entity/Q422019,Aktien-Brauerei-Gesellschaft Friedrichshöhe,Factory,,
Germany,Q183,http://www.wikidata.org/entity/Q422034,Aktienbrauerei Kaufbeuren,Factory,,
Germany,Q183,http://www.wikidata.org/entity/Q436921,Altenburger Brauerei,Factory,,
Germany,Q183,http://www.wikidata.org/entity/Q131611463,Ad. Baumeister,Factory,,
Germany,Q183,http://www.wikidata.org/entity/Q131851998,Celebrate Records GmbH,Factory,,
Germany,Q183,http://www.wikidata.org/entity/Q132042819,Brunnenhaase,Factory,,
Germany,Q183,http://www.wikidata.org/entity/Q899983,Brauberger brewery,Factory,,
Germany,Q183,http://www.wikidata.org/entity/Q900491,Brauhaus Im Roten Ochsen,Factory,,
Germany,Q183,http://www.wikidata.org/entity/Q134399337,Q134399337,Factory,,
Germany,Q183,http://www.wikidata.org/entity/Q96146396,Q96146396,Factory,,
Germany,Q183,http://www.wikidata.org/entity/Q97487794,Q97487794,Factory,,
Germany,Q183,http://www.wikidata.org/entity/Q317402,Berliner Kindl,Factory,,
Germany,Q183,http://www.wikidata.org/entity/Q107441959,Q107441959,Factory,,
Germany,Q183,http://www.wikidata.org/entity/Q107097804,Porzellanfabrik Lorenz Hutschenreuther,Factory,,
Germany,Q183,http://www.wikidata.org/entity/Q107147681,Waggonfabrik Jos. Rathgeber,Factory,,
Germany,Q183,http://www.wikidata.org/entity/Q123762446,Q123762446,Factory,,
Germany,Q183,http://www.wikidata.org/entity/Q131940040,Q131940040,Factory,,
Germany,Q183,http://www.wikidata.org/entity/Q132151471,Q132151471,Factory,,
Germany,Q183,http://www.wikidata.org/entity/Q134583533,Q134583533,Factory,,
Germany,Q183,http://www.wikidata.org/entity/Q134879011,Q134879011,Factory,,
Germany,Q183,http://www.wikidata.org/entity/Q134963541,Q134963541,Factory,,
Germany,Q183,http://www.wikidata.org/entity/Q1278765,Q1278765,Factory,,
Germany,Q183,http://www.wikidata.org/entity/Q1301640,Q1301640,Factory,,
Germany,Q183,http://www.wikidata.org/entity/Q1315325,Q1315325,Factory,,
Germany,Q183,http://www.wikidata.org/entity/Q1321513,Q1321513,Factory,,
Germany,Q183,http://www.wikidata.org/entity/Q1362963,Q1362963,Factory,,
Germany,Q183,http://www.wikidata.org/entity/Q1364443,Q1364443,Factory,,
Germany,Q183,http://www.wikidata.org/entity/Q1386641,Q1386641,Factory,,
Germany,Q183,http://www.wikidata.org/entity/Q1388950,Q1388950,Factory,,
Germany,Q183,http://www.wikidata.org/entity/Q1398299,Q1398299,Factory,,
Germany,Q183,http://www.wikidata.org/entity/Q1404202,Q1404202,Factory,,
Germany,Q183,http://www.wikidata.org/entity/Q1438023,Q1438023,Factory,,
Germany,Q183,http://www.wikidata.org/entity/Q1452102,Q1452102,Factory,,
Germany,Q183,http://www.wikidata.org/entity/Q1547250,Q1547250,Factory,,
Germany,Q183,http://www.wikidata.org/entity/Q1552546,Q1552546,Factory,,
Germany,Q183,http://www.wikidata.org/entity/Q1575921,Q1575921,Factory,,
Germany,Q183,http://www.wikidata.org/entity/Q1604718,Q1604718,Factory,,
Germany,Q183,http://www.wikidata.org/entity/Q1614299,Q1614299,Factory,,
Germany,Q183,http://www.wikidata.org/entity/Q1620387,Q1620387,Factory,,
Germany,Q183,http://www.wikidata.org/entity/Q1622953,Q1622953,Factory,,
Germany,Q183,http://www.wikidata.org/entity/Q1622959,Q1622959,Factory,,
Germany,Q183,http://www.wikidata.org/entity/Q1642429,Q1642429,Factory,,
Germany,Q183,http://www.wikidata.org/entity/Q1652532,Q1652532,Factory,,
Germany,Q183,http://www.wikidata.org/entity/Q1669665,Q1669665,Factory,,
Germany,Q183,http://www.wikidata.org/entity/Q1677032,Q1677032,Factory,,
Germany,Q183,http://www.wikidata.org/entity/Q1680262,Q1680262,Factory,,
Germany,Q183,http://www.wikidata.org/entity/Q1402814,Feldschlösschen,Factory,,
Germany,Q183,http://www.wikidata.org/entity/Q1727789,Waldhaus,Factory,,
Germany,Q183,http://www.wikidata.org/entity/Q1278616,Pfungstädter Brauerei,Factory,,
Germany,Q183,http://www.wikidata.org/entity/Q1292898,Meinel-Bräu,Factory,,
Germany,Q183,http://www.wikidata.org/entity/Q1309106,Einsiedler Brauhaus,Factory,,
Germany,Q183,http://www.wikidata.org/entity/Q1337267,TCB Beteiligungsgesellschaft,Factory,,
Germany,Q183,http://www.wikidata.org/entity/Q1355176,Erl-Bräu,Factory,,
Germany,Q183,http://www.wikidata.org/entity/Q1367156,Eschweger Klosterbrauerei,Factory,,
Germany,Q183,http://www.wikidata.org/entity/Q1402815,Brauerei Braunschweig,Factory,,
Germany,Q183,http://www.wikidata.org/entity/Q1414562,Privatbrauerei Wittingen,Factory,,
Germany,Q183,http://www.wikidata.org/entity/Q1423821,Schlossbrauerei Eichhofen,Factory,,
Germany,Q183,http://www.wikidata.org/entity/Q1453827,Freiberger Brauhaus,Factory,,
Germany,Q183,http://www.wikidata.org/entity/Q1697649,Lang-Bräu,Factory,,
Germany,Q183,http://www.wikidata.org/entity/Q1462827,Brewery Geismann Fürth,Factory,,
Germany,Q183,http://www.wikidata.org/entity/Q1487794,Schlossbrauerei Schwarzbach,Factory,,
Germany,Q183,http://www.wikidata.org/entity/Q1493616,Gansbräu,Factory,,
Germany,Q183,http://www.wikidata.org/entity/Q1516386,Mauritius Brauerei Zwickau,Factory,,
Germany,Q183,http://www.wikidata.org/entity/Q1523835,Herbst Pitt,Factory,,
Germany,Q183,http://www.wikidata.org/entity/Q1524226,Gilden Kölsch Brauerei,Factory,,
Germany,Q183,http://www.wikidata.org/entity/Q1532486,Herforder Brauerei,Factory,,
Germany,Q183,http://www.wikidata.org/entity/Q1532749,Glückauf-Brauerei,Factory,,
Germany,Q183,http://www.wikidata.org/entity/Q1566383,Haake-Beck,Factory,,
Germany,Q183,http://www.wikidata.org/entity/Q1583704,Hanseatische Brauerei Rostock,Factory,,
Germany,Q183,http://www.wikidata.org/entity/Q1606900,Alpirsbacher Klosterbräu,Factory,,
Germany,Q183,http://www.wikidata.org/entity/Q1614311,Herrnbräu,Factory,,
Germany,Q183,http://www.wikidata.org/entity/Q1622954,Hofbrauhaus Arolsen,Factory,,
Germany,Q183,http://www.wikidata.org/entity/Q1622956,Hofbrauhaus Wolters,Factory,,
Germany,Q183,http://www.wikidata.org/entity/Q1623185,Hofmark Brauerei,Factory,,
Germany,Q183,http://www.wikidata.org/entity/Q1663229,Ingobräu,Factory,,
Germany,Q183,http://www.wikidata.org/entity/Q1673225,Klosterbräu Irsee,Factory,,
Germany,Q183,http://www.wikidata.org/entity/Q1673806,Brauerei W. Isenbeck & Co,Factory,,
Germany,Q183,http://www.wikidata.org/entity/Q1685971,Leipziger Brauhaus zu Reudnitz,Factory,,
Germany,Q183,http://www.wikidata.org/entity/Q1694518,Privatbrauerei Iserlohn,Factory,,
Germany,Q183,http://www.wikidata.org/entity/Q1709042,Brauerei Strate,Factory,,
Germany,Q183,http://www.wikidata.org/entity/Q1721585,Kaiser Bräu,Factory,,
Germany,Q183,http://www.wikidata.org/entity/Q1733221,Löwenbrauerei Passau,Factory,,
Germany,Q183,http://www.wikidata.org/entity/Q1742438,Kulmbacher Brewery,Factory,,
Germany,Q183,http://www.wikidata.org/entity/Q1404247,Dresdner Felsenkellerbrauerei,Factory,,
Germany,Q183,http://www.wikidata.org/entity/Q1468190,Altmühltaler Getränke,Factory,,
Germany,Q183,http://www.wikidata.org/entity/Q1589080,Hatz-Moninger Brauhaus,Factory,,
Germany,Q183,http://www.wikidata.org/entity/Q459088,Q459088,Factory,,
Germany,Q183,http://www.wikidata.org/entity/Q721311,Q721311,Factory,,
Germany,Q183,http://www.wikidata.org/entity/Q2671899,Q2671899,Factory,,
Germany,Q183,http://www.wikidata.org/entity/Q520174,Karlsberg,Factory,,
Germany,Q183,http://www.wikidata.org/entity/Q698957,Erdinger,Factory,,
Germany,Q183,http://www.wikidata.org/entity/Q448720,Rothaus,Factory,,
Germany,Q183,http://www.wikidata.org/entity/Q877628,Eichbaum,Factory,,
Germany,Q183,http://www.wikidata.org/entity/Q458609,Dortmunder Actien Brauerei,Factory,,
Germany,Q183,http://www.wikidata.org/entity/Q460206,Holsten Brewery,Factory,,
Germany,Q183,http://www.wikidata.org/entity/Q557112,Ankerbräu Nördlingen,Factory,,
Germany,Q183,http://www.wikidata.org/entity/Q562552,Oettinger Brewery,Factory,,
Germany,Q183,http://www.wikidata.org/entity/Q568684,Hacker-Pschorr Brewery,Factory,,
Germany,Q183,http://www.wikidata.org/entity/Q568797,Radeberger Brewery,Factory,,
Germany,Q183,http://www.wikidata.org/entity/Q608350,Veltins Brewery,Factory,,
Germany,Q183,http://www.wikidata.org/entity/Q612166,Franziskaner-Brauerei,Factory,,
Germany,Q183,http://www.wikidata.org/entity/Q694218,Krombacher Brauerei,Factory,,
Germany,Q183,http://www.wikidata.org/entity/Q696787,Warsteiner,Factory,,
Germany,Q183,http://www.wikidata.org/entity/Q706698,Bitburger brewery,Factory,,
Germany,Q183,http://www.wikidata.org/entity/Q759249,Auerbräu,Factory,,
Germany,Q183,http://www.wikidata.org/entity/Q787066,Spaten-Franziskaner-Bräu,Factory,,
Germany,Q183,http://www.wikidata.org/entity/Q811986,Bavaria – St. Pauli Brewery,Factory,,
Germany,Q183,http://www.wikidata.org/entity/Q821384,Berliner-Kindl-Schultheiss brewery,Factory,,
Germany,Q183,http://www.wikidata.org/entity/Q821466,Berliner Bürgerbräu,Factory,,
Germany,Q183,http://www.wikidata.org/entity/Q821688,Berliner Pilsner,Factory,,
Germany,Q183,http://www.wikidata.org/entity/Q857934,Biermanufaktur Engel,Factory,,
Germany,Q183,http://www.wikidata.org/entity/Q870325,Würzburger Hofbräu,Factory,,
Germany,Q183,http://www.wikidata.org/entity/Q874166,Spatenbräu,Factory,,
Germany,Q183,http://www.wikidata.org/entity/Q878149,König Ludwig Schlossbrauerei,Factory,,
Germany,Q183,http://www.wikidata.org/entity/Q106539233,Q106539233,Factory,,
Germany,Q183,http://www.wikidata.org/entity/Q900106,Q900106,Factory,,
Germany,Q183,http://www.wikidata.org/entity/Q900125,Q900125,Factory,,
Germany,Q183,http://www.wikidata.org/entity/Q900131,Q900131,Factory,,
Germany,Q183,http://www.wikidata.org/entity/Q900153,Q900153,Factory,,
Germany,Q183,http://www.wikidata.org/entity/Q900187,Q900187,Factory,,
Germany,Q183,http://www.wikidata.org/entity/Q900195,Q900195,Factory,,
Germany,Q183,http://www.wikidata.org/entity/Q900217,Q900217,Factory,,
Germany,Q183,http://www.wikidata.org/entity/Q900228,Q900228,Factory,,
Germany,Q183,http://www.wikidata.org/entity/Q900234,Q900234,Factory,,
Germany,Q183,http://www.wikidata.org/entity/Q900276,Q900276,Factory,,
Germany,Q183,http://www.wikidata.org/entity/Q900282,Q900282,Factory,,
Germany,Q183,http://www.wikidata.org/entity/Q900313,Q900313,Factory,,
Germany,Q183,http://www.wikidata.org/entity/Q900200,Eck,Factory,,
Germany,Q183,http://www.wikidata.org/entity/Q900091,Sünner,Factory,,
Germany,Q183,http://www.wikidata.org/entity/Q880640,Wernesgrüner,Factory,,
Germany,Q183,http://www.wikidata.org/entity/Q891620,Bolten-Brauerei,Factory,,
Germany,Q183,http://www.wikidata.org/entity/Q895475,Dortmunder Hansa,Factory,,
Germany,Q183,http://www.wikidata.org/entity/Q900099,Aldersbach brewery,Factory,,
Germany,Q183,http://www.wikidata.org/entity/Q900109,Ayinger Brewery,Factory,,
Germany,Q183,http://www.wikidata.org/entity/Q900123,Brauerei Becker,Factory,,
Germany,Q183,http://www.wikidata.org/entity/Q900148,Brauerei Carl Betz,Factory,,
Germany,Q183,http://www.wikidata.org/entity/Q900197,Brauerei Fässla,Factory,,
Germany,Q183,http://www.wikidata.org/entity/Q900215,Brewery Grasser Huppendorf,Factory,,
Germany,Q183,http://www.wikidata.org/entity/Q900226,Brauerei Göller,Factory,,
Germany,Q183,http://www.wikidata.org/entity/Q900232,Brauerei Hacklberg,Factory,,
Germany,Q183,http://www.wikidata.org/entity/Q900290,Brewery Kundmüller,Factory,,
Germany,Q183,http://www.wikidata.org/entity/Q900295,Brauerei Leikeim,Factory,,
Germany,Q183,http://www.wikidata.org/entity/Q900285,Kuchlbauer brewery,Factory,,
Germany,Q183,http://www.wikidata.org/entity/Q1743548,Q1743548,Factory,,
Germany,Q183,http://www.wikidata.org/entity/Q1800617,Q1800617,Factory,,
Germany,Q183,http://www.wikidata.org/entity/Q1802314,Q1802314,Factory,,
Germany,Q183,http://www.wikidata.org/entity/Q1811555,Q1811555,Factory,,
Germany,Q183,http://www.wikidata.org/entity/Q1880115,Q1880115,Factory,,
Germany,Q183,http://www.wikidata.org/entity/Q1885711,Q1885711,Factory,,
Germany,Q183,http://www.wikidata.org/entity/Q1966874,Q1966874,Factory,,
Germany,Q183,http://www.wikidata.org/entity/Q2052477,Q2052477,Factory,,
Germany,Q183,http://www.wikidata.org/entity/Q2091466,Q2091466,Factory,,
Germany,Q183,http://www.wikidata.org/entity/Q2111051,Q2111051,Factory,,
Germany,Q183,http://www.wikidata.org/entity/Q2152020,Q2152020,Factory,,
Germany,Q183,http://www.wikidata.org/entity/Q2223917,Q2223917,Factory,,
Germany,Q183,http://www.wikidata.org/entity/Q2257449,Q2257449,Factory,,
Germany,Q183,http://www.wikidata.org/entity/Q2288830,Q2288830,Factory,,
Germany,Q183,http://www.wikidata.org/entity/Q2322356,Q2322356,Factory,,
Germany,Q183,http://www.wikidata.org/entity/Q2326274,Q2326274,Factory,,
Germany,Q183,http://www.wikidata.org/entity/Q2345613,Q2345613,Factory,,
Germany,Q183,http://www.wikidata.org/entity/Q2543276,Q2543276,Factory,,
Germany,Q183,http://www.wikidata.org/entity/Q2556800,Q2556800,Factory,,
Germany,Q183,http://www.wikidata.org/entity/Q1763150,Privatbrauerei Schwerter Meißen,Factory,,
Germany,Q183,http://www.wikidata.org/entity/Q1777966,Königsbacher,Factory,,
Germany,Q183,http://www.wikidata.org/entity/Q1795931,König Brauerei,Factory,,
Germany,Q183,http://www.wikidata.org/entity/Q1879905,Löwenbräu Buttenheim,Factory,,
Germany,Q183,http://www.wikidata.org/entity/Q1880196,Brauerei zur Walkmühle H. Lück,Factory,,
Germany,Q183,http://www.wikidata.org/entity/Q1920014,Memminger Brauerei,Factory,,
Germany,Q183,http://www.wikidata.org/entity/Q1965945,Nassauische Privatbrauerei,Factory,,
Germany,Q183,http://www.wikidata.org/entity/Q1980462,Neufang Kulturfabrik,Factory,,
Germany,Q183,http://www.wikidata.org/entity/Q1980896,Neumarkter Lammsbräu,Factory,,
Germany,Q183,http://www.wikidata.org/entity/Q2034455,Osnabrücker Aktien Brauerei,Factory,,
Germany,Q183,http://www.wikidata.org/entity/Q2048171,Palmbräu,Factory,,
Germany,Q183,http://www.wikidata.org/entity/Q2084311,Pflugbrauerei Hörvelsingen,Factory,,
Germany,Q183,http://www.wikidata.org/entity/Q2106627,Pott's Brauerei,Factory,,
Germany,Q183,http://www.wikidata.org/entity/Q2111113,G. Schneider & Sohn,Factory,,
Germany,Q183,http://www.wikidata.org/entity/Q2110996,Privatbrauerei Schmucker,Factory,,
Germany,Q183,http://www.wikidata.org/entity/Q2111033,Privatbrauerei Eibau,Factory,,
Germany,Q183,http://www.wikidata.org/entity/Q2111039,Privatbrauerei Hofmann,Factory,,
Germany,Q183,http://www.wikidata.org/entity/Q2111037,Privatbrauerei Gebr. Mayer,Factory,,
Germany,Q183,http://www.wikidata.org/entity/Q2120918,Püls-Bräu,Factory,,
Germany,Q183,http://www.wikidata.org/entity/Q2152135,Riegeler Brauerei,Factory,,
Germany,Q183,http://www.wikidata.org/entity/Q2167041,Rosenbrauerei,Factory,,
Germany,Q183,http://www.wikidata.org/entity/Q2168868,Rotochsenbrauerei,Factory,,
Germany,Q183,http://www.wikidata.org/entity/Q2233541,Scherdel Bier,Factory,,
Germany,Q183,http://www.wikidata.org/entity/Q2244449,Schlossbrauerei Herrngiersdorf,Factory,,
Germany,Q183,http://www.wikidata.org/entity/Q2244456,Schlossbrauerei Hirschau,Factory,,
Germany,Q183,http://www.wikidata.org/entity/Q2244899,Schlossbrauerei Reuth,Factory,,
Germany,Q183,http://www.wikidata.org/entity/Q2244896,Schlossbrauerei Rheder,Factory,,
Germany,Q183,http://www.wikidata.org/entity/Q2252562,Schwaben Bräu,Factory,,
Germany,Q183,http://www.wikidata.org/entity/Q2345928,Sternquell Brauerei Plauen,Factory,,
Germany,Q183,http://www.wikidata.org/entity/Q2360702,Störtebeker Braumanufaktur,Factory,,
Germany,Q183,http://www.wikidata.org/entity/Q2459061,Tucher Brewery,Factory,,
Germany,Q183,http://www.wikidata.org/entity/Q2473656,Uerige,Factory,,
Germany,Q183,http://www.wikidata.org/entity/Q2502659,Ustersbacher,Factory,,
Germany,Q183,http://www.wikidata.org/entity/Q2515161,Vereinsbrauerei Apolda,Factory,,
Germany,Q183,http://www.wikidata.org/entity/Q2534191,Vormann Brauerei,Factory,,
Germany,Q183,http://www.wikidata.org/entity/Q2540801,Waitzinger Bräu,Factory,,
Germany,Q183,http://www.wikidata.org/entity/Q2557475,Weldebräu,Factory,,
Germany,Q183,http://www.wikidata.org/entity/Q2565050,Westerwald-Brauerei,Factory,,
Germany,Q183,http://www.wikidata.org/entity/Q2649044,Allgäuer Brewery,Factory,,
Germany,Q183,http://www.wikidata.org/entity/Q88778321,Schlossbrauerei Stein,Factory,,
Germany,Q183,http://www.wikidata.org/entity/Q58394022,Q58394022,Factory,,
Germany,Q183,http://www.wikidata.org/entity/Q63168571,Q63168571,Factory,,
Germany,Q183,http://www.wikidata.org/entity/Q63243630,Q63243630,Factory,,
Germany,Q183,http://www.wikidata.org/entity/Q65925072,Q65925072,Factory,,
Germany,Q183,http://www.wikidata.org/entity/Q68157334,Q68157334,Factory,,
Germany,Q183,http://www.wikidata.org/entity/Q78757760,Q78757760,Factory,,
Germany,Q183,http://www.wikidata.org/entity/Q80586661,Q80586661,Factory,,
Germany,Q183,http://www.wikidata.org/entity/Q83371914,Q83371914,Factory,,
Germany,Q183,http://www.wikidata.org/entity/Q83373003,Q83373003,Factory,,
Germany,Q183,http://www.wikidata.org/entity/Q70893644,Tivoli-Brauerei,Factory,,
Germany,Q183,http://www.wikidata.org/entity/Q95219420,Q95219420,Factory,,
Germany,Q183,http://www.wikidata.org/entity/Q95219919,Q95219919,Factory,,
Germany,Q183,http://www.wikidata.org/entity/Q95222373,Q95222373,Factory,,
Germany,Q183,http://www.wikidata.org/entity/Q95222565,Q95222565,Factory,,
Germany,Q183,http://www.wikidata.org/entity/Q95223356,Q95223356,Factory,,
Germany,Q183,http://www.wikidata.org/entity/Q95223636,Q95223636,Factory,,
Germany,Q183,http://www.wikidata.org/entity/Q95223902,Q95223902,Factory,,
Germany,Q183,http://www.wikidata.org/entity/Q95225289,Q95225289,Factory,,
Germany,Q183,http://www.wikidata.org/entity/Q95387114,Q95387114,Factory,,
Germany,Q183,http://www.wikidata.org/entity/Q96238876,Q96238876,Factory,,
Germany,Q183,http://www.wikidata.org/entity/Q58582683,Hirsch-Brauerei Honer,Factory,,
Germany,Q183,http://www.wikidata.org/entity/Q70892622,Schultheiss-Brauerei (Prenzlauer Berg),Factory,,
Germany,Q183,http://www.wikidata.org/entity/Q62890060,Wolferstetter Brauerei,Factory,,
Germany,Q183,http://www.wikidata.org/entity/Q63226381,Graf Arco Brauerei,Factory,,
Germany,Q183,http://www.wikidata.org/entity/Q64739319,Privatbrauerei H. Egerer,Factory,,
Germany,Q183,http://www.wikidata.org/entity/Q65718538,Wildbräu Grafing v. München,Factory,,
Germany,Q183,http://www.wikidata.org/entity/Q66193233,Pürner Brewery,Factory,,
Germany,Q183,http://www.wikidata.org/entity/Q95219547,Q95219547,Factory,,
Germany,Q183,http://www.wikidata.org/entity/Q95222482,Q95222482,Factory,,
Germany,Q183,http://www.wikidata.org/entity/Q95222705,Q95222705,Factory,,
Germany,Q183,http://www.wikidata.org/entity/Q95222938,Q95222938,Factory,,
Germany,Q183,http://www.wikidata.org/entity/Q95223019,Q95223019,Factory,,
Germany,Q183,http://www.wikidata.org/entity/Q95224395,Q95224395,Factory,,
Germany,Q183,http://www.wikidata.org/entity/Q66761536,Brauerei C. W. Naumann,Factory,,
Germany,Q183,http://www.wikidata.org/entity/Q67194762,Kronen-Brauerei Bruno Ermisch,Factory,,
Germany,Q183,http://www.wikidata.org/entity/Q95219011,Q95219011,Factory,,
Germany,Q183,http://www.wikidata.org/entity/Q95222822,Q95222822,Factory,,
Germany,Q183,http://www.wikidata.org/entity/Q95225381,Q95225381,Factory,,
Germany,Q183,http://www.wikidata.org/entity/Q95224236,Q95224236,Factory,,
Germany,Q183,http://www.wikidata.org/entity/Q95224828,Q95224828,Factory,,
Germany,Q183,http://www.wikidata.org/entity/Q95225016,Q95225016,Factory,,
Germany,Q183,http://www.wikidata.org/entity/Q95225213,Q95225213,Factory,,
Germany,Q183,http://www.wikidata.org/entity/Q95223155,Q95223155,Factory,,
Germany,Q183,http://www.wikidata.org/entity/Q70005591,Babben Brewery,Factory,,
Germany,Q183,http://www.wikidata.org/entity/Q72721929,Brauerei Bender,Factory,,
Germany,Q183,http://www.wikidata.org/entity/Q13846456,Q13846456,Factory,,
Germany,Q183,http://www.wikidata.org/entity/Q15789453,Q15789453,Factory,,
Germany,Q183,http://www.wikidata.org/entity/Q15789694,Q15789694,Factory,,
Germany,Q183,http://www.wikidata.org/entity/Q15789692,Q15789692,Factory,,
Germany,Q183,http://www.wikidata.org/entity/Q15789693,Q15789693,Factory,,
Germany,Q183,http://www.wikidata.org/entity/Q15789698,Q15789698,Factory,,
Germany,Q183,http://www.wikidata.org/entity/Q15789699,Q15789699,Factory,,
Germany,Q183,http://www.wikidata.org/entity/Q15789702,Q15789702,Factory,,
Germany,Q183,http://www.wikidata.org/entity/Q15789703,Q15789703,Factory,,
Germany,Q183,http://www.wikidata.org/entity/Q15789701,Q15789701,Factory,,
Germany,Q183,http://www.wikidata.org/entity/Q15789708,Q15789708,Factory,,
Germany,Q183,http://www.wikidata.org/entity/Q15791803,Q15791803,Factory,,
Germany,Q183,http://www.wikidata.org/entity/Q15792918,Q15792918,Factory,,
Germany,Q183,http://www.wikidata.org/entity/Q15792919,Q15792919,Factory,,
Germany,Q183,http://www.wikidata.org/entity/Q15792922,Q15792922,Factory,,
Germany,Q183,http://www.wikidata.org/entity/Q15792920,Q15792920,Factory,,
Germany,Q183,http://www.wikidata.org/entity/Q15792921,Q15792921,Factory,,
Germany,Q183,http://www.wikidata.org/entity/Q15841014,Q15841014,Factory,,
Germany,Q183,http://www.wikidata.org/entity/Q15841015,Q15841015,Factory,,
Germany,Q183,http://www.wikidata.org/entity/Q15843460,Q15843460,Factory,,
Germany,Q183,http://www.wikidata.org/entity/Q15846644,Q15846644,Factory,,
Germany,Q183,http://www.wikidata.org/entity/Q15856943,Q15856943,Factory,,
Germany,Q183,http://www.wikidata.org/entity/Q15906231,Q15906231,Factory,,
Germany,Q183,http://www.wikidata.org/entity/Q16219114,Q16219114,Factory,,
Germany,Q183,http://www.wikidata.org/entity/Q17127595,Q17127595,Factory,,
Germany,Q183,http://www.wikidata.org/entity/Q17619151,Q17619151,Factory,,
Germany,Q183,http://www.wikidata.org/entity/Q18413548,Q18413548,Factory,,
Germany,Q183,http://www.wikidata.org/entity/Q18545015,Q18545015,Factory,,
Germany,Q183,http://www.wikidata.org/entity/Q18907579,Q18907579,Factory,,
Germany,Q183,http://www.wikidata.org/entity/Q19279355,Q19279355,Factory,,
Germany,Q183,http://www.wikidata.org/entity/Q14532175,Eisenacher Brauerei,Factory,,
Germany,Q183,http://www.wikidata.org/entity/Q14540983,Auerhahn Brauerei,Factory,,
Germany,Q183,http://www.wikidata.org/entity/Q14545625,Gasthaus Goldene Harfe (Erlangen),Factory,,
Germany,Q183,http://www.wikidata.org/entity/Q15428352,Spezial-Brauerei Schierling,Factory,,
Germany,Q183,http://www.wikidata.org/entity/Q15787245,Bayerische Brauerei Kaiserslautern,Factory,,
Germany,Q183,http://www.wikidata.org/entity/Q15789697,Hackert Brewery,Factory,,
Germany,Q183,http://www.wikidata.org/entity/Q15841013,Privatbrauerei Friedrich Haaß,Factory,,
Germany,Q183,http://www.wikidata.org/entity/Q16854773,Möbelstoff-Weberei Cammann & Co.,Factory,,
Germany,Q183,http://www.wikidata.org/entity/Q16916607,Stadtbrauerei Spalt,Factory,,
Germany,Q183,http://www.wikidata.org/entity/Q17310588,Brauerei Treiber,Factory,,
Germany,Q183,http://www.wikidata.org/entity/Q17310589,Brauerei Ganß,Factory,,
Germany,Q183,http://www.wikidata.org/entity/Q17748178,Schlossbrauerei Sandersdorf,Factory,,
Germany,Q183,http://www.wikidata.org/entity/Q18027733,Schlossbrauerei Naabeck,Factory,,
Germany,Q183,http://www.wikidata.org/entity/Q18589448,Paderborner Brauerei,Factory,,
Germany,Q183,http://www.wikidata.org/entity/Q49454379,Q49454379,Factory,,
Germany,Q183,http://www.wikidata.org/entity/Q764411,August Warnecke,Factory,,
Germany,Q183,http://www.wikidata.org/entity/Q15793219,Bürgerliches Brauhaus Saalfeld,Factory,,
Germany,Q183,http://www.wikidata.org/entity/Q102439683,Q102439683,Factory,,
Germany,Q183,http://www.wikidata.org/entity/Q104185099,Vereinsbrauerei zu Leipzig,Factory,,
Germany,Q183,http://www.wikidata.org/entity/Q102438960,Q102438960,Factory,,
Germany,Q183,http://www.wikidata.org/entity/Q102439517,Q102439517,Factory,,
Germany,Q183,http://www.wikidata.org/entity/Q105064505,Q105064505,Factory,,
Germany,Q183,http://www.wikidata.org/entity/Q105162729,Q105162729,Factory,,
Germany,Q183,http://www.wikidata.org/entity/Q105945770,Brauerei Zeltner,Factory,,
Germany,Q183,http://www.wikidata.org/entity/Q106080122,Brauerei Loscher KG,Factory,,
Germany,Q183,http://www.wikidata.org/entity/Q106418756,Tilsiter Actien-Brauerei,Factory,,
Germany,Q183,http://www.wikidata.org/entity/Q106508611,Dingslebener Brauerei,Factory,,
Germany,Q183,http://www.wikidata.org/entity/Q106525773,Friesisches Brauhaus zu Jever,Factory,,
Germany,Q183,http://www.wikidata.org/entity/Q107026926,Grüner-Bräu,Factory,,
Germany,Q183,http://www.wikidata.org/entity/Q107059629,Aktienbrauerei Wulle,Factory,,
Germany,Q183,http://www.wikidata.org/entity/Q107072327,Landré-Breithaupt Weißbier-Brauerei,Factory,,
Germany,Q183,http://www.wikidata.org/entity/Q107088239,Brauerei Joh. Humbser,Factory,,
Germany,Q183,http://www.wikidata.org/entity/Q107138987,Aktienbrauerei Dormagen,Factory,,
Germany,Q183,http://www.wikidata.org/entity/Q107138991,Bayerisches Brauhaus Pforzheim,Factory,,
Germany,Q183,http://www.wikidata.org/entity/Q107156177,Bill-Brauerei,Factory,,
Germany,Q183,http://www.wikidata.org/entity/Q10663791,Schultheiss Brewery,Factory,,
Germany,Q183,http://www.wikidata.org/entity/Q18333151,Q18333151,Factory,,
Germany,Q183,http://www.wikidata.org/entity/Q2329064,Stahlwerk Thüringen,Factory,,
Germany,Q183,http://www.wikidata.org/entity/Q13376839,Schlossbrauerei Ellingen,Factory,,
Germany,Q183,http://www.wikidata.org/entity/Q5876533,Hofbräuhaus Traunstein,Factory,,
Germany,Q183,http://www.wikidata.org/entity/Q7796172,Thorbräu,Factory,,
Germany,Q183,http://www.wikidata.org/entity/Q60983369,Q60983369,Factory,,
Germany,Q183,http://www.wikidata.org/entity/Q9167494,Bayerische Aktien-Bierbrauerei Aschaffenburg,Factory,,
Germany,Q183,http://www.wikidata.org/entity/Q83379284,Q83379284,Factory,,
Germany,Q183,http://www.wikidata.org/entity/Q108686891,Q108686891,Factory,,
Germany,Q183,http://www.wikidata.org/entity/Q108610387,Q108610387,Factory,,
Germany,Q183,http://www.wikidata.org/entity/Q111248032,Q111248032,Factory,,
Germany,Q183,http://www.wikidata.org/entity/Q109924229,Lüneburger Eisenwerk,Factory,,
Germany,Q183,http://www.wikidata.org/entity/Q123734638,BRŁO,Factory,,
Germany,Q183,http://www.wikidata.org/entity/Q124612860,Q124612860,Factory,,
Germany,Q183,http://www.wikidata.org/entity/Q124612320,Q124612320,Factory,,
Germany,Q183,http://www.wikidata.org/entity/Q124612287,Q124612287,Factory,,
Germany,Q183,http://www.wikidata.org/entity/Q124612276,Q124612276,Factory,,
Germany,Q183,http://www.wikidata.org/entity/Q124612284,Q124612284,Factory,,
Germany,Q183,http://www.wikidata.org/entity/Q124612306,Q124612306,Factory,,
Germany,Q183,http://www.wikidata.org/entity/Q124612861,Q124612861,Factory,,
Germany,Q183,http://www.wikidata.org/entity/Q124612845,Q124612845,Factory,,
Germany,Q183,http://www.wikidata.org/entity/Q124612295,Q124612295,Factory,,
Germany,Q183,http://www.wikidata.org/entity/Q124612309,Q124612309,Factory,,
Germany,Q183,http://www.wikidata.org/entity/Q124615806,Q124615806,Factory,,
Germany,Q183,http://www.wikidata.org/entity/Q124615814,Q124615814,Factory,,
Germany,Q183,http://www.wikidata.org/entity/Q124615822,Q124615822,Factory,,
Germany,Q183,http://www.wikidata.org/entity/Q124615833,Q124615833,Factory,,
Germany,Q183,http://www.wikidata.org/entity/Q124612857,Q124612857,Factory,,
Germany,Q183,http://www.wikidata.org/entity/Q124612865,Q124612865,Factory,,
Germany,Q183,http://www.wikidata.org/entity/Q124612233,Q124612233,Factory,,
Germany,Q183,http://www.wikidata.org/entity/Q124612930,Q124612930,Factory,,
Germany,Q183,http://www.wikidata.org/entity/Q124612929,Q124612929,Factory,,
Germany,Q183,http://www.wikidata.org/entity/Q124612932,Q124612932,Factory,,
Germany,Q183,http://www.wikidata.org/entity/Q124612332,Q124612332,Factory,,
Germany,Q183,http://www.wikidata.org/entity/Q124612440,Q124612440,Factory,,
Germany,Q183,http://www.wikidata.org/entity/Q124612786,Q124612786,Factory,,
Germany,Q183,http://www.wikidata.org/entity/Q124612836,Q124612836,Factory,,
Germany,Q183,http://www.wikidata.org/entity/Q124612899,Q124612899,Factory,,
Germany,Q183,http://www.wikidata.org/entity/Q124612795,Q124612795,Factory,,
Germany,Q183,http://www.wikidata.org/entity/Q124612838,Q124612838,Factory,,
Germany,Q183,http://www.wikidata.org/entity/Q124615125,Q124615125,Factory,,
Germany,Q183,http://www.wikidata.org/entity/Q124615140,Q124615140,Factory,,
Germany,Q183,http://www.wikidata.org/entity/Q124615231,Q124615231,Factory,,
Germany,Q183,http://www.wikidata.org/entity/Q124615766,Q124615766,Factory,,
Germany,Q183,http://www.wikidata.org/entity/Q124615792,Q124615792,Factory,,
Germany,Q183,http://www.wikidata.org/entity/Q124612859,Q124612859,Factory,,
Germany,Q183,http://www.wikidata.org/entity/Q124612669,Q124612669,Factory,,
Germany,Q183,http://www.wikidata.org/entity/Q124612686,Q124612686,Factory,,
Germany,Q183,http://www.wikidata.org/entity/Q124612292,Q124612292,Factory,,
Germany,Q183,http://www.wikidata.org/entity/Q124615853,Q124615853,Factory,,
Germany,Q183,http://www.wikidata.org/entity/Q124615863,Q124615863,Factory,,
Germany,Q183,http://www.wikidata.org/entity/Q124615870,Q124615870,Factory,,
Germany,Q183,http://www.wikidata.org/entity/Q124612315,Q124612315,Factory,,
Germany,Q183,http://www.wikidata.org/entity/Q124612312,Q124612312,Factory,,
Germany,Q183,http://www.wikidata.org/entity/Q124612318,Q124612318,Factory,,
Germany,Q183,http://www.wikidata.org/entity/Q124612847,Q124612847,Factory,,
Germany,Q183,http://www.wikidata.org/entity/Q122698671,Q122698671,Factory,,
Germany,Q183,http://www.wikidata.org/entity/Q123478067,Q123478067,Factory,,
Germany,Q183,http://www.wikidata.org/entity/Q123765524,Q123765524,Factory,,
Germany,Q183,http://www.wikidata.org/entity/Q124085764,Q124085764,Factory,,
Germany,Q183,http://www.wikidata.org/entity/Q124325417,Q124325417,Factory,,
Germany,Q183,http://www.wikidata.org/entity/Q124735914,Q124735914,Factory,,
Germany,Q183,http://www.wikidata.org/entity/Q125858098,Q125858098,Factory,,
Germany,Q183,http://www.wikidata.org/entity/Q126889118,Q126889118,Factory,,
Germany,Q183,http://www.wikidata.org/entity/Q109404364,Wessels Wandplatten-Fabrik,Factory,,
Germany,Q183,http://www.wikidata.org/entity/Q109404235,Boizenburger Wandplattenfabrik,Factory,,
Germany,Q183,http://www.wikidata.org/entity/Q109404350,Steuler-Fliesen GmbH,Factory,,
Germany,Q183,http://www.wikidata.org/entity/Q109404363,Wandplattenfabrik Engers,Factory,,
Germany,Q183,http://www.wikidata.org/entity/Q109404234,Bendorfer Wandplatten-Fabrik GmbH,Factory,,
Germany,Q183,http://www.wikidata.org/entity/Q109404307,Mosaikfabrik Sinzig,Factory,,
Germany,Q183,http://www.wikidata.org/entity/Q109404348,Servais Werke,Factory,,
Germany,Q183,http://www.wikidata.org/entity/Q107036831,Q107036831,Factory,,
Germany,Q183,http://www.wikidata.org/entity/Q108217757,Q108217757,Factory,,
Germany,Q183,http://www.wikidata.org/entity/Q110821401,Q110821401,Factory,,
Germany,Q183,http://www.wikidata.org/entity/Q111904266,Q111904266,Factory,,
Germany,Q183,http://www.wikidata.org/entity/Q112251939,Q112251939,Factory,,
Germany,Q183,http://www.wikidata.org/entity/Q113576236,Q113576236,Factory,,
Germany,Q183,http://www.wikidata.org/entity/Q113632684,Q113632684,Factory,,
Germany,Q183,http://www.wikidata.org/entity/Q107487758,Crew Republic,Factory,,
Germany,Q183,http://www.wikidata.org/entity/Q114355749,Q114355749,Factory,,
Germany,Q183,http://www.wikidata.org/entity/Q108046967,Brauerei Watzdorf,Factory,,
Germany,Q183,http://www.wikidata.org/entity/Q115453371,Q115453371,Factory,,
Germany,Q183,http://www.wikidata.org/entity/Q115648865,Q115648865,Factory,,
Germany,Q183,http://www.wikidata.org/entity/Q115686950,Q115686950,Factory,,
Germany,Q183,http://www.wikidata.org/entity/Q108712922,drie krone brouery,Factory,,
Germany,Q183,http://www.wikidata.org/entity/Q116164055,Q116164055,Factory,,
Germany,Q183,http://www.wikidata.org/entity/Q116447199,Q116447199,Factory,,
Germany,Q183,http://www.wikidata.org/entity/Q116732297,Q116732297,Factory,,
Germany,Q183,http://www.wikidata.org/entity/Q116872413,Q116872413,Factory,,
Germany,Q183,http://www.wikidata.org/entity/Q116907940,Q116907940,Factory,,
Germany,Q183,http://www.wikidata.org/entity/Q109404226,Aktiengesellschaft Norddeutsche Steingutfabrik Grohn,Factory,,
Germany,Q183,http://www.wikidata.org/entity/Q109404302,Meissner Wandplattenwerke GmbH Saxonia,Factory,,
Germany,Q183,http://www.wikidata.org/entity/Q109404306,Mosaikfabrik Ransbach,Factory,,
Germany,Q183,http://www.wikidata.org/entity/Q118105076,Q118105076,Factory,,
Germany,Q183,http://www.wikidata.org/entity/Q119880139,Q119880139,Factory,,
Germany,Q183,http://www.wikidata.org/entity/Q110946071,"Brauerei Marktplatz 7, Marktplatz 5 in Mistelgau",Factory,,
Germany,Q183,http://www.wikidata.org/entity/Q110946099,Brauerei Obersulzbach 2 in Lehrberg,Factory,,
Germany,Q183,http://www.wikidata.org/entity/Q124364521,Q124364521,Factory,,
Germany,Q183,http://www.wikidata.org/entity/Q113633184,Brewery Humbser-Geismann Fürth,Factory,,
Germany,Q183,http://www.wikidata.org/entity/Q114136954,Brauerei Lehner,Factory,,
Germany,Q183,http://www.wikidata.org/entity/Q116465547,Kaiser-Brauerei Hannover,Factory,,
Germany,Q183,http://www.wikidata.org/entity/Q19960469,Q19960469,Factory,,
Germany,Q183,http://www.wikidata.org/entity/Q20050593,Q20050593,Factory,,
Germany,Q183,http://www.wikidata.org/entity/Q20480924,Q20480924,Factory,,
Germany,Q183,http://www.wikidata.org/entity/Q22674579,Q22674579,Factory,,
Germany,Q183,http://www.wikidata.org/entity/Q22674726,Q22674726,Factory,,
Germany,Q183,http://www.wikidata.org/entity/Q23529548,Q23529548,Factory,,
Germany,Q183,http://www.wikidata.org/entity/Q24505400,Q24505400,Factory,,
Germany,Q183,http://www.wikidata.org/entity/Q24517342,Q24517342,Factory,,
Germany,Q183,http://www.wikidata.org/entity/Q22672173,Wiesenmühle,Factory,,
Germany,Q183,http://www.wikidata.org/entity/Q27972935,Q27972935,Factory,,
Germany,Q183,http://www.wikidata.org/entity/Q30539444,Q30539444,Factory,,
Germany,Q183,http://www.wikidata.org/entity/Q21036396,Frankfurter Brauhaus,Factory,,
Germany,Q183,http://www.wikidata.org/entity/Q21526007,Wiesbadener Kronen-Brauerei,Factory,,
Germany,Q183,http://www.wikidata.org/entity/Q22671687,Hochschul-Brauerei,Factory,,
Germany,Q183,http://www.wikidata.org/entity/Q22997015,1868 gegründete Bierbrauerei,Factory,,
Germany,Q183,http://www.wikidata.org/entity/Q23787604,Rhanerbräu,Factory,,
Germany,Q183,http://www.wikidata.org/entity/Q55743892,Q55743892,Factory,,
Germany,Q183,http://www.wikidata.org/entity/Q28062531,Staffelberg-Bräu,Factory,,
Germany,Q183,http://www.wikidata.org/entity/Q28748097,Hasen-Bräu,Factory,,
Germany,Q183,http://www.wikidata.org/entity/Q30016622,Rügener Insel Brauerei,Factory,,
Germany,Q183,http://www.wikidata.org/entity/Q41793806,Mercedes-Benz-Werk Hamburg,Factory,,
Germany,Q183,http://www.wikidata.org/entity/Q42773329,Bergquell-Brauerei Löbau,Factory,,
Germany,Q183,http://www.wikidata.org/entity/Q54826172,Schlossbrauerei Maxlrain,Factory,,
Germany,Q183,http://www.wikidata.org/entity/Q55075617,Schorschbräu,Factory,,
Germany,Q183,http://www.wikidata.org/entity/Q55756515,Schultheiss-Brauerei,Factory,,
Germany,Q183,http://www.wikidata.org/entity/Q109939941,A. Berger,Factory,,
Germany,Q183,http://www.wikidata.org/entity/Q124847921,Q124847921,Factory,,
Germany,Q183,http://www.wikidata.org/entity/Q125968250,Q125968250,Factory,,
Germany,Q183,http://www.wikidata.org/entity/Q127161623,Q127161623,Factory,,
Germany,Q183,http://www.wikidata.org/entity/Q88469303,Roman pottery and brick factory at Prittriching,Factory,,
Germany,Q183,http://www.wikidata.org/entity/Q114774386,Q114774386,Factory,,
Germany,Q183,http://www.wikidata.org/entity/Q12902498,Kupferhof Grünenthal,Factory,,
Germany,Q183,http://www.wikidata.org/entity/Q15040695,Kupferhof Rosenthal,Factory,,
Germany,Q183,http://www.wikidata.org/entity/Q72804352,chicory factory Wilhelm Bader,Factory,,
Germany,Q183,http://www.wikidata.org/entity/Q31841249,Laumans Ziegelwerke (Brüggen),Factory,,
Germany,Q183,http://www.wikidata.org/entity/Q111264453,Q111264453,Factory,,
Germany,Q183,http://www.wikidata.org/entity/Q115670843,Archaeological excavations in Prittriching,Factory,,
Germany,Q183,http://www.wikidata.org/entity/Q116189815,Ziegelei Pöll,Factory,,
Germany,Q183,http://www.wikidata.org/entity/Q133854305,Q133854305,Factory,,
Germany,Q183,http://www.wikidata.org/entity/Q134126658,Q134126658,Factory,,
Germany,Q183,http://www.wikidata.org/entity/Q123048959,Lumophon,Factory,,
Germany,Q183,http://www.wikidata.org/entity/Q123051223,Georg Seibt AG,Factory,,
Germany,Q183,http://www.wikidata.org/entity/Q123287043,Hannoversche Holzstifte-Fabrik Isenstein,Factory,,
Germany,Q183,http://www.wikidata.org/entity/Q123458181,"Pflüger, Köhler & Co.",Factory,,
Germany,Q183,http://www.wikidata.org/entity/Q123471503,Malzbierbrauerei Groterjan,Factory,,
Germany,Q183,http://www.wikidata.org/entity/Q109404231,Anton Lang,Factory,,
Germany,Q183,http://www.wikidata.org/entity/Q124410620,Just Normlicht,Factory,,
Germany,Q183,http://www.wikidata.org/entity/Q2740152,Q2740152,Factory,,
Germany,Q183,http://www.wikidata.org/entity/Q2752548,Q2752548,Factory,,
Germany,Q183,http://www.wikidata.org/entity/Q2801315,Q2801315,Factory,,
Germany,Q183,http://www.wikidata.org/entity/Q125349281,Happoldt-Brauerei,Factory,,
Germany,Q183,http://www.wikidata.org/entity/Q127539557,Lehmann & Wundenberg,Factory,,
Germany,Q183,http://www.wikidata.org/entity/Q199334,Zigarettenfabrik Derwisch,Factory,,
Germany,Q183,http://www.wikidata.org/entity/Q2710940,Haller Löwenbräu,Factory,,
Germany,Q183,http://www.wikidata.org/entity/Q2800096,Schwarzbräu,Factory,,
Germany,Q183,http://www.wikidata.org/entity/Q2809884,Zötler Brewery,Factory,,
Germany,Q183,http://www.wikidata.org/entity/Q3475578,Schwarze & Schlichte,Factory,,
Germany,Q183,http://www.wikidata.org/entity/Q111537793,bellfounder Schilling,Factory,,
Germany,Q183,http://www.wikidata.org/entity/Q631845,ArcelorMittal Eisenhüttenstadt,Factory,,
Germany,Q183,http://www.wikidata.org/entity/Q123502867,Georg Gerlach & Co.,Factory,,
Germany,Q183,http://www.wikidata.org/entity/Q131539003,"Busch, Barnewitz & Co.",Factory,,
Germany,Q183,http://www.wikidata.org/entity/Q1575409,Hermann Noack,Factory,,
Germany,Q183,http://www.wikidata.org/entity/Q100269110,Q100269110,Factory,,
Germany,Q183,http://www.wikidata.org/entity/Q64412799,Maschinenfabrik Zorge,Factory,,
Germany,Q183,http://www.wikidata.org/entity/Q63390359,Kyffhäuserstraße 72,Factory,,
Germany,Q183,http://www.wikidata.org/entity/Q63391343,Langerfelder Straße 129,Factory,,
Germany,Q183,http://www.wikidata.org/entity/Q64492104,Friedrich-Ebert-Straße 175,Factory,,
Germany,Q183,http://www.wikidata.org/entity/Q64492161,Friedrich-Ebert-Straße 172/172 a,Factory,,
Germany,Q183,http://www.wikidata.org/entity/Q111296895,Q111296895,Factory,,
Germany,Q183,http://www.wikidata.org/entity/Q111603960,Q111603960,Factory,,
Germany,Q183,http://www.wikidata.org/entity/Q107053112,E.G. Zimmerman,Factory,,
Germany,Q183,http://www.wikidata.org/entity/Q128790176,Q128790176,Factory,,
Germany,Q183,http://www.wikidata.org/entity/Q118877196,Q118877196,Factory,,
Germany,Q183,http://www.wikidata.org/entity/Q120991362,Q120991362,Factory,,
Germany,Q183,http://www.wikidata.org/entity/Q110934605,Haus Neuerburg,Factory,,
Germany,Q183,http://www.wikidata.org/entity/Q123492981,Q123492981,Factory,,
Germany,Q183,http://www.wikidata.org/entity/Q123497995,Q123497995,Factory,,
Germany,Q183,http://www.wikidata.org/entity/Q123502921,Q123502921,Factory,,
Germany,Q183,http://www.wikidata.org/entity/Q126952491,Q126952491,Factory,,
Germany,Q183,http://www.wikidata.org/entity/Q127541671,Q127541671,Factory,,
Germany,Q183,http://www.wikidata.org/entity/Q130344344,Q130344344,Factory,,
Germany,Q183,http://www.wikidata.org/entity/Q131403850,Q131403850,Factory,,
Germany,Q183,http://www.wikidata.org/entity/Q131784426,Q131784426,Factory,,
Germany,Q183,http://www.wikidata.org/entity/Q82325939,Bildgießerei Seiler,Factory,,
Germany,Q183,http://www.wikidata.org/entity/Q1689830,Q1689830,Factory,,
Germany,Q183,http://www.wikidata.org/entity/Q1720431,Q1720431,Factory,,
Germany,Q183,http://www.wikidata.org/entity/Q1764702,Q1764702,Factory,,
Germany,Q183,http://www.wikidata.org/entity/Q1786981,Q1786981,Factory,,
Germany,Q183,http://www.wikidata.org/entity/Q1959262,Q1959262,Factory,,
Germany,Q183,http://www.wikidata.org/entity/Q1959266,Q1959266,Factory,,
Germany,Q183,http://www.wikidata.org/entity/Q1959270,Q1959270,Factory,,
Germany,Q183,http://www.wikidata.org/entity/Q1959268,Q1959268,Factory,,
Germany,Q183,http://www.wikidata.org/entity/Q1959274,Q1959274,Factory,,
Germany,Q183,http://www.wikidata.org/entity/Q1959272,Q1959272,Factory,,
Germany,Q183,http://www.wikidata.org/entity/Q1959276,Q1959276,Factory,,
Germany,Q183,http://www.wikidata.org/entity/Q15221028,Q15221028,Factory,,
Germany,Q183,http://www.wikidata.org/entity/Q15836094,Q15836094,Factory,,
Germany,Q183,http://www.wikidata.org/entity/Q15836092,Q15836092,Factory,,
Germany,Q183,http://www.wikidata.org/entity/Q15836093,Q15836093,Factory,,
Germany,Q183,http://www.wikidata.org/entity/Q18629324,Q18629324,Factory,,
Germany,Q183,http://www.wikidata.org/entity/Q18629325,Q18629325,Factory,,
Germany,Q183,http://www.wikidata.org/entity/Q20192124,Q20192124,Factory,,
Germany,Q183,http://www.wikidata.org/entity/Q1521461,Magdeburg Mint,Factory,,
Germany,Q183,http://www.wikidata.org/entity/Q1668808,Colditz Mint,Factory,,
Germany,Q183,http://www.wikidata.org/entity/Q15551498,Clausthaler Münzstätte,Factory,,
Germany,Q183,http://www.wikidata.org/entity/Q113624597,Annaberg Mint,Factory,,
Germany,Q183,http://www.wikidata.org/entity/Q106683822,Q106683822,Factory,,
Germany,Q183,http://www.wikidata.org/entity/Q108922420,L. Chr. Lauer,Factory,,
Germany,Q183,http://www.wikidata.org/entity/Q110397103,Wiesbaden Mint,Factory,,
Germany,Q183,http://www.wikidata.org/entity/Q110644503,mint of Breitungen,Factory,,
Germany,Q183,http://www.wikidata.org/entity/Q110644515,mint of Hungen,Factory,,
Germany,Q183,http://www.wikidata.org/entity/Q110644537,mint of Minden,Factory,,
Germany,Q183,http://www.wikidata.org/entity/Q110644558,mint of Vacha,Factory,,
Germany,Q183,http://www.wikidata.org/entity/Q113624609,Neustrelitz Mint,Factory,,
Germany,Q183,http://www.wikidata.org/entity/Q113624603,Schneeberg Mint,Factory,,
Germany,Q183,http://www.wikidata.org/entity/Q113624619,Zwickau Mint,Factory,,
Germany,Q183,http://www.wikidata.org/entity/Q126963132,Q126963132,Factory,,
Germany,Q183,http://www.wikidata.org/entity/Q114210346,Hanover mint,Factory,,
Germany,Q183,http://www.wikidata.org/entity/Q28027779,Hirschmühle,Factory,,
Germany,Q183,http://www.wikidata.org/entity/Q169601,Q169601,Factory,,
Germany,Q183,http://www.wikidata.org/entity/Q2050695,Q2050695,Factory,,
Germany,Q183,http://www.wikidata.org/entity/Q2309882,Spiegelglashütte Friedrichsthal,Factory,,
Germany,Q183,http://www.wikidata.org/entity/Q1069415,Chemische Fabrik Gebrüder Gravenhorst,Factory,,
Germany,Q183,http://www.wikidata.org/entity/Q123509392,Carl Gentner,Factory,,
Germany,Q183,http://www.wikidata.org/entity/Q121439678,Papierfabrik Pauschwitz,Factory,,
Germany,Q183,http://www.wikidata.org/entity/Q1529674,Glasmalerei Peters,Factory,,
Germany,Q183,http://www.wikidata.org/entity/Q1543789,Vereinigte Ultramarinfabriken,Factory,,
Germany,Q183,http://www.wikidata.org/entity/Q2050737,Papiermühle Dillingen,Factory,,
Germany,Q183,http://www.wikidata.org/entity/Q15124287,Papierfabrik Baienfurt,Factory,,
Germany,Q183,http://www.wikidata.org/entity/Q121074137,Q121074137,Factory,,
Germany,Q183,http://www.wikidata.org/entity/Q123502731,Q123502731,Factory,,
Germany,Q183,http://www.wikidata.org/entity/Q104612528,Q104612528,Factory,,
Germany,Q183,http://www.wikidata.org/entity/Q104613044,Q104613044,Factory,,
Germany,Q183,http://www.wikidata.org/entity/Q126963668,Q126963668,Factory,,
Germany,Q183,http://www.wikidata.org/entity/Q68293085,Sappi Alfeld GmbH,Factory,,
Germany,Q183,http://www.wikidata.org/entity/Q1208766,Q1208766,Factory,,
Germany,Q183,http://www.wikidata.org/entity/Q124476555,Hannoversche Kaffeemanufaktur,Factory,,
Germany,Q183,http://www.wikidata.org/entity/Q107150278,G. Krautheim AG,Factory,,
Germany,Q183,http://www.wikidata.org/entity/Q2236342,Schirmer Kaffee,Factory,,
Germany,Q183,http://www.wikidata.org/entity/Q2494661,Union Rheinische Braunkohlen Kraftstoff AG,Factory,,
Germany,Q183,http://www.wikidata.org/entity/Q618706,Aplerbecker Hütte,Factory,,
Germany,Q183,http://www.wikidata.org/entity/Q101324254,Schwalbe III,Factory,,
Germany,Q183,http://www.wikidata.org/entity/Q134113262,Q134113262,Factory,,
Germany,Q183,http://www.wikidata.org/entity/Q47014777,Q47014777,Factory,,
Germany,Q183,http://www.wikidata.org/entity/Q60411397,Q60411397,Factory,,
Germany,Q183,http://www.wikidata.org/entity/Q95219290,Q95219290,Factory,,
Germany,Q183,http://www.wikidata.org/entity/Q133858369,Q133858369,Factory,,
Germany,Q183,http://www.wikidata.org/entity/Q111971512,W. Drugulin,Factory,,
Germany,Q183,http://www.wikidata.org/entity/Q124515033,Q124515033,Factory,,
Germany,Q183,http://www.wikidata.org/entity/Q76415208,Knödgen Edel-Keramik,Factory,,
Germany,Q183,http://www.wikidata.org/entity/Q76416111,Wekara,Factory,,
Germany,Q183,http://www.wikidata.org/entity/Q76417058,Schlossberg Keramik,Factory,,
Germany,Q183,http://www.wikidata.org/entity/Q77826199,Eiwa Keramik,Factory,,
Germany,Q183,http://www.wikidata.org/entity/Q77827494,Alfred Klein Keramik,Factory,,
Germany,Q183,http://www.wikidata.org/entity/Q77828096,Jopeko Keramik,Factory,,
Germany,Q183,http://www.wikidata.org/entity/Q77847287,Marzi & Remy,Factory,,
Germany,Q183,http://www.wikidata.org/entity/Q77850227,Reinhold Merkelbach Manufaktur,Factory,,
Germany,Q183,http://www.wikidata.org/entity/Q134100540,Q134100540,Factory,,
Germany,Q183,http://www.wikidata.org/entity/Q2132865,Q2132865,Factory,,
Germany,Q183,http://www.wikidata.org/entity/Q1312886,Eisengießerei Torgelow,Factory,,
Germany,Q183,http://www.wikidata.org/entity/Q1466588,Ottensener Eisenwerk,Factory,,
Germany,Q183,http://www.wikidata.org/entity/Q1576267,Hannoversche Eisengießerei und Maschinenfabrik,Factory,,
Germany,Q183,http://www.wikidata.org/entity/Q2179681,Römheld & Moelle,Factory,,
Germany,Q183,http://www.wikidata.org/entity/Q25245329,Aktien-Gesellschaft Gladenbeck,Factory,,
Germany,Q183,http://www.wikidata.org/entity/Q105964313,Paul Otto,Factory,,
Germany,Q183,http://www.wikidata.org/entity/Q107094194,Vereinigte Jute-Spinnereien und Webereien,Factory,,
Germany,Q183,http://www.wikidata.org/entity/Q131471465,Q131471465,Factory,,
Germany,Q183,http://www.wikidata.org/entity/Q134974405,Q134974405,Factory,,
Germany,Q183,http://www.wikidata.org/entity/Q123360431,Kunstgießerei München,Factory,,
Germany,Q183,http://www.wikidata.org/entity/Q2225718,Q2225718,Factory,,
Germany,Q183,http://www.wikidata.org/entity/Q91099662,Leonardo Glass,Factory,,
Germany,Q183,http://www.wikidata.org/entity/Q95576774,Glasfabrik Antonienhütte,Factory,,
Germany,Q183,http://www.wikidata.org/entity/Q97153984,Abtsbessingen pottery factory,Factory,,
Germany,Q183,http://www.wikidata.org/entity/Q65090170,Carstens,Factory,,
Germany,Q183,http://www.wikidata.org/entity/Q95971447,Q95971447,Factory,,
Germany,Q183,http://www.wikidata.org/entity/Q55758951,Eduard Bay Keramikfabriken,Factory,,
Germany,Q183,http://www.wikidata.org/entity/Q97105166,Höchst Ceramics Factory,Factory,,
Germany,Q183,http://www.wikidata.org/entity/Q97697322,Burgau Porcelain Factory,Factory,,
Germany,Q183,http://www.wikidata.org/entity/Q97705079,Mosbach Pottery,Factory,,
Germany,Q183,http://www.wikidata.org/entity/Q97731859,Rheinsberg Pottery,Factory,,
Germany,Q183,http://www.wikidata.org/entity/Q97960998,Potschappel Porcelain Factory,Factory,,
Germany,Q183,http://www.wikidata.org/entity/Q108287679,Q108287679,Factory,,
Germany,Q183,http://www.wikidata.org/entity/Q104654863,Epstein-Glashütten,Factory,,
Germany,Q183,http://www.wikidata.org/entity/Q65088619,Dümler & Breiden,Factory,,
Germany,Q183,http://www.wikidata.org/entity/Q65091067,ES Keramik,Factory,,
Germany,Q183,http://www.wikidata.org/entity/Q105171430,Marei,Factory,,
Germany,Q183,http://www.wikidata.org/entity/Q105171795,Otto Keramik,Factory,,
Germany,Q183,http://www.wikidata.org/entity/Q105172566,Simon Peter Gerz,Factory,,
Germany,Q183,http://www.wikidata.org/entity/Q105173267,Silberdistel Keramik,Factory,,
Germany,Q183,http://www.wikidata.org/entity/Q105173624,Spara Keramik,Factory,,
Germany,Q183,http://www.wikidata.org/entity/Q67196834,Strehla Keramik,Factory,,
Germany,Q183,http://www.wikidata.org/entity/Q107094918,S.P. Devaranne,Factory,,
Germany,Q183,http://www.wikidata.org/entity/Q67525162,Fohr Keramik,Factory,,
Germany,Q183,http://www.wikidata.org/entity/Q115207589,Q115207589,Factory,,
Germany,Q183,http://www.wikidata.org/entity/Q71036286,Ü Keramik,Factory,,
Germany,Q183,http://www.wikidata.org/entity/Q71039452,Ruscha Keramik,Factory,,
Germany,Q183,http://www.wikidata.org/entity/Q71041091,Sawa Keramik,Factory,,
Germany,Q183,http://www.wikidata.org/entity/Q71699762,Kreutz Keramik,Factory,,
Germany,Q183,http://www.wikidata.org/entity/Q110946136,"Gießerei Deutz-Fahr-Straße 1, Nähe Hanns-Martin-Schleyer-Straße, Wittislinger Straße 7 in Lauingen (Donau)",Factory,,
Kenya,Q114,http://www.wikidata.org/entity/Q124307364,The Colonial Printing Works,Factory,,
Kenya,Q114,http://www.wikidata.org/entity/Q493271,East African Breweries,Factory,,
Electorate of Bavaria,Q256961,http://www.wikidata.org/entity/Q108922420,L. Chr. Lauer,Factory,,
Uruguay,Q77,http://www.wikidata.org/entity/Q122497090,Palacio Sudamerica,Factory,,
Uruguay,Q77,http://www.wikidata.org/entity/Q133876947,Q133876947,Factory,,
Spain,Q29,http://www.wikidata.org/entity/Q20106834,Q20106834,Factory,,
Spain,Q29,http://www.wikidata.org/entity/Q20615085,Q20615085,Factory,,
Spain,Q29,http://www.wikidata.org/entity/Q20106872,Victoria,Factory,,
Spain,Q29,http://www.wikidata.org/entity/Q23498335,Q23498335,Factory,,
Spain,Q29,http://www.wikidata.org/entity/Q23928341,Q23928341,Factory,,
Spain,Q29,http://www.wikidata.org/entity/Q23928407,Q23928407,Factory,,
Spain,Q29,http://www.wikidata.org/entity/Q19367828,Casa-fàbrica Llenas,Factory,,
Spain,Q29,http://www.wikidata.org/entity/Q20876487,Perfumery Parera,Factory,,
Spain,Q29,http://www.wikidata.org/entity/Q23809791,Fábrica de blondas y encajes Castells,Factory,,
Spain,Q29,http://www.wikidata.org/entity/Q23928359,Butsems i Fradera,Factory,,
Spain,Q29,http://www.wikidata.org/entity/Q24940952,Azucarera de Pravia,Factory,,
Spain,Q29,http://www.wikidata.org/entity/Q41794598,Fábrica de papel La Guadalupe,Factory,,
Spain,Q29,http://www.wikidata.org/entity/Q85195023,Teuleria de Can Biel,Factory,,
Spain,Q29,http://www.wikidata.org/entity/Q85199870,Rajoleria de la Noguera,Factory,,
Spain,Q29,http://www.wikidata.org/entity/Q85200473,Forn de calç del torrent de Bolederes,Factory,,
Spain,Q29,http://www.wikidata.org/entity/Q85200479,Forn de la Torre de Casanova,Factory,,
Spain,Q29,http://www.wikidata.org/entity/Q41833038,Papelera Guipuzcoana de Zicuñaga,Factory,,
Spain,Q29,http://www.wikidata.org/entity/Q96216673,Rajoleria Caselles,Factory,,
Spain,Q29,http://www.wikidata.org/entity/Q96216677,Rajoleria de Can Vilar,Factory,,
Spain,Q29,http://www.wikidata.org/entity/Q96216681,Rajoleria Cadamont,Factory,,
Spain,Q29,http://www.wikidata.org/entity/Q28503186,Nolla Mosaic Tile,Factory,,
Spain,Q29,http://www.wikidata.org/entity/Q28711414,Rajoleria Can Quintana,Factory,,
Spain,Q29,http://www.wikidata.org/entity/Q28711482,Rajoleria Punxaserra,Factory,,
Spain,Q29,http://www.wikidata.org/entity/Q28711481,Rajoleria Bosc de la Pedrera,Factory,,
Spain,Q29,http://www.wikidata.org/entity/Q49780683,Taller Casa de Bach,Factory,,
Spain,Q29,http://www.wikidata.org/entity/Q65205115,La Sopa,Factory,,
Spain,Q29,http://www.wikidata.org/entity/Q27679560,Vapor Amat,Factory,,
Spain,Q29,http://www.wikidata.org/entity/Q65205723,Forn de Ca l'Anglada,Factory,,
Spain,Q29,http://www.wikidata.org/entity/Q65206522,Forn de Can Masdemont,Factory,,
Spain,Q29,http://www.wikidata.org/entity/Q65208963,Fornàs de Prullans,Factory,,
Spain,Q29,http://www.wikidata.org/entity/Q97605530,Fabrica de Harinas la Milagrosa,Factory,,
Spain,Q29,http://www.wikidata.org/entity/Q97605547,Fábrica la Posible,Factory,,
Spain,Q29,http://www.wikidata.org/entity/Q97605778,Molino de la Herrería,Factory,,
Spain,Q29,http://www.wikidata.org/entity/Q97619748,Fábrica de cervezas de Santander SA Skol y Cruz Blanca,Factory,,
Spain,Q29,http://www.wikidata.org/entity/Q97620947,Vivienda 0080,Factory,,
Spain,Q29,http://www.wikidata.org/entity/Q97625059,Fábrica de sémolas y harinas Salamanca,Factory,,
Spain,Q29,http://www.wikidata.org/entity/Q97625730,Fábrica de Harinas San Pedro,Factory,,
Spain,Q29,http://www.wikidata.org/entity/Q97625731,Fábrica de Harinas Rodriguez,Factory,,
Spain,Q29,http://www.wikidata.org/entity/Q97626338,Fábrica de harinas y aceites La Ascensión,Factory,,
Spain,Q29,http://www.wikidata.org/entity/Q97626570,Fábrica de Tejidos San José,Factory,,
Spain,Q29,http://www.wikidata.org/entity/Q97626662,Lejias Soluecena,Factory,,
Spain,Q29,http://www.wikidata.org/entity/Q97627566,Fábrica de Orujo,Factory,,
Spain,Q29,http://www.wikidata.org/entity/Q97627751,Fábrica de harina de Encinasola,Factory,,
Spain,Q29,http://www.wikidata.org/entity/Q97627952,Fábrica de harinas La Comunal,Factory,,
Spain,Q29,http://www.wikidata.org/entity/Q97628431,Fábrica de Harinas,Factory,,
Spain,Q29,http://www.wikidata.org/entity/Q97628892,Cocedero de Corcho y Fábrica de Tapones,Factory,,
Spain,Q29,http://www.wikidata.org/entity/Q97628893,Cocedero de Corcho,Factory,,
Spain,Q29,http://www.wikidata.org/entity/Q97631040,Fábrica Hermanos Torres González,Factory,,
Spain,Q29,http://www.wikidata.org/entity/Q97631041,Fábrica de Herederos de Ildefonso Espinosa Jiménez,Factory,,
Spain,Q29,http://www.wikidata.org/entity/Q97632190,Fábrica de Harina Mengibar,Factory,,
Spain,Q29,http://www.wikidata.org/entity/Q97632196,Molino Harinero Nuestra Señora del Carmen,Factory,,
Spain,Q29,http://www.wikidata.org/entity/Q97634470,Panificadora Nuestra Señora del Perpetuo Socorro,Factory,,
Spain,Q29,http://www.wikidata.org/entity/Q97639260,Molino de Aceite y Fábrica de Jabón,Factory,,
Spain,Q29,http://www.wikidata.org/entity/Q97639461,Fábrica de Jabones,Factory,,
Spain,Q29,http://www.wikidata.org/entity/Q97639600,Panadería y Molino de José Martin,Factory,,
Spain,Q29,http://www.wikidata.org/entity/Q97639765,Silo de malta y edificio de Conocimiento de la fábrica de cervezas La Cruz del Campo,Factory,,
Spain,Q29,http://www.wikidata.org/entity/Q97640005,Fábrica de Corcho Diego Rodriguez,Factory,,
Spain,Q29,http://www.wikidata.org/entity/Q97640902,La Colchona (Estepa),Factory,,
Spain,Q29,http://www.wikidata.org/entity/Q97641121,Molino del Corcho,Factory,,
Spain,Q29,http://www.wikidata.org/entity/Q97641243,Fábrica de Harina Manolo Benítez Vila,Factory,,
Spain,Q29,http://www.wikidata.org/entity/Q97641247,Fábrica de Oxido de Hierro,Factory,,
Spain,Q29,http://www.wikidata.org/entity/Q97642049,Fábrica Cydeplas,Factory,,
Spain,Q29,http://www.wikidata.org/entity/Q97648554,"Fábrica La Cartuja de Sevilla. Pickman, S.A.",Factory,,
Spain,Q29,http://www.wikidata.org/entity/Q97652227,Fábrica de Cera,Factory,,
Spain,Q29,http://www.wikidata.org/entity/Q97652233,La Fábrica de Harina,Factory,,
Spain,Q29,http://www.wikidata.org/entity/Q97622378,Cueva de los Tocinos,Factory,,
Spain,Q29,http://www.wikidata.org/entity/Q97617127,Cortijo de Las Bombas,Factory,,
Spain,Q29,http://www.wikidata.org/entity/Q97633756,Apeadero de los Remedios,Factory,,
Spain,Q29,http://www.wikidata.org/entity/Q97623665,Los llanos,Factory,,
Spain,Q29,http://www.wikidata.org/entity/Q97485249,Q97485249,Factory,,
Spain,Q29,http://www.wikidata.org/entity/Q97485647,Q97485647,Factory,,
Spain,Q29,http://www.wikidata.org/entity/Q98058788,Q98058788,Factory,,
Spain,Q29,http://www.wikidata.org/entity/Q98059583,Q98059583,Factory,,
Spain,Q29,http://www.wikidata.org/entity/Q98059592,Q98059592,Factory,,
Spain,Q29,http://www.wikidata.org/entity/Q98059598,Q98059598,Factory,,
Spain,Q29,http://www.wikidata.org/entity/Q98059597,Q98059597,Factory,,
Spain,Q29,http://www.wikidata.org/entity/Q97604588,Casa de la Palma,Factory,,
Spain,Q29,http://www.wikidata.org/entity/Q97628657,Llano de la Peregrina,Factory,,
Spain,Q29,http://www.wikidata.org/entity/Q97639760,Hispano Aviación,Factory,,
Spain,Q29,http://www.wikidata.org/entity/Q97633914,Chimenea de la Azucarera,Factory,,
Spain,Q29,http://www.wikidata.org/entity/Q97620419,Fábrica de Paños de la Ribera de Guadiovar,Factory,,
Spain,Q29,http://www.wikidata.org/entity/Q96241278,Rajoleria del Saltant del Fontanil,Factory,,
Spain,Q29,http://www.wikidata.org/entity/Q96244857,Teuleria de Santaló,Factory,,
Spain,Q29,http://www.wikidata.org/entity/Q96253207,Rajoleria Pallars,Factory,,
Spain,Q29,http://www.wikidata.org/entity/Q96315658,Rajoleria de l'obaga de l'Arguilagó,Factory,,
Spain,Q29,http://www.wikidata.org/entity/Q96474985,Teuleria de Sant Miquel de la Vall,Factory,,
Spain,Q29,http://www.wikidata.org/entity/Q96607864,Teuleria la Guinardera,Factory,,
Spain,Q29,http://www.wikidata.org/entity/Q98092091,Forn rajoler del Molí de l'Estudiant,Factory,,
Spain,Q29,http://www.wikidata.org/entity/Q98092094,Forn del camí dels Molins Vells,Factory,,
Spain,Q29,http://www.wikidata.org/entity/Q98092100,Forn del Mas d'en Francisco,Factory,,
Spain,Q29,http://www.wikidata.org/entity/Q98092111,Forn rajoler dels Horts,Factory,,
Spain,Q29,http://www.wikidata.org/entity/Q98092108,Forn rajoler Mas Collet,Factory,,
Spain,Q29,http://www.wikidata.org/entity/Q98092122,Forn rajoler Mas d'en Francisco II,Factory,,
Spain,Q29,http://www.wikidata.org/entity/Q98092124,Forn rajoler Mas d'en Francisco I,Factory,,
Spain,Q29,http://www.wikidata.org/entity/Q98219606,Forn d'obra del Pinyol,Factory,,
Spain,Q29,http://www.wikidata.org/entity/Q98219640,Forn rajoler de l'Esteve,Factory,,
Spain,Q29,http://www.wikidata.org/entity/Q98219655,Forn rajoler del barranc de l'Horta,Factory,,
Spain,Q29,http://www.wikidata.org/entity/Q98219658,Forn del Rosalí,Factory,,
Spain,Q29,http://www.wikidata.org/entity/Q98219680,Forn rajoler Castellets,Factory,,
Spain,Q29,http://www.wikidata.org/entity/Q98396019,Forn rajoler del Mas de Pere Jeroni,Factory,,
Spain,Q29,http://www.wikidata.org/entity/Q98396035,Forn rajoler de Cal Vall,Factory,,
Spain,Q29,http://www.wikidata.org/entity/Q98396033,Forn rajoler del Mas d'en Compte,Factory,,
Spain,Q29,http://www.wikidata.org/entity/Q98396039,Forn d'obra de Cal Pallejà I,Factory,,
Spain,Q29,http://www.wikidata.org/entity/Q98396037,Forn rajoler Mas de Marimon,Factory,,
Spain,Q29,http://www.wikidata.org/entity/Q98396043,Forn d'obra de Cal Pallejà Gran,Factory,,
Spain,Q29,http://www.wikidata.org/entity/Q98396041,Forn d'obra de Cal Vinyes,Factory,,
Spain,Q29,http://www.wikidata.org/entity/Q98396045,Forn rajoler Mas d'en Doix,Factory,,
Spain,Q29,http://www.wikidata.org/entity/Q98396048,Forn rajoler Closa del Viola,Factory,,
Spain,Q29,http://www.wikidata.org/entity/Q98396049,Forn rajoler Alcera,Factory,,
Spain,Q29,http://www.wikidata.org/entity/Q98396059,Forn rajoler los Planets,Factory,,
Spain,Q29,http://www.wikidata.org/entity/Q98396057,Forn rajoler de les Sors,Factory,,
Spain,Q29,http://www.wikidata.org/entity/Q56379648,Q56379648,Factory,,
Spain,Q29,http://www.wikidata.org/entity/Q56654066,Fábrica de harinas La Aurora,Factory,,
Spain,Q29,http://www.wikidata.org/entity/Q106518756,Forn de los Ribers I,Factory,,
Spain,Q29,http://www.wikidata.org/entity/Q106518757,Forn de los Ribers II,Factory,,
Spain,Q29,http://www.wikidata.org/entity/Q106518766,Forn de totxo Mas de la Bossa I,Factory,,
Spain,Q29,http://www.wikidata.org/entity/Q106518813,Forn del Mas de Garrupo,Factory,,
Spain,Q29,http://www.wikidata.org/entity/Q106518809,Teuleria de les Planetes,Factory,,
Spain,Q29,http://www.wikidata.org/entity/Q106637086,Forn de totxo de Quatre Camins,Factory,,
Spain,Q29,http://www.wikidata.org/entity/Q106637087,Forn de totxo del Barranc de la Figuerassa,Factory,,
Spain,Q29,http://www.wikidata.org/entity/Q106637088,Forn de les Valls,Factory,,
Spain,Q29,http://www.wikidata.org/entity/Q106637085,Teuleria de la Font Vella,Factory,,
Spain,Q29,http://www.wikidata.org/entity/Q106712483,Teuleria de la vila de Llaers,Factory,,
Spain,Q29,http://www.wikidata.org/entity/Q107276105,Forns de les Sorts,Factory,,
Spain,Q29,http://www.wikidata.org/entity/Q107370356,Teuleria de la Grallera,Factory,,
Spain,Q29,http://www.wikidata.org/entity/Q107370357,Teuleria de los Plans,Factory,,
Spain,Q29,http://www.wikidata.org/entity/Q107424014,Forns de la Serra Blanca,Factory,,
Spain,Q29,http://www.wikidata.org/entity/Q107492708,Teuleria de la Bassabona,Factory,,
Spain,Q29,http://www.wikidata.org/entity/Q108039946,Forn de l'Oliva,Factory,,
Spain,Q29,http://www.wikidata.org/entity/Q108061114,Forn de Gelabert,Factory,,
Spain,Q29,http://www.wikidata.org/entity/Q108061113,Rajoleria de Cal Teixidor,Factory,,
Spain,Q29,http://www.wikidata.org/entity/Q108075671,Forn de Cortielles,Factory,,
Spain,Q29,http://www.wikidata.org/entity/Q108075669,Rajoleria de les Cases Altes,Factory,,
Spain,Q29,http://www.wikidata.org/entity/Q108120418,Forn del barranc de Maçana,Factory,,
Spain,Q29,http://www.wikidata.org/entity/Q108120419,Forn de Cavallol,Factory,,
Spain,Q29,http://www.wikidata.org/entity/Q108120420,Forn de Vilardaga,Factory,,
Spain,Q29,http://www.wikidata.org/entity/Q108120421,Forn de la Codina,Factory,,
Spain,Q29,http://www.wikidata.org/entity/Q117778943,Q117778943,Factory,,
Spain,Q29,http://www.wikidata.org/entity/Q113552543,Forn de Can Vinyals,Factory,,
Spain,Q29,http://www.wikidata.org/entity/Q118645026,Rajoleria de Can Valls,Factory,,
Spain,Q29,http://www.wikidata.org/entity/Q97619179,Punta Macotilla,Factory,,
Spain,Q29,http://www.wikidata.org/entity/Q97620149,Casa romana de la Calle Juan Ramón Jiménez nº 5,Factory,,
Spain,Q29,http://www.wikidata.org/entity/Q97620230,Puerto 4,Factory,,
Spain,Q29,http://www.wikidata.org/entity/Q97620146,Necrópolis de la Plaza Asdrúbal esquina Paseo Marítimo,Factory,,
Spain,Q29,http://www.wikidata.org/entity/Q97617028,Puerto 10,Factory,,
Spain,Q29,http://www.wikidata.org/entity/Q97617277,Necrópolis de la Avenida de Andalucía,Factory,,
Spain,Q29,http://www.wikidata.org/entity/Q97618971,Torre de Don Rodrigo,Factory,,
Spain,Q29,http://www.wikidata.org/entity/Q97616965,Puerto 14,Factory,,
Spain,Q29,http://www.wikidata.org/entity/Q97617118,Calle Sacramento (Medina-Sidonia),Factory,,
Spain,Q29,http://www.wikidata.org/entity/Q98836893,Real Fábrica de Relojes,Factory,,
Spain,Q29,http://www.wikidata.org/entity/Q98060937,Fábrica de papel,Factory,,
Spain,Q29,http://www.wikidata.org/entity/Q97617750,Piletas de Salazón romanas del Baluarte de San Felipe,Factory,,
Spain,Q29,http://www.wikidata.org/entity/Q97616964,Puerto 12,Factory,,
Spain,Q29,http://www.wikidata.org/entity/Q97617023,Puerto 5,Factory,,
Spain,Q29,http://www.wikidata.org/entity/Q97602311,Balsas de Salazón. Guardias Viejas,Factory,,
Spain,Q29,http://www.wikidata.org/entity/Q97620231,Puerto 8,Factory,,
Spain,Q29,http://www.wikidata.org/entity/Q97617029,Puerto 11,Factory,,
Spain,Q29,http://www.wikidata.org/entity/Q97620532,Baessippo,Factory,,
Spain,Q29,http://www.wikidata.org/entity/Q97617258,"Necrópolis de la Calle Marqués de Coprani nº 5,7",Factory,,
Spain,Q29,http://www.wikidata.org/entity/Q97617749,Piletas romanas del Baluarte de los Martires,Factory,,
Spain,Q29,http://www.wikidata.org/entity/Q97620154,Necrópolis de la Calle General García Escamez,Factory,,
Spain,Q29,http://www.wikidata.org/entity/Q97617021,Puerto I,Factory,,
Spain,Q29,http://www.wikidata.org/entity/Q97617027,Puerto 9,Factory,,
Spain,Q29,http://www.wikidata.org/entity/Q97617541,Necrópolis de la Calle Gregorio Marañón,Factory,,
Spain,Q29,http://www.wikidata.org/entity/Q97616967,Puerto 16,Factory,,
Spain,Q29,http://www.wikidata.org/entity/Q97618965,Getares II,Factory,,
Spain,Q29,http://www.wikidata.org/entity/Q97619268,Cala del Tesorillo,Factory,,
Spain,Q29,http://www.wikidata.org/entity/Q97617764,Piletas de salazón del Barrio de San Carlos,Factory,,
Spain,Q29,http://www.wikidata.org/entity/Q98059618,Q98059618,Factory,,
Spain,Q29,http://www.wikidata.org/entity/Q98059621,Q98059621,Factory,,
Spain,Q29,http://www.wikidata.org/entity/Q98059631,Q98059631,Factory,,
Spain,Q29,http://www.wikidata.org/entity/Q98059628,Q98059628,Factory,,
Spain,Q29,http://www.wikidata.org/entity/Q98059634,Q98059634,Factory,,
Spain,Q29,http://www.wikidata.org/entity/Q98059633,Q98059633,Factory,,
Spain,Q29,http://www.wikidata.org/entity/Q98059638,Q98059638,Factory,,
Spain,Q29,http://www.wikidata.org/entity/Q98059636,Q98059636,Factory,,
Spain,Q29,http://www.wikidata.org/entity/Q98059643,Q98059643,Factory,,
Spain,Q29,http://www.wikidata.org/entity/Q98059641,Q98059641,Factory,,
Spain,Q29,http://www.wikidata.org/entity/Q98059644,Q98059644,Factory,,
Spain,Q29,http://www.wikidata.org/entity/Q98059648,Q98059648,Factory,,
Spain,Q29,http://www.wikidata.org/entity/Q98060962,Q98060962,Factory,,
Spain,Q29,http://www.wikidata.org/entity/Q98060961,Q98060961,Factory,,
Spain,Q29,http://www.wikidata.org/entity/Q98060987,Q98060987,Factory,,
Spain,Q29,http://www.wikidata.org/entity/Q98061002,Q98061002,Factory,,
Spain,Q29,http://www.wikidata.org/entity/Q98061048,Q98061048,Factory,,
Spain,Q29,http://www.wikidata.org/entity/Q98498494,Q98498494,Factory,,
Spain,Q29,http://www.wikidata.org/entity/Q98502717,Q98502717,Factory,,
Spain,Q29,http://www.wikidata.org/entity/Q97616913,Cabeza Al-Caide III,Factory,,
Spain,Q29,http://www.wikidata.org/entity/Q97616968,Puerto 20,Factory,,
Spain,Q29,http://www.wikidata.org/entity/Q98060833,Q98060833,Factory,,
Spain,Q29,http://www.wikidata.org/entity/Q97619503,Gallineras,Factory,,
Spain,Q29,http://www.wikidata.org/entity/Q97617025,Puerto 7,Factory,,
Spain,Q29,http://www.wikidata.org/entity/Q97620515,Playa de Caños,Factory,,
Spain,Q29,http://www.wikidata.org/entity/Q97617049,Factorías de Salazones Púnico-Gaditanas,Factory,,
Spain,Q29,http://www.wikidata.org/entity/Q97620363,Zona de Punta Carnero,Factory,,
Spain,Q29,http://www.wikidata.org/entity/Q97617534,Necrópolis de la Calle Enrique Calvo,Factory,,
Spain,Q29,http://www.wikidata.org/entity/Q97620538,Cabo Trafalgar II,Factory,,
Spain,Q29,http://www.wikidata.org/entity/Q97620177,Piletas de salazón de la calle Felipe Abarzuza,Factory,,
Spain,Q29,http://www.wikidata.org/entity/Q97620132,Teatro de Andalucía,Factory,,
Spain,Q29,http://www.wikidata.org/entity/Q97620143,Factoría de salazón del Baluarte Santa Catalina,Factory,,
Spain,Q29,http://www.wikidata.org/entity/Q97619263,Torreguadiaro,Factory,,
Spain,Q29,http://www.wikidata.org/entity/Q97619177,Punta Camarinal Este,Factory,,
Spain,Q29,http://www.wikidata.org/entity/Q97620594,Hotel Dos Mares,Factory,,
Spain,Q29,http://www.wikidata.org/entity/Q97617022,Puerto 3,Factory,,
Spain,Q29,http://www.wikidata.org/entity/Q97620526,Barbate I. Factoría de salazones de Barbate,Factory,,
Spain,Q29,http://www.wikidata.org/entity/Q5669851,Q5669851,Factory,,
Spain,Q29,http://www.wikidata.org/entity/Q5872101,Q5872101,Factory,,
Spain,Q29,http://www.wikidata.org/entity/Q6123484,Q6123484,Factory,,
Spain,Q29,http://www.wikidata.org/entity/Q9081637,Q9081637,Factory,,
Spain,Q29,http://www.wikidata.org/entity/Q11954346,Q11954346,Factory,,
Spain,Q29,http://www.wikidata.org/entity/Q11954345,Q11954345,Factory,,
Spain,Q29,http://www.wikidata.org/entity/Q12201031,Q12201031,Factory,,
Spain,Q29,http://www.wikidata.org/entity/Q3315907,Mirat,Factory,,
Spain,Q29,http://www.wikidata.org/entity/Q96216803,Rajoleria Can Bacallà,Factory,,
Spain,Q29,http://www.wikidata.org/entity/Q94375336,Crystal and Glass Factory of Santa Lucía,Factory,,
Spain,Q29,http://www.wikidata.org/entity/Q97605831,Cerámica Accitana Nuestra Señora de las Angustias,Factory,,
Spain,Q29,http://www.wikidata.org/entity/Q97626767,Fábrica de Ladrillos Francisco Piedra,Factory,,
Spain,Q29,http://www.wikidata.org/entity/Q97629166,Fábrica de Ladrillos San Cristóbal,Factory,,
Spain,Q29,http://www.wikidata.org/entity/Q97629167,Fábrica de Ladrillos COOCERAM,Factory,,
Spain,Q29,http://www.wikidata.org/entity/Q97629164,Fábrica de Ladrillos el Portichuelo,Factory,,
Spain,Q29,http://www.wikidata.org/entity/Q97629165,Fábrica de Ladrillos la Piedad,Factory,,
Spain,Q29,http://www.wikidata.org/entity/Q97629171,Fábrica de Ladrillos San Jacinto,Factory,,
Spain,Q29,http://www.wikidata.org/entity/Q97629173,Fábrica de Ladrillos Europa,Factory,,
Spain,Q29,http://www.wikidata.org/entity/Q97640465,Fábrica de Ladrillos la Carulense,Factory,,
Spain,Q29,http://www.wikidata.org/entity/Q97649212,Ladrillar de Albaida,Factory,,
Spain,Q29,http://www.wikidata.org/entity/Q15177280,Fábrica de Mieres,Factory,,
Spain,Q29,http://www.wikidata.org/entity/Q5853224,Rheinmetall Expal Munitions,Factory,,
Spain,Q29,http://www.wikidata.org/entity/Q6101922,Real Fábrica de Lencería de San Ildefonso,Factory,,
Spain,Q29,http://www.wikidata.org/entity/Q6101928,Real Fábrica de Platería Martínez,Factory,,
Spain,Q29,http://www.wikidata.org/entity/Q6102199,Real Fábrica de Artillería de Jimena de la Frontera,Factory,,
Spain,Q29,http://www.wikidata.org/entity/Q85953061,Niessen,Factory,,
Spain,Q29,http://www.wikidata.org/entity/Q98057718,Q98057718,Factory,,
Spain,Q29,http://www.wikidata.org/entity/Q64831156,El Xurro textile factory,Factory,,
Spain,Q29,http://www.wikidata.org/entity/Q108760195,Litografía de Faure,Factory,,
Spain,Q29,http://www.wikidata.org/entity/Q112123388,Casa-fàbrica Manich,Factory,,
Spain,Q29,http://www.wikidata.org/entity/Q117770926,Fábrica del Reino,Factory,,
Spain,Q29,http://www.wikidata.org/entity/Q51882348,Barcelona Beer Company,Factory,,
Spain,Q29,http://www.wikidata.org/entity/Q112061364,Q112061364,Factory,,
Spain,Q29,http://www.wikidata.org/entity/Q112256083,Q112256083,Factory,,
Spain,Q29,http://www.wikidata.org/entity/Q112320456,Q112320456,Factory,,
Spain,Q29,http://www.wikidata.org/entity/Q112334537,Q112334537,Factory,,
Spain,Q29,http://www.wikidata.org/entity/Q113968676,Q113968676,Factory,,
Spain,Q29,http://www.wikidata.org/entity/Q114135434,Q114135434,Factory,,
Spain,Q29,http://www.wikidata.org/entity/Q114666800,Q114666800,Factory,,
Spain,Q29,http://www.wikidata.org/entity/Q114681575,Q114681575,Factory,,
Spain,Q29,http://www.wikidata.org/entity/Q114867335,Q114867335,Factory,,
Spain,Q29,http://www.wikidata.org/entity/Q115286440,Q115286440,Factory,,
Spain,Q29,http://www.wikidata.org/entity/Q117754885,Q117754885,Factory,,
Spain,Q29,http://www.wikidata.org/entity/Q117777777,Q117777777,Factory,,
Spain,Q29,http://www.wikidata.org/entity/Q117777878,Q117777878,Factory,,
Spain,Q29,http://www.wikidata.org/entity/Q109740498,Almatret cement factory,Factory,,
Spain,Q29,http://www.wikidata.org/entity/Q110010419,Sevilla Renault Factory,Factory,,
Spain,Q29,http://www.wikidata.org/entity/Q111829260,Artillery Factory of Toledo,Factory,,
Spain,Q29,http://www.wikidata.org/entity/Q112073393,Fábrica de cerámica La Roqueta,Factory,,
Spain,Q29,http://www.wikidata.org/entity/Q112728026,Fàbrica d'indianes de Pau i Jacint Ramon,Factory,,
Spain,Q29,http://www.wikidata.org/entity/Q113044459,Casa Vallescà,Factory,,
Spain,Q29,http://www.wikidata.org/entity/Q113142175,Casa-fàbrica Lebret,Factory,,
Spain,Q29,http://www.wikidata.org/entity/Q124473257,Fàbrica de xocolata de Climent Guàrdia,Factory,,
Spain,Q29,http://www.wikidata.org/entity/Q98059600,Q98059600,Factory,,
Spain,Q29,http://www.wikidata.org/entity/Q98061802,Q98061802,Factory,,
Spain,Q29,http://www.wikidata.org/entity/Q118646309,Q118646309,Factory,,
Spain,Q29,http://www.wikidata.org/entity/Q120146521,Q120146521,Factory,,
Spain,Q29,http://www.wikidata.org/entity/Q11947986,Q11947986,Factory,,
Spain,Q29,http://www.wikidata.org/entity/Q108842733,Usekerte,Factory,,
Spain,Q29,http://www.wikidata.org/entity/Q109690241,Tirsos,Factory,,
Spain,Q29,http://www.wikidata.org/entity/Q108845818,Ore,Factory,,
Spain,Q29,http://www.wikidata.org/entity/Q3398265,National Mint of Jubia,Factory,,
Spain,Q29,http://www.wikidata.org/entity/Q11903682,Abariltur,Factory,,
Spain,Q29,http://www.wikidata.org/entity/Q109791916,Roturkon,Factory,,
Spain,Q29,http://www.wikidata.org/entity/Q22667891,Tamusia,Factory,,
Spain,Q29,http://www.wikidata.org/entity/Q109648997,Tabaniu,Factory,,
Spain,Q29,http://www.wikidata.org/entity/Q109444107,Orosi,Factory,,
Spain,Q29,http://www.wikidata.org/entity/Q109444227,Otobesken,Factory,,
Spain,Q29,http://www.wikidata.org/entity/Q108844054,Oskumken,Factory,,
Spain,Q29,http://www.wikidata.org/entity/Q97632528,Barrida de Sabinillas,Factory,,
Spain,Q29,http://www.wikidata.org/entity/Q107362871,Compañía Anónima Basconia,Factory,,
Spain,Q29,http://www.wikidata.org/entity/Q107718384,Fábrica Azucarera de La Poveda,Factory,,
Spain,Q29,http://www.wikidata.org/entity/Q109654060,Olaberria bloomery (Oiartzun),Factory,,
Spain,Q29,http://www.wikidata.org/entity/Q109768269,Cerveza La Sagra,Factory,,
Spain,Q29,http://www.wikidata.org/entity/Q97633728,Villa Romana del Cortijo de Acebedo,Factory,,
Spain,Q29,http://www.wikidata.org/entity/Q97627250,Calle Palos / San Francisco,Factory,,
Spain,Q29,http://www.wikidata.org/entity/Q126722564,Q126722564,Factory,,
Spain,Q29,http://www.wikidata.org/entity/Q97628664,Los Jimenos,Factory,,
Spain,Q29,http://www.wikidata.org/entity/Q97632620,Q97632620,Factory,,
Spain,Q29,http://www.wikidata.org/entity/Q130459456,Q130459456,Factory,,
Spain,Q29,http://www.wikidata.org/entity/Q5822289,Q5822289,Factory,,
Spain,Q29,http://www.wikidata.org/entity/Q1142160,Cruzcampo,Factory,,
Spain,Q29,http://www.wikidata.org/entity/Q92160690,Campanas Hermanos Portilla,Factory,,
Spain,Q29,http://www.wikidata.org/entity/Q92164014,Campanas Rivera,Factory,,
Spain,Q29,http://www.wikidata.org/entity/Q97632282,Villa romana de La Cizaña,Factory,,
Spain,Q29,http://www.wikidata.org/entity/Q97626984,La Viña,Factory,,
Spain,Q29,http://www.wikidata.org/entity/Q24049461,Q24049461,Factory,,
Spain,Q29,http://www.wikidata.org/entity/Q97625822,Fábrica de Membrillos La Góndola,Factory,,
Spain,Q29,http://www.wikidata.org/entity/Q97628915,Fábrica la Chilacoa,Factory,,
Spain,Q29,http://www.wikidata.org/entity/Q97628281,El Eucaliptal,Factory,,
Spain,Q29,http://www.wikidata.org/entity/Q2638082,Hijos de Rivera,Factory,,
Spain,Q29,http://www.wikidata.org/entity/Q19509611,La Salve Bilbao,Factory,,
Spain,Q29,http://www.wikidata.org/entity/Q24279040,Bauer Types,Factory,,
Spain,Q29,http://www.wikidata.org/entity/Q26690152,Dougall's,Factory,,
Spain,Q29,http://www.wikidata.org/entity/Q97628722,"Calle Millan Astray nº 4, 6, 8.",Factory,,
Spain,Q29,http://www.wikidata.org/entity/Q27827626,Txorierri Beers,Factory,,
Spain,Q29,http://www.wikidata.org/entity/Q97632391,Piletas salsarias de Torrox-Costa,Factory,,
Spain,Q29,http://www.wikidata.org/entity/Q98061350,Q98061350,Factory,,
Spain,Q29,http://www.wikidata.org/entity/Q97620697,Mesas de Chullera,Factory,,
Spain,Q29,http://www.wikidata.org/entity/Q97628600,Valsequillo,Factory,,
Spain,Q29,http://www.wikidata.org/entity/Q9019064,La Zaragozana,Factory,,
Spain,Q29,http://www.wikidata.org/entity/Q97632388,Horno de Torrox,Factory,,
Spain,Q29,http://www.wikidata.org/entity/Q97627436,Cerro del Trigo,Factory,,
Spain,Q29,http://www.wikidata.org/entity/Q107615345,Q107615345,Factory,,
Spain,Q29,http://www.wikidata.org/entity/Q127430208,Erala,Factory,,
Spain,Q29,http://www.wikidata.org/entity/Q127430601,Libiakos,Factory,,
Spain,Q29,http://www.wikidata.org/entity/Q127430216,Eru,Factory,,
Spain,Q29,http://www.wikidata.org/entity/Q127430221,Etokisa,Factory,,
Spain,Q29,http://www.wikidata.org/entity/Q127430511,Kere,Factory,,
Spain,Q29,http://www.wikidata.org/entity/Q96743573,Ressèc de Tredòs,Factory,,
Spain,Q29,http://www.wikidata.org/entity/Q97628928,Aserradero de los Hermanos Nieve Sierra,Factory,,
Spain,Q29,http://www.wikidata.org/entity/Q97628953,Serrería de José Luis Fontenla,Factory,,
Spain,Q29,http://www.wikidata.org/entity/Q127431651,Uncertain mint. Imitations of Obulco,Factory,,
Spain,Q29,http://www.wikidata.org/entity/Q127431657,Uncertain mint. Uncertain silver fractions,Factory,,
Spain,Q29,http://www.wikidata.org/entity/Q127431654,Uncertain mint. Obulco types,Factory,,
Spain,Q29,http://www.wikidata.org/entity/Q127431653,Uncertain mint. Imitations of Turiasu,Factory,,
Spain,Q29,http://www.wikidata.org/entity/Q127431258,Sexi,Factory,,
Spain,Q29,http://www.wikidata.org/entity/Q127431647,Uncertain mint. Imitations of Castulo-Obulco,Factory,,
Spain,Q29,http://www.wikidata.org/entity/Q127431645,Uncertain mint. Iberian imitations of Emporion,Factory,,
Spain,Q29,http://www.wikidata.org/entity/Q127431650,Uncertain mint. Imitations of Neronken and related,Factory,,
Spain,Q29,http://www.wikidata.org/entity/Q127431646,Uncertain mint. Iberian imitations of Massalia,Factory,,
Spain,Q29,http://www.wikidata.org/entity/Q127431178,Samala,Factory,,
Spain,Q29,http://www.wikidata.org/entity/Q127431665,Usamus,Factory,,
Spain,Q29,http://www.wikidata.org/entity/Q127431656,Uncertain mint. Uncertain bronzes,Factory,,
Spain,Q29,http://www.wikidata.org/entity/Q127431652,Uncertain mint. Imitations of Rome,Factory,,
Spain,Q29,http://www.wikidata.org/entity/Q127431658,Uncertain mint. À la croix with Iberian legend,Factory,,
Spain,Q29,http://www.wikidata.org/entity/Q127431678,Vesci,Factory,,
Spain,Q29,http://www.wikidata.org/entity/Q127431648,Uncertain mint. Imitations of Cástulo,Factory,,
Spain,Q29,http://www.wikidata.org/entity/Q127431256,Sesars,Factory,,
Spain,Q29,http://www.wikidata.org/entity/Q110010305,Villamuriel de Cerrato Renault Factory,Factory,,
Spain,Q29,http://www.wikidata.org/entity/Q127429742,Bekose/Tikose,Factory,,
Spain,Q29,http://www.wikidata.org/entity/Q127429758,Betase,Factory,,
Spain,Q29,http://www.wikidata.org/entity/Q98061097,Q98061097,Factory,,
Spain,Q29,http://www.wikidata.org/entity/Q113608771,Antiga bòbila de Can Fatjó,Factory,,
Spain,Q29,http://www.wikidata.org/entity/Q126902452,Q126902452,Factory,,
Spain,Q29,http://www.wikidata.org/entity/Q131459672,Q131459672,Factory,,
Spain,Q29,http://www.wikidata.org/entity/Q127165334,Q127165334,Factory,,
Spain,Q29,http://www.wikidata.org/entity/Q87586499,Tap Paper Mill,Factory,,
Spain,Q29,http://www.wikidata.org/entity/Q97633395,El Tejarillo,Factory,,
Spain,Q29,http://www.wikidata.org/entity/Q97626518,Tejar de Villanueva,Factory,,
Spain,Q29,http://www.wikidata.org/entity/Q97626544,Tejar del Camino de San Benito,Factory,,
Spain,Q29,http://www.wikidata.org/entity/Q97626608,Tejar los Miramonas,Factory,,
Spain,Q29,http://www.wikidata.org/entity/Q97626614,Tejar los Pirulitos,Factory,,
Spain,Q29,http://www.wikidata.org/entity/Q97628872,Horno los Canaleros,Factory,,
Spain,Q29,http://www.wikidata.org/entity/Q97628980,Hornos de Ladrillo Tradicional,Factory,,
Spain,Q29,http://www.wikidata.org/entity/Q97639272,Barrería de Manolo Barrios Vichío,Factory,,
Spain,Q29,http://www.wikidata.org/entity/Q97648918,Horno de Roa,Factory,,
Spain,Q29,http://www.wikidata.org/entity/Q97648910,Tejar de A Perez Molina,Factory,,
Spain,Q29,http://www.wikidata.org/entity/Q97648911,Tejar de R Matos,Factory,,
Spain,Q29,http://www.wikidata.org/entity/Q97651117,Ladrillar de Sevillano,Factory,,
Spain,Q29,http://www.wikidata.org/entity/Q97652009,Tejar José Rodriguez,Factory,,
Spain,Q29,http://www.wikidata.org/entity/Q97654337,Ladrillar de Rabote,Factory,,
Spain,Q29,http://www.wikidata.org/entity/Q97654346,Tejar de Copete,Factory,,
Spain,Q29,http://www.wikidata.org/entity/Q97654345,Tejar el Jardá,Factory,,
Spain,Q29,http://www.wikidata.org/entity/Q98501073,Q98501073,Factory,,
Spain,Q29,http://www.wikidata.org/entity/Q2577559,Yzaguirre,Factory,,
Spain,Q29,http://www.wikidata.org/entity/Q127429746,Belse,Factory,,
Spain,Q29,http://www.wikidata.org/entity/Q21077364,Molí paperer de Cal Guarro,Factory,,
Spain,Q29,http://www.wikidata.org/entity/Q5968772,Ladrillo de tejar,Factory,,
Spain,Q29,http://www.wikidata.org/entity/Q98061092,Q98061092,Factory,,
Spain,Q29,http://www.wikidata.org/entity/Q98062561,Q98062561,Factory,,
Spain,Q29,http://www.wikidata.org/entity/Q55576906,Q55576906,Factory,,
Spain,Q29,http://www.wikidata.org/entity/Q98060979,Q98060979,Factory,,
Spain,Q29,http://www.wikidata.org/entity/Q127429766,Binean/Bineken,Factory,,
Spain,Q29,http://www.wikidata.org/entity/Q127429756,Bersa/Kurukuru-atin,Factory,,
Spain,Q29,http://www.wikidata.org/entity/Q127429773,Biskarki,Factory,,
Spain,Q29,http://www.wikidata.org/entity/Q98061162,Q98061162,Factory,,
Spain,Q29,http://www.wikidata.org/entity/Q127429768,Birikantio,Factory,,
Spain,Q29,http://www.wikidata.org/entity/Q98503031,Q98503031,Factory,,
Spain,Q29,http://www.wikidata.org/entity/Q98498472,Q98498472,Factory,,
Spain,Q29,http://www.wikidata.org/entity/Q98502712,Q98502712,Factory,,
Spain,Q29,http://www.wikidata.org/entity/Q97695774,Alcora Pottery,Factory,,
Spain,Q29,http://www.wikidata.org/entity/Q90285635,Figás,Factory,,
Spain,Q29,http://www.wikidata.org/entity/Q98501091,Q98501091,Factory,,
Spain,Q29,http://www.wikidata.org/entity/Q108780190,Fundición Bessemer,Factory,,
Spain,Q29,http://www.wikidata.org/entity/Q117781334,Q117781334,Factory,,
Spain,Q29,http://www.wikidata.org/entity/Q127429715,Bakartaki,Factory,,
Spain,Q29,http://www.wikidata.org/entity/Q98060980,Q98060980,Factory,,
Spain,Q29,http://www.wikidata.org/entity/Q109927949,Nissan Avila plant,Factory,,
Spain,Q29,http://www.wikidata.org/entity/Q97602041,Loma del Valenciano,Factory,,
Spain,Q29,http://www.wikidata.org/entity/Q97625585,Calle Blanco Belmonte nº 6,Factory,,
Spain,Q29,http://www.wikidata.org/entity/Q97623196,Cerro Almadenejo,Factory,,
Spain,Q29,http://www.wikidata.org/entity/Q97287088,Cuernotoro,Factory,,
Spain,Q29,http://www.wikidata.org/entity/Q97626351,Fundición Cabrera,Factory,,
Spain,Q29,http://www.wikidata.org/entity/Q97601619,Sepultura del Gigante,Factory,,
Spain,Q29,http://www.wikidata.org/entity/Q23498464,Castells,Factory,,
Spain,Q29,http://www.wikidata.org/entity/Q97602128,Loma del Toro,Factory,,
Spain,Q29,http://www.wikidata.org/entity/Q97287756,Cerro del Perú,Factory,,
Spain,Q29,http://www.wikidata.org/entity/Q97601726,Asentamiento romano Cañada de Morgana,Factory,,
Spain,Q29,http://www.wikidata.org/entity/Q97626993,Cabezo de la Mina,Factory,,
Spain,Q29,http://www.wikidata.org/entity/Q97617265,Hornos de la calle Angel nº 10,Factory,,
Spain,Q29,http://www.wikidata.org/entity/Q6102195,Royal Shipyard of Esteiro,Factory,,
Spain,Q29,http://www.wikidata.org/entity/Q24354015,Nuevo Vulcano,Factory,,
Spain,Q29,http://www.wikidata.org/entity/Q97618922,Cerro de la Camarena,Factory,,
Spain,Q29,http://www.wikidata.org/entity/Q87373563,La Hoya-Los Cortijicos,Factory,,
Spain,Q29,http://www.wikidata.org/entity/Q97602455,El Sabinal,Factory,,
Spain,Q29,http://www.wikidata.org/entity/Q45581167,Real Laboratorio de Piedras Duras del Buen Retiro,Factory,,
Spain,Q29,http://www.wikidata.org/entity/Q86102523,Q86102523,Factory,,
Spain,Q29,http://www.wikidata.org/entity/Q97598975,Rambla del Granadillo,Factory,,
Spain,Q29,http://www.wikidata.org/entity/Q104184371,Real Fábrica de Paños y Sarguetas de San Carlos,Factory,,
Spain,Q29,http://www.wikidata.org/entity/Q97622543,Los Jarales,Factory,,
Spain,Q29,http://www.wikidata.org/entity/Q60969272,Real Fábrica de Don Diego López,Factory,,
Spain,Q29,http://www.wikidata.org/entity/Q61861289,Real Fábrica de Navíos,Factory,,
Spain,Q29,http://www.wikidata.org/entity/Q97626991,Los Frailes,Factory,,
Spain,Q29,http://www.wikidata.org/entity/Q97602042,Macián,Factory,,
Spain,Q29,http://www.wikidata.org/entity/Q104184290,Real Fábrica de Cañones de Placencia de las Armas,Factory,,
Spain,Q29,http://www.wikidata.org/entity/Q106547595,Real Fábrica de Sedas in Talavera de la Reina,Factory,,
Spain,Q29,http://www.wikidata.org/entity/Q97627034,Los Andrinos,Factory,,
Spain,Q29,http://www.wikidata.org/entity/Q97598922,El Barronal,Factory,,
Spain,Q29,http://www.wikidata.org/entity/Q97602222,Cerro del Castellón,Factory,,
Spain,Q29,http://www.wikidata.org/entity/Q111243196,Real Fábrica de Paños de Segovia,Factory,,
Spain,Q29,http://www.wikidata.org/entity/Q111243526,Real Fábrica de Hilados y Tejidos de Algodón de Ávila,Factory,,
Spain,Q29,http://www.wikidata.org/entity/Q111243592,Royal Cotton Yarn Company of the Principality of Catalonia,Factory,,
Spain,Q29,http://www.wikidata.org/entity/Q111243666,"Royal Silk Factory, (Valencia)",Factory,,
Spain,Q29,http://www.wikidata.org/entity/Q97627003,Vista Alegre,Factory,,
Spain,Q29,http://www.wikidata.org/entity/Q111243276,Real Fábrica de Paños de San Fernando,Factory,,
Spain,Q29,http://www.wikidata.org/entity/Q97625549,Avenida Medina Azahara nº 43,Factory,,
Spain,Q29,http://www.wikidata.org/entity/Q97622114,Loma de La Garranchosa Oeste,Factory,,
Spain,Q29,http://www.wikidata.org/entity/Q97645902,Gaperales II,Factory,,
Spain,Q29,http://www.wikidata.org/entity/Q97627086,Barranco de los Gamos,Factory,,
Spain,Q29,http://www.wikidata.org/entity/Q97628841,Las Casetillas II,Factory,,
Spain,Q29,http://www.wikidata.org/entity/Q97627451,Gil Márquez II,Factory,,
Spain,Q29,http://www.wikidata.org/entity/Q97648084,Viñas de la Quinteria,Factory,,
Spain,Q29,http://www.wikidata.org/entity/Q97631037,Vega Baja,Factory,,
Spain,Q29,http://www.wikidata.org/entity/Q97627406,Mina la Lapilla,Factory,,
Spain,Q29,http://www.wikidata.org/entity/Q97627414,Pueblo Nuevo III,Factory,,
Spain,Q29,http://www.wikidata.org/entity/Q97627355,Perrunal,Factory,,
Spain,Q29,http://www.wikidata.org/entity/Q97627311,Mina de San Crispín,Factory,,
Spain,Q29,http://www.wikidata.org/entity/Q97628801,Los Villares,Factory,,
Spain,Q29,http://www.wikidata.org/entity/Q97629264,Horno junto a la planta Hormigonera 12,Factory,,
Spain,Q29,http://www.wikidata.org/entity/Q97628349,Escorial La Chaparrita,Factory,,
Spain,Q29,http://www.wikidata.org/entity/Q97628233,Castillejo,Factory,,
Spain,Q29,http://www.wikidata.org/entity/Q97627063,Barranco de la Presa,Factory,,
Spain,Q29,http://www.wikidata.org/entity/Q97631251,Horno de la ladera sudeste,Factory,,
Spain,Q29,http://www.wikidata.org/entity/Q97629994,Geroma,Factory,,
Spain,Q29,http://www.wikidata.org/entity/Q97633988,El Almendral II,Factory,,
Spain,Q29,http://www.wikidata.org/entity/Q97627419,Palomino,Factory,,
Spain,Q29,http://www.wikidata.org/entity/Q97627306,Cabezo de los Silos,Factory,,
Spain,Q29,http://www.wikidata.org/entity/Q97627066,Pico de los Castillos,Factory,,
Spain,Q29,http://www.wikidata.org/entity/Q97631252,Horno en el Barranco del arroyo de Giribaile,Factory,,
Spain,Q29,http://www.wikidata.org/entity/Q97627217,Yacimiento del Polideportivo Puerto Moral,Factory,,
Spain,Q29,http://www.wikidata.org/entity/Q97629995,El Rabanillo,Factory,,
Spain,Q29,http://www.wikidata.org/entity/Q97627309,Próximo al Pueblo,Factory,,
Spain,Q29,http://www.wikidata.org/entity/Q97627409,Mina de Prado Vicioso,Factory,,
Spain,Q29,http://www.wikidata.org/entity/Q97627210,Mina de Santa Barbara,Factory,,
Spain,Q29,http://www.wikidata.org/entity/Q97644848,Canales de cementación,Factory,,
Spain,Q29,http://www.wikidata.org/entity/Q97627308,Mina Calañesa,Factory,,
Spain,Q29,http://www.wikidata.org/entity/Q97627399,Barranco del Naranjero,Factory,,
Spain,Q29,http://www.wikidata.org/entity/Q97629993,El Espino,Factory,,
Spain,Q29,http://www.wikidata.org/entity/Q97644847,Escorial Mina,Factory,,
Spain,Q29,http://www.wikidata.org/entity/Q97631236,Fundición de La Laguna,Factory,,
Spain,Q29,http://www.wikidata.org/entity/Q97628760,Picadero,Factory,,
Spain,Q29,http://www.wikidata.org/entity/Q97638621,Cañalazarza II,Factory,,
Spain,Q29,http://www.wikidata.org/entity/Q97643398,Cerro de Cantalobos Norte,Factory,,
Spain,Q29,http://www.wikidata.org/entity/Q97648093,Cañalazarza I,Factory,,
Spain,Q29,http://www.wikidata.org/entity/Q97631229,Horno de San Julián,Factory,,
Spain,Q29,http://www.wikidata.org/entity/Q97627057,Casa del Guarda II,Factory,,
Spain,Q29,http://www.wikidata.org/entity/Q97645896,Cerro del Almendro,Factory,,
Spain,Q29,http://www.wikidata.org/entity/Q97627357,Barranco de la Atalaya de Aroche,Factory,,
Spain,Q29,http://www.wikidata.org/entity/Q97628343,Escorial de Bellavista,Factory,,
Spain,Q29,http://www.wikidata.org/entity/Q97637325,Gereñal del Señorito I,Factory,,
Spain,Q29,http://www.wikidata.org/entity/Q97627395,Barranco de Torrequemada,Factory,,
Spain,Q29,http://www.wikidata.org/entity/Q97627099,Cruce de Berrocal,Factory,,
Spain,Q29,http://www.wikidata.org/entity/Q97628725,Casa del Guarda I,Factory,,
Spain,Q29,http://www.wikidata.org/entity/Q97627081,Rabadanes,Factory,,
Spain,Q29,http://www.wikidata.org/entity/Q97627269,El Talenque,Factory,,
Spain,Q29,http://www.wikidata.org/entity/Q97627393,Grajas Altas,Factory,,
Spain,Q29,http://www.wikidata.org/entity/Q97627353,El Escorial,Factory,,
Spain,Q29,http://www.wikidata.org/entity/Q97627314,Cañita Rosa,Factory,,
Spain,Q29,http://www.wikidata.org/entity/Q97631148,Ruicerezo,Factory,,
Spain,Q29,http://www.wikidata.org/entity/Q97627157,Mina Caliche,Factory,,
Spain,Q29,http://www.wikidata.org/entity/Q97631254,Horno medieval del barranco de Escuderos,Factory,,
Spain,Q29,http://www.wikidata.org/entity/Q97638513,Escorial del Río,Factory,,
Spain,Q29,http://www.wikidata.org/entity/Q97627387,La Corte del Romero,Factory,,
Spain,Q29,http://www.wikidata.org/entity/Q97645894,Ermita de Nuestra Señora del Robledo,Factory,,
Spain,Q29,http://www.wikidata.org/entity/Q97627359,La Suerte de la Iglesia,Factory,,
Spain,Q29,http://www.wikidata.org/entity/Q97627085,La Junta,Factory,,
Spain,Q29,http://www.wikidata.org/entity/Q97627223,Agua Dulce,Factory,,
Spain,Q29,http://www.wikidata.org/entity/Q97629896,Cortijo de Manzanares,Factory,,
Spain,Q29,http://www.wikidata.org/entity/Q97627080,Palomar del Bravo,Factory,,
Spain,Q29,http://www.wikidata.org/entity/Q97652055,Moralejo,Factory,,
Spain,Q29,http://www.wikidata.org/entity/Q97631230,Fundición de San Julián,Factory,,
Spain,Q29,http://www.wikidata.org/entity/Q97627110,El Chinflón y Masegoso,Factory,,
Spain,Q29,http://www.wikidata.org/entity/Q97627356,Minas de Aguas Agrias,Factory,,
Spain,Q29,http://www.wikidata.org/entity/Q97638628,Los Paredones,Factory,,
Spain,Q29,http://www.wikidata.org/entity/Q97628750,La Mezquita,Factory,,
Spain,Q29,http://www.wikidata.org/entity/Q97643578,Arroyo Hondo de la Rambla,Factory,,
Spain,Q29,http://www.wikidata.org/entity/Q97629253,Cercanías de la Hormigonera 45,Factory,,
Spain,Q29,http://www.wikidata.org/entity/Q97628728,Sumidero,Factory,,
Spain,Q29,http://www.wikidata.org/entity/Q97627304,Barranco de Nogales,Factory,,
Spain,Q29,http://www.wikidata.org/entity/Q97652058,Cerca de los Cantos,Factory,,
Spain,Q29,http://www.wikidata.org/entity/Q97628569,Las Molinillas,Factory,,
Spain,Q29,http://www.wikidata.org/entity/Q97637298,Cortijo de Gibla,Factory,,
Spain,Q29,http://www.wikidata.org/entity/Q97627205,Minas de Vuelta Falsa,Factory,,
Spain,Q29,http://www.wikidata.org/entity/Q97628763,Cerca de la Monea,Factory,,
Spain,Q29,http://www.wikidata.org/entity/Q97631901,Cerro de las Mancebas,Factory,,
Spain,Q29,http://www.wikidata.org/entity/Q97627452,Aguas Teñidas,Factory,,
Spain,Q29,http://www.wikidata.org/entity/Q97628144,Tres Cruces,Factory,,
Spain,Q29,http://www.wikidata.org/entity/Q97631815,Cerro del Teatro,Factory,,
Spain,Q29,http://www.wikidata.org/entity/Q97628803,La Buitrera,Factory,,
Spain,Q29,http://www.wikidata.org/entity/Q97627043,Valdelamusa,Factory,,
Spain,Q29,http://www.wikidata.org/entity/Q97628398,Cabezo del Cojo,Factory,,
Spain,Q29,http://www.wikidata.org/entity/Q87262202,"Nogueras Comas, S.A.",Factory,,
Spain,Q29,http://www.wikidata.org/entity/Q98060736,Q98060736,Factory,,
Spain,Q29,http://www.wikidata.org/entity/Q98060846,Q98060846,Factory,,
Spain,Q29,http://www.wikidata.org/entity/Q97625805,Fábrica de Anisados Bernabé Roldan,Factory,,
Spain,Q29,http://www.wikidata.org/entity/Q97625809,Fábrica de aguardientes El Duende,Factory,,
Spain,Q29,http://www.wikidata.org/entity/Q97626554,Destilerías de Rute Sociedad Limitada,Factory,,
Spain,Q29,http://www.wikidata.org/entity/Q97626556,Destilerías Bombita,Factory,,
Spain,Q29,http://www.wikidata.org/entity/Q97626555,Fábrica de Aguardientes Hijos de Rafael Reyes Sociedad Anónima,Factory,,
Spain,Q29,http://www.wikidata.org/entity/Q97626684,Fábrica de Aguardientes Poyato,Factory,,
Spain,Q29,http://www.wikidata.org/entity/Q97627493,Fábrica de Aguardiente de Pedro Zarza,Factory,,
Spain,Q29,http://www.wikidata.org/entity/Q97627704,Fábrica de Aguardiente de Higuera de la Sierra I,Factory,,
Spain,Q29,http://www.wikidata.org/entity/Q97634503,Bodega de Miguel Viñas,Factory,,
Spain,Q29,http://www.wikidata.org/entity/Q97639436,Fábrica de Aguardientes la Flor de Utrera y Horizonte,Factory,,
Spain,Q29,http://www.wikidata.org/entity/Q97640682,Fábrica de Aguardiente,Factory,,
Spain,Q29,http://www.wikidata.org/entity/Q97640896,Fábrica de Anisados Ignacio Nieto,Factory,,
Spain,Q29,http://www.wikidata.org/entity/Q97641123,Fábrica Miura,Factory,,
Spain,Q29,http://www.wikidata.org/entity/Q97641133,Fábrica de anisados El Clavel,Factory,,
Spain,Q29,http://www.wikidata.org/entity/Q97648575,Destilados Reguera,Factory,,
Spain,Q29,http://www.wikidata.org/entity/Q97648613,Fábrica de Metro,Factory,,
Spain,Q29,http://www.wikidata.org/entity/Q97649013,Fábrica el Royal,Factory,,
Spain,Q29,http://www.wikidata.org/entity/Q98060735,Q98060735,Factory,,
Spain,Q29,http://www.wikidata.org/entity/Q98060977,Q98060977,Factory,,
Spain,Q29,http://www.wikidata.org/entity/Q97654026,El Ruidero,Factory,,
Spain,Q29,http://www.wikidata.org/entity/Q98060738,Q98060738,Factory,,
Spain,Q29,http://www.wikidata.org/entity/Q98058323,Q98058323,Factory,,
Spain,Q29,http://www.wikidata.org/entity/Q98060737,Q98060737,Factory,,
Spain,Q29,http://www.wikidata.org/entity/Q97652061,Escorial de Montesorromero,Factory,,
Spain,Q29,http://www.wikidata.org/entity/Q97654007,Casa de la Fundición,Factory,,
Spain,Q29,http://www.wikidata.org/entity/Q98060740,Q98060740,Factory,,
Spain,Q29,http://www.wikidata.org/entity/Q97190350,Q97190350,Factory,,
Spain,Q29,http://www.wikidata.org/entity/Q98058070,Q98058070,Factory,,
Spain,Q29,http://www.wikidata.org/entity/Q98058087,Q98058087,Factory,,
Spain,Q29,http://www.wikidata.org/entity/Q98059626,Q98059626,Factory,,
Spain,Q29,http://www.wikidata.org/entity/Q98504564,Q98504564,Factory,,
Spain,Q29,http://www.wikidata.org/entity/Q97652755,La Cebra,Factory,,
Spain,Q29,http://www.wikidata.org/entity/Q117760915,Q117760915,Factory,,
Spain,Q29,http://www.wikidata.org/entity/Q117778392,Q117778392,Factory,,
Spain,Q29,http://www.wikidata.org/entity/Q117779043,Q117779043,Factory,,
Spain,Q29,http://www.wikidata.org/entity/Q98060976,Q98060976,Factory,,
Spain,Q29,http://www.wikidata.org/entity/Q97652214,Cañada de las Adelfas,Factory,,
Spain,Q29,http://www.wikidata.org/entity/Q98060747,Q98060747,Factory,,
Spain,Q29,http://www.wikidata.org/entity/Q97652178,Asentamiento y escorial de Montesorromero,Factory,,
Spain,Q29,http://www.wikidata.org/entity/Q98060739,Q98060739,Factory,,
Curaçao,Q25279,http://www.wikidata.org/entity/Q24050403,Q24050403,Factory,,
Curaçao,Q25279,http://www.wikidata.org/entity/Q113771548,Senior & Co.,Factory,,
Curaçao,Q25279,http://www.wikidata.org/entity/Q130481750,Q130481750,Factory,,
People's Republic of China,Q148,http://www.wikidata.org/entity/Q123199385,Xinghuacun Fenjiu,Factory,,
People's Republic of China,Q148,http://www.wikidata.org/entity/Q123282408,Asia Brewing (Xiamen) Ltd.,Factory,,
People's Republic of China,Q148,http://www.wikidata.org/entity/Q123693093,Cangzhou oil refinery,Factory,,
People's Republic of China,Q148,http://www.wikidata.org/entity/Q123693118,Jinling oil refinery,Factory,,
People's Republic of China,Q148,http://www.wikidata.org/entity/Q123693129,Maoming oil refinery,Factory,,
People's Republic of China,Q148,http://www.wikidata.org/entity/Q123693107,Qilu oil refinery,Factory,,
People's Republic of China,Q148,http://www.wikidata.org/entity/Q123693073,Tianjin oil refinery,Factory,,
People's Republic of China,Q148,http://www.wikidata.org/entity/Q123693125,Zhenhai oil refinery,Factory,,
People's Republic of China,Q148,http://www.wikidata.org/entity/Q123739798,Anqing oil refinery,Factory,,
People's Republic of China,Q148,http://www.wikidata.org/entity/Q123740108,Beihai oil refinery,Factory,,
People's Republic of China,Q148,http://www.wikidata.org/entity/Q123739864,Lanzhou oil refinery,Factory,,
People's Republic of China,Q148,http://www.wikidata.org/entity/Q123740164,Daqing Petrochemical Refinery,Factory,,
People's Republic of China,Q148,http://www.wikidata.org/entity/Q123739844,Yanshan oil refinery,Factory,,
People's Republic of China,Q148,http://www.wikidata.org/entity/Q123740003,Sinopec Guangzhou refinery,Factory,,
People's Republic of China,Q148,http://www.wikidata.org/entity/Q123740203,Luoyang oil refinery,Factory,,
People's Republic of China,Q148,http://www.wikidata.org/entity/Q123740394,Jingmen oil refinery,Factory,,
People's Republic of China,Q148,http://www.wikidata.org/entity/Q124544752,Huangye Tang sancai kiln,Factory,,
People's Republic of China,Q148,http://www.wikidata.org/entity/Q10949514,Q10949514,Factory,,
People's Republic of China,Q148,http://www.wikidata.org/entity/Q12062602,Q12062602,Factory,,
People's Republic of China,Q148,http://www.wikidata.org/entity/Q15911386,Q15911386,Factory,,
People's Republic of China,Q148,http://www.wikidata.org/entity/Q15919679,Q15919679,Factory,,
People's Republic of China,Q148,http://www.wikidata.org/entity/Q17028582,Q17028582,Factory,,
People's Republic of China,Q148,http://www.wikidata.org/entity/Q17498719,Q17498719,Factory,,
People's Republic of China,Q148,http://www.wikidata.org/entity/Q17499095,Q17499095,Factory,,
People's Republic of China,Q148,http://www.wikidata.org/entity/Q17500561,Q17500561,Factory,,
People's Republic of China,Q148,http://www.wikidata.org/entity/Q17500568,Q17500568,Factory,,
People's Republic of China,Q148,http://www.wikidata.org/entity/Q17500766,Q17500766,Factory,,
People's Republic of China,Q148,http://www.wikidata.org/entity/Q10909051,Ningbo CRRC Rail Transit Equipment,Factory,,
People's Republic of China,Q148,http://www.wikidata.org/entity/Q18111045,Q18111045,Factory,,
People's Republic of China,Q148,http://www.wikidata.org/entity/Q19855630,Q19855630,Factory,,
People's Republic of China,Q148,http://www.wikidata.org/entity/Q19855631,Q19855631,Factory,,
People's Republic of China,Q148,http://www.wikidata.org/entity/Q11111519,Guilin Latex Factory,Factory,,
People's Republic of China,Q148,http://www.wikidata.org/entity/Q22774193,Q22774193,Factory,,
People's Republic of China,Q148,http://www.wikidata.org/entity/Q22774330,Q22774330,Factory,,
People's Republic of China,Q148,http://www.wikidata.org/entity/Q313542,Tsingtao Brewery,Factory,,
People's Republic of China,Q148,http://www.wikidata.org/entity/Q17500693,Aksu Mint,Factory,,
People's Republic of China,Q148,http://www.wikidata.org/entity/Q4023992,Hong Kong Mint,Factory,,
People's Republic of China,Q148,http://www.wikidata.org/entity/Q5099843,China Pabst Blue Ribbon,Factory,,
People's Republic of China,Q148,http://www.wikidata.org/entity/Q21233556,Lucky Buddha Beer,Factory,,
People's Republic of China,Q148,http://www.wikidata.org/entity/Q5648123,"Hangzhou Qiandaohu Beer Co., Ltd.",Factory,,
People's Republic of China,Q148,http://www.wikidata.org/entity/Q5910944,Hotan Silk Factory,Factory,,
People's Republic of China,Q148,http://www.wikidata.org/entity/Q123165735,Tsingtao Brewery (Xiamen),Factory,,
People's Republic of China,Q148,http://www.wikidata.org/entity/Q55577223,Q55577223,Factory,,
People's Republic of China,Q148,http://www.wikidata.org/entity/Q55577301,Q55577301,Factory,,
People's Republic of China,Q148,http://www.wikidata.org/entity/Q55577319,Q55577319,Factory,,
People's Republic of China,Q148,http://www.wikidata.org/entity/Q55577337,Q55577337,Factory,,
People's Republic of China,Q148,http://www.wikidata.org/entity/Q55577352,Q55577352,Factory,,
People's Republic of China,Q148,http://www.wikidata.org/entity/Q55577366,Q55577366,Factory,,
People's Republic of China,Q148,http://www.wikidata.org/entity/Q55582970,Q55582970,Factory,,
People's Republic of China,Q148,http://www.wikidata.org/entity/Q55582971,Q55582971,Factory,,
People's Republic of China,Q148,http://www.wikidata.org/entity/Q55582975,Q55582975,Factory,,
People's Republic of China,Q148,http://www.wikidata.org/entity/Q55582972,Q55582972,Factory,,
People's Republic of China,Q148,http://www.wikidata.org/entity/Q55582973,Q55582973,Factory,,
People's Republic of China,Q148,http://www.wikidata.org/entity/Q55888247,Q55888247,Factory,,
People's Republic of China,Q148,http://www.wikidata.org/entity/Q29982,Shanghai Broadcasting Equipment Factory,Factory,,
People's Republic of China,Q148,http://www.wikidata.org/entity/Q60741039,Slow Boat Brewery,Factory,,
People's Republic of China,Q148,http://www.wikidata.org/entity/Q60995075,qingdao lamp factory,Factory,,
People's Republic of China,Q148,http://www.wikidata.org/entity/Q110998361,Q110998361,Factory,,
People's Republic of China,Q148,http://www.wikidata.org/entity/Q107745150,Shedian Laojiu,Factory,,
People's Republic of China,Q148,http://www.wikidata.org/entity/Q108039574,Shol Printery,Factory,,
People's Republic of China,Q148,http://www.wikidata.org/entity/Q115917857,Q115917857,Factory,,
People's Republic of China,Q148,http://www.wikidata.org/entity/Q116206572,Q116206572,Factory,,
People's Republic of China,Q148,http://www.wikidata.org/entity/Q109404145,Great Wall,Factory,,
People's Republic of China,Q148,http://www.wikidata.org/entity/Q110076557,F.W. Krumm Porzellan-Manufaktur,Factory,,
People's Republic of China,Q148,http://www.wikidata.org/entity/Q110548239,Lhasa Chengguan District Carpet Factory,Factory,,
People's Republic of China,Q148,http://www.wikidata.org/entity/Q110854409,Ansen Crafts,Factory,,
People's Republic of China,Q148,http://www.wikidata.org/entity/Q127433317,Q127433317,Factory,,
People's Republic of China,Q148,http://www.wikidata.org/entity/Q119248181,Yixing Zisha Craft Factory,Factory,,
People's Republic of China,Q148,http://www.wikidata.org/entity/Q134613525,Q134613525,Factory,,
Myanmar,Q836,http://www.wikidata.org/entity/Q20613420,Royal Mint,Factory,,
Kingdom of Saxony,Q153015,http://www.wikidata.org/entity/Q100777549,Q100777549,Factory,,
Kingdom of Saxony,Q153015,http://www.wikidata.org/entity/Q76943272,"Heinrich Dietel in Wilkau, Kammgarnspinnerei",Factory,,
Kingdom of Saxony,Q153015,http://www.wikidata.org/entity/Q77826242,"Petrikowsky & Comp. in Schedewitz-Zwickau, Wollkämmerei und Kammgarnspinnerei",Factory,,
Vietnam,Q881,http://www.wikidata.org/entity/Q10800842,Nam Dinh textile factory,Factory,,
Vietnam,Q881,http://www.wikidata.org/entity/Q129645,Sabeco,Factory,,
Vietnam,Q881,http://www.wikidata.org/entity/Q3492242,South East Asia Brewery,Factory,,
Vietnam,Q881,http://www.wikidata.org/entity/Q108550831,Bier Hoi Brewing Company,Factory,,
Vietnam,Q881,http://www.wikidata.org/entity/Q110996046,Long Son Refinery,Factory,,
Israel,Q801,http://www.wikidata.org/entity/Q124285258,Haifa Refinery,Factory,,
Israel,Q801,http://www.wikidata.org/entity/Q16128934,Q16128934,Factory,,
Israel,Q801,http://www.wikidata.org/entity/Q1856260,Tempo Beverages Ltd,Factory,,
Israel,Q801,http://www.wikidata.org/entity/Q124814775,Teva-Tech,Factory,,
Israel,Q801,http://www.wikidata.org/entity/Q6593578,Lapid,Factory,,
Israel,Q801,http://www.wikidata.org/entity/Q4041653,Israel Beer Breweries,Factory,,
Israel,Q801,http://www.wikidata.org/entity/Q19871363,Defus A.L. Monzon,Factory,,
Israel,Q801,http://www.wikidata.org/entity/Q25489924,Jems,Factory,,
Israel,Q801,http://www.wikidata.org/entity/Q6485288,Landwer coffee,Factory,,
Israel,Q801,http://www.wikidata.org/entity/Q6781793,Israel Coins and Medals Corp.,Factory,,
Israel,Q801,http://www.wikidata.org/entity/Q6851045,Malka Beer,Factory,,
Israel,Q801,http://www.wikidata.org/entity/Q7043641,Kaiser-Ilin Industries,Factory,,
Israel,Q801,http://www.wikidata.org/entity/Q55651372,Q55651372,Factory,,
Israel,Q801,http://www.wikidata.org/entity/Q63223576,Q63223576,Factory,,
Israel,Q801,http://www.wikidata.org/entity/Q65250973,Kadar,Factory,,
Israel,Q801,http://www.wikidata.org/entity/Q63407927,Harsa,Factory,,
Israel,Q801,http://www.wikidata.org/entity/Q63443427,Okava,Factory,,
Israel,Q801,http://www.wikidata.org/entity/Q55647612,Defus HaGalil,Factory,,
Israel,Q801,http://www.wikidata.org/entity/Q30527463,Edition Jsac Chagise,Factory,,
Israel,Q801,http://www.wikidata.org/entity/Q60433787,6 Pack Beer,Factory,,
Israel,Q801,http://www.wikidata.org/entity/Q61126718,Golan Brewery,Factory,,
Israel,Q801,http://www.wikidata.org/entity/Q65250833,Kfar Menahem Ceramic,Factory,,
Israel,Q801,http://www.wikidata.org/entity/Q66005347,Palphot,Factory,,
Israel,Q801,http://www.wikidata.org/entity/Q111055018,Q111055018,Factory,,
Israel,Q801,http://www.wikidata.org/entity/Q108922612,Naaman Fine Porcelain Israel,Factory,,
Israel,Q801,http://www.wikidata.org/entity/Q111475735,Government Printer - Israel Mint,Factory,,
Israel,Q801,http://www.wikidata.org/entity/Q125195014,Q125195014,Factory,,
Israel,Q801,http://www.wikidata.org/entity/Q134971497,Q134971497,Factory,,
Electorate of Hanover,Q706018,http://www.wikidata.org/entity/Q134583533,Q134583533,Factory,,
Empire of Japan,Q188712,http://www.wikidata.org/entity/Q85885170,TTL Longtian Distillery,Factory,,
Empire of Japan,Q188712,http://www.wikidata.org/entity/Q11509466,Q11509466,Factory,,
Empire of Japan,Q188712,http://www.wikidata.org/entity/Q10915794,Nanzhou Sugar Factory,Factory,,
Empire of Japan,Q188712,http://www.wikidata.org/entity/Q11459047,Kokura Army Arsenal,Factory,,
Empire of Japan,Q188712,http://www.wikidata.org/entity/Q130564912,Q130564912,Factory,,
United Arab Emirates,Q878,http://www.wikidata.org/entity/Q55576953,Q55576953,Factory,,
United Arab Emirates,Q878,http://www.wikidata.org/entity/Q114303213,Fujairah refinery,Factory,,
India,Q668,http://www.wikidata.org/entity/Q123166657,India Printing Press,Factory,,
India,Q668,http://www.wikidata.org/entity/Q123166654,Peerless Press,Factory,,
India,Q668,http://www.wikidata.org/entity/Q123166659,Thapovanam Press,Factory,,
India,Q668,http://www.wikidata.org/entity/Q123166658,The Jupiter Press,Factory,,
India,Q668,http://www.wikidata.org/entity/Q16906345,Numaligarh Refinery,Factory,,
India,Q668,http://www.wikidata.org/entity/Q17054290,Guwahati Refinery,Factory,,
India,Q668,http://www.wikidata.org/entity/Q17059978,John Distilleries,Factory,,
India,Q668,http://www.wikidata.org/entity/Q18379789,Kolkata Leather Complex,Factory,,
India,Q668,http://www.wikidata.org/entity/Q4940586,Bombay Spinning and Weaving Company,Factory,,
India,Q668,http://www.wikidata.org/entity/Q5971377,IISCO Steel Plant,Factory,,
India,Q668,http://www.wikidata.org/entity/Q6958498,Nagapattnam Refinery,Factory,,
India,Q668,http://www.wikidata.org/entity/Q6958582,Nagarnar Steel Plant,Factory,,
India,Q668,http://www.wikidata.org/entity/Q25313068,Titanium Sponge Plant in India,Factory,,
India,Q668,http://www.wikidata.org/entity/Q7283887,"Modern Coach Factory, Raebareli",Factory,,
India,Q668,http://www.wikidata.org/entity/Q7415494,Sanand Plant,Factory,,
India,Q668,http://www.wikidata.org/entity/Q55582976,Q55582976,Factory,,
India,Q668,http://www.wikidata.org/entity/Q55582977,Q55582977,Factory,,
India,Q668,http://www.wikidata.org/entity/Q55582981,Q55582981,Factory,,
India,Q668,http://www.wikidata.org/entity/Q55582984,Q55582984,Factory,,
India,Q668,http://www.wikidata.org/entity/Q27355053,VR Foundries,Factory,,
India,Q668,http://www.wikidata.org/entity/Q7935585,Visakhapatnam Refinery,Factory,,
India,Q668,http://www.wikidata.org/entity/Q48731502,"Diesel Locomotive Factory, Marhowra",Factory,,
India,Q668,http://www.wikidata.org/entity/Q60776414,White Rhino,Factory,,
India,Q668,http://www.wikidata.org/entity/Q6019304,"India Government Mint, Mumbai",Factory,,
India,Q668,http://www.wikidata.org/entity/Q64842234,Duradoor,Factory,,
India,Q668,http://www.wikidata.org/entity/Q68027020,Bengal Chemicals factory,Factory,,
India,Q668,http://www.wikidata.org/entity/Q123166656,Q123166656,Factory,,
India,Q668,http://www.wikidata.org/entity/Q123166665,Q123166665,Factory,,
India,Q668,http://www.wikidata.org/entity/Q134879501,Q134879501,Factory,,
India,Q668,http://www.wikidata.org/entity/Q120921535,"Rail Coach Factory, Kondakal",Factory,,
Chechnya,Q5187,http://www.wikidata.org/entity/Q110010647,ChechenAvto Factory,Factory,,
Rwanda,Q1037,http://www.wikidata.org/entity/Q124336361,Gisovu Tea Factory,Factory,,
Rwanda,Q1037,http://www.wikidata.org/entity/Q129176482,Gisakura Tea Factory,Factory,,
Ireland,Q27,http://www.wikidata.org/entity/Q2319266,Guinness Brewery,Factory,,
Ireland,Q27,http://www.wikidata.org/entity/Q2932900,Caffrey's Irish Ale,Factory,,
Ireland,Q27,http://www.wikidata.org/entity/Q16978099,Macardle Moore Brewery,Factory,,
Ireland,Q27,http://www.wikidata.org/entity/Q502578,Cooley Distillery,Factory,,
Ireland,Q27,http://www.wikidata.org/entity/Q4792024,Arklow Pottery,Factory,,
Ireland,Q27,http://www.wikidata.org/entity/Q28232888,North Mall Distillery,Factory,,
Ireland,Q27,http://www.wikidata.org/entity/Q7818329,Tomas Sheridan & Sons,Factory,,
Ireland,Q27,http://www.wikidata.org/entity/Q130535028,John Colliers Ltd,Factory,,
Ireland,Q27,http://www.wikidata.org/entity/Q133865375,Phoenix Park distillery,Factory,,
Ireland,Q27,http://www.wikidata.org/entity/Q134961775,Steinerfilm,Factory,,
Ireland,Q27,http://www.wikidata.org/entity/Q134233337,Q134233337,Factory,,
Ireland,Q27,http://www.wikidata.org/entity/Q134233341,Q134233341,Factory,,
Ireland,Q27,http://www.wikidata.org/entity/Q48207278,Walsh Whiskey Distillery,Factory,,
Ireland,Q27,http://www.wikidata.org/entity/Q107292901,Stonewell Cider,Factory,,
Ireland,Q27,http://www.wikidata.org/entity/Q123154491,Q123154491,Factory,,
Ireland,Q27,http://www.wikidata.org/entity/Q120752835,Leahy's Thurles,Factory,,
Ireland,Q27,http://www.wikidata.org/entity/Q120754577,Hammond Lane Dublin,Factory,,
Ireland,Q27,http://www.wikidata.org/entity/Q120765172,Cavanagh Foundry Birr,Factory,,
Ireland,Q27,http://www.wikidata.org/entity/Q120765257,Shannon Foundry Limerick,Factory,,
Ireland,Q27,http://www.wikidata.org/entity/Q120785806,DeLoughry & Sons,Factory,,
Ireland,Q27,http://www.wikidata.org/entity/Q120805564,Harte Wexford,Factory,,
Ireland,Q27,http://www.wikidata.org/entity/Q120897569,Duggan Bros Templemore,Factory,,
Ireland,Q27,http://www.wikidata.org/entity/Q120897709,Conway Foundries Dublin,Factory,,
Ireland,Q27,http://www.wikidata.org/entity/Q120897629,T.W. Little,Factory,,
Ireland,Q27,http://www.wikidata.org/entity/Q120967735,Bailieboro Foundry,Factory,,
Ireland,Q27,http://www.wikidata.org/entity/Q120967646,Park Foundry Waterford,Factory,,
Ireland,Q27,http://www.wikidata.org/entity/Q120967689,Steele & Co. Ltd,Factory,,
Ireland,Q27,http://www.wikidata.org/entity/Q120969062,Power & Son Kilkenny,Factory,,
Ireland,Q27,http://www.wikidata.org/entity/Q121067171,J & J Conway & Sons Ltd,Factory,,
Ireland,Q27,http://www.wikidata.org/entity/Q121067655,John Hearne & Son Ltd,Factory,,
Ireland,Q27,http://www.wikidata.org/entity/Q121084661,Merrick Cork,Factory,,
Ireland,Q27,http://www.wikidata.org/entity/Q121818350,John McNally & Co. Ltd Galway,Factory,,
Suriname,Q730,http://www.wikidata.org/entity/Q85419228,C. Kersten & Co,Factory,,
Suriname,Q730,http://www.wikidata.org/entity/Q118731545,Varossieau Suriname,Factory,,
Syria,Q858,http://www.wikidata.org/entity/Q127431593,Uncertain Mint 6,Factory,,
Syria,Q858,http://www.wikidata.org/entity/Q127429579,Antiocheia ad Taurum,Factory,,
Syria,Q858,http://www.wikidata.org/entity/Q127431598,Uncertain Mint 64,Factory,,
Syria,Q858,http://www.wikidata.org/entity/Q12243471,Q12243471,Factory,,
Syria,Q858,http://www.wikidata.org/entity/Q127431597,Uncertain Mint 63,Factory,,
Syria,Q858,http://www.wikidata.org/entity/Q127431621,Uncertain Mint 88,Factory,,
Syria,Q858,http://www.wikidata.org/entity/Q127431616,Uncertain Mint 83,Factory,,
Syria,Q858,http://www.wikidata.org/entity/Q127431535,Uncertain Mint 125,Factory,,
Syria,Q858,http://www.wikidata.org/entity/Q127431534,Uncertain Mint 124,Factory,,
Syria,Q858,http://www.wikidata.org/entity/Q127431625,Uncertain Mint 90,Factory,,
Syria,Q858,http://www.wikidata.org/entity/Q127431599,Uncertain Mint 65,Factory,,
Syria,Q858,http://www.wikidata.org/entity/Q127430139,Dium Syriae,Factory,,
Syria,Q858,http://www.wikidata.org/entity/Q127431532,Uncertain Mint 122,Factory,,
Syria,Q858,http://www.wikidata.org/entity/Q127431525,Uncertain Mint 115,Factory,,
Syria,Q858,http://www.wikidata.org/entity/Q127431764,ΔI Mint,Factory,,
Syria,Q858,http://www.wikidata.org/entity/Q127431592,Uncertain Mint 59,Factory,,
Syria,Q858,http://www.wikidata.org/entity/Q127431622,Uncertain Mint 89,Factory,,
Syria,Q858,http://www.wikidata.org/entity/Q127431611,Uncertain Mint 79,Factory,,
Syria,Q858,http://www.wikidata.org/entity/Q127429625,Arethusa,Factory,,
Syria,Q858,http://www.wikidata.org/entity/Q127431594,Uncertain Mint 60,Factory,,
Syria,Q858,http://www.wikidata.org/entity/Q127431595,Uncertain Mint 61,Factory,,
Syria,Q858,http://www.wikidata.org/entity/Q113799990,Uncertain Mint 12,Factory,,
Syria,Q858,http://www.wikidata.org/entity/Q127431551,Uncertain Mint 21,Factory,,
Syria,Q858,http://www.wikidata.org/entity/Q127431620,Uncertain Mint 87,Factory,,
Syria,Q858,http://www.wikidata.org/entity/Q127431596,Uncertain Mint 62,Factory,,
Syria,Q858,http://www.wikidata.org/entity/Q127431524,Uncertain Mint 114,Factory,,
Syria,Q858,http://www.wikidata.org/entity/Q127431630,Uncertain Mint 94,Factory,,
Syria,Q858,http://www.wikidata.org/entity/Q55395541,mint of Epiphaneia,Factory,,
Syria,Q858,http://www.wikidata.org/entity/Q127431531,Uncertain Mint 121,Factory,,
Syria,Q858,http://www.wikidata.org/entity/Q127431509,Uncertain Mint 100,Factory,,
Syria,Q858,http://www.wikidata.org/entity/Q127431521,Uncertain Mint 111,Factory,,
Syria,Q858,http://www.wikidata.org/entity/Q113799997,Uncertain Mint 13,Factory,,
Syria,Q858,http://www.wikidata.org/entity/Q127431705,Wreath Mint (Seleucid),Factory,,
Syria,Q858,http://www.wikidata.org/entity/Q127431634,Uncertain Mint 99,Factory,,
Syria,Q858,http://www.wikidata.org/entity/Q127430600,Leucas on the Chrysoroas,Factory,,
Syria,Q858,http://www.wikidata.org/entity/Q127431600,Uncertain Mint 66,Factory,,
Czech Republic,Q213,http://www.wikidata.org/entity/Q11812046,Diana (factory),Factory,,
Czech Republic,Q213,http://www.wikidata.org/entity/Q12057642,Svoboda Motor,Factory,,
Czech Republic,Q213,http://www.wikidata.org/entity/Q37458624,Q37458624,Factory,,
Czech Republic,Q213,http://www.wikidata.org/entity/Q115973680,Q115973680,Factory,,
Czech Republic,Q213,http://www.wikidata.org/entity/Q130048852,Litvinov refinery,Factory,,
Czech Republic,Q213,http://www.wikidata.org/entity/Q130049076,Kralupy refinery,Factory,,
Czech Republic,Q213,http://www.wikidata.org/entity/Q102455585,"Lonka, Příbor",Factory,,
Czech Republic,Q213,http://www.wikidata.org/entity/Q103012255,TATRA Příbor,Factory,,
Czech Republic,Q213,http://www.wikidata.org/entity/Q110076561,Altrohlauer Porzellan-Fabriken AG vorm. Moritz Zdekauer,Factory,,
Czech Republic,Q213,http://www.wikidata.org/entity/Q110076559,Chodau Porzellanfabrik,Factory,,
Czech Republic,Q213,http://www.wikidata.org/entity/Q110076558,Eichwalder Porcelain and Stove Factory Bloch & Co.,Factory,,
Czech Republic,Q213,http://www.wikidata.org/entity/Q110076556,K.K. priv. Porzellanfabrik Fischer und Mieg Pirkenhammer,Factory,,
Czech Republic,Q213,http://www.wikidata.org/entity/Q124460567,Q124460567,Factory,,
Czech Republic,Q213,http://www.wikidata.org/entity/Q115948749,Jarošovský pivovar,Factory,,
Czech Republic,Q213,http://www.wikidata.org/entity/Q83270824,Závod 05 firmy JUTA,Factory,,
Czech Republic,Q213,http://www.wikidata.org/entity/Q60486911,Pivovar Volt,Factory,,
Czech Republic,Q213,http://www.wikidata.org/entity/Q18511458,Zvonařská dílna Tomášková-Dytrychová,Factory,,
Czech Republic,Q213,http://www.wikidata.org/entity/Q79125673,Q79125673,Factory,,
Czech Republic,Q213,http://www.wikidata.org/entity/Q12221,Starobrno Brewery,Factory,,
Czech Republic,Q213,http://www.wikidata.org/entity/Q56649747,Počernický pivovar,Factory,,
Czech Republic,Q213,http://www.wikidata.org/entity/Q101014729,Q101014729,Factory,,
Czech Republic,Q213,http://www.wikidata.org/entity/Q10937738,Q10937738,Factory,,
Czech Republic,Q213,http://www.wikidata.org/entity/Q11863025,Q11863025,Factory,,
Czech Republic,Q213,http://www.wikidata.org/entity/Q12020617,Q12020617,Factory,,
Czech Republic,Q213,http://www.wikidata.org/entity/Q12029573,Q12029573,Factory,,
Czech Republic,Q213,http://www.wikidata.org/entity/Q12037722,Q12037722,Factory,,
Czech Republic,Q213,http://www.wikidata.org/entity/Q12037728,Q12037728,Factory,,
Czech Republic,Q213,http://www.wikidata.org/entity/Q12039426,Q12039426,Factory,,
Czech Republic,Q213,http://www.wikidata.org/entity/Q12045377,Q12045377,Factory,,
Czech Republic,Q213,http://www.wikidata.org/entity/Q12045382,Q12045382,Factory,,
Czech Republic,Q213,http://www.wikidata.org/entity/Q12045383,Q12045383,Factory,,
Czech Republic,Q213,http://www.wikidata.org/entity/Q12045381,Q12045381,Factory,,
Czech Republic,Q213,http://www.wikidata.org/entity/Q12045387,Q12045387,Factory,,
Czech Republic,Q213,http://www.wikidata.org/entity/Q12045391,Q12045391,Factory,,
Czech Republic,Q213,http://www.wikidata.org/entity/Q12045388,Q12045388,Factory,,
Czech Republic,Q213,http://www.wikidata.org/entity/Q12045394,Q12045394,Factory,,
Czech Republic,Q213,http://www.wikidata.org/entity/Q12045393,Q12045393,Factory,,
Czech Republic,Q213,http://www.wikidata.org/entity/Q12045396,Q12045396,Factory,,
Czech Republic,Q213,http://www.wikidata.org/entity/Q12045397,Q12045397,Factory,,
Czech Republic,Q213,http://www.wikidata.org/entity/Q12045403,Q12045403,Factory,,
Czech Republic,Q213,http://www.wikidata.org/entity/Q12045400,Q12045400,Factory,,
Czech Republic,Q213,http://www.wikidata.org/entity/Q12045401,Q12045401,Factory,,
Czech Republic,Q213,http://www.wikidata.org/entity/Q12045404,Q12045404,Factory,,
Czech Republic,Q213,http://www.wikidata.org/entity/Q12045405,Q12045405,Factory,,
Czech Republic,Q213,http://www.wikidata.org/entity/Q12045410,Q12045410,Factory,,
Czech Republic,Q213,http://www.wikidata.org/entity/Q12045414,Q12045414,Factory,,
Czech Republic,Q213,http://www.wikidata.org/entity/Q12045415,Q12045415,Factory,,
Czech Republic,Q213,http://www.wikidata.org/entity/Q12045412,Q12045412,Factory,,
Czech Republic,Q213,http://www.wikidata.org/entity/Q12045413,Q12045413,Factory,,
Czech Republic,Q213,http://www.wikidata.org/entity/Q12045419,Q12045419,Factory,,
Czech Republic,Q213,http://www.wikidata.org/entity/Q12045416,Q12045416,Factory,,
Czech Republic,Q213,http://www.wikidata.org/entity/Q12045417,Q12045417,Factory,,
Czech Republic,Q213,http://www.wikidata.org/entity/Q12045423,Q12045423,Factory,,
Czech Republic,Q213,http://www.wikidata.org/entity/Q12045424,Q12045424,Factory,,
Czech Republic,Q213,http://www.wikidata.org/entity/Q12045431,Q12045431,Factory,,
Czech Republic,Q213,http://www.wikidata.org/entity/Q12045429,Q12045429,Factory,,
Czech Republic,Q213,http://www.wikidata.org/entity/Q12045434,Q12045434,Factory,,
Czech Republic,Q213,http://www.wikidata.org/entity/Q12045439,Q12045439,Factory,,
Czech Republic,Q213,http://www.wikidata.org/entity/Q12045436,Q12045436,Factory,,
Czech Republic,Q213,http://www.wikidata.org/entity/Q12045437,Q12045437,Factory,,
Czech Republic,Q213,http://www.wikidata.org/entity/Q12045441,Q12045441,Factory,,
Czech Republic,Q213,http://www.wikidata.org/entity/Q12045450,Q12045450,Factory,,
Czech Republic,Q213,http://www.wikidata.org/entity/Q12045451,Q12045451,Factory,,
Czech Republic,Q213,http://www.wikidata.org/entity/Q12045448,Q12045448,Factory,,
Czech Republic,Q213,http://www.wikidata.org/entity/Q12045449,Q12045449,Factory,,
Czech Republic,Q213,http://www.wikidata.org/entity/Q12045454,Q12045454,Factory,,
Czech Republic,Q213,http://www.wikidata.org/entity/Q12045456,Q12045456,Factory,,
Czech Republic,Q213,http://www.wikidata.org/entity/Q11086998,Únětický pivovar,Factory,,
Czech Republic,Q213,http://www.wikidata.org/entity/Q11452139,Dětenice Brewery,Factory,,
Czech Republic,Q213,http://www.wikidata.org/entity/Q11452227,Berounský medvěd,Factory,,
Czech Republic,Q213,http://www.wikidata.org/entity/Q11452173,Pivovarská bašta,Factory,,
Czech Republic,Q213,http://www.wikidata.org/entity/Q11688903,Brewery Krakonoš,Factory,,
Czech Republic,Q213,http://www.wikidata.org/entity/Q11819459,Platan brewery,Factory,,
Czech Republic,Q213,http://www.wikidata.org/entity/Q12045435,Brewery Střítež,Factory,,
Czech Republic,Q213,http://www.wikidata.org/entity/Q12045395,Family Brewery Bernard,Factory,,
Czech Republic,Q213,http://www.wikidata.org/entity/Q12045453,Černá Hora Brewery,Factory,,
Czech Republic,Q213,http://www.wikidata.org/entity/Q12045384,Herold Březnice Brewery,Factory,,
Czech Republic,Q213,http://www.wikidata.org/entity/Q12045399,Jihlava Brewery,Factory,,
Czech Republic,Q213,http://www.wikidata.org/entity/Q12045408,Kácov Brewery,Factory,,
Czech Republic,Q213,http://www.wikidata.org/entity/Q12045411,Litovel Brewery,Factory,,
Czech Republic,Q213,http://www.wikidata.org/entity/Q12045420,Pardubický pivovar,Factory,,
Czech Republic,Q213,http://www.wikidata.org/entity/Q12045380,Pivovar Broumov,Factory,,
Czech Republic,Q213,http://www.wikidata.org/entity/Q12045398,Pivovar Jimramov,Factory,,
Czech Republic,Q213,http://www.wikidata.org/entity/Q12045402,Pivovar Klášter,Factory,,
Czech Republic,Q213,http://www.wikidata.org/entity/Q12045418,Pivovar Nymburk,Factory,,
Czech Republic,Q213,http://www.wikidata.org/entity/Q12045427,Pivovar Radegast,Factory,,
Czech Republic,Q213,http://www.wikidata.org/entity/Q12045433,Pivovar Strakonice,Factory,,
Czech Republic,Q213,http://www.wikidata.org/entity/Q12045438,Pivovar Uherský Brod,Factory,,
Czech Republic,Q213,http://www.wikidata.org/entity/Q12045446,Pivovar Vyškov,Factory,,
Czech Republic,Q213,http://www.wikidata.org/entity/Q12045444,Pivovar Vysoký Chlumec,Factory,,
Czech Republic,Q213,http://www.wikidata.org/entity/Q12045455,Pivovar Žatec,Factory,,
Czech Republic,Q213,http://www.wikidata.org/entity/Q12045442,Velké Popovice Brewery,Factory,,
Czech Republic,Q213,http://www.wikidata.org/entity/Q12045445,Vrchlabí brewery,Factory,,
Czech Republic,Q213,http://www.wikidata.org/entity/Q12024231,Jarošovský pivovar,Factory,,
Czech Republic,Q213,http://www.wikidata.org/entity/Q3500121,Třinec Iron and Steel Works,Factory,,
Czech Republic,Q213,http://www.wikidata.org/entity/Q11706909,Břevnovský monastic brewery,Factory,,
Czech Republic,Q213,http://www.wikidata.org/entity/Q12037724,Minipivovar Pegas,Factory,,
Czech Republic,Q213,http://www.wikidata.org/entity/Q102869222,Q102869222,Factory,,
Czech Republic,Q213,http://www.wikidata.org/entity/Q104804030,Řemeslný pivovar Lomnice nad Popelkou,Factory,,
Czech Republic,Q213,http://www.wikidata.org/entity/Q113622587,Q113622587,Factory,,
Czech Republic,Q213,http://www.wikidata.org/entity/Q123163929,Q123163929,Factory,,
Czech Republic,Q213,http://www.wikidata.org/entity/Q120871109,Pivovar Zichovec,Factory,,
Czech Republic,Q213,http://www.wikidata.org/entity/Q17626388,Q17626388,Factory,,
Czech Republic,Q213,http://www.wikidata.org/entity/Q18042673,Q18042673,Factory,,
Czech Republic,Q213,http://www.wikidata.org/entity/Q18042743,Q18042743,Factory,,
Czech Republic,Q213,http://www.wikidata.org/entity/Q18346833,Q18346833,Factory,,
Czech Republic,Q213,http://www.wikidata.org/entity/Q18361882,Q18361882,Factory,,
Czech Republic,Q213,http://www.wikidata.org/entity/Q18915571,Q18915571,Factory,,
Czech Republic,Q213,http://www.wikidata.org/entity/Q18915572,Q18915572,Factory,,
Czech Republic,Q213,http://www.wikidata.org/entity/Q19602563,Q19602563,Factory,,
Czech Republic,Q213,http://www.wikidata.org/entity/Q33112908,Q33112908,Factory,,
Czech Republic,Q213,http://www.wikidata.org/entity/Q38140548,Q38140548,Factory,,
Czech Republic,Q213,http://www.wikidata.org/entity/Q17573617,Pivovar Opava,Factory,,
Czech Republic,Q213,http://www.wikidata.org/entity/Q44100306,Q44100306,Factory,,
Czech Republic,Q213,http://www.wikidata.org/entity/Q21995022,Knížecí pivovar Plasy,Factory,,
Czech Republic,Q213,http://www.wikidata.org/entity/Q22035589,Želivský klášterní pivovar,Factory,,
Czech Republic,Q213,http://www.wikidata.org/entity/Q51525868,Q51525868,Factory,,
Czech Republic,Q213,http://www.wikidata.org/entity/Q61349533,Q61349533,Factory,,
Czech Republic,Q213,http://www.wikidata.org/entity/Q63860198,Q63860198,Factory,,
Czech Republic,Q213,http://www.wikidata.org/entity/Q33046790,Heineken Česká republika,Factory,,
Czech Republic,Q213,http://www.wikidata.org/entity/Q46123560,Klub Starý pivovar,Factory,,
Czech Republic,Q213,http://www.wikidata.org/entity/Q54967316,Pivovar Clock,Factory,,
Czech Republic,Q213,http://www.wikidata.org/entity/Q58280022,Pivovar Rohozec,Factory,,
Czech Republic,Q213,http://www.wikidata.org/entity/Q59660455,Říčanský pivovar,Factory,,
Czech Republic,Q213,http://www.wikidata.org/entity/Q66825494,Podklášterní Pivovar Trebíč,Factory,,
Czech Republic,Q213,http://www.wikidata.org/entity/Q130789156,Q130789156,Factory,,
Czech Republic,Q213,http://www.wikidata.org/entity/Q83314035,Spider Glass,Factory,,
Czech Republic,Q213,http://www.wikidata.org/entity/Q15643541,Q15643541,Factory,,
Czech Republic,Q213,http://www.wikidata.org/entity/Q21296219,Q21296219,Factory,,
Czech Republic,Q213,http://www.wikidata.org/entity/Q12029778,Koksovna Jan Šverma,Factory,,
Czech Republic,Q213,http://www.wikidata.org/entity/Q37183934,Q37183934,Factory,,
Czech Republic,Q213,http://www.wikidata.org/entity/Q42878726,Rudolfova huť,Factory,,
Czech Republic,Q213,http://www.wikidata.org/entity/Q46908265,Sklárna Annín,Factory,,
Czech Republic,Q213,http://www.wikidata.org/entity/Q1001644,Budweiser Budvar,Factory,,
Czech Republic,Q213,http://www.wikidata.org/entity/Q1449380,Franz Wanka,Factory,,
Czech Republic,Q213,http://www.wikidata.org/entity/Q13411270,Q13411270,Factory,,
Czech Republic,Q213,http://www.wikidata.org/entity/Q1796123,Royal Brewery of Krušovice,Factory,,
Czech Republic,Q213,http://www.wikidata.org/entity/Q12045462,Pivovary Staropramen,Factory,,
Czech Republic,Q213,http://www.wikidata.org/entity/Q15269165,Pivovar Cvikov,Factory,,
Czech Republic,Q213,http://www.wikidata.org/entity/Q15618229,Castle Brewery Frýdlant,Factory,,
Czech Republic,Q213,http://www.wikidata.org/entity/Q392082,ŠKODA VAGONKA,Factory,,
Czech Republic,Q213,http://www.wikidata.org/entity/Q3501860,Primátor,Factory,,
Czech Republic,Q213,http://www.wikidata.org/entity/Q3508302,Svijany Brewery,Factory,,
Czech Republic,Q213,http://www.wikidata.org/entity/Q15809498,Pivovar Ferdinand,Factory,,
Czech Republic,Q213,http://www.wikidata.org/entity/Q15880777,Pivovar Ostravar,Factory,,
Czech Republic,Q213,http://www.wikidata.org/entity/Q38036475,Q38036475,Factory,,
Czech Republic,Q213,http://www.wikidata.org/entity/Q38093080,Q38093080,Factory,,
Czech Republic,Q213,http://www.wikidata.org/entity/Q17416431,Vratislavice brewery,Factory,,
Czech Republic,Q213,http://www.wikidata.org/entity/Q3931690,Třeboň Brewery,Factory,,
Czech Republic,Q213,http://www.wikidata.org/entity/Q5684002,Havlíčkův Brod Brewery,Factory,,
Czech Republic,Q213,http://www.wikidata.org/entity/Q5878569,Holba Brewery,Factory,,
Czech Republic,Q213,http://www.wikidata.org/entity/Q7065147,Pivovar Nová Paka,Factory,,
Czech Republic,Q213,http://www.wikidata.org/entity/Q54372625,Q54372625,Factory,,
Czech Republic,Q213,http://www.wikidata.org/entity/Q948831,Plzeňský Prazdroj,Factory,,
Czech Republic,Q213,http://www.wikidata.org/entity/Q131298471,Q131298471,Factory,,
Nepal,Q837,http://www.wikidata.org/entity/Q13187538,Himal Cement Industry,Factory,,
Sri Lanka,Q854,http://www.wikidata.org/entity/Q125146620,Gunawardana Tea,Factory,,
Pakistan,Q843,http://www.wikidata.org/entity/Q6662408,Q6662408,Factory,,
Pakistan,Q843,http://www.wikidata.org/entity/Q7125634,Pakistan Mint,Factory,,
Pakistan,Q843,http://www.wikidata.org/entity/Q4818583,Attock Refinery,Factory,,
Pakistan,Q843,http://www.wikidata.org/entity/Q6934348,Multan Heavy Water Production Facility,Factory,,
Pakistan,Q843,http://www.wikidata.org/entity/Q7125687,Pakistan Refinery,Factory,,
Pakistan,Q843,http://www.wikidata.org/entity/Q109404308,mr. Mustaq,Factory,,
Pakistan,Q843,http://www.wikidata.org/entity/Q121545789,Gwadar refinery,Factory,,
Nigeria,Q1033,http://www.wikidata.org/entity/Q124260809,Kaduna Refinery,Factory,,
Nigeria,Q1033,http://www.wikidata.org/entity/Q124260816,Warri Refinery,Factory,,
Nigeria,Q1033,http://www.wikidata.org/entity/Q7033013,Nigerian Security Printing and Minting Company Limited,Factory,,
Nigeria,Q1033,http://www.wikidata.org/entity/Q128306826,Jeje Feed Mill,Factory,,
Nigeria,Q1033,http://www.wikidata.org/entity/Q131287312,Nigerian Breweries Kudenda,Factory,,
Nigeria,Q1033,http://www.wikidata.org/entity/Q55612766,Golden Guinea Breweries,Factory,,
Nigeria,Q1033,http://www.wikidata.org/entity/Q60748485,Dangote Refinery,Factory,,
Nigeria,Q1033,http://www.wikidata.org/entity/Q111549398,Q111549398,Factory,,
Nigeria,Q1033,http://www.wikidata.org/entity/Q121546865,Port Harcourt refinery,Factory,,
Philippines,Q928,http://www.wikidata.org/entity/Q124073153,Engkanto Brewery,Factory,,
Philippines,Q928,http://www.wikidata.org/entity/Q25302580,San Miguel Brewery,Factory,,
Philippines,Q928,http://www.wikidata.org/entity/Q55582982,Q55582982,Factory,,
Philippines,Q928,http://www.wikidata.org/entity/Q58897703,"Dyna Products, Inc.",Factory,,
Philippines,Q928,http://www.wikidata.org/entity/Q106253768,Lemery Works,Factory,,
Kosovo,Q1231,http://www.wikidata.org/entity/Q112269692,Termokos,Factory,,
Holy Roman Empire,Q12548,http://www.wikidata.org/entity/Q162630,Q162630,Factory,,
Kingdom of Navarre,Q111628725,http://www.wikidata.org/entity/Q130289677,Q130289677,Factory,,
Kingdom of Navarre,Q200262,http://www.wikidata.org/entity/Q130289677,Q130289677,Factory,,
Principality of Transylvania,Q655621,http://www.wikidata.org/entity/Q41298888,Brașov paper mill,Factory,,
Austrian Netherlands,Q700283,http://www.wikidata.org/entity/Q109764040,Société Louis Zoude et Cie,Factory,,
Taiwan under Japanese rule,Q137816,http://www.wikidata.org/entity/Q109345273,Japanese Navy No. 6 Fuel Plant,Factory,,
Northern Ireland,Q26,http://www.wikidata.org/entity/Q5315799,Dunville & Co,Factory,,
Kingdom of the Two Sicilies,Q180393,http://www.wikidata.org/entity/Q3747253,Q3747253,Factory,,
Korea,Q18097,http://www.wikidata.org/entity/Q11509466,Q11509466,Factory,,
Kingdom of Ireland,Q215530,http://www.wikidata.org/entity/Q107370447,Dodderbank distillery,Factory,,
Guyana,Q734,http://www.wikidata.org/entity/Q107108370,Demerara Distillers,Factory,,
