country_name,country_qid,entity,label,type,latitude,longitude
United Kingdom,Q145,http://www.wikidata.org/entity/Q5377316,Enfield Power Station,Gas-fired power station,51.6628,-0.0227778
United Kingdom,Q145,http://www.wikidata.org/entity/Q116876646,Croydon Power Station,Gas-fired power station,51.37644,-0.11637
United Kingdom,Q145,http://www.wikidata.org/entity/Q4841968,Baglan Bay power station,Gas-fired power station,51.615833333,-3.835555555
United Kingdom,Q145,http://www.wikidata.org/entity/Q5600309,Great Yarmouth Power Station,Gas-fired power station,52.5839,1.73326
United Kingdom,Q145,http://www.wikidata.org/entity/Q123984183,Brigg STOR,Gas-fired power station,53.540993,-0.508006
United Kingdom,Q145,http://www.wikidata.org/entity/Q116861374,Cottam Development Centre,Gas-fired power station,53.3062,-0.786
United Kingdom,Q145,http://www.wikidata.org/entity/Q7440154,Seabank Power Station,Gas-fired power station,51.54,-2.669
United Kingdom,Q145,http://www.wikidata.org/entity/Q4997034,Bulls Bridge Power Station,Gas-fired power station,51.502,-0.409
United Kingdom,Q145,http://www.wikidata.org/entity/Q11972431,Q11972431,Gas-fired power station,,
United Kingdom,Q145,http://www.wikidata.org/entity/Q11998416,Q11998416,Gas-fired power station,,
United Kingdom,Q145,http://www.wikidata.org/entity/Q5167508,Coolkeeragh power station,Gas-fired power station,55.0437,-7.249
United Kingdom,Q145,http://www.wikidata.org/entity/Q3430521,Medway Power Station,Gas-fired power station,51.44,0.69
United Kingdom,Q145,http://www.wikidata.org/entity/Q17762809,Q17762809,Gas-fired power station,,
United Kingdom,Q145,http://www.wikidata.org/entity/Q7605141,Staythorpe Power Station,Gas-fired power station,53.0748,-0.85573
United Kingdom,Q145,http://www.wikidata.org/entity/Q116863893,Aberdare Power Station,Gas-fired power station,51.6975,-3.41613
United Kingdom,Q145,http://www.wikidata.org/entity/Q7440541,Seal Sands Power Station,Gas-fired power station,54.6067,-1.20268
United Kingdom,Q145,http://www.wikidata.org/entity/Q5263345,Derwent Power Station,Gas-fired power station,52.9064,-1.4007
United Kingdom,Q145,http://www.wikidata.org/entity/Q7567510,South Humber Bank Power Station,Gas-fired power station,53.603,-0.146
United Kingdom,Q145,http://www.wikidata.org/entity/Q15277437,Shotton Power Station,Gas-fired power station,53.23375,-3.03265
United Kingdom,Q145,http://www.wikidata.org/entity/Q7501423,Shoreham Power Station,Gas-fired power station,50.8294,-0.230556
United Kingdom,Q145,http://www.wikidata.org/entity/Q54327834,Salt End Power Station,Gas-fired power station,53.7355,-0.2431
United Kingdom,Q145,http://www.wikidata.org/entity/Q116901863,Thornhill Gas Power Station,Gas-fired power station,53.677222222,-1.654722222
United Kingdom,Q145,http://www.wikidata.org/entity/Q6005237,Immingham Power Station,Gas-fired power station,53.6383,-0.23328
United Kingdom,Q145,http://www.wikidata.org/entity/Q123984135,Peterborough STOR,Gas-fired power station,52.575703,-0.2037977
United Kingdom,Q145,http://www.wikidata.org/entity/Q7178021,Peterborough Power Station,Gas-fired power station,52.5769,-0.204
United Kingdom,Q145,http://www.wikidata.org/entity/Q5169824,Corby Power Station,Gas-fired power station,52.5109,-0.68139
United Kingdom,Q145,http://www.wikidata.org/entity/Q2944691,Pembroke B Power Station,Gas-fired power station,51.6831,-4.98842
United Kingdom,Q145,http://www.wikidata.org/entity/Q7572988,Spalding Power Station,Gas-fired power station,52.8078,-0.1321
United Kingdom,Q145,http://www.wikidata.org/entity/Q5046442,Carrington Power Station,Gas-fired power station,53.4358,-2.41089
United Kingdom,Q145,http://www.wikidata.org/entity/Q5251011,Deeside Power Station,Gas-fired power station,53.233438888,-3.054588888
United Kingdom,Q145,http://www.wikidata.org/entity/Q132860987,Hirwaun Power Station,Gas-fired power station,,
United Kingdom,Q145,http://www.wikidata.org/entity/Q132861010,Millbrook Power,Gas-fired power station,,
United Kingdom,Q145,http://www.wikidata.org/entity/Q132861016,Progress Power,Gas-fired power station,,
United Kingdom,Q145,http://www.wikidata.org/entity/Q5179664,Cowes Power Station,Gas-fired power station,50.7459,-1.2864
United Kingdom,Q145,http://www.wikidata.org/entity/Q7690249,Taylor's Lane Power Station,Gas-fired power station,51.546,-0.2575
United Kingdom,Q145,http://www.wikidata.org/entity/Q6382090,Keadby Power Station,Gas-fired power station,53.5944,-0.750442
United Kingdom,Q145,http://www.wikidata.org/entity/Q2944652,Ballylumford power station,Gas-fired power station,54.845,-5.787
United Kingdom,Q145,http://www.wikidata.org/entity/Q7384976,Rye House power station,Gas-fired power station,51.7625,0.01077
United Kingdom,Q145,http://www.wikidata.org/entity/Q18161324,Marchwood Power Station,Gas-fired power station,50.897777777,-1.438888888
United Kingdom,Q145,http://www.wikidata.org/entity/Q7355577,Rocksavage Power Station,Gas-fired power station,53.3154,-2.72541
United Kingdom,Q145,http://www.wikidata.org/entity/Q116878407,Didcot OCGT Power Station,Gas-fired power station,51.6245,-1.2639
United Kingdom,Q145,http://www.wikidata.org/entity/Q5161301,Connah's Quay Power Station,Gas-fired power station,53.2322,-3.0813
United Kingdom,Q145,http://www.wikidata.org/entity/Q5173812,Coryton Power Station,Gas-fired power station,51.512,0.508
United Kingdom,Q145,http://www.wikidata.org/entity/Q7366390,Roosecote Power Station,Gas-fired power station,54.105,-3.18773
United Kingdom,Q145,http://www.wikidata.org/entity/Q116911000,Keadby 2 Power Station,Gas-fired power station,53.5952,-0.7522
United Kingdom,Q145,http://www.wikidata.org/entity/Q5212205,Damhead Creek power station,Gas-fired power station,51.4254,0.6001
United Kingdom,Q145,http://www.wikidata.org/entity/Q11980683,King's Lynn Power Station,Gas-fired power station,52.7273,0.380117
United Kingdom,Q145,http://www.wikidata.org/entity/Q6485663,Langage Power Station,Gas-fired power station,50.3884,-4.01173
United Kingdom,Q145,http://www.wikidata.org/entity/Q4864622,Barry Power Station,Gas-fired power station,51.4081,-3.22871
United Kingdom,Q145,http://www.wikidata.org/entity/Q6649001,Little Barford Power Station,Gas-fired power station,52.2044,-0.268889
United Kingdom,Q145,http://www.wikidata.org/entity/Q116861329,Indian Queens Power Station,Gas-fired power station,50.396,-4.8997
United Kingdom,Q145,http://www.wikidata.org/entity/Q7650222,Sutton Bridge Power Station,Gas-fired power station,52.7572,0.19316
United Kingdom,Q145,http://www.wikidata.org/entity/Q7178058,Peterhead Power Station,Gas-fired power station,57.4772,-1.78888
United Kingdom,Q145,http://www.wikidata.org/entity/Q21061737,Killingholme B power station,Gas-fired power station,53.65419,-0.25518
United Kingdom,Q145,http://www.wikidata.org/entity/Q21061736,Killingholme A power station,Gas-fired power station,53.65952,-0.25511
United Kingdom,Q145,http://www.wikidata.org/entity/Q116878372,Didcot B Power Station,Gas-fired power station,51.6254,-1.268
United Kingdom,Q145,http://www.wikidata.org/entity/Q117036054,Down Barn Farm Power Station,Gas-fired power station,50.861673,-1.153879
United Kingdom,Q145,http://www.wikidata.org/entity/Q5447387,Fife power station,Gas-fired power station,56.1689,-3.30611
United Kingdom,Q145,http://www.wikidata.org/entity/Q117262064,Bispham Flexible Generation,Gas-fired power station,,
United Kingdom,Q145,http://www.wikidata.org/entity/Q116861425,Grangemouth CHP,Gas-fired power station,,
United Kingdom,Q145,http://www.wikidata.org/entity/Q116861380,Severn Power Station,Gas-fired power station,,
United Kingdom,Q145,http://www.wikidata.org/entity/Q116861411,West Burton B Power Station,Gas-fired power station,,
United Kingdom,Q145,http://www.wikidata.org/entity/Q116863673,Fellside Power Station,Gas-fired power station,,
United Kingdom,Q145,http://www.wikidata.org/entity/Q116875442,Fawley Cogen Power Station,Gas-fired power station,,
United Kingdom,Q145,http://www.wikidata.org/entity/Q116884110,Redfield Road Gas Generation Plant,Gas-fired power station,,
United Kingdom,Q145,http://www.wikidata.org/entity/Q116886641,Lester Way Power Plant,Gas-fired power station,,
United Kingdom,Q145,http://www.wikidata.org/entity/Q116886710,Red Scar Peaking Plant,Gas-fired power station,,
United Kingdom,Q145,http://www.wikidata.org/entity/Q116886687,The Drove Power Plant,Gas-fired power station,,
United Kingdom,Q145,http://www.wikidata.org/entity/Q116899982,Derby Gas Power Station,Gas-fired power station,,
United Kingdom,Q145,http://www.wikidata.org/entity/Q116900565,Exeter Gas Power Station,Gas-fired power station,,
United Kingdom,Q145,http://www.wikidata.org/entity/Q116901037,Heartlands Power Station,Gas-fired power station,,
United Kingdom,Q145,http://www.wikidata.org/entity/Q116904528,Trafalgar Park Gas Peaking Plant,Gas-fired power station,,
United Kingdom,Q145,http://www.wikidata.org/entity/Q116907489,Chickerell Power Station,Gas-fired power station,,
United Kingdom,Q145,http://www.wikidata.org/entity/Q116910963,Burghfield Power Station,Gas-fired power station,,
United Kingdom,Q145,http://www.wikidata.org/entity/Q116912418,Keadby Three Power Station,Gas-fired power station,,
United Kingdom,Q145,http://www.wikidata.org/entity/Q117036082,Goose House Lane Power Station,Gas-fired power station,,
United Kingdom,Q145,http://www.wikidata.org/entity/Q117036012,Moorfield Drive Power Station,Gas-fired power station,,
United Kingdom,Q145,http://www.wikidata.org/entity/Q117035975,Solutia District Energy,Gas-fired power station,,
United Kingdom,Q145,http://www.wikidata.org/entity/Q117035982,Sevington District Energy,Gas-fired power station,,
United Kingdom,Q145,http://www.wikidata.org/entity/Q117035993,Sudmeadow Road Power Station,Gas-fired power station,,
United Kingdom,Q145,http://www.wikidata.org/entity/Q117036041,Rake Lane Power Station,Gas-fired power station,,
United Kingdom,Q145,http://www.wikidata.org/entity/Q117036789,Bridgwater Power Station,Gas-fired power station,,
United Kingdom,Q145,http://www.wikidata.org/entity/Q117037261,Chatterley Power Station,Gas-fired power station,,
United Kingdom,Q145,http://www.wikidata.org/entity/Q117423985,Gowerton East Power Station,Gas-fired power station,,
United Kingdom,Q145,http://www.wikidata.org/entity/Q11972432,Grain Power Station,Gas-fired power station,51.443055555,0.708055555
United Kingdom,Q145,http://www.wikidata.org/entity/Q7694583,Teesside power station,Gas-fired power station,54.5768,-1.12042
United Kingdom,Q145,http://www.wikidata.org/entity/Q5566630,Glanford Brigg Power Station,Gas-fired power station,53.5406,-0.503635
United Kingdom,Q145,http://www.wikidata.org/entity/Q117423578,Middlewich Power Station,Gas-fired power station,53.18726,-2.42461
Australia,Q408,http://www.wikidata.org/entity/Q125575003,TIWEST_COG1,Gas-fired power station,-32.227627955,115.773210412
Australia,Q408,http://www.wikidata.org/entity/Q6450447,Kwinana Cogeneration Plant,Gas-fired power station,-32.223187528,115.766270249
Australia,Q408,http://www.wikidata.org/entity/Q7653563,Swanbank Power Stations,Gas-fired power station,-27.6598,152.813
Australia,Q408,http://www.wikidata.org/entity/Q4848639,Bairnsdale Power Station,Gas-fired power station,-37.8447,147.565
Australia,Q408,http://www.wikidata.org/entity/Q7161425,Pelican Point Power Station,Gas-fired power station,-34.76305556,138.505
Australia,Q408,http://www.wikidata.org/entity/Q125447247,Parkeston Power Station,Gas-fired power station,-30.737472434,121.506646229
Australia,Q408,http://www.wikidata.org/entity/Q125398269,Alcoa Wagerup Power Station,Gas-fired power station,-32.916111111,115.918611111
Australia,Q408,http://www.wikidata.org/entity/Q30625586,Barker Inlet Power Station,Gas-fired power station,-34.804,138.524
Australia,Q408,http://www.wikidata.org/entity/Q125495245,Neerabup Power Station,Gas-fired power station,-31.671003984,115.801060453
Australia,Q408,http://www.wikidata.org/entity/Q7105805,Osborne Power Station,Gas-fired power station,-34.7981,138.508
Australia,Q408,http://www.wikidata.org/entity/Q5139555,Cockburn Power Station,Gas-fired power station,-32.200335337,115.774085136
Australia,Q408,http://www.wikidata.org/entity/Q125575441,PINJAR GT5,Gas-fired power station,-31.557732646,115.820113083
Australia,Q408,http://www.wikidata.org/entity/Q4859822,Barcaldine Power Station,Gas-fired power station,-23.5525,145.314
Australia,Q408,http://www.wikidata.org/entity/Q16969237,Diamantina Power Station,Gas-fired power station,-20.7847,139.483
Australia,Q408,http://www.wikidata.org/entity/Q125575506,PINJAR GT7,Gas-fired power station,-31.557732646,115.820037981
Australia,Q408,http://www.wikidata.org/entity/Q28943062,Townsville Power Station,Gas-fired power station,-19.2,146.619
Australia,Q408,http://www.wikidata.org/entity/Q14935881,Newman Power Station,Gas-fired power station,-23.344,119.709
Australia,Q408,http://www.wikidata.org/entity/Q76558849,Kemerton power station,Gas-fired power station,-33.1632,115.7805
Australia,Q408,http://www.wikidata.org/entity/Q5223923,Darling Downs Power Station,Gas-fired power station,-27.111,150.905
Australia,Q408,http://www.wikidata.org/entity/Q11991275,Newport Power Station,Gas-fired power station,-37.8418,144.895
Australia,Q408,http://www.wikidata.org/entity/Q7827027,Torrens Island Power Station,Gas-fired power station,-34.8067,138.523
Australia,Q408,http://www.wikidata.org/entity/Q125476391,NAMKKN MERR SG1,Gas-fired power station,-31.538911646,118.22603656
Australia,Q408,http://www.wikidata.org/entity/Q125521973,COCKBURN CCG1,Gas-fired power station,-32.199978235,115.775889919
Australia,Q408,http://www.wikidata.org/entity/Q6172974,Jeeralang Power Station,Gas-fired power station,-38.2743,146.426
Australia,Q408,http://www.wikidata.org/entity/Q70451713,Leichhardt Power Station,Gas-fired power station,-20.783,139.487
Australia,Q408,http://www.wikidata.org/entity/Q125405558,ALINTA WGP GT,Gas-fired power station,-32.915807661,115.918959306
Australia,Q408,http://www.wikidata.org/entity/Q125564384,PERTHENERGY_KWINANA_GT1,Gas-fired power station,-32.22043,115.78034
Australia,Q408,http://www.wikidata.org/entity/Q11994524,Owen Springs Power Station,Gas-fired power station,-23.86,133.82
Australia,Q408,http://www.wikidata.org/entity/Q65706245,Braemar-2,Gas-fired power station,-27.11291,150.90555
Australia,Q408,http://www.wikidata.org/entity/Q4894720,Berrimah Power Station,Gas-fired power station,-12.4261,130.92
Australia,Q408,http://www.wikidata.org/entity/Q125522697,PINJAR GT11,Gas-fired power station,-31.557705219,115.820102354
Australia,Q408,http://www.wikidata.org/entity/Q113974669,Smithfield Power Station,Gas-fired power station,-33.84993,150.94946
Australia,Q408,http://www.wikidata.org/entity/Q125577293,PINJAR GT2,Gas-fired power station,-31.557668651,115.82004871
Australia,Q408,http://www.wikidata.org/entity/Q125405398,ALINTA_PNJ_U1,Gas-fired power station,-32.6473,115.9468
Australia,Q408,http://www.wikidata.org/entity/Q125688488,WEST KALGOORLIE GT3,Gas-fired power station,,
Australia,Q408,http://www.wikidata.org/entity/Q39050887,Quarantine Power Station,Gas-fired power station,-34.779,138.522
Australia,Q408,http://www.wikidata.org/entity/Q7912171,Valley Power Peaking Facility,Gas-fired power station,-38.2535,146.589
Australia,Q408,http://www.wikidata.org/entity/Q7195919,Pinjar Power Station,Gas-fired power station,-31.558,115.818
Australia,Q408,http://www.wikidata.org/entity/Q125564191,KEMERTON_GT11,Gas-fired power station,-33.163198948,115.780800341
Australia,Q408,http://www.wikidata.org/entity/Q6914780,Mortlake Power Station,Gas-fired power station,-38.063138888,142.668333333
Australia,Q408,http://www.wikidata.org/entity/Q7187429,Phosphate Hill Power Station,Gas-fired power station,-21.8814,139.976
Australia,Q408,http://www.wikidata.org/entity/Q125574893,WEST_KALGOORLIE_GT2,Gas-fired power station,-30.780024746,121.423841842
Australia,Q408,http://www.wikidata.org/entity/Q125498041,NewGen Power Station,Gas-fired power station,-32.190302766,115.777101209
Australia,Q408,http://www.wikidata.org/entity/Q7230667,Port Hedland Power Station,Gas-fired power station,-20.425,118.545
Australia,Q408,http://www.wikidata.org/entity/Q13648665,Mica Creek Power Station,Gas-fired power station,-20.7778,139.491
Australia,Q408,http://www.wikidata.org/entity/Q6502636,Laverton North Power Station,Gas-fired power station,-37.8411,144.789
Australia,Q408,http://www.wikidata.org/entity/Q66828323,Temporary Generation South,Gas-fired power station,-35.1,138.487
Australia,Q408,http://www.wikidata.org/entity/Q19398586,Weddell Power Station,Gas-fired power station,-12.5771853,130.9499744
Australia,Q408,http://www.wikidata.org/entity/Q125577140,MUNGARRA GT1,Gas-fired power station,-28.887716099,115.118235912
Australia,Q408,http://www.wikidata.org/entity/Q28220286,Snuggery Power Station,Gas-fired power station,-37.66444444,140.41602778
Australia,Q408,http://www.wikidata.org/entity/Q125577077,MUNGARRA GT3,Gas-fired power station,-28.887716099,115.118246641
Australia,Q408,http://www.wikidata.org/entity/Q7899759,Uranquinty Power Station,Gas-fired power station,-35.1803,147.217
Australia,Q408,http://www.wikidata.org/entity/Q7195921,Pinjarra Power Station,Gas-fired power station,-32.6468,115.947
Australia,Q408,http://www.wikidata.org/entity/Q28220282,Ladbroke Grove Power Station,Gas-fired power station,-37.45641667,140.78222222
Australia,Q408,http://www.wikidata.org/entity/Q7959520,Wagerup Power Station,Gas-fired power station,-32.916,115.919
Australia,Q408,http://www.wikidata.org/entity/Q4279996,Mungarra Power Station,Gas-fired power station,-28.8891,115.118
Australia,Q408,http://www.wikidata.org/entity/Q125420208,ALINTA_WGP_U2,Gas-fired power station,-32.913248714,115.91907777
Australia,Q408,http://www.wikidata.org/entity/Q125577005,PINJAR GT3,Gas-fired power station,-31.557723504,115.820166727
Australia,Q408,http://www.wikidata.org/entity/Q7680761,Tamar Valley Power Station,Gas-fired power station,-41.13998,146.9055693
Australia,Q408,http://www.wikidata.org/entity/Q65706244,Braemar-1,Gas-fired power station,-27.11041,150.9058
Australia,Q408,http://www.wikidata.org/entity/Q96397927,Owen Springs Power Station,Gas-fired power station,,
Australia,Q408,http://www.wikidata.org/entity/Q48800321,Dry Creek Power Station,Gas-fired power station,-34.8475,138.5818
Australia,Q408,http://www.wikidata.org/entity/Q7680087,Tallawarra Power Station,Gas-fired power station,-34.5228,150.808
Australia,Q408,http://www.wikidata.org/entity/Q96406000,Somerton Power Station,Gas-fired power station,-37.6318,144.953
Australia,Q408,http://www.wikidata.org/entity/Q11963434,Channel Island Power Station,Gas-fired power station,-12.554503,130.8665437
Australia,Q408,http://www.wikidata.org/entity/Q125575141,PINJAR GT4,Gas-fired power station,-31.557696077,115.820005795
Australia,Q408,http://www.wikidata.org/entity/Q125564535,KWINANA_GT2,Gas-fired power station,-32.1986,115.775
Australia,Q408,http://www.wikidata.org/entity/Q125564631,KWINANA_GT3,Gas-fired power station,-32.1986,115.775
Australia,Q408,http://www.wikidata.org/entity/Q110639880,Katherine Power Station,Gas-fired power station,,
Australia,Q408,http://www.wikidata.org/entity/Q125688762,Q125688762,Gas-fired power station,-31.1919,121.6719
Australia,Q408,http://www.wikidata.org/entity/Q11991074,Neerabup Power Station,Gas-fired power station,-31.6705,115.802
Australia,Q408,http://www.wikidata.org/entity/Q125522711,PINJAR GT10,Gas-fired power station,-31.557714362,115.820091625
Australia,Q408,http://www.wikidata.org/entity/Q125522756,PINJAR GT9,Gas-fired power station,-31.557714362,115.820091625
Australia,Q408,http://www.wikidata.org/entity/Q125577233,PINJAR GT1,Gas-fired power station,-31.557659508,115.82004871
Australia,Q408,http://www.wikidata.org/entity/Q125564283,KEMERTON_GT12,Gas-fired power station,-33.163136079,115.780832527
Australia,Q408,http://www.wikidata.org/entity/Q125405470,Alinta Pinjarra Unit 2,Gas-fired power station,-32.646666666,115.946666666
Australia,Q408,http://www.wikidata.org/entity/Q5148195,Colongra Power Station,Gas-fired power station,-33.2106,151.542
Australia,Q408,http://www.wikidata.org/entity/Q111363848,Snapper Point Power Station,Gas-fired power station,-34.7644,138.5075
Australia,Q408,http://www.wikidata.org/entity/Q55888012,Ron Goodin Power Station,Gas-fired power station,-23.7088,133.8903
Russia,Q159,http://www.wikidata.org/entity/Q65129177,Q65129177,Gas-fired power station,56.773083,60.554578
Russia,Q159,http://www.wikidata.org/entity/Q66488879,Q66488879,Gas-fired power station,,
Russia,Q159,http://www.wikidata.org/entity/Q21445463,Q21445463,Gas-fired power station,55.084,73.2123
Russia,Q159,http://www.wikidata.org/entity/Q86663084,Q86663084,Gas-fired power station,,
Russia,Q159,http://www.wikidata.org/entity/Q86663188,Q86663188,Gas-fired power station,,
Russia,Q159,http://www.wikidata.org/entity/Q86666646,Q86666646,Gas-fired power station,,
Russia,Q159,http://www.wikidata.org/entity/Q86667203,Q86667203,Gas-fired power station,,
Russia,Q159,http://www.wikidata.org/entity/Q86667773,Q86667773,Gas-fired power station,,
Russia,Q159,http://www.wikidata.org/entity/Q86669078,Q86669078,Gas-fired power station,,
Russia,Q159,http://www.wikidata.org/entity/Q21644346,Balaklavskaya TPS,Gas-fired power station,44.554166666,33.602777777
Russia,Q159,http://www.wikidata.org/entity/Q109358900,Q109358900,Gas-fired power station,,
Russia,Q159,http://www.wikidata.org/entity/Q110259606,Q110259606,Gas-fired power station,,
Russia,Q159,http://www.wikidata.org/entity/Q110259609,Q110259609,Gas-fired power station,,
Russia,Q159,http://www.wikidata.org/entity/Q48922473,Tavricheskaya TPS,Gas-fired power station,44.94194,34.22222
Russia,Q159,http://www.wikidata.org/entity/Q4449132,Power station 25,Gas-fired power station,55.69527778,37.44611111
Russia,Q159,http://www.wikidata.org/entity/Q4460095,Q4460095,Gas-fired power station,53.54722222,49.45388889
Russia,Q159,http://www.wikidata.org/entity/Q4538818,Q4538818,Gas-fired power station,57.55055556,39.77111111
Russia,Q159,http://www.wikidata.org/entity/Q4412466,North-West Thermal Power Plant,Gas-fired power station,60.01583333,30.092
Russia,Q159,http://www.wikidata.org/entity/Q11990778,Q11990778,Gas-fired power station,,
Russia,Q159,http://www.wikidata.org/entity/Q11991598,Q11991598,Gas-fired power station,,
Russia,Q159,http://www.wikidata.org/entity/Q11995116,Q11995116,Gas-fired power station,,
Russia,Q159,http://www.wikidata.org/entity/Q4467477,Q4467477,Gas-fired power station,57.08666667,65.62694444
Russia,Q159,http://www.wikidata.org/entity/Q4408425,Q4408425,Gas-fired power station,51.6234,46.0101
Russia,Q159,http://www.wikidata.org/entity/Q4538817,Q4538817,Gas-fired power station,57.65111111,39.8375
Russia,Q159,http://www.wikidata.org/entity/Q19376057,Q19376057,Gas-fired power station,,
Russia,Q159,http://www.wikidata.org/entity/Q19381906,Q19381906,Gas-fired power station,,
Russia,Q159,http://www.wikidata.org/entity/Q19384738,Q19384738,Gas-fired power station,,
Russia,Q159,http://www.wikidata.org/entity/Q25426949,Q25426949,Gas-fired power station,,
Russia,Q159,http://www.wikidata.org/entity/Q4449126,CHP-12 power station,Gas-fired power station,55.735889,37.560528
Russia,Q159,http://www.wikidata.org/entity/Q4361448,Petrozavodsk CHP station,Gas-fired power station,61.80361111,34.27555556
Russia,Q159,http://www.wikidata.org/entity/Q4460363,Q4460363,Gas-fired power station,56.62111111,85.04222222
Russia,Q159,http://www.wikidata.org/entity/Q21644484,Q21644484,Gas-fired power station,63.5775,53.985
Russia,Q159,http://www.wikidata.org/entity/Q4408426,Q4408426,Gas-fired power station,51.45277778,45.91833333
Russia,Q159,http://www.wikidata.org/entity/Q4508682,CHPP-2,Gas-fired power station,55.15333333,61.49972222
Russia,Q159,http://www.wikidata.org/entity/Q19378458,Q19378458,Gas-fired power station,55.4101,65.232
Russia,Q159,http://www.wikidata.org/entity/Q4184227,Q4184227,Gas-fired power station,55.29027778,52.02277778
Russia,Q159,http://www.wikidata.org/entity/Q4449133,Thermal Power Plant 28,Gas-fired power station,55.89166667,37.50611111
Russia,Q159,http://www.wikidata.org/entity/Q4349292,Pervomaiskaya CHP,Gas-fired power station,59.87305556,30.24666667
Russia,Q159,http://www.wikidata.org/entity/Q4405435,Q4405435,Gas-fired power station,51.84337778,55.09848889
Russia,Q159,http://www.wikidata.org/entity/Q4408346,Saransk CHP-2,Gas-fired power station,54.21583333,45.20805556
Russia,Q159,http://www.wikidata.org/entity/Q4449137,CHP-8 power station,Gas-fired power station,55.723528,37.696222
Russia,Q159,http://www.wikidata.org/entity/Q3430488,Thermal Power Plant 27,Gas-fired power station,55.9161,37.6878
Russia,Q159,http://www.wikidata.org/entity/Q86669012,Q86669012,Gas-fired power station,,
Russia,Q159,http://www.wikidata.org/entity/Q4449125,CHP-11 power station,Gas-fired power station,55.75277778,37.73027778
Russia,Q159,http://www.wikidata.org/entity/Q4336850,Q4336850,Gas-fired power station,52.987898,36.098328
Russia,Q159,http://www.wikidata.org/entity/Q25426947,Q25426947,Gas-fired power station,55.0679,73.2589
Russia,Q159,http://www.wikidata.org/entity/Q25426945,Q25426945,Gas-fired power station,55.0679,73.2589
Russia,Q159,http://www.wikidata.org/entity/Q4494338,Q4494338,Gas-fired power station,48.41361111,135.1175
Russia,Q159,http://www.wikidata.org/entity/Q3445522,North CHP power station,Gas-fired power station,60.07583333,30.47444444
Russia,Q159,http://www.wikidata.org/entity/Q65128272,Q65128272,Gas-fired power station,44.82944444,44.10611111
Russia,Q159,http://www.wikidata.org/entity/Q25426948,Q25426948,Gas-fired power station,55.0016,73.4877
Russia,Q159,http://www.wikidata.org/entity/Q4453205,Q4453205,Gas-fired power station,56.90472222,35.90583333
Russia,Q159,http://www.wikidata.org/entity/Q4449142,AvtoVAZ TEZ,Gas-fired power station,53.575,49.24527778
Russia,Q159,http://www.wikidata.org/entity/Q4215423,Кармановская ГРЭС,Gas-fired power station,56.24855556,54.58819444
Russia,Q159,http://www.wikidata.org/entity/Q4508683,CHPP-3,Gas-fired power station,55.23,61.49083333
Russia,Q159,http://www.wikidata.org/entity/Q4449131,CHP-23 power station,Gas-fired power station,55.82111,37.77167
Russia,Q159,http://www.wikidata.org/entity/Q4508681,Chelyabinsk TETs-1,Gas-fired power station,55.13388889,61.4775
Russia,Q159,http://www.wikidata.org/entity/Q4318862,Q4318862,Gas-fired power station,55.60661111,51.94038889
Russia,Q159,http://www.wikidata.org/entity/Q4449128,CHP-16 power station,Gas-fired power station,55.78305556,37.50222222
Russia,Q159,http://www.wikidata.org/entity/Q3431218,South CHP power station in Saint Petersburg,Gas-fired power station,59.8275,30.451111111
Russia,Q159,http://www.wikidata.org/entity/Q69137431,Mezhdunarodnaya power station,Gas-fired power station,55.760277777,37.528888888
Russia,Q159,http://www.wikidata.org/entity/Q4449130,CHP-21 power station,Gas-fired power station,55.894675,37.51071944
Russia,Q159,http://www.wikidata.org/entity/Q4467478,Q4467478,Gas-fired power station,57.14713889,65.60686111
Russia,Q159,http://www.wikidata.org/entity/Q4449135,CHP-26,Gas-fired power station,55.5775,37.63
Russia,Q159,http://www.wikidata.org/entity/Q4538814,Q4538814,Gas-fired power station,57.64944444,39.87611111
Russia,Q159,http://www.wikidata.org/entity/Q4406364,Q4406364,Gas-fired power station,53.25138889,50.27555556
United States,Q30,http://www.wikidata.org/entity/Q11961634,Blue Lake Power Plant,Gas-fired power station,44.7855,-93.4315
United States,Q30,http://www.wikidata.org/entity/Q11956993,Afton Generating Station,Gas-fired power station,32.114185,-106.846483
United States,Q30,http://www.wikidata.org/entity/Q11960904,Bethlehem Power Plant,Gas-fired power station,40.6183904,-75.3134568
United States,Q30,http://www.wikidata.org/entity/Q11959671,Aurora Power Plant,Gas-fired power station,41.8151,-88.2265
United States,Q30,http://www.wikidata.org/entity/Q5035916,Capitol Power Plant,Gas-fired power station,38.8829,-77.0075
United States,Q30,http://www.wikidata.org/entity/Q5455171,Fisk Generating Station,Gas-fired power station,41.8503,-87.6533
United States,Q30,http://www.wikidata.org/entity/Q7517263,Sim Gideon Power Plant,Gas-fired power station,30.1457,-97.2704
United States,Q30,http://www.wikidata.org/entity/Q4928488,Blount Generating Station,Gas-fired power station,43.0792,-89.3742
United States,Q30,http://www.wikidata.org/entity/Q11957475,Springdale 1 & 2 Power Plant,Gas-fired power station,40.54528,-79.76876
United States,Q30,http://www.wikidata.org/entity/Q11960503,Bellmeade Power Station,Gas-fired power station,37.4964,-77.4317
United States,Q30,http://www.wikidata.org/entity/Q11956794,Abilene Energy Center Combustion Turbine,Gas-fired power station,38.8831,-97.201389
United States,Q30,http://www.wikidata.org/entity/Q7516694,Silverhawk Generating Station,Gas-fired power station,36.4107,-114.961
United States,Q30,http://www.wikidata.org/entity/Q11959594,Audrain Energy Center,Gas-fired power station,39.3092,-91.5369
United States,Q30,http://www.wikidata.org/entity/Q7338507,Riverside Generating Station,Gas-fired power station,39.23833333,-76.51555556
United States,Q30,http://www.wikidata.org/entity/Q11960355,Baxter Wilson Power Plant,Gas-fired power station,32.2831,-90.9306
United States,Q30,http://www.wikidata.org/entity/Q5484912,Frank A. Tracy Generating Station,Gas-fired power station,39.5622,-119.523
United States,Q30,http://www.wikidata.org/entity/Q7788133,Thomas C. Ferguson Power Plant,Gas-fired power station,30.5575,-98.3722
United States,Q30,http://www.wikidata.org/entity/Q11961639,Blue Spruce Energy Center,Gas-fired power station,39.7436428,-104.6803489
United States,Q30,http://www.wikidata.org/entity/Q11959573,Quantum Auburndale Power Plant,Gas-fired power station,,
United States,Q30,http://www.wikidata.org/entity/Q6477772,Lake Side Power Station,Gas-fired power station,40.3311,-111.756
United States,Q30,http://www.wikidata.org/entity/Q11957809,Anclote Power Plant,Gas-fired power station,28.184444,-82.788611
United States,Q30,http://www.wikidata.org/entity/Q11957615,Optim Energy Altura Cogen,Gas-fired power station,29.8161,-95.10773
United States,Q30,http://www.wikidata.org/entity/Q4922960,Blackhawk Generating Station,Gas-fired power station,42.5064,-89.0322
United States,Q30,http://www.wikidata.org/entity/Q11960360,Bayboro Power Plant,Gas-fired power station,27.758056,-82.635278
United States,Q30,http://www.wikidata.org/entity/Q7349223,Robert Reid Power Station,Gas-fired power station,37.64,-87.5
United States,Q30,http://www.wikidata.org/entity/Q5666883,Harry Allen Generating Station,Gas-fired power station,36.43,-114.901
United States,Q30,http://www.wikidata.org/entity/Q5588293,Gould Street Generating Station,Gas-fired power station,39.2664,-76.604
United States,Q30,http://www.wikidata.org/entity/Q6684181,Lost Pines Power Project 1,Gas-fired power station,30.1472,-97.2706
United States,Q30,http://www.wikidata.org/entity/Q11960520,Beluga Power Plant,Gas-fired power station,61.1861,-151.0356
United States,Q30,http://www.wikidata.org/entity/Q11960509,Bellingham Cogeneration Facility,Gas-fired power station,42.0925,-71.4833
United States,Q30,http://www.wikidata.org/entity/Q8002475,Wilkes Power Plant,Gas-fired power station,32.8481,-94.5478
United States,Q30,http://www.wikidata.org/entity/Q11962028,Boulevard Power Plant,Gas-fired power station,32.0411,-81.145
United States,Q30,http://www.wikidata.org/entity/Q7354182,RockGen Energy Center,Gas-fired power station,42.9769,-89.0486
United States,Q30,http://www.wikidata.org/entity/Q1495182,Midland Cogeneration Venture,Gas-fired power station,43.586,-84.2224
United States,Q30,http://www.wikidata.org/entity/Q5273642,Dickerson Generating Station,Gas-fired power station,39.21,-77.465
United States,Q30,http://www.wikidata.org/entity/Q11959203,Arthur Von Rosenberg Power Plant,Gas-fired power station,29.257046,-98.384045
United States,Q30,http://www.wikidata.org/entity/Q11959433,Astoria Gas Turbines Power Plant,Gas-fired power station,40.787,-73.9048
United States,Q30,http://www.wikidata.org/entity/Q5221090,Danskin Power Plant,Gas-fired power station,43.1792,-115.734
United States,Q30,http://www.wikidata.org/entity/Q5584042,Goose Creek Energy Center,Gas-fired power station,40.1069,-88.5992
United States,Q30,http://www.wikidata.org/entity/Q1870230,Hal B. Wansley Power Plant,Gas-fired power station,33.413333,-85.0325
United States,Q30,http://www.wikidata.org/entity/Q5115584,Chuck Lenzie Generating Station,Gas-fired power station,36.3833,-114.922
United States,Q30,http://www.wikidata.org/entity/Q11960388,Beaver Power Plant,Gas-fired power station,46.172401,-123.17392
United States,Q30,http://www.wikidata.org/entity/Q11957052,Agua Fria Generating Station,Gas-fired power station,33.5561,-112.2153
United States,Q30,http://www.wikidata.org/entity/Q11961652,Blythe Energy,Gas-fired power station,33.6163,-114.6867
United States,Q30,http://www.wikidata.org/entity/Q7201499,Plant X,Gas-fired power station,34.1658,-102.411
United States,Q30,http://www.wikidata.org/entity/Q11958484,Apex Generating Station,Gas-fired power station,36.415999,-114.960916
United States,Q30,http://www.wikidata.org/entity/Q11960362,Baytown Energy Center,Gas-fired power station,29.77239,-94.90212
United States,Q30,http://www.wikidata.org/entity/Q11961517,ANP Blackstone Energy Project,Gas-fired power station,42.059876,-71.515811
United States,Q30,http://www.wikidata.org/entity/Q11960336,Bastrop Energy Center,Gas-fired power station,30.1468841,-97.5499652
United States,Q30,http://www.wikidata.org/entity/Q11959215,Arvah B. Hopkins Power Plant,Gas-fired power station,30.452787181,-84.399448642
United States,Q30,http://www.wikidata.org/entity/Q1739396,Elk River Station,Gas-fired power station,45.2952,-93.5567
United States,Q30,http://www.wikidata.org/entity/Q5375446,Encina Power Station,Gas-fired power station,33.1364,-117.337
United States,Q30,http://www.wikidata.org/entity/Q7986565,"West Springfield, Massachusetts Power Plant",Gas-fired power station,42.0957,-72.5957
United States,Q30,http://www.wikidata.org/entity/Q11959942,KGen Southaven,Gas-fired power station,34.98191,-90.04203
United States,Q30,http://www.wikidata.org/entity/Q6138357,James M. Barry Electric Generating Plant,Gas-fired power station,31.0061,-88.0111
United States,Q30,http://www.wikidata.org/entity/Q1484729,Fort St. Vrain Generating Station,Gas-fired power station,40.2444,-104.874
United States,Q30,http://www.wikidata.org/entity/Q11959481,Athens Generating Plant,Gas-fired power station,42.2728,-73.8492
United States,Q30,http://www.wikidata.org/entity/Q7231029,Port Washington Generating Station,Gas-fired power station,43.3847,-87.87
United States,Q30,http://www.wikidata.org/entity/Q11956636,Alamitos Energy Center,Gas-fired power station,33.76916667,-118.10194444
United States,Q30,http://www.wikidata.org/entity/Q5345737,Edward W. Clark Generating Station,Gas-fired power station,36.0881,-115.05
United States,Q30,http://www.wikidata.org/entity/Q5331347,Eaton Electric Generating Plant,Gas-fired power station,31.329566,-89.268264
United States,Q30,http://www.wikidata.org/entity/Q11960510,ANP Bellingham Energy Project,Gas-fired power station,42.110577,-71.453468
United States,Q30,http://www.wikidata.org/entity/Q2944692,Morgantown Generating Station,Gas-fired power station,38.3592,-76.9767
United States,Q30,http://www.wikidata.org/entity/Q5158799,Concord Generating Station,Gas-fired power station,43.1681,-88.6869
United States,Q30,http://www.wikidata.org/entity/Q11961643,Bluegrass Generating Station,Gas-fired power station,38.3902,-85.4133
United States,Q30,http://www.wikidata.org/entity/Q1700030,McIntosh (CAES) Plant,Gas-fired power station,31.255294,-88.029628
United States,Q30,http://www.wikidata.org/entity/Q116716357,NIH Cogeneration Facility,Gas-fired power station,39.0,-77.0939
United States,Q30,http://www.wikidata.org/entity/Q116718652,Ector County Energy Center,Gas-fired power station,32.069167,-102.5856
United States,Q30,http://www.wikidata.org/entity/Q116718403,Danbury Hospital Cogen Plant,Gas-fired power station,41.405278,-73.4475
United States,Q30,http://www.wikidata.org/entity/Q116720827,Chamon Power LLC,Gas-fired power station,29.883214,-95.11135
United States,Q30,http://www.wikidata.org/entity/Q116716265,Ripon Generation Station,Gas-fired power station,37.7315,-121.116
United States,Q30,http://www.wikidata.org/entity/Q116716279,"Waterside Power, LLC",Gas-fired power station,41.0372,-73.5564
United States,Q30,http://www.wikidata.org/entity/Q116718998,DC Water CHP,Gas-fired power station,38.820556,-77.01833
United States,Q30,http://www.wikidata.org/entity/Q116718190,Wabash Valley Power IGCC,Gas-fired power station,39.53,-87.4247
United States,Q30,http://www.wikidata.org/entity/Q116720127,East. Michigan Univ. Heating Plant,Gas-fired power station,42.248889,-83.62889
United States,Q30,http://www.wikidata.org/entity/Q116719780,W.A. Parish Carbon Capture Plant,Gas-fired power station,29.475278,-95.63417
United States,Q30,http://www.wikidata.org/entity/Q116718006,Niland Gas Turbine Plant,Gas-fired power station,33.238842,-115.5045
United States,Q30,http://www.wikidata.org/entity/Q116716247,Manchief Electric Generating Station,Gas-fired power station,40.217143,-103.685
United States,Q30,http://www.wikidata.org/entity/Q116721551,Astoria Station,Gas-fired power station,44.574965,-96.55942
United States,Q30,http://www.wikidata.org/entity/Q116720531,Eight Flags Energy,Gas-fired power station,30.6608,-81.4706
United States,Q30,http://www.wikidata.org/entity/Q116718101,Signal Hill West Unit,Gas-fired power station,33.811182,-118.1756
United States,Q30,http://www.wikidata.org/entity/Q116718885,Elk Station,Gas-fired power station,33.865,-101.8433
United States,Q30,http://www.wikidata.org/entity/Q116720132,Q Plant,Gas-fired power station,32.904167,-117.2011
United States,Q30,http://www.wikidata.org/entity/Q116720463,Alpine Power Plant,Gas-fired power station,45.063748,-84.82535
United States,Q30,http://www.wikidata.org/entity/Q116718336,Paramount Refinery,Gas-fired power station,33.9,-118.1514
United States,Q30,http://www.wikidata.org/entity/Q116718367,Kern Oil & Refining Co,Gas-fired power station,35.295556,-118.9183
United States,Q30,http://www.wikidata.org/entity/Q116718415,Smith College Central Heating Plant,Gas-fired power station,42.3125,-72.63944
United States,Q30,http://www.wikidata.org/entity/Q116716231,Greene Valley Gas Recovery,Gas-fired power station,41.73379,-88.08491
United States,Q30,http://www.wikidata.org/entity/Q116720316,Bull Street Plant,Gas-fired power station,33.489767,-80.87027
United States,Q30,http://www.wikidata.org/entity/Q116720887,UA Central Utility Plant,Gas-fired power station,36.066336,-94.17225
United States,Q30,http://www.wikidata.org/entity/Q116716245,Livingston Generating Station,Gas-fired power station,45.030397,-84.7308
United States,Q30,http://www.wikidata.org/entity/Q116719766,Rand Whitney CHP Plant,Gas-fired power station,41.452778,-72.13611
United States,Q30,http://www.wikidata.org/entity/Q116718555,North Chicago Energy Center,Gas-fired power station,42.306389,-87.85194
United States,Q30,http://www.wikidata.org/entity/Q116718418,Energy Center,Gas-fired power station,34.063056,-117.1639
United States,Q30,http://www.wikidata.org/entity/Q116718386,Delano Energy Center,Gas-fired power station,35.790864,-119.2945
United States,Q30,http://www.wikidata.org/entity/Q116716380,Waste Management King George LFGTE,Gas-fired power station,38.2747,-77.3081
United States,Q30,http://www.wikidata.org/entity/Q116719951,AgriReNew,Gas-fired power station,41.691944,-90.86639
United States,Q30,http://www.wikidata.org/entity/Q116718594,Central Energy Facility,Gas-fired power station,34.679444,-82.84028
United States,Q30,http://www.wikidata.org/entity/Q116718002,PPS Power Plant No 1,Gas-fired power station,37.03385,-88.61586
United States,Q30,http://www.wikidata.org/entity/Q116718389,Quay County,Gas-fired power station,35.182778,-103.7311
United States,Q30,http://www.wikidata.org/entity/Q116718708,Montana Power Station,Gas-fired power station,31.823889,-106.2119
United States,Q30,http://www.wikidata.org/entity/Q116718427,Loyola University Health Plant,Gas-fired power station,41.855833,-87.83556
United States,Q30,http://www.wikidata.org/entity/Q116720128,Albany Medical Ctr Cogen Plant,Gas-fired power station,42.655,-73.7777
United States,Q30,http://www.wikidata.org/entity/Q116718518,La Luz Energy Center,Gas-fired power station,34.616111,-106.815
United States,Q30,http://www.wikidata.org/entity/Q116716468,CCCSD Wastewater Treatment Plnt,Gas-fired power station,37.9978,-122.0697
United States,Q30,http://www.wikidata.org/entity/Q116718490,Chatham,Gas-fired power station,42.934444,-85.3475
United States,Q30,http://www.wikidata.org/entity/Q116721281,Argonne National Laboratory CHP,Gas-fired power station,41.716534,-87.97061
United States,Q30,http://www.wikidata.org/entity/Q116720826,Port Comfort Power LLC,Gas-fired power station,28.64807,-96.54621
United States,Q30,http://www.wikidata.org/entity/Q116722119,Georgia-Pacific Taylorsville Plywood,Gas-fired power station,31.837173,-89.4635
United States,Q30,http://www.wikidata.org/entity/Q116718739,HTW Plant 303 COGEN,Gas-fired power station,40.76052,-111.8419
United States,Q30,http://www.wikidata.org/entity/Q116718335,Molson Coors Shenandoah Brewery,Gas-fired power station,38.356944,-78.67667
United States,Q30,http://www.wikidata.org/entity/Q116721107,Industrial Plant,Gas-fired power station,58.367635,-134.608
United States,Q30,http://www.wikidata.org/entity/Q116718615,Sunshine Gas Producers,Gas-fired power station,34.335678,-118.5192
United States,Q30,http://www.wikidata.org/entity/Q116720070,"The Methodist Hospital, Gas Turbine",Gas-fired power station,29.709444,-95.40028
United States,Q30,http://www.wikidata.org/entity/Q116718422,BMW Manufacturing Co,Gas-fired power station,34.894167,-82.17833
United States,Q30,http://www.wikidata.org/entity/Q116721323,"Republic Services Renewable Energy, LLC",Gas-fired power station,36.35867,-114.8748
United States,Q30,http://www.wikidata.org/entity/Q116718495,Central Utilities Plant LAX 2,Gas-fired power station,33.943889,-118.4042
United States,Q30,http://www.wikidata.org/entity/Q116718216,Concord Energy,Gas-fired power station,35.34598,-80.67039
United States,Q30,http://www.wikidata.org/entity/Q116718945,MCAGCC Cogen Plant,Gas-fired power station,34.237222,-116.0542
United States,Q30,http://www.wikidata.org/entity/Q116720279,City of West Plains Power Station,Gas-fired power station,36.748611,-91.86861
United States,Q30,http://www.wikidata.org/entity/Q116720062,Broshco Fabricated Products,Gas-fired power station,40.776111,-82.56861
United States,Q30,http://www.wikidata.org/entity/Q116716237,Androscoggin Energy Center,Gas-fired power station,44.506315,-70.24231
United States,Q30,http://www.wikidata.org/entity/Q116721612,Victoria Port Power LLC,Gas-fired power station,28.695805,-96.94541
United States,Q30,http://www.wikidata.org/entity/Q116721242,Chicago West Side Energy Center,Gas-fired power station,41.870751,-87.67838
United States,Q30,http://www.wikidata.org/entity/Q116716268,Jamaica Bay Peaking,Gas-fired power station,40.6097,-73.7622
United States,Q30,http://www.wikidata.org/entity/Q116719097,Freeport LP Pretreatment Facility,Gas-fired power station,28.979167,-95.30694
United States,Q30,http://www.wikidata.org/entity/Q116716353,Waterbury Generation,Gas-fired power station,41.5444,-73.0417
United States,Q30,http://www.wikidata.org/entity/Q116718096,Power Generation Station (PGS) 2,Gas-fired power station,37.825833,-122.2961
United States,Q30,http://www.wikidata.org/entity/Q116718245,Lonesome Creek Station,Gas-fired power station,47.796667,-103.5786
United States,Q30,http://www.wikidata.org/entity/Q116720131,P Plant,Gas-fired power station,32.894722,-117.1981
United States,Q30,http://www.wikidata.org/entity/Q116718145,US GSA Heating and Transmission,Gas-fired power station,38.885709,-77.02837
United States,Q30,http://www.wikidata.org/entity/Q116719758,Central Energy Plant USU,Gas-fired power station,41.748611,-111.8117
United States,Q30,http://www.wikidata.org/entity/Q116720834,Friendswood Energy,Gas-fired power station,29.647267,-95.45152
United States,Q30,http://www.wikidata.org/entity/Q116719894,Carlsbad Energy Center,Gas-fired power station,33.140507,-117.3339
United States,Q30,http://www.wikidata.org/entity/Q116718338,SABIC Innovative Plastics Mt. Vernon,Gas-fired power station,37.910278,-87.92611
United States,Q30,http://www.wikidata.org/entity/Q116721931,NCSU Cates Cogeneration Plant,Gas-fired power station,35.784027,-78.6747
United States,Q30,http://www.wikidata.org/entity/Q116720685,Bacliff,Gas-fired power station,29.49233,-94.98483
United States,Q30,http://www.wikidata.org/entity/Q116720317,Substation 20 Plant,Gas-fired power station,33.440183,-80.8417
United States,Q30,http://www.wikidata.org/entity/Q116720415,HP Hood CT,Gas-fired power station,39.132519,-78.18747
United States,Q30,http://www.wikidata.org/entity/Q116716241,Opryland USA,Gas-fired power station,36.211389,-86.69444
United States,Q30,http://www.wikidata.org/entity/Q116720169,BYUI Central Energy Facility,Gas-fired power station,43.816944,-111.7858
United States,Q30,http://www.wikidata.org/entity/Q116716235,De Pere Energy Center,Gas-fired power station,44.44861,-88.07204
United States,Q30,http://www.wikidata.org/entity/Q116721096,"Shell New Energies, Junction City",Gas-fired power station,44.183526,-123.2005
United States,Q30,http://www.wikidata.org/entity/Q116718437,East Campus Steam Plant,Gas-fired power station,40.809167,-77.8475
United States,Q30,http://www.wikidata.org/entity/Q116718404,Eastern Maine Medical Center,Gas-fired power station,44.808333,-68.75083
United States,Q30,http://www.wikidata.org/entity/Q116718552,Charles D. Lamb Energy Center,Gas-fired power station,36.813889,-97.12528
United States,Q30,http://www.wikidata.org/entity/Q116719967,Univ Minnesota CHP Plant,Gas-fired power station,44.978611,-93.24083
United States,Q30,http://www.wikidata.org/entity/Q116718471,Clayville,Gas-fired power station,39.424444,-75.02
United States,Q30,http://www.wikidata.org/entity/Q116719757,Otter Creek Ethanol Poet - Ashton,Gas-fired power station,43.275,-95.80972
United States,Q30,http://www.wikidata.org/entity/Q116719843,Frito Lay Incorporated,Gas-fired power station,41.862778,-71.89167
United States,Q30,http://www.wikidata.org/entity/Q116718432,Thomas M Knott Cogen Facility,Gas-fired power station,35.184444,-120.6183
United States,Q30,http://www.wikidata.org/entity/Q116718425,MTSU Power Co-Gen Plant,Gas-fired power station,35.851389,-86.365
United States,Q30,http://www.wikidata.org/entity/Q116718347,El Dorado Refinery,Gas-fired power station,37.792778,-96.87722
United States,Q30,http://www.wikidata.org/entity/Q116718247,Fredericktown Energy Center,Gas-fired power station,37.571672,-90.31725
United States,Q30,http://www.wikidata.org/entity/Q116718155,OBP Cogen,Gas-fired power station,40.754865,-73.98325
United States,Q30,http://www.wikidata.org/entity/Q116718656,Dart Container Corp,Gas-fired power station,40.086463,-76.17603
United States,Q30,http://www.wikidata.org/entity/Q116722091,NRG Chalk Point CT,Gas-fired power station,38.5444,-76.6861
United States,Q30,http://www.wikidata.org/entity/Q116716240,University of Tennessee Steam Plant,Gas-fired power station,35.949209,-83.92607
United States,Q30,http://www.wikidata.org/entity/Q116720692,West Groton CHP,Gas-fired power station,42.61343,-71.63377
United States,Q30,http://www.wikidata.org/entity/Q116718614,LSU Cogen,Gas-fired power station,30.410556,-91.18139
United States,Q30,http://www.wikidata.org/entity/Q116716269,Riverside Energy Resource Center,Gas-fired power station,33.9636,-117.4528
United States,Q30,http://www.wikidata.org/entity/Q116718426,UNH 7.9 MW Plant,Gas-fired power station,43.13674,-70.93613
United States,Q30,http://www.wikidata.org/entity/Q116716313,Hunlock Unit 4,Gas-fired power station,41.2025,-76.06833
United States,Q30,http://www.wikidata.org/entity/Q116720133,W Plant,Gas-fired power station,32.903333,-117.1956
United States,Q30,http://www.wikidata.org/entity/Q116718429,Amherst College Co Gen,Gas-fired power station,42.371667,-72.51222
United States,Q30,http://www.wikidata.org/entity/Q116718433,US Magnesium,Gas-fired power station,40.913333,-112.7339
United States,Q30,http://www.wikidata.org/entity/Q11972503,Greater Des Moines Power Plant,Gas-fired power station,41.5563,-93.5283
United States,Q30,http://www.wikidata.org/entity/Q11975594,Hog Bayou Energy Center,Gas-fired power station,30.7478,-88.0575
United States,Q30,http://www.wikidata.org/entity/Q11966593,Effingham County Power Project,Gas-fired power station,32.277252,-81.284411
United States,Q30,http://www.wikidata.org/entity/Q11965000,Decker Creek Power Station,Gas-fired power station,30.3042406,-97.6124814
United States,Q30,http://www.wikidata.org/entity/Q11972462,Granite Ridge Power Plant,Gas-fired power station,42.9042,-71.4261
United States,Q30,http://www.wikidata.org/entity/Q11968254,ExxonMobil Beaumont Refinery Power Plant,Gas-fired power station,30.0636,-94.0753
United States,Q30,http://www.wikidata.org/entity/Q11963580,Quantum Choctaw Power Plant,Gas-fired power station,33.3792,-89.2089
United States,Q30,http://www.wikidata.org/entity/Q11974353,Harquahala Generating Project,Gas-fired power station,33.47596,-113.113434
United States,Q30,http://www.wikidata.org/entity/Q11963980,Collins Power Plant,Gas-fired power station,41.346111,-88.392777
United States,Q30,http://www.wikidata.org/entity/Q11962268,Bridgeport Energy Project,Gas-fired power station,41.1692,-73.1844
United States,Q30,http://www.wikidata.org/entity/Q11966993,El Segundo Energy Center,Gas-fired power station,33.90743,-118.42195
United States,Q30,http://www.wikidata.org/entity/Q11975313,Hidalgo Energy Center,Gas-fired power station,26.34135,-98.17622
United States,Q30,http://www.wikidata.org/entity/Q11964774,Darlington County Power Plant,Gas-fired power station,34.4185,-80.1657
United States,Q30,http://www.wikidata.org/entity/Q11965346,Desert Basin Power Plant,Gas-fired power station,32.9042,-111.7889
United States,Q30,http://www.wikidata.org/entity/Q11967369,Emporia Energy Center,Gas-fired power station,38.445883,-96.065247
United States,Q30,http://www.wikidata.org/entity/Q11977777,J K Smith Power Plant,Gas-fired power station,37.8833,-84.1017
United States,Q30,http://www.wikidata.org/entity/Q11964763,Darby Generating Station,Gas-fired power station,39.712222222,-83.177222222
United States,Q30,http://www.wikidata.org/entity/Q11963432,Channel Energy Center,Gas-fired power station,29.7189,-95.2325
United States,Q30,http://www.wikidata.org/entity/Q11963000,Caledonia Power Facility,Gas-fired power station,,
United States,Q30,http://www.wikidata.org/entity/Q11963378,Ceredo Generating Station,Gas-fired power station,38.367777777,-82.533611111
United States,Q30,http://www.wikidata.org/entity/Q11967321,Emery Station,Gas-fired power station,43.094,-93.292222
United States,Q30,http://www.wikidata.org/entity/Q11963984,Colorado Bend Energy Center,Gas-fired power station,29.2878,-96.0683
United States,Q30,http://www.wikidata.org/entity/Q11980461,Kearny Generating Station,Gas-fired power station,40.737222222,-74.098888888
United States,Q30,http://www.wikidata.org/entity/Q11972521,Greenwood Power Plant,Gas-fired power station,43.1056,-82.6964
United States,Q30,http://www.wikidata.org/entity/Q11973657,Hagood Power Plant,Gas-fired power station,32.8265,-79.9634
United States,Q30,http://www.wikidata.org/entity/Q11966327,E B Harris Electric Generating Plant,Gas-fired power station,32.381352,-86.574366
United States,Q30,http://www.wikidata.org/entity/Q11974320,Hardee Power Station,Gas-fired power station,27.6364,-81.9636
United States,Q30,http://www.wikidata.org/entity/Q11967365,Empire Energy Center,Gas-fired power station,37.1385,-94.1041
United States,Q30,http://www.wikidata.org/entity/Q11964140,LSP-Cottage Grove Power Plant,Gas-fired power station,44.7956,-92.9119
United States,Q30,http://www.wikidata.org/entity/Q11963908,Clear Lake Cogeneration,Gas-fired power station,29.62763,-95.06199
United States,Q30,http://www.wikidata.org/entity/Q11964262,Currant Creek Power Plant,Gas-fired power station,39.82144,-111.89345
United States,Q30,http://www.wikidata.org/entity/Q11965057,Delta Energy Center,Gas-fired power station,38.0172323,-121.8467779
United States,Q30,http://www.wikidata.org/entity/Q11977318,Inland Empire Energy Center,Gas-fired power station,33.738831,-117.1695761
United States,Q30,http://www.wikidata.org/entity/Q11972184,Gleason Generating Facility,Gas-fired power station,36.2454,-88.612
United States,Q30,http://www.wikidata.org/entity/Q11969945,H Allen Franklin Combined Cycle,Gas-fired power station,32.6078,-85.0975
United States,Q30,http://www.wikidata.org/entity/Q11970054,Fredonia Power Plant,Gas-fired power station,48.4558,-122.4358
United States,Q30,http://www.wikidata.org/entity/Q11963517,Chesapeake Power Plant,Gas-fired power station,36.7711,-76.3019
United States,Q30,http://www.wikidata.org/entity/Q11977031,Indian River Plant,Gas-fired power station,28.493232,-80.780124
United States,Q30,http://www.wikidata.org/entity/Q11971968,Gila River Generating Station,Gas-fired power station,32.975,-112.6944
United States,Q30,http://www.wikidata.org/entity/Q11967298,Ellwood Power Plant,Gas-fired power station,34.431419,-119.900055
United States,Q30,http://www.wikidata.org/entity/Q11972460,Granite City Power Plant,Gas-fired power station,45.5756,-94.1408
United States,Q30,http://www.wikidata.org/entity/Q11971847,George M Sullivan Generation Plant 2,Gas-fired power station,61.229713,-149.716744
United States,Q30,http://www.wikidata.org/entity/Q11971971,Gilbert Power Plant,Gas-fired power station,40.565833,-75.163889
United States,Q30,http://www.wikidata.org/entity/Q11963433,Channelview Cogeneration Plant,Gas-fired power station,29.836952,-95.121744
United States,Q30,http://www.wikidata.org/entity/Q11965001,DeCordova Steam Electric Station,Gas-fired power station,32.4036,-97.70145
United States,Q30,http://www.wikidata.org/entity/Q11977486,Inver Hills Power Plant,Gas-fired power station,44.781,-93.042
United States,Q30,http://www.wikidata.org/entity/Q11979245,Joppa Steam Power Plant,Gas-fired power station,37.2094,-88.858889
United States,Q30,http://www.wikidata.org/entity/Q11968026,Etiwanda Steam-Electric Generating Station,Gas-fired power station,34.0904,-117.53269
United States,Q30,http://www.wikidata.org/entity/Q11963579,Choctaw County Power Plant,Gas-fired power station,33.2881,-89.4201
United States,Q30,http://www.wikidata.org/entity/Q11964021,Elizabeth River Power Station,Gas-fired power station,36.775,-76.3083
United States,Q30,http://www.wikidata.org/entity/Q11970397,Front Range Power Plant,Gas-fired power station,38.6281,-104.7069
United States,Q30,http://www.wikidata.org/entity/Q11966464,Eastman Cogeneration Facility,Gas-fired power station,32.4481,-94.6903
United States,Q30,http://www.wikidata.org/entity/Q11965629,Dicks Creek Power Plant,Gas-fired power station,39.465,-84.3778
United States,Q30,http://www.wikidata.org/entity/Q11974569,Haynes Generating Station,Gas-fired power station,33.7650605,-118.0952454
United States,Q30,http://www.wikidata.org/entity/Q11967068,Elgin Energy Center,Gas-fired power station,42.000061,-88.244572
United States,Q30,http://www.wikidata.org/entity/Q11979103,Joliet Generating Station,Gas-fired power station,41.494444444,-88.123888888
United States,Q30,http://www.wikidata.org/entity/Q11964241,Cunningham Power Plant,Gas-fired power station,32.7131,-103.3533
United States,Q30,http://www.wikidata.org/entity/Q11962091,Brandy Branch Power Plant,Gas-fired power station,30.320556,-81.947222
United States,Q30,http://www.wikidata.org/entity/Q11966454,Dean Power Plant,Gas-fired power station,42.7743853,-82.481732
United States,Q30,http://www.wikidata.org/entity/Q11965056,Delta Power Plant,Gas-fired power station,33.7947,-90.7139
United States,Q30,http://www.wikidata.org/entity/Q11973686,Hal C Weaver Power Plant,Gas-fired power station,30.2867,-97.7356
United States,Q30,http://www.wikidata.org/entity/Q11964871,DeBary Power Plant,Gas-fired power station,28.903863,-81.332329
United States,Q30,http://www.wikidata.org/entity/Q11963482,Chattahoochee Energy Facility,Gas-fired power station,33.4072,-85.0386
United States,Q30,http://www.wikidata.org/entity/Q11962994,Calcasieu Power Plant,Gas-fired power station,30.1608,-93.345
United States,Q30,http://www.wikidata.org/entity/Q11974338,Hargis-Hebert Electric Generating,Gas-fired power station,30.1694,-91.9923
United States,Q30,http://www.wikidata.org/entity/Q11967188,Elk Hills Power Plant,Gas-fired power station,35.2802525,-119.4704464
United States,Q30,http://www.wikidata.org/entity/Q11979092,Johnsonville Combustion Turbine Plant,Gas-fired power station,36.035,-87.983888888
United States,Q30,http://www.wikidata.org/entity/Q11975741,Holtsville Power Plant,Gas-fired power station,40.817037,-73.066265
United States,Q30,http://www.wikidata.org/entity/Q11966457,East River Power Plant,Gas-fired power station,40.7281,-73.9742
United States,Q30,http://www.wikidata.org/entity/Q11963524,Chevron Oil Power Plant,Gas-fired power station,30.34,-88.4919
United States,Q30,http://www.wikidata.org/entity/Q11977441,Intercession City power plant,Gas-fired power station,28.262778,-81.548611
United States,Q30,http://www.wikidata.org/entity/Q11971980,Gilroy Energy Center,Gas-fired power station,36.9988,-121.5377
United States,Q30,http://www.wikidata.org/entity/Q11962365,Brownsville Peaking Power Plant,Gas-fired power station,35.54163,-89.20028
United States,Q30,http://www.wikidata.org/entity/Q11969949,Chambersburg Power Plant,Gas-fired power station,39.866944,-77.685833
United States,Q30,http://www.wikidata.org/entity/Q11964022,Commonwealth Chesapeake Power Plant,Gas-fired power station,37.9892,-75.54
United States,Q30,http://www.wikidata.org/entity/Q11963251,Cascade Creek Power Plant,Gas-fired power station,44.0322,-92.4908
United States,Q30,http://www.wikidata.org/entity/Q11974357,Harrison County Power Project,Gas-fired power station,32.3958,-94.4367
United States,Q30,http://www.wikidata.org/entity/Q11966530,PSEG Edison Generating Station,Gas-fired power station,40.4911,-74.3956
United States,Q30,http://www.wikidata.org/entity/Q11972513,Green Power 2 Power Plant,Gas-fired power station,29.378097,-94.93277
United States,Q30,http://www.wikidata.org/entity/Q11962645,Buzzard Point Power Plant,Gas-fired power station,38.86528,-77.01163
United States,Q30,http://www.wikidata.org/entity/Q11963522,Chester Generating Station,Gas-fired power station,39.8301,-75.3837
United States,Q30,http://www.wikidata.org/entity/Q11971865,Georgetown Power Plant,Gas-fired power station,39.902556,-86.24405
United States,Q30,http://www.wikidata.org/entity/Q11965980,Doyle Energy Facility,Gas-fired power station,33.837699,-83.699577
United States,Q30,http://www.wikidata.org/entity/Q11963487,Chehalis Generating Facility,Gas-fired power station,46.6225,-122.9131
United States,Q30,http://www.wikidata.org/entity/Q11972378,Gordonsville Energy,Gas-fired power station,38.124688,-78.203543
United States,Q30,http://www.wikidata.org/entity/Q11972631,Griffith Energy,Gas-fired power station,35.054029,-114.133272
United States,Q30,http://www.wikidata.org/entity/Q11964071,Contra Costa power plant,Gas-fired power station,38.01858,-121.76351
United States,Q30,http://www.wikidata.org/entity/Q11975882,Magnet Cove Power Plant,Gas-fired power station,34.4297,-92.8317
United States,Q30,http://www.wikidata.org/entity/Q11964214,Crossroads Energy Center,Gas-fired power station,34.183,-90.5621
United States,Q30,http://www.wikidata.org/entity/Q11964172,Coyote Springs Power Plant,Gas-fired power station,45.847998,-119.67392
United States,Q30,http://www.wikidata.org/entity/Q11964166,Coyote Springs II Power Plant,Gas-fired power station,45.848039,-119.673965
United States,Q30,http://www.wikidata.org/entity/Q11965058,York Energy Center,Gas-fired power station,39.738862,-76.3072962
United States,Q30,http://www.wikidata.org/entity/Q11973110,Guadalupe Energy Center,Gas-fired power station,29.62327,-98.1403
United States,Q30,http://www.wikidata.org/entity/Q11965975,Freeport Energy,Gas-fired power station,28.991289,-95.407481
United States,Q30,http://www.wikidata.org/entity/Q11966442,Eagle Mountain Power Plant,Gas-fired power station,32.906242,-97.479701
United States,Q30,http://www.wikidata.org/entity/Q11972450,Grand Tower Energy Center,Gas-fired power station,37.6577,-89.511161
United States,Q30,http://www.wikidata.org/entity/Q11972334,Goldendale Generating Station,Gas-fired power station,45.8114,-120.833
United States,Q30,http://www.wikidata.org/entity/Q11963089,Cape Canaveral Power Plant,Gas-fired power station,28.4698,-80.7644
United States,Q30,http://www.wikidata.org/entity/Q11968394,Fairless Energy Center,Gas-fired power station,40.1475,-74.7411
United States,Q30,http://www.wikidata.org/entity/Q11975558,Hobbs Generating Station,Gas-fired power station,32.728333,-103.309444
United States,Q30,http://www.wikidata.org/entity/Q11966332,E. F. Barrett Power Station,Gas-fired power station,40.616388888,-73.6475
United States,Q30,http://www.wikidata.org/entity/Q11964199,Crist Power Plant,Gas-fired power station,30.5661,-87.2244
United States,Q30,http://www.wikidata.org/entity/Q11958466,Apache Generating Station,Gas-fired power station,32.0603,-109.8931
United States,Q30,http://www.wikidata.org/entity/Q11956639,Red Oak Power,Gas-fired power station,40.4492,-74.3478
United States,Q30,http://www.wikidata.org/entity/Q11959893,B C Cobb Power Plant,Gas-fired power station,43.258768,-86.242268
United States,Q30,http://www.wikidata.org/entity/Q11962992,Caithness Long Island Energy Center,Gas-fired power station,40.8143,-72.9402
United States,Q30,http://www.wikidata.org/entity/Q11962233,Bremo Bluff Power Plant,Gas-fired power station,37.7089,-78.2878
United States,Q30,http://www.wikidata.org/entity/Q11964639,Dan E. Karn Generating Plant,Gas-fired power station,43.6445672,-83.8400709
United States,Q30,http://www.wikidata.org/entity/Q11964982,Dean H Mitchell Power Plant,Gas-fired power station,41.6392,-87.4069
United States,Q30,http://www.wikidata.org/entity/Q11959837,Avon Lake Power Plant,Gas-fired power station,41.504166666,-82.054166666
United States,Q30,http://www.wikidata.org/entity/Q11966524,Edge Moor Power Plant,Gas-fired power station,39.73886,-75.50384
United States,Q30,http://www.wikidata.org/entity/Q11959312,Asheville Power Plant,Gas-fired power station,35.4731,-82.5417
United States,Q30,http://www.wikidata.org/entity/Q11960980,Big Cajun 2 Power Plant,Gas-fired power station,30.7261,-91.3692
United States,Q30,http://www.wikidata.org/entity/Q11961508,Black Dog Power Plant,Gas-fired power station,44.8108,-93.2501
United States,Q30,http://www.wikidata.org/entity/Q11964088,Cope Power Plant,Gas-fired power station,33.3644,-81.03
United States,Q30,http://www.wikidata.org/entity/Q11963907,Cleary Flood Hybrid Power Plant,Gas-fired power station,41.8653,-71.1061
United States,Q30,http://www.wikidata.org/entity/Q11963916,Clinch River Power Plant,Gas-fired power station,36.9333,-82.1997
United States,Q30,http://www.wikidata.org/entity/Q11966519,Eddystone Generating Station,Gas-fired power station,39.858,-75.323
United States,Q30,http://www.wikidata.org/entity/Q11963591,GREC Power Plant,Gas-fired power station,36.190278,-95.2894
United States,Q30,http://www.wikidata.org/entity/Q11966063,Dresden Plant,Gas-fired power station,40.093055555,-82.026388888
United States,Q30,http://www.wikidata.org/entity/Q11963521,Chesterfield Power Plant,Gas-fired power station,37.3822,-77.3833
United States,Q30,http://www.wikidata.org/entity/Q11962267,Bridgeport Station,Gas-fired power station,41.1706,-73.1844
United States,Q30,http://www.wikidata.org/entity/Q11997783,Richmond County Power Plant,Gas-fired power station,34.8392,-79.7406
United States,Q30,http://www.wikidata.org/entity/Q11998011,Riverside Power Plant,Gas-fired power station,45.0203,-93.2753
United States,Q30,http://www.wikidata.org/entity/Q11997238,Rawhide Power Plant,Gas-fired power station,40.860905,-105.021207
United States,Q30,http://www.wikidata.org/entity/Q11990134,Mountain Creek Power Plant,Gas-fired power station,32.7231,-96.9358
United States,Q30,http://www.wikidata.org/entity/Q11991269,Newman Power Plant,Gas-fired power station,31.983587,-106.431777
United States,Q30,http://www.wikidata.org/entity/Q11998009,River Rouge Power Plant,Gas-fired power station,42.2739,-83.1119
United States,Q30,http://www.wikidata.org/entity/Q11994776,Paris Generating Station,Gas-fired power station,42.6658,-88.0131
United States,Q30,http://www.wikidata.org/entity/Q11997782,Q11997782,Gas-fired power station,,
United States,Q30,http://www.wikidata.org/entity/Q11993203,Odessa-Ector Power Plant,Gas-fired power station,31.83839,-102.32672
United States,Q30,http://www.wikidata.org/entity/Q11997777,Richland Power Plant,Gas-fired power station,41.305203,-84.334622
United States,Q30,http://www.wikidata.org/entity/Q11991250,New Covert Generating Facility,Gas-fired power station,42.32238,-86.29368
United States,Q30,http://www.wikidata.org/entity/Q11998012,Riverside Generating,Gas-fired power station,38.192222222,-82.604166666
United States,Q30,http://www.wikidata.org/entity/Q11980539,Kern River Cogeneration,Gas-fired power station,35.45209,-118.98599
United States,Q30,http://www.wikidata.org/entity/Q11992629,Northeastern Power Plant,Gas-fired power station,36.4317,-95.7008
United States,Q30,http://www.wikidata.org/entity/Q11992630,Northeast Power Plant,Gas-fired power station,42.45,-83.0381
United States,Q30,http://www.wikidata.org/entity/Q11987880,Maine Independence Station,Gas-fired power station,44.8242,-68.7094
United States,Q30,http://www.wikidata.org/entity/Q11995807,Plaquemine Cogeneration Plant,Gas-fired power station,30.3217,-91.2347
United States,Q30,http://www.wikidata.org/entity/Q11991557,Nine Mile Point Power Plant,Gas-fired power station,29.9472,-90.1458
United States,Q30,http://www.wikidata.org/entity/Q11991251,New Albany Energy Facility,Gas-fired power station,,
United States,Q30,http://www.wikidata.org/entity/Q11994826,Quantum Pasco Power Plant,Gas-fired power station,,
United States,Q30,http://www.wikidata.org/entity/Q11988008,Mandalay Generation Station,Gas-fired power station,34.20662,-119.25303
United States,Q30,http://www.wikidata.org/entity/Q11997937,Rio Grande Power Plant,Gas-fired power station,31.8047,-106.5472
United States,Q30,http://www.wikidata.org/entity/Q11980580,Kiamichi Energy Facility,Gas-fired power station,34.6831,-95.9349
United States,Q30,http://www.wikidata.org/entity/Q11981091,Klamath Cogeneration Plant,Gas-fired power station,42.173889,-121.810556
United States,Q30,http://www.wikidata.org/entity/Q11992737,Nueces Bay Power Plant,Gas-fired power station,27.819412,-97.419203
United States,Q30,http://www.wikidata.org/entity/Q11990070,Moss Landing Power Plant,Gas-fired power station,36.8049,-121.782
United States,Q30,http://www.wikidata.org/entity/Q11989060,Meramec Energy Center,Gas-fired power station,38.405222222,-90.34075
United States,Q30,http://www.wikidata.org/entity/Q11986880,Lower Mount Bethel Energy,Gas-fired power station,40.801924,-75.107563
United States,Q30,http://www.wikidata.org/entity/Q11989136,Mesquite Generating Station,Gas-fired power station,33.345047,-112.864227
United States,Q30,http://www.wikidata.org/entity/Q11997575,Renaissance Power Plant,Gas-fired power station,43.1864,-84.8429
United States,Q30,http://www.wikidata.org/entity/Q11983226,Laredo Power Plant,Gas-fired power station,27.5667,-99.5089
United States,Q30,http://www.wikidata.org/entity/Q11980695,Kinmundy Energy Center,Gas-fired power station,38.7619,-89.0128
United States,Q30,http://www.wikidata.org/entity/Q11989064,PSEG Mercer Generating Station,Gas-fired power station,40.1792,-74.7339
United States,Q30,http://www.wikidata.org/entity/Q11998013,Riverside Power Plant,Gas-fired power station,35.99792,-95.9579
United States,Q30,http://www.wikidata.org/entity/Q11995369,Rio Bravo Power Plant,Gas-fired power station,35.026,-106.644
United States,Q30,http://www.wikidata.org/entity/Q11990277,Muskogee Power Plant,Gas-fired power station,35.76135,-95.28732
United States,Q30,http://www.wikidata.org/entity/Q11994699,Panoche Energy Center,Gas-fired power station,36.65103,-120.58496
United States,Q30,http://www.wikidata.org/entity/Q11982985,Lake Road Power Plant,Gas-fired power station,39.7246,-94.8773
United States,Q30,http://www.wikidata.org/entity/Q11989308,Michoud Power Plant,Gas-fired power station,30.0081,-89.9372
United States,Q30,http://www.wikidata.org/entity/Q11994800,Parr GT Power Plant,Gas-fired power station,34.2642,-81.3308
United States,Q30,http://www.wikidata.org/entity/Q11993728,Oleander Power Project,Gas-fired power station,28.3661,-80.7947
United States,Q30,http://www.wikidata.org/entity/Q11992621,North Lake Power Plant,Gas-fired power station,32.950556,-96.975
United States,Q30,http://www.wikidata.org/entity/Q11997736,Rhode Island State Energy Center,Gas-fired power station,41.8017,-71.5186
United States,Q30,http://www.wikidata.org/entity/Q11995711,Pine Bluff Energy Center,Gas-fired power station,34.2181,-91.9025
United States,Q30,http://www.wikidata.org/entity/Q11995341,Permian Basin generator,Gas-fired power station,31.5821,-102.9609
United States,Q30,http://www.wikidata.org/entity/Q11986796,Los Medanos Energy Center,Gas-fired power station,38.03,-121.8725
United States,Q30,http://www.wikidata.org/entity/Q11994660,Palomar Energy Center,Gas-fired power station,33.11914,-117.11825
United States,Q30,http://www.wikidata.org/entity/Q11991312,Nichols Power Plant,Gas-fired power station,35.283357,-101.746423
United States,Q30,http://www.wikidata.org/entity/Q11993031,Ocean State Power Plant,Gas-fired power station,42.0099,-71.6701
United States,Q30,http://www.wikidata.org/entity/Q11989458,Milford Power Project,Gas-fired power station,41.224355,-73.099728
United States,Q30,http://www.wikidata.org/entity/Q11997194,Rathdrum Power Plant,Gas-fired power station,47.80427,-116.867312
United States,Q30,http://www.wikidata.org/entity/Q11990356,Mystic Generating Station,Gas-fired power station,42.3914,-71.0669
United States,Q30,http://www.wikidata.org/entity/Q11994321,Osprey Energy Center Power Plant,Gas-fired power station,28.0525,-81.8083
United States,Q30,http://www.wikidata.org/entity/Q11982983,Lake Hubbard Power Plant,Gas-fired power station,32.83641,-96.54637
United States,Q30,http://www.wikidata.org/entity/Q11994353,Oswego Harbor Power Plant,Gas-fired power station,43.4586,-76.5319
United States,Q30,http://www.wikidata.org/entity/Q11995354,Perryman Generating Station,Gas-fired power station,39.44166667,-76.21944444
United States,Q30,http://www.wikidata.org/entity/Q11996067,Port Westward Power Plant,Gas-fired power station,46.17894,-123.172039
United States,Q30,http://www.wikidata.org/entity/Q11996750,RS Cogen Power Plant,Gas-fired power station,30.221,-93.2992
United States,Q30,http://www.wikidata.org/entity/Q11991279,Newton Power Plant,Gas-fired power station,38.9361,-88.2781
United States,Q30,http://www.wikidata.org/entity/Q11988800,McIntosh Power Plant,Gas-fired power station,32.3478,-81.1817
United States,Q30,http://www.wikidata.org/entity/Q11992620,North Loop Power Plant,Gas-fired power station,32.401,-111.1262
United States,Q30,http://www.wikidata.org/entity/Q11997239,Ray Olinger Power Plant,Gas-fired power station,33.0667,-96.4519
United States,Q30,http://www.wikidata.org/entity/Q11989488,Dave Gates Generating Station,Gas-fired power station,46.104713,-112.876605
United States,Q30,http://www.wikidata.org/entity/Q11992626,North Pole Power Plant,Gas-fired power station,64.7356,-147.3481
United States,Q30,http://www.wikidata.org/entity/Q11996094,Possum Point Power Plant,Gas-fired power station,38.5367,-77.2806
United States,Q30,http://www.wikidata.org/entity/Q11995361,Perryville Power Station,Gas-fired power station,32.6908,-92.0183
United States,Q30,http://www.wikidata.org/entity/Q11989590,Mint Farm Generating Station,Gas-fired power station,46.138824,-122.985506
United States,Q30,http://www.wikidata.org/entity/Q11990283,Mustang Station,Gas-fired power station,32.97255,-102.74143
United States,Q30,http://www.wikidata.org/entity/Q11983440,Lauderdale Power Plant,Gas-fired power station,26.0686,-80.1984
United States,Q30,http://www.wikidata.org/entity/Q11983503,Lawrence County Station,Gas-fired power station,38.8003,-86.4511
United States,Q30,http://www.wikidata.org/entity/Q11994533,P L Bartow Power Plant,Gas-fired power station,27.859535,-82.601759
United States,Q30,http://www.wikidata.org/entity/Q11994442,Ouachita Power Plant,Gas-fired power station,32.7061,-92.0683
United States,Q30,http://www.wikidata.org/entity/Q11986835,Louis Doc Bonin Power Plant,Gas-fired power station,30.238038,-92.046264
United States,Q30,http://www.wikidata.org/entity/Q11988108,Marcus Hook Energy,Gas-fired power station,39.807038,-75.421606
United States,Q30,http://www.wikidata.org/entity/Q11995713,Pinelawn Power Plant,Gas-fired power station,40.736611,-73.388424
United States,Q30,http://www.wikidata.org/entity/Q11997716,Rex Brown Power Plant,Gas-fired power station,32.356954,-90.21297
United States,Q30,http://www.wikidata.org/entity/Q11987819,Magnolia gas-fired power station,Gas-fired power station,34.835,-89.2026
United States,Q30,http://www.wikidata.org/entity/Q11983008,Lamar Power Project,Gas-fired power station,33.6308,-95.59
United States,Q30,http://www.wikidata.org/entity/Q11993880,Ontelaunee Energy Center,Gas-fired power station,40.4219,-75.9356
United States,Q30,http://www.wikidata.org/entity/Q11993039,Ocotillo Power Plant,Gas-fired power station,33.4225,-111.9122
United States,Q30,http://www.wikidata.org/entity/Q11996017,Ponca City Power Plant,Gas-fired power station,36.71979,-97.085758
United States,Q30,http://www.wikidata.org/entity/Q11993033,NAEA Ocean Peaking Power LLC,Gas-fired power station,40.0633,-74.1672
United States,Q30,http://www.wikidata.org/entity/Q11983869,Lewis Creek Power Plant,Gas-fired power station,30.4356,-95.5214
United States,Q30,http://www.wikidata.org/entity/Q11983919,Liberty Electric Power Plant,Gas-fired power station,39.8614,-75.3358
United States,Q30,http://www.wikidata.org/entity/Q11989933,Morgan Energy Center,Gas-fired power station,34.6397,-87.0639
United States,Q30,http://www.wikidata.org/entity/Q11982871,LaO Energy Systems Power Plant,Gas-fired power station,30.3186,-91.2325
United States,Q30,http://www.wikidata.org/entity/Q11996069,Portland Power Plant,Gas-fired power station,40.910205,-75.079398
United States,Q30,http://www.wikidata.org/entity/Q11990874,Narrows Gas Turbines Generating,Gas-fired power station,40.648611,-74.020833
United States,Q30,http://www.wikidata.org/entity/Q11989906,Montville Station,Gas-fired power station,41.4281,-72.1019
United States,Q30,http://www.wikidata.org/entity/Q11980487,Kemper County Power Plant,Gas-fired power station,32.7976,-88.606
United States,Q30,http://www.wikidata.org/entity/Q11984073,Lincoln Combustion Power Plant,Gas-fired power station,35.4317,-81.0347
United States,Q30,http://www.wikidata.org/entity/Q11991624,Noblesville Power Plant,Gas-fired power station,40.0969,-85.9714
United States,Q30,http://www.wikidata.org/entity/Q11992624,North Texas Power Plant,Gas-fired power station,32.77878,-97.694542
United States,Q30,http://www.wikidata.org/entity/Q11988798,McClain Energy Facility,Gas-fired power station,35.29742,-97.5904
United States,Q30,http://www.wikidata.org/entity/Q11988047,Mankato Energy Center,Gas-fired power station,44.1988,-94.003
United States,Q30,http://www.wikidata.org/entity/Q11981245,Knox Lee Power Plant,Gas-fired power station,32.3766,-94.6415
United States,Q30,http://www.wikidata.org/entity/Q11991073,Alliant Energy Neenah Power Plant,Gas-fired power station,44.1936,-88.5064
United States,Q30,http://www.wikidata.org/entity/Q11994825,Pasadena Cogeneration Power Plant,Gas-fired power station,29.72475,-95.176479
United States,Q30,http://www.wikidata.org/entity/Q11988461,Marshalltown Power Plant,Gas-fired power station,42.0474,-92.859444
United States,Q30,http://www.wikidata.org/entity/Q11989344,Midlothian Energy Facility,Gas-fired power station,32.43085,-97.0538
United States,Q30,http://www.wikidata.org/entity/Q11998524,Rowan Power Plant,Gas-fired power station,35.7314,-80.6019
United States,Q30,http://www.wikidata.org/entity/Q12000090,PSEG Sewaren Generating Station,Gas-fired power station,40.5558,-74.2469
United States,Q30,http://www.wikidata.org/entity/Q12002306,Spindle Hill Energy Center,Gas-fired power station,40.092192,-104.887844
United States,Q30,http://www.wikidata.org/entity/Q12008905,Valley Generating Station,Gas-fired power station,34.244166666,-118.3925
United States,Q30,http://www.wikidata.org/entity/Q12002146,Southwestern Power Plant,Gas-fired power station,35.1009,-98.3524
United States,Q30,http://www.wikidata.org/entity/Q17748177,Acadia Energy Center,Gas-fired power station,30.428611,-92.413056
United States,Q30,http://www.wikidata.org/entity/Q11999347,San Jacinto Steam Electric Station,Gas-fired power station,29.694838,-95.040622
United States,Q30,http://www.wikidata.org/entity/Q11998100,Robert P Mone Plant,Gas-fired power station,40.9297,-84.7392
United States,Q30,http://www.wikidata.org/entity/Q17750879,Jack Fusco Energy Center,Gas-fired power station,29.4731,-95.6244
United States,Q30,http://www.wikidata.org/entity/Q17760415,Brunot Island Generating Station,Gas-fired power station,40.46429,-80.043
United States,Q30,http://www.wikidata.org/entity/Q17750353,Big Sandy Peaker Plant,Gas-fired power station,38.343888888,-82.593888888
United States,Q30,http://www.wikidata.org/entity/Q11998141,Rock Springs Generation Facility,Gas-fired power station,39.719722222,-76.159444444
United States,Q30,http://www.wikidata.org/entity/Q17749996,Batesville Generation Facility,Gas-fired power station,34.3356,-89.9275
United States,Q30,http://www.wikidata.org/entity/Q12005469,Central Alabama Generating Station,Gas-fired power station,32.6497,-86.74
United States,Q30,http://www.wikidata.org/entity/Q12002485,Dow St Charles Operations,Gas-fired power station,29.9861,-90.4414
United States,Q30,http://www.wikidata.org/entity/Q12010765,Wolf Hills Energy,Gas-fired power station,36.6644,-82.1044
United States,Q30,http://www.wikidata.org/entity/Q12005472,Tenaska Gateway Generating Station,Gas-fired power station,32.01664,-94.61906
United States,Q30,http://www.wikidata.org/entity/Q12010422,Waterford 1 & 2 power plant,Gas-fired power station,29.9986424,-90.4770278
United States,Q30,http://www.wikidata.org/entity/Q16966660,Bergen Generating Station,Gas-fired power station,40.8394444,-74.0244444
United States,Q30,http://www.wikidata.org/entity/Q12010548,Westbrook Energy Center Power Plant,Gas-fired power station,43.6575,-70.375
United States,Q30,http://www.wikidata.org/entity/Q11999024,SRW Cogen,Gas-fired power station,,
United States,Q30,http://www.wikidata.org/entity/Q12004494,TXU Sweetwater Generating Plant,Gas-fired power station,32.492831,-100.364973
United States,Q30,http://www.wikidata.org/entity/Q12003948,Sumpter Power Plant,Gas-fired power station,42.167,-83.5318
United States,Q30,http://www.wikidata.org/entity/Q12004962,T J Labbe Electric Generating,Gas-fired power station,30.2554,-92.0433
United States,Q30,http://www.wikidata.org/entity/Q12066941,Ravenswood Generating Station,Gas-fired power station,40.75972222,-73.94583333
United States,Q30,http://www.wikidata.org/entity/Q17749521,Attala Power Plant,Gas-fired power station,33.0147,-89.6753
United States,Q30,http://www.wikidata.org/entity/Q12003962,Sundance Generating Station,Gas-fired power station,32.9285,-111.5899
United States,Q30,http://www.wikidata.org/entity/Q12010590,Whitehorn Generating Station,Gas-fired power station,48.8845662,-122.753969
United States,Q30,http://www.wikidata.org/entity/Q12004106,Suwannee River Power Plant,Gas-fired power station,30.376389,-83.180556
United States,Q30,http://www.wikidata.org/entity/Q14714483,J. P. Pulliam Generating Station,Gas-fired power station,44.54,-88.0086
United States,Q30,http://www.wikidata.org/entity/Q11999356,Sand Hill Power Plant,Gas-fired power station,30.2098,-97.6129
United States,Q30,http://www.wikidata.org/entity/Q12009272,Venice power plant,Gas-fired power station,38.6642,-90.1764
United States,Q30,http://www.wikidata.org/entity/Q17749319,Arlington Valley Energy Facility,Gas-fired power station,33.3417,-112.8897
United States,Q30,http://www.wikidata.org/entity/Q17748102,AES Redondo Beach Power Plant,Gas-fired power station,33.8513549,-118.3961368
United States,Q30,http://www.wikidata.org/entity/Q17750964,Broad River Energy Center,Gas-fired power station,35.0786,-81.575
United States,Q30,http://www.wikidata.org/entity/Q12010424,Waukegan Power Plant,Gas-fired power station,42.3833,-87.8133
United States,Q30,http://www.wikidata.org/entity/Q11998152,NRG Rockford Energy Center,Gas-fired power station,42.2383,-89.1011
United States,Q30,http://www.wikidata.org/entity/Q11998162,Rocky Road Power Plant,Gas-fired power station,42.0931,-88.2397
United States,Q30,http://www.wikidata.org/entity/Q17748100,Huntington Beach Energy Project,Gas-fired power station,33.645,-117.976388888
United States,Q30,http://www.wikidata.org/entity/Q17748601,Angus Anson Power Plant,Gas-fired power station,43.60347,-96.6356
United States,Q30,http://www.wikidata.org/entity/Q12000182,Energy Shelby County,Gas-fired power station,39.2794,-88.4772
United States,Q30,http://www.wikidata.org/entity/Q12010543,Exelon West Medway II Power Plant,Gas-fired power station,42.137218,-71.4447
United States,Q30,http://www.wikidata.org/entity/Q12002659,Stanton Energy Center,Gas-fired power station,28.4822,-81.1678
United States,Q30,http://www.wikidata.org/entity/Q11998160,Rockingham County CT Station,Gas-fired power station,36.3297,-79.8297
United States,Q30,http://www.wikidata.org/entity/Q11999047,Sabine Power Plant,Gas-fired power station,30.0231,-93.8771
United States,Q30,http://www.wikidata.org/entity/Q12010376,Walton County Power Plant,Gas-fired power station,33.8148,-83.6954
United States,Q30,http://www.wikidata.org/entity/Q12005325,Tecumseh Energy Center,Gas-fired power station,39.0539,-95.568889
United States,Q30,http://www.wikidata.org/entity/Q12008513,University Park North Power Plant,Gas-fired power station,41.4425,-87.7514
United States,Q30,http://www.wikidata.org/entity/Q15204242,Brayton Point Power Station,Gas-fired power station,41.71326111,-71.19131667
United States,Q30,http://www.wikidata.org/entity/Q12002138,Southeast Chicago Energy Project,Gas-fired power station,41.7181,-87.5449
United States,Q30,http://www.wikidata.org/entity/Q17749358,Arthur Kill Generating Station,Gas-fired power station,40.591564,-74.200035
United States,Q30,http://www.wikidata.org/entity/Q17750827,Brame Energy Center,Gas-fired power station,31.395,-92.716667
United States,Q30,http://www.wikidata.org/entity/Q17750140,Bennett Mountain Power Plant,Gas-fired power station,43.147153,-115.666637
United States,Q30,http://www.wikidata.org/entity/Q12009379,Vermillion Energy Facility,Gas-fired power station,39.922328,-87.446358
United States,Q30,http://www.wikidata.org/entity/Q12011093,Yucca Power Plant,Gas-fired power station,32.7214,-114.7106
United States,Q30,http://www.wikidata.org/entity/Q12011164,Zeeland Generating Station,Gas-fired power station,42.8206,-85.9975
United States,Q30,http://www.wikidata.org/entity/Q11999499,Sanford Power Plant,Gas-fired power station,28.8419,-81.3256
United States,Q30,http://www.wikidata.org/entity/Q11998164,Rocky Mountain Energy Center,Gas-fired power station,40.0908,-104.5953
United States,Q30,http://www.wikidata.org/entity/Q12010297,W. A. Parish Power Plant,Gas-fired power station,29.476111111,-95.633333333
United States,Q30,http://www.wikidata.org/entity/Q12005471,Tenaska Georgia Generation Facility,Gas-fired power station,33.3516,-84.9996
United States,Q30,http://www.wikidata.org/entity/Q12010780,Woodsdale Generating Station,Gas-fired power station,39.449996,-84.462039
United States,Q30,http://www.wikidata.org/entity/Q17748428,Allegheny Energy Units 3 4 & 5,Gas-fired power station,40.54543,-79.76777
United States,Q30,http://www.wikidata.org/entity/Q12008904,Valley Power Plant,Gas-fired power station,33.62679,-96.371383
United States,Q30,http://www.wikidata.org/entity/Q17750810,Bowline Point Power Plant,Gas-fired power station,41.2044,-73.9689
United States,Q30,http://www.wikidata.org/entity/Q17749956,Barney M Davis Power Plant,Gas-fired power station,27.6064,-97.3117
United States,Q30,http://www.wikidata.org/entity/Q12005676,Texas City Power Plant,Gas-fired power station,29.3787,-94.9439
United States,Q30,http://www.wikidata.org/entity/Q12004479,Sweatt Power Plant,Gas-fired power station,32.2925,-88.7461
United States,Q30,http://www.wikidata.org/entity/Q17750979,Brooklyn Navy Yard Cogeneration Plant,Gas-fired power station,40.699357,-73.976392
United States,Q30,http://www.wikidata.org/entity/Q12002491,St Francis Energy Facility,Gas-fired power station,36.5852,-90.1779
United States,Q30,http://www.wikidata.org/entity/Q12007344,Treasure Coast Energy Center,Gas-fired power station,27.383889,-80.3775
United States,Q30,http://www.wikidata.org/entity/Q16839851,George E. Turner Power Plant,Gas-fired power station,28.869,-81.273
United States,Q30,http://www.wikidata.org/entity/Q12010591,Whiting power plant,Gas-fired power station,41.6739,-87.4775
United States,Q30,http://www.wikidata.org/entity/Q17748427,Gans Energy,Gas-fired power station,39.74763,-79.8388
United States,Q30,http://www.wikidata.org/entity/Q12002136,South Harper Power Plant,Gas-fired power station,38.6803,-94.4824
United States,Q30,http://www.wikidata.org/entity/Q12008933,Vandolah Power Station,Gas-fired power station,27.523607,-81.923951
United States,Q30,http://www.wikidata.org/entity/Q12005470,Armstrong Power Plant,Gas-fired power station,40.638021,-79.351725
United States,Q30,http://www.wikidata.org/entity/Q12000174,Sheboygan Falls Power Plant,Gas-fired power station,43.751826,-87.878056
United States,Q30,http://www.wikidata.org/entity/Q17749469,Astoria Energy,Gas-fired power station,40.7825,-73.8964
United States,Q30,http://www.wikidata.org/entity/Q12000178,Sheepskin Power Plant,Gas-fired power station,42.8347,-89.110833
United States,Q30,http://www.wikidata.org/entity/Q12003668,Stryker Creek Power Plant,Gas-fired power station,31.93985,-94.989834
United States,Q30,http://www.wikidata.org/entity/Q12006006,Theodore Cogen Facility,Gas-fired power station,30.525445,-88.128477
United States,Q30,http://www.wikidata.org/entity/Q11999671,Scattergood Power Plant,Gas-fired power station,33.91779,-118.42459
United States,Q30,http://www.wikidata.org/entity/Q17750791,Bosque County Peaking Power Plant,Gas-fired power station,31.8594,-97.3586
United States,Q30,http://www.wikidata.org/entity/Q17760726,Burlington Power Plant,Gas-fired power station,40.7412,-91.116667
United States,Q30,http://www.wikidata.org/entity/Q12010366,Higgins Generating Station,Gas-fired power station,35.6139,-115.3561
United States,Q30,http://www.wikidata.org/entity/Q12000486,Silver Creek Power Plant,Gas-fired power station,31.6004,-89.9468
United States,Q30,http://www.wikidata.org/entity/Q11999713,Schuylkill Generating Station,Gas-fired power station,39.9419,-75.1883
United States,Q30,http://www.wikidata.org/entity/Q12008732,V H Braunig Power Plant,Gas-fired power station,29.2567,-98.3825
United States,Q30,http://www.wikidata.org/entity/Q12008514,University Park South Power Plant,Gas-fired power station,41.440893,-87.753189
United States,Q30,http://www.wikidata.org/entity/Q12010433,Wayne County Power Plant,Gas-fired power station,35.375789,-78.098052
United States,Q30,http://www.wikidata.org/entity/Q12010312,Wading River Power Plant,Gas-fired power station,40.956932,-72.877411
United States,Q30,http://www.wikidata.org/entity/Q17761567,Calhoun Energy Center,Gas-fired power station,33.5883,-85.9731
United States,Q30,http://www.wikidata.org/entity/Q12007268,Tradinghouse Power Plant,Gas-fired power station,31.5728,-96.96531
United States,Q30,http://www.wikidata.org/entity/Q17750323,Bethlehem Energy Center,Gas-fired power station,42.594196,-73.763752
United States,Q30,http://www.wikidata.org/entity/Q12010348,Wallingford Energy,Gas-fired power station,41.448694,-72.835364
United States,Q30,http://www.wikidata.org/entity/Q12000091,Sewell Creek Energy,Gas-fired power station,33.9486,-85.2769
United States,Q30,http://www.wikidata.org/entity/Q12002139,Southaven Combined Cycle Plant,Gas-fired power station,34.9939,-90.0378
United States,Q30,http://www.wikidata.org/entity/Q12010768,Wolf Hollow I power plant,Gas-fired power station,32.333844,-97.731501
United States,Q30,http://www.wikidata.org/entity/Q12002135,South Point Energy Center,Gas-fired power station,34.8678,-114.5317
United States,Q30,http://www.wikidata.org/entity/Q12005323,Teche Power Plant,Gas-fired power station,29.822222,-91.5425
United States,Q30,http://www.wikidata.org/entity/Q11979046,John S Rainey Power Plant,Gas-fired power station,34.347734,-82.774478
United States,Q30,http://www.wikidata.org/entity/Q11979784,Hot Spring Generating Facility,Gas-fired power station,34.29759,-92.868344
United States,Q30,http://www.wikidata.org/entity/Q11989337,Middletown Power Plant,Gas-fired power station,41.554944,-72.579075
United States,Q30,http://www.wikidata.org/entity/Q11971441,Gallatin Fossil Plant,Gas-fired power station,36.31472222,-86.40027778
United States,Q30,http://www.wikidata.org/entity/Q11979086,Johnson County Power Plant,Gas-fired power station,32.39956,-97.40883
United States,Q30,http://www.wikidata.org/entity/Q11972516,Greene County Power Plant,Gas-fired power station,32.6017,-87.7811
United States,Q30,http://www.wikidata.org/entity/Q11969552,Fore River Generating Station,Gas-fired power station,42.2422,-70.9655
United States,Q30,http://www.wikidata.org/entity/Q11977799,Jack County Power Plant,Gas-fired power station,33.101,-97.9574
United States,Q30,http://www.wikidata.org/entity/Q11980494,Kendall County Generation Facility,Gas-fired power station,41.4797,-88.2581
United States,Q30,http://www.wikidata.org/entity/Q11976129,Hunterstown power station,Gas-fired power station,39.8725,-77.1672
United States,Q30,http://www.wikidata.org/entity/Q11982984,Lake Creek Power Plant,Gas-fired power station,31.46452,-96.98597
United States,Q30,http://www.wikidata.org/entity/Q11975846,Horseshoe Lake Power Plant,Gas-fired power station,35.50866,-97.17969
United States,Q30,http://www.wikidata.org/entity/Q11988799,Jack McDonough Steam Generating Plant,Gas-fired power station,33.828623348,-84.47119609
United States,Q30,http://www.wikidata.org/entity/Q11970133,Freestone Energy Center,Gas-fired power station,31.89024,-96.1138
United States,Q30,http://www.wikidata.org/entity/Q11975658,Holland Energy Park,Gas-fired power station,42.7925,-86.092222
United States,Q30,http://www.wikidata.org/entity/Q11973903,Hanging Rock Energy Facility,Gas-fired power station,38.573055555,-82.783888888
United States,Q30,http://www.wikidata.org/entity/Q11989352,Mid-Georgia Cogen,Gas-fired power station,32.485,-83.6039
United States,Q30,http://www.wikidata.org/entity/Q11983539,W S Lee Power Plant,Gas-fired power station,34.6022,-82.435
United States,Q30,http://www.wikidata.org/entity/Q11974568,Hays Energy Project,Gas-fired power station,29.78122,-97.98962
United States,Q30,http://www.wikidata.org/entity/Q11967866,E. C. Gaston Power Station,Gas-fired power station,33.240072,-86.463839
United States,Q30,http://www.wikidata.org/entity/Q11979797,Jackson Generating Station,Gas-fired power station,42.2488,-84.3767
United States,Q30,http://www.wikidata.org/entity/Q11981903,Kraft Power Plant,Gas-fired power station,32.1486,-81.1458
United States,Q30,http://www.wikidata.org/entity/Q11976027,Hudson Generating Station,Gas-fired power station,40.7472,-74.0725
United States,Q30,http://www.wikidata.org/entity/Q11974367,Harry L. Oswald Power Plant,Gas-fired power station,34.5923,-92.2166
United States,Q30,http://www.wikidata.org/entity/Q11968503,Far Rockaway Power Station,Gas-fired power station,40.61089,-73.761
United States,Q30,http://www.wikidata.org/entity/Q11974567,Hay Road Power Plant,Gas-fired power station,39.7436,-75.5072
United States,Q30,http://www.wikidata.org/entity/Q11988804,McMeekin Power Station,Gas-fired power station,34.0556,-81.2172
United States,Q30,http://www.wikidata.org/entity/Q11979050,John Sevier Steam Plant,Gas-fired power station,36.376944444,-82.963333333
United States,Q30,http://www.wikidata.org/entity/Q11975366,Hillabee Energy Center,Gas-fired power station,33.000669,-85.903278
United States,Q30,http://www.wikidata.org/entity/Q15274570,Salem Harbor Power Station,Gas-fired power station,42.52631389,-70.87650556
United States,Q30,http://www.wikidata.org/entity/Q17773318,Formosa Utility Venture Power Plant,Gas-fired power station,28.6917,-96.5417
United States,Q30,http://www.wikidata.org/entity/Q17769710,Ennis Power Plant,Gas-fired power station,32.31984,-96.6775
United States,Q30,http://www.wikidata.org/entity/Q12009934,Virginia Power Plant,Gas-fired power station,47.522428,-92.540951
United States,Q30,http://www.wikidata.org/entity/Q17762624,Columbia Energy Center,Gas-fired power station,39.0192,-92.2629
United States,Q30,http://www.wikidata.org/entity/Q17770738,Fayette Energy Facility,Gas-fired power station,39.8592,-79.9182
United States,Q30,http://www.wikidata.org/entity/Q17773806,Fox Lake Power Plant,Gas-fired power station,43.6728,-94.7075
United States,Q30,http://www.wikidata.org/entity/Q17765105,Decatur Energy Center,Gas-fired power station,34.6292,-87.0214
United States,Q30,http://www.wikidata.org/entity/Q17762738,Cordova Energy,Gas-fired power station,41.712216,-90.279679
United States,Q30,http://www.wikidata.org/entity/Q17776620,Gordon Evans Energy Center,Gas-fired power station,37.7903,-97.521667
United States,Q30,http://www.wikidata.org/entity/Q17770516,Faribault Energy Park,Gas-fired power station,44.3356,-93.290556
United States,Q30,http://www.wikidata.org/entity/Q17773907,Frederickson Power Plant,Gas-fired power station,47.079722,-122.365
United States,Q30,http://www.wikidata.org/entity/Q17761640,Cambridge CT Hybrid Power Plant,Gas-fired power station,45.601,-93.2081
United States,Q30,http://www.wikidata.org/entity/Q12010957,Yates Power Plant,Gas-fired power station,33.4622,-84.8986
United States,Q30,http://www.wikidata.org/entity/Q17764844,Darbytown Power Plant,Gas-fired power station,37.498223,-77.368544
United States,Q30,http://www.wikidata.org/entity/Q17761705,Cane Island Power Plant,Gas-fired power station,28.2764,-81.533
United States,Q30,http://www.wikidata.org/entity/Q17748101,AES Ironwood,Gas-fired power station,40.351111111,-76.365833333
United States,Q30,http://www.wikidata.org/entity/Q17769424,El Segundo Cogen,Gas-fired power station,33.9046,-118.40325
United States,Q30,http://www.wikidata.org/entity/Q14682034,Glenarm Power Plant,Gas-fired power station,34.12574722,-118.14774444
United States,Q30,http://www.wikidata.org/entity/Q17778233,Gowanus Gas Turbines Generating,Gas-fired power station,40.6635,-74.0051
United States,Q30,http://www.wikidata.org/entity/Q12010779,Wood River Station,Gas-fired power station,38.866111111,-90.135277777
United States,Q30,http://www.wikidata.org/entity/Q17766974,Doswell Energy Center,Gas-fired power station,37.820805,-77.446246
United States,Q30,http://www.wikidata.org/entity/Q17761716,Cannon Falls Energy Center,Gas-fired power station,44.536688,-92.915528
United States,Q30,http://www.wikidata.org/entity/Q17775736,Gadsby Power Plant,Gas-fired power station,40.7686,-111.9289
United States,Q30,http://www.wikidata.org/entity/Q17762572,Spruance Power Plant,Gas-fired power station,37.4556,-77.4308
United States,Q30,http://www.wikidata.org/entity/Q17775319,Frontera Energy Center,Gas-fired power station,26.20704,-98.40037
United States,Q30,http://www.wikidata.org/entity/Q17762754,Corpus Christi Energy Center,Gas-fired power station,27.81136,-97.42788
United States,Q30,http://www.wikidata.org/entity/Q17769619,Encogen Power Plant,Gas-fired power station,48.746,-122.486
United States,Q30,http://www.wikidata.org/entity/Q17778259,Graham Power Plant,Gas-fired power station,33.1351143,-98.6117249
United States,Q30,http://www.wikidata.org/entity/Q12011023,Yorktown Power Plant,Gas-fired power station,37.2144,-76.4611
United States,Q30,http://www.wikidata.org/entity/Q17762813,Cottonwood Energy Project,Gas-fired power station,30.2588,-93.7353
United States,Q30,http://www.wikidata.org/entity/Q17762259,Chouteau Power Plant,Gas-fired power station,36.222058,-95.277064
United States,Q30,http://www.wikidata.org/entity/Q17762805,Cosumnes Power Plant,Gas-fired power station,38.3382556,-121.1240715
United States,Q30,http://www.wikidata.org/entity/Q17761937,Cass County Power Station,Gas-fired power station,40.947913,-95.964026
United States,Q30,http://www.wikidata.org/entity/Q17762185,Cherokee Generating Station,Gas-fired power station,39.8075,-104.965
United States,Q30,http://www.wikidata.org/entity/Q17770247,Coughlin Power Station,Gas-fired power station,30.8439,-92.261111
United States,Q30,http://www.wikidata.org/entity/Q17762724,Copper Power Plant,Gas-fired power station,31.7569,-106.375
United States,Q30,http://www.wikidata.org/entity/Q17776079,Gerald Andrus Power Plant,Gas-fired power station,33.35,-91.1167
United States,Q30,http://www.wikidata.org/entity/Q17773971,Freeport Energy Center,Gas-fired power station,28.988761,-95.395417
United States,Q30,http://www.wikidata.org/entity/Q17762620,Columbia Energy Center,Gas-fired power station,33.8697,-81.0178
United States,Q30,http://www.wikidata.org/entity/Q17773485,Fort Myers Power Plant,Gas-fired power station,26.696699,-81.782485
United States,Q30,http://www.wikidata.org/entity/Q17764468,Dahlberg Power Plant,Gas-fired power station,34.042267,-83.397721
United States,Q30,http://www.wikidata.org/entity/Q17761995,Cedar Bayou Power Plant,Gas-fired power station,29.75,-94.9256
United States,Q30,http://www.wikidata.org/entity/Q16934614,Los Esteros Critical Energy Facility,Gas-fired power station,37.425,-121.9319
United States,Q30,http://www.wikidata.org/entity/Q17766773,Dogwood Energy Facility,Gas-fired power station,38.7931,-94.3006
United States,Q30,http://www.wikidata.org/entity/Q14715839,Saint-Gobain Norton Power Plant,Gas-fired power station,42.3096,-71.8049
United States,Q30,http://www.wikidata.org/entity/Q14715612,Indian Orchard Station,Gas-fired power station,42.1574,-72.5232
United States,Q30,http://www.wikidata.org/entity/Q17765213,Dell Power Station,Gas-fired power station,35.8619,-90.0253
United States,Q30,http://www.wikidata.org/entity/Q11996062,Port Everglades Power Plant,Gas-fired power station,26.0856,-80.1253
United States,Q30,http://www.wikidata.org/entity/Q11999221,Sam Bertron Power Plant,Gas-fired power station,29.726388888,-95.059166666
United States,Q30,http://www.wikidata.org/entity/Q11994572,PSEG Linden Generating Station,Gas-fired power station,40.6217,-74.2072
United States,Q30,http://www.wikidata.org/entity/Q11995994,Polk Power Plant,Gas-fired power station,27.7286,-81.9897
United States,Q30,http://www.wikidata.org/entity/Q11998016,Riviera Power Plant,Gas-fired power station,26.7653,-80.0525
United States,Q30,http://www.wikidata.org/entity/Q11996741,R S Nelson Power Plant,Gas-fired power station,30.2844,-93.2911
United States,Q30,http://www.wikidata.org/entity/Q11990997,Naughton Power Plant,Gas-fired power station,41.7581,-110.5983
United States,Q30,http://www.wikidata.org/entity/Q11998458,Roseton Generating Facility,Gas-fired power station,41.5707013,-73.9746809
United States,Q30,http://www.wikidata.org/entity/Q116712986,Whiting Refinery,Gas-fired power station,41.6703,-87.4803
United States,Q30,http://www.wikidata.org/entity/Q7235146,Potrero Generating Station,Gas-fired power station,37.7566,-122.382
United States,Q30,http://www.wikidata.org/entity/Q7199476,Pittsfield Generating Facility,Gas-fired power station,42.4564,-73.2176
United States,Q30,http://www.wikidata.org/entity/Q116716218,Indiana Harbor E 5 AC Station,Gas-fired power station,41.6844,-87.4214
United States,Q30,http://www.wikidata.org/entity/Q7354654,Rock River Generating Station,Gas-fired power station,42.5819,-89.0275
United States,Q30,http://www.wikidata.org/entity/Q4647544,A. B. Brown Generating Station,Gas-fired power station,37.9056,-87.715
United States,Q30,http://www.wikidata.org/entity/Q6837489,Michigan City Generating Station,Gas-fired power station,41.721111111,-86.909722222
United States,Q30,http://www.wikidata.org/entity/Q131538091,Greenidge Generation power plant,Gas-fired power station,42.679444444,-76.948333333
United States,Q30,http://www.wikidata.org/entity/Q7569390,Southeast Steam Plant,Gas-fired power station,44.980833,-93.249167
United States,Q30,http://www.wikidata.org/entity/Q5656124,Harding Street Generating Station,Gas-fired power station,39.7094,-86.1967
United States,Q30,http://www.wikidata.org/entity/Q5068815,Chalk Point Generating Station,Gas-fired power station,38.5436,-76.6886
United States,Q30,http://www.wikidata.org/entity/Q116714187,ExxonMobil Oil Joliet Refinery,Gas-fired power station,41.4167,-88.1833
United States,Q30,http://www.wikidata.org/entity/Q5055473,Cayuga Generating Station,Gas-fired power station,39.9239,-87.4272
United States,Q30,http://www.wikidata.org/entity/Q5182909,Crawford Station,Gas-fired power station,41.8286,-87.7228
United States,Q30,http://www.wikidata.org/entity/Q6108043,JEA Northside Generating Station,Gas-fired power station,30.4286,-81.5528
United States,Q30,http://www.wikidata.org/entity/Q7169816,Perry K. Generating Station,Gas-fired power station,39.7628,-86.1669
United States,Q30,http://www.wikidata.org/entity/Q4982950,Buck Steam Station,Gas-fired power station,35.712,-80.377
United States,Q30,http://www.wikidata.org/entity/Q7059628,Northport Power Station,Gas-fired power station,40.9228,-73.3428
United States,Q30,http://www.wikidata.org/entity/Q116725342,3 MW LLC,Gas-fired power station,38.9,-107.5
United States,Q30,http://www.wikidata.org/entity/Q116714240,CITGO Refinery Powerhouse,Gas-fired power station,30.1826,-93.3234
United States,Q30,http://www.wikidata.org/entity/Q7912172,Valley Power Plant,Gas-fired power station,43.0297,-87.9239
United States,Q30,http://www.wikidata.org/entity/Q7134272,Paradise Fossil Plant,Gas-fired power station,37.25,-86.97
United States,Q30,http://www.wikidata.org/entity/Q7338486,Riverside Energy Center,Gas-fired power station,42.5828,-89.0353
United States,Q30,http://www.wikidata.org/entity/Q7842146,Trimble County Generating Station,Gas-fired power station,38.58,-85.41
United States,Q30,http://www.wikidata.org/entity/Q5221078,Danskammer Generating Station,Gas-fired power station,41.5728,-73.9647
United States,Q30,http://www.wikidata.org/entity/Q4848475,Bailly Generating Station,Gas-fired power station,41.643333333,-87.122777777
United States,Q30,http://www.wikidata.org/entity/Q4905098,Big Bend Power Station,Gas-fired power station,27.79583333,-82.40361111
United States,Q30,http://www.wikidata.org/entity/Q7587585,St. Clair Power Plant,Gas-fired power station,42.7644,-82.4725
United States,Q30,http://www.wikidata.org/entity/Q5322201,E. W. Brown Generating Station,Gas-fired power station,37.78,-84.71
United States,Q30,http://www.wikidata.org/entity/Q5031000,Canal Generating Plant,Gas-fired power station,41.7706,-70.5094
United States,Q30,http://www.wikidata.org/entity/Q125545554,Cricket Valley Energy Center,Gas-fired power station,41.675813,-73.58045
United States,Q30,http://www.wikidata.org/entity/Q116715247,Phillips 66 Billings Refinery,Gas-fired power station,45.7769,-108.4911
United States,Q30,http://www.wikidata.org/entity/Q116714345,Clevelandcliffs Warren,Gas-fired power station,41.2119,-80.8176
United States,Q30,http://www.wikidata.org/entity/Q5032215,Cane Run Generating Station,Gas-fired power station,38.17,-85.87
United States,Q30,http://www.wikidata.org/entity/Q7338090,Riverbend Steam Station,Gas-fired power station,35.36,-80.9742
United States,Q30,http://www.wikidata.org/entity/Q116712987,Tesoro Mandan Cogeneration Plant,Gas-fired power station,46.8492,-100.8808
United States,Q30,http://www.wikidata.org/entity/Q4877190,Beatrice Power Station,Gas-fired power station,40.3297,-96.8081
United States,Q30,http://www.wikidata.org/entity/Q5191336,Crystal River Energy Complex,Gas-fired power station,28.9667,-82.7
United States,Q30,http://www.wikidata.org/entity/Q7201473,Plant Daniel,Gas-fired power station,30.53,-88.5561
United States,Q30,http://www.wikidata.org/entity/Q116715497,Haverhill North Cogeneration Facility,Gas-fired power station,38.596657,-82.82864
United States,Q30,http://www.wikidata.org/entity/Q7668158,T. B. Simon Power Plant,Gas-fired power station,42.7176,-84.4844
United States,Q30,http://www.wikidata.org/entity/Q7381417,Russell City Energy Center,Gas-fired power station,37.63459,-122.13368
United States,Q30,http://www.wikidata.org/entity/Q116718173,"Middletown Coke Company, LLC",Gas-fired power station,39.472222,-84.40139
United States,Q30,http://www.wikidata.org/entity/Q7989434,Weston Generating Station,Gas-fired power station,44.8586,-89.6497
United States,Q30,http://www.wikidata.org/entity/Q4883686,Belle River Power Plant,Gas-fired power station,42.7739,-82.495
United States,Q30,http://www.wikidata.org/entity/Q4906286,Big Sandy Power Plant,Gas-fired power station,38.1722,-82.6175
United States,Q30,http://www.wikidata.org/entity/Q1739486,Turkey Point Nuclear Generating Station,Gas-fired power station,25.4342,-80.3306
United States,Q30,http://www.wikidata.org/entity/Q116714165,Equilon Los Angeles Refining,Gas-fired power station,33.791667,-118.2347
United States,Q30,http://www.wikidata.org/entity/Q116715009,ABC Coke,Gas-fired power station,33.582793,-86.77987
United States,Q30,http://www.wikidata.org/entity/Q5214281,Dan River Steam Station,Gas-fired power station,36.487,-79.718
United States,Q30,http://www.wikidata.org/entity/Q116712984,Elk Basin Gasoline Plant,Gas-fired power station,44.9806,-108.8428
United States,Q30,http://www.wikidata.org/entity/Q6823345,Metcalf Energy Center,Gas-fired power station,37.2206,-121.746
United States,Q30,http://www.wikidata.org/entity/Q116720011,Osprey Point RES,Gas-fired power station,39.059167,-87.50611
United States,Q30,http://www.wikidata.org/entity/Q6387082,Kemper Project,Gas-fired power station,32.6505,-88.7582
United States,Q30,http://www.wikidata.org/entity/Q19376424,Jones Power Plant,Gas-fired power station,33.5239,-101.7392
United States,Q30,http://www.wikidata.org/entity/Q19375636,Ingleside Cogeneration Power Plant,Gas-fired power station,27.882778,-97.242778
United States,Q30,http://www.wikidata.org/entity/Q19372212,Caledonia Power Plant,Gas-fired power station,33.6464,-88.2717
United States,Q30,http://www.wikidata.org/entity/Q19381871,Morro Bay Power Plant,Gas-fired power station,35.372222222,-120.856944444
United States,Q30,http://www.wikidata.org/entity/Q17762876,Croydon CT Generating Station,Gas-fired power station,40.08,-74.8917
United States,Q30,http://www.wikidata.org/entity/Q19376012,Jack Watson Power Plant,Gas-fired power station,30.4392,-89.0286
United States,Q30,http://www.wikidata.org/entity/Q19379127,Lee Energy Facility,Gas-fired power station,41.8287,-89.4054
United States,Q30,http://www.wikidata.org/entity/Q19376692,Thomas A Smith Energy Facility,Gas-fired power station,34.7094,-84.9175
United States,Q30,http://www.wikidata.org/entity/Q17778413,Greens Bayou Power Plant,Gas-fired power station,29.822201,-95.219429
United States,Q30,http://www.wikidata.org/entity/Q19376131,Jasper Power Plant,Gas-fired power station,32.3594,-81.1242
United States,Q30,http://www.wikidata.org/entity/Q19381550,Mill Creek Power Plant,Gas-fired power station,35.1597,-81.4306
United States,Q30,http://www.wikidata.org/entity/Q19374351,Hines Energy Complex,Gas-fired power station,27.788215,-81.869983
United States,Q30,http://www.wikidata.org/entity/Q19374214,Hermiston Generating Plant,Gas-fired power station,45.8042,-119.37
United States,Q30,http://www.wikidata.org/entity/Q17768340,Oakland Power Plant,Gas-fired power station,37.7966,-122.2819
United States,Q30,http://www.wikidata.org/entity/Q19378969,Lansing Smith Power Plant,Gas-fired power station,30.2686,-85.7003
United States,Q30,http://www.wikidata.org/entity/Q17778388,Grays Harbor Energy Facility,Gas-fired power station,46.9692,-123.48
United States,Q30,http://www.wikidata.org/entity/Q19378745,Lakefield Junction Power Plant,Gas-fired power station,43.798439,-94.841451
United States,Q30,http://www.wikidata.org/entity/Q19374996,Hutchinson Energy Center,Gas-fired power station,38.0906,-97.874722
United States,Q30,http://www.wikidata.org/entity/Q19381655,FirstEnergy Mitchell Power Station,Gas-fired power station,40.221111,-79.968333
United States,Q30,http://www.wikidata.org/entity/Q19377088,Key City Power Plant,Gas-fired power station,44.1974,-94.0078
United States,Q30,http://www.wikidata.org/entity/Q17779628,H.L. Culbreath Bayside Power Station,Gas-fired power station,27.906891,-82.41845
United States,Q30,http://www.wikidata.org/entity/Q19373861,Hawthorn Power Plant,Gas-fired power station,39.1306,-94.4778
United States,Q30,http://www.wikidata.org/entity/Q19378744,Quantum Lake Power Plant,Gas-fired power station,,
United States,Q30,http://www.wikidata.org/entity/Q19381111,Marshall Energy Facility,Gas-fired power station,37.0286,-88.3958
United States,Q30,http://www.wikidata.org/entity/Q19378691,La Paloma Generating Plant,Gas-fired power station,35.2950096,-119.5946417
United States,Q30,http://www.wikidata.org/entity/Q19372444,Deer Park Energy Center,Gas-fired power station,29.71292,-95.13373
United States,Q30,http://www.wikidata.org/entity/Q19376886,Kansas City International Power Plant,Gas-fired power station,39.297252,-94.693153
United States,Q30,http://www.wikidata.org/entity/Q19376691,Hinds Energy Facility,Gas-fired power station,32.378969,-90.219906
United States,Q30,http://www.wikidata.org/entity/Q17762991,Cymric Cogen Power Plant,Gas-fired power station,35.32154,-119.62923
United States,Q30,http://www.wikidata.org/entity/Q19379102,Lawrenceburg Power Plant,Gas-fired power station,39.0911,-84.8669
United States,Q30,http://www.wikidata.org/entity/Q17778363,Gravel Neck Power Plant,Gas-fired power station,37.1575,-76.6911
United States,Q30,http://www.wikidata.org/entity/Q19373536,Handsome Lake Energy,Gas-fired power station,41.2908,-79.8061
United States,Q30,http://www.wikidata.org/entity/Q17778442,Power Station 4 Power Plant,Gas-fired power station,29.378164,-94.92195
United States,Q30,http://www.wikidata.org/entity/Q19380814,Madison Power Plant,Gas-fired power station,39.4522,-84.4647
United States,Q30,http://www.wikidata.org/entity/Q19379447,Lime Creek Power Plant,Gas-fired power station,43.2481,-93.205
United States,Q30,http://www.wikidata.org/entity/Q19381125,TalenEnergy Martins Creek Power Plant,Gas-fired power station,40.797762,-75.105416
United States,Q30,http://www.wikidata.org/entity/Q19378618,Kyrene Generating Station,Gas-fired power station,33.3556,-111.9353
United States,Q30,http://www.wikidata.org/entity/Q19374309,High Bridge Power Plant,Gas-fired power station,44.9314,-93.1117
United States,Q30,http://www.wikidata.org/entity/Q19378667,L L Wilkins Power Plant,Gas-fired power station,34.1845,-90.562662
United States,Q30,http://www.wikidata.org/entity/Q19374336,Hilton Head Power Plant,Gas-fired power station,32.208871,-80.698754
United States,Q30,http://www.wikidata.org/entity/Q19378742,Lake Road Generating Plant,Gas-fired power station,41.872043,-71.895799
United States,Q30,http://www.wikidata.org/entity/Q19379453,Lincoln Generating Facility,Gas-fired power station,41.393315,-87.943612
United States,Q30,http://www.wikidata.org/entity/Q17779632,H Wilson Sundt Generating Station,Gas-fired power station,32.16,-110.9047
United States,Q30,http://www.wikidata.org/entity/Q19379464,Linden Cogeneration Plant,Gas-fired power station,40.6322,-74.2156
United States,Q30,http://www.wikidata.org/entity/Q19373530,Handley Power Plant,Gas-fired power station,32.7283,-97.2192
United States,Q30,http://www.wikidata.org/entity/Q19373871,Hawk Road Facility,Gas-fired power station,33.358472,-84.991391
United States,Q30,http://www.wikidata.org/entity/Q19374310,High Desert Power Plant,Gas-fired power station,34.5952,-117.3641
United States,Q30,http://www.wikidata.org/entity/Q19374250,R M Heskett Power Plant,Gas-fired power station,46.8669,-100.8836
United States,Q30,http://www.wikidata.org/entity/Q17778427,Gregory Power Plant,Gas-fired power station,27.88836,-97.25927
United States,Q30,http://www.wikidata.org/entity/Q19381110,Marsh Run Generation Facility,Gas-fired power station,38.5283,-77.7681
United States,Q30,http://www.wikidata.org/entity/Q19381233,McWilliams Power Plant,Gas-fired power station,31.400255,-86.476449
United States,Q30,http://www.wikidata.org/entity/Q19374723,Hopewell Cogeneration Power Plant,Gas-fired power station,37.291667,-77.281111
United States,Q30,http://www.wikidata.org/entity/Q17778407,Green Country Energy,Gas-fired power station,35.98288,-95.93548
United States,Q30,http://www.wikidata.org/entity/Q19378727,Ladysmith Power Plant,Gas-fired power station,38.0722,-77.5133
United States,Q30,http://www.wikidata.org/entity/Q17778415,Greenwood Power Plant,Gas-fired power station,38.8615,-94.2982
United States,Q30,http://www.wikidata.org/entity/Q19381854,Morgan Creek Power Plant,Gas-fired power station,32.33467,-100.91605
United States,Q30,http://www.wikidata.org/entity/Q19381229,McIntosh Power Plant,Gas-fired power station,31.2546,-88.0299
United States,Q30,http://www.wikidata.org/entity/Q19378731,Lagoon Creek Power Plant,Gas-fired power station,35.6578,-89.3964
United States,Q30,http://www.wikidata.org/entity/Q19378741,Lake Catherine Power Plant,Gas-fired power station,34.4341,-92.9049
United States,Q30,http://www.wikidata.org/entity/Q17770334,ExxonMobil Baytown Power Plant,Gas-fired power station,29.759124,-95.009648
United States,Q30,http://www.wikidata.org/entity/Q19379225,Leon Creek Power Plant,Gas-fired power station,29.35197,-98.57555
United States,Q30,http://www.wikidata.org/entity/Q19373670,Harry D Mattison Gas Plant,Gas-fired power station,36.1855,-94.2841
United States,Q30,http://www.wikidata.org/entity/Q19380188,Louisa Generation Facility,Gas-fired power station,38.1181,-78.2139
United States,Q30,http://www.wikidata.org/entity/Q116725371,WAL565,Gas-fired power station,32.101054,-96.40376
United States,Q30,http://www.wikidata.org/entity/Q116724860,WAL3298,Gas-fired power station,29.535168,-95.01882
United States,Q30,http://www.wikidata.org/entity/Q116725039,HEB00099,Gas-fired power station,29.995329,-95.5766
United States,Q30,http://www.wikidata.org/entity/Q116725389,WAL3500,Gas-fired power station,29.80599,-95.1652
United States,Q30,http://www.wikidata.org/entity/Q116725367,EQX005.0 Toyama Fuel Cell,Gas-fired power station,37.39961,-122.0146
United States,Q30,http://www.wikidata.org/entity/Q116724877,WAL3406,Gas-fired power station,32.959048,-96.81664
United States,Q30,http://www.wikidata.org/entity/Q116725373,WAL744,Gas-fired power station,29.995621,-95.17647
United States,Q30,http://www.wikidata.org/entity/Q116725006,AT&T - Gardena,Gas-fired power station,33.874969,-118.2898
United States,Q30,http://www.wikidata.org/entity/Q116724858,WAL3284,Gas-fired power station,32.66674,-97.20925
United States,Q30,http://www.wikidata.org/entity/Q116725036,HEB00054,Gas-fired power station,29.601653,-95.25024
United States,Q30,http://www.wikidata.org/entity/Q116724898,WAL5287,Gas-fired power station,30.077307,-95.51277
United States,Q30,http://www.wikidata.org/entity/Q116725229,POET Biorefining - Gowrie,Gas-fired power station,42.319817,-94.28735
United States,Q30,http://www.wikidata.org/entity/Q116725106,"Flint Hills Resources Pine Bend, LLC",Gas-fired power station,44.45483,-93.02119
United States,Q30,http://www.wikidata.org/entity/Q116725003,Certain Solar - Staten Island,Gas-fired power station,40.540416,-74.17685
United States,Q30,http://www.wikidata.org/entity/Q116724900,WAL5312,Gas-fired power station,32.774643,-97.2918
United States,Q30,http://www.wikidata.org/entity/Q116725034,HEB00028,Gas-fired power station,29.466105,-95.09527
United States,Q30,http://www.wikidata.org/entity/Q116725401,WAL5480,Gas-fired power station,30.53366,-97.61201
United States,Q30,http://www.wikidata.org/entity/Q116724862,WAL3320,Gas-fired power station,26.260742,-98.31586
United States,Q30,http://www.wikidata.org/entity/Q116725104,Purdue CHP,Gas-fired power station,40.417023,-86.91533
United States,Q30,http://www.wikidata.org/entity/Q116725051,Bob Glanzer Generating Station,Gas-fired power station,44.369507,-98.17223
United States,Q30,http://www.wikidata.org/entity/Q116725225,POET Biorefining LLC - Corning,Gas-fired power station,40.966198,-94.79575
United States,Q30,http://www.wikidata.org/entity/Q116725233,"POET Biorefining - Leipsic, LLC",Gas-fired power station,41.12055,-83.97062
United States,Q30,http://www.wikidata.org/entity/Q116725228,POET Biorefining - Portland,Gas-fired power station,40.414455,-85.02555
United States,Q30,http://www.wikidata.org/entity/Q116724859,WAL3297,Gas-fired power station,29.920574,-95.60263
United States,Q30,http://www.wikidata.org/entity/Q116725037,HEB00057,Gas-fired power station,27.665051,-97.28064
United States,Q30,http://www.wikidata.org/entity/Q116724896,WAL5116,Gas-fired power station,29.664286,-95.0983
United States,Q30,http://www.wikidata.org/entity/Q116724863,WAL3390,Gas-fired power station,30.190279,-95.58949
United States,Q30,http://www.wikidata.org/entity/Q116725377,WAL849,Gas-fired power station,30.064779,-95.42945
United States,Q30,http://www.wikidata.org/entity/Q116725372,WAL602,Gas-fired power station,30.12423,-95.45769
United States,Q30,http://www.wikidata.org/entity/Q116725010,Comcast - Universal City,Gas-fired power station,34.137717,-118.3608
United States,Q30,http://www.wikidata.org/entity/Q116724888,WAL3773,Gas-fired power station,32.765261,-97.48378
United States,Q30,http://www.wikidata.org/entity/Q116725400,WAL5479,Gas-fired power station,30.453115,-97.60604
United States,Q30,http://www.wikidata.org/entity/Q116725033,HEB00020,Gas-fired power station,29.992502,-95.74444
United States,Q30,http://www.wikidata.org/entity/Q116725384,WAL3224,Gas-fired power station,32.842209,-96.59803
United States,Q30,http://www.wikidata.org/entity/Q116725383,WAL2883,Gas-fired power station,33.097094,-96.7986
United States,Q30,http://www.wikidata.org/entity/Q116724904,WAL6929,Gas-fired power station,31.11497,-97.41444
United States,Q30,http://www.wikidata.org/entity/Q116724895,WAL5091,Gas-fired power station,29.975997,-95.69735
United States,Q30,http://www.wikidata.org/entity/Q116725394,WAL4298,Gas-fired power station,29.936325,-95.25261
United States,Q30,http://www.wikidata.org/entity/Q116724893,WAL5080,Gas-fired power station,32.847939,-97.18405
United States,Q30,http://www.wikidata.org/entity/Q116725011,Altice - Hicksville,Gas-fired power station,40.759984,-73.50419
United States,Q30,http://www.wikidata.org/entity/Q116725000,Medtronic - New Haven 2,Gas-fired power station,41.339715,-72.86503
United States,Q30,http://www.wikidata.org/entity/Q116725375,WAL768,Gas-fired power station,29.789117,-95.72223
United States,Q30,http://www.wikidata.org/entity/Q116724885,WAL3572,Gas-fired power station,29.557643,-95.3829
United States,Q30,http://www.wikidata.org/entity/Q116724998,University of San Diego,Gas-fired power station,32.771701,-117.1916
United States,Q30,http://www.wikidata.org/entity/Q116725224,POET Biorefining - Hudson,Gas-fired power station,43.096898,-96.47698
United States,Q30,http://www.wikidata.org/entity/Q116725374,WAL752,Gas-fired power station,29.64662,-95.16143
United States,Q30,http://www.wikidata.org/entity/Q116725379,WAL1040,Gas-fired power station,29.877618,-95.65148
United States,Q30,http://www.wikidata.org/entity/Q116725084,POET Bioprocessing- Mitchell,Gas-fired power station,43.80237,-98.10182
United States,Q30,http://www.wikidata.org/entity/Q116725040,HEB00109,Gas-fired power station,29.786159,-95.5394
United States,Q30,http://www.wikidata.org/entity/Q116725382,WAL2667,Gas-fired power station,32.793829,-96.68954
United States,Q30,http://www.wikidata.org/entity/Q116725230,"POET Biorefining- Alexandria, LLC",Gas-fired power station,40.294347,-85.65444
United States,Q30,http://www.wikidata.org/entity/Q116725007,AT&T - Hawthorne,Gas-fired power station,33.92429,-118.3206
United States,Q30,http://www.wikidata.org/entity/Q116725368,WAL447,Gas-fired power station,29.395822,-100.9011
United States,Q30,http://www.wikidata.org/entity/Q116724886,WAL3584,Gas-fired power station,29.72355,-95.46539
United States,Q30,http://www.wikidata.org/entity/Q116725376,WAL772,Gas-fired power station,29.721093,-95.64622
United States,Q30,http://www.wikidata.org/entity/Q116725227,POET Biorefining - Shelbyville,Gas-fired power station,39.56,-85.822
United States,Q30,http://www.wikidata.org/entity/Q116725370,WAL546,Gas-fired power station,29.558105,-95.76127
United States,Q30,http://www.wikidata.org/entity/Q116725041,HEB00110,Gas-fired power station,29.53658,-95.53628
United States,Q30,http://www.wikidata.org/entity/Q116725038,HEB00070,Gas-fired power station,32.433318,-99.75832
United States,Q30,http://www.wikidata.org/entity/Q116725381,WAL2257,Gas-fired power station,29.853797,-95.50908
United States,Q30,http://www.wikidata.org/entity/Q116725397,WAL5045,Gas-fired power station,30.014278,-95.59499
United States,Q30,http://www.wikidata.org/entity/Q116725002,DirecTV - Los Angeles,Gas-fired power station,33.983377,-118.4252
United States,Q30,http://www.wikidata.org/entity/Q116725005,AT&T - Redwood City,Gas-fired power station,37.480769,-122.2004
United States,Q30,http://www.wikidata.org/entity/Q116725387,WAL3285,Gas-fired power station,32.59732,-96.94691
United States,Q30,http://www.wikidata.org/entity/Q116725395,WAL4509,Gas-fired power station,32.677829,-97.46773
United States,Q30,http://www.wikidata.org/entity/Q116725081,AT&T - San Diego Trade Street,Gas-fired power station,32.88758,-117.1668
United States,Q30,http://www.wikidata.org/entity/Q116725396,WAL4512,Gas-fired power station,29.818196,-95.76796
United States,Q30,http://www.wikidata.org/entity/Q116725001,Keysight - Santa Rosa,Gas-fired power station,38.481931,-122.7111
United States,Q30,http://www.wikidata.org/entity/Q116724936,HEB00292,Gas-fired power station,28.982463,-95.95846
United States,Q30,http://www.wikidata.org/entity/Q116724887,WAL3631,Gas-fired power station,32.576636,-97.33851
United States,Q30,http://www.wikidata.org/entity/Q116725399,WAL5316,Gas-fired power station,32.882111,-97.38759
United States,Q30,http://www.wikidata.org/entity/Q116725082,CalTech - Pasadena Wilson Ave,Gas-fired power station,34.13818,-118.1284
United States,Q30,http://www.wikidata.org/entity/Q116725402,WAL5764,Gas-fired power station,32.967341,-97.41198
United States,Q30,http://www.wikidata.org/entity/Q116724878,WAL3425,Gas-fired power station,29.630428,-95.23743
United States,Q30,http://www.wikidata.org/entity/Q116724903,WAL5713,Gas-fired power station,27.610637,-99.46222
United States,Q30,http://www.wikidata.org/entity/Q116725386,WAL3226,Gas-fired power station,29.783981,-95.80408
United States,Q30,http://www.wikidata.org/entity/Q116724999,CalTech - Pasadena (PPA),Gas-fired power station,34.139368,-118.1215
United States,Q30,http://www.wikidata.org/entity/Q116725087,Mark One Power Station,Gas-fired power station,29.227109,-95.43076
United States,Q30,http://www.wikidata.org/entity/Q116725009,Enloe Medical - Chico,Gas-fired power station,39.742597,-121.8497
United States,Q30,http://www.wikidata.org/entity/Q116724879,WAL3432,Gas-fired power station,32.592923,-96.87984
United States,Q30,http://www.wikidata.org/entity/Q116725252,West Riverside Energy Center,Gas-fired power station,42.582051,-89.04121
United States,Q30,http://www.wikidata.org/entity/Q116724901,WAL5388,Gas-fired power station,29.470152,-95.08964
United States,Q30,http://www.wikidata.org/entity/Q116724880,WAL3510,Gas-fired power station,29.545976,-95.23594
United States,Q30,http://www.wikidata.org/entity/Q116725294,Maryland Food Center Authority AD,Gas-fired power station,39.1578,-76.78042
United States,Q30,http://www.wikidata.org/entity/Q116724884,WAL3518,Gas-fired power station,27.612565,-99.47183
United States,Q30,http://www.wikidata.org/entity/Q116725012,Altice - Parsippany,Gas-fired power station,40.845086,-74.42825
United States,Q30,http://www.wikidata.org/entity/Q116724889,WAL3886,Gas-fired power station,26.267703,-98.20455
United States,Q30,http://www.wikidata.org/entity/Q116725008,Equinix - Billerica,Gas-fired power station,42.551001,-71.21496
United States,Q30,http://www.wikidata.org/entity/Q116725226,POET Biorefining - Fostoria,Gas-fired power station,41.1718,-83.3777
United States,Q30,http://www.wikidata.org/entity/Q116724861,WAL3302,Gas-fired power station,29.679366,-95.5614
United States,Q30,http://www.wikidata.org/entity/Q116725035,HEB00038,Gas-fired power station,26.20327,-98.46543
United States,Q30,http://www.wikidata.org/entity/Q116725365,Fuel Cell 3245 Yates Avenue,Gas-fired power station,40.87317,-73.85519
United States,Q30,http://www.wikidata.org/entity/Q116724902,WAL5612,Gas-fired power station,29.716069,-95.31303
United States,Q30,http://www.wikidata.org/entity/Q116724892,WAL4538,Gas-fired power station,29.803665,-95.72045
United States,Q30,http://www.wikidata.org/entity/Q116724891,WAL4526,Gas-fired power station,29.829831,-95.37727
United States,Q30,http://www.wikidata.org/entity/Q116725092,Fort Pierce Generating Facility,Gas-fired power station,37.030051,-113.5634
United States,Q30,http://www.wikidata.org/entity/Q116725393,WAL3827,Gas-fired power station,29.690142,-95.77462
United States,Q30,http://www.wikidata.org/entity/Q116725398,WAL5165,Gas-fired power station,26.191785,-98.12831
United States,Q30,http://www.wikidata.org/entity/Q116725004,Beckton Dickenson - San Jose,Gas-fired power station,37.39789,-121.8859
United States,Q30,http://www.wikidata.org/entity/Q116725378,WAL940,Gas-fired power station,32.755036,-97.43384
United States,Q30,http://www.wikidata.org/entity/Q19384021,Las Vegas Generating Station,Gas-fired power station,36.2319,-115.1222
United States,Q30,http://www.wikidata.org/entity/Q19385139,Pastoria Energy Facility,Gas-fired power station,34.956,-118.84385
United States,Q30,http://www.wikidata.org/entity/Q19384764,Osceola Power Plant,Gas-fired power station,28.1289,-81.0978
United States,Q30,http://www.wikidata.org/entity/Q18358005,Hunters Point Power Plant,Gas-fired power station,37.7374,-122.3763
United States,Q30,http://www.wikidata.org/entity/Q19381893,Moselle Power Plant,Gas-fired power station,31.528,-89.3004
United States,Q30,http://www.wikidata.org/entity/Q19385578,Port Jefferson Power Station,Gas-fired power station,40.95,-73.0781
United States,Q30,http://www.wikidata.org/entity/Q19384988,Oyster Creek Power Plant,Gas-fired power station,28.9802,-95.342
United States,Q30,http://www.wikidata.org/entity/Q19379319,Lieberman Power Plant,Gas-fired power station,32.7047,-93.9597
United States,Q30,http://www.wikidata.org/entity/Q18352290,Donald Von Raesfeld Power Plant,Gas-fired power station,37.37694444,-121.95111111
United States,Q30,http://www.wikidata.org/entity/Q19382929,Newington Power Plant,Gas-fired power station,43.1047,-70.8061
United States,Q30,http://www.wikidata.org/entity/Q19380195,Louisiana Power Plant,Gas-fired power station,30.4922,-91.1864
United States,Q30,http://www.wikidata.org/entity/Q19385417,Pleasant Valley Power Plant,Gas-fired power station,43.799446,-92.682874
United States,Q30,http://www.wikidata.org/entity/Q19385380,Pittsburg Power Plant,Gas-fired power station,,
United States,Q30,http://www.wikidata.org/entity/Q19382086,Mustang Power Plant,Gas-fired power station,35.46988,-97.67498
United States,Q30,http://www.wikidata.org/entity/Q19384995,P.H. Robinson Generating Plant,Gas-fired power station,29.4875,-94.979444444
United States,Q30,http://www.wikidata.org/entity/Q19380279,Luna Energy Facility,Gas-fired power station,32.299349,-107.7834
United States,Q30,http://www.wikidata.org/entity/Q19385095,Paris Energy Center,Gas-fired power station,33.69698,-95.55689
United States,Q30,http://www.wikidata.org/entity/Q19385418,Pleasants Energy,Gas-fired power station,39.3325,-81.3642
United States,Q30,http://www.wikidata.org/entity/Q19382915,New Haven Harbor Power Plant,Gas-fired power station,41.283997,-72.904323
United States,Q30,http://www.wikidata.org/entity/Q18152906,Kendall Cogeneration Station,Gas-fired power station,42.36313,-71.08011
United States,Q30,http://www.wikidata.org/entity/Q19372437,Dearborn Industrial Generation,Gas-fired power station,42.3026,-83.154
United States,Q30,http://www.wikidata.org/entity/Q19385619,Prairie Creek Power Plant,Gas-fired power station,41.944039,-91.639167
United States,Q30,http://www.wikidata.org/entity/Q19381128,Martin Power Plant,Gas-fired power station,27.0556,-80.5638
United States,Q30,http://www.wikidata.org/entity/Q19381129,Martin Drake Power Plant,Gas-fired power station,38.824444,-104.833333
United States,Q30,http://www.wikidata.org/entity/Q19384023,North Omaha Power Station,Gas-fired power station,41.32909,-95.94466
United States,Q30,http://www.wikidata.org/entity/Q19384716,Orlando Cogen,Gas-fired power station,28.442623,-81.412343
United States,Q30,http://www.wikidata.org/entity/Q19380966,Manchester Street Generating Station,Gas-fired power station,41.815829,-71.404329
United States,Q30,http://www.wikidata.org/entity/Q19384267,O.H. Hutchings Station,Gas-fired power station,39.609038,-84.296445
United States,Q30,http://www.wikidata.org/entity/Q19384724,Ormond Beach Generating Station,Gas-fired power station,34.129477,-119.168543
United States,Q30,http://www.wikidata.org/entity/Q19382024,Murray Gill power plant,Gas-fired power station,37.5967,-97.413611
United States,Q30,http://www.wikidata.org/entity/Q19379030,Syl Laskin Power Plant,Gas-fired power station,47.5306,-92.1619
United States,Q30,http://www.wikidata.org/entity/Q19384563,Oneta Energy Center,Gas-fired power station,36.0119,-95.6967
United States,Q30,http://www.wikidata.org/entity/Q19380001,Little Gypsy power plant,Gas-fired power station,30.005067,-90.461694
United States,Q30,http://www.wikidata.org/entity/Q19380965,Manatee Power Plant,Gas-fired power station,27.6058,-82.3456
United States,Q30,http://www.wikidata.org/entity/Q19375996,John C. Weadock Generating Plant,Gas-fired power station,43.6401399,-83.8451564
United States,Q30,http://www.wikidata.org/entity/Q19384934,Otay Mesa Generating Project,Gas-fired power station,32.5734,-116.9155
United States,Q30,http://www.wikidata.org/entity/Q19363433,Newark Energy Center,Gas-fired power station,40.7072,-74.1278
United States,Q30,http://www.wikidata.org/entity/Q19385345,Pinckneyville Power Plant,Gas-fired power station,38.1114,-89.3467
United States,Q30,http://www.wikidata.org/entity/Q19372630,Eagle Valley Power Plant,Gas-fired power station,39.48517,-86.4183
United States,Q30,http://www.wikidata.org/entity/Q19381962,Mountainview Generating Station,Gas-fired power station,34.0818,-117.2418
United States,Q30,http://www.wikidata.org/entity/Q19380840,Magic Valley Generating Station,Gas-fired power station,26.34034,-98.19268
United States,Q30,http://www.wikidata.org/entity/Q19381553,Millennium Power Plant,Gas-fired power station,42.11111111,-72.00111111
United States,Q30,http://www.wikidata.org/entity/Q19382651,Nearman Creek Power Plant,Gas-fired power station,39.1681,-94.6975
United States,Q30,http://www.wikidata.org/entity/Q19382923,New York Power Authority 500MW CC Power Plant,Gas-fired power station,40.7889,-73.9069
United States,Q30,http://www.wikidata.org/entity/Q116712072,Lake One,Gas-fired power station,34.1772,-118.3147
United States,Q30,http://www.wikidata.org/entity/Q116712074,Sylvarena,Gas-fired power station,31.982076,-89.41271
United States,Q30,http://www.wikidata.org/entity/Q116712124,Baptist Medical Center,Gas-fired power station,30.314467,-81.66271
United States,Q30,http://www.wikidata.org/entity/Q116712210,Biron Mill,Gas-fired power station,44.43,-89.78
United States,Q30,http://www.wikidata.org/entity/Q116712327,San Jose Cogeneration,Gas-fired power station,37.336113,-121.8783
United States,Q30,http://www.wikidata.org/entity/Q116712002,Rockwood,Gas-fired power station,32.9553,-115.5364
United States,Q30,http://www.wikidata.org/entity/Q116712356,Georgia-Pacific Monticello Paper,Gas-fired power station,31.6285,-90.0809
United States,Q30,http://www.wikidata.org/entity/Q116712031,Elk Mound,Gas-fired power station,44.902814,-91.5681
United States,Q30,http://www.wikidata.org/entity/Q116712092,Sycamore (IA),Gas-fired power station,41.6722,-93.6769
United States,Q30,http://www.wikidata.org/entity/Q116712059,Warren F Sam Beasley Generation Station,Gas-fired power station,39.279179,-75.62393
United States,Q30,http://www.wikidata.org/entity/Q116712291,Anheuser-Busch St Louis,Gas-fired power station,38.597755,-90.21067
United States,Q30,http://www.wikidata.org/entity/Q116712012,Minnesota River,Gas-fired power station,44.795231,-93.58101
United States,Q30,http://www.wikidata.org/entity/Q116712164,Grossmont Hospital,Gas-fired power station,32.77973,-117.0064
United States,Q30,http://www.wikidata.org/entity/Q116711980,Bowling Green Peaking,Gas-fired power station,41.3884,-83.6402
United States,Q30,http://www.wikidata.org/entity/Q116712382,CES Placerita Power Plant,Gas-fired power station,34.3801,-118.4999
United States,Q30,http://www.wikidata.org/entity/Q116712365,Civic Center,Gas-fired power station,34.0564,-118.2436
United States,Q30,http://www.wikidata.org/entity/Q116712083,Murray Turbine,Gas-fired power station,40.67,-111.89
United States,Q30,http://www.wikidata.org/entity/Q116712110,Astoria Generating Station,Gas-fired power station,40.787674,-73.91256
United States,Q30,http://www.wikidata.org/entity/Q116712377,Badger Creek Limited,Gas-fired power station,35.483736,-119.0299
United States,Q30,http://www.wikidata.org/entity/Q116712097,Clifton,Gas-fired power station,39.6125,-97.2778
United States,Q30,http://www.wikidata.org/entity/Q116712161,Frito-Lay Cogen Plant,Gas-fired power station,35.395063,-119.3216
United States,Q30,http://www.wikidata.org/entity/Q116712240,King City Power Plant,Gas-fired power station,36.225,-121.1278
United States,Q30,http://www.wikidata.org/entity/Q116712111,Cherry Street,Gas-fired power station,42.388611,-71.56
United States,Q30,http://www.wikidata.org/entity/Q116712129,Cutrale Citrus Juices USA I,Gas-fired power station,28.811828,-81.86527
United States,Q30,http://www.wikidata.org/entity/Q116712131,"RED-Rochester, LLC",Gas-fired power station,43.1989,-77.6319
United States,Q30,http://www.wikidata.org/entity/Q116712015,Holden,Gas-fired power station,38.7538,-93.9983
United States,Q30,http://www.wikidata.org/entity/Q116712199,Snowbird Power Plant,Gas-fired power station,40.58337,-111.6539
United States,Q30,http://www.wikidata.org/entity/Q116711964,1515 S Caron Road,Gas-fired power station,41.9084,-89.0466
United States,Q30,http://www.wikidata.org/entity/Q116712265,Savannah River Mill,Gas-fired power station,32.331274,-81.2015
United States,Q30,http://www.wikidata.org/entity/Q116712290,New-Indy Ontario Mill,Gas-fired power station,34.045361,-117.5402
United States,Q30,http://www.wikidata.org/entity/Q116712064,Lordsburg Generating,Gas-fired power station,32.35051,-108.698
United States,Q30,http://www.wikidata.org/entity/Q116712135,Energy Center Dover,Gas-fired power station,39.149549,-75.54734
United States,Q30,http://www.wikidata.org/entity/Q116712146,"Mars Wrigley Confectionery US, LLC",Gas-fired power station,40.8625,-74.825
United States,Q30,http://www.wikidata.org/entity/Q116711990,West Marinette 34,Gas-fired power station,45.0869,-87.6892
United States,Q30,http://www.wikidata.org/entity/Q116712244,Juniata Locomotive Shop,Gas-fired power station,40.533299,-78.38413
United States,Q30,http://www.wikidata.org/entity/Q116712007,Smarr Energy Center,Gas-fired power station,32.9842,-83.8464
United States,Q30,http://www.wikidata.org/entity/Q116712085,Paragould Reciprocating,Gas-fired power station,36.0242,-90.5094
United States,Q30,http://www.wikidata.org/entity/Q116712214,Ticona Polymers Inc,Gas-fired power station,27.5697,-97.8228
United States,Q30,http://www.wikidata.org/entity/Q116712388,Rapids Energy Center,Gas-fired power station,47.234825,-93.53717
United States,Q30,http://www.wikidata.org/entity/Q116712207,Merck Rahway Power Plant,Gas-fired power station,40.615616,-74.26529
United States,Q30,http://www.wikidata.org/entity/Q116712094,Barber Creek,Gas-fired power station,43.7219,-105.7689
United States,Q30,http://www.wikidata.org/entity/Q116711985,Custer Energy Center,Gas-fired power station,44.085437,-87.7261
United States,Q30,http://www.wikidata.org/entity/Q116712217,Pixelle Specialty Solutions LLC - Chillicothe Facility,Gas-fired power station,39.324611,-82.97404
United States,Q30,http://www.wikidata.org/entity/Q116712050,Hell Gate,Gas-fired power station,40.799,-73.9094
United States,Q30,http://www.wikidata.org/entity/Q116712190,CF Industries Yazoo City Complex,Gas-fired power station,32.90411,-90.3781
United States,Q30,http://www.wikidata.org/entity/Q116712353,Georgia-Pacific Crossett LLC,Gas-fired power station,33.1421,-91.975
United States,Q30,http://www.wikidata.org/entity/Q116711981,Allegany Cogen,Gas-fired power station,42.5027,-78.0686
United States,Q30,http://www.wikidata.org/entity/Q116712261,Greenleaf 1,Gas-fired power station,39.052922,-121.6961
United States,Q30,http://www.wikidata.org/entity/Q116712099,Comanche (OK),Gas-fired power station,34.5431,-98.3244
United States,Q30,http://www.wikidata.org/entity/Q116712342,Port Arthur Texas Refinery,Gas-fired power station,29.964938,-93.89128
United States,Q30,http://www.wikidata.org/entity/Q116712168,CIP II/AR Bridgewater Holdings - NJCOE,Gas-fired power station,40.624,-74.634
United States,Q30,http://www.wikidata.org/entity/Q116712195,Loma Linda University Cogen,Gas-fired power station,34.050391,-117.2484
United States,Q30,http://www.wikidata.org/entity/Q116712045,Joseph J Seymour Power Project,Gas-fired power station,40.6631,-74.0
United States,Q30,http://www.wikidata.org/entity/Q116712042,McCartney,Gas-fired power station,37.248431,-93.17084
United States,Q30,http://www.wikidata.org/entity/Q116712293,Anheuser-Busch Jacksonville,Gas-fired power station,30.43424,-81.64535
United States,Q30,http://www.wikidata.org/entity/Q116712280,Indian Orchard Plant 1,Gas-fired power station,42.156898,-72.52415
United States,Q30,http://www.wikidata.org/entity/Q116712375,Bear Mountain Limited,Gas-fired power station,35.419181,-118.9266
United States,Q30,http://www.wikidata.org/entity/Q116712091,Arvada,Gas-fired power station,44.69,-106.1092
United States,Q30,http://www.wikidata.org/entity/Q116712363,CH Resources Syracuse,Gas-fired power station,43.0664,-76.2144
United States,Q30,http://www.wikidata.org/entity/Q116712266,Georgia-Pacific Muskogee LLC,Gas-fired power station,35.7322,-95.2939
United States,Q30,http://www.wikidata.org/entity/Q116711978,Hamilton Peaking,Gas-fired power station,39.3528,-84.5183
United States,Q30,http://www.wikidata.org/entity/Q116712003,Fulton (AR),Gas-fired power station,33.6094,-93.7924
United States,Q30,http://www.wikidata.org/entity/Q116712079,Newington,Gas-fired power station,43.1,-70.79083
United States,Q30,http://www.wikidata.org/entity/Q116712273,Kingsburg Cogen,Gas-fired power station,36.5397,-119.5794
United States,Q30,http://www.wikidata.org/entity/Q116712188,Castleton Energy Center,Gas-fired power station,42.5375,-73.7433
United States,Q30,http://www.wikidata.org/entity/Q116712247,Geismar,Gas-fired power station,30.2,-91.0
United States,Q30,http://www.wikidata.org/entity/Q116711962,Sowega Power,Gas-fired power station,31.3869,-84.08
United States,Q30,http://www.wikidata.org/entity/Q116712109,Stanberry,Gas-fired power station,40.212746,-94.54236
United States,Q30,http://www.wikidata.org/entity/Q116712340,Algonquin Windsor Locks,Gas-fired power station,41.9227,-72.6255
United States,Q30,http://www.wikidata.org/entity/Q116712137,Kaweah Delta District Hospital,Gas-fired power station,36.3275,-119.2947
United States,Q30,http://www.wikidata.org/entity/Q116712174,Indiana University of Pennsylvania,Gas-fired power station,40.6144,-79.1594
United States,Q30,http://www.wikidata.org/entity/Q116712360,CH Resources Beaver Falls,Gas-fired power station,43.8861,-75.4342
United States,Q30,http://www.wikidata.org/entity/Q116712279,Pensacola Florida Plant,Gas-fired power station,30.5958,-87.2525
United States,Q30,http://www.wikidata.org/entity/Q116712169,Hoffmann LaRoche,Gas-fired power station,40.8359,-74.155
United States,Q30,http://www.wikidata.org/entity/Q116712040,Terry Bundy Generating Station,Gas-fired power station,40.909653,-96.61309
United States,Q30,http://www.wikidata.org/entity/Q116712362,Carthage Energy LLC,Gas-fired power station,43.9842,-75.6225
United States,Q30,http://www.wikidata.org/entity/Q116711996,Alsey,Gas-fired power station,39.569771,-90.43602
United States,Q30,http://www.wikidata.org/entity/Q116712384,Brush Generation Facility,Gas-fired power station,40.2415,-103.631
United States,Q30,http://www.wikidata.org/entity/Q116712098,Pouch,Gas-fired power station,40.6182,-74.06849
United States,Q30,http://www.wikidata.org/entity/Q116712106,Tipton,Gas-fired power station,41.7717,-91.1321
United States,Q30,http://www.wikidata.org/entity/Q116712264,Consumer Operations LLC,Gas-fired power station,44.4936,-88.0303
United States,Q30,http://www.wikidata.org/entity/Q116711991,Pine Street,Gas-fired power station,43.740164,-83.44995
United States,Q30,http://www.wikidata.org/entity/Q116712071,Kalkaska CT #1,Gas-fired power station,44.6889,-85.2019
United States,Q30,http://www.wikidata.org/entity/Q116712260,Greenleaf 2 Power Plant,Gas-fired power station,39.1365,-121.6397
United States,Q30,http://www.wikidata.org/entity/Q116712090,Hartzog,Gas-fired power station,43.8294,-105.5322
United States,Q30,http://www.wikidata.org/entity/Q116712386,Westend Facility,Gas-fired power station,35.7075,-117.3956
United States,Q30,http://www.wikidata.org/entity/Q116712116,Nine Springs,Gas-fired power station,43.0386,-89.3586
United States,Q30,http://www.wikidata.org/entity/Q116712095,Yankton,Gas-fired power station,42.893333,-97.35333
United States,Q30,http://www.wikidata.org/entity/Q116712011,Freedom Power Project,Gas-fired power station,39.103333,-88.85898
United States,Q30,http://www.wikidata.org/entity/Q116712391,ExxonMobil Baton Rouge Turbine Generator,Gas-fired power station,30.489722,-91.18722
United States,Q30,http://www.wikidata.org/entity/Q116712275,Clark University,Gas-fired power station,42.2508,-71.8226
United States,Q30,http://www.wikidata.org/entity/Q116712226,California Institute of Technology,Gas-fired power station,34.138467,-118.1256
United States,Q30,http://www.wikidata.org/entity/Q116712158,Hampton Facility,Gas-fired power station,42.9383,-70.8406
United States,Q30,http://www.wikidata.org/entity/Q116712228,Florida's Natural Growers,Gas-fired power station,27.9114,-81.6006
United States,Q30,http://www.wikidata.org/entity/Q116712044,Vernon Boulevard,Gas-fired power station,40.7537,-73.9508
United States,Q30,http://www.wikidata.org/entity/Q116712048,Brentwood,Gas-fired power station,40.787062,-73.29341
United States,Q30,http://www.wikidata.org/entity/Q116712225,Enterprise Products Operating,Gas-fired power station,29.8247,-94.9197
United States,Q30,http://www.wikidata.org/entity/Q116712082,Mickleton Station,Gas-fired power station,39.8119,-75.24903
United States,Q30,http://www.wikidata.org/entity/Q116712255,Marathon Bay Area Cogen,Gas-fired power station,38.0244,-122.0589
United States,Q30,http://www.wikidata.org/entity/Q116712120,Colorado Energy Nations Company,Gas-fired power station,39.7606,-105.215
United States,Q30,http://www.wikidata.org/entity/Q116715279,Austin Gas Recovery,Gas-fired power station,30.3344,-97.6217
United States,Q30,http://www.wikidata.org/entity/Q116715149,Colonie LFGTE Facility,Gas-fired power station,42.803325,-73.72674
United States,Q30,http://www.wikidata.org/entity/Q116715114,Laurel Ridge LFGTE,Gas-fired power station,37.035,-84.0933
United States,Q30,http://www.wikidata.org/entity/Q116715607,Iredell County LFG Facility,Gas-fired power station,35.769281,-80.826
United States,Q30,http://www.wikidata.org/entity/Q116715561,Broad Mountain,Gas-fired power station,40.669608,-76.38072
United States,Q30,http://www.wikidata.org/entity/Q116714812,GRS Arbor Hills,Gas-fired power station,42.395335,-83.558
United States,Q30,http://www.wikidata.org/entity/Q116715286,DADS Gas Recovery,Gas-fired power station,39.6522,-104.7161
United States,Q30,http://www.wikidata.org/entity/Q116715626,Hyland LFGTE Facility,Gas-fired power station,42.2853,-78.0061
United States,Q30,http://www.wikidata.org/entity/Q116715516,Covel Gardens Gas Recovery,Gas-fired power station,29.3467,-98.6536
United States,Q30,http://www.wikidata.org/entity/Q116715003,Berlin Landfill Gas,Gas-fired power station,43.9603,-88.9158
United States,Q30,http://www.wikidata.org/entity/Q116715283,Fitchburg Gas Recovery,Gas-fired power station,42.535393,-71.84806
United States,Q30,http://www.wikidata.org/entity/Q116715197,Ameresco Chicopee Energy,Gas-fired power station,42.162647,-72.5367
United States,Q30,http://www.wikidata.org/entity/Q116715548,Ameresco Jefferson City,Gas-fired power station,38.552371,-92.04493
United States,Q30,http://www.wikidata.org/entity/Q116715637,Georgetown LFGTE,Gas-fired power station,33.453611,-79.31611
United States,Q30,http://www.wikidata.org/entity/Q116714921,Ridgeview,Gas-fired power station,44.175007,-87.82852
United States,Q30,http://www.wikidata.org/entity/Q116715547,Ameresco Ox Mountain,Gas-fired power station,37.5,-122.4
United States,Q30,http://www.wikidata.org/entity/Q116715276,Springhill Gas Recovery Plant,Gas-fired power station,30.928333,-85.42611
United States,Q30,http://www.wikidata.org/entity/Q116715227,Liberty I & II LFGTE,Gas-fired power station,40.885556,-86.70444
United States,Q30,http://www.wikidata.org/entity/Q116715224,Oak Ridge LFGTE,Gas-fired power station,40.721322,-86.34214
United States,Q30,http://www.wikidata.org/entity/Q116715031,Middlesex County Utilities Authority  Power Plant,Gas-fired power station,40.4903,-74.3156
United States,Q30,http://www.wikidata.org/entity/Q116715112,Bavarian LFGTE,Gas-fired power station,38.8608,-84.6556
United States,Q30,http://www.wikidata.org/entity/Q116714671,MM Prince William Energy,Gas-fired power station,38.638333,-77.41472
United States,Q30,http://www.wikidata.org/entity/Q116715520,Taylor,Gas-fired power station,32.4522,-84.3872
United States,Q30,http://www.wikidata.org/entity/Q116715309,Salt Lake Energy Systems,Gas-fired power station,40.7461,-112.0339
United States,Q30,http://www.wikidata.org/entity/Q116715740,Santa Maria LFG Power Plant,Gas-fired power station,34.9537,-120.4142
United States,Q30,http://www.wikidata.org/entity/Q116715389,King & Queen,Gas-fired power station,37.6711,-76.76
United States,Q30,http://www.wikidata.org/entity/Q116715519,Loraine County Project,Gas-fired power station,41.3006,-82.1803
United States,Q30,http://www.wikidata.org/entity/Q116715388,Chesterfield Landfill Gas,Gas-fired power station,37.3517,-77.4969
United States,Q30,http://www.wikidata.org/entity/Q116715113,Green Valley LFGTE,Gas-fired power station,38.396737,-82.80882
United States,Q30,http://www.wikidata.org/entity/Q116715645,Fulton LFGTE Facility,Gas-fired power station,43.0142,-74.4739
United States,Q30,http://www.wikidata.org/entity/Q116714672,MM Tulare Energy,Gas-fired power station,36.388,-119.394
United States,Q30,http://www.wikidata.org/entity/Q116715592,Enoree Phase II Landfill Gas Recovery,Gas-fired power station,34.8008,-82.1847
United States,Q30,http://www.wikidata.org/entity/Q116714763,MMSD South Shore Wastewater,Gas-fired power station,42.8869,-87.8422
United States,Q30,http://www.wikidata.org/entity/Q116714649,Livingston Generating Facility,Gas-fired power station,40.9314,-88.6548
United States,Q30,http://www.wikidata.org/entity/Q116714867,Kiefer Landfill,Gas-fired power station,38.5136,-121.1944
United States,Q30,http://www.wikidata.org/entity/Q116715498,Lanchester Generating Station,Gas-fired power station,40.1108,-75.9547
United States,Q30,http://www.wikidata.org/entity/Q116715289,Waste Management Bethel LFGTE,Gas-fired power station,37.076352,-76.44437
United States,Q30,http://www.wikidata.org/entity/Q116714865,Green Knight Energy Center,Gas-fired power station,40.8592,-75.2627
United States,Q30,http://www.wikidata.org/entity/Q116715225,Jay County LFGTE,Gas-fired power station,40.379703,-85.08819
United States,Q30,http://www.wikidata.org/entity/Q116715221,Dry Creek LFG to Energy Project,Gas-fired power station,42.3844,-122.7718
United States,Q30,http://www.wikidata.org/entity/Q116714940,Brown Station Road Plant II,Gas-fired power station,38.847585,-76.78591
United States,Q30,http://www.wikidata.org/entity/Q116715281,Timberline Trail Gas Recovery,Gas-fired power station,45.4533,-91.3583
United States,Q30,http://www.wikidata.org/entity/Q116714656,Lakeview Gas Recovery,Gas-fired power station,42.060172,-80.02077
United States,Q30,http://www.wikidata.org/entity/Q116714639,Missouri River Wastewater Treatment,Gas-fired power station,41.2033,-95.9292
United States,Q30,http://www.wikidata.org/entity/Q116715513,Model Gas Power Station,Gas-fired power station,39.8908,-83.0272
United States,Q30,http://www.wikidata.org/entity/Q116715264,Pennsauken Landfill Power Plant,Gas-fired power station,39.9894,-75.04
United States,Q30,http://www.wikidata.org/entity/Q116715198,Ameresco Janesville,Gas-fired power station,42.7083,-89.0208
United States,Q30,http://www.wikidata.org/entity/Q116715392,New Bern,Gas-fired power station,35.1681,-77.2267
United States,Q30,http://www.wikidata.org/entity/Q116715274,Deertrack Park Gas Recovery,Gas-fired power station,43.089999,-88.73968
United States,Q30,http://www.wikidata.org/entity/Q116715275,Lake Mills Gas Recovery,Gas-fired power station,43.3864,-93.5589
United States,Q30,http://www.wikidata.org/entity/Q116715535,Cumberland County Solid Waste Power Plant,Gas-fired power station,39.4494,-75.0928
United States,Q30,http://www.wikidata.org/entity/Q116715382,Wicomico,Gas-fired power station,38.3847,-75.6344
United States,Q30,http://www.wikidata.org/entity/Q116715718,South Columbus Water Resource Facility,Gas-fired power station,32.4119,-84.9761
United States,Q30,http://www.wikidata.org/entity/Q116715545,Ameresco Stafford,Gas-fired power station,38.384167,-77.41306
United States,Q30,http://www.wikidata.org/entity/Q116715662,Spruce Ridge Gas Recovery,Gas-fired power station,44.8158,-94.2489
United States,Q30,http://www.wikidata.org/entity/Q116715386,Charles City,Gas-fired power station,37.438889,-77.12861
United States,Q30,http://www.wikidata.org/entity/Q116714818,North City - Landfill Gas Engines South,Gas-fired power station,32.8817,-117.1958
United States,Q30,http://www.wikidata.org/entity/Q116715502,Trans-Jordan Generating Station,Gas-fired power station,40.55,-112.0631
United States,Q30,http://www.wikidata.org/entity/Q116715540,Norther Tier Landfill,Gas-fired power station,41.7792,-76.6258
United States,Q30,http://www.wikidata.org/entity/Q116715521,SECCRA Community Landfill,Gas-fired power station,39.8639,-75.8428
United States,Q30,http://www.wikidata.org/entity/Q116715391,Mountain View,Gas-fired power station,39.8014,-77.7883
United States,Q30,http://www.wikidata.org/entity/Q116714863,Model City Energy Facility,Gas-fired power station,43.2094,-78.9836
United States,Q30,http://www.wikidata.org/entity/Q116715148,Modern Innovative Energy LLC,Gas-fired power station,43.2094,-78.9836
United States,Q30,http://www.wikidata.org/entity/Q116715517,Carbon Limestone,Gas-fired power station,40.9975,-80.5208
United States,Q30,http://www.wikidata.org/entity/Q116715661,Waste Management Columbia Ridge LFGTE,Gas-fired power station,45.5739,-120.2969
United States,Q30,http://www.wikidata.org/entity/Q116715542,Moretown,Gas-fired power station,44.312222,-72.71139
United States,Q30,http://www.wikidata.org/entity/Q116715762,Trail Ridge Landfill Gas Recovery,Gas-fired power station,30.227953,-82.04088
United States,Q30,http://www.wikidata.org/entity/Q116715741,J&A-Santa Maria II LLC,Gas-fired power station,34.9494,-120.3803
United States,Q30,http://www.wikidata.org/entity/Q116715282,Chaffee Gas Recovery,Gas-fired power station,42.5831,-78.4864
United States,Q30,http://www.wikidata.org/entity/Q116715743,Whittier LFG Power Plant #1,Gas-fired power station,33.9716,-118.0481
United States,Q30,http://www.wikidata.org/entity/Q116714859,Sonoma Central Landfill Phase I,Gas-fired power station,38.3017,-122.7489
United States,Q30,http://www.wikidata.org/entity/Q116714861,Sonoma Central Landfill Phase II,Gas-fired power station,38.3017,-122.7489
United States,Q30,http://www.wikidata.org/entity/Q116714918,Sonoma Central Landfill Phase III,Gas-fired power station,38.3017,-122.7489
United States,Q30,http://www.wikidata.org/entity/Q116715551,Ameresco Chiquita Canyon,Gas-fired power station,34.431664,-118.6429
United States,Q30,http://www.wikidata.org/entity/Q116715625,Clinton LFGTE Facility,Gas-fired power station,44.6917,-73.5944
United States,Q30,http://www.wikidata.org/entity/Q116715597,"Pioneer Crossing Energy, LLC",Gas-fired power station,40.275,-75.8167
United States,Q30,http://www.wikidata.org/entity/Q116715499,Bryon Center,Gas-fired power station,42.7814,-85.6728
United States,Q30,http://www.wikidata.org/entity/Q116714814,GRS C&C,Gas-fired power station,42.356343,-85.00578
United States,Q30,http://www.wikidata.org/entity/Q116715659,Waste Management Arden LFGTE,Gas-fired power station,40.2058,-80.2611
United States,Q30,http://www.wikidata.org/entity/Q116714980,WWTP Power Generation Station,Gas-fired power station,37.8258,-122.2961
United States,Q30,http://www.wikidata.org/entity/Q116714662,MM Taunton Energy,Gas-fired power station,41.923068,-71.08641
United States,Q30,http://www.wikidata.org/entity/Q116715550,Ameresco Keller Canyon,Gas-fired power station,38.003928,-121.9345
United States,Q30,http://www.wikidata.org/entity/Q116714748,Blackburn Landfill Co-Generation,Gas-fired power station,35.6067,-81.3006
United States,Q30,http://www.wikidata.org/entity/Q116715032,Anderson Regional Landfill,Gas-fired power station,34.5739,-82.4621
United States,Q30,http://www.wikidata.org/entity/Q116715396,Virginia Beach,Gas-fired power station,36.7858,-76.2019
United States,Q30,http://www.wikidata.org/entity/Q116715088,Ontario LFGTE,Gas-fired power station,42.8586,-77.0872
United States,Q30,http://www.wikidata.org/entity/Q116715599,DANC LFGTE Facility,Gas-fired power station,43.82,-75.9175
United States,Q30,http://www.wikidata.org/entity/Q116715189,Beecher Gas Recovery,Gas-fired power station,41.38109,-87.63754
United States,Q30,http://www.wikidata.org/entity/Q116714774,Security,Gas-fired power station,30.3225,-95.2681
United States,Q30,http://www.wikidata.org/entity/Q116715152,Pendleton County LFGTE,Gas-fired power station,38.734218,-84.4059
United States,Q30,http://www.wikidata.org/entity/Q116715263,Frey Farm Landfill,Gas-fired power station,39.9589,-76.4442
United States,Q30,http://www.wikidata.org/entity/Q116715385,Brunswick Landfill Gas,Gas-fired power station,36.7639,-77.8108
United States,Q30,http://www.wikidata.org/entity/Q116715116,Hardin County LFGTE,Gas-fired power station,37.7258,-85.7258
United States,Q30,http://www.wikidata.org/entity/Q116715278,Two Pine Landfill Gas Recovery,Gas-fired power station,34.8332,-92.1571
United States,Q30,http://www.wikidata.org/entity/Q116714816,GRS CMS,Gas-fired power station,35.353269,-80.66802
United States,Q30,http://www.wikidata.org/entity/Q116715501,Pinconning White Feather,Gas-fired power station,43.8983,-83.9494
United States,Q30,http://www.wikidata.org/entity/Q116715384,Amelia,Gas-fired power station,37.3097,-78.0589
United States,Q30,http://www.wikidata.org/entity/Q116715200,Ameresco Delaware South,Gas-fired power station,38.5992,-75.4342
United States,Q30,http://www.wikidata.org/entity/Q116715536,Cumberland County PA LFG Recovery,Gas-fired power station,40.1356,-77.5072
United States,Q30,http://www.wikidata.org/entity/Q116714810,GRS Fall River,Gas-fired power station,41.748669,-71.10647
United States,Q30,http://www.wikidata.org/entity/Q116712497,Corpus Refinery,Gas-fired power station,27.8322,-97.5281
United States,Q30,http://www.wikidata.org/entity/Q116712519,Borger Plant,Gas-fired power station,35.6647,-101.4354
United States,Q30,http://www.wikidata.org/entity/Q116712745,SRI International Cogen Project,Gas-fired power station,37.455314,-122.1728
United States,Q30,http://www.wikidata.org/entity/Q116712775,Saint Johns Health Center,Gas-fired power station,34.030318,-118.4784
United States,Q30,http://www.wikidata.org/entity/Q116712731,Corpus Christi,Gas-fired power station,27.811083,-97.59581
United States,Q30,http://www.wikidata.org/entity/Q116712853,Parlin Power Plant,Gas-fired power station,40.460717,-74.32716
United States,Q30,http://www.wikidata.org/entity/Q116712590,US Gypsum Oakfield,Gas-fired power station,43.0647,-78.2972
United States,Q30,http://www.wikidata.org/entity/Q116712926,Motiva Enterprises Port Arthur Refinery,Gas-fired power station,29.888462,-93.95098
United States,Q30,http://www.wikidata.org/entity/Q116712406,Kyocera America Project,Gas-fired power station,32.819675,-117.1405
United States,Q30,http://www.wikidata.org/entity/Q116712681,Georgia-Pacific Corp - Nekoosa Mill,Gas-fired power station,44.3142,-89.8964
United States,Q30,http://www.wikidata.org/entity/Q116712703,Bronx Zoo,Gas-fired power station,40.844114,-73.87689
United States,Q30,http://www.wikidata.org/entity/Q116712962,Hartford Hospital Cogeneration,Gas-fired power station,41.7631,-72.6733
United States,Q30,http://www.wikidata.org/entity/Q116712498,Plant 31 Paper Mill,Gas-fired power station,32.486787,-92.1496
United States,Q30,http://www.wikidata.org/entity/Q116712922,MU Combined Heat and Power Plant,Gas-fired power station,38.9461,-92.3328
United States,Q30,http://www.wikidata.org/entity/Q116712464,Ada Cogeneration LP,Gas-fired power station,42.962672,-85.49407
United States,Q30,http://www.wikidata.org/entity/Q116712947,ITT Cogen Facility,Gas-fired power station,41.83442,-87.62847
United States,Q30,http://www.wikidata.org/entity/Q116712476,Archer Daniels Midland Cedar Rapids,Gas-fired power station,41.9221,-91.6875
United States,Q30,http://www.wikidata.org/entity/Q116712717,Procter & Gamble Cincinnati Plant,Gas-fired power station,39.175,-84.5042
United States,Q30,http://www.wikidata.org/entity/Q116712572,Berry Cogen,Gas-fired power station,35.093046,-119.4436
United States,Q30,http://www.wikidata.org/entity/Q116712950,Dartmouth Power Associates LP,Gas-fired power station,41.6731,-70.9994
United States,Q30,http://www.wikidata.org/entity/Q116712560,Imperial Savannah LP,Gas-fired power station,32.143989,-81.14655
United States,Q30,http://www.wikidata.org/entity/Q116712474,Cargill Corn Milling Division,Gas-fired power station,41.1386,-92.6467
United States,Q30,http://www.wikidata.org/entity/Q116712811,Municipal Cogen Plant,Gas-fired power station,33.8247,-116.5106
United States,Q30,http://www.wikidata.org/entity/Q116712693,Chester Operations,Gas-fired power station,39.843743,-75.3588
United States,Q30,http://www.wikidata.org/entity/Q116712761,Milam Gas Recovery,Gas-fired power station,38.6603,-90.1317
United States,Q30,http://www.wikidata.org/entity/Q116712932,Solano County Cogen Plant,Gas-fired power station,38.2494,-122.0394
United States,Q30,http://www.wikidata.org/entity/Q116712714,Indeck Oswego Energy Center,Gas-fired power station,43.471745,-76.49347
United States,Q30,http://www.wikidata.org/entity/Q116712828,INEOS Naperville Cogeneration Plant,Gas-fired power station,41.8108,-88.1486
United States,Q30,http://www.wikidata.org/entity/Q116712973,Coalinga 6C Cogen,Gas-fired power station,36.2097,-120.3828
United States,Q30,http://www.wikidata.org/entity/Q116712551,Signal Hill Generating LLC,Gas-fired power station,33.8625,-98.5894
United States,Q30,http://www.wikidata.org/entity/Q116712529,Univ of Massachusetts Medical Center,Gas-fired power station,42.279015,-71.75977
United States,Q30,http://www.wikidata.org/entity/Q116712668,Cornell University Central Heat,Gas-fired power station,42.4428,-76.4764
United States,Q30,http://www.wikidata.org/entity/Q116712821,JM Shafer Generating Station,Gas-fired power station,40.0986,-104.7736
United States,Q30,http://www.wikidata.org/entity/Q116712395,Graphic Packaging,Gas-fired power station,42.306809,-85.57897
United States,Q30,http://www.wikidata.org/entity/Q116712443,Sabine River Works,Gas-fired power station,30.0552,-93.7579
United States,Q30,http://www.wikidata.org/entity/Q116712570,Wichita Plant,Gas-fired power station,37.581339,-97.42413
United States,Q30,http://www.wikidata.org/entity/Q116712669,Paxton Creek Cogeneration,Gas-fired power station,40.2653,-76.8771
United States,Q30,http://www.wikidata.org/entity/Q116712667,University of Notre Dame,Gas-fired power station,41.7094,-86.2367
United States,Q30,http://www.wikidata.org/entity/Q116712969,UCLA So Campus Cogen Project,Gas-fired power station,34.0692,-118.4439
United States,Q30,http://www.wikidata.org/entity/Q116712544,US Borax,Gas-fired power station,35.0329,-117.701
United States,Q30,http://www.wikidata.org/entity/Q116712855,Seminole Mill,Gas-fired power station,30.4178,-81.5978
United States,Q30,http://www.wikidata.org/entity/Q116712658,Sloss Industries Corp,Gas-fired power station,33.568164,-86.79873
United States,Q30,http://www.wikidata.org/entity/Q116712685,International Paper Savannah Mill,Gas-fired power station,32.100354,-81.12425
United States,Q30,http://www.wikidata.org/entity/Q116712754,Frontier,Gas-fired power station,35.439722,-97.625
United States,Q30,http://www.wikidata.org/entity/Q116712631,Standby Generation Plant,Gas-fired power station,30.4736,-87.2361
United States,Q30,http://www.wikidata.org/entity/Q116712556,Sycamore Cogeneration,Gas-fired power station,35.452577,-118.9853
United States,Q30,http://www.wikidata.org/entity/Q116712684,Pixelle Specialty Solutions LLC - Spring Grove Facility,Gas-fired power station,39.870935,-76.86812
United States,Q30,http://www.wikidata.org/entity/Q116712454,Ogdensburg Power,Gas-fired power station,44.7258,-75.4417
United States,Q30,http://www.wikidata.org/entity/Q116712705,University of Michigan,Gas-fired power station,42.281167,-83.73462
United States,Q30,http://www.wikidata.org/entity/Q116712587,B Braun Medical,Gas-fired power station,33.688721,-117.8348
United States,Q30,http://www.wikidata.org/entity/Q116712719,Indeck Corinth Energy Center,Gas-fired power station,43.25,-73.8125
United States,Q30,http://www.wikidata.org/entity/Q116712836,Sterling Power Plant,Gas-fired power station,43.080338,-75.60096
United States,Q30,http://www.wikidata.org/entity/Q116712912,Saint Francis Hospital,Gas-fired power station,42.0242,-87.6847
United States,Q30,http://www.wikidata.org/entity/Q116712445,Victoria Texas Plant,Gas-fired power station,28.675088,-96.95601
United States,Q30,http://www.wikidata.org/entity/Q116712637,Bunge North America East LLC,Gas-fired power station,40.846525,-84.93326
United States,Q30,http://www.wikidata.org/entity/Q116712530,University of Northern Iowa,Gas-fired power station,42.513608,-92.45912
United States,Q30,http://www.wikidata.org/entity/Q116712923,Tropicana Products Bradent,Gas-fired power station,27.483358,-82.54834
United States,Q30,http://www.wikidata.org/entity/Q116712558,South Oaks Hospital,Gas-fired power station,40.6853,-73.4258
United States,Q30,http://www.wikidata.org/entity/Q116712597,Watson Cogeneration,Gas-fired power station,33.816647,-118.2448
United States,Q30,http://www.wikidata.org/entity/Q116712507,Houston Chemical Complex Battleground,Gas-fired power station,29.7314,-95.0839
United States,Q30,http://www.wikidata.org/entity/Q116712713,Indeck Silver Springs Energy Center,Gas-fired power station,42.6544,-78.0772
United States,Q30,http://www.wikidata.org/entity/Q116712532,Univ of San Francisco Cogen,Gas-fired power station,37.77656,-122.4519
United States,Q30,http://www.wikidata.org/entity/Q116712623,AltaGas Ripon Energy Inc.,Gas-fired power station,37.732533,-121.116
United States,Q30,http://www.wikidata.org/entity/Q116712972,Lost Hills Cogeneration Plant,Gas-fired power station,35.666111,-119.7669
United States,Q30,http://www.wikidata.org/entity/Q116712478,Hazelton,Gas-fired power station,40.928161,-76.04093
United States,Q30,http://www.wikidata.org/entity/Q116712900,Ford Utilities Center,Gas-fired power station,35.084078,-106.6252
United States,Q30,http://www.wikidata.org/entity/Q116712678,Port Allen (LA),Gas-fired power station,30.477,-91.211
United States,Q30,http://www.wikidata.org/entity/Q116712446,Camden South Carolina,Gas-fired power station,34.2338,-80.6558
United States,Q30,http://www.wikidata.org/entity/Q116712929,Carr Street Generating Station,Gas-fired power station,43.06132,-76.08239
United States,Q30,http://www.wikidata.org/entity/Q116712628,University of Oklahoma,Gas-fired power station,35.2089,-97.4424
United States,Q30,http://www.wikidata.org/entity/Q116712915,Rousselot Inc,Gas-fired power station,42.521747,-70.93866
United States,Q30,http://www.wikidata.org/entity/Q116712970,McKittrick Cogen,Gas-fired power station,35.3161,-119.6597
United States,Q30,http://www.wikidata.org/entity/Q116712563,Linde Wilmington,Gas-fired power station,33.78856,-118.2294
United States,Q30,http://www.wikidata.org/entity/Q116712723,Oxnard,Gas-fired power station,34.196,-119.1667
United States,Q30,http://www.wikidata.org/entity/Q116712603,Tenet Hospital,Gas-fired power station,31.7697,-106.5014
United States,Q30,http://www.wikidata.org/entity/Q116712455,Kenilworth Energy Facility,Gas-fired power station,40.6781,-74.2744
United States,Q30,http://www.wikidata.org/entity/Q116712436,E F Oxnard Energy Facility,Gas-fired power station,34.1958,-119.1664
United States,Q30,http://www.wikidata.org/entity/Q116712716,Indeck Yerkes Energy Center,Gas-fired power station,42.9671,-78.9182
United States,Q30,http://www.wikidata.org/entity/Q116712839,Southeast Kern River Cogen,Gas-fired power station,35.4206,-118.9644
United States,Q30,http://www.wikidata.org/entity/Q116712899,Sagamore Plant Cogeneration,Gas-fired power station,40.4439,-86.86
United States,Q30,http://www.wikidata.org/entity/Q116712642,Nalco,Gas-fired power station,41.800909,-88.19716
United States,Q30,http://www.wikidata.org/entity/Q116712955,Vanderbilt University Power Plant,Gas-fired power station,36.145896,-86.80383
United States,Q30,http://www.wikidata.org/entity/Q116712491,Olive View Medical Center,Gas-fired power station,34.326242,-118.4448
United States,Q30,http://www.wikidata.org/entity/Q116712694,Rutgers Biomedical and Health Cogen,Gas-fired power station,40.73928,-74.18763
United States,Q30,http://www.wikidata.org/entity/Q116712778,McKittrick Limited,Gas-fired power station,35.319503,-119.662
United States,Q30,http://www.wikidata.org/entity/Q116712873,PE Berkeley,Gas-fired power station,37.870331,-122.2634
United States,Q30,http://www.wikidata.org/entity/Q116712512,Rice University,Gas-fired power station,29.721048,-95.39536
United States,Q30,http://www.wikidata.org/entity/Q116712417,Camden Plant Holdings LLC,Gas-fired power station,39.9175,-75.1192
United States,Q30,http://www.wikidata.org/entity/Q116712565,Union Carbide Seadrift Cogen,Gas-fired power station,28.5105,-96.7706
United States,Q30,http://www.wikidata.org/entity/Q116712648,Mooseheart Power House,Gas-fired power station,41.8244,-88.3331
United States,Q30,http://www.wikidata.org/entity/Q116712909,Rhinelander Mill,Gas-fired power station,45.6394,-89.4205
United States,Q30,http://www.wikidata.org/entity/Q116712536,"Vicinity Energy Trenton, L.P.",Gas-fired power station,40.2167,-74.7667
United States,Q30,http://www.wikidata.org/entity/Q116712838,Coalinga Cogeneration Facility,Gas-fired power station,36.170317,-120.3641
United States,Q30,http://www.wikidata.org/entity/Q116712919,Naval Hospital Medical Center,Gas-fired power station,32.7261,-117.1464
United States,Q30,http://www.wikidata.org/entity/Q116712722,Procter & Gamble Mehoopany Mill,Gas-fired power station,41.574259,-76.04323
United States,Q30,http://www.wikidata.org/entity/Q116712516,Univ of Calif Santa Cruz Cogeneration,Gas-fired power station,36.9997,-122.0622
United States,Q30,http://www.wikidata.org/entity/Q116712515,San Diego State University (Power Station),Gas-fired power station,32.778225,-117.0701
United States,Q30,http://www.wikidata.org/entity/Q116712871,Gramercy Holdings LLC,Gas-fired power station,30.054,-90.6693
United States,Q30,http://www.wikidata.org/entity/Q116712555,Coalinga Cogeneration,Gas-fired power station,36.1807,-120.3885
United States,Q30,http://www.wikidata.org/entity/Q116712614,Archbald Power Station,Gas-fired power station,41.485,-75.5406
United States,Q30,http://www.wikidata.org/entity/Q116697170,Hallam,Gas-fired power station,40.558652,-96.78618
United States,Q30,http://www.wikidata.org/entity/Q116696728,Spencer Gas Turbine,Gas-fired power station,43.144585,-95.14426
United States,Q30,http://www.wikidata.org/entity/Q116697095,Fairgrounds,Gas-fired power station,38.5935,-92.2206
United States,Q30,http://www.wikidata.org/entity/Q116696348,Gladstone,Gas-fired power station,45.8475,-87.0036
United States,Q30,http://www.wikidata.org/entity/Q116696614,Colchester 16,Gas-fired power station,44.4906,-73.1703
United States,Q30,http://www.wikidata.org/entity/Q116697025,Waters River,Gas-fired power station,42.542949,-70.92831
United States,Q30,http://www.wikidata.org/entity/Q116696794,West 14th Street,Gas-fired power station,37.2354,-97.011
United States,Q30,http://www.wikidata.org/entity/Q116696640,Haefling,Gas-fired power station,38.0794,-84.5194
United States,Q30,http://www.wikidata.org/entity/Q116696663,Superior,Gas-fired power station,42.2639,-83.6422
United States,Q30,http://www.wikidata.org/entity/Q116696863,A L Pierce,Gas-fired power station,41.44823,-72.83488
United States,Q30,http://www.wikidata.org/entity/Q116696613,Berlin 5,Gas-fired power station,44.251,-72.6027
United States,Q30,http://www.wikidata.org/entity/Q116696735,Webster City,Gas-fired power station,42.471022,-93.81499
United States,Q30,http://www.wikidata.org/entity/Q116696940,Southold,Gas-fired power station,41.1059,-72.3761
United States,Q30,http://www.wikidata.org/entity/Q116697011,Exelon Medway LLC,Gas-fired power station,42.140028,-71.44644
United States,Q30,http://www.wikidata.org/entity/Q116696368,J D Kennedy,Gas-fired power station,30.364818,-81.62597
United States,Q30,http://www.wikidata.org/entity/Q116696515,Indianola,Gas-fired power station,41.359491,-93.56327
United States,Q30,http://www.wikidata.org/entity/Q116696473,Reynolds,Gas-fired power station,39.806868,-89.64165
United States,Q30,http://www.wikidata.org/entity/Q116697036,Hancock,Gas-fired power station,42.5497,-83.4425
United States,Q30,http://www.wikidata.org/entity/Q116696700,Tower,Gas-fired power station,45.36282,-84.29497
United States,Q30,http://www.wikidata.org/entity/Q116697235,West 41st Street,Gas-fired power station,41.474,-81.7145
United States,Q30,http://www.wikidata.org/entity/Q116696869,Mexico,Gas-fired power station,39.1481,-91.8306
United States,Q30,http://www.wikidata.org/entity/Q116696704,Vestaburg,Gas-fired power station,43.4016,-84.9141
United States,Q30,http://www.wikidata.org/entity/Q116696643,Sterlington,Gas-fired power station,32.7047,-92.0792
United States,Q30,http://www.wikidata.org/entity/Q116696938,Shoreham,Gas-fired power station,40.96159,-72.86498
United States,Q30,http://www.wikidata.org/entity/Q116696337,Torrington Terminal,Gas-fired power station,41.776109,-73.12089
United States,Q30,http://www.wikidata.org/entity/Q116696921,White Lake,Gas-fired power station,43.8478,-71.2069
United States,Q30,http://www.wikidata.org/entity/Q116696607,Rutland,Gas-fired power station,43.603,-72.9923
United States,Q30,http://www.wikidata.org/entity/Q116697096,Nevada,Gas-fired power station,37.8503,-94.3444
United States,Q30,http://www.wikidata.org/entity/Q116696798,Paddys Run,Gas-fired power station,38.223592,-85.8417
United States,Q30,http://www.wikidata.org/entity/Q116696933,59th Street,Gas-fired power station,40.771285,-73.99115
United States,Q30,http://www.wikidata.org/entity/Q116696877,West Station (NJ),Gas-fired power station,39.4912,-75.0486
United States,Q30,http://www.wikidata.org/entity/Q116697233,Stryker,Gas-fired power station,41.5014,-84.4283
United States,Q30,http://www.wikidata.org/entity/Q116697131,Miles City GT,Gas-fired power station,46.4112,-105.7953
United States,Q30,http://www.wikidata.org/entity/Q116697128,James River Power Station,Gas-fired power station,37.108611,-93.26194
United States,Q30,http://www.wikidata.org/entity/Q116696542,Hunterstown,Gas-fired power station,39.8662,-77.1648
United States,Q30,http://www.wikidata.org/entity/Q116696874,Rock Lake CT,Gas-fired power station,45.805443,-92.97176
United States,Q30,http://www.wikidata.org/entity/Q116696002,Demoss Petrie,Gas-fired power station,32.252273,-110.9921
United States,Q30,http://www.wikidata.org/entity/Q116696359,Delaware City 10,Gas-fired power station,39.600408,-75.62681
United States,Q30,http://www.wikidata.org/entity/Q116697066,Marshall (MN),Gas-fired power station,44.446585,-95.79212
United States,Q30,http://www.wikidata.org/entity/Q116696871,Moreau,Gas-fired power station,38.555713,-92.10232
United States,Q30,http://www.wikidata.org/entity/Q116696930,South Cairo,Gas-fired power station,42.291275,-73.98645
United States,Q30,http://www.wikidata.org/entity/Q116696941,West Babylon,Gas-fired power station,40.695485,-73.34857
United States,Q30,http://www.wikidata.org/entity/Q116696922,Sayreville,Gas-fired power station,40.476525,-74.35234
United States,Q30,http://www.wikidata.org/entity/Q116696778,McPherson 2,Gas-fired power station,38.363411,-97.68335
United States,Q30,http://www.wikidata.org/entity/Q116696852,Unionville,Gas-fired power station,40.459344,-93.02183
United States,Q30,http://www.wikidata.org/entity/Q116697232,West Lorain,Gas-fired power station,41.429444,-82.26444
United States,Q30,http://www.wikidata.org/entity/Q116696336,South Meadow,Gas-fired power station,41.7495,-72.6524
United States,Q30,http://www.wikidata.org/entity/Q116696655,Woodland Road,Gas-fired power station,42.336215,-73.23549
United States,Q30,http://www.wikidata.org/entity/Q116696596,Ascutney,Gas-fired power station,43.4011,-72.4203
United States,Q30,http://www.wikidata.org/entity/Q116696932,West Coxsackie,Gas-fired power station,42.350889,-73.8158
United States,Q30,http://www.wikidata.org/entity/Q116696832,Valencia,Gas-fired power station,31.363472,-110.9313
United States,Q30,http://www.wikidata.org/entity/Q116696351,North Main Street,Gas-fired power station,41.52679,-72.06494
United States,Q30,http://www.wikidata.org/entity/Q116696744,Colby,Gas-fired power station,39.403001,-101.0382
United States,Q30,http://www.wikidata.org/entity/Q116696561,Bryan (TX),Gas-fired power station,30.64741,-96.37232
United States,Q30,http://www.wikidata.org/entity/Q116697092,Maple Lake,Gas-fired power station,45.229073,-94.00967
United States,Q30,http://www.wikidata.org/entity/Q116697075,Owatonna,Gas-fired power station,44.0833,-93.23
United States,Q30,http://www.wikidata.org/entity/Q116696909,Exelon Framingham LLC,Gas-fired power station,42.2672,-71.3983
United States,Q30,http://www.wikidata.org/entity/Q116696935,74th Street,Gas-fired power station,40.768,-73.9515
United States,Q30,http://www.wikidata.org/entity/Q116697164,J Street,Gas-fired power station,40.80788,-96.71067
United States,Q30,http://www.wikidata.org/entity/Q116696001,Douglas,Gas-fired power station,31.364122,-109.5538
United States,Q30,http://www.wikidata.org/entity/Q116696814,Philadelphia,Gas-fired power station,39.2986,-76.5636
United States,Q30,http://www.wikidata.org/entity/Q116696491,River Hills,Gas-fired power station,41.590218,-93.6195
United States,Q30,http://www.wikidata.org/entity/Q116696345,St Bonifacius,Gas-fired power station,44.905026,-93.82076
United States,Q30,http://www.wikidata.org/entity/Q116696720,Detroit Lakes,Gas-fired power station,46.8175,-95.84333
United States,Q30,http://www.wikidata.org/entity/Q116696004,McClure,Gas-fired power station,37.62936,-120.9314
United States,Q30,http://www.wikidata.org/entity/Q116697160,Don Henry,Gas-fired power station,40.583155,-98.42006
United States,Q30,http://www.wikidata.org/entity/Q116696279,Alamosa,Gas-fired power station,37.4594,-105.8947
United States,Q30,http://www.wikidata.org/entity/Q116697117,Jackson Square,Gas-fired power station,39.094574,-94.41152
United States,Q30,http://www.wikidata.org/entity/Q116696490,Coralville GT,Gas-fired power station,41.671877,-91.564
United States,Q30,http://www.wikidata.org/entity/Q116696360,West Station (DE),Gas-fired power station,39.7283,-75.6289
United States,Q30,http://www.wikidata.org/entity/Q116697118,Station I,Gas-fired power station,39.055954,-94.39296
United States,Q30,http://www.wikidata.org/entity/Q116696357,Christiana,Gas-fired power station,39.7302,-75.5371
United States,Q30,http://www.wikidata.org/entity/Q116697173,McCook,Gas-fired power station,40.2214,-100.6508
United States,Q30,http://www.wikidata.org/entity/Q116696284,Valmont,Gas-fired power station,40.0195,-105.202
United States,Q30,http://www.wikidata.org/entity/Q116696323,Cos Cob,Gas-fired power station,41.0289,-73.5989
United States,Q30,http://www.wikidata.org/entity/Q116696862,Burlington (CO),Gas-fired power station,39.3561,-102.2431
United States,Q30,http://www.wikidata.org/entity/Q116696703,Claude Vandyke,Gas-fired power station,42.731,-85.8551
United States,Q30,http://www.wikidata.org/entity/Q116696497,Atlantic,Gas-fired power station,41.409,-95.0
United States,Q30,http://www.wikidata.org/entity/Q116696442,Cape Gas Turbine,Gas-fired power station,43.6436,-70.2544
United States,Q30,http://www.wikidata.org/entity/Q116696937,Howard Down,Gas-fired power station,39.4889,-75.0347
United States,Q30,http://www.wikidata.org/entity/Q116696586,Bountiful City,Gas-fired power station,40.886867,-111.8853
United States,Q30,http://www.wikidata.org/entity/Q116696325,Devon Station,Gas-fired power station,41.209797,-73.10898
United States,Q30,http://www.wikidata.org/entity/Q116696939,South Hampton,Gas-fired power station,40.899997,-72.38198
United States,Q30,http://www.wikidata.org/entity/Q116696543,Warren,Gas-fired power station,41.835947,-79.18867
United States,Q30,http://www.wikidata.org/entity/Q116696544,Southwark,Gas-fired power station,39.9144,-75.135
United States,Q30,http://www.wikidata.org/entity/Q116696660,Delray,Gas-fired power station,42.2947,-83.1019
United States,Q30,http://www.wikidata.org/entity/Q116697019,Doreen,Gas-fired power station,42.4433,-73.2058
United States,Q30,http://www.wikidata.org/entity/Q116697171,Hebron,Gas-fired power station,40.187928,-97.57786
United States,Q30,http://www.wikidata.org/entity/Q116697177,Jones Street Power Station,Gas-fired power station,41.251488,-95.92268
United States,Q30,http://www.wikidata.org/entity/Q116696622,Burlington GT,Gas-fired power station,44.4814,-73.2239
United States,Q30,http://www.wikidata.org/entity/Q116696335,Franklin Drive,Gas-fired power station,41.798943,-73.11627
United States,Q30,http://www.wikidata.org/entity/Q116696870,Moberly,Gas-fired power station,39.4244,-92.4837
United States,Q30,http://www.wikidata.org/entity/Q116696565,Lake Preston,Gas-fired power station,44.364871,-97.38106
United States,Q30,http://www.wikidata.org/entity/Q116696690,Plant Four,Gas-fired power station,46.575965,-87.40358
United States,Q30,http://www.wikidata.org/entity/Q116696281,Fruita,Gas-fired power station,39.1364,-108.7347
United States,Q30,http://www.wikidata.org/entity/Q116696320,Branford,Gas-fired power station,41.2925,-72.7942
United States,Q30,http://www.wikidata.org/entity/Q116696492,Merl Parr,Gas-fired power station,43.0563,-92.6932
United States,Q30,http://www.wikidata.org/entity/Q116696314,McClellan (CA),Gas-fired power station,38.652731,-121.3933
United States,Q30,http://www.wikidata.org/entity/Q116696503,Gas Turbine (IA),Gas-fired power station,42.512,-92.476
United States,Q30,http://www.wikidata.org/entity/Q116697130,Glendive GT,Gas-fired power station,47.0539,-104.74
United States,Q30,http://www.wikidata.org/entity/Q116740282,Klamath Expansion Project,Gas-fired power station,42.172718,-121.8144
United States,Q30,http://www.wikidata.org/entity/Q116713225,Woodland Landfill Gas Recovery,Gas-fired power station,41.981004,-88.27452
United States,Q30,http://www.wikidata.org/entity/Q116712762,High Acres Gas Recovery,Gas-fired power station,43.081667,-77.38167
United States,Q30,http://www.wikidata.org/entity/Q116740262,Gilroy Power Plant,Gas-fired power station,37.0001,-121.5367
United States,Q30,http://www.wikidata.org/entity/Q116734149,Station H,Gas-fired power station,39.1067,-94.3804
United States,Q30,http://www.wikidata.org/entity/Q116713172,Venice Resources Gas Recovery,Gas-fired power station,42.985,-83.9764
United States,Q30,http://www.wikidata.org/entity/Q116725429,HEB00182,Gas-fired power station,31.07212,-97.3709
United States,Q30,http://www.wikidata.org/entity/Q116712766,Chestnut Ridge Gas Recovery,Gas-fired power station,36.1172,-84.0317
United States,Q30,http://www.wikidata.org/entity/Q116712774,Omega Hills Gas Recovery,Gas-fired power station,43.1922,-88.1597
United States,Q30,http://www.wikidata.org/entity/Q116740258,McIntosh,Gas-fired power station,32.356287,-81.16835
United States,Q30,http://www.wikidata.org/entity/Q116713996,Pennsbury,Gas-fired power station,40.153128,-74.76915
United States,Q30,http://www.wikidata.org/entity/Q116740280,Indian River,Gas-fired power station,28.493176,-80.78025
United States,Q30,http://www.wikidata.org/entity/Q116734154,Bethpage Power Plant,Gas-fired power station,40.7469,-73.4994
United States,Q30,http://www.wikidata.org/entity/Q116740247,AES Alamitos LLC,Gas-fired power station,33.7688,-118.1009
United States,Q30,http://www.wikidata.org/entity/Q116713227,Turnkey Landfill Gas Recovery,Gas-fired power station,43.241555,-70.9664
United States,Q30,http://www.wikidata.org/entity/Q116712767,Altamont Gas Recovery,Gas-fired power station,37.749308,-121.6499
United States,Q30,http://www.wikidata.org/entity/Q116740267,ExxonMobil Baytown Turbine,Gas-fired power station,29.759124,-95.00965
United States,Q30,http://www.wikidata.org/entity/Q116714511,Coopersville,Gas-fired power station,43.047306,-85.95617
United States,Q30,http://www.wikidata.org/entity/Q116712514,Brown Station Road Plant I,Gas-fired power station,38.824863,-76.77315
United States,Q30,http://www.wikidata.org/entity/Q116714029,Elk City Station,Gas-fired power station,41.383889,-96.25444
United States,Q30,http://www.wikidata.org/entity/Q116699336,Five Oaks Gas Recovery,Gas-fired power station,39.5678,-89.3683
United States,Q30,http://www.wikidata.org/entity/Q116713223,Pheasant Run Landfill Gas Recovery,Gas-fired power station,42.5825,-88.0436
United States,Q30,http://www.wikidata.org/entity/Q116740260,Wansley Unit 9,Gas-fired power station,33.4083,-85.0403
United States,Q30,http://www.wikidata.org/entity/Q116712907,Des Moines Wastewater Reclamation Fac,Gas-fired power station,41.573415,-93.55774
United States,Q30,http://www.wikidata.org/entity/Q116711874,Short Mountain,Gas-fired power station,43.96211,-122.9974
United States,Q30,http://www.wikidata.org/entity/Q116713250,Metro Methane Recovery Facility,Gas-fired power station,41.598889,-93.355
United States,Q30,http://www.wikidata.org/entity/Q116712645,West Point Treatment Plant,Gas-fired power station,47.661853289,-122.431318415
United States,Q30,http://www.wikidata.org/entity/Q116740276,Mustang Station,Gas-fired power station,32.9728,-102.7417
United States,Q30,http://www.wikidata.org/entity/Q116712771,Lake Gas Recovery,Gas-fired power station,42.10625,-87.81374
United States,Q30,http://www.wikidata.org/entity/Q116713012,MM West Covina,Gas-fired power station,34.033206,-117.9061
United States,Q30,http://www.wikidata.org/entity/Q116714057,Metro Wastewater Reclamation District,Gas-fired power station,39.8078,-104.9542
United States,Q30,http://www.wikidata.org/entity/Q116712058,Horry Land Fill Gas Site,Gas-fired power station,33.8125,-78.96722
United States,Q30,http://www.wikidata.org/entity/Q116740287,Wansley Combined Cycle,Gas-fired power station,33.406385,-85.03699
United States,Q30,http://www.wikidata.org/entity/Q116740278,NRG Rockford I,Gas-fired power station,42.238558,-89.1012
United States,Q30,http://www.wikidata.org/entity/Q116712132,Encina Water Pollution Control,Gas-fired power station,33.1165,-117.3215
United States,Q30,http://www.wikidata.org/entity/Q116712665,Ridgewood Providence Power,Gas-fired power station,41.8069,-71.53
United States,Q30,http://www.wikidata.org/entity/Q116697805,Fajardo MSWL,Gas-fired power station,18.293924,-65.68132
United States,Q30,http://www.wikidata.org/entity/Q116725461,CalTech - Pasadena,Gas-fired power station,34.138719,-118.1283
United States,Q30,http://www.wikidata.org/entity/Q116725426,AT&T - Hayward,Gas-fired power station,37.659879,-122.0969
United States,Q30,http://www.wikidata.org/entity/Q116740284,Gilroy Peaking Energy Center,Gas-fired power station,36.999,-121.5363
United States,Q30,http://www.wikidata.org/entity/Q116725423,AT&T San Diego,Gas-fired power station,32.904775,-117.1986
United States,Q30,http://www.wikidata.org/entity/Q116740271,Cymric 31X Cogen,Gas-fired power station,35.3639,-119.6592
United States,Q30,http://www.wikidata.org/entity/Q116713097,Toyon Power Station,Gas-fired power station,34.146253,-118.3049
United States,Q30,http://www.wikidata.org/entity/Q116725425,SCC - San Jose,Gas-fired power station,37.35106,-121.9055
United States,Q30,http://www.wikidata.org/entity/Q116712140,Fourche Creek Wastewater,Gas-fired power station,34.6968,-92.165
United States,Q30,http://www.wikidata.org/entity/Q116713264,I 95 Landfill Phase II,Gas-fired power station,38.6892,-77.2375
United States,Q30,http://www.wikidata.org/entity/Q116740272,Cymric 6Z Cogen,Gas-fired power station,35.346102,-119.6434
United States,Q30,http://www.wikidata.org/entity/Q116740281,Mesquite Generating Station Block 2,Gas-fired power station,33.345047,-112.8642
United States,Q30,http://www.wikidata.org/entity/Q116740269,PPG Plant C Caustic,Gas-fired power station,30.226444,-93.29377
United States,Q30,http://www.wikidata.org/entity/Q116740286,NRG Rockford II Energy Center,Gas-fired power station,42.2383,-89.1011
United States,Q30,http://www.wikidata.org/entity/Q116740384,Mesquite Generating Station Block 1,Gas-fired power station,33.345,-112.8642
United States,Q30,http://www.wikidata.org/entity/Q116712415,Marina Landfill Gas,Gas-fired power station,36.7131,-121.7686
United States,Q30,http://www.wikidata.org/entity/Q116734152,Medical Area Total Energy Plant,Gas-fired power station,42.33685,-71.10815
United States,Q30,http://www.wikidata.org/entity/Q116725443,"Kansas Ethanol, LLC",Gas-fired power station,38.286173,-98.19213
United States,Q30,http://www.wikidata.org/entity/Q116712910,Winnebago County Landfill Gas,Gas-fired power station,44.083,-88.5411
United States,Q30,http://www.wikidata.org/entity/Q116712269,Sycamore Energy LLC,Gas-fired power station,32.857709,-117.0288
United States,Q30,http://www.wikidata.org/entity/Q116740263,ExxonMobil Baytown Refinery,Gas-fired power station,29.753517,-94.99728
United States,Q30,http://www.wikidata.org/entity/Q116697810,Toa Baja MSWL,Gas-fired power station,18.422147,-66.20186
United States,Q30,http://www.wikidata.org/entity/Q116740274,Ocean State Power II,Gas-fired power station,42.0099,-71.6701
United States,Q30,http://www.wikidata.org/entity/Q116740270,Ocean State Power,Gas-fired power station,42.009722,-71.66891
United States,Q30,http://www.wikidata.org/entity/Q116712867,Nove Power Plant,Gas-fired power station,37.9676,-122.382
United States,Q30,http://www.wikidata.org/entity/Q116713169,Sumpter Energy Associates,Gas-fired power station,42.105669,-83.49885
United States,Q30,http://www.wikidata.org/entity/Q116712815,Plant No 1 Orange County,Gas-fired power station,33.6942,-117.9381
United States,Q30,http://www.wikidata.org/entity/Q116714128,Oxnard Wastewater Treatment Plant,Gas-fired power station,34.140501,-119.1845
United States,Q30,http://www.wikidata.org/entity/Q116712155,Total Energy Facilities,Gas-fired power station,33.7683,-118.2836
United States,Q30,http://www.wikidata.org/entity/Q116740259,Glenwood Landing,Gas-fired power station,40.8275,-73.6478
United States,Q30,http://www.wikidata.org/entity/Q116740279,Gila River Power Block 4,Gas-fired power station,32.975,-112.6944
United States,Q30,http://www.wikidata.org/entity/Q116740336,Gila River Power Block 3,Gas-fired power station,32.975,-112.6944
United States,Q30,http://www.wikidata.org/entity/Q116740392,Gila River Power Block 1,Gas-fired power station,32.975,-112.6944
United States,Q30,http://www.wikidata.org/entity/Q116725434,Herrema Dairy,Gas-fired power station,41.086356,-87.2568
United States,Q30,http://www.wikidata.org/entity/Q116712770,CID Gas Recovery,Gas-fired power station,41.658794,-87.57772
United States,Q30,http://www.wikidata.org/entity/Q116712306,Puente Hills Energy Recovery,Gas-fired power station,34.0233,-118.0241
United States,Q30,http://www.wikidata.org/entity/Q116712827,Tazewell Gas Recovery,Gas-fired power station,40.6817,-89.5167
United States,Q30,http://www.wikidata.org/entity/Q116740291,McIntosh Combined Cycle Facility,Gas-fired power station,32.3478,-81.1817
United States,Q30,http://www.wikidata.org/entity/Q116712758,Settlers Hill Gas Recovery,Gas-fired power station,41.871914,-88.28772
United States,Q30,http://www.wikidata.org/entity/Q116713182,MM Yolo Power,Gas-fired power station,38.596283,-121.6875
United States,Q30,http://www.wikidata.org/entity/Q116713201,Central District Wastewater Treat Plant,Gas-fired power station,25.748565,-80.15279
United States,Q30,http://www.wikidata.org/entity/Q116740251,Louisiana 2,Gas-fired power station,30.4922,-91.1864
United States,Q30,http://www.wikidata.org/entity/Q116740352,AES Huntington Beach Energy Project,Gas-fired power station,33.645618,-117.9794
United States,Q30,http://www.wikidata.org/entity/Q116711946,Coffin Butte,Gas-fired power station,44.6969,-123.2234
United States,Q30,http://www.wikidata.org/entity/Q116713017,Riverview Energy Systems,Gas-fired power station,42.166106,-83.2129
United States,Q30,http://www.wikidata.org/entity/Q116712768,CSL Gas Recovery,Gas-fired power station,26.287966,-80.16653
United States,Q30,http://www.wikidata.org/entity/Q116740268,PPG Powerhouse C,Gas-fired power station,30.22612,-93.29517
United States,Q30,http://www.wikidata.org/entity/Q116712764,DFW Gas Recovery,Gas-fired power station,33.019646,-96.96199
United States,Q30,http://www.wikidata.org/entity/Q116740351,AES Alamitos Energy Center,Gas-fired power station,33.767229,-118.1002
United States,Q30,http://www.wikidata.org/entity/Q116740277,Klamath Cogeneration Plant,Gas-fired power station,42.173889,-121.8106
United States,Q30,http://www.wikidata.org/entity/Q116725460,Medtronic - New Haven,Gas-fired power station,41.33788,-72.87028
United States,Q30,http://www.wikidata.org/entity/Q116734286,Beaver Dam,Gas-fired power station,41.611389,-76.84306
United States,Q30,http://www.wikidata.org/entity/Q116714095,Grand River,Gas-fired power station,42.791028,-84.69568
United States,Q30,http://www.wikidata.org/entity/Q116740249,Indian River Plant,Gas-fired power station,28.493232,-80.78012
United States,Q30,http://www.wikidata.org/entity/Q116713202,South District Wastewater Treatment Plt,Gas-fired power station,25.549834,-80.33625
United States,Q30,http://www.wikidata.org/entity/Q116740248,AES Huntington Beach LLC,Gas-fired power station,33.6439,-117.9792
United States,Q30,http://www.wikidata.org/entity/Q116725459,AT&T Middletown,Gas-fired power station,40.397872,-74.13484
United States,Q30,http://www.wikidata.org/entity/Q116712759,New Milford Gas Recovery,Gas-fired power station,41.547671,-73.42524
United States,Q30,http://www.wikidata.org/entity/Q116712773,Metro Gas Recovery,Gas-fired power station,42.850556,-88.06972
United States,Q30,http://www.wikidata.org/entity/Q116740273,Cymric 36W Cogen,Gas-fired power station,35.3633,-119.6756
United States,Q30,http://www.wikidata.org/entity/Q116740296,Mustang Station Unit 4,Gas-fired power station,32.974554,-102.7436
United States,Q30,http://www.wikidata.org/entity/Q116713108,Howard F Curren Advncd Wastewater Plant,Gas-fired power station,27.9389,-82.4389
United States,Q30,http://www.wikidata.org/entity/Q116714010,Osawatomie,Gas-fired power station,38.532161,-94.90263
United States,Q30,http://www.wikidata.org/entity/Q116713154,Oroville Cogeneration LP,Gas-fired power station,39.492,-121.5628
United States,Q30,http://www.wikidata.org/entity/Q116713051,Franklin Heating Station,Gas-fired power station,44.020576,-92.4656
United States,Q30,http://www.wikidata.org/entity/Q116713961,NSB Nuiqsut Utility,Gas-fired power station,70.220565,-150.9935
United States,Q30,http://www.wikidata.org/entity/Q116713061,Newman (PA),Gas-fired power station,40.013993,-75.05283
United States,Q30,http://www.wikidata.org/entity/Q116712995,West Point (PA),Gas-fired power station,40.217963,-75.29882
United States,Q30,http://www.wikidata.org/entity/Q116713170,Hartwell Energy Facility,Gas-fired power station,34.339588,-82.81987
United States,Q30,http://www.wikidata.org/entity/Q116713977,Neil Simpson II,Gas-fired power station,44.2856,-105.3833
United States,Q30,http://www.wikidata.org/entity/Q116713175,Ingredion Incorporated,Gas-fired power station,41.7775,-87.8233
United States,Q30,http://www.wikidata.org/entity/Q116713053,Gillette SBMC,Gas-fired power station,42.3436,-71.0559
United States,Q30,http://www.wikidata.org/entity/Q116713246,Amalgamated Sugar LLC Nampa,Gas-fired power station,43.6058,-116.5753
United States,Q30,http://www.wikidata.org/entity/Q116714054,Childrens Hospital,Gas-fired power station,32.7992,-117.1517
United States,Q30,http://www.wikidata.org/entity/Q116713025,Ticonderoga Mill,Gas-fired power station,43.891437,-73.397
United States,Q30,http://www.wikidata.org/entity/Q116713162,Village Creek Water Reclamation Facility,Gas-fired power station,32.775093,-97.14209
United States,Q30,http://www.wikidata.org/entity/Q116714154,Axiall Natrium Plant,Gas-fired power station,39.7475,-80.8547
United States,Q30,http://www.wikidata.org/entity/Q116712992,C P Kelco San Diego Plant,Gas-fired power station,32.6947,-117.1436
United States,Q30,http://www.wikidata.org/entity/Q116714155,Double C Generation Limited Partnership,Gas-fired power station,35.5005,-119.046
United States,Q30,http://www.wikidata.org/entity/Q116712976,Celanese Acetate LLC,Gas-fired power station,37.3439,-80.765
United States,Q30,http://www.wikidata.org/entity/Q116714000,North 1st,Gas-fired power station,40.7171,-73.9664
United States,Q30,http://www.wikidata.org/entity/Q116712975,Coalinga 25D Cogen,Gas-fired power station,36.1556,-120.3972
United States,Q30,http://www.wikidata.org/entity/Q116713021,Mansfield Mill,Gas-fired power station,32.1575,-93.5562
United States,Q30,http://www.wikidata.org/entity/Q116713140,Mulberry Cogeneration Facility,Gas-fired power station,27.8489,-81.8775
United States,Q30,http://www.wikidata.org/entity/Q116714149,Park 500 Philip Morris USA,Gas-fired power station,37.3389,-77.2806
United States,Q30,http://www.wikidata.org/entity/Q116713956,Rowesville Rd Plant,Gas-fired power station,33.436637,-80.84739
United States,Q30,http://www.wikidata.org/entity/Q116713156,WestRock (IL),Gas-fired power station,41.7697,-88.28
United States,Q30,http://www.wikidata.org/entity/Q116713034,Kennedy International Airport Cogen,Gas-fired power station,40.6417,-73.7778
United States,Q30,http://www.wikidata.org/entity/Q116714084,Mead Rumford Cogen,Gas-fired power station,44.546503,-70.54429
United States,Q30,http://www.wikidata.org/entity/Q116713079,Biola University Hybrid,Gas-fired power station,33.906953,-118.0131
United States,Q30,http://www.wikidata.org/entity/Q116713152,Sumas Power Plant,Gas-fired power station,48.9905,-122.2733
United States,Q30,http://www.wikidata.org/entity/Q116713058,Louisiana Tech University Power Plant,Gas-fired power station,32.5256,-92.6497
United States,Q30,http://www.wikidata.org/entity/Q116713134,Waupun Correctional Central Heating Plt,Gas-fired power station,43.6233,-88.7297
United States,Q30,http://www.wikidata.org/entity/Q116713209,American Gypsum Cogeneration,Gas-fired power station,39.648565,-106.9494
United States,Q30,http://www.wikidata.org/entity/Q116713208,Phelps Dodge Refining,Gas-fired power station,31.764458,-106.3913
United States,Q30,http://www.wikidata.org/entity/Q116713273,Goal Line LP,Gas-fired power station,33.1185,-117.0995
United States,Q30,http://www.wikidata.org/entity/Q116714046,Power Island,Gas-fired power station,29.2293,-95.1952
United States,Q30,http://www.wikidata.org/entity/Q116713100,Bucknell University,Gas-fired power station,40.955015,-76.87884
United States,Q30,http://www.wikidata.org/entity/Q116713249,Yuma Cogeneration Associates,Gas-fired power station,32.728822,-114.6541
United States,Q30,http://www.wikidata.org/entity/Q116713111,Nevada Cogen Assoc#1 GarnetVly,Gas-fired power station,36.343229,-114.9207
United States,Q30,http://www.wikidata.org/entity/Q116713985,Carson Ice-Gen Project,Gas-fired power station,38.445681,-121.4624
United States,Q30,http://www.wikidata.org/entity/Q116713231,Chino Mines,Gas-fired power station,32.6956,-108.1225
United States,Q30,http://www.wikidata.org/entity/Q116713212,JCO Oxides Olefins Plant,Gas-fired power station,29.963502,-93.92974
United States,Q30,http://www.wikidata.org/entity/Q116713015,University of Illinois Cogen Facility,Gas-fired power station,41.8675,-87.6524
United States,Q30,http://www.wikidata.org/entity/Q116713006,Riverbay,Gas-fired power station,40.869972,-73.82444
United States,Q30,http://www.wikidata.org/entity/Q116714011,West Gardner,Gas-fired power station,38.7875,-94.9861
United States,Q30,http://www.wikidata.org/entity/Q116714137,Purdue University,Gas-fired power station,40.4172,-86.9122
United States,Q30,http://www.wikidata.org/entity/Q116713163,Hoffer Plastics,Gas-fired power station,41.998889,-88.30222
United States,Q30,http://www.wikidata.org/entity/Q116714026,Solway CT,Gas-fired power station,47.544582,-95.12965
United States,Q30,http://www.wikidata.org/entity/Q116714135,San Antonio Regional Hospital,Gas-fired power station,34.1019,-117.6381
United States,Q30,http://www.wikidata.org/entity/Q116713113,Graphic Packaging International Augusta Mill,Gas-fired power station,33.328259,-81.95308
United States,Q30,http://www.wikidata.org/entity/Q116712981,Kern River Eastridge Cogen,Gas-fired power station,35.4406,-118.9617
United States,Q30,http://www.wikidata.org/entity/Q116714036,Fort Lupton,Gas-fired power station,40.0922,-104.796
United States,Q30,http://www.wikidata.org/entity/Q116713093,Goodyear Beaumont Chemical Plant,Gas-fired power station,29.9728,-94.2142
United States,Q30,http://www.wikidata.org/entity/Q116713098,Westhollow Technology Center,Gas-fired power station,29.726017,-95.63825
United States,Q30,http://www.wikidata.org/entity/Q116713118,Orange Cogeneration Facility,Gas-fired power station,27.87082,-81.82506
United States,Q30,http://www.wikidata.org/entity/Q116713216,NAEA Lakewood LLC,Gas-fired power station,40.0613,-74.1686
United States,Q30,http://www.wikidata.org/entity/Q116712998,International Paper Franklin Mill,Gas-fired power station,36.6803,-76.9128
United States,Q30,http://www.wikidata.org/entity/Q116714051,Carson Cogeneration,Gas-fired power station,33.8759,-118.2491
United States,Q30,http://www.wikidata.org/entity/Q116714117,Primient Decatur Plant Cogen,Gas-fired power station,39.84919,-88.93194
United States,Q30,http://www.wikidata.org/entity/Q116713054,Erving Paper Mills,Gas-fired power station,42.5983,-72.3875
United States,Q30,http://www.wikidata.org/entity/Q116714077,Bayou Cogen Plant,Gas-fired power station,29.6225,-95.0458
United States,Q30,http://www.wikidata.org/entity/Q116714157,Kern Front Limited,Gas-fired power station,35.51647,-119.0401
United States,Q30,http://www.wikidata.org/entity/Q116713992,SPA Cogen 3,Gas-fired power station,38.511,-121.4735
United States,Q30,http://www.wikidata.org/entity/Q116713192,Batavia Power Plant,Gas-fired power station,42.9828,-78.1592
United States,Q30,http://www.wikidata.org/entity/Q116714015,Gaylord - Wolverine,Gas-fired power station,45.0046,-84.7218
United States,Q30,http://www.wikidata.org/entity/Q116714049,Fresno Cogen Partners,Gas-fired power station,36.617022,-120.0998
United States,Q30,http://www.wikidata.org/entity/Q116713190,Massena Energy Facility,Gas-fired power station,44.9503,-74.8928
United States,Q30,http://www.wikidata.org/entity/Q116714061,Central Utility Plant,Gas-fired power station,30.397351,-97.84259
United States,Q30,http://www.wikidata.org/entity/Q116713135,UW Madison Charter Street Plant,Gas-fired power station,43.07,-89.4006
United States,Q30,http://www.wikidata.org/entity/Q116712978,Berry Placerita Cogen,Gas-fired power station,34.38407,-118.4949
United States,Q30,http://www.wikidata.org/entity/Q116713993,Nebraska City # 2,Gas-fired power station,40.6661,-95.86833
United States,Q30,http://www.wikidata.org/entity/Q116714147,ExxonMobil Santa Ynez Facility,Gas-fired power station,34.464819,-120.0444
United States,Q30,http://www.wikidata.org/entity/Q116713067,HF Sinclair Puget Sound Refining,Gas-fired power station,48.4708,-122.56
United States,Q30,http://www.wikidata.org/entity/Q116713090,Archer Daniels Midland Southport,Gas-fired power station,33.9397,-77.9905
United States,Q30,http://www.wikidata.org/entity/Q116714064,Cutrale Citrus Juices USA II,Gas-fired power station,28.05485,-81.79817
United States,Q30,http://www.wikidata.org/entity/Q116713197,Pratt & Whitney,Gas-fired power station,41.748327,-72.63669
United States,Q30,http://www.wikidata.org/entity/Q116713038,Fortistar North Tonawanda,Gas-fired power station,43.0483,-78.8539
United States,Q30,http://www.wikidata.org/entity/Q116713193,University of Arizona - Biosphere 2,Gas-fired power station,32.578011,-110.8526
United States,Q30,http://www.wikidata.org/entity/Q116713110,Nevada Cogen Associates 2 Black Mountain,Gas-fired power station,36.2253,-114.8783
United States,Q30,http://www.wikidata.org/entity/Q116714079,Ascend Performance Materials Texas Inc.,Gas-fired power station,29.2558,-95.2103
United States,Q30,http://www.wikidata.org/entity/Q116713018,Indeck Olean Energy Center,Gas-fired power station,42.085944,-78.45425
United States,Q30,http://www.wikidata.org/entity/Q116714013,Russell Energy Center,Gas-fired power station,38.899722,-98.83944
United States,Q30,http://www.wikidata.org/entity/Q116713187,Saranac Facility,Gas-fired power station,44.7132,-73.4557
United States,Q30,http://www.wikidata.org/entity/Q116713155,Domino Sugar Arabi Plant,Gas-fired power station,29.9468,-90.0018
United States,Q30,http://www.wikidata.org/entity/Q116713101,Morton Salt Rittman,Gas-fired power station,40.9692,-81.7756
United States,Q30,http://www.wikidata.org/entity/Q116714030,Peno Creek,Gas-fired power station,39.3531,-91.2295
United States,Q30,http://www.wikidata.org/entity/Q116713068,Saguaro Power,Gas-fired power station,36.0417,-115.0117
United States,Q30,http://www.wikidata.org/entity/Q116713044,Mississippi Baptist Medical Center,Gas-fired power station,32.3133,-90.1797
United States,Q30,http://www.wikidata.org/entity/Q116713142,Welport Lease Project,Gas-fired power station,35.354444,-119.6617
United States,Q30,http://www.wikidata.org/entity/Q116714131,Texas Petrochemicals,Gas-fired power station,29.6981,-95.2547
United States,Q30,http://www.wikidata.org/entity/Q116713065,Saint Marys Hospital Power Plant,Gas-fired power station,44.09785,-92.47982
United States,Q30,http://www.wikidata.org/entity/Q116712994,Elkton,Gas-fired power station,38.3836,-78.6528
United States,Q30,http://www.wikidata.org/entity/Q116713174,W&T Onshore Treating Facility (OTF),Gas-fired power station,30.43203,-88.18241
United States,Q30,http://www.wikidata.org/entity/Q116713982,McPherson 3,Gas-fired power station,38.38932,-97.61108
United States,Q30,http://www.wikidata.org/entity/Q116713999,Harlem River Yard,Gas-fired power station,40.7991,-73.9156
United States,Q30,http://www.wikidata.org/entity/Q116713195,Warner Lambert,Gas-fired power station,42.299332,-83.70532
United States,Q30,http://www.wikidata.org/entity/Q116714043,Decorative Panels Intl,Gas-fired power station,45.062836,-83.42333
United States,Q30,http://www.wikidata.org/entity/Q116713161,Formosa Plastics,Gas-fired power station,30.4992,-91.1872
United States,Q30,http://www.wikidata.org/entity/Q116713120,University of Colorado,Gas-fired power station,40.00759,-105.2692
United States,Q30,http://www.wikidata.org/entity/Q116714078,Louisiana Sugar Refining,Gas-fired power station,30.0497,-90.6839
United States,Q30,http://www.wikidata.org/entity/Q116712983,Richmond Cogen,Gas-fired power station,37.9418,-122.3909
United States,Q30,http://www.wikidata.org/entity/Q19386160,Ralph Green Power Plant,Gas-fired power station,38.78758,-94.277689
United States,Q30,http://www.wikidata.org/entity/Q19398510,W.H. Weatherspoon Steam Electric Generating Plant,Gas-fired power station,34.592523,-78.977649
United States,Q30,http://www.wikidata.org/entity/Q19391446,Sweeny Cogen Facility,Gas-fired power station,29.0728,-95.745
United States,Q30,http://www.wikidata.org/entity/Q19385965,Quail Run Energy Center,Gas-fired power station,31.84178,-102.31774
United States,Q30,http://www.wikidata.org/entity/Q19391849,Taft Cogeneration Facility,Gas-fired power station,29.9888,-90.4599
United States,Q30,http://www.wikidata.org/entity/Q24266572,Fox Energy Center,Gas-fired power station,44.32055556,-88.20916667
United States,Q30,http://www.wikidata.org/entity/Q19386460,Remington Power Plant,Gas-fired power station,38.5442,-77.7714
United States,Q30,http://www.wikidata.org/entity/Q19386549,Midulla Generating Station,Gas-fired power station,27.641667,-81.9625
United States,Q30,http://www.wikidata.org/entity/Q19398658,Wheatland Generating Facility,Gas-fired power station,38.6716,-87.2931
United States,Q30,http://www.wikidata.org/entity/Q19398744,Worthington Generation,Gas-fired power station,39.0708,-87.0128
United States,Q30,http://www.wikidata.org/entity/Q19389776,South Fond Du Lac Power Plant,Gas-fired power station,43.7353,-88.496667
United States,Q30,http://www.wikidata.org/entity/Q19866158,Bayonne Energy Center,Gas-fired power station,40.655023,-74.094267
United States,Q30,http://www.wikidata.org/entity/Q19392600,Tiverton Power Plant,Gas-fired power station,41.6422,-71.1706
United States,Q30,http://www.wikidata.org/entity/Q19398719,Wise County Power Plant,Gas-fired power station,33.05919,-97.91008
United States,Q30,http://www.wikidata.org/entity/Q19385010,PPG Power Plant C,Gas-fired power station,30.226444,-93.293765
United States,Q30,http://www.wikidata.org/entity/Q56273184,Long Beach Generating Station,Gas-fired power station,33.76398,-118.22519
United States,Q30,http://www.wikidata.org/entity/Q19392131,Tenaska Virginia Generating Station,Gas-fired power station,37.8667,-78.3813
United States,Q30,http://www.wikidata.org/entity/Q20880765,Sayreville Energy Center,Gas-fired power station,40.43888889,-74.34444444
United States,Q30,http://www.wikidata.org/entity/Q19398548,Washington Energy Facility,Gas-fired power station,39.58,-81.6564
United States,Q30,http://www.wikidata.org/entity/Q24807542,West Campus Cogeneration Facility,Gas-fired power station,43.075,-89.42388889
United States,Q30,http://www.wikidata.org/entity/Q19391143,Sunrise Power Plant,Gas-fired power station,35.2108,-119.5846
United States,Q30,http://www.wikidata.org/entity/Q19393035,Trimble County Power Plant,Gas-fired power station,,
United States,Q30,http://www.wikidata.org/entity/Q19398630,Werner Power Plant,Gas-fired power station,,
United States,Q30,http://www.wikidata.org/entity/Q19393486,Tulsa Power Plant,Gas-fired power station,36.116492,-95.990974
United States,Q30,http://www.wikidata.org/entity/Q19398708,Willow Glen Power Station,Gas-fired power station,30.2754863,-91.115734
United States,Q30,http://www.wikidata.org/entity/Q19385858,Pyramid Power Plant,Gas-fired power station,32.2363,-108.5494
United States,Q30,http://www.wikidata.org/entity/Q19397846,Edward L. Addison Generating Plant,Gas-fired power station,32.9111,-84.3064
United States,Q30,http://www.wikidata.org/entity/Q19388148,Selkirk Cogen Power Plant,Gas-fired power station,42.5744,-73.8592
United States,Q30,http://www.wikidata.org/entity/Q114928141,West Phoenix Power Plant,Gas-fired power station,33.44217,-112.1564
United States,Q30,http://www.wikidata.org/entity/Q19387722,Sarpy County Power Plant,Gas-fired power station,41.170594,-95.970603
United States,Q30,http://www.wikidata.org/entity/Q19386339,Red Hawk Power Plant,Gas-fired power station,33.334562,-112.840641
United States,Q30,http://www.wikidata.org/entity/Q19386336,Redbud Power Plant,Gas-fired power station,35.68515,-97.22756
United States,Q30,http://www.wikidata.org/entity/Q114945924,Coolidge Generation Station,Gas-fired power station,32.917399,-111.5033
United States,Q30,http://www.wikidata.org/entity/Q19387370,Saguaro Power Plant,Gas-fired power station,32.5517,-111.3
United States,Q30,http://www.wikidata.org/entity/Q19386645,Rio Nogales Power Project,Gas-fired power station,29.593056,-97.973215
United States,Q30,http://www.wikidata.org/entity/Q19387704,Santan Power Plant,Gas-fired power station,33.3325,-111.7503
United States,Q30,http://www.wikidata.org/entity/Q24807541,Germantown Power Plant,Gas-fired power station,43.19611111,-88.15027778
United States,Q30,http://www.wikidata.org/entity/Q19388308,Shady Hills Generating Station,Gas-fired power station,28.3665,-82.558611
United States,Q30,http://www.wikidata.org/entity/Q19388570,Sithe Independence Station,Gas-fired power station,43.495,-76.4511
United States,Q30,http://www.wikidata.org/entity/Q19382132,Myrtle Beach Power Plant,Gas-fired power station,33.708283,-78.924146
United States,Q30,http://www.wikidata.org/entity/Q19398508,Tuttle Power Station,Gas-fired power station,29.530277777,-98.418888888
United States,Q30,http://www.wikidata.org/entity/Q19397819,Bucksport Generation,Gas-fired power station,44.5738,-68.8046
United States,Q30,http://www.wikidata.org/entity/Q19398546,Washington County Power Plant,Gas-fired power station,33.092239,-82.979992
United States,Q30,http://www.wikidata.org/entity/Q19386044,Raccoon Creek Energy Center,Gas-fired power station,38.6996,-88.5392
United States,Q30,http://www.wikidata.org/entity/Q19398513,Wabash River Power Plant,Gas-fired power station,39.53,-87.4247
United States,Q30,http://www.wikidata.org/entity/Q19390477,NRG Sterlington Power Plant,Gas-fired power station,32.6889,-92.0811
United States,Q30,http://www.wikidata.org/entity/Q19390603,Stony Brook Cogen Plant,Gas-fired power station,40.916833,-73.129056
United States,Q30,http://www.wikidata.org/entity/Q19393937,Union Power Station,Gas-fired power station,33.296146,-92.589364
United States,Q30,http://www.wikidata.org/entity/Q19386719,Robins Power Plant,Gas-fired power station,32.5792,-83.5822
United States,Q30,http://www.wikidata.org/entity/Q25005048,C.W. Burdick Power Plant,Gas-fired power station,40.922,-98.328
United States,Q30,http://www.wikidata.org/entity/Q85761683,Forney Energy Center,Gas-fired power station,32.756359,-96.4908815
United States,Q30,http://www.wikidata.org/entity/Q19393349,Troy Energy,Gas-fired power station,41.47724,-83.45983
United States,Q30,http://www.wikidata.org/entity/Q19386877,Rolling Hills Generating Station,Gas-fired power station,39.084722222,-82.3325
United States,Q30,http://www.wikidata.org/entity/Q19385497,Charles Poletti Power Plant,Gas-fired power station,40.776389,-73.910833
United States,Q30,http://www.wikidata.org/entity/Q19398648,West Valley Generation Project,Gas-fired power station,40.6667,-112.0317
United States,Q30,http://www.wikidata.org/entity/Q19391184,Sutter Energy Center,Gas-fired power station,39.053,-121.69813
United States,Q30,http://www.wikidata.org/entity/Q19389775,Dynegy South Bay Power Plant,Gas-fired power station,32.6124546,-117.0919825
United States,Q30,http://www.wikidata.org/entity/Q19398659,Wheaton Power Plant,Gas-fired power station,44.885416,-91.515833
United States,Q30,http://www.wikidata.org/entity/Q19386709,Robert E Ritchie Power Plant,Gas-fired power station,34.4629,-90.5987
United States,Q30,http://www.wikidata.org/entity/Q19386330,Red Hills Generating Facility,Gas-fired power station,33.3761,-89.2183
United States,Q30,http://www.wikidata.org/entity/Q19391778,T H Wharton Power Plant,Gas-fired power station,29.9417,-95.5306
United States,Q30,http://www.wikidata.org/entity/Q19382983,Niles Power Plant,Gas-fired power station,41.166928,-80.74769
United States,Q30,http://www.wikidata.org/entity/Q19385993,R W Miller Power Plant,Gas-fired power station,32.6581,-98.3103
United States,Q30,http://www.wikidata.org/entity/Q116686512,Collinwood power plant,Gas-fired power station,41.556867,-81.58796
United States,Q30,http://www.wikidata.org/entity/Q19392130,Tenaska Lindsay Hill Generating Station,Gas-fired power station,32.6514,-86.7386
United States,Q30,http://www.wikidata.org/entity/Q19391847,Taft 26C Cogen,Gas-fired power station,35.11303,-119.47063
United States,Q30,http://www.wikidata.org/entity/Q19387049,Rumford Power Plant,Gas-fired power station,44.5303,-70.5219
United States,Q30,http://www.wikidata.org/entity/Q19385844,Putnam Power Plant,Gas-fired power station,29.628338,-81.585084
United States,Q30,http://www.wikidata.org/entity/Q108487656,New Orleans Power Station,Gas-fired power station,30.011111111,-89.935833333
United States,Q30,http://www.wikidata.org/entity/Q19392128,Ferndale Generating Station,Gas-fired power station,48.828996,-122.685114
United States,Q30,http://www.wikidata.org/entity/Q19876187,Essex Generating Station,Gas-fired power station,40.7383,-74.1264
United States,Q30,http://www.wikidata.org/entity/Q19393991,Urquhart Power Plant,Gas-fired power station,33.435,-81.9111
United States,Q30,http://www.wikidata.org/entity/Q19392129,Tenaska Frontier Generation Station,Gas-fired power station,30.59344,-95.92062
United States,Q30,http://www.wikidata.org/entity/Q19398949,Zion Energy Center,Gas-fired power station,42.4776,-87.895
United States,Q30,http://www.wikidata.org/entity/Q114927865,Ocotillo Power Plant,Gas-fired power station,33.42474,-111.91342
United States,Q30,http://www.wikidata.org/entity/Q19391085,Sugar Creek Power Plant,Gas-fired power station,39.3931,-87.5108
United States,Q30,http://www.wikidata.org/entity/Q19398551,Waterford Power Plant,Gas-fired power station,39.5333,-81.7178
United States,Q30,http://www.wikidata.org/entity/Q19391874,Talbot County Energy,Gas-fired power station,32.5892,-84.6917
United States,Q30,http://www.wikidata.org/entity/Q108559320,Colbert Combustion Turbine Plant,Gas-fired power station,34.740833333,-87.848888888
United States,Q30,http://www.wikidata.org/entity/Q116716251,MM Lopez Energy,Gas-fired power station,34.2925,-118.3894
United States,Q30,http://www.wikidata.org/entity/Q116718309,St Joseph Landfill Generating Station,Gas-fired power station,39.674444,-94.77611
United States,Q30,http://www.wikidata.org/entity/Q116715909,Cedar Hills,Gas-fired power station,47.455833,-122.0428
United States,Q30,http://www.wikidata.org/entity/Q116716254,Lee County Landfill,Gas-fired power station,34.181042,-80.26778
United States,Q30,http://www.wikidata.org/entity/Q116716063,Oak Grove Power Producers,Gas-fired power station,37.6297,-94.6414
United States,Q30,http://www.wikidata.org/entity/Q116716255,Richland County Landfill,Gas-fired power station,34.102996,-80.79049
United States,Q30,http://www.wikidata.org/entity/Q116715794,Calabasas Gas to Energy Facility,Gas-fired power station,34.1511,-118.7236
United States,Q30,http://www.wikidata.org/entity/Q116718207,Wellford Renewable Energy Plant,Gas-fired power station,35.001194,-82.13028
United States,Q30,http://www.wikidata.org/entity/Q116716217,Pine Tree Acres,Gas-fired power station,42.764456,-82.74709
United States,Q30,http://www.wikidata.org/entity/Q116716378,Waste Management Madison County LFGTE,Gas-fired power station,43.0336,-75.7028
United States,Q30,http://www.wikidata.org/entity/Q116716453,Prairie View IL,Gas-fired power station,41.343056,-88.10139
United States,Q30,http://www.wikidata.org/entity/Q116716074,Perdido,Gas-fired power station,30.57,-87.39
United States,Q30,http://www.wikidata.org/entity/Q116715994,Mahoning,Gas-fired power station,40.914444,-80.58611
United States,Q30,http://www.wikidata.org/entity/Q116718221,SMMPA Methane Energy Facility,Gas-fired power station,45.847778,-93.35417
United States,Q30,http://www.wikidata.org/entity/Q116715772,G2 Energy Ostrom Road LLC,Gas-fired power station,39.0728,-121.3992
United States,Q30,http://www.wikidata.org/entity/Q116716373,Waste Management Middle Peninsula LFGTE,Gas-fired power station,37.519714,-76.62451
United States,Q30,http://www.wikidata.org/entity/Q116718220,Fighting Creek LFGTE Plant,Gas-fired power station,47.531667,-116.93
United States,Q30,http://www.wikidata.org/entity/Q116718175,Onalaska Campus Landfill Biogas,Gas-fired power station,43.873889,-91.18
United States,Q30,http://www.wikidata.org/entity/Q116716443,Big Sky Dairy Digester,Gas-fired power station,42.8656,-114.7914
United States,Q30,http://www.wikidata.org/entity/Q116718130,Ameresco Butte County,Gas-fired power station,39.674,-121.73
United States,Q30,http://www.wikidata.org/entity/Q116716372,Waste Management Crossroads LFGTE,Gas-fired power station,44.7014,-69.8319
United States,Q30,http://www.wikidata.org/entity/Q116718547,G2 Energy Hay Rd,Gas-fired power station,38.314722,-121.8336
United States,Q30,http://www.wikidata.org/entity/Q116718103,Blue Water Renewables Inc,Gas-fired power station,42.91577,-82.59451
United States,Q30,http://www.wikidata.org/entity/Q116716214,Salem Energy Systems LLC,Gas-fired power station,36.191241,-80.18346
United States,Q30,http://www.wikidata.org/entity/Q116716238,Davenport Water Pollution Control Plant,Gas-fired power station,41.4928,-90.6275
United States,Q30,http://www.wikidata.org/entity/Q116715809,Chautauqua LFGTE Facility,Gas-fired power station,42.1989,-79.3186
United States,Q30,http://www.wikidata.org/entity/Q116715957,Henrico,Gas-fired power station,37.6788,-77.5678
United States,Q30,http://www.wikidata.org/entity/Q116716394,Suburban Landfill Gas Recovery,Gas-fired power station,39.912438,-82.24499
United States,Q30,http://www.wikidata.org/entity/Q116716375,Riverbend Landfill,Gas-fired power station,45.1672,-123.2511
United States,Q30,http://www.wikidata.org/entity/Q116718624,Collinwood BioEnergy Facility,Gas-fired power station,41.555556,-81.58917
United States,Q30,http://www.wikidata.org/entity/Q116718295,Brea Expansion Plant,Gas-fired power station,33.932022,-117.8402
United States,Q30,http://www.wikidata.org/entity/Q116718177,Tulsa LFG LLC,Gas-fired power station,36.161953,-96.18651
United States,Q30,http://www.wikidata.org/entity/Q116716327,Ameresco Delaware Central,Gas-fired power station,39.0339,-75.7233
United States,Q30,http://www.wikidata.org/entity/Q116718704,Onslow Power Producers,Gas-fired power station,34.7975,-77.54306
United States,Q30,http://www.wikidata.org/entity/Q116716391,Waste Management Lockwood LFGTE,Gas-fired power station,39.493315,-119.6203
United States,Q30,http://www.wikidata.org/entity/Q116715795,Farmers Branch Renewable Energy Facility,Gas-fired power station,33.031111,-96.95722
United States,Q30,http://www.wikidata.org/entity/Q116718675,L&S Sweetners,Gas-fired power station,40.090556,-76.14556
United States,Q30,http://www.wikidata.org/entity/Q116716249,MM Albany Energy,Gas-fired power station,42.704391,-73.85087
United States,Q30,http://www.wikidata.org/entity/Q116716325,Ameresco Santa Cruz Energy,Gas-fired power station,36.9178,-121.8156
United States,Q30,http://www.wikidata.org/entity/Q116718051,Auburn LFG Energy Facility,Gas-fired power station,42.944093,-76.59394
United States,Q30,http://www.wikidata.org/entity/Q116718246,Berkeley County Landfill,Gas-fired power station,33.121111,-80.02944
United States,Q30,http://www.wikidata.org/entity/Q116718705,Bi-County Gas Producers,Gas-fired power station,36.540556,-87.54444
United States,Q30,http://www.wikidata.org/entity/Q116718500,Bay View Cogeneration Facility,Gas-fired power station,41.688333,-83.48472
United States,Q30,http://www.wikidata.org/entity/Q116715990,West Camden,Gas-fired power station,36.057892,-88.14197
United States,Q30,http://www.wikidata.org/entity/Q116715797,Waste Management Naples LFGTE Project,Gas-fired power station,26.155833,-81.65806
United States,Q30,http://www.wikidata.org/entity/Q116716314,Noble Hill Landfill,Gas-fired power station,37.3811,-93.3514
United States,Q30,http://www.wikidata.org/entity/Q116716022,Pine Tree Acres WM LFGTE,Gas-fired power station,42.765,-82.74556
United States,Q30,http://www.wikidata.org/entity/Q116718217,Richmond Energy,Gas-fired power station,37.505833,-77.37389
United States,Q30,http://www.wikidata.org/entity/Q116716386,Superior Landfill Gas Recovery,Gas-fired power station,32.0303,-81.2722
United States,Q30,http://www.wikidata.org/entity/Q116715799,Waste Management Piedmont LFGTE Project,Gas-fired power station,36.193611,-80.04056
United States,Q30,http://www.wikidata.org/entity/Q116718483,Millersville LFG,Gas-fired power station,39.084722,-76.67639
United States,Q30,http://www.wikidata.org/entity/Q116716377,Westside Landfill Gas Recovery,Gas-fired power station,32.724553,-97.53712
United States,Q30,http://www.wikidata.org/entity/Q116716332,GLRA Landfill,Gas-fired power station,40.3664,-76.4931
United States,Q30,http://www.wikidata.org/entity/Q116718226,Roseburg LFG,Gas-fired power station,43.186111,-123.3803
United States,Q30,http://www.wikidata.org/entity/Q116715989,Prairie Bluff,Gas-fired power station,33.954444,-88.9925
United States,Q30,http://www.wikidata.org/entity/Q116718553,PWD Northeast WPCP Biogas Cogen Plant,Gas-fired power station,39.988611,-75.08333
United States,Q30,http://www.wikidata.org/entity/Q116718486,Tullytown,Gas-fired power station,40.151389,-74.78056
United States,Q30,http://www.wikidata.org/entity/Q116718116,Frederick County LFGTE Facility,Gas-fired power station,39.140833,-78.0975
United States,Q30,http://www.wikidata.org/entity/Q116718280,Lincoln Landfill,Gas-fired power station,38.838056,-121.3419
United States,Q30,http://www.wikidata.org/entity/Q116718264,SF Southeast Cogen Plant,Gas-fired power station,37.739722,-122.3925
United States,Q30,http://www.wikidata.org/entity/Q116716130,Allenwood,Gas-fired power station,41.151111,-76.91778
United States,Q30,http://www.wikidata.org/entity/Q116715968,"Mas Durham Power, LLC",Gas-fired power station,36.0311,-78.86
United States,Q30,http://www.wikidata.org/entity/Q116715768,G2 Energy Marion LLC,Gas-fired power station,29.122882,-82.05545
United States,Q30,http://www.wikidata.org/entity/Q116716450,Oneida Herkimer,Gas-fired power station,43.462222,-75.41833
United States,Q30,http://www.wikidata.org/entity/Q116718451,Cinnamon Bay Edgeboro Landfill,Gas-fired power station,40.465278,-74.39389
United States,Q30,http://www.wikidata.org/entity/Q116716381,Waste Management Rolling Meadows LFGTE,Gas-fired power station,39.174577,-95.73113
United States,Q30,http://www.wikidata.org/entity/Q116718621,Ameresco San Joaquin,Gas-fired power station,38.029722,-120.9297
United States,Q30,http://www.wikidata.org/entity/Q116715860,Earthmovers LFGTE,Gas-fired power station,41.622942,-85.97516
United States,Q30,http://www.wikidata.org/entity/Q116716431,Cargill B6 Biofactory,Gas-fired power station,42.7167,-114.6167
United States,Q30,http://www.wikidata.org/entity/Q116716384,Waste Management Eco Vista LFGTE,Gas-fired power station,36.140849,-94.25971
United States,Q30,http://www.wikidata.org/entity/Q116716234,Papillion Creek Wastewater,Gas-fired power station,41.0772,-95.87
United States,Q30,http://www.wikidata.org/entity/Q116718488,Alpha Ridge LFG,Gas-fired power station,39.305,-76.90194
United States,Q30,http://www.wikidata.org/entity/Q116715987,Northwest Regional,Gas-fired power station,33.681944,-112.4767
United States,Q30,http://www.wikidata.org/entity/Q116718007,Eastern Landfill Gas LLC,Gas-fired power station,39.389728,-76.39201
United States,Q30,http://www.wikidata.org/entity/Q116715991,Geneva,Gas-fired power station,41.795,-80.91
United States,Q30,http://www.wikidata.org/entity/Q116716132,Lycoming County,Gas-fired power station,41.151111,-76.91778
United States,Q30,http://www.wikidata.org/entity/Q116716383,Waste Management Northern Oaks LFGTE,Gas-fired power station,43.9906,-84.8003
United States,Q30,http://www.wikidata.org/entity/Q116718696,Watervliet,Gas-fired power station,42.175833,-86.28
United States,Q30,http://www.wikidata.org/entity/Q116716242,MM San Diego-Miramar,Gas-fired power station,32.844845,-117.1627
United States,Q30,http://www.wikidata.org/entity/Q116716227,Nashua Plant,Gas-fired power station,42.73227,-71.52242
United States,Q30,http://www.wikidata.org/entity/Q116718620,Ameresco Vasco Road,Gas-fired power station,37.754444,-121.7289
United States,Q30,http://www.wikidata.org/entity/Q116718391,Blue Mountain Biogas,Gas-fired power station,38.173889,-113.2972
United States,Q30,http://www.wikidata.org/entity/Q116718622,Ameresco Forward,Gas-fired power station,37.883406,-121.1851
United States,Q30,http://www.wikidata.org/entity/Q116718202,Santa Cruz Energy,Gas-fired power station,36.973333,-122.1056
United States,Q30,http://www.wikidata.org/entity/Q116716392,Mesquite Creek LFGTE Project,Gas-fired power station,29.7372,-98.0228
United States,Q30,http://www.wikidata.org/entity/Q116716451,Eagle Valley (MI),Gas-fired power station,42.7225,-83.26306
United States,Q30,http://www.wikidata.org/entity/Q116716017,Davidson Gas Producers LLC,Gas-fired power station,35.841299,-80.18346
United States,Q30,http://www.wikidata.org/entity/Q116715944,"Kettle Butte Digester, LLC",Gas-fired power station,43.631944,-112.2797
United States,Q30,http://www.wikidata.org/entity/Q116716042,Blue Ridge Landfill,Gas-fired power station,39.961944,-77.56111
United States,Q30,http://www.wikidata.org/entity/Q116716436,"Terreva Wayne County RNG, LLC",Gas-fired power station,35.2889,-78.0703
United States,Q30,http://www.wikidata.org/entity/Q116715859,Renewable Energy Services of Ohio,Gas-fired power station,41.3362,-82.602
United States,Q30,http://www.wikidata.org/entity/Q116714645,Axiall Plaquemine,Gas-fired power station,30.2586,-91.185
United States,Q30,http://www.wikidata.org/entity/Q116714690,Crete Energy Venture LLC,Gas-fired power station,41.429444,-87.6187
United States,Q30,http://www.wikidata.org/entity/Q116714665,NAFTA Region Olefins Complex Cogen Fac,Gas-fired power station,29.954321,-93.88359
United States,Q30,http://www.wikidata.org/entity/Q116714615,Richard J Donovan Correctional Facility,Gas-fired power station,32.583571,-116.9309
United States,Q30,http://www.wikidata.org/entity/Q116714522,University of Iowa Main Power Plant,Gas-fired power station,41.6572,-91.54
United States,Q30,http://www.wikidata.org/entity/Q116714528,Georgia-Pacific Brewton Mill,Gas-fired power station,31.077,-87.1116
United States,Q30,http://www.wikidata.org/entity/Q116714688,Montpelier Electric Generating Station,Gas-fired power station,40.6206,-85.3057
United States,Q30,http://www.wikidata.org/entity/Q116714252,Lockport Energy Associates LP,Gas-fired power station,43.161947,-78.74497
United States,Q30,http://www.wikidata.org/entity/Q116714681,Gibson City Energy Center LLC,Gas-fired power station,40.4705,-88.3987
United States,Q30,http://www.wikidata.org/entity/Q116714188,Paulsboro Refinery,Gas-fired power station,39.84,-75.2583
United States,Q30,http://www.wikidata.org/entity/Q116714527,Evanston Township High School,Gas-fired power station,42.044038,-87.69956
United States,Q30,http://www.wikidata.org/entity/Q116714349,Charter Dura-Bar,Gas-fired power station,42.2891,-88.413
United States,Q30,http://www.wikidata.org/entity/Q116714536,Saint Agnes Medical Center,Gas-fired power station,36.8347,-119.7667
United States,Q30,http://www.wikidata.org/entity/Q116714348,Akron Recycle Energy Plant,Gas-fired power station,41.073336,-81.53064
United States,Q30,http://www.wikidata.org/entity/Q116714250,Rensselaer Cogen,Gas-fired power station,42.625325,-73.74996
United States,Q30,http://www.wikidata.org/entity/Q116714663,Kalamazoo River Generating Station,Gas-fired power station,42.281345,-85.49496
United States,Q30,http://www.wikidata.org/entity/Q116714331,Chalk Cliff Limited,Gas-fired power station,35.0968,-119.4299
United States,Q30,http://www.wikidata.org/entity/Q116714623,Deercroft I & II LFGTE,Gas-fired power station,41.6514,-86.9036
United States,Q30,http://www.wikidata.org/entity/Q116714174,Harbor Cogen,Gas-fired power station,33.7771,-118.2303
United States,Q30,http://www.wikidata.org/entity/Q116714274,Dome Project,Gas-fired power station,35.220833,-119.5831
United States,Q30,http://www.wikidata.org/entity/Q116714570,Mars Snackfood US,Gas-fired power station,41.91708,-87.79218
United States,Q30,http://www.wikidata.org/entity/Q116714689,Santa Rosa Energy Center,Gas-fired power station,30.5664,-87.115
United States,Q30,http://www.wikidata.org/entity/Q116714659,Crockett Cogen Project,Gas-fired power station,38.0569,-122.2161
United States,Q30,http://www.wikidata.org/entity/Q116714254,International Paper Riverdale Mill,Gas-fired power station,32.426016,-86.87091
United States,Q30,http://www.wikidata.org/entity/Q116714603,Michigan Power LP,Gas-fired power station,43.9375,-86.425
United States,Q30,http://www.wikidata.org/entity/Q116714244,Yuba City Cogen Partners,Gas-fired power station,39.13667,-121.6398
United States,Q30,http://www.wikidata.org/entity/Q116714222,Caterpillar,Gas-fired power station,40.4175,-86.8447
United States,Q30,http://www.wikidata.org/entity/Q116714693,Galion Generating Station,Gas-fired power station,40.7167,-82.789
United States,Q30,http://www.wikidata.org/entity/Q116714619,Univ of Oregon Central Power Station,Gas-fired power station,44.048333,-123.0739
United States,Q30,http://www.wikidata.org/entity/Q116714616,Wellesley College Central Utility Plant,Gas-fired power station,42.293927,-71.30811
United States,Q30,http://www.wikidata.org/entity/Q116714236,Midway Sunset Cogen,Gas-fired power station,35.2269,-119.6294
United States,Q30,http://www.wikidata.org/entity/Q116714530,CSL Behring LLC,Gas-fired power station,41.1603,-87.8542
United States,Q30,http://www.wikidata.org/entity/Q116714630,New Mexico State University,Gas-fired power station,32.164818,-106.4513
United States,Q30,http://www.wikidata.org/entity/Q116714329,Archer Daniels Midland Peoria,Gas-fired power station,40.677188,-89.60491
United States,Q30,http://www.wikidata.org/entity/Q116714230,Radford Army Ammunition Plant,Gas-fired power station,37.180441,-80.54277
United States,Q30,http://www.wikidata.org/entity/Q116714585,DSM Pharmaceuticals,Gas-fired power station,35.665961,-77.35744
United States,Q30,http://www.wikidata.org/entity/Q116714184,Berry Cogen Tanne Hills 18,Gas-fired power station,35.089829,-119.4409
United States,Q30,http://www.wikidata.org/entity/Q116714243,Tesoro Kenai Cogeneration Plant,Gas-fired power station,60.677,-151.3815
United States,Q30,http://www.wikidata.org/entity/Q116714260,Pfizer Groton Plant,Gas-fired power station,41.3315,-72.0786
United States,Q30,http://www.wikidata.org/entity/Q116714658,Desert Star Energy Center,Gas-fired power station,35.788889,-114.9942
United States,Q30,http://www.wikidata.org/entity/Q116714602,Martinez Refining,Gas-fired power station,38.0169,-122.1117
United States,Q30,http://www.wikidata.org/entity/Q116714158,High Sierra Limited,Gas-fired power station,35.509041,-119.0305
United States,Q30,http://www.wikidata.org/entity/Q116714685,Morris Cogeneration LLC,Gas-fired power station,41.411944,-88.33278
United States,Q30,http://www.wikidata.org/entity/Q116714605,Ergon Refining Vicksburg,Gas-fired power station,32.388271,-90.90834
United States,Q30,http://www.wikidata.org/entity/Q116714526,Grays Ferry Cogeneration,Gas-fired power station,39.942219,-75.18807
United States,Q30,http://www.wikidata.org/entity/Q116714517,Live Oak Limited,Gas-fired power station,35.4837,-119.0298
United States,Q30,http://www.wikidata.org/entity/Q116714343,Iowa State University,Gas-fired power station,42.0275,-93.6394
United States,Q30,http://www.wikidata.org/entity/Q116714339,Lagoon Cogeneration Facility,Gas-fired power station,40.9872,-111.8983
United States,Q30,http://www.wikidata.org/entity/Q116714640,Berkshire Power,Gas-fired power station,42.0476,-72.6478
United States,Q30,http://www.wikidata.org/entity/Q116714676,Aera San Ardo Cogen Facility,Gas-fired power station,35.953293,-120.86
United States,Q30,http://www.wikidata.org/entity/Q116714181,Eagle Point Power Generation,Gas-fired power station,39.8746,-75.1592
United States,Q30,http://www.wikidata.org/entity/Q116714679,Arapahoe Combustion Turbine Project,Gas-fired power station,39.6692,-105.0018
United States,Q30,http://www.wikidata.org/entity/Q116714534,Domino Sugar Baltimore,Gas-fired power station,39.2744,-76.5956
United States,Q30,http://www.wikidata.org/entity/Q116714246,Delaware City Plant,Gas-fired power station,39.5871,-75.6343
United States,Q30,http://www.wikidata.org/entity/Q116714692,Bowling Green Generating Station,Gas-fired power station,41.397369,-83.64124
United States,Q30,http://www.wikidata.org/entity/Q116714210,Salinas River Cogeneration,Gas-fired power station,35.9515,-120.8679
United States,Q30,http://www.wikidata.org/entity/Q116714232,North Midway Cogen,Gas-fired power station,35.2761,-119.5986
United States,Q30,http://www.wikidata.org/entity/Q116714675,Nelson Energy Center,Gas-fired power station,41.774444,-89.60722
United States,Q30,http://www.wikidata.org/entity/Q116714699,Beaver Creek Gas Plant,Gas-fired power station,42.8475,-108.3136
United States,Q30,http://www.wikidata.org/entity/Q116714539,Mead Coated Board,Gas-fired power station,32.1761,-85.0272
United States,Q30,http://www.wikidata.org/entity/Q116714567,MMSD Jones Island Wastewater,Gas-fired power station,43.0214,-87.9014
United States,Q30,http://www.wikidata.org/entity/Q116714209,Sargent Canyon Cogeneration,Gas-fired power station,35.9359,-120.8408
United States,Q30,http://www.wikidata.org/entity/Q116714234,Wasson CO2 Removal Plant,Gas-fired power station,33.009944,-102.7569
United States,Q30,http://www.wikidata.org/entity/Q116714544,New York University Central Plant,Gas-fired power station,40.7899,-73.9233
United States,Q30,http://www.wikidata.org/entity/Q116714642,Cherokee County Cogen,Gas-fired power station,35.0727,-81.613
United States,Q30,http://www.wikidata.org/entity/Q116714519,NYU Luthern Medical Center,Gas-fired power station,40.6467,-74.0211
United States,Q30,http://www.wikidata.org/entity/Q116714678,Elwood Energy LLC,Gas-fired power station,41.4388,-88.1236
United States,Q30,http://www.wikidata.org/entity/Q116714647,Bridgeport Gas Processing Plant,Gas-fired power station,33.195763,-97.80255
United States,Q30,http://www.wikidata.org/entity/Q116714584,Presence Saint Mary of Nazareth Hospital,Gas-fired power station,41.9031,-87.6831
United States,Q30,http://www.wikidata.org/entity/Q116714646,Jameson Gas Processing Plant,Gas-fired power station,32.05,-100.6917
United States,Q30,http://www.wikidata.org/entity/Q116714624,Cargill Salt,Gas-fired power station,42.8183,-82.4856
United States,Q30,http://www.wikidata.org/entity/Q116714682,Valmont Combustion Turbine Project,Gas-fired power station,40.0205,-105.2009
United States,Q30,http://www.wikidata.org/entity/Q116714651,Black Hawk Station,Gas-fired power station,35.6957,-101.36
United States,Q30,http://www.wikidata.org/entity/Q116714242,C R Wing Cogen Plant,Gas-fired power station,32.273178,-101.4224
United States,Q30,http://www.wikidata.org/entity/Q116714183,Central Power Plant,Gas-fired power station,41.744973,-71.45842
United States,Q30,http://www.wikidata.org/entity/Q116714318,Mid-Set Cogeneration,Gas-fired power station,35.19456,-119.571
United States,Q30,http://www.wikidata.org/entity/Q116714342,Androscoggin Mill,Gas-fired power station,44.506273,-70.23947
United States,Q30,http://www.wikidata.org/entity/Q116714196,Agnews Power Plant,Gas-fired power station,37.4058,-121.9272
United States,Q30,http://www.wikidata.org/entity/Q116714609,Grand Isle Gas Plant / Treating Station,Gas-fired power station,29.252062,-89.9721
United States,Q30,http://www.wikidata.org/entity/Q116714292,Port Neches Plant,Gas-fired power station,29.97876,-93.95229
United States,Q30,http://www.wikidata.org/entity/Q116714286,Tanner Street Generation,Gas-fired power station,42.632124,-71.31324
United States,Q30,http://www.wikidata.org/entity/Q116714613,Mondelez Global LLC,Gas-fired power station,42.3156,-89.0356
United States,Q30,http://www.wikidata.org/entity/Q116714542,Milford Power LP,Gas-fired power station,42.129361,-71.5115
United States,Q30,http://www.wikidata.org/entity/Q116714557,Brandywine Power Facility,Gas-fired power station,38.6681,-76.8678
United States,Q30,http://www.wikidata.org/entity/Q116714686,Greenville Electric Generating Station,Gas-fired power station,40.075783,-84.61514
United States,Q30,http://www.wikidata.org/entity/Q116714321,Amalgamated Sugar Twin Falls,Gas-fired power station,42.5328,-114.4328
United States,Q30,http://www.wikidata.org/entity/Q116714324,Lederle Laboratories,Gas-fired power station,41.0772,-74.0181
United States,Q30,http://www.wikidata.org/entity/Q116714198,South Belridge Cogeneration Facility,Gas-fired power station,35.438611,-119.7075
United States,Q30,http://www.wikidata.org/entity/Q116714227,Rhode Island Hospital,Gas-fired power station,41.8103,-71.41
United States,Q30,http://www.wikidata.org/entity/Q116714694,Napoleon Peaking Station,Gas-fired power station,41.4079,-84.1095
United States,Q30,http://www.wikidata.org/entity/Q116714568,Sun Peak Generating Station,Gas-fired power station,36.1375,-115.0339
United States,Q30,http://www.wikidata.org/entity/Q116714202,OLS Energy Chino,Gas-fired power station,33.989626,-117.6809
United States,Q30,http://www.wikidata.org/entity/Q116714668,Walton Discover Power Facility,Gas-fired power station,32.54098,-85.03888
United States,Q30,http://www.wikidata.org/entity/Q116714276,Agrium Kenai Nitrogen Operations,Gas-fired power station,60.6732,-151.3784
United States,Q30,http://www.wikidata.org/entity/Q116714523,University of Illinois Abbott Power Plt,Gas-fired power station,40.105169,-88.24153
United States,Q30,http://www.wikidata.org/entity/Q116714266,Western Power & Steam Inc,Gas-fired power station,35.440539,-119.0129
United States,Q30,http://www.wikidata.org/entity/Q116714596,Mass Inst Tech Cntrl Utilities/Cogen Plt,Gas-fired power station,42.360986,-71.09388
United States,Q30,http://www.wikidata.org/entity/Q116714555,Bristol Myers Squibb New Brunswick,Gas-fired power station,40.475724,-74.4462
United States,Q30,http://www.wikidata.org/entity/Q116714674,Rathdrum Power LLC,Gas-fired power station,47.7858,-116.9203
United States,Q30,http://www.wikidata.org/entity/Q116714203,CSUCI Site Authority,Gas-fired power station,34.161951,-119.0479
United States,Q30,http://www.wikidata.org/entity/Q116718966,Laguna Water Reclamation Facility,Gas-fired power station,38.368889,-122.7658
United States,Q30,http://www.wikidata.org/entity/Q116719827,Orbit Energy Charlotte,Gas-fired power station,35.2625,-80.81167
United States,Q30,http://www.wikidata.org/entity/Q116721709,Georgia LFG Oak Grove Plant,Gas-fired power station,33.964988,-83.76564
United States,Q30,http://www.wikidata.org/entity/Q116718794,LRI LFGTE Facility,Gas-fired power station,46.975556,-122.2906
United States,Q30,http://www.wikidata.org/entity/Q116720765,Morgantown,Gas-fired power station,40.174563,-75.91369
United States,Q30,http://www.wikidata.org/entity/Q116720431,Riverside RWQCP Fuel Cell,Gas-fired power station,33.9617,-117.4559
United States,Q30,http://www.wikidata.org/entity/Q116722469,Hernando,Gas-fired power station,28.66898,-82.48573
United States,Q30,http://www.wikidata.org/entity/Q116719727,Hidden Hollow Energy,Gas-fired power station,43.697222,-116.2714
United States,Q30,http://www.wikidata.org/entity/Q116720044,MCLB Landfill Gas to Energy,Gas-fired power station,31.546111,-84.0675
United States,Q30,http://www.wikidata.org/entity/Q116721993,Gaston County Renewable Energy Center,Gas-fired power station,35.3857,-81.172
United States,Q30,http://www.wikidata.org/entity/Q116720664,Bristol Plant,Gas-fired power station,36.60194,-82.14309
United States,Q30,http://www.wikidata.org/entity/Q116718906,Reventure Park,Gas-fired power station,35.294444,-80.99889
United States,Q30,http://www.wikidata.org/entity/Q116720684,Durham AWTF,Gas-fired power station,45.400524,-122.7658
United States,Q30,http://www.wikidata.org/entity/Q116718974,Central Valley Ag Power,Gas-fired power station,37.719722,-120.8986
United States,Q30,http://www.wikidata.org/entity/Q116720615,Glasgow LFGTE,Gas-fired power station,36.9874,-85.9575
United States,Q30,http://www.wikidata.org/entity/Q116719779,Rochelle Energy Center,Gas-fired power station,41.924722,-88.99861
United States,Q30,http://www.wikidata.org/entity/Q116720010,Johnston LFG Turbine Plant,Gas-fired power station,41.803333,-71.52333
United States,Q30,http://www.wikidata.org/entity/Q116718757,Water Reclamation Plant,Gas-fired power station,44.064722,-92.46917
United States,Q30,http://www.wikidata.org/entity/Q116720354,BioTown Ag,Gas-fired power station,40.765611,-86.87968
United States,Q30,http://www.wikidata.org/entity/Q116720111,Lennon Generating,Gas-fired power station,42.981667,-83.97944
United States,Q30,http://www.wikidata.org/entity/Q116721260,Green Cow Power,Gas-fired power station,41.536735,-85.9272
United States,Q30,http://www.wikidata.org/entity/Q116720289,Sarasota County LFGTE Facility,Gas-fired power station,27.203,-82.387
United States,Q30,http://www.wikidata.org/entity/Q116720114,"COC Surry LFG, LLC",Gas-fired power station,36.438611,-80.56833
United States,Q30,http://www.wikidata.org/entity/Q116720916,North City - Landfill Gas Engine North,Gas-fired power station,32.877822,-117.1978
United States,Q30,http://www.wikidata.org/entity/Q116720479,Potrero Hills Energy Producers,Gas-fired power station,38.216973,-121.9795
United States,Q30,http://www.wikidata.org/entity/Q116721065,Bannock County LFG to Energy,Gas-fired power station,42.787778,-112.3656
United States,Q30,http://www.wikidata.org/entity/Q116721011,Four Peaks Camino Real,Gas-fired power station,31.811078,-106.5933
United States,Q30,http://www.wikidata.org/entity/Q116721076,Nelson Gardens Landfill Gas to Energy,Gas-fired power station,29.33,-98.66
United States,Q30,http://www.wikidata.org/entity/Q116718834,Viresco Turtle Lake,Gas-fired power station,45.390278,-92.1625
United States,Q30,http://www.wikidata.org/entity/Q116720100,Zimmerman Energy,Gas-fired power station,41.237778,-86.24611
United States,Q30,http://www.wikidata.org/entity/Q116722007,Seminole Energy,Gas-fired power station,28.790186,-81.08902
United States,Q30,http://www.wikidata.org/entity/Q116721041,Waste Mangement Redwood LFGTE,Gas-fired power station,38.160833,-122.565
United States,Q30,http://www.wikidata.org/entity/Q116718793,Finley Buttes Landfill Gas,Gas-fired power station,45.69,-119.61
United States,Q30,http://www.wikidata.org/entity/Q116720136,"Bowerman Power LFG, LLC",Gas-fired power station,33.718889,-117.7022
United States,Q30,http://www.wikidata.org/entity/Q116721111,Granby LFG,Gas-fired power station,42.227281,-72.54719
United States,Q30,http://www.wikidata.org/entity/Q116721711,Georgia LFG Richland Creek Plant,Gas-fired power station,34.127146,-84.03338
United States,Q30,http://www.wikidata.org/entity/Q116719912,Manatee County LFGTE,Gas-fired power station,27.468889,-82.45083
United States,Q30,http://www.wikidata.org/entity/Q116720266,Clinton LFGTE,Gas-fired power station,40.120833,-88.96111
United States,Q30,http://www.wikidata.org/entity/Q116722445,"Fiber Recovery, Inc.",Gas-fired power station,44.8875,-89.3859
United States,Q30,http://www.wikidata.org/entity/Q116722449,Greater New Bedford LFG Utiliz. Facility,Gas-fired power station,41.72496,-70.97797
United States,Q30,http://www.wikidata.org/entity/Q116721077,CII Methane Management III LFG Plant,Gas-fired power station,33.925556,-83.26389
United States,Q30,http://www.wikidata.org/entity/Q116721014,JED Solid Waste Mgmt Renewable Energy,Gas-fired power station,28.063777,-81.09724
United States,Q30,http://www.wikidata.org/entity/Q116718734,POTB Digester,Gas-fired power station,45.414444,-123.8042
United States,Q30,http://www.wikidata.org/entity/Q116719877,Ameresco Dallas LLC,Gas-fired power station,32.648611,-96.64444
United States,Q30,http://www.wikidata.org/entity/Q116721102,"Fremont Community Digester, LLC",Gas-fired power station,43.45965,-85.9761
United States,Q30,http://www.wikidata.org/entity/Q116721016,"Green City Recovery, LLC",Gas-fired power station,38.345278,-84.54889
United States,Q30,http://www.wikidata.org/entity/Q116718997,Southbridge Landfill Gas-to-Energy,Gas-fired power station,42.104444,-72.0325
United States,Q30,http://www.wikidata.org/entity/Q116719999,Port Charlotte Energy LLC,Gas-fired power station,26.790833,-81.96528
United States,Q30,http://www.wikidata.org/entity/Q116719781,Cold Canyon 1,Gas-fired power station,35.186667,-120.5994
United States,Q30,http://www.wikidata.org/entity/Q116721710,Georgia LFG Pine Ridge Plant,Gas-fired power station,33.244192,-84.12203
United States,Q30,http://www.wikidata.org/entity/Q116722060,Tulare BioMAT Fuel Cell,Gas-fired power station,36.187138,-119.3751
United States,Q30,http://www.wikidata.org/entity/Q116719743,Martinsville LFG Generator,Gas-fired power station,36.717222,-79.84528
United States,Q30,http://www.wikidata.org/entity/Q116720378,Nanticoke LFG,Gas-fired power station,42.243704,-75.98253
United States,Q30,http://www.wikidata.org/entity/Q116720467,FCPC Renewable Generation,Gas-fired power station,43.030016,-87.94091
United States,Q30,http://www.wikidata.org/entity/Q116719072,Woodbine Landfill Plant,Gas-fired power station,39.231111,-74.78083
United States,Q30,http://www.wikidata.org/entity/Q116721552,Brown County LFGTE Power Station,Gas-fired power station,38.895,-83.903
United States,Q30,http://www.wikidata.org/entity/Q116719792,Synergy Biogas,Gas-fired power station,42.828889,-78.055
United States,Q30,http://www.wikidata.org/entity/Q116720303,Sand Valley Power Station,Gas-fired power station,34.343875,-85.8661
United States,Q30,http://www.wikidata.org/entity/Q116718709,Hometown Bio Energy LLC,Gas-fired power station,44.435556,-93.90639
United States,Q30,http://www.wikidata.org/entity/Q116720366,Orchard Hills Renewable Energy Station,Gas-fired power station,42.1424,-89.079
United States,Q30,http://www.wikidata.org/entity/Q116721404,Verwey-Hanford Dairy Digester #1,Gas-fired power station,36.18519,-119.6815
United States,Q30,http://www.wikidata.org/entity/Q116718805,Zeeland Farm Services,Gas-fired power station,42.813056,-85.98611
United States,Q30,http://www.wikidata.org/entity/Q116720304,"CII Methane Management IV, LLC",Gas-fired power station,35.511903,-78.43379
United States,Q30,http://www.wikidata.org/entity/Q116722335,Orbit Energy RI,Gas-fired power station,41.8054,-71.51417
United States,Q30,http://www.wikidata.org/entity/Q116720290,Wake County LFG Facility,Gas-fired power station,35.674,-78.854
United States,Q30,http://www.wikidata.org/entity/Q116719751,Decatur-Morgan Co LFG Recovery Project,Gas-fired power station,34.623611,-87.10111
United States,Q30,http://www.wikidata.org/entity/Q116718884,Richland Center Renewable Energy LLC,Gas-fired power station,43.314444,-90.37306
United States,Q30,http://www.wikidata.org/entity/Q116722416,ABEC #3 dba Lakeview Dairy,Gas-fired power station,35.21426,-119.203
United States,Q30,http://www.wikidata.org/entity/Q116722538,ABEC #2 dba West-Star Dairy,Gas-fired power station,35.472113,-119.4329
United States,Q30,http://www.wikidata.org/entity/Q116721474,Mill Seat Renewable Energy Facility,Gas-fired power station,43.063706,-77.9329
United States,Q30,http://www.wikidata.org/entity/Q116719765,Kishwaukee CHP Plant,Gas-fired power station,42.221944,-89.09333
United States,Q30,http://www.wikidata.org/entity/Q116718720,Veolia ES Blackfoot Landfill Facility,Gas-fired power station,38.327222,-87.20056
United States,Q30,http://www.wikidata.org/entity/Q116720749,"Hill AFB LFG Facility, Bldg #737",Gas-fired power station,41.12902,-111.9641
United States,Q30,http://www.wikidata.org/entity/Q116720219,Southeast Berrien Generating Facility,Gas-fired power station,41.808611,-86.32389
United States,Q30,http://www.wikidata.org/entity/Q116719873,Napoleon Biogas,Gas-fired power station,41.355556,-84.1025
United States,Q30,http://www.wikidata.org/entity/Q116720663,Zero Waste Energy Development Co LLC,Gas-fired power station,37.4325,-121.9529
United States,Q30,http://www.wikidata.org/entity/Q116720363,Croda Atlas Point CHP,Gas-fired power station,39.693333,-75.54306
United States,Q30,http://www.wikidata.org/entity/Q116720076,Blue Ridge Generating,Gas-fired power station,37.741111,-83.98889
United States,Q30,http://www.wikidata.org/entity/Q116720640,ADS Renewable Energy-Wolf Creek LLC,Gas-fired power station,32.7755,-83.4348
United States,Q30,http://www.wikidata.org/entity/Q116720345,Robeson County LFG to Energy,Gas-fired power station,34.791,-78.9088
United States,Q30,http://www.wikidata.org/entity/Q116721047,Black Oak Power Producers,Gas-fired power station,37.231944,-92.45389
United States,Q30,http://www.wikidata.org/entity/Q116720373,Dairyland WTE Plant,Gas-fired power station,44.540115,-87.80559
United States,Q30,http://www.wikidata.org/entity/Q116719095,Front Range Project,Gas-fired power station,40.029444,-105.0047
United States,Q30,http://www.wikidata.org/entity/Q116719791,Ameresco Johnson Canyon,Gas-fired power station,36.534167,-121.4086
United States,Q30,http://www.wikidata.org/entity/Q116720341,Glades Pike Generation Plant,Gas-fired power station,40.00665,-79.04104
United States,Q30,http://www.wikidata.org/entity/Q116720402,New River,Gas-fired power station,37.183,-80.699
United States,Q30,http://www.wikidata.org/entity/Q116721073,Apple Campus 2 Fuel Cell,Gas-fired power station,37.33,-122.01
United States,Q30,http://www.wikidata.org/entity/Q116719782,JBER Landfill Gas Power Plant,Gas-fired power station,61.286,-149.61
United States,Q30,http://www.wikidata.org/entity/Q116718976,Akron WRF,Gas-fired power station,41.153333,-81.56889
United States,Q30,http://www.wikidata.org/entity/Q116720371,Munster Landfill Gas-to-Energy,Gas-fired power station,41.524386,-87.50907
United States,Q30,http://www.wikidata.org/entity/Q116721157,Union Renewable Energy Facility,Gas-fired power station,34.61577,-81.81866
United States,Q30,http://www.wikidata.org/entity/Q116722005,Brevard,Gas-fired power station,28.39265,-80.82867
United States,Q30,http://www.wikidata.org/entity/Q116719981,Pecan Row Landfill To Electric Facility,Gas-fired power station,30.815,-83.3625
United States,Q30,http://www.wikidata.org/entity/Q116722350,Hyperion Treatment Plant CHP Plant,Gas-fired power station,33.9254,-118.4298
United States,Q30,http://www.wikidata.org/entity/Q116718800,ABEC Bidart-Old River LLC,Gas-fired power station,35.169722,-119.1056
United States,Q30,http://www.wikidata.org/entity/Q116719817,Uwharrie Mountain Renewable,Gas-fired power station,35.332974,-79.96494
United States,Q30,http://www.wikidata.org/entity/Q116715012,SJ/SC WPCP,Gas-fired power station,37.4344,-121.9464
United States,Q30,http://www.wikidata.org/entity/Q116714914,Basin Creek Plant,Gas-fired power station,45.9293,-112.5194
United States,Q30,http://www.wikidata.org/entity/Q116714777,Combined Locks Energy Center,Gas-fired power station,44.2717,-88.3011
United States,Q30,http://www.wikidata.org/entity/Q116715041,Springs Generating Station,Gas-fired power station,33.9308,-117.2933
United States,Q30,http://www.wikidata.org/entity/Q116714870,Edgewood Energy LLC,Gas-fired power station,40.7861,-73.2931
United States,Q30,http://www.wikidata.org/entity/Q116714755,CalPeak Power Panoche Peaker Plant,Gas-fired power station,36.652905,-120.5806
United States,Q30,http://www.wikidata.org/entity/Q116714983,H. Gonzales,Gas-fired power station,33.9986,-118.2219
United States,Q30,http://www.wikidata.org/entity/Q116714984,Malburg,Gas-fired power station,33.9986,-118.2219
United States,Q30,http://www.wikidata.org/entity/Q116715047,Nebo Power Station,Gas-fired power station,40.0614,-111.7294
United States,Q30,http://www.wikidata.org/entity/Q116714916,Panoche Peaker,Gas-fired power station,36.6535,-120.5783
United States,Q30,http://www.wikidata.org/entity/Q116714772,Larkspur Energy Facility,Gas-fired power station,32.567041,-116.9442
United States,Q30,http://www.wikidata.org/entity/Q116714973,AMEA Peaking,Gas-fired power station,33.1661,-86.2825
United States,Q30,http://www.wikidata.org/entity/Q116715077,Groton Generation Station,Gas-fired power station,45.3735,-98.09869
United States,Q30,http://www.wikidata.org/entity/Q116714906,Wolfskill Energy Center,Gas-fired power station,38.228522,-122.0753
United States,Q30,http://www.wikidata.org/entity/Q116715094,Empire Generating Co LLC,Gas-fired power station,42.625239,-73.75002
United States,Q30,http://www.wikidata.org/entity/Q116715034,Macon Energy Center,Gas-fired power station,39.748975,-92.38448
United States,Q30,http://www.wikidata.org/entity/Q116714986,Magnolia Power Project,Gas-fired power station,34.1786,-118.3153
United States,Q30,http://www.wikidata.org/entity/Q116714934,Agua Mansa Power Plant,Gas-fired power station,34.0414,-117.3603
United States,Q30,http://www.wikidata.org/entity/Q116714841,Hanford Energy Park Peaker,Gas-fired power station,36.270072,-119.6481
United States,Q30,http://www.wikidata.org/entity/Q116714902,Feather River Energy Center,Gas-fired power station,39.109344,-121.6093
United States,Q30,http://www.wikidata.org/entity/Q116714880,Valencia Energy Facility,Gas-fired power station,34.611549,-106.7322
United States,Q30,http://www.wikidata.org/entity/Q116714929,Drews Generating Facility,Gas-fired power station,34.0609,-117.3532
United States,Q30,http://www.wikidata.org/entity/Q116714844,Fremont Energy Center,Gas-fired power station,41.377116,-83.16139
United States,Q30,http://www.wikidata.org/entity/Q116714904,Valero Refinery Cogeneration Unit 1,Gas-fired power station,38.0736,-122.1411
United States,Q30,http://www.wikidata.org/entity/Q116714891,Yuba City Energy Center,Gas-fired power station,39.1392,-121.6387
United States,Q30,http://www.wikidata.org/entity/Q116714830,Plains End,Gas-fired power station,39.857499,-105.226
United States,Q30,http://www.wikidata.org/entity/Q116715137,Trigen St. Louis,Gas-fired power station,38.6359,-90.1809
United States,Q30,http://www.wikidata.org/entity/Q116714721,Exelon LaPorte Generating Station,Gas-fired power station,29.7028,-95.0718
United States,Q30,http://www.wikidata.org/entity/Q116715006,Alliant SBG 9802 Toyota,Gas-fired power station,42.02771,-91.7111
United States,Q30,http://www.wikidata.org/entity/Q116714927,Century Generating Facility,Gas-fired power station,34.0606,-117.3533
United States,Q30,http://www.wikidata.org/entity/Q116714952,Ashtabula,Gas-fired power station,41.890026,-80.7612
United States,Q30,http://www.wikidata.org/entity/Q116714705,Calvert City,Gas-fired power station,37.048333,-88.35389
United States,Q30,http://www.wikidata.org/entity/Q116714833,WFEC GenCo LLC,Gas-fired power station,35.0833,-98.2264
United States,Q30,http://www.wikidata.org/entity/Q116714828,Goose Haven Energy Center,Gas-fired power station,38.226752,-121.8433
United States,Q30,http://www.wikidata.org/entity/Q116714933,Elk Hills Cogen,Gas-fired power station,35.479146,-119.7375
United States,Q30,http://www.wikidata.org/entity/Q116714930,Warren County,Gas-fired power station,38.971667,-78.17722
United States,Q30,http://www.wikidata.org/entity/Q116715074,Miramar Energy Facility,Gas-fired power station,32.8769,-117.1664
United States,Q30,http://www.wikidata.org/entity/Q116714770,Indigo Energy Facility,Gas-fired power station,33.910873,-116.553
United States,Q30,http://www.wikidata.org/entity/Q116714889,King City Peaking,Gas-fired power station,36.224758,-121.1246
United States,Q30,http://www.wikidata.org/entity/Q116714759,Cuyamaca Peak Energy Plant,Gas-fired power station,32.796491,-116.9721
United States,Q30,http://www.wikidata.org/entity/Q116714977,Equus Freeport Power,Gas-fired power station,40.6439,-73.5683
United States,Q30,http://www.wikidata.org/entity/Q116714900,Island Street Peaking Plant,Gas-fired power station,44.2761,-88.2658
United States,Q30,http://www.wikidata.org/entity/Q116714730,Carville Energy LLC,Gas-fired power station,30.2294,-91.065
United States,Q30,http://www.wikidata.org/entity/Q116714850,Buchanan Generation LLC,Gas-fired power station,37.175278,-81.96139
United States,Q30,http://www.wikidata.org/entity/Q116714989,Inner Harbor East Heating,Gas-fired power station,39.283677,-76.59941
United States,Q30,http://www.wikidata.org/entity/Q116714766,Escondido Energy Center,Gas-fired power station,33.1261,-117.1172
United States,Q30,http://www.wikidata.org/entity/Q116714825,Lambie Energy Center,Gas-fired power station,38.221577,-121.8683
United States,Q30,http://www.wikidata.org/entity/Q116715072,Cogeneration 1,Gas-fired power station,32.229922,-110.9528
United States,Q30,http://www.wikidata.org/entity/Q116714878,Otsego Mill Power Plant,Gas-fired power station,42.4628,-85.6961
United States,Q30,http://www.wikidata.org/entity/Q116714740,Neil Simpson Gas Turbine #2,Gas-fired power station,44.285,-105.3786
United States,Q30,http://www.wikidata.org/entity/Q116715138,Shute Creek Facility,Gas-fired power station,41.8805,-110.0904
United States,Q30,http://www.wikidata.org/entity/Q116715010,Walnut Energy Center,Gas-fired power station,37.4878,-120.8956
United States,Q30,http://www.wikidata.org/entity/Q116715120,Hamlet Generating Facility,Gas-fired power station,34.842311,-79.73609
United States,Q30,http://www.wikidata.org/entity/Q116714958,Orchard Park,Gas-fired power station,39.9109,-77.6667
United States,Q30,http://www.wikidata.org/entity/Q116714911,Stevens Point Mill,Gas-fired power station,44.3528,-89.5836
United States,Q30,http://www.wikidata.org/entity/Q116715079,Malaga Power LLC,Gas-fired power station,36.6697,-119.7404
United States,Q30,http://www.wikidata.org/entity/Q116714750,CalPeak Power Vaca Dixon Peaker Plant,Gas-fired power station,38.398867,-121.924
United States,Q30,http://www.wikidata.org/entity/Q116714897,Curtis H Stanton Energy Center,Gas-fired power station,28.488246,-81.16694
United States,Q30,http://www.wikidata.org/entity/Q116714738,Indeck Niles Energy Center,Gas-fired power station,41.862114,-86.22139
United States,Q30,http://www.wikidata.org/entity/Q116715128,Roseville Energy Park,Gas-fired power station,38.7928,-121.3811
United States,Q30,http://www.wikidata.org/entity/Q116714702,Calumet Energy Team LLC,Gas-fired power station,41.6835,-87.5563
United States,Q30,http://www.wikidata.org/entity/Q116715222,Geneva Generation Facility,Gas-fired power station,41.8911,-88.2711
United States,Q30,http://www.wikidata.org/entity/Q116714987,CPV Towantic Energy Center,Gas-fired power station,41.481243,-73.12311
United States,Q30,http://www.wikidata.org/entity/Q116714972,Grimes Way,Gas-fired power station,46.7289,-117.1514
United States,Q30,http://www.wikidata.org/entity/Q116714714,Holland Energy Facility,Gas-fired power station,39.223144,-88.75841
United States,Q30,http://www.wikidata.org/entity/Q116715076,EG178 Facility,Gas-fired power station,32.747058,-100.9547
United States,Q30,http://www.wikidata.org/entity/Q116714885,Henrietta Peaker,Gas-fired power station,36.2397,-119.9044
United States,Q30,http://www.wikidata.org/entity/Q116714703,Baconton Power Plant,Gas-fired power station,31.3869,-84.08
United States,Q30,http://www.wikidata.org/entity/Q116714823,Creed Energy Center,Gas-fired power station,38.242158,-121.8547
United States,Q30,http://www.wikidata.org/entity/Q116714761,CalPeak Power Enterprise Peaker Plant,Gas-fired power station,33.121943,-117.1174
United States,Q30,http://www.wikidata.org/entity/Q116714926,Tracy Combined Cycle Power Plant,Gas-fired power station,37.7107,-121.4906
United States,Q30,http://www.wikidata.org/entity/Q116714737,Fountain Valley Power Facility,Gas-fired power station,38.5569,-104.6875
United States,Q30,http://www.wikidata.org/entity/Q116714735,Bayou Cove Peaking Power,Gas-fired power station,30.2825,-92.5997
United States,Q30,http://www.wikidata.org/entity/Q116714746,Washington Parish Energy Center,Gas-fired power station,30.791389,-89.90917
United States,Q30,http://www.wikidata.org/entity/Q116714821,Watchtower Educational Center,Gas-fired power station,41.498392,-73.57456
United States,Q30,http://www.wikidata.org/entity/Q116714843,Bayswater Peaking Facility LLC,Gas-fired power station,40.610654,-73.76222
United States,Q30,http://www.wikidata.org/entity/Q116714941,Nikiski Combined Cycle,Gas-fired power station,60.676539,-151.3777
United States,Q30,http://www.wikidata.org/entity/Q116714895,Frederickson Power LP,Gas-fired power station,47.086111,-122.3657
United States,Q30,http://www.wikidata.org/entity/Q116714835,AL Sandersville LLC,Gas-fired power station,33.1189,-82.8608
United States,Q30,http://www.wikidata.org/entity/Q116714990,THUMS,Gas-fired power station,33.7684,-118.2141
United States,Q30,http://www.wikidata.org/entity/Q116715013,Blacksand Generating Facility,Gas-fired power station,33.9328,-117.855
United States,Q30,http://www.wikidata.org/entity/Q116714768,Chula Vista Energy Center,Gas-fired power station,32.591667,-117.0586
United States,Q30,http://www.wikidata.org/entity/Q116715175,Robert Mueller Energy Center,Gas-fired power station,30.304994,-97.70768
United States,Q30,http://www.wikidata.org/entity/Q116714742,Lange Gas Turbines,Gas-fired power station,44.1203,-103.26
United States,Q30,http://www.wikidata.org/entity/Q116714969,Exira,Gas-fired power station,41.514365,-94.91973
United States,Q30,http://www.wikidata.org/entity/Q116714709,BASF Freeport Works,Gas-fired power station,29.002,-95.394
United States,Q30,http://www.wikidata.org/entity/Q116714944,Bluffview,Gas-fired power station,36.716628,-108.2153
United States,Q30,http://www.wikidata.org/entity/Q116714757,CalPeak Power Border Peaker Plant,Gas-fired power station,32.562448,-116.9439
United States,Q30,http://www.wikidata.org/entity/Q116715085,Shell Chemical,Gas-fired power station,30.187508,-90.98396
United States,Q30,http://www.wikidata.org/entity/Q116714752,Limon Generating Station,Gas-fired power station,39.2038,-103.7005
United States,Q30,http://www.wikidata.org/entity/Q116714939,Riverview Energy Center,Gas-fired power station,38.014423,-121.7907
United States,Q30,http://www.wikidata.org/entity/Q116714908,Oak Point Cogen,Gas-fired power station,29.811956,-90.00843
United States,Q30,http://www.wikidata.org/entity/Q116714707,Air Products Port Arthur,Gas-fired power station,29.866497,-93.96515
United States,Q30,http://www.wikidata.org/entity/Q116714832,Spring Creek Energy Center,Gas-fired power station,35.7422,-97.655
United States,Q30,http://www.wikidata.org/entity/Q116715049,Chowchilla II,Gas-fired power station,37.1073,-120.2485
United States,Q30,http://www.wikidata.org/entity/Q116714982,UMCP CHP Plant,Gas-fired power station,38.985844,-76.93548
United States,Q30,http://www.wikidata.org/entity/Q116714712,Hermiston Power Partnership,Gas-fired power station,45.794046,-119.3133
United States,Q30,http://www.wikidata.org/entity/Q116715091,Millcreek Power Generation,Gas-fired power station,37.112092,-113.5166
United States,Q30,http://www.wikidata.org/entity/Q116715087,Anson County Generation Facility,Gas-fired power station,34.968651,-79.92174
United States,Q30,http://www.wikidata.org/entity/Q116714753,Frank Knutson,Gas-fired power station,39.941129,-104.682
United States,Q30,http://www.wikidata.org/entity/Q116697491,Electrifarm,Gas-fired power station,42.4407,-92.4205
United States,Q30,http://www.wikidata.org/entity/Q116711798,Pleasant Hill,Gas-fired power station,41.5572,-93.5242
United States,Q30,http://www.wikidata.org/entity/Q116697825,Daguao,Gas-fired power station,18.2364,-65.6656
United States,Q30,http://www.wikidata.org/entity/Q116711792,Brandon Station,Gas-fired power station,33.585257,-101.8861
United States,Q30,http://www.wikidata.org/entity/Q116697285,Tolna,Gas-fired power station,39.760634,-76.63534
United States,Q30,http://www.wikidata.org/entity/Q116711953,Nodaway,Gas-fired power station,40.2877,-94.7913
United States,Q30,http://www.wikidata.org/entity/Q116711897,Combustion Turbine Project No 2,Gas-fired power station,38.088138,-121.3869
United States,Q30,http://www.wikidata.org/entity/Q116711843,Almond Power Plant,Gas-fired power station,37.5744,-120.985
United States,Q30,http://www.wikidata.org/entity/Q116711833,Gardner Energy Center,Gas-fired power station,38.830833,-94.89028
United States,Q30,http://www.wikidata.org/entity/Q116697437,Fitchburg,Gas-fired power station,43.0147,-89.4603
United States,Q30,http://www.wikidata.org/entity/Q116697831,Vega Baja,Gas-fired power station,18.446,-66.391
United States,Q30,http://www.wikidata.org/entity/Q116697513,Bernice Lake,Gas-fired power station,60.6935,-151.3874
United States,Q30,http://www.wikidata.org/entity/Q116697402,Logan City,Gas-fired power station,41.725833,-111.8433
United States,Q30,http://www.wikidata.org/entity/Q116697417,Low Moor,Gas-fired power station,37.777,-79.892
United States,Q30,http://www.wikidata.org/entity/Q116711819,Gianera,Gas-fired power station,37.401,-121.9687
United States,Q30,http://www.wikidata.org/entity/Q116711900,Alameda,Gas-fired power station,37.7886,-122.2889
United States,Q30,http://www.wikidata.org/entity/Q116697283,Shawnee (PA),Gas-fired power station,41.061194,-75.05824
United States,Q30,http://www.wikidata.org/entity/Q116697337,Shoemaker,Gas-fired power station,41.4278,-74.4186
United States,Q30,http://www.wikidata.org/entity/Q116697490,Coachella,Gas-fired power station,33.6758,-116.1714
United States,Q30,http://www.wikidata.org/entity/Q116697282,Orrtanna,Gas-fired power station,39.8442,-77.3508
United States,Q30,http://www.wikidata.org/entity/Q116697438,Sycamore (WI),Gas-fired power station,43.1133,-89.3128
United States,Q30,http://www.wikidata.org/entity/Q116697241,St Marys,Gas-fired power station,40.5458,-84.3889
United States,Q30,http://www.wikidata.org/entity/Q116697362,Richmond Generating Station,Gas-fired power station,39.984469,-75.07525
United States,Q30,http://www.wikidata.org/entity/Q116699358,Van Sant Station,Gas-fired power station,39.145036,-75.54817
United States,Q30,http://www.wikidata.org/entity/Q116711904,Roseville Power Plant #2,Gas-fired power station,38.810677,-121.3238
United States,Q30,http://www.wikidata.org/entity/Q116711942,Pea Ridge,Gas-fired power station,30.59208,-87.13539
United States,Q30,http://www.wikidata.org/entity/Q116697293,International,Gas-fired power station,61.168972,-149.911
United States,Q30,http://www.wikidata.org/entity/Q116697322,PSEG Burlington Generating Station,Gas-fired power station,40.076611,-74.87917
United States,Q30,http://www.wikidata.org/entity/Q116697467,Kaukauna Gas Turbine,Gas-fired power station,44.276199,-88.26545
United States,Q30,http://www.wikidata.org/entity/Q116697344,Plant No 2 Freeport,Gas-fired power station,40.6447,-73.5683
United States,Q30,http://www.wikidata.org/entity/Q116697821,Mayaguez Plant,Gas-fired power station,18.2186,-67.1592
United States,Q30,http://www.wikidata.org/entity/Q116711848,Anderson,Gas-fired power station,40.0529,-85.7389
United States,Q30,http://www.wikidata.org/entity/Q116711903,Lodi,Gas-fired power station,38.146571,-121.3005
United States,Q30,http://www.wikidata.org/entity/Q116697284,Titus,Gas-fired power station,40.3056,-75.9081
United States,Q30,http://www.wikidata.org/entity/Q116711852,University of Florida,Gas-fired power station,29.640278,-82.34861
United States,Q30,http://www.wikidata.org/entity/Q116697408,Aberdeen CT,Gas-fired power station,45.429884,-98.49396
United States,Q30,http://www.wikidata.org/entity/Q116711957,Henry County,Gas-fired power station,39.9528,-85.5039
United States,Q30,http://www.wikidata.org/entity/Q116697370,Coit GT,Gas-fired power station,33.980254,-81.04067
United States,Q30,http://www.wikidata.org/entity/Q116697478,Walnut,Gas-fired power station,37.4903,-120.9044
United States,Q30,http://www.wikidata.org/entity/Q116697298,Sixth Street Gas Turbine,Gas-fired power station,42.792645,-86.10358
United States,Q30,http://www.wikidata.org/entity/Q116711847,Richmond,Gas-fired power station,39.839572,-84.96568
United States,Q30,http://www.wikidata.org/entity/Q116697279,Hamilton (PA),Gas-fired power station,39.908732,-76.98845
United States,Q30,http://www.wikidata.org/entity/Q116697359,Delaware Generating Station,Gas-fired power station,39.968021,-75.1252
United States,Q30,http://www.wikidata.org/entity/Q116697747,Norton Powerhouse 2,Gas-fired power station,42.299,-71.804
United States,Q30,http://www.wikidata.org/entity/Q116711821,Santa Clara Cogen,Gas-fired power station,37.364297,-121.9442
United States,Q30,http://www.wikidata.org/entity/Q116697495,Spirit Mound,Gas-fired power station,42.897663,-96.99049
United States,Q30,http://www.wikidata.org/entity/Q116711878,Interstate,Gas-fired power station,39.8233,-89.5891
United States,Q30,http://www.wikidata.org/entity/Q116697333,Hillburn,Gas-fired power station,41.1269,-74.1653
United States,Q30,http://www.wikidata.org/entity/Q116697418,Northern Neck,Gas-fired power station,37.95,-76.711
United States,Q30,http://www.wikidata.org/entity/Q116712010,Valdez Cogen,Gas-fired power station,61.0839,-146.2529
United States,Q30,http://www.wikidata.org/entity/Q116697360,Falls,Gas-fired power station,40.176486,-74.78998
United States,Q30,http://www.wikidata.org/entity/Q116711796,Forked River,Gas-fired power station,39.8154,-74.2098
United States,Q30,http://www.wikidata.org/entity/Q116697361,Moser Generating Station,Gas-fired power station,40.2352,-75.6193
United States,Q30,http://www.wikidata.org/entity/Q116699337,Summit Street Power Plant,Gas-fired power station,41.143056,-81.34083
United States,Q30,http://www.wikidata.org/entity/Q116697506,Pearl Station,Gas-fired power station,39.449185,-90.61412
United States,Q30,http://www.wikidata.org/entity/Q116697291,Northeast (WA),Gas-fired power station,47.73511,-117.3705
United States,Q30,http://www.wikidata.org/entity/Q116697240,Piqua Power Plant,Gas-fired power station,40.133848,-84.23726
United States,Q30,http://www.wikidata.org/entity/Q116697415,Tasley,Gas-fired power station,37.7061,-75.7031
United States,Q30,http://www.wikidata.org/entity/Q116697355,Blossburg,Gas-fired power station,41.706475,-77.08184
United States,Q30,http://www.wikidata.org/entity/Q116697280,Mountain,Gas-fired power station,40.12282,-77.1716
United States,Q30,http://www.wikidata.org/entity/Q116697410,Huron,Gas-fired power station,44.369507,-98.17223
United States,Q30,http://www.wikidata.org/entity/Q116711955,Tilton,Gas-fired power station,40.106125,-87.65382
United States,Q30,http://www.wikidata.org/entity/Q116697320,Lost Nation,Gas-fired power station,44.595117,-71.4944
United States,Q30,http://www.wikidata.org/entity/Q116697463,West Marinette,Gas-fired power station,45.0869,-87.6881
United States,Q30,http://www.wikidata.org/entity/Q116711824,Watertown Power Plant,Gas-fired power station,44.901667,-97.10833
United States,Q30,http://www.wikidata.org/entity/Q116697834,Yabucoa,Gas-fired power station,18.047,-65.864
United States,Q30,http://www.wikidata.org/entity/Q116711830,491 E 48th Street,Gas-fired power station,42.7553,-86.0853
United States,Q30,http://www.wikidata.org/entity/Q116697485,Cumberland (NJ),Gas-fired power station,39.3757,-74.9654
United States,Q30,http://www.wikidata.org/entity/Q116697819,Cambalache Plant,Gas-fired power station,18.471,-66.6969
United States,Q30,http://www.wikidata.org/entity/Q116711948,Essex,Gas-fired power station,36.868206,-89.84017
United States,Q30,http://www.wikidata.org/entity/Q116697822,Jobos,Gas-fired power station,17.9602,-66.1398
United States,Q30,http://www.wikidata.org/entity/Q116697321,Carlls Corner,Gas-fired power station,39.4547,-75.2014
United States,Q30,http://www.wikidata.org/entity/Q116711958,MPC Generating,Gas-fired power station,33.8119,-83.6953
United States,Q30,http://www.wikidata.org/entity/Q116711851,Wellington 2,Gas-fired power station,37.2678,-97.3497
United States,Q30,http://www.wikidata.org/entity/Q116697236,Hamilton (OH),Gas-fired power station,39.4098,-84.5543
United States,Q30,http://www.wikidata.org/entity/Q116697314,Ames GT,Gas-fired power station,42.0272,-93.5828
United States,Q30,http://www.wikidata.org/entity/Q116711836,Sherman Avenue,Gas-fired power station,39.451,-75.0578
United States,Q30,http://www.wikidata.org/entity/Q116697353,Jamestown,Gas-fired power station,46.905665,-98.66218
United States,Q30,http://www.wikidata.org/entity/Q105424968,Guernsey Power Station,Gas-fired power station,39.9375,-81.535027777
United States,Q30,http://www.wikidata.org/entity/Q19394024,Kennecott Power Plant,Gas-fired power station,40.7119,-112.1225
United States,Q30,http://www.wikidata.org/entity/Q109973854,Richard M. Flynn Power Plant,Gas-fired power station,40.816677777,-73.065555555
United States,Q30,http://www.wikidata.org/entity/Q116695986,Hank Nikkels Plant 1,Gas-fired power station,61.2221,-149.8661
United States,Q30,http://www.wikidata.org/entity/Q19388335,Shawville Power Plant,Gas-fired power station,41.06755,-78.366228
United States,Q30,http://www.wikidata.org/entity/Q60742693,Oregon Clean Energy Center,Gas-fired power station,41.6668,-83.4483
United States,Q30,http://www.wikidata.org/entity/Q116696104,El Centro Hybrid,Gas-fired power station,32.802222,-115.54
United States,Q30,http://www.wikidata.org/entity/Q28403783,West County Energy Center,Gas-fired power station,26.7,-80.375
United States,Q30,http://www.wikidata.org/entity/Q19385992,R M Schahfer Power Plant,Gas-fired power station,41.2164,-87.0261
United States,Q30,http://www.wikidata.org/entity/Q116696098,Grayson,Gas-fired power station,34.1556,-118.2782
United States,Q30,http://www.wikidata.org/entity/Q111765471,C. D. McIntosh Jr. Power Plant,Gas-fired power station,28.0815803,-81.9252851
United States,Q30,http://www.wikidata.org/entity/Q104853854,Gateway Generating Station,Gas-fired power station,38.0175,-121.7587
United States,Q30,http://www.wikidata.org/entity/Q116696015,McClellan (AR),Gas-fired power station,33.5648,-92.7917
United States,Q30,http://www.wikidata.org/entity/Q55264728,H.F. Lee Energy Complex,Gas-fired power station,35.373595,-78.088968
United States,Q30,http://www.wikidata.org/entity/Q56404597,O.W. Sommers Power Plant,Gas-fired power station,29.308056,-98.3242
United States,Q30,http://www.wikidata.org/entity/Q96381185,Holly Street Power Plant,Gas-fired power station,30.250583,-97.719861
United States,Q30,http://www.wikidata.org/entity/Q25005044,Canaday Station,Gas-fired power station,40.6942,-99.7011
United States,Q30,http://www.wikidata.org/entity/Q116696032,Humboldt Bay,Gas-fired power station,40.7415,-124.2103
United States,Q30,http://www.wikidata.org/entity/Q116696013,Thomas Fitzhugh,Gas-fired power station,35.462382,-93.80493
United States,Q30,http://www.wikidata.org/entity/Q116696112,Harbor,Gas-fired power station,33.7706,-118.2656
United States,Q30,http://www.wikidata.org/entity/Q19386298,Ray D Nixon Power Plant,Gas-fired power station,38.633451,-104.70577
United States,Q30,http://www.wikidata.org/entity/Q113565809,Boulder Park Generating Station,Gas-fired power station,47.697222,-117.147222
United States,Q30,http://www.wikidata.org/entity/Q39060923,Panda Patriot Power Plant,Gas-fired power station,41.1807,-76.8393
United States,Q30,http://www.wikidata.org/entity/Q19391777,Allen Combined Cycle Plant,Gas-fired power station,35.0668146,-90.1455844
United States,Q30,http://www.wikidata.org/entity/Q115806743,Scattergood Generating Station,Gas-fired power station,33.918611111,-118.428055555
United States,Q30,http://www.wikidata.org/entity/Q116686536,Dover power plant,Gas-fired power station,40.520066,-81.46815
United States,Q30,http://www.wikidata.org/entity/Q116696014,Carl Bailey,Gas-fired power station,35.260102,-91.36343
United States,Q30,http://www.wikidata.org/entity/Q24061848,Lon D. Wright Power Plant,Gas-fired power station,41.42797,-96.46226
United States,Q30,http://www.wikidata.org/entity/Q116696072,Gadsden,Gas-fired power station,34.0128,-85.9708
United States,Q30,http://www.wikidata.org/entity/Q116696769,Hoisington,Gas-fired power station,38.513,-98.7747
United States,Q30,http://www.wikidata.org/entity/Q116696746,Fort Dodge,Gas-fired power station,37.7328,-99.9497
United States,Q30,http://www.wikidata.org/entity/Q116696304,Trinidad (CO),Gas-fired power station,37.178979,-104.4875
United States,Q30,http://www.wikidata.org/entity/Q116696371,Larsen Memorial,Gas-fired power station,28.0797,-81.9228
United States,Q30,http://www.wikidata.org/entity/Q116696397,Crisp Plant,Gas-fired power station,31.844708,-83.94073
United States,Q30,http://www.wikidata.org/entity/Q116696372,S O Purdom,Gas-fired power station,30.162304,-84.20067
United States,Q30,http://www.wikidata.org/entity/Q116696774,Quindaro,Gas-fired power station,39.1492,-94.6381
United States,Q30,http://www.wikidata.org/entity/Q116696293,George Birdsall,Gas-fired power station,38.881389,-104.8169
United States,Q30,http://www.wikidata.org/entity/Q116696558,Victoria,Gas-fired power station,28.7883,-97.01
United States,Q30,http://www.wikidata.org/entity/Q116696760,Clay Center,Gas-fired power station,39.373966,-97.12721
United States,Q30,http://www.wikidata.org/entity/Q116696788,Sharon Spring,Gas-fired power station,38.890552,-101.7515
United States,Q30,http://www.wikidata.org/entity/Q116696636,Meade,Gas-fired power station,37.285176,-100.3324
United States,Q30,http://www.wikidata.org/entity/Q116696784,Pratt,Gas-fired power station,37.6359,-98.7433
United States,Q30,http://www.wikidata.org/entity/Q116696469,North Ninth Street,Gas-fired power station,41.9093,-89.0498
United States,Q30,http://www.wikidata.org/entity/Q116696460,Farmer City,Gas-fired power station,40.24611,-88.63876
United States,Q30,http://www.wikidata.org/entity/Q116696365,Deerhaven Generating Station,Gas-fired power station,29.7592,-82.3878
United States,Q30,http://www.wikidata.org/entity/Q116696644,Arsenal Hill,Gas-fired power station,32.5181,-93.7611
United States,Q30,http://www.wikidata.org/entity/Q116696401,Ponca,Gas-fired power station,36.71979,-97.08576
United States,Q30,http://www.wikidata.org/entity/Q116696530,New Hampton,Gas-fired power station,43.0689,-92.3201
United States,Q30,http://www.wikidata.org/entity/Q116696779,Minneapolis City of,Gas-fired power station,39.1194,-97.7086
United States,Q30,http://www.wikidata.org/entity/Q116696637,Ottawa,Gas-fired power station,38.615579,-95.27974
United States,Q30,http://www.wikidata.org/entity/Q116696525,Maquoketa 1,Gas-fired power station,42.035556,-90.665
United States,Q30,http://www.wikidata.org/entity/Q116696786,Sabetha Power Plant,Gas-fired power station,39.904922,-95.80337
United States,Q30,http://www.wikidata.org/entity/Q116696573,Ty Cooke,Gas-fired power station,33.5211,-101.7906
United States,Q30,http://www.wikidata.org/entity/Q116696441,Wamego,Gas-fired power station,39.1992,-96.3086
United States,Q30,http://www.wikidata.org/entity/Q116696508,Estherville,Gas-fired power station,43.4028,-94.8433
United States,Q30,http://www.wikidata.org/entity/Q116696723,Mora,Gas-fired power station,45.877088,-93.29514
United States,Q30,http://www.wikidata.org/entity/Q116696560,Silas Ray,Gas-fired power station,25.9131,-97.5214
United States,Q30,http://www.wikidata.org/entity/Q116696719,Delano,Gas-fired power station,45.041378,-93.79052
United States,Q30,http://www.wikidata.org/entity/Q116696504,Streeter Station,Gas-fired power station,42.5267,-92.4394
United States,Q30,http://www.wikidata.org/entity/Q116696528,Montezuma,Gas-fired power station,41.586026,-92.5228
United States,Q30,http://www.wikidata.org/entity/Q116696745,Cimarron River,Gas-fired power station,37.1611,-100.7619
United States,Q30,http://www.wikidata.org/entity/Q116696766,Goodland,Gas-fired power station,39.341622,-101.7052
United States,Q30,http://www.wikidata.org/entity/Q116696755,Belleville,Gas-fired power station,39.832769,-97.63204
United States,Q30,http://www.wikidata.org/entity/Q116696477,Marion,Gas-fired power station,37.619747,-88.95311
United States,Q30,http://www.wikidata.org/entity/Q116696757,Burlingame,Gas-fired power station,38.7551,-95.8368
United States,Q30,http://www.wikidata.org/entity/Q116696438,State Center,Gas-fired power station,42.01667,-93.16333
United States,Q30,http://www.wikidata.org/entity/Q116696753,Augusta Electric Plant No 1,Gas-fired power station,37.678454,-96.97193
United States,Q30,http://www.wikidata.org/entity/Q116696747,Great Bend - Sunflower,Gas-fired power station,38.41,-98.8689
United States,Q30,http://www.wikidata.org/entity/Q116696734,Vinton,Gas-fired power station,42.1697,-92.0222
United States,Q30,http://www.wikidata.org/entity/Q116696770,Holton,Gas-fired power station,39.4735,-95.73155
United States,Q30,http://www.wikidata.org/entity/Q116696751,Ashland,Gas-fired power station,37.193787,-99.76307
United States,Q30,http://www.wikidata.org/entity/Q116696466,Princeton (IL),Gas-fired power station,41.375528,-89.46487
United States,Q30,http://www.wikidata.org/entity/Q116696748,Riverton,Gas-fired power station,37.072616,-94.6987
United States,Q30,http://www.wikidata.org/entity/Q116696771,Iola,Gas-fired power station,37.923076,-95.42557
United States,Q30,http://www.wikidata.org/entity/Q116696439,Burlington (KS),Gas-fired power station,38.193441,-95.74995
United States,Q30,http://www.wikidata.org/entity/Q116696495,Ames Electric Services Power Plant,Gas-fired power station,42.0258,-93.6089
United States,Q30,http://www.wikidata.org/entity/Q116696475,Waterloo,Gas-fired power station,38.334786,-90.15894
United States,Q30,http://www.wikidata.org/entity/Q116696741,Summit Lake,Gas-fired power station,41.1136,-94.3472
United States,Q30,http://www.wikidata.org/entity/Q116696689,Hillsdale,Gas-fired power station,41.9061,-84.6319
United States,Q30,http://www.wikidata.org/entity/Q116696500,Bloomfield,Gas-fired power station,40.7031,-92.4253
United States,Q30,http://www.wikidata.org/entity/Q116696471,South Main Street,Gas-fired power station,41.9092,-89.0504
United States,Q30,http://www.wikidata.org/entity/Q116696785,Russell Downtown,Gas-fired power station,38.893333,-98.85694
United States,Q30,http://www.wikidata.org/entity/Q116696693,Marshall (MI),Gas-fired power station,42.2717,-84.9411
United States,Q30,http://www.wikidata.org/entity/Q116696476,Winnetka,Gas-fired power station,42.115589,-87.73103
United States,Q30,http://www.wikidata.org/entity/Q116696742,Earl F Wisdom,Gas-fired power station,43.1606,-95.2569
United States,Q30,http://www.wikidata.org/entity/Q116696559,Trinidad (TX),Gas-fired power station,32.124519,-96.10128
United States,Q30,http://www.wikidata.org/entity/Q116696647,Big Cajun 1,Gas-fired power station,30.6739,-91.3556
United States,Q30,http://www.wikidata.org/entity/Q116696548,Ben French,Gas-fired power station,44.087235,-103.261
United States,Q30,http://www.wikidata.org/entity/Q116696686,Hart,Gas-fired power station,43.704076,-86.36626
United States,Q30,http://www.wikidata.org/entity/Q116696450,Moline,Gas-fired power station,41.509959,-90.53402
United States,Q30,http://www.wikidata.org/entity/Q116696483,Butler-Warner Generation Plant,Gas-fired power station,35.0986,-78.8294
United States,Q30,http://www.wikidata.org/entity/Q116696576,Pearsall,Gas-fired power station,28.9275,-99.0919
United States,Q30,http://www.wikidata.org/entity/Q116696369,Tom G Smith,Gas-fired power station,26.612767,-80.0677
United States,Q30,http://www.wikidata.org/entity/Q116696783,Osborne,Gas-fired power station,39.441979,-98.6903
United States,Q30,http://www.wikidata.org/entity/Q116696575,J Robert Massengale,Gas-fired power station,33.6039,-101.8408
United States,Q30,http://www.wikidata.org/entity/Q116696635,Kaw,Gas-fired power station,39.0867,-94.65139
United States,Q30,http://www.wikidata.org/entity/Q116696577,Sam Rayburn,Gas-fired power station,28.8947,-97.135
United States,Q30,http://www.wikidata.org/entity/Q116696761,Coffeyville,Gas-fired power station,37.037344,-95.61269
United States,Q30,http://www.wikidata.org/entity/Q116696639,Wellington 1,Gas-fired power station,37.261372,-97.4057
United States,Q30,http://www.wikidata.org/entity/Q116696366,John R Kelly,Gas-fired power station,29.6461,-82.3208
United States,Q30,http://www.wikidata.org/entity/Q116696449,Joliet 9,Gas-fired power station,41.4931,-88.1153
United States,Q30,http://www.wikidata.org/entity/Q116696758,Chanute 2,Gas-fired power station,37.6953,-95.4586
United States,Q30,http://www.wikidata.org/entity/Q116696781,Osage City,Gas-fired power station,38.633183,-95.82766
United States,Q30,http://www.wikidata.org/entity/Q116696775,Kingman Municipal Power and Light Plant,Gas-fired power station,37.38311,-98.07036
United States,Q30,http://www.wikidata.org/entity/Q116696535,Preston (IA),Gas-fired power station,42.0507,-90.3942
United States,Q30,http://www.wikidata.org/entity/Q116696487,Rensselaer City Light Plant,Gas-fired power station,40.939528,-87.15447
United States,Q30,http://www.wikidata.org/entity/Q116696327,Kettle Falls Generating Station,Gas-fired power station,48.620336,-118.1111
United States,Q30,http://www.wikidata.org/entity/Q116714027,Field Street,Gas-fired power station,29.0213,-80.9949
United States,Q30,http://www.wikidata.org/entity/Q116712545,Phillips 66 Rodeo Refinery,Gas-fired power station,38.0417,-122.2583
United States,Q30,http://www.wikidata.org/entity/Q116712157,Tesoro Hawaii,Gas-fired power station,21.303229,-158.0914
United States,Q30,http://www.wikidata.org/entity/Q116712086,Factory,Gas-fired power station,39.825934,-89.63728
United States,Q30,http://www.wikidata.org/entity/Q116714056,M Street Jet,Gas-fired power station,42.339387,-71.03141
United States,Q30,http://www.wikidata.org/entity/Q116714872,Shoreham Energy LLC,Gas-fired power station,40.957053,-72.86588
United States,Q30,http://www.wikidata.org/entity/Q116714067,Hawaii Cogen,Gas-fired power station,21.311667,-158.1139
United States,Q30,http://www.wikidata.org/entity/Q116697068,Moose Lake,Gas-fired power station,46.454097,-92.76056
United States,Q30,http://www.wikidata.org/entity/Q116697138,Ansley,Gas-fired power station,41.289185,-99.38634
United States,Q30,http://www.wikidata.org/entity/Q116697161,North Denver,Gas-fired power station,40.598839,-98.38863
United States,Q30,http://www.wikidata.org/entity/Q116697254,Mooreland,Gas-fired power station,36.43725,-99.22543
United States,Q30,http://www.wikidata.org/entity/Q116697080,Redwood Falls,Gas-fired power station,44.5431,-95.1178
United States,Q30,http://www.wikidata.org/entity/Q116696890,Whitehead,Gas-fired power station,40.1817,-111.6203
United States,Q30,http://www.wikidata.org/entity/Q116697158,Falls City,Gas-fired power station,40.055,-95.6083
United States,Q30,http://www.wikidata.org/entity/Q116697247,Mangum,Gas-fired power station,34.8836,-99.5022
United States,Q30,http://www.wikidata.org/entity/Q116697048,George Johnson,Gas-fired power station,43.8393,-85.426
United States,Q30,http://www.wikidata.org/entity/Q116697179,Oxford (NE),Gas-fired power station,40.2581,-99.6108
United States,Q30,http://www.wikidata.org/entity/Q116696795,Garden City,Gas-fired power station,37.9703,-100.8956
United States,Q30,http://www.wikidata.org/entity/Q116697167,Syracuse # 2,Gas-fired power station,40.6756,-96.17778
United States,Q30,http://www.wikidata.org/entity/Q116696885,East 12th Street,Gas-fired power station,37.2367,-96.9625
United States,Q30,http://www.wikidata.org/entity/Q116697187,Wahoo,Gas-fired power station,41.211798,-96.61155
United States,Q30,http://www.wikidata.org/entity/Q116697076,Preston (MN),Gas-fired power station,43.6661,-92.0831
United States,Q30,http://www.wikidata.org/entity/Q116697121,Kennett,Gas-fired power station,36.2338,-90.0521
United States,Q30,http://www.wikidata.org/entity/Q116696853,Berlin,Gas-fired power station,38.327778,-75.21722
United States,Q30,http://www.wikidata.org/entity/Q116697046,Zeeland,Gas-fired power station,42.8067,-86.0558
United States,Q30,http://www.wikidata.org/entity/Q116697110,Chillicothe,Gas-fired power station,39.783388,-93.56411
United States,Q30,http://www.wikidata.org/entity/Q116697114,Fulton (MO),Gas-fired power station,38.868095,-91.94778
United States,Q30,http://www.wikidata.org/entity/Q116697071,New Ulm,Gas-fired power station,44.3159,-94.4581
United States,Q30,http://www.wikidata.org/entity/Q116697116,Higginsville,Gas-fired power station,39.073315,-93.71475
United States,Q30,http://www.wikidata.org/entity/Q116696926,Algodones,Gas-fired power station,35.384444,-106.4642
United States,Q30,http://www.wikidata.org/entity/Q116697186,Stuart (NE),Gas-fired power station,42.599377,-99.14371
United States,Q30,http://www.wikidata.org/entity/Q116696901,Heber City,Gas-fired power station,40.50368,-111.4252
United States,Q30,http://www.wikidata.org/entity/Q116696924,Maddox,Gas-fired power station,32.714224,-103.3015
United States,Q30,http://www.wikidata.org/entity/Q116696943,Greenidge Generation LLC,Gas-fired power station,42.6789,-76.9483
United States,Q30,http://www.wikidata.org/entity/Q116697231,Yankee Street,Gas-fired power station,39.603,-84.2047
United States,Q30,http://www.wikidata.org/entity/Q116696880,Augusta Electric Plant No 2,Gas-fired power station,37.686085,-96.96498
United States,Q30,http://www.wikidata.org/entity/Q116697043,Sturgis City Diesel Plant,Gas-fired power station,41.7992,-85.4256
United States,Q30,http://www.wikidata.org/entity/Q116697154,Curtis,Gas-fired power station,40.631453,-100.5152
United States,Q30,http://www.wikidata.org/entity/Q116697059,Hutchinson Plant #1,Gas-fired power station,44.895741,-94.36843
United States,Q30,http://www.wikidata.org/entity/Q116697142,Broken Bow,Gas-fired power station,41.4031,-99.6392
United States,Q30,http://www.wikidata.org/entity/Q116697157,Emerson,Gas-fired power station,42.276,-96.7292
United States,Q30,http://www.wikidata.org/entity/Q116696884,Hugoton 2,Gas-fired power station,37.16424,-101.3401
United States,Q30,http://www.wikidata.org/entity/Q116697111,Columbia (MO),Gas-fired power station,38.964646,-92.31677
United States,Q30,http://www.wikidata.org/entity/Q116697094,Benndale,Gas-fired power station,30.8889,-88.8054
United States,Q30,http://www.wikidata.org/entity/Q116697024,High Street Station,Gas-fired power station,42.6986,-70.8697
United States,Q30,http://www.wikidata.org/entity/Q116697234,Bryan (OH),Gas-fired power station,41.471822,-84.54315
United States,Q30,http://www.wikidata.org/entity/Q116697163,Laurel,Gas-fired power station,42.430539,-97.09081
United States,Q30,http://www.wikidata.org/entity/Q116697087,Wells IC,Gas-fired power station,43.74453,-93.72413
United States,Q30,http://www.wikidata.org/entity/Q116696846,Waverly Municipal Electric North Plant,Gas-fired power station,42.7317,-92.4711
United States,Q30,http://www.wikidata.org/entity/Q116697246,Kingfisher,Gas-fired power station,35.8575,-97.9277
United States,Q30,http://www.wikidata.org/entity/Q116696915,Fort Churchill,Gas-fired power station,39.1281,-119.1322
United States,Q30,http://www.wikidata.org/entity/Q116697244,Weleetka,Gas-fired power station,35.3233,-96.1352
United States,Q30,http://www.wikidata.org/entity/Q116696819,Hutchinson Plant #2,Gas-fired power station,44.888881,-94.34935
United States,Q30,http://www.wikidata.org/entity/Q116697023,Potter Station 2,Gas-fired power station,42.235,-70.9672
United States,Q30,http://www.wikidata.org/entity/Q116697054,Fairmont (MN),Gas-fired power station,43.6579,-94.4647
United States,Q30,http://www.wikidata.org/entity/Q116696888,Chanute 3,Gas-fired power station,37.6376,-95.4704
United States,Q30,http://www.wikidata.org/entity/Q116697357,New Castle Plant,Gas-fired power station,40.937939,-80.36901
United States,Q30,http://www.wikidata.org/entity/Q116697184,Sidney (NE),Gas-fired power station,41.145634,-102.9778
United States,Q30,http://www.wikidata.org/entity/Q116697238,Orrville,Gas-fired power station,40.850964,-81.76576
United States,Q30,http://www.wikidata.org/entity/Q116697237,Oberlin (OH),Gas-fired power station,41.2836,-82.2194
United States,Q30,http://www.wikidata.org/entity/Q116697126,Marshall (MO),Gas-fired power station,39.1228,-93.2064
United States,Q30,http://www.wikidata.org/entity/Q116697166,Nebraska City # 1,Gas-fired power station,40.6806,-95.8475
United States,Q30,http://www.wikidata.org/entity/Q116696847,D G Hunter,Gas-fired power station,31.3207,-92.4613
United States,Q30,http://www.wikidata.org/entity/Q116696799,Houma,Gas-fired power station,29.5806,-90.7225
United States,Q30,http://www.wikidata.org/entity/Q116697347,S A Carlson,Gas-fired power station,42.0933,-79.2478
United States,Q30,http://www.wikidata.org/entity/Q116697108,Carrollton,Gas-fired power station,39.3515,-93.5016
United States,Q30,http://www.wikidata.org/entity/Q116697155,David City,Gas-fired power station,41.254652,-97.1192
United States,Q30,http://www.wikidata.org/entity/Q116697243,Seminole,Gas-fired power station,34.96645,-96.7258
United States,Q30,http://www.wikidata.org/entity/Q116697072,New Prague,Gas-fired power station,44.5431,-93.5731
United States,Q30,http://www.wikidata.org/entity/Q116697364,Hunlock Power Station,Gas-fired power station,41.200556,-76.07
United States,Q30,http://www.wikidata.org/entity/Q116697093,Yazoo,Gas-fired power station,32.8458,-90.4211
United States,Q30,http://www.wikidata.org/entity/Q116697228,Tait Electric Generating Station,Gas-fired power station,39.727249,-84.21108
United States,Q30,http://www.wikidata.org/entity/Q116697141,Beaver City,Gas-fired power station,40.130304,-99.82777
United States,Q30,http://www.wikidata.org/entity/Q116696913,Tecumseh,Gas-fired power station,40.3664,-96.19
United States,Q30,http://www.wikidata.org/entity/Q116697044,Wyandotte,Gas-fired power station,42.2081,-83.1453
United States,Q30,http://www.wikidata.org/entity/Q116697389,Arcadia Electric,Gas-fired power station,44.2524,-91.5034
United States,Q30,http://www.wikidata.org/entity/Q116696925,Reeves,Gas-fired power station,35.171,-106.6019
United States,Q30,http://www.wikidata.org/entity/Q116697139,Auburn,Gas-fired power station,40.3883,-95.8464
United States,Q30,http://www.wikidata.org/entity/Q116697120,Kahoka,Gas-fired power station,40.4225,-91.7206
United States,Q30,http://www.wikidata.org/entity/Q116697253,Anadarko Plant,Gas-fired power station,35.0847,-98.23
United States,Q30,http://www.wikidata.org/entity/Q116715642,El Cajon Energy Center,Gas-fired power station,32.796106,-116.9721
United States,Q30,http://www.wikidata.org/entity/Q116715565,Orange Grove Peaking Facility,Gas-fired power station,33.3594,-117.1114
United States,Q30,http://www.wikidata.org/entity/Q116715092,Kapaia Power Station,Gas-fired power station,21.996451,-159.3758
United States,Q30,http://www.wikidata.org/entity/Q116715238,MJMEUC Generating Station #1,Gas-fired power station,39.251076,-91.64007
United States,Q30,http://www.wikidata.org/entity/Q116715572,Fairfield University CHP Plant,Gas-fired power station,41.1589,-73.2572
United States,Q30,http://www.wikidata.org/entity/Q116715261,Tesoro SLC Cogeneration Plant,Gas-fired power station,40.7931,-111.9038
United States,Q30,http://www.wikidata.org/entity/Q116715358,Midway Peaking LLC,Gas-fired power station,36.654114,-120.5797
United States,Q30,http://www.wikidata.org/entity/Q116715153,Campbell Industrial Park,Gas-fired power station,21.3025,-158.1017
United States,Q30,http://www.wikidata.org/entity/Q116715332,San Jacinto County Peaking Facility,Gas-fired power station,30.4193,-95.0118
United States,Q30,http://www.wikidata.org/entity/Q116715440,Geismar Cogen,Gas-fired power station,30.209,-90.9921
United States,Q30,http://www.wikidata.org/entity/Q116714970,Walton Bainbridge Power Facility,Gas-fired power station,30.910985,-84.5473
United States,Q30,http://www.wikidata.org/entity/Q116716075,TECO CHP-1,Gas-fired power station,29.703454,-95.39832
United States,Q30,http://www.wikidata.org/entity/Q116715930,Mont Belvieu Cogeneration Unit,Gas-fired power station,29.838138,-94.90066
United States,Q30,http://www.wikidata.org/entity/Q116716077,Monroe Generating Station,Gas-fired power station,34.985814,-80.50604
United States,Q30,http://www.wikidata.org/entity/Q116715715,GenConn Devon LLC,Gas-fired power station,41.2108,-73.1075
United States,Q30,http://www.wikidata.org/entity/Q116716084,Walnut Creek Energy Park,Gas-fired power station,34.008709,-117.9449
United States,Q30,http://www.wikidata.org/entity/Q116715878,Marsh Landing Generating Station,Gas-fired power station,38.016944,-121.765
United States,Q30,http://www.wikidata.org/entity/Q116714943,Hawkeye Energy Greenport LLC,Gas-fired power station,41.10603,-72.37616
United States,Q30,http://www.wikidata.org/entity/Q116716055,"Sentinel Energy Center, LLC",Gas-fired power station,33.934167,-116.5714
United States,Q30,http://www.wikidata.org/entity/Q116716136,Oxnard Paper Mill,Gas-fired power station,34.1414,-119.1831
United States,Q30,http://www.wikidata.org/entity/Q116716056,Mariposa Energy Project,Gas-fired power station,37.789167,-121.6019
United States,Q30,http://www.wikidata.org/entity/Q116715666,Canyon Power Plant,Gas-fired power station,33.858056,-117.8617
United States,Q30,http://www.wikidata.org/entity/Q116715231,McGrath Peaker,Gas-fired power station,34.205556,-119.2469
United States,Q30,http://www.wikidata.org/entity/Q116715448,Greenland Energy Center,Gas-fired power station,30.159131,-81.51842
United States,Q30,http://www.wikidata.org/entity/Q116715948,CityCenter Central Plant Cogen Units,Gas-fired power station,36.1039,-115.1794
United States,Q30,http://www.wikidata.org/entity/Q116716107,Pio Pico Energy Center,Gas-fired power station,32.573889,-116.9178
United States,Q30,http://www.wikidata.org/entity/Q116715151,Delta Power,Gas-fired power station,64.028056,-145.7194
United States,Q30,http://www.wikidata.org/entity/Q116715333,Hardin County Peaking Facility,Gas-fired power station,30.3038,-94.2526
United States,Q30,http://www.wikidata.org/entity/Q116715804,HSCo CHP,Gas-fired power station,41.7614,-72.6686
United States,Q30,http://www.wikidata.org/entity/Q116715336,Culbertson Generation Station,Gas-fired power station,48.21,-104.3917
United States,Q30,http://www.wikidata.org/entity/Q116715233,Mira Loma Peaker,Gas-fired power station,34.0053,-117.5604
United States,Q30,http://www.wikidata.org/entity/Q116715242,Black Mountain Generating Station,Gas-fired power station,35.0361,-114.1594
United States,Q30,http://www.wikidata.org/entity/Q116715712,GenConn Middletown LLC,Gas-fired power station,41.554444,-72.57667
United States,Q30,http://www.wikidata.org/entity/Q116715669,Cleveland Cnty Generating Facility,Gas-fired power station,35.170547,-81.41665
United States,Q30,http://www.wikidata.org/entity/Q116715235,Barre Peaker,Gas-fired power station,33.8073,-117.9832
United States,Q30,http://www.wikidata.org/entity/Q116715240,Marshfield Utilities Gas Plant,Gas-fired power station,44.634722,-90.13444
United States,Q30,http://www.wikidata.org/entity/Q116715379,Winchester Power Park,Gas-fired power station,30.0381,-96.9875
United States,Q30,http://www.wikidata.org/entity/Q116715259,Jonesboro City Water & Light Plant,Gas-fired power station,35.848561,-90.72538
United States,Q30,http://www.wikidata.org/entity/Q116715243,Elkins Generating Center,Gas-fired power station,35.9714,-94.0014
United States,Q30,http://www.wikidata.org/entity/Q116718395,Adkins Energy LLC,Gas-fired power station,42.362222,-89.80361
United States,Q30,http://www.wikidata.org/entity/Q116718463,Hoag Hospital Cogen Plant,Gas-fired power station,33.622778,-117.9364
United States,Q30,http://www.wikidata.org/entity/Q116718410,Williams College - Campus CHP,Gas-fired power station,42.709722,-73.20222
United States,Q30,http://www.wikidata.org/entity/Q116718428,Prairie Horizon Agri Energy,Gas-fired power station,39.761111,-99.30583
United States,Q30,http://www.wikidata.org/entity/Q116718489,CBS Television City,Gas-fired power station,34.075,-118.36
United States,Q30,http://www.wikidata.org/entity/Q116718353,"Kimberly Clark-Unit 1,2,3",Gas-fired power station,41.558333,-73.41361
United States,Q30,http://www.wikidata.org/entity/Q116718332,Battle Creek Mill,Gas-fired power station,42.3221,-85.2043
United States,Q30,http://www.wikidata.org/entity/Q116718255,Roquette America,Gas-fired power station,40.389167,-91.39417
United States,Q30,http://www.wikidata.org/entity/Q116718402,Central Utility Plant - Texas A&M,Gas-fired power station,30.617778,-96.34333
United States,Q30,http://www.wikidata.org/entity/Q116718162,Lockheed Martin Sunnyvale,Gas-fired power station,37.413056,-122.0281
United States,Q30,http://www.wikidata.org/entity/Q116718187,Woodbridge Energy Center,Gas-fired power station,40.515,-74.31889
United States,Q30,http://www.wikidata.org/entity/Q116718151,St Joseph Energy Center,Gas-fired power station,41.698992,-86.4797
United States,Q30,http://www.wikidata.org/entity/Q116718294,Panda Sherman Power Station,Gas-fired power station,33.582573,-96.61789
United States,Q30,http://www.wikidata.org/entity/Q116718291,Panda Temple Power Station,Gas-fired power station,31.055833,-97.31722
United States,Q30,http://www.wikidata.org/entity/Q116718351,Western Sugar Coop- Ft Morgan,Gas-fired power station,40.263,-103.8069
United States,Q30,http://www.wikidata.org/entity/Q116718375,Brookside Newark,Gas-fired power station,39.668889,-75.71611
United States,Q30,http://www.wikidata.org/entity/Q116718447,Grand Ave Plant,Gas-fired power station,39.111944,-94.58111
United States,Q30,http://www.wikidata.org/entity/Q116718557,The Andersons Albion Ethanol LLC,Gas-fired power station,42.256111,-84.78833
United States,Q30,http://www.wikidata.org/entity/Q116718163,Franklin Templeton San Mateo,Gas-fired power station,37.5425,-122.2928
United States,Q30,http://www.wikidata.org/entity/Q116718441,Parnassus Central Utility Plant,Gas-fired power station,37.762524,-122.4567
United States,Q30,http://www.wikidata.org/entity/Q116718443,Monroe Community College Plant,Gas-fired power station,43.103889,-77.61028
United States,Q30,http://www.wikidata.org/entity/Q116718512,TNSG North Plant,Gas-fired power station,70.235278,-148.3836
United States,Q30,http://www.wikidata.org/entity/Q116718529,Life Technologies Carlsbad,Gas-fired power station,33.137222,-117.2869
United States,Q30,http://www.wikidata.org/entity/Q116718442,Arizona State University CHP,Gas-fired power station,33.417222,-111.9283
United States,Q30,http://www.wikidata.org/entity/Q116718340,"PCA, Filer City Mill",Gas-fired power station,44.213333,-86.28667
United States,Q30,http://www.wikidata.org/entity/Q116718497,Brunswick County Power Station,Gas-fired power station,36.765,-77.71389
United States,Q30,http://www.wikidata.org/entity/Q116718464,CCSU Co-Gen-STBY Gen,Gas-fired power station,41.691389,-72.76861
United States,Q30,http://www.wikidata.org/entity/Q116718205,Pioneer Generating Station,Gas-fired power station,48.2325,-103.9528
United States,Q30,http://www.wikidata.org/entity/Q116718554,Bradley Energy Center,Gas-fired power station,41.927102,-72.68314
United States,Q30,http://www.wikidata.org/entity/Q116718503,Bay View Backup Power Facility,Gas-fired power station,41.688333,-83.48472
United States,Q30,http://www.wikidata.org/entity/Q116718530,Taylor Farms Salinas,Gas-fired power station,36.6575,-121.6233
United States,Q30,http://www.wikidata.org/entity/Q116718462,E.B. Eddy Paper Inc,Gas-fired power station,42.9896,-82.4379
United States,Q30,http://www.wikidata.org/entity/Q116718436,West Campus Steam Plant,Gas-fired power station,40.792778,-77.86472
United States,Q30,http://www.wikidata.org/entity/Q116718528,Juniper Networks Sunnyvale,Gas-fired power station,37.406944,-122.0269
United States,Q30,http://www.wikidata.org/entity/Q116718430,HVCC Cogen Plant,Gas-fired power station,42.696944,-73.68
United States,Q30,http://www.wikidata.org/entity/Q116718390,Prairies Edge Generating Facility,Gas-fired power station,41.06058,-87.30714
United States,Q30,http://www.wikidata.org/entity/Q116718501,NCAH Central Utility Plant,Gas-fired power station,42.046111,-93.57944
United States,Q30,http://www.wikidata.org/entity/Q116718473,CCSU Fuel Cell Project,Gas-fired power station,41.691944,-72.76111
United States,Q30,http://www.wikidata.org/entity/Q116718164,Adobe San Jose,Gas-fired power station,37.330556,-121.8931
United States,Q30,http://www.wikidata.org/entity/Q116718450,Central Utility Plant at White Oak,Gas-fired power station,39.039444,-76.9825
United States,Q30,http://www.wikidata.org/entity/Q116718408,Wesleyan University Cogen 1,Gas-fired power station,41.556389,-72.65389
United States,Q30,http://www.wikidata.org/entity/Q116718146,Peak Power 1 Cogen,Gas-fired power station,40.751111,-73.99167
United States,Q30,http://www.wikidata.org/entity/Q116718409,UCONN Cogen Facility,Gas-fired power station,41.809167,-72.25417
United States,Q30,http://www.wikidata.org/entity/Q116718382,TNSG South Plant,Gas-fired power station,70.2,-148.4667
United States,Q30,http://www.wikidata.org/entity/Q116718411,Western Michigan University Power Plant,Gas-fired power station,42.28,-85.60639
United States,Q30,http://www.wikidata.org/entity/Q116718482,Northeastern Illinois University Cogen,Gas-fired power station,41.981111,-87.71917
United States,Q30,http://www.wikidata.org/entity/Q116718438,Cargill Salt Hersey,Gas-fired power station,43.834167,-85.35583
United States,Q30,http://www.wikidata.org/entity/Q116718435,Bonanza BioEnergy LLC,Gas-fired power station,37.9586,-100.8361
United States,Q30,http://www.wikidata.org/entity/Q116718232,Sonoco Products Co,Gas-fired power station,34.385278,-80.06778
United States,Q30,http://www.wikidata.org/entity/Q116718231,Spreckels Sugar Company,Gas-fired power station,32.911111,-115.5681
United States,Q30,http://www.wikidata.org/entity/Q116718523,Roll Delano 2,Gas-fired power station,35.739722,-119.2381
United States,Q30,http://www.wikidata.org/entity/Q116718526,Xilinx San Jose,Gas-fired power station,37.252778,-121.9342
United States,Q30,http://www.wikidata.org/entity/Q116718525,Roll Lost Hills,Gas-fired power station,35.653056,-119.8897
United States,Q30,http://www.wikidata.org/entity/Q116718491,Rubart,Gas-fired power station,37.558611,-101.0994
United States,Q30,http://www.wikidata.org/entity/Q116718393,Kaiser Ontario,Gas-fired power station,34.0325,-117.6089
United States,Q30,http://www.wikidata.org/entity/Q116718407,SUNY Old Westbury College,Gas-fired power station,40.797858,-73.56566
United States,Q30,http://www.wikidata.org/entity/Q116718270,Lodi Energy Center,Gas-fired power station,38.088056,-121.3875
United States,Q30,http://www.wikidata.org/entity/Q116718219,Hurricane City Power,Gas-fired power station,37.185556,-113.2975
United States,Q30,http://www.wikidata.org/entity/Q116718417,William Floyd School District,Gas-fired power station,40.776944,-72.85083
United States,Q30,http://www.wikidata.org/entity/Q116718254,Woodall Gas Plant,Gas-fired power station,35.690833,-100.2403
United States,Q30,http://www.wikidata.org/entity/Q116718268,High Sierra Cogeneration Plant,Gas-fired power station,40.4128,-120.4774
United States,Q30,http://www.wikidata.org/entity/Q116718527,Honda Torrance,Gas-fired power station,33.838056,-118.315
United States,Q30,http://www.wikidata.org/entity/Q116718472,Marshalltown Generating Station,Gas-fired power station,42.043333,-92.87278
United States,Q30,http://www.wikidata.org/entity/Q116718414,College of New Jersey,Gas-fired power station,40.269444,-74.77333
United States,Q30,http://www.wikidata.org/entity/Q116718434,Arkalon Ethanol LLC,Gas-fired power station,37.110556,-100.8036
United States,Q30,http://www.wikidata.org/entity/Q116718223,Central Utility Plant Cincinnati,Gas-fired power station,39.134533,-84.50942
United States,Q30,http://www.wikidata.org/entity/Q116718419,CSUF Trigeneration,Gas-fired power station,33.880638,-117.8866
United States,Q30,http://www.wikidata.org/entity/Q116718524,Roll Delano,Gas-fired power station,35.734167,-119.2367
United States,Q30,http://www.wikidata.org/entity/Q116718234,East Campus Utility Plant,Gas-fired power station,39.137935,-84.50495
United States,Q30,http://www.wikidata.org/entity/Q116718252,MSC Croswell,Gas-fired power station,43.266389,-82.61917
United States,Q30,http://www.wikidata.org/entity/Q116718502,Port Westward Unit 2,Gas-fired power station,46.178889,-123.1719
United States,Q30,http://www.wikidata.org/entity/Q116718440,POET Biorefining Lake Crystal,Gas-fired power station,44.093333,-94.27667
United States,Q30,http://www.wikidata.org/entity/Q116718381,Cellu Tissue,Gas-fired power station,41.776111,-72.60667
United States,Q30,http://www.wikidata.org/entity/Q116715253,Western 102 Power Plant,Gas-fired power station,39.5603,-119.5108
United States,Q30,http://www.wikidata.org/entity/Q116716225,Thornridge High School,Gas-fired power station,41.6225,-87.5978
United States,Q30,http://www.wikidata.org/entity/Q116715744,Newark America Mill,Gas-fired power station,42.561007,-71.84881
United States,Q30,http://www.wikidata.org/entity/Q116715807,Cricket Valley Energy,Gas-fired power station,41.676111,-73.58111
United States,Q30,http://www.wikidata.org/entity/Q116715290,Colusa Generating Station,Gas-fired power station,39.3661,-122.27
United States,Q30,http://www.wikidata.org/entity/Q116716463,Algonquin Power Sanger LLC,Gas-fired power station,36.6842,-119.5522
United States,Q30,http://www.wikidata.org/entity/Q116718102,Cheyenne Prairie Generating Station,Gas-fired power station,41.123611,-104.72
United States,Q30,http://www.wikidata.org/entity/Q116716244,Portside Energy,Gas-fired power station,41.6317,-87.1728
United States,Q30,http://www.wikidata.org/entity/Q116718074,Astoria Energy II,Gas-fired power station,40.781321,-73.89662
United States,Q30,http://www.wikidata.org/entity/Q116716359,Haworth Water Treatment Plant,Gas-fired power station,40.959257,-74.01511
United States,Q30,http://www.wikidata.org/entity/Q116716224,Thornwood High School,Gas-fired power station,41.5839,-87.6047
United States,Q30,http://www.wikidata.org/entity/Q116716229,LSP-Whitewater LP,Gas-fired power station,42.855463,-88.72992
United States,Q30,http://www.wikidata.org/entity/Q116715267,Plains End II LLC,Gas-fired power station,39.8586,-105.2256
United States,Q30,http://www.wikidata.org/entity/Q116716129,Broadridge Cogen,Gas-fired power station,38.6183,-121.0564
United States,Q30,http://www.wikidata.org/entity/Q116715827,Soldotna,Gas-fired power station,60.499444,-150.9972
United States,Q30,http://www.wikidata.org/entity/Q116718082,Oakdale Renewable Energy Plant,Gas-fired power station,41.7053,-91.6033
United States,Q30,http://www.wikidata.org/entity/Q116715641,Pueblo Airport Generating Station,Gas-fired power station,38.320833,-104.5264
United States,Q30,http://www.wikidata.org/entity/Q116715257,Municipal Power Plant,Gas-fired power station,42.8129,-86.0335
United States,Q30,http://www.wikidata.org/entity/Q116718043,"Bos Dairy, LLC",Gas-fired power station,41.1153,-87.2328
United States,Q30,http://www.wikidata.org/entity/Q116718076,Foxwoods CoGen,Gas-fired power station,41.4731,-71.9606
United States,Q30,http://www.wikidata.org/entity/Q116716109,Sunnyvale City of WPCP,Gas-fired power station,37.4194,-122.0153
United States,Q30,http://www.wikidata.org/entity/Q116718106,Watkins Manufacturing Co.,Gas-fired power station,33.143847,-117.2369
United States,Q30,http://www.wikidata.org/entity/Q116715454,Bear Garden,Gas-fired power station,37.695556,-78.28528
United States,Q30,http://www.wikidata.org/entity/Q116715447,Kleen Energy Systems Project,Gas-fired power station,41.553227,-72.59687
United States,Q30,http://www.wikidata.org/entity/Q116716293,Bear Valley Power Plant,Gas-fired power station,34.2506,-116.9025
United States,Q30,http://www.wikidata.org/entity/Q116716458,Cal State Univ San Bernardino FC01,Gas-fired power station,34.185833,-117.3242
United States,Q30,http://www.wikidata.org/entity/Q116715453,Cedar Bayou 4,Gas-fired power station,29.751645,-94.92312
United States,Q30,http://www.wikidata.org/entity/Q116716277,Red Bluff,Gas-fired power station,40.1501,-122.2124
United States,Q30,http://www.wikidata.org/entity/Q116715339,Deer Creek Station,Gas-fired power station,44.290833,-96.52667
United States,Q30,http://www.wikidata.org/entity/Q116716297,Clearwater Power Plant,Gas-fired power station,33.8912,-117.6085
United States,Q30,http://www.wikidata.org/entity/Q116715232,Grapeland Hybrid,Gas-fired power station,34.0903,-117.5343
United States,Q30,http://www.wikidata.org/entity/Q116716388,Langley Gulch Power Plant,Gas-fired power station,43.904444,-116.8197
United States,Q30,http://www.wikidata.org/entity/Q116716366,Virginia Tech Power Plant,Gas-fired power station,37.2319,-80.4211
United States,Q30,http://www.wikidata.org/entity/Q116718066,Oregon State University Energy Center,Gas-fired power station,44.564333,-123.2891
United States,Q30,http://www.wikidata.org/entity/Q116715256,Riley Generating Station,Gas-fired power station,42.8333,-86.0053
United States,Q30,http://www.wikidata.org/entity/Q116715608,West Deptford Energy Station,Gas-fired power station,39.8414,-75.2214
United States,Q30,http://www.wikidata.org/entity/Q116715236,Center Hybrid,Gas-fired power station,33.9296,-118.1046
United States,Q30,http://www.wikidata.org/entity/Q116716233,Dighton Power Plant,Gas-fired power station,41.8312,-71.1239
United States,Q30,http://www.wikidata.org/entity/Q116718129,South Bay Fuel Cell Plant,Gas-fired power station,32.543333,-117.0678
United States,Q30,http://www.wikidata.org/entity/Q116716035,Caltech Central,Gas-fired power station,34.1358,-118.1267
United States,Q30,http://www.wikidata.org/entity/Q116718005,J Lamar Stall Unit,Gas-fired power station,32.51947,-93.76013
United States,Q30,http://www.wikidata.org/entity/Q116715678,Southcentral Power Project,Gas-fired power station,61.167417,-149.9053
United States,Q30,http://www.wikidata.org/entity/Q116716280,Central Michigan University,Gas-fired power station,43.590456,-84.779
United States,Q30,http://www.wikidata.org/entity/Q116715494,CPV St Charles Energy Center,Gas-fired power station,38.5686,-76.8919
United States,Q30,http://www.wikidata.org/entity/Q116715582,CPV Valley Energy Center,Gas-fired power station,41.4122,-74.4378
United States,Q30,http://www.wikidata.org/entity/Q116715415,CFB Power Plant,Gas-fired power station,28.650278,-96.53972
United States,Q30,http://www.wikidata.org/entity/Q116718105,City of Palo Alto,Gas-fired power station,37.4383,-122.1094
United States,Q30,http://www.wikidata.org/entity/Q116715950,Garrison Energy Center LLC,Gas-fired power station,39.187195,-75.4994
United States,Q30,http://www.wikidata.org/entity/Q116715761,UCI Facilities Management Central Plant,Gas-fired power station,33.6481,-117.8467
United States,Q30,http://www.wikidata.org/entity/Q116716135,University of California San Diego Hybrid,Gas-fired power station,32.8747,-117.2392
United States,Q30,http://www.wikidata.org/entity/Q116715249,Goodman Energy Center,Gas-fired power station,38.9303,-99.3617
United States,Q30,http://www.wikidata.org/entity/Q116715271,South Energy Center,Gas-fired power station,29.6383,-82.34
United States,Q30,http://www.wikidata.org/entity/Q116715266,Whitemarsh Central Utility Plant,Gas-fired power station,40.0975,-75.2428
United States,Q30,http://www.wikidata.org/entity/Q116720455,Greensville County Power Station,Gas-fired power station,36.718236,-77.64956
United States,Q30,http://www.wikidata.org/entity/Q116718814,Oxbow Creek,Gas-fired power station,41.608611,-75.87056
United States,Q30,http://www.wikidata.org/entity/Q116718747,One Market Plaza,Gas-fired power station,37.793333,-122.3942
United States,Q30,http://www.wikidata.org/entity/Q116718727,Princeton University Cogeneration,Gas-fired power station,40.341389,-74.65722
United States,Q30,http://www.wikidata.org/entity/Q116720012,"Hidden View Dairy, LLC",Gas-fired power station,41.032778,-87.0725
United States,Q30,http://www.wikidata.org/entity/Q116719027,Jameson Energy Center,Gas-fired power station,37.954722,-100.8306
United States,Q30,http://www.wikidata.org/entity/Q116719770,CJTS Energy Center,Gas-fired power station,41.552778,-72.625
United States,Q30,http://www.wikidata.org/entity/Q116719711,UCSD Fuel Cell Plant,Gas-fired power station,32.877222,-117.2347
United States,Q30,http://www.wikidata.org/entity/Q116718873,Hilton NY Co Gen Plant,Gas-fired power station,40.7625,-73.97917
United States,Q30,http://www.wikidata.org/entity/Q116720278,Washington City Electric Generation,Gas-fired power station,37.155,-113.4392
United States,Q30,http://www.wikidata.org/entity/Q116719731,Antelope Station,Gas-fired power station,33.865,-101.8433
United States,Q30,http://www.wikidata.org/entity/Q116718874,Milan,Gas-fired power station,41.894444,-76.58278
United States,Q30,http://www.wikidata.org/entity/Q116718700,"Bridgeport Fuel Cell, LLC",Gas-fired power station,41.168056,-73.21111
United States,Q30,http://www.wikidata.org/entity/Q116719878,Bristol Myers Squibb Lawrenceville,Gas-fired power station,40.324722,-74.70778
United States,Q30,http://www.wikidata.org/entity/Q116720586,UDR Glastonbury Fuel Cell,Gas-fired power station,41.716998,-72.53608
United States,Q30,http://www.wikidata.org/entity/Q116720450,Moxie Freedom Generation Plant,Gas-fired power station,41.113056,-76.15806
United States,Q30,http://www.wikidata.org/entity/Q116720665,Equinix San Jose,Gas-fired power station,37.241713,-121.7814
United States,Q30,http://www.wikidata.org/entity/Q116720362,Waynoka Gas Processing Plant,Gas-fired power station,36.651,-98.7656
United States,Q30,http://www.wikidata.org/entity/Q116718609,Hamilton Liberty,Gas-fired power station,41.7675,-76.39
United States,Q30,http://www.wikidata.org/entity/Q116718681,Carty Generating Station,Gas-fired power station,45.698611,-119.8131
United States,Q30,http://www.wikidata.org/entity/Q116718872,Alpaca,Gas-fired power station,41.663056,-76.80556
United States,Q30,http://www.wikidata.org/entity/Q116720368,Amazon San Bernardino,Gas-fired power station,34.088408,-117.2458
United States,Q30,http://www.wikidata.org/entity/Q116719738,LCEC Generation LLVC,Gas-fired power station,32.978056,-103.3239
United States,Q30,http://www.wikidata.org/entity/Q116720035,Middletown Energy Center,Gas-fired power station,39.465,-84.34778
United States,Q30,http://www.wikidata.org/entity/Q116719980,Wildcat Point Generation Facility,Gas-fired power station,39.719364,-76.16163
United States,Q30,http://www.wikidata.org/entity/Q116718613,Lansing BWL REO Town Plant,Gas-fired power station,42.719722,-84.55167
United States,Q30,http://www.wikidata.org/entity/Q116720075,Red Gate Power Plant,Gas-fired power station,26.451111,-98.1775
United States,Q30,http://www.wikidata.org/entity/Q116720600,Colorado Bend II,Gas-fired power station,29.289415,-96.0654
United States,Q30,http://www.wikidata.org/entity/Q116718736,DGS Central Utility Plant,Gas-fired power station,38.573889,-121.5014
United States,Q30,http://www.wikidata.org/entity/Q116718625,CBS Studio Center,Gas-fired power station,34.145,-118.3908
United States,Q30,http://www.wikidata.org/entity/Q116720315,CML&P Generating Facility No. 2,Gas-fired power station,37.092977,-95.58515
United States,Q30,http://www.wikidata.org/entity/Q116719777,Triton East and West Cogen,Gas-fired power station,41.916944,-87.84556
United States,Q30,http://www.wikidata.org/entity/Q116719992,Cogeneration 2,Gas-fired power station,32.240833,-110.9483
United States,Q30,http://www.wikidata.org/entity/Q116719755,Kaiser Downey,Gas-fired power station,33.919167,-118.1286
United States,Q30,http://www.wikidata.org/entity/Q116720542,UI RCP New Haven Fuel Cell,Gas-fired power station,41.288803,-72.89862
United States,Q30,http://www.wikidata.org/entity/Q116720034,Kings Mountain Energy Center,Gas-fired power station,35.2025,-81.36306
United States,Q30,http://www.wikidata.org/entity/Q116720608,Big Sand Draw Plant,Gas-fired power station,42.7527,-108.1697
United States,Q30,http://www.wikidata.org/entity/Q116719742,Lake Charles Polymers,Gas-fired power station,30.196571,-93.32197
United States,Q30,http://www.wikidata.org/entity/Q116720597,UCI Fuel Cell,Gas-fired power station,33.788,-117.8901
United States,Q30,http://www.wikidata.org/entity/Q116718955,Shell Chemical Appalachia LLC,Gas-fired power station,40.671667,-80.33639
United States,Q30,http://www.wikidata.org/entity/Q116718815,Roundtop,Gas-fired power station,41.657778,-76.04917
United States,Q30,http://www.wikidata.org/entity/Q116718931,Temple SEGF,Gas-fired power station,39.98,-75.15056
United States,Q30,http://www.wikidata.org/entity/Q116719037,Spring House,Gas-fired power station,40.183889,-75.23417
United States,Q30,http://www.wikidata.org/entity/Q116719891,Eklutna Generation Station,Gas-fired power station,61.457778,-149.3514
United States,Q30,http://www.wikidata.org/entity/Q116720369,Maxim,Gas-fired power station,37.405689,-121.9494
United States,Q30,http://www.wikidata.org/entity/Q116720580,Lorin Industries,Gas-fired power station,43.216639,-86.21444
United States,Q30,http://www.wikidata.org/entity/Q116718618,Red Lion Energy Center,Gas-fired power station,39.610083,-75.62974
United States,Q30,http://www.wikidata.org/entity/Q116720353,Carroll County Energy,Gas-fired power station,40.60441,-81.05918
United States,Q30,http://www.wikidata.org/entity/Q116718617,Glass House Camarillo Cultivation,Gas-fired power station,34.179722,-119.0831
United States,Q30,http://www.wikidata.org/entity/Q116720372,Mountain Home Energy Center,Gas-fired power station,36.309609,-82.3775
United States,Q30,http://www.wikidata.org/entity/Q116718993,"Potomac Energy Center, LLC",Gas-fired power station,39.058056,-77.545
United States,Q30,http://www.wikidata.org/entity/Q116720013,Verizon-Torrance,Gas-fired power station,33.850556,-118.3042
United States,Q30,http://www.wikidata.org/entity/Q116719784,Threemile Digester,Gas-fired power station,45.71,-119.9011
United States,Q30,http://www.wikidata.org/entity/Q116720142,Coldwater Peaking Plant,Gas-fired power station,41.919444,-85.02417
United States,Q30,http://www.wikidata.org/entity/Q116718658,LEPA Unit No. 1,Gas-fired power station,29.691111,-91.19278
United States,Q30,http://www.wikidata.org/entity/Q116719763,University of Rochester,Gas-fired power station,43.123889,-77.62889
United States,Q30,http://www.wikidata.org/entity/Q116720491,Pepperidge Farm Bloomfield,Gas-fired power station,41.869302,-72.71832
United States,Q30,http://www.wikidata.org/entity/Q116720666,Intel Santa Clara,Gas-fired power station,37.384745,-121.9638
United States,Q30,http://www.wikidata.org/entity/Q116719824,Museum of Science and Industry,Gas-fired power station,41.790556,-87.58278
United States,Q30,http://www.wikidata.org/entity/Q116719823,Transamerica Pyramid,Gas-fired power station,37.795556,-122.4028
United States,Q30,http://www.wikidata.org/entity/Q116719036,Rariton OMP,Gas-fired power station,40.574444,-74.64806
United States,Q30,http://www.wikidata.org/entity/Q116718728,Sierra Nevada Brewing Co Hybrid,Gas-fired power station,39.724167,-121.8153
United States,Q30,http://www.wikidata.org/entity/Q116718662,MAS ASB Cogen Plant,Gas-fired power station,33.655,-84.39444
United States,Q30,http://www.wikidata.org/entity/Q116718798,L V Sutton Combined Cycle,Gas-fired power station,34.283056,-77.98528
United States,Q30,http://www.wikidata.org/entity/Q116720370,Yahoo! - HQ,Gas-fired power station,37.415419,-122.0257
United States,Q30,http://www.wikidata.org/entity/Q116720403,Northwest Community Hospital,Gas-fired power station,42.067753,-87.99349
United States,Q30,http://www.wikidata.org/entity/Q116720275,Stillwater Energy Center,Gas-fired power station,36.161944,-97.03694
United States,Q30,http://www.wikidata.org/entity/Q116719801,Montefieor Medical Center Moses Division,Gas-fired power station,40.881389,-73.88028
United States,Q30,http://www.wikidata.org/entity/Q116720470,Sky Global Power One,Gas-fired power station,29.550278,-96.53778
United States,Q30,http://www.wikidata.org/entity/Q116718877,MTHS Co-Gen Buildings,Gas-fired power station,42.001944,-87.85222
United States,Q30,http://www.wikidata.org/entity/Q116697765,"Generate Colchester Fuel Cells, LLC",Gas-fired power station,41.59413,-72.33131
United States,Q30,http://www.wikidata.org/entity/Q116711937,Washington County Cogeneration Facility,Gas-fired power station,31.2504,-88.0156
United States,Q30,http://www.wikidata.org/entity/Q116697400,Powerlane Plant,Gas-fired power station,33.1707,-96.1264
United States,Q30,http://www.wikidata.org/entity/Q116697816,Costa Sur Plant,Gas-fired power station,18.003,-66.7597
United States,Q30,http://www.wikidata.org/entity/Q116697856,Hewlett Packard Puerto Rico,Gas-fired power station,18.485901,-67.10901
United States,Q30,http://www.wikidata.org/entity/Q116711837,Central Energy Plant,Gas-fired power station,28.4263,-81.5809
United States,Q30,http://www.wikidata.org/entity/Q116697480,Spencer,Gas-fired power station,33.1975,-97.1061
United States,Q30,http://www.wikidata.org/entity/Q116711829,Woodland,Gas-fired power station,37.652602,-121.0204
United States,Q30,http://www.wikidata.org/entity/Q116697691,Centech Gas Generator,Gas-fired power station,42.255386,-71.69051
United States,Q30,http://www.wikidata.org/entity/Q116697390,Cashton,Gas-fired power station,43.742874,-90.78033
United States,Q30,http://www.wikidata.org/entity/Q116711840,Redding Power,Gas-fired power station,40.507292,-122.4233
United States,Q30,http://www.wikidata.org/entity/Q116711873,Payson,Gas-fired power station,40.06084,-111.7302
United States,Q30,http://www.wikidata.org/entity/Q116697488,Olive,Gas-fired power station,34.1764,-118.3147
United States,Q30,http://www.wikidata.org/entity/Q116697850,AbbVie LTD,Gas-fired power station,18.432669,-66.56677
United States,Q30,http://www.wikidata.org/entity/Q116711838,State Line Combined Cycle,Gas-fired power station,37.0659,-94.614
United States,Q30,http://www.wikidata.org/entity/Q116697433,Bay Front,Gas-fired power station,46.587222,-90.9017
United States,Q30,http://www.wikidata.org/entity/Q116697466,Cumberland (WI),Gas-fired power station,45.5336,-92.0224
United States,Q30,http://www.wikidata.org/entity/Q116697507,Dansby,Gas-fired power station,30.7217,-96.4608
United States,Q30,http://www.wikidata.org/entity/Q116697530,Rokeby,Gas-fired power station,40.7316,-96.7364
United States,Q30,http://www.wikidata.org/entity/Q116697848,iPR Pharmaceuticals Inc.,Gas-fired power station,18.38537,-65.88247
United States,Q30,http://www.wikidata.org/entity/Q116697494,Lewis & Clark,Gas-fired power station,47.6785,-104.1567
United States,Q30,http://www.wikidata.org/entity/Q116711934,River Road Gen Plant,Gas-fired power station,45.6497,-122.7256
United States,Q30,http://www.wikidata.org/entity/Q116711834,Paragould Turbine,Gas-fired power station,36.024272,-90.50923
United States,Q30,http://www.wikidata.org/entity/Q116711924,SCA Cogen 2,Gas-fired power station,38.530943,-121.4001
United States,Q30,http://www.wikidata.org/entity/Q116711807,Barrow,Gas-fired power station,71.292,-156.7786
United States,Q30,http://www.wikidata.org/entity/Q116697737,Dania Beach 7,Gas-fired power station,26.0686,-80.1984
United States,Q30,http://www.wikidata.org/entity/Q116711866,Water Street Station,Gas-fired power station,43.582846,-83.8967
United States,Q30,http://www.wikidata.org/entity/Q116697500,John Twitty Energy Center,Gas-fired power station,37.151706,-93.38804
United States,Q30,http://www.wikidata.org/entity/Q116711895,Pratt 2,Gas-fired power station,37.6356,-98.745
United States,Q30,http://www.wikidata.org/entity/Q116711940,Tiger Bay,Gas-fired power station,27.746369,-81.84945
United States,Q30,http://www.wikidata.org/entity/Q116711865,Falling Spring,Gas-fired power station,39.9389,-77.6583
United States,Q30,http://www.wikidata.org/entity/Q116697798,Connecticut College,Gas-fired power station,,
United States,Q30,http://www.wikidata.org/entity/Q116711867,Henry Station,Gas-fired power station,43.595101,-83.89986
United States,Q30,http://www.wikidata.org/entity/Q116697797,CoreSite - Somerville,Gas-fired power station,,
United States,Q30,http://www.wikidata.org/entity/Q116697796,Equinix - Elmsford,Gas-fired power station,,
United States,Q30,http://www.wikidata.org/entity/Q116697790,Kaiser - Harbor City,Gas-fired power station,,
United States,Q30,http://www.wikidata.org/entity/Q116697794,Kaiser - LA,Gas-fired power station,,
United States,Q30,http://www.wikidata.org/entity/Q116697795,Kaiser - Woodland Hills,Gas-fired power station,,
United States,Q30,http://www.wikidata.org/entity/Q116697793,Life Technologies - Fremont,Gas-fired power station,,
United States,Q30,http://www.wikidata.org/entity/Q116697791,San Diego Community College,Gas-fired power station,,
United States,Q30,http://www.wikidata.org/entity/Q116699361,Poplar Bluff Generating Station,Gas-fired power station,36.7597,-90.3903
United States,Q30,http://www.wikidata.org/entity/Q116711939,General Electric Plastic,Gas-fired power station,32.310226,-86.52542
United States,Q30,http://www.wikidata.org/entity/Q116711841,Richard M Flynn,Gas-fired power station,40.8158,-73.064
United States,Q30,http://www.wikidata.org/entity/Q116722595,Dearborn Energy Center,Gas-fired power station,42.2969,-83.23125
United States,Q30,http://www.wikidata.org/entity/Q116721391,Salem Harbor Power Development LP,Gas-fired power station,42.525486,-70.87824
United States,Q30,http://www.wikidata.org/entity/Q116722847,Equinix Maple Ave. Fuel Cell,Gas-fired power station,33.92542,-118.3946
United States,Q30,http://www.wikidata.org/entity/Q116722396,APG Combined Heat and Power Plant,Gas-fired power station,39.3975,-76.2991
United States,Q30,http://www.wikidata.org/entity/Q116721033,Life Technologies - Pleasanton,Gas-fired power station,37.643889,-121.8842
United States,Q30,http://www.wikidata.org/entity/Q116721245,IBM Southbury,Gas-fired power station,41.472492,-73.20704
United States,Q30,http://www.wikidata.org/entity/Q116722844,Equinix Great Oaks Blvd. Fuel Cell,Gas-fired power station,37.24097,-121.7826
United States,Q30,http://www.wikidata.org/entity/Q116722708,"DTE Atlantic, LLC",Gas-fired power station,39.3733,-74.4369
United States,Q30,http://www.wikidata.org/entity/Q116720973,Shakopee Energy Park,Gas-fired power station,44.783611,-93.48111
United States,Q30,http://www.wikidata.org/entity/Q116721203,Marquette Energy Center,Gas-fired power station,46.56597,-87.43725
United States,Q30,http://www.wikidata.org/entity/Q116722742,ATT Jericho,Gas-fired power station,40.830219,-73.35224
United States,Q30,http://www.wikidata.org/entity/Q116721419,Hopewell Cogeneration NJ,Gas-fired power station,40.348275,-74.7715
United States,Q30,http://www.wikidata.org/entity/Q116721180,Santa Rita Jail Fuel Cell,Gas-fired power station,37.719166,-121.8869
United States,Q30,http://www.wikidata.org/entity/Q116720930,CPV Fairview Energy Center,Gas-fired power station,40.412,-78.855
United States,Q30,http://www.wikidata.org/entity/Q116722401,Northern Westchester Hospital,Gas-fired power station,41.196839,-73.7257
United States,Q30,http://www.wikidata.org/entity/Q116722747,APP Prune A-D,Gas-fired power station,37.331666,-122.0067
United States,Q30,http://www.wikidata.org/entity/Q116722382,Victoria City Power LLC,Gas-fired power station,28.7853,-97.0093
United States,Q30,http://www.wikidata.org/entity/Q116722746,MER Queens,Gas-fired power station,40.7345,-73.87094
United States,Q30,http://www.wikidata.org/entity/Q116720909,Westside Energy Station,Gas-fired power station,44.039023,-92.55187
United States,Q30,http://www.wikidata.org/entity/Q116722514,Beloit Memorial Hospital Power Plant,Gas-fired power station,42.5486,-89.0083
United States,Q30,http://www.wikidata.org/entity/Q116721167,Owatonna Energy Station,Gas-fired power station,44.085225,-93.26271
United States,Q30,http://www.wikidata.org/entity/Q116722068,Toray Plastic America's CHP Plant,Gas-fired power station,41.593802,-71.42761
United States,Q30,http://www.wikidata.org/entity/Q116722839,Mission College Blvd. Fuel Cell,Gas-fired power station,37.38633,-121.9624
United States,Q30,http://www.wikidata.org/entity/Q116721955,Sikorsky Aircraft CHP,Gas-fired power station,41.250009,-73.09865
United States,Q30,http://www.wikidata.org/entity/Q116721578,Boston Medical Center CHP Plant,Gas-fired power station,42.334651,-71.07417
United States,Q30,http://www.wikidata.org/entity/Q116721414,Lake Charles Power,Gas-fired power station,30.272631,-93.29906
United States,Q30,http://www.wikidata.org/entity/Q116722443,Denton Energy Center,Gas-fired power station,33.214869,-97.20969
United States,Q30,http://www.wikidata.org/entity/Q116720934,UI RCP Woodbridge FC,Gas-fired power station,41.358035,-73.00781
United States,Q30,http://www.wikidata.org/entity/Q116722745,FLEX Gibraltar,Gas-fired power station,37.417288,-121.8941
United States,Q30,http://www.wikidata.org/entity/Q116721621,Wolf Run Energy,Gas-fired power station,41.610981,-76.29936
United States,Q30,http://www.wikidata.org/entity/Q116721034,Kellogg's - San Jose,Gas-fired power station,37.356389,-121.8719
United States,Q30,http://www.wikidata.org/entity/Q116722529,Berry NMW Cogens,Gas-fired power station,35.307555,-119.6116
United States,Q30,http://www.wikidata.org/entity/Q116721792,NYU LANGONE HEALTH,Gas-fired power station,40.746778,-73.97223
United States,Q30,http://www.wikidata.org/entity/Q116721659,Long Ridge Energy Generation,Gas-fired power station,39.704887,-80.84185
United States,Q30,http://www.wikidata.org/entity/Q116722677,Micro Santa Clara,Gas-fired power station,37.378422,-121.9
United States,Q30,http://www.wikidata.org/entity/Q116720711,Keys Energy Center,Gas-fired power station,38.695519,-76.82779
United States,Q30,http://www.wikidata.org/entity/Q116722531,Blue Water Energy Center,Gas-fired power station,42.773716,-82.47933
United States,Q30,http://www.wikidata.org/entity/Q116722743,ATT Kelvin,Gas-fired power station,33.684675,-117.8368
United States,Q30,http://www.wikidata.org/entity/Q116722841,Kaiser Deer Valley Rd. Fuel Cell,Gas-fired power station,37.95169,-121.7718
United States,Q30,http://www.wikidata.org/entity/Q116721715,F.D. Kuester Generating Station,Gas-fired power station,46.512697,-87.51074
United States,Q30,http://www.wikidata.org/entity/Q116722846,Equinix Douglas St. Fuel Cell,Gas-fired power station,33.9212,-118.3845
United States,Q30,http://www.wikidata.org/entity/Q116722674,Digital Fairfield,Gas-fired power station,41.24019,-73.14603
United States,Q30,http://www.wikidata.org/entity/Q116721555,AT&T Anaheim,Gas-fired power station,33.836439,-117.9169
United States,Q30,http://www.wikidata.org/entity/Q116721802,Provo Power Plant,Gas-fired power station,40.2427,-111.663
United States,Q30,http://www.wikidata.org/entity/Q116721175,"Clean Energy Future-Lordstown, LLC",Gas-fired power station,41.14889,-80.85162
United States,Q30,http://www.wikidata.org/entity/Q116721930,NCSU CCUP Cogeneration Plant,Gas-fired power station,35.775583,-78.67372
United States,Q30,http://www.wikidata.org/entity/Q116722675,Regeneron Tarrytown,Gas-fired power station,41.077952,-73.82065
United States,Q30,http://www.wikidata.org/entity/Q116722842,Kaiser Owens Dr. Fuel Cell,Gas-fired power station,37.69923,-121.8942
United States,Q30,http://www.wikidata.org/entity/Q116721493,Birdsboro Power,Gas-fired power station,40.268522,-75.79967
United States,Q30,http://www.wikidata.org/entity/Q116722781,Rockland Bakery Inc.,Gas-fired power station,41.190589,-74.06511
United States,Q30,http://www.wikidata.org/entity/Q116720831,Tenaska Westmoreland Generating Station,Gas-fired power station,40.175249,-79.69667
United States,Q30,http://www.wikidata.org/entity/Q116722840,Kaiser East La Palma Ave. Fuel Cell,Gas-fired power station,33.85098,-117.8453
United States,Q30,http://www.wikidata.org/entity/Q116722655,Regeneron Pharmaceuticals Inc.,Gas-fired power station,41.07875,-73.82227
United States,Q30,http://www.wikidata.org/entity/Q116721412,St. Charles Power Station (LA),Gas-fired power station,30.01,-90.46083
United States,Q30,http://www.wikidata.org/entity/Q116721110,Wolf Hollow II,Gas-fired power station,32.337679,-97.73461
United States,Q30,http://www.wikidata.org/entity/Q116721523,Sub 12,Gas-fired power station,30.459813,-84.26003
United States,Q30,http://www.wikidata.org/entity/Q116721832,Good Samaritan Hospital,Gas-fired power station,41.111498,-74.1354
United States,Q30,http://www.wikidata.org/entity/Q116722668,Kimberly Clark Mobile - CHP Plant,Gas-fired power station,30.737741,-88.04977
United States,Q30,http://www.wikidata.org/entity/Q116720745,Okeechobee Clean Energy Center,Gas-fired power station,27.634167,-80.79111
United States,Q30,http://www.wikidata.org/entity/Q116721095,Subase Microgrid Project,Gas-fired power station,41.400008,-72.08599
United States,Q30,http://www.wikidata.org/entity/Q116722012,Trinity College Fuel Cell,Gas-fired power station,41.746288,-72.68936
United States,Q30,http://www.wikidata.org/entity/Q116720755,South Field Energy,Gas-fired power station,40.63534,-80.67825
United States,Q30,http://www.wikidata.org/entity/Q116722741,Disney Prospect,Gas-fired power station,34.083387,-118.4338
United States,Q30,http://www.wikidata.org/entity/Q116721714,A.J. Mihm Generating Station,Gas-fired power station,46.792669,-88.61401
United States,Q30,http://www.wikidata.org/entity/Q116720756,Lackawanna Energy Center,Gas-fired power station,41.471389,-75.54417
United States,Q30,http://www.wikidata.org/entity/Q116721169,Hummel Station LLC,Gas-fired power station,40.839014,-76.82552
United States,Q30,http://www.wikidata.org/entity/Q116722845,Equinix Lundy Ave. Fuel Cell,Gas-fired power station,37.38846,-121.889
United States,Q30,http://www.wikidata.org/entity/Q116722931,Bridgewater Complex Co-Generation Plant,Gas-fired power station,41.931838,-70.95839
United States,Q30,http://www.wikidata.org/entity/Q116721411,Montgomery County,Gas-fired power station,30.44083,-95.5275
United States,Q30,http://www.wikidata.org/entity/Q116722910,Mount Joy Wire,Gas-fired power station,40.10846,-76.47673
United States,Q30,http://www.wikidata.org/entity/Q116721246,Pixar - Emeryville,Gas-fired power station,37.83286,-122.284
United States,Q30,http://www.wikidata.org/entity/Q116722638,Albert Einstein College of Medicine,Gas-fired power station,40.85132,-73.8483
United States,Q30,http://www.wikidata.org/entity/Q116722843,Kaiser Napa Valley Corporate Dr Fuel Cell,Gas-fired power station,38.25477,-122.2731
United States,Q30,http://www.wikidata.org/entity/Q116721488,Hickory Run Energy Station,Gas-fired power station,40.994444,-80.43
United States,Q30,http://www.wikidata.org/entity/Q116722736,"Hill Top Energy Center, LLC",Gas-fired power station,39.894212,-79.9382
United States,Q30,http://www.wikidata.org/entity/Q116722744,ATT Van Nyus,Gas-fired power station,34.196324,-118.4482
United States,Q30,http://www.wikidata.org/entity/Q116721991,SunSelect1,Gas-fired power station,35.096709,-118.6022
United States,Q30,http://www.wikidata.org/entity/Q116721182,Pfizer Groton Fuel Cell,Gas-fired power station,41.333889,-72.07111
United States,Q30,http://www.wikidata.org/entity/Q116721109,Starbucks - Evolution Fresh,Gas-fired power station,34.093684,-117.551
United States,Q30,http://www.wikidata.org/entity/Q116721983,Navy Yard Peaker Station,Gas-fired power station,39.890223,-75.18554
United States,Q30,http://www.wikidata.org/entity/Q116722054,Cleveland Thermal,Gas-fired power station,41.5094,-81.68227
United States,Q30,http://www.wikidata.org/entity/Q116722040,"Princeton Energy Center, LLC",Gas-fired power station,40.339838,-74.62393
United States,Q30,http://www.wikidata.org/entity/Q116721554,AT&T Holger,Gas-fired power station,37.417638,-121.9445
United States,Q30,http://www.wikidata.org/entity/Q116721012,Stanton Energy Reliability Center Hybrid,Gas-fired power station,33.806801,-117.9858
United States,Q30,http://www.wikidata.org/entity/Q116721326,Lake Forest Hospital Central Energy Plant,Gas-fired power station,42.25416,-87.86428
United States,Q30,http://www.wikidata.org/entity/Q116721002,TRS Fuel Cell,Gas-fired power station,41.3907,-73.4354
United States,Q30,http://www.wikidata.org/entity/Q116722676,Ratkovich Alhambra,Gas-fired power station,34.08145,-118.1519
United States,Q30,http://www.wikidata.org/entity/Q116721611,NY - Presbyt. Hospital - 525 E 68TH St,Gas-fired power station,40.764396,-73.95393
United States,Q30,http://www.wikidata.org/entity/Q116722151,Victoria Port Power II LLC,Gas-fired power station,28.698477,-96.94613
United States,Q30,http://www.wikidata.org/entity/Q116723835,NHH004 Winthrop Fuel Cell,Gas-fired power station,40.656847,-73.94666
United States,Q30,http://www.wikidata.org/entity/Q116723815,ATT North Watney,Gas-fired power station,38.236257,-122.0778
United States,Q30,http://www.wikidata.org/entity/Q116723177,"Jackson Generation, LLC",Gas-fired power station,41.438536,-88.11063
United States,Q30,http://www.wikidata.org/entity/Q116724075,ACM - Midtown Thermal,Gas-fired power station,39.359831,-74.43423
United States,Q30,http://www.wikidata.org/entity/Q116724136,ECP Uptown Campus,Gas-fired power station,40.43727,-79.98741
United States,Q30,http://www.wikidata.org/entity/Q116724853,WAL2724,Gas-fired power station,29.693424,-95.21041
United States,Q30,http://www.wikidata.org/entity/Q116724770,WAL266,Gas-fired power station,32.922049,-97.08199
United States,Q30,http://www.wikidata.org/entity/Q116724193,"POET Biorefining Caro, LLC",Gas-fired power station,43.472885,-83.41176
United States,Q30,http://www.wikidata.org/entity/Q116723825,One Patriot,Gas-fired power station,42.093394,-71.26531
United States,Q30,http://www.wikidata.org/entity/Q116724103,Tinker,Gas-fired power station,35.414719,-97.37345
United States,Q30,http://www.wikidata.org/entity/Q116723883,EQX012 Harz Fuel Cell,Gas-fired power station,40.77782,-74.07591
United States,Q30,http://www.wikidata.org/entity/Q116724376,Bloom-Altice Fuel Cell,Gas-fired power station,40.76119,-73.49435
United States,Q30,http://www.wikidata.org/entity/Q116723823,Tate & Lyle Loudon Plant,Gas-fired power station,35.735092,-84.3193
United States,Q30,http://www.wikidata.org/entity/Q116723396,Jefferson Torresdale Hospital,Gas-fired power station,40.071128,-74.98306
United States,Q30,http://www.wikidata.org/entity/Q116724776,WAL461,Gas-fired power station,28.702031,-100.4827
United States,Q30,http://www.wikidata.org/entity/Q116723967,SJRR Power LLC,Gas-fired power station,29.88193,-95.11148
United States,Q30,http://www.wikidata.org/entity/Q116724773,WAL414,Gas-fired power station,33.857046,-98.49901
United States,Q30,http://www.wikidata.org/entity/Q116723573,South Windsor Fuel Cell,Gas-fired power station,41.815417,-72.61438
United States,Q30,http://www.wikidata.org/entity/Q116723879,EQX002 Secaucus Rd Fuel Cell,Gas-fired power station,40.77536,-74.07034
United States,Q30,http://www.wikidata.org/entity/Q116724191,"POET Biorefining - Marion, LLC",Gas-fired power station,40.622,-83.157
United States,Q30,http://www.wikidata.org/entity/Q116723988,Equinix Caspian Dr. Fuel Cell,Gas-fired power station,37.415092,-122.0521
United States,Q30,http://www.wikidata.org/entity/Q116723833,SDM000 Clarkson Fuel Cell,Gas-fired power station,40.65511,-73.94415
United States,Q30,http://www.wikidata.org/entity/Q116723880,EQX003 Secaucus Rd Fuel Cell,Gas-fired power station,40.77853,-74.07224
United States,Q30,http://www.wikidata.org/entity/Q116723887,JSR000 N Mathilda Fuel Cell,Gas-fired power station,37.4124,-122.024
United States,Q30,http://www.wikidata.org/entity/Q116724791,WAL522,Gas-fired power station,29.894458,-95.06497
United States,Q30,http://www.wikidata.org/entity/Q116723890,SCU000 El Camino Real Fuel Cell,Gas-fired power station,37.34994,-121.9406
United States,Q30,http://www.wikidata.org/entity/Q116723876,AGT000 Stevens Creek Fuel Cell,Gas-fired power station,37.32489,-121.9989
United States,Q30,http://www.wikidata.org/entity/Q116723694,Central CA Fuel Cell 1,Gas-fired power station,36.18347,-119.3743
United States,Q30,http://www.wikidata.org/entity/Q116724805,WAL1232,Gas-fired power station,31.080808,-97.45776
United States,Q30,http://www.wikidata.org/entity/Q116724391,Clyde Peaking Engine,Gas-fired power station,41.293294,-82.96526
United States,Q30,http://www.wikidata.org/entity/Q116723834,NHH003 Clarkson Fuel Cell,Gas-fired power station,40.65653,-73.94278
United States,Q30,http://www.wikidata.org/entity/Q116724800,WAL897,Gas-fired power station,30.896466,-102.9072
United States,Q30,http://www.wikidata.org/entity/Q116723816,ATT Ventura Blvd,Gas-fired power station,34.152191,-118.4561
United States,Q30,http://www.wikidata.org/entity/Q116723865,Topaz Generating,Gas-fired power station,29.426389,-94.97667
United States,Q30,http://www.wikidata.org/entity/Q116724078,DCO Burlington,Gas-fired power station,40.108316,-74.8264
United States,Q30,http://www.wikidata.org/entity/Q116724771,WAL284,Gas-fired power station,32.576159,-97.13005
United States,Q30,http://www.wikidata.org/entity/Q116724774,WAL452,Gas-fired power station,26.243944,-98.24506
United States,Q30,http://www.wikidata.org/entity/Q116722940,NASA Johnson Space Center CHP,Gas-fired power station,29.562372,-95.0893
United States,Q30,http://www.wikidata.org/entity/Q116724852,WAL2439,Gas-fired power station,29.817549,-94.90046
United States,Q30,http://www.wikidata.org/entity/Q116724758,Fuel Cell 18B Sneden Avenue,Gas-fired power station,40.540457,-74.17656
United States,Q30,http://www.wikidata.org/entity/Q116724190,POET Biorefining - Jewell,Gas-fired power station,42.3284,-93.6623
United States,Q30,http://www.wikidata.org/entity/Q116724804,WAL1103,Gas-fired power station,29.998163,-95.4862
United States,Q30,http://www.wikidata.org/entity/Q116723826,Tracy 210,Gas-fired power station,37.72201,-121.531
United States,Q30,http://www.wikidata.org/entity/Q116724203,"POET Biorefining - North Manchester, LLC",Gas-fired power station,40.941967,-85.80359
United States,Q30,http://www.wikidata.org/entity/Q116724527,IXYS - Beverly,Gas-fired power station,42.579489,-70.91078
United States,Q30,http://www.wikidata.org/entity/Q116723817,Extreme Via Del Oro,Gas-fired power station,37.23811,-121.7853
United States,Q30,http://www.wikidata.org/entity/Q116724830,Tate & Lyle Lafayette South Plant,Gas-fired power station,40.376319,-86.8437
United States,Q30,http://www.wikidata.org/entity/Q116723522,Kings Plaza Total Energy Plant (TEP),Gas-fired power station,40.610181,-73.92001
United States,Q30,http://www.wikidata.org/entity/Q116724799,WAL896,Gas-fired power station,32.673532,-97.03623
United States,Q30,http://www.wikidata.org/entity/Q116724818,WAL1272,Gas-fired power station,32.691018,-100.9179
United States,Q30,http://www.wikidata.org/entity/Q116724775,WAL456,Gas-fired power station,25.976057,-97.51945
United States,Q30,http://www.wikidata.org/entity/Q116723882,EQX011 Duane Fuel Cell,Gas-fired power station,37.37816,-121.955
United States,Q30,http://www.wikidata.org/entity/Q116723878,CST001 McCarthy Fuel Cell,Gas-fired power station,37.40553,-121.9168
United States,Q30,http://www.wikidata.org/entity/Q116723844,SWM Fuel Cell,Gas-fired power station,40.79,-72.93
United States,Q30,http://www.wikidata.org/entity/Q116724793,WAL536,Gas-fired power station,32.48078,-99.69802
United States,Q30,http://www.wikidata.org/entity/Q116724114,KSR053 Cantara Fuel Cell,Gas-fired power station,33.7902,-118.2943
United States,Q30,http://www.wikidata.org/entity/Q116724841,Pittsburgh Airport Gas Plant,Gas-fired power station,40.495,-80.233
United States,Q30,http://www.wikidata.org/entity/Q116724789,WAL462,Gas-fired power station,29.421764,-95.23078
United States,Q30,http://www.wikidata.org/entity/Q116723555,Valero Wilmington Cogeneration Plant,Gas-fired power station,33.778655,-118.2385
United States,Q30,http://www.wikidata.org/entity/Q116724797,WAL791,Gas-fired power station,27.769271,-98.04319
United States,Q30,http://www.wikidata.org/entity/Q116724801,WAL947,Gas-fired power station,33.673162,-96.61213
United States,Q30,http://www.wikidata.org/entity/Q116723813,Illumina Way SD,Gas-fired power station,32.87302,-117.1997
United States,Q30,http://www.wikidata.org/entity/Q116723600,HO Clarke Generating,Gas-fired power station,29.64536,-95.45169
United States,Q30,http://www.wikidata.org/entity/Q116723693,UB Fuel Cell,Gas-fired power station,41.165036,-73.19606
United States,Q30,http://www.wikidata.org/entity/Q116724760,FDX010.0 FedEx Fuel Cell,Gas-fired power station,41.5948,-72.71316
United States,Q30,http://www.wikidata.org/entity/Q116724113,IIV000 Mt Bethel Fuel Cell,Gas-fired power station,40.63251,-74.50348
United States,Q30,http://www.wikidata.org/entity/Q116723888,KSR028 Merced Fuel Cell,Gas-fired power station,37.70649,-122.1647
United States,Q30,http://www.wikidata.org/entity/Q116723889,GEN005 Antibody Fuel Cell,Gas-fired power station,33.21086,-117.299
United States,Q30,http://www.wikidata.org/entity/Q116724798,WAL872,Gas-fired power station,29.573168,-95.2839
United States,Q30,http://www.wikidata.org/entity/Q116724510,Orbit Bloom Fuel Cell,Gas-fired power station,40.819031,-72.96574
United States,Q30,http://www.wikidata.org/entity/Q116723998,Duke Energy CHP at Clemson University,Gas-fired power station,34.6779,-82.8231
United States,Q30,http://www.wikidata.org/entity/Q116724802,WAL972,Gas-fired power station,32.811848,-97.42474
United States,Q30,http://www.wikidata.org/entity/Q116724850,WAL1455,Gas-fired power station,32.764483,-97.16926
United States,Q30,http://www.wikidata.org/entity/Q116724772,WAL407,Gas-fired power station,31.089722,-97.72928
United States,Q30,http://www.wikidata.org/entity/Q116723877,AGT001 Centerville Fuel Cell,Gas-fired power station,39.75787,-75.62208
United States,Q30,http://www.wikidata.org/entity/Q116724768,WAL194,Gas-fired power station,29.776274,-94.97446
United States,Q30,http://www.wikidata.org/entity/Q116724375,LabCorp Engine,Gas-fired power station,40.570448,-74.63951
United States,Q30,http://www.wikidata.org/entity/Q116724803,WAL1062,Gas-fired power station,29.551973,-95.15913
United States,Q30,http://www.wikidata.org/entity/Q116724856,WAL2993,Gas-fired power station,29.613582,-95.64465
United States,Q30,http://www.wikidata.org/entity/Q116724194,"POET Biorefining-Hanlontown, LLC",Gas-fired power station,43.29236,-93.3928
United States,Q30,http://www.wikidata.org/entity/Q116723761,Essex County Correctional Facility Cogen,Gas-fired power station,40.7205,-74.1263
United States,Q30,http://www.wikidata.org/entity/Q116724790,WAL504,Gas-fired power station,29.26514,-94.83295
United States,Q30,http://www.wikidata.org/entity/Q116724110,Norwalk Hospital Plant,Gas-fired power station,41.110861,-73.42197
United States,Q30,http://www.wikidata.org/entity/Q116724528,Braes Bayou Plant,Gas-fired power station,29.480277,-95.62028
United States,Q30,http://www.wikidata.org/entity/Q116724855,WAL2980,Gas-fired power station,32.89517,-97.28653
United States,Q30,http://www.wikidata.org/entity/Q116724794,WAL537,Gas-fired power station,31.8957,-102.3325
United States,Q30,http://www.wikidata.org/entity/Q116723891,TLR000 Hansen Fuel Cell,Gas-fired power station,36.65676,-121.6243
United States,Q30,http://www.wikidata.org/entity/Q116723733,Montclair State University Cogen,Gas-fired power station,40.865207,-74.19665
United States,Q30,http://www.wikidata.org/entity/Q116723675,BYU Central Heating Plant,Gas-fired power station,40.24724,-111.6462
United States,Q30,http://www.wikidata.org/entity/Q116723884,EQX015 Great Oaks Fuel Cell,Gas-fired power station,37.24187,-121.7816
United States,Q30,http://www.wikidata.org/entity/Q116724757,Fuel Cell 18A Sneden Avenue,Gas-fired power station,40.540377,-74.17676
United States,Q30,http://www.wikidata.org/entity/Q116724851,WAL1801,Gas-fired power station,32.668729,-97.13183
United States,Q30,http://www.wikidata.org/entity/Q116723814,Extreme San Ignacio,Gas-fired power station,37.237,-121.7853
United States,Q30,http://www.wikidata.org/entity/Q116723539,Delta Energy Park,Gas-fired power station,42.690644,-84.65778
United States,Q30,http://www.wikidata.org/entity/Q116723135,Phoenix Contact - CCHP Plant,Gas-fired power station,40.229379,-76.75007
United States,Q30,http://www.wikidata.org/entity/Q116724070,Ross Hall Central Utility Plant,Gas-fired power station,38.900216,-77.05079
United States,Q30,http://www.wikidata.org/entity/Q116723166,Burrstone Energy Center,Gas-fired power station,43.09534,-75.27836
United States,Q30,http://www.wikidata.org/entity/Q116723852,St. Mary's Hospital For Children,Gas-fired power station,40.77698,-73.77045
United States,Q30,http://www.wikidata.org/entity/Q116723881,EQX010 Great Oaks Fuel Cell,Gas-fired power station,37.24212,-121.7831
United States,Q30,http://www.wikidata.org/entity/Q116724792,WAL529,Gas-fired power station,29.372305,-95.00045
United States,Q30,http://www.wikidata.org/entity/Q11957058,Q11957058,Gas-fired power station,,
United States,Q30,http://www.wikidata.org/entity/Q17761601,Q17761601,Gas-fired power station,,
United States,Q30,http://www.wikidata.org/entity/Q116723515,VPPSA Project 10,Gas-fired power station,44.916666,-73.1
United States,Q30,http://www.wikidata.org/entity/Q116722539,ABEC #4 dba CE&S Dairy,Gas-fired power station,35.17306,-119.1164
United States,Q30,http://www.wikidata.org/entity/Q116714512,Grand Blanc Generating Station,Gas-fired power station,42.908815,-83.72509
United States,Q30,http://www.wikidata.org/entity/Q116723530,New River Clean Energy,Gas-fired power station,37.81577,-81.16193
United States,Q30,http://www.wikidata.org/entity/Q116714600,Brent Run Generating Station,Gas-fired power station,43.17642,-83.84797
United States,Q30,http://www.wikidata.org/entity/Q116724310,SB Water Reclamation Fuel Cell,Gas-fired power station,34.075594,-117.2873
United States,Q30,http://www.wikidata.org/entity/Q116724681,Diamond H Dairy Power,Gas-fired power station,37.01618,-120.3728
United States,Q30,http://www.wikidata.org/entity/Q116724374,Still Water Power,Gas-fired power station,36.398796,-119.5243
United States,Q30,http://www.wikidata.org/entity/Q116714606,Twin Bridges LFGTE,Gas-fired power station,39.744983,-86.49466
United States,Q30,http://www.wikidata.org/entity/Q124463895,Valencia Power Plant,Gas-fired power station,31.36357,-110.93193
United States,Q30,http://www.wikidata.org/entity/Q116714587,Peoples Generating Station,Gas-fired power station,43.27975,-83.86507
United States,Q30,http://www.wikidata.org/entity/Q125698100,Syracuse University Steam Station,Gas-fired power station,43.039150087,-76.143501834
United States,Q30,http://www.wikidata.org/entity/Q116714524,Seneca Energy,Gas-fired power station,42.9281,-76.8408
United States,Q30,http://www.wikidata.org/entity/Q116714620,Monterey One Water,Gas-fired power station,36.7056,-121.7714
United States,Q30,http://www.wikidata.org/entity/Q116712832,Gary Works,Gas-fired power station,41.622426,-87.32894
United States,Q30,http://www.wikidata.org/entity/Q12005485,Tennessee Eastman Power Plant,Gas-fired power station,36.5219,-82.5431
United States,Q30,http://www.wikidata.org/entity/Q116714632,Ocean County Landfill Power Plant,Gas-fired power station,40.024937,-74.25014
United States,Q30,http://www.wikidata.org/entity/Q116723071,Coventry Clean Energy Corporation,Gas-fired power station,44.908716,-72.22145
United States,Q30,http://www.wikidata.org/entity/Q116712153,Engineered Carbons Borger Cogen,Gas-fired power station,35.66704,-101.432
United States,Q30,http://www.wikidata.org/entity/Q116722650,Verwey-Hanford Dairy Digester #2,Gas-fired power station,36.18519,-119.6815
United States,Q30,http://www.wikidata.org/entity/Q116722651,Verwey-Hanford Dairy Digester #3,Gas-fired power station,36.18519,-119.6815
United States,Q30,http://www.wikidata.org/entity/Q116723913,Milner Butte LFGE,Gas-fired power station,42.466911,-114.0046
United States,Q30,http://www.wikidata.org/entity/Q116724266,Central Generating,Gas-fired power station,43.33349,-85.50601
United States,Q30,http://www.wikidata.org/entity/Q116740401,Gila River Power Block 2,Gas-fired power station,32.975,-112.6944
United States,Q30,http://www.wikidata.org/entity/Q116740253,Glenwood,Gas-fired power station,40.827149,-73.64747
United States,Q30,http://www.wikidata.org/entity/Q116712271,Indiana Harbor West,Gas-fired power station,41.663765,-87.45233
United States,Q30,http://www.wikidata.org/entity/Q116712829,Clairton Works,Gas-fired power station,40.3097,-79.8819
United States,Q30,http://www.wikidata.org/entity/Q116723885,Autumn Hills Generating Facility,Gas-fired power station,42.783,-85.92195
United States,Q30,http://www.wikidata.org/entity/Q116714594,Adrian Energy Associates LLC,Gas-fired power station,41.890968,-83.99286
United States,Q30,http://www.wikidata.org/entity/Q116712218,ArcelorMittal Burns Harbor,Gas-fired power station,41.635,-87.1387
United States,Q30,http://www.wikidata.org/entity/Q116725335,Flathead Landfill to Gas Energy Facility,Gas-fired power station,48.313067,-114.3421
United States,Q30,http://www.wikidata.org/entity/Q116712308,Expander Turbine,Gas-fired power station,41.6836,-87.4233
United States,Q30,http://www.wikidata.org/entity/Q116714608,Prairie View I & II LFGTE,Gas-fired power station,41.4936,-86.1658
United States,Q30,http://www.wikidata.org/entity/Q116724016,Tajiguas Resource Recovery Project,Gas-fired power station,34.482175,-120.1235
United States,Q30,http://www.wikidata.org/entity/Q116712272,Arcelormittal Cleveland Inc,Gas-fired power station,41.4739,-81.6728
United States,Q30,http://www.wikidata.org/entity/Q116725048,Chalk Point Steam,Gas-fired power station,38.5444,-76.6861
United States,Q30,http://www.wikidata.org/entity/Q116714617,EKS Landfill,Gas-fired power station,44.7806,-93.3094
United States,Q30,http://www.wikidata.org/entity/Q116725356,WLWPCF Cogeneration Facility,Gas-fired power station,45.00812,-123.0529
United States,Q30,http://www.wikidata.org/entity/Q116712831,Mon Valley Works,Gas-fired power station,40.3925,-79.8564
United States,Q30,http://www.wikidata.org/entity/Q116722801,Morehead Generating Facility,Gas-fired power station,38.191,-83.544
India,Q668,http://www.wikidata.org/entity/Q16908984,Essar Vadinar Power Plant,Gas-fired power station,22.3245738,69.7377971
India,Q668,http://www.wikidata.org/entity/Q16947651,Dhuvaran Gas Based CCPP,Gas-fired power station,22.239802477,72.752497906
India,Q668,http://www.wikidata.org/entity/Q120079702,SUGEN Mega Power Plant,Gas-fired power station,21.3405535,72.9889315
India,Q668,http://www.wikidata.org/entity/Q19377031,Assam Gas based power plant,Gas-fired power station,27.3414652,95.4077625
India,Q668,http://www.wikidata.org/entity/Q19387447,Samalkot Power Project,Gas-fired power station,17.0421146,82.1404886
India,Q668,http://www.wikidata.org/entity/Q17750345,Q17750345,Gas-fired power station,,
India,Q668,http://www.wikidata.org/entity/Q97186310,Agartala GT CCPP,Gas-fired power station,,
India,Q668,http://www.wikidata.org/entity/Q97187723,Tripura Gas based CCPP,Gas-fired power station,,
India,Q668,http://www.wikidata.org/entity/Q7237615,Pragati-I Combined Cycle Gas Power Station,Gas-fired power station,28.6151411,77.252733
India,Q668,http://www.wikidata.org/entity/Q120422842,GSPC Pipavav Power Station,Gas-fired power station,20.8984882,71.4691329
India,Q668,http://www.wikidata.org/entity/Q5617018,GSEG Combined Cycle Power plant,Gas-fired power station,21.1648759,72.6620216
India,Q668,http://www.wikidata.org/entity/Q15991692,Maithon Gas Turbine Station,Gas-fired power station,,
India,Q668,http://www.wikidata.org/entity/Q15991744,Kasba Thermal Power Station,Gas-fired power station,,
India,Q668,http://www.wikidata.org/entity/Q16894638,Essar Bhander Power Plant,Gas-fired power station,,
India,Q668,http://www.wikidata.org/entity/Q17088295,Sakthan Thampuran Bio-Waste Treatment Plant,Gas-fired power station,,
India,Q668,http://www.wikidata.org/entity/Q11994626,Paguthan Combined Cycle Power Plant,Gas-fired power station,21.7806319,72.9790383
India,Q668,http://www.wikidata.org/entity/Q11972267,Goa Power Station,Gas-fired power station,15.3773603,73.8769578
India,Q668,http://www.wikidata.org/entity/Q16896197,ONGC Tripura Power Plant,Gas-fired power station,23.4983274,91.4385867
India,Q668,http://www.wikidata.org/entity/Q120080744,DGEN Mega Power Plant,Gas-fired power station,21.7057166,72.6126311
India,Q668,http://www.wikidata.org/entity/Q15991671,Dholpur Combined Cycle Power Station,Gas-fired power station,26.7027561,77.8489441
India,Q668,http://www.wikidata.org/entity/Q119629819,Vemagiri Power Plant,Gas-fired power station,16.9247168,81.8130104
India,Q668,http://www.wikidata.org/entity/Q4822081,NTPC Auraiya Gas Power Station,Gas-fired power station,26.6286,79.5278
India,Q668,http://www.wikidata.org/entity/Q11978364,Jegurupadu Combined Cycle Power Plant,Gas-fired power station,16.9317788,81.8603761
India,Q668,http://www.wikidata.org/entity/Q17747140,Dhuvaran Thermal Power Station,Gas-fired power station,22.2395886,72.7528599
India,Q668,http://www.wikidata.org/entity/Q120451102,Konaseema Gas Power,Gas-fired power station,16.7349034,81.8626097
India,Q668,http://www.wikidata.org/entity/Q7237608,Pragati-III Combined Cycle Power Plant,Gas-fired power station,28.79472222,77.07
India,Q668,http://www.wikidata.org/entity/Q16894378,Essar Hazira Power Plant,Gas-fired power station,21.1130709,72.6563753
India,Q668,http://www.wikidata.org/entity/Q16889538,Gautami Combined Cycle Power Plant,Gas-fired power station,17.0388752,82.1290254
India,Q668,http://www.wikidata.org/entity/Q11981567,Lanco Kondapalli Power Plant,Gas-fired power station,16.6400313,80.5513438
India,Q668,http://www.wikidata.org/entity/Q15991528,Uran Gas Turbine Power Station,Gas-fired power station,18.8814393,72.9702089
India,Q668,http://www.wikidata.org/entity/Q19377601,BSES Kerala Power,Gas-fired power station,10.0733528,76.319111
India,Q668,http://www.wikidata.org/entity/Q4770874,Anta Thermal Power Station,Gas-fired power station,25.18388889,76.31944444
India,Q668,http://www.wikidata.org/entity/Q120451124,Vijjeswaram Power Station,Gas-fired power station,16.9343231,81.724382
India,Q668,http://www.wikidata.org/entity/Q119661699,Gama Infraprop Private Limited,Gas-fired power station,29.141198,78.9633241
India,Q668,http://www.wikidata.org/entity/Q119661928,Kashipur Sravanthi Power Station,Gas-fired power station,29.1550284,78.9749354
India,Q668,http://www.wikidata.org/entity/Q16927793,Trombay Thermal Power Station,Gas-fired power station,19.0018976,72.8991473
India,Q668,http://www.wikidata.org/entity/Q7286193,Rajiv Gandhi Combined Cycle Power Plant,Gas-fired power station,9.23888889,76.43027778
India,Q668,http://www.wikidata.org/entity/Q15991665,Ramgarh Gas Thermal Power Station,Gas-fired power station,27.3365,70.5331
India,Q668,http://www.wikidata.org/entity/Q12005190,Lanco Tanjore Power Plant,Gas-fired power station,11.1207333,79.5288008
India,Q668,http://www.wikidata.org/entity/Q6955488,NTPC Dadri,Gas-fired power station,28.6003,77.6085
India,Q668,http://www.wikidata.org/entity/Q6190893,Jhanor-Gandhar Thermal Power Station,Gas-fired power station,21.824154,73.1139386
India,Q668,http://www.wikidata.org/entity/Q5973021,IPGCL Gas Turbine Power Station,Gas-fired power station,28.619473,77.2502965
India,Q668,http://www.wikidata.org/entity/Q16963944,Utran Gas Based Power Station,Gas-fired power station,21.228772,72.870909
India,Q668,http://www.wikidata.org/entity/Q5207477,Dabhol Power Station,Gas-fired power station,17.55972222,73.16638889
India,Q668,http://www.wikidata.org/entity/Q11996996,Rajahmundry Power Plant,Gas-fired power station,16.9247599,81.810507
India,Q668,http://www.wikidata.org/entity/Q120428955,Spectrum Power Generation Limited,Gas-fired power station,17.0584155,82.3094201
India,Q668,http://www.wikidata.org/entity/Q17749958,Vadodara Power Plant,Gas-fired power station,22.3762102,73.1014341
India,Q668,http://www.wikidata.org/entity/Q6379713,Kawas Thermal Power Station,Gas-fired power station,21.1706,72.6889
India,Q668,http://www.wikidata.org/entity/Q5435280,Faridabad Thermal Power Plant,Gas-fired power station,28.3461,77.3583
Germany,Q183,http://www.wikidata.org/entity/Q1457084,Hamm-Uentrop power station,Gas-fired power station,51.6739,7.92917
Germany,Q183,http://www.wikidata.org/entity/Q1601474,Kassel power station,Gas-fired power station,51.2791,9.48401
Germany,Q183,http://www.wikidata.org/entity/Q30973194,Duisburg-Wanheim power station,Gas-fired power station,51.39,6.748055555
Germany,Q183,http://www.wikidata.org/entity/Q1315344,Huntorf power station,Gas-fired power station,53.1897,8.40886
Germany,Q183,http://www.wikidata.org/entity/Q1547171,Kraftwerk Erfurt-Ost,Gas-fired power station,51.01861111,11.03944444
Germany,Q183,http://www.wikidata.org/entity/Q27050575,Heizkraftwerk West (Frankfurt),Gas-fired power station,50.098333,8.653361
Germany,Q183,http://www.wikidata.org/entity/Q1374342,Buch combined heat and power station,Gas-fired power station,52.6347,13.5103
Germany,Q183,http://www.wikidata.org/entity/Q11975147,Q11975147,Gas-fired power station,,
Germany,Q183,http://www.wikidata.org/entity/Q11987879,Q11987879,Gas-fired power station,,
Germany,Q183,http://www.wikidata.org/entity/Q12010473,Q12010473,Gas-fired power station,,
Germany,Q183,http://www.wikidata.org/entity/Q17781992,Q17781992,Gas-fired power station,,
Germany,Q183,http://www.wikidata.org/entity/Q1786136,Kirchmöser power station,Gas-fired power station,52.3942,12.4181
Germany,Q183,http://www.wikidata.org/entity/Q19398629,Q19398629,Gas-fired power station,,
Germany,Q183,http://www.wikidata.org/entity/Q1786072,Bremen-Hastedt power plant,Gas-fired power station,53.0598,8.87317
Germany,Q183,http://www.wikidata.org/entity/Q19283665,Darmstadt gas power station,Gas-fired power station,49.88555556,8.64944444
Germany,Q183,http://www.wikidata.org/entity/Q1707198,Power Station Duisburg-Huckingen,Gas-fired power station,51.3761,6.72387
Germany,Q183,http://www.wikidata.org/entity/Q117475,Q117475,Gas-fired power station,53.1289,8.68524
Germany,Q183,http://www.wikidata.org/entity/Q27842223,Heizkraftwerk Potsdam-Süd,Gas-fired power station,52.365206,13.113053
Germany,Q183,http://www.wikidata.org/entity/Q1493565,Veltheim joint-venture power station,Gas-fired power station,52.1898,8.93324
Germany,Q183,http://www.wikidata.org/entity/Q1601501,Heizkraftwerk Wuppertal-Barmen,Gas-fired power station,51.26888889,7.20027778
Germany,Q183,http://www.wikidata.org/entity/Q1786159,Meppen-Hüntel power station,Gas-fired power station,52.7548,7.27681
Germany,Q183,http://www.wikidata.org/entity/Q30973445,Q30973445,Gas-fired power station,48.797555555,12.868277777
Germany,Q183,http://www.wikidata.org/entity/Q977649,Hermann Wenzel power station,Gas-fired power station,51.45992,6.73095
Germany,Q183,http://www.wikidata.org/entity/Q15814995,Heizkraftwerk Sandreuth,Gas-fired power station,49.43861111,11.06055556
Germany,Q183,http://www.wikidata.org/entity/Q1495685,Q1495685,Gas-fired power station,53.8925,9.20089
Germany,Q183,http://www.wikidata.org/entity/Q1307882,Heizkraftwerk Linden,Gas-fired power station,52.3729,9.71419
Germany,Q183,http://www.wikidata.org/entity/Q66351221,Knapsack combined cycle power stations,Gas-fired power station,50.859444,6.841111
Germany,Q183,http://www.wikidata.org/entity/Q1601502,Heizkraftwerk Würzburg,Gas-fired power station,49.799972222,9.923
Germany,Q183,http://www.wikidata.org/entity/Q1552533,GuD-Kraftwerk Münster Hafen,Gas-fired power station,51.9501,7.64128
Germany,Q183,http://www.wikidata.org/entity/Q19392478,Hamburg Tiefstack combined heat and power station,Gas-fired power station,53.526944444,10.063611111
Germany,Q183,http://www.wikidata.org/entity/Q1672903,Charlottenburg power station,Gas-fired power station,52.5214,13.3103
Germany,Q183,http://www.wikidata.org/entity/Q1515067,Gerstein power station,Gas-fired power station,51.6733,7.71694
Germany,Q183,http://www.wikidata.org/entity/Q57951054,Knapsack II combined cycle power station,Gas-fired power station,50.861944444,6.847777777
Germany,Q183,http://www.wikidata.org/entity/Q1495686,Ahrensfelde power station,Gas-fired power station,52.5896,13.5586
Germany,Q183,http://www.wikidata.org/entity/Q1786055,Q1786055,Gas-fired power station,49.5137,8.43156
Germany,Q183,http://www.wikidata.org/entity/Q15294503,Q15294503,Gas-fired power station,51.079277777,6.828638888
Germany,Q183,http://www.wikidata.org/entity/Q685443,Franken I power station,Gas-fired power station,49.4208,11.0088
Germany,Q183,http://www.wikidata.org/entity/Q15804403,Heizkraftwerk des Mercedes-Benz-Werks Sindelfingen,Gas-fired power station,48.69722222,8.99916667
Germany,Q183,http://www.wikidata.org/entity/Q20704185,Heizkraftwerk Hamborn,Gas-fired power station,51.492182,6.727523
Germany,Q183,http://www.wikidata.org/entity/Q1379608,Thyrow power station,Gas-fired power station,52.2302,13.3014
Germany,Q183,http://www.wikidata.org/entity/Q1786061,Lichterfelde power station,Gas-fired power station,52.4256,13.31
Germany,Q183,http://www.wikidata.org/entity/Q1786197,Römerbrück power station,Gas-fired power station,49.2236,7.015
Germany,Q183,http://www.wikidata.org/entity/Q19377541,Knapsack I combined cycle power station,Gas-fired power station,50.859166666,6.841111111
Germany,Q183,http://www.wikidata.org/entity/Q20671817,Emden power station,Gas-fired power station,53.3404,7.2102
Germany,Q183,http://www.wikidata.org/entity/Q1473343,Kirchlengern power station,Gas-fired power station,52.1962,8.64744
Germany,Q183,http://www.wikidata.org/entity/Q1144058,Cuno-Kraftwerk,Gas-fired power station,51.403,7.414388888
Germany,Q183,http://www.wikidata.org/entity/Q1349188,Emsland gas power station,Gas-fired power station,52.481,7.30574
Germany,Q183,http://www.wikidata.org/entity/Q1601476,Heizkraftwerk Köln-Merkenich,Gas-fired power station,51.0179,6.96405
Germany,Q183,http://www.wikidata.org/entity/Q1786107,Kraftwerk Halle-Dieselstraße,Gas-fired power station,51.459,11.9931
Germany,Q183,http://www.wikidata.org/entity/Q105453404,Q105453404,Gas-fired power station,,
Germany,Q183,http://www.wikidata.org/entity/Q878529,Irsching Power Station,Gas-fired power station,48.7675,11.58
Germany,Q183,http://www.wikidata.org/entity/Q1786148,Lausward power station,Gas-fired power station,51.2214,6.73111
Germany,Q183,http://www.wikidata.org/entity/Q1501013,Q1501013,Gas-fired power station,53.1294,8.68198
Germany,Q183,http://www.wikidata.org/entity/Q1786143,"Landesbergen power station ""Robert Frank""",Gas-fired power station,52.5467,9.11303
Germany,Q183,http://www.wikidata.org/entity/Q113572048,Biblis gas turbine power station,Gas-fired power station,49.705371,8.415036
Germany,Q183,http://www.wikidata.org/entity/Q1146168,Q1146168,Gas-fired power station,53.49,9.95166667
Germany,Q183,http://www.wikidata.org/entity/Q1786112,Hausham power station,Gas-fired power station,47.7522,11.8398
Germany,Q183,http://www.wikidata.org/entity/Q30973700,Q30973700,Gas-fired power station,50.026888888,8.237527777
Germany,Q183,http://www.wikidata.org/entity/Q54881660,Küstenkraftwerk Kiel,Gas-fired power station,54.340833333,10.178611111
Germany,Q183,http://www.wikidata.org/entity/Q1786140,Klingenberg power station,Gas-fired power station,52.49,13.495
Germany,Q183,http://www.wikidata.org/entity/Q106448450,Grubengaskraftwerk Lüdersfeld,Gas-fired power station,52.3609,9.2369
Germany,Q183,http://www.wikidata.org/entity/Q139366,Heizkraftwerk München Süd,Gas-fired power station,48.1143,11.5559
Japan,Q17,http://www.wikidata.org/entity/Q11627411,Nishi-Nagoya Thermal Power Station,Gas-fired power station,35.03302778,136.83036111
Japan,Q17,http://www.wikidata.org/entity/Q11456426,Toyama Shinko Thermal Power Plant,Gas-fired power station,36.76508333,137.128
Japan,Q17,http://www.wikidata.org/entity/Q11378031,Sendai Thermal Power Station,Gas-fired power station,38.317139,141.073444
Japan,Q17,http://www.wikidata.org/entity/Q11527051,Higashi-Ohgishima Thermal Power Station,Gas-fired power station,35.49567,139.74524
Japan,Q17,http://www.wikidata.org/entity/Q24899350,Kashima Kyodo Power Station,Gas-fired power station,35.94058333,140.68875
Japan,Q17,http://www.wikidata.org/entity/Q11980452,Q11980452,Gas-fired power station,,
Japan,Q17,http://www.wikidata.org/entity/Q2944667,Futtsu Power Station,Gas-fired power station,35.34305556,139.83388889
Japan,Q17,http://www.wikidata.org/entity/Q575395,Anegasaki Power Station,Gas-fired power station,35.485,140.01666667
Japan,Q17,http://www.wikidata.org/entity/Q11548505,Mizushima Power Station,Gas-fired power station,34.508186,133.746353
Japan,Q17,http://www.wikidata.org/entity/Q11408221,Nanko Power Station,Gas-fired power station,34.617694,135.404861
Japan,Q17,http://www.wikidata.org/entity/Q11225731,JFE Chiba Clean Power Station,Gas-fired power station,,
Japan,Q17,http://www.wikidata.org/entity/Q11225732,JFE Chiba Nishi Power Station,Gas-fired power station,,
Japan,Q17,http://www.wikidata.org/entity/Q11305139,Summit Mihama Power,Gas-fired power station,,
Japan,Q17,http://www.wikidata.org/entity/Q11336773,Zero Watt Power Ichihara Power Station,Gas-fired power station,,
Japan,Q17,http://www.wikidata.org/entity/Q11364080,Funamachi Power Plant,Gas-fired power station,,
Japan,Q17,http://www.wikidata.org/entity/Q11449450,Uji Energy Center,Gas-fired power station,,
Japan,Q17,http://www.wikidata.org/entity/Q11480021,Ichihara Power,Gas-fired power station,,
Japan,Q17,http://www.wikidata.org/entity/Q11496836,Ohgishima Power,Gas-fired power station,,
Japan,Q17,http://www.wikidata.org/entity/Q11498545,Settsu Energy Center,Gas-fired power station,,
Japan,Q17,http://www.wikidata.org/entity/Q11506612,Japan Techno Sodegaura Green Power,Gas-fired power station,,
Japan,Q17,http://www.wikidata.org/entity/Q11543510,Yokosuka Power Station,Gas-fired power station,,
Japan,Q17,http://www.wikidata.org/entity/Q11554736,Senboku Natural Gas Power Generation,Gas-fired power station,,
Japan,Q17,http://www.wikidata.org/entity/Q11609172,Zero Watt Power Mihama Power Station,Gas-fired power station,,
Japan,Q17,http://www.wikidata.org/entity/Q11643941,Torishima Energy Center,Gas-fired power station,,
Japan,Q17,http://www.wikidata.org/entity/Q11677103,South Kashima Power Plant,Gas-fired power station,,
Japan,Q17,http://www.wikidata.org/entity/Q57537051,Kita Gas Ishikari Power Station,Gas-fired power station,43.211666666,141.295555555
Japan,Q17,http://www.wikidata.org/entity/Q2944681,Kawagoe Power Station,Gas-fired power station,35.00694444,136.68888889
Japan,Q17,http://www.wikidata.org/entity/Q79316703,Kobelco Power Moka,Gas-fired power station,36.456638888,139.972833333
Japan,Q17,http://www.wikidata.org/entity/Q11371991,Goi Thermal Power Station,Gas-fired power station,35.546668279,140.072209803
Japan,Q17,http://www.wikidata.org/entity/Q11543225,Yokohama Power Station,Gas-fired power station,35.4739,139.679
Japan,Q17,http://www.wikidata.org/entity/Q11501652,Shin-Oita Power Plant,Gas-fired power station,33.26725,131.70758333
Japan,Q17,http://www.wikidata.org/entity/Q11428311,Sakaiko Power Station,Gas-fired power station,34.567722,135.440444
Japan,Q17,http://www.wikidata.org/entity/Q11501484,Shin-Nagoya Thermal Power Station,Gas-fired power station,35.066421,136.877353
Japan,Q17,http://www.wikidata.org/entity/Q11418415,Shinagawa Thermal Power Station,Gas-fired power station,35.62058333,139.75577778
Japan,Q17,http://www.wikidata.org/entity/Q445757,Niigata Thermal Power Station,Gas-fired power station,37.945833,139.081389
Japan,Q17,http://www.wikidata.org/entity/Q10564605,Kansai International Airport Energy Center,Gas-fired power station,34.432511,135.23573
Japan,Q17,http://www.wikidata.org/entity/Q11534085,Yanai Power Station,Gas-fired power station,33.95333333,132.1235
Japan,Q17,http://www.wikidata.org/entity/Q11406109,Chiba Thermal Power Station,Gas-fired power station,35.5645,140.10561111
Japan,Q17,http://www.wikidata.org/entity/Q11391206,Hachinohe Thermal Power Station,Gas-fired power station,40.534444,141.506389
Japan,Q17,http://www.wikidata.org/entity/Q2944679,Kashima Power Station,Gas-fired power station,35.9170457,140.7018592
Japan,Q17,http://www.wikidata.org/entity/Q11584554,Chita Daini Thermal Power Station,Gas-fired power station,35.00655,136.864133
Japan,Q17,http://www.wikidata.org/entity/Q11496579,Tobata Kyodo Thermal Power Station,Gas-fired power station,33.926833,130.847583
Japan,Q17,http://www.wikidata.org/entity/Q11408020,Minami-Yokohama Thermal Power Station,Gas-fired power station,35.4043,139.637
Japan,Q17,http://www.wikidata.org/entity/Q11572533,Tamashima Power Station,Gas-fired power station,34.516472,133.686611
Japan,Q17,http://www.wikidata.org/entity/Q11501327,Shin-Sendai Thermal Power Station,Gas-fired power station,38.276778,141.039306
Japan,Q17,http://www.wikidata.org/entity/Q11527078,Higashi-Niigata Thermal Power Station,Gas-fired power station,37.99972222,139.24111111
Japan,Q17,http://www.wikidata.org/entity/Q11412559,Yoshinoura Thermal Power Plant,Gas-fired power station,26.27655556,127.81266667
Japan,Q17,http://www.wikidata.org/entity/Q11447568,Himeji No. 2 Power Station,Gas-fired power station,34.77344444,134.694
Japan,Q17,http://www.wikidata.org/entity/Q11447567,Himeji No. 1 Power Station,Gas-fired power station,34.77375,134.66697222
Japan,Q17,http://www.wikidata.org/entity/Q11501905,Shin-Kokura Power Station,Gas-fired power station,33.906722,130.860083
Japan,Q17,http://www.wikidata.org/entity/Q11582297,Aioi Power Station,Gas-fired power station,34.774806,134.45725
Japan,Q17,http://www.wikidata.org/entity/Q11478381,Kawasaki Natural Gas Power Generation,Gas-fired power station,35.49897222,139.72477778
Japan,Q17,http://www.wikidata.org/entity/Q2944712,Sodegaura Power Station,Gas-fired power station,35.4625,139.97694444
Japan,Q17,http://www.wikidata.org/entity/Q11478532,Kawasaki Power Station,Gas-fired power station,35.51208333,139.7625
Japan,Q17,http://www.wikidata.org/entity/Q11419964,Yokkaichi Power Station,Gas-fired power station,34.9734,136.6462
Japan,Q17,http://www.wikidata.org/entity/Q2944665,Chita Power Station,Gas-fired power station,34.98666667,136.84361111
Japan,Q17,http://www.wikidata.org/entity/Q11360175,Jōetsu Thermal Power Station,Gas-fired power station,37.20508333,138.27691667
Japan,Q17,http://www.wikidata.org/entity/Q11586875,Ishikari Bay New Port Power Station,Gas-fired power station,43.194444444,141.274166666
Algeria,Q262,http://www.wikidata.org/entity/Q56373306,Aïn Djasser Power Plant,Gas-fired power station,35.867805555,6.025638888
Algeria,Q262,http://www.wikidata.org/entity/Q116187048,Naâma gas turbine power plant,Gas-fired power station,33.4686136,-0.3317249
Algeria,Q262,http://www.wikidata.org/entity/Q56373327,Hassi Messaoud Nord Power Plant,Gas-fired power station,31.788388888,6.05025
Algeria,Q262,http://www.wikidata.org/entity/Q56373138,Tiaret Power Plant,Gas-fired power station,35.339611111,1.356194444
Algeria,Q262,http://www.wikidata.org/entity/Q56373133,Marsat El Hadjadj Power Plant,Gas-fired power station,35.799638888,-0.194222222
Algeria,Q262,http://www.wikidata.org/entity/Q56373328,Hassi Messaoud North III Power Plant,Gas-fired power station,31.805888888,5.996305555
Algeria,Q262,http://www.wikidata.org/entity/Q56373274,Annaba Power Plant,Gas-fired power station,36.892361111,7.763361111
Algeria,Q262,http://www.wikidata.org/entity/Q116187036,Hassi R'Mel Power Plant,Gas-fired power station,32.93607,3.2525875
Algeria,Q262,http://www.wikidata.org/entity/Q56373332,Alrar Power Plant,Gas-fired power station,28.641361111,9.788361111
Algeria,Q262,http://www.wikidata.org/entity/Q56373134,Kahrama,Gas-fired power station,35.806388888,-0.247611111
Algeria,Q262,http://www.wikidata.org/entity/Q56373305,F'Kirina Power Plant,Gas-fired power station,35.766611111,7.361888888
Algeria,Q262,http://www.wikidata.org/entity/Q56373140,Hadjret En Nouss Power Plant,Gas-fired power station,36.575277777,2.080027777
Algeria,Q262,http://www.wikidata.org/entity/Q56373369,Aïn Oussara Power Plant,Gas-fired power station,35.439611111,2.960027777
Algeria,Q262,http://www.wikidata.org/entity/Q56373141,Larbâa Power Plant,Gas-fired power station,36.598805555,3.1375
Algeria,Q262,http://www.wikidata.org/entity/Q56373362,Aïn Arnat Power Plant,Gas-fired power station,36.1577,5.2065
Algeria,Q262,http://www.wikidata.org/entity/Q56373370,Sonaghter Power Plant,Gas-fired power station,36.018305555,0.128333333
Algeria,Q262,http://www.wikidata.org/entity/Q56373117,Boutlelis Power Plant,Gas-fired power station,35.565805555,-0.938583333
Algeria,Q262,http://www.wikidata.org/entity/Q56373066,Tilghemt 3 Power Plant,Gas-fired power station,33.1366618,3.3689189
Algeria,Q262,http://www.wikidata.org/entity/Q56373318,Amizour Power Plant,Gas-fired power station,36.649888888,4.879805555
Algeria,Q262,http://www.wikidata.org/entity/Q116183944,Oumache I Power Plant,Gas-fired power station,34.4412298,5.8920407
Algeria,Q262,http://www.wikidata.org/entity/Q56373326,Hassi Messaoud West Power Plant,Gas-fired power station,31.761583333,6.022555555
Algeria,Q262,http://www.wikidata.org/entity/Q56373146,El Hamma Power Plant,Gas-fired power station,36.748888888,3.082277777
Algeria,Q262,http://www.wikidata.org/entity/Q56373219,Bab Ezzouar Power Plant,Gas-fired power station,36.729444444,3.184694444
Algeria,Q262,http://www.wikidata.org/entity/Q56373316,M'Sila Power Plant,Gas-fired power station,35.707805555,4.477611111
Algeria,Q262,http://www.wikidata.org/entity/Q56373271,skikda combined cycle power plant,Gas-fired power station,36.878888888,6.936611111
Algeria,Q262,http://www.wikidata.org/entity/Q116182916,skikda steam power plant,Gas-fired power station,36.8797708,6.9347709
Algeria,Q262,http://www.wikidata.org/entity/Q116187119,Hassi Messaoud South Power Plant,Gas-fired power station,31.6748182,6.0605317
Algeria,Q262,http://www.wikidata.org/entity/Q56373142,Alger-Port Power Plant,Gas-fired power station,36.760888888,3.065555555
Algeria,Q262,http://www.wikidata.org/entity/Q56373324,In Salah Power Plant,Gas-fired power station,27.1815,2.498722222
Algeria,Q262,http://www.wikidata.org/entity/Q56373317,Labreg Power Plant,Gas-fired power station,34.5037384,6.9819872
Algeria,Q262,http://www.wikidata.org/entity/Q56373359,Kaïs Power Plant,Gas-fired power station,35.550527777,6.869555555
Algeria,Q262,http://www.wikidata.org/entity/Q56373132,Ravin Blanc Power Plant,Gas-fired power station,35.709333333,-0.632
Algeria,Q262,http://www.wikidata.org/entity/Q56373220,Ras Djinet Power Plant,Gas-fired power station,36.850888888,3.698305555
Algeria,Q262,http://www.wikidata.org/entity/Q26203111,Terga Power Plant,Gas-fired power station,35.46102,-1.228323
Algeria,Q262,http://www.wikidata.org/entity/Q56373275,Koudiet Eddraouch Power Plant,Gas-fired power station,36.885,8.077805555
Algeria,Q262,http://www.wikidata.org/entity/Q116183982,Oumache III Power Plant,Gas-fired power station,34.4419023,5.8798528
Algeria,Q262,http://www.wikidata.org/entity/Q56373346,Bellara Power Plant,Gas-fired power station,36.739527777,6.252472222
Algeria,Q262,http://www.wikidata.org/entity/Q56373371,Boufarik II Power Plant,Gas-fired power station,36.597138888,2.878916666
Algeria,Q262,http://www.wikidata.org/entity/Q56373116,Hassi Berkine Power Plant,Gas-fired power station,30.823416666,8.030055555
Algeria,Q262,http://www.wikidata.org/entity/Q56373372,Naâma combined cycle power plant,Gas-fired power station,33.4749723,-0.3437197
Algeria,Q262,http://www.wikidata.org/entity/Q56373361,Oumache II Power Plant,Gas-fired power station,34.440472222,5.887638888
Algeria,Q262,http://www.wikidata.org/entity/Q56373064,Adrar Power Plant,Gas-fired power station,27.8945,-0.295166666
Algeria,Q262,http://www.wikidata.org/entity/Q116187032,Tilghemt 2 Power Plant,Gas-fired power station,33.1413693,3.3647346
Algeria,Q262,http://www.wikidata.org/entity/Q56373139,Berrouaghia Power Plant,Gas-fired power station,36.139888888,2.929611111
Algeria,Q262,http://www.wikidata.org/entity/Q56373065,Tilghemt 1 Power Plant,Gas-fired power station,33.131722222,3.345916666
Algeria,Q262,http://www.wikidata.org/entity/Q56373136,Relizane Power Plant,Gas-fired power station,35.7835,0.540666666
Algeria,Q262,http://www.wikidata.org/entity/Q835854,Hassi R'Mel integrated solar combined cycle power station,Gas-fired power station,33.12472222,3.35194444
Algeria,Q262,http://www.wikidata.org/entity/Q56373221,Jijel power station,Gas-fired power station,36.813888888,5.876
Algeria,Q262,http://www.wikidata.org/entity/Q56373323,El Oued Power Plant,Gas-fired power station,33.2748434,6.7523324
Turkey,Q43,http://www.wikidata.org/entity/Q11977769,İzmir natural gas fired CCPP,Gas-fired power station,38.7465325,26.9564165
Turkey,Q43,http://www.wikidata.org/entity/Q17750010,Baymina Ankara gas power station,Gas-fired power station,39.7769381,32.40219
Turkey,Q43,http://www.wikidata.org/entity/Q12007279,Delta gas power station,Gas-fired power station,41.2911734,27.5597083
Turkey,Q43,http://www.wikidata.org/entity/Q106671564,Erzin gas power plant,Gas-fired power station,36.9260007,36.0517001
Turkey,Q43,http://www.wikidata.org/entity/Q106670546,Bursa gas power plant,Gas-fired power station,40.296,29.074
Turkey,Q43,http://www.wikidata.org/entity/Q106695968,Kazan gas cogeneration power plant,Gas-fired power station,40.105317,32.5011259
Turkey,Q43,http://www.wikidata.org/entity/Q106692522,Bandırma II gas power plant,Gas-fired power station,40.2959838,27.7645647
Turkey,Q43,http://www.wikidata.org/entity/Q30621654,Tekirdağ gas power plant A,Gas-fired power station,41.007564,27.973473
Turkey,Q43,http://www.wikidata.org/entity/Q11958366,Aksa Antalya power plant,Gas-fired power station,37.124444444,30.601111111
Turkey,Q43,http://www.wikidata.org/entity/Q97613566,Afyon Şeker power station,Gas-fired power station,,
Turkey,Q43,http://www.wikidata.org/entity/Q11980527,Kentsa power plant,Gas-fired power station,,
Turkey,Q43,http://www.wikidata.org/entity/Q108800378,Manisa industrial park power station,Gas-fired power station,38.616527777,27.344305555
Turkey,Q43,http://www.wikidata.org/entity/Q106689096,Yeni Elektrik Combined Cycle Power Plant,Gas-fired power station,40.8163183,29.5723736
Turkey,Q43,http://www.wikidata.org/entity/Q106727591,Yeşilyurt industrial park gas power plant,Gas-fired power station,41.2357609,36.4413232
Turkey,Q43,http://www.wikidata.org/entity/Q11961154,Bis Enerji gas power plant,Gas-fired power station,40.2394686,28.9520699
Turkey,Q43,http://www.wikidata.org/entity/Q11971656,Enka Gebze gas power plant,Gas-fired power station,40.8655316,30.3918765
Turkey,Q43,http://www.wikidata.org/entity/Q106727971,Habaş/Aliağa gas power plant,Gas-fired power station,38.7413,26.9463
Turkey,Q43,http://www.wikidata.org/entity/Q106692363,Ambarlı B gas power plant,Gas-fired power station,40.979732,28.6989874
Turkey,Q43,http://www.wikidata.org/entity/Q6023095,Ambarlı power station,Gas-fired power station,40.982222222,28.690555555
Turkey,Q43,http://www.wikidata.org/entity/Q106696184,Şanlıurfa industrial park power plant,Gas-fired power station,37.1001539,38.6595529
Turkey,Q43,http://www.wikidata.org/entity/Q106691337,İç Anadolu CCGT Plant,Gas-fired power station,39.7571294,33.4500861
Turkey,Q43,http://www.wikidata.org/entity/Q17781997,Hamitabat CCGT Power Plant,Gas-fired power station,41.4816852,27.3371465
Turkey,Q43,http://www.wikidata.org/entity/Q106670839,Bandırma gas power plant,Gas-fired power station,40.3081508,27.7685666
Turkey,Q43,http://www.wikidata.org/entity/Q106673460,Bilgin Samsun gas power station,Gas-fired power station,,
Turkey,Q43,http://www.wikidata.org/entity/Q106674849,Lüleburgaz Cogeneration Power Plant,Gas-fired power station,,
Turkey,Q43,http://www.wikidata.org/entity/Q106675759,Samsun Natural Gas Combined Cycle Power Plant,Gas-fired power station,,
Turkey,Q43,http://www.wikidata.org/entity/Q106692442,Denizli CCGT power plant,Gas-fired power station,,
Turkey,Q43,http://www.wikidata.org/entity/Q106696131,Mersin Cogeneration plant,Gas-fired power station,,
Turkey,Q43,http://www.wikidata.org/entity/Q106697259,ODAS I gas power plant,Gas-fired power station,,
Turkey,Q43,http://www.wikidata.org/entity/Q106697380,Taha gas power plant,Gas-fired power station,,
Turkey,Q43,http://www.wikidata.org/entity/Q106697757,Çorlu gas power station,Gas-fired power station,,
Turkey,Q43,http://www.wikidata.org/entity/Q106697785,Tekirdağ power plant,Gas-fired power station,,
Turkey,Q43,http://www.wikidata.org/entity/Q106727813,Gebze-Dilovası power plant,Gas-fired power station,,
Turkey,Q43,http://www.wikidata.org/entity/Q106765254,AGE gas power plant I,Gas-fired power station,,
Turkey,Q43,http://www.wikidata.org/entity/Q106769871,Karadeniz Ereğli-Zonguldak power plant,Gas-fired power station,,
Turkey,Q43,http://www.wikidata.org/entity/Q106782066,Çolakoğlu-1 power plant,Gas-fired power station,,
Turkey,Q43,http://www.wikidata.org/entity/Q106782044,İzmit-Köseköy power plant,Gas-fired power station,,
Turkey,Q43,http://www.wikidata.org/entity/Q106769930,Esenyurt power plant,Gas-fired power station,41.0650309,28.6679596
Turkey,Q43,http://www.wikidata.org/entity/Q19381100,Tekirdağ gas power plant B,Gas-fired power station,40.9976258,27.9792649
Turkey,Q43,http://www.wikidata.org/entity/Q19377221,Kirklareli gas power plant,Gas-fired power station,41.778055555,27.191944444
Turkey,Q43,http://www.wikidata.org/entity/Q106671514,Acwa Power Kırıkkale gas power plant,Gas-fired power station,39.8847713,33.4082329
South Korea,Q884,http://www.wikidata.org/entity/Q19940750,Yulchon Power Plant,Gas-fired power station,34.9122675,127.5938737
South Korea,Q884,http://www.wikidata.org/entity/Q19794322,Pyeongtaek Power Plant,Gas-fired power station,37.0051274,126.7960346
South Korea,Q884,http://www.wikidata.org/entity/Q19940522,Pyeongtaek Energy Service,Gas-fired power station,37.0254861,127.0024359
South Korea,Q884,http://www.wikidata.org/entity/Q11973451,Q11973451,Gas-fired power station,,
South Korea,Q884,http://www.wikidata.org/entity/Q11977023,Q11977023,Gas-fired power station,,
South Korea,Q884,http://www.wikidata.org/entity/Q19375535,Incheon Power Plant,Gas-fired power station,37.5106961,126.6093528
South Korea,Q884,http://www.wikidata.org/entity/Q19940342,Ansan LNG Combined Cycle Power Plant,Gas-fired power station,37.2947447,126.77845
South Korea,Q884,http://www.wikidata.org/entity/Q17764358,Q17764358,Gas-fired power station,,
South Korea,Q884,http://www.wikidata.org/entity/Q19376686,Q19376686,Gas-fired power station,,
South Korea,Q884,http://www.wikidata.org/entity/Q19398896,Q19398896,Gas-fired power station,,
South Korea,Q884,http://www.wikidata.org/entity/Q16184617,Busan Power Plant,Gas-fired power station,35.0861724,128.9999306
South Korea,Q884,http://www.wikidata.org/entity/Q31180582,Paju Power Plant,Gas-fired power station,37.8297091,126.7859924
South Korea,Q884,http://www.wikidata.org/entity/Q19939692,Daesan Power Plant,Gas-fired power station,36.9979172,126.3649714
South Korea,Q884,http://www.wikidata.org/entity/Q19794310,Youngwol Power Plant,Gas-fired power station,37.1630184,128.491888
South Korea,Q884,http://www.wikidata.org/entity/Q19388231,Seoincheon Combined Cycle Power Plant,Gas-fired power station,37.5363302,126.6022235
South Korea,Q884,http://www.wikidata.org/entity/Q11973344,Gunsan Power Plant,Gas-fired power station,35.9836581,126.7306316
South Korea,Q884,http://www.wikidata.org/entity/Q31180578,Daeryun Power,Gas-fired power station,37.8348993,127.1002614
South Korea,Q884,http://www.wikidata.org/entity/Q31180583,Pocheon Power Plant,Gas-fired power station,37.9463635,127.1718496
South Korea,Q884,http://www.wikidata.org/entity/Q17760648,GS Dangjin Power Plant,Gas-fired power station,36.956785,126.7818403
South Korea,Q884,http://www.wikidata.org/entity/Q19940171,Sejong Power Plant,Gas-fired power station,36.4684745,127.2478044
South Korea,Q884,http://www.wikidata.org/entity/Q55732038,KOSPO Yeongnam Power Plant,Gas-fired power station,35.5130332,129.3833256
South Korea,Q884,http://www.wikidata.org/entity/Q19940883,Incheon LNG Combined Cycle Power Plant,Gas-fired power station,37.5075633,126.6146377
South Korea,Q884,http://www.wikidata.org/entity/Q19939374,SK E&S Gwangyang LNG Power Plant,Gas-fired power station,34.8893544,127.7744615
South Korea,Q884,http://www.wikidata.org/entity/Q19794289,Andong Power Plant,Gas-fired power station,36.595038,128.5416859
South Korea,Q884,http://www.wikidata.org/entity/Q19939723,Dongducheon Power Plant,Gas-fired power station,37.9010006,127.0907128
South Korea,Q884,http://www.wikidata.org/entity/Q12008323,Ulsan Oil-Fired & C.C Power Complex,Gas-fired power station,35.4760793,129.3814802
South Korea,Q884,http://www.wikidata.org/entity/Q19940031,Bucheon Power Plant,Gas-fired power station,37.5218696,126.764009
South Korea,Q884,http://www.wikidata.org/entity/Q19940281,Shin Incheon Power Plant,Gas-fired power station,37.5364445,126.6078615
South Korea,Q884,http://www.wikidata.org/entity/Q11976968,Ilsan Combined Heat & Power Plant,Gas-fired power station,37.6467404,126.7981911
South Korea,Q884,http://www.wikidata.org/entity/Q12598340,Boryeong Power Plant,Gas-fired power station,36.402,126.49
South Korea,Q884,http://www.wikidata.org/entity/Q11962581,Bundang Power Plant,Gas-fired power station,37.3647541,127.1473739
South Korea,Q884,http://www.wikidata.org/entity/Q19941386,Pocheon Power Plant,Gas-fired power station,37.9897282,127.1658039
South Korea,Q884,http://www.wikidata.org/entity/Q31180575,Osan Power Plant,Gas-fired power station,37.1405542,127.0558333
South Korea,Q884,http://www.wikidata.org/entity/Q19940349,Anyang Power plant,Gas-fired power station,37.3938103,126.9672668
Italy,Q38,http://www.wikidata.org/entity/Q106777461,Rosen,Gas-fired power station,43.3819319,10.449543
Italy,Q38,http://www.wikidata.org/entity/Q11971440,Galileo Ferraris power plant,Gas-fired power station,45.25206,8.19393
Italy,Q38,http://www.wikidata.org/entity/Q11999654,Scandale power plant,Gas-fired power station,39.1022191,17.0326764
Italy,Q38,http://www.wikidata.org/entity/Q3664636,Archimede combined cycle power plant,Gas-fired power station,37.1390489,15.2158928
Italy,Q38,http://www.wikidata.org/entity/Q19391999,Tavazzano power plant,Gas-fired power station,45.332976,9.43526
Italy,Q38,http://www.wikidata.org/entity/Q11963002,Q11963002,Gas-fired power station,,
Italy,Q38,http://www.wikidata.org/entity/Q97277761,San Severo power plant,Gas-fired power station,41.6267494,15.4235192
Italy,Q38,http://www.wikidata.org/entity/Q97182374,Termoli power plant,Gas-fired power station,41.9369638,15.0004202
Italy,Q38,http://www.wikidata.org/entity/Q19381523,Q19381523,Gas-fired power station,,
Italy,Q38,http://www.wikidata.org/entity/Q19375845,Isab Energy,Gas-fired power station,37.1317066,15.2010495
Italy,Q38,http://www.wikidata.org/entity/Q97182168,Aprilia power plant,Gas-fired power station,41.5616876,12.6334137
Italy,Q38,http://www.wikidata.org/entity/Q17761941,Cassano d’Adda power plant,Gas-fired power station,45.51152778,9.51
Italy,Q38,http://www.wikidata.org/entity/Q11999586,Sarlux power plant,Gas-fired power station,39.0780953,9.0222279
Italy,Q38,http://www.wikidata.org/entity/Q97182406,Trapani power plant,Gas-fired power station,37.8770184,12.5896955
Italy,Q38,http://www.wikidata.org/entity/Q97277661,Chivasso power plant,Gas-fired power station,45.1855684,7.9011776
Italy,Q38,http://www.wikidata.org/entity/Q19386285,Enipower Ravenna power plant,Gas-fired power station,44.4485512,12.2374445
Italy,Q38,http://www.wikidata.org/entity/Q3664638,Alessandro Volta thermal power station,Gas-fired power station,42.3583234,11.5363892
Italy,Q38,http://www.wikidata.org/entity/Q11998022,Rizziconi Power Station,Gas-fired power station,38.4450477,15.9901339
Italy,Q38,http://www.wikidata.org/entity/Q97277641,Bussi sul Tirino power plant,Gas-fired power station,42.2001416,13.8396862
Italy,Q38,http://www.wikidata.org/entity/Q19380053,Livorno Ferraris power plant,Gas-fired power station,45.2377183,8.1925848
Italy,Q38,http://www.wikidata.org/entity/Q19381036,Marghera Levante power plant,Gas-fired power station,45.4460714,12.2553162
Italy,Q38,http://www.wikidata.org/entity/Q97179623,Terni power plant,Gas-fired power station,42.5545108,12.6172936
Italy,Q38,http://www.wikidata.org/entity/Q17776176,Gissi power plant,Gas-fired power station,42.0504149,14.5635387
Italy,Q38,http://www.wikidata.org/entity/Q3664642,EniPower Brindisi power plant,Gas-fired power station,40.629214,18.0029016
Italy,Q38,http://www.wikidata.org/entity/Q11957609,Altomonte power plant,Gas-fired power station,39.7114538,16.2153375
Italy,Q38,http://www.wikidata.org/entity/Q3664523,Fusina hydrogen power station,Gas-fired power station,45.430833333,12.245555555
Italy,Q38,http://www.wikidata.org/entity/Q97182174,Bertonico-Turano Lodigiano power plant,Gas-fired power station,45.2267313,9.6373594
Italy,Q38,http://www.wikidata.org/entity/Q97179578,Simeri Crichi thermoelectric power plant,Gas-fired power station,38.8757461,16.6571815
Italy,Q38,http://www.wikidata.org/entity/Q12007183,Torviscosa power plant,Gas-fired power station,45.8168889,13.2891118
Italy,Q38,http://www.wikidata.org/entity/Q97179445,Porto Corsini power plant,Gas-fired power station,44.4837505,12.2651786
Italy,Q38,http://www.wikidata.org/entity/Q3664650,Turbigo Power Station,Gas-fired power station,45.5202,8.7424
Italy,Q38,http://www.wikidata.org/entity/Q97277749,Roselectra,Gas-fired power station,43.381429,10.4485613
Italy,Q38,http://www.wikidata.org/entity/Q11963074,Candela power plant,Gas-fired power station,41.2018337,15.4762816
Italy,Q38,http://www.wikidata.org/entity/Q11968742,Ferrera Erbognone power plant,Gas-fired power station,45.0994374,8.866788
Italy,Q38,http://www.wikidata.org/entity/Q19385545,Ponti sul Mincio power plant,Gas-fired power station,45.3999035,10.7142408
Italy,Q38,http://www.wikidata.org/entity/Q97179605,Teverola power plant,Gas-fired power station,41.0087995,14.2293873
Italy,Q38,http://www.wikidata.org/entity/Q97179370,Voghera power plant,Gas-fired power station,45.0299624,8.9722177
Italy,Q38,http://www.wikidata.org/entity/Q3664644,Santa Barbara power plant,Gas-fired power station,43.56431389,11.47807778
Italy,Q38,http://www.wikidata.org/entity/Q19388252,Sermide power plant,Gas-fired power station,45.0266584,11.2511304
Italy,Q38,http://www.wikidata.org/entity/Q97170317,Sparanise power plant,Gas-fired power station,41.17792,14.11297
Italy,Q38,http://www.wikidata.org/entity/Q11995675,Pietrafitta power plant,Gas-fired power station,42.995278,12.199444
Italy,Q38,http://www.wikidata.org/entity/Q97182273,Napoli Levante power plant,Gas-fired power station,40.8341188,14.300959
Italy,Q38,http://www.wikidata.org/entity/Q12008789,Vado Ligure power plant,Gas-fired power station,44.2758371,8.4308229
Italy,Q38,http://www.wikidata.org/entity/Q97179670,Ferrara power plant,Gas-fired power station,44.8638925,11.5939412
Italy,Q38,http://www.wikidata.org/entity/Q19384929,Ostiglia power plant,Gas-fired power station,45.0599482,11.1380397
Italy,Q38,http://www.wikidata.org/entity/Q97179280,Jesi power plant,Gas-fired power station,43.5532972,13.2851961
Italy,Q38,http://www.wikidata.org/entity/Q11983644,Leini power plant,Gas-fired power station,45.1625228,7.7502805
Italy,Q38,http://www.wikidata.org/entity/Q3664578,Moncalieri power plant,Gas-fired power station,44.99285,7.67555278
Italy,Q38,http://www.wikidata.org/entity/Q12007122,Torrevaldaliga Sud natural gas-fired power plant,Gas-fired power station,42.124492,11.761901
Italy,Q38,http://www.wikidata.org/entity/Q97182292,Piacenza power plant,Gas-fired power station,45.0553157,9.7082419
Italy,Q38,http://www.wikidata.org/entity/Q11998472,Rossano power plant,Gas-fired power station,39.6214124,16.6075052
Italy,Q38,http://www.wikidata.org/entity/Q12005579,Termini Imerese power plant,Gas-fired power station,37.9684762,13.7517929
Italy,Q38,http://www.wikidata.org/entity/Q97179513,San Quirico power plant,Gas-fired power station,44.9289537,10.3051147
Italy,Q38,http://www.wikidata.org/entity/Q97182233,Enipower Mantova power plant,Gas-fired power station,45.1496149,10.8348938
Italy,Q38,http://www.wikidata.org/entity/Q19378684,Centrale Termoelletrica di La Casella,Gas-fired power station,45.090568,9.4798937
Italy,Q38,http://www.wikidata.org/entity/Q19381733,Modugno power plant,Gas-fired power station,41.1028328,16.7557275
Iran,Q794,http://www.wikidata.org/entity/Q16053827,Shirvan Power Plant,Gas-fired power station,37.3382772,58.0527596
Iran,Q794,http://www.wikidata.org/entity/Q11980577,Khoy combined cycle power plant,Gas-fired power station,38.4084313,44.9086869
Iran,Q794,http://www.wikidata.org/entity/Q16053673,Iranshahr Power Plant,Gas-fired power station,27.225581,60.4975113
Iran,Q794,http://www.wikidata.org/entity/Q11960119,Q11960119,Gas-fired power station,,
Iran,Q794,http://www.wikidata.org/entity/Q12000125,Q12000125,Gas-fired power station,,
Iran,Q794,http://www.wikidata.org/entity/Q12000228,Q12000228,Gas-fired power station,,
Iran,Q794,http://www.wikidata.org/entity/Q11980536,Kerman power plant,Gas-fired power station,30.2029737,56.7910042
Iran,Q794,http://www.wikidata.org/entity/Q16053567,Hafez Power Plant,Gas-fired power station,29.3725688,52.6168782
Iran,Q794,http://www.wikidata.org/entity/Q16053930,Genaveh Power Plant,Gas-fired power station,29.539444444,50.714166666
Iran,Q794,http://www.wikidata.org/entity/Q16053860,Ferdowsi power plant,Gas-fired power station,36.447778055,59.4025
Iran,Q794,http://www.wikidata.org/entity/Q17994525,Q17994525,Gas-fired power station,,
Iran,Q794,http://www.wikidata.org/entity/Q20111253,Q20111253,Gas-fired power station,,
Iran,Q794,http://www.wikidata.org/entity/Q5769418,Nishapur Combined Cycle Power Plant,Gas-fired power station,36.2805803,58.7777962
Iran,Q794,http://www.wikidata.org/entity/Q16074710,Dorud gas power plant,Gas-fired power station,33.4803797,49.1230354
Iran,Q794,http://www.wikidata.org/entity/Q16053733,Shahid Kaveh power plant,Gas-fired power station,33.7538921,59.1521595
Iran,Q794,http://www.wikidata.org/entity/Q5816608,Kangan Power Plant,Gas-fired power station,28.0280969,52.125987
Iran,Q794,http://www.wikidata.org/entity/Q5941818,Besat power plant,Gas-fired power station,35.6405364,51.4265098
Iran,Q794,http://www.wikidata.org/entity/Q16053541,Q16053541,Gas-fired power station,26.9290505,55.965136
Iran,Q794,http://www.wikidata.org/entity/Q16053871,Qom Power plant,Gas-fired power station,34.5826436,50.7482971
Iran,Q794,http://www.wikidata.org/entity/Q16053933,Esin Power plant,Gas-fired power station,27.3029122,56.2992091
Iran,Q794,http://www.wikidata.org/entity/Q5946803,Shahid Salimi Power Plant,Gas-fired power station,36.8381,53.2569
Iran,Q794,http://www.wikidata.org/entity/Q16053774,Kahnuj combined cycle power plant,Gas-fired power station,28.048889,57.780833
Iran,Q794,http://www.wikidata.org/entity/Q20111254,Urmia gas power plant,Gas-fired power station,37.564588,45.08459
Iran,Q794,http://www.wikidata.org/entity/Q16053623,Sabalan Ardabil combined cycle power plant,Gas-fired power station,38.5270761,48.1813037
Iran,Q794,http://www.wikidata.org/entity/Q16053616,Zavareh Power plant,Gas-fired power station,33.4002623,52.5784703
Iran,Q794,http://www.wikidata.org/entity/Q16053560,South Ahvaz power plant,Gas-fired power station,,
Iran,Q794,http://www.wikidata.org/entity/Q16053727,West Mazandaran combined cycle power plant,Gas-fired power station,,
Iran,Q794,http://www.wikidata.org/entity/Q5700642,Shiraz gas power plant,Gas-fired power station,29.5839575,52.5763004
Iran,Q794,http://www.wikidata.org/entity/Q16053721,Shirkuh Combined Cycle Power Plant,Gas-fired power station,31.960833333,54.074166666
Iran,Q794,http://www.wikidata.org/entity/Q16053665,Urmia Combined Cycle Power Plant,Gas-fired power station,37.3535478,45.2674887
Iran,Q794,http://www.wikidata.org/entity/Q16053850,Aliabad Katul Power Plant,Gas-fired power station,36.9460119,54.8938698
Iran,Q794,http://www.wikidata.org/entity/Q16053912,Kish Power Plant,Gas-fired power station,26.562111111,53.994916666
Iran,Q794,http://www.wikidata.org/entity/Q16053750,Chadormalu combined cycle power plant,Gas-fired power station,32.3962194,53.7314326
Iran,Q794,http://www.wikidata.org/entity/Q16053927,Nowshahr power plant,Gas-fired power station,36.6202391,51.5135287
Iran,Q794,http://www.wikidata.org/entity/Q16053803,Lushan Shahid Beheshti Power Plant,Gas-fired power station,36.6591232,49.4588225
Iran,Q794,http://www.wikidata.org/entity/Q16053892,Parand Power Plant,Gas-fired power station,35.4663598,51.0100646
Iran,Q794,http://www.wikidata.org/entity/Q16053885,HESA power plant,Gas-fired power station,32.9045217,51.5548119
Iran,Q794,http://www.wikidata.org/entity/Q16074596,Persian Gulf Power Plant,Gas-fired power station,27.4196977,56.5039757
Iran,Q794,http://www.wikidata.org/entity/Q5875310,Shahid Mofateh  Power Plant,Gas-fired power station,35.1346108,48.8514215
Iran,Q794,http://www.wikidata.org/entity/Q16074841,Sufyan power station,Gas-fired power station,38.2531732,46.0241385
Iran,Q794,http://www.wikidata.org/entity/Q5962581,Ramin Power Plant,Gas-fired power station,31.5032234,48.884897
Iran,Q794,http://www.wikidata.org/entity/Q5771733,Shahid Rajai Power Plant,Gas-fired power station,36.1597,50.2994
Iran,Q794,http://www.wikidata.org/entity/Q106414165,Bampur Power Plant,Gas-fired power station,27.227778,60.49
Iran,Q794,http://www.wikidata.org/entity/Q2944750,Yazd Solar Power Station,Gas-fired power station,31.953,54.067
Iran,Q794,http://www.wikidata.org/entity/Q16053656,Abadan Combined Cycle Power Plant,Gas-fired power station,30.4047511,48.3582464
Iran,Q794,http://www.wikidata.org/entity/Q11961175,Bistoon Power Plant,Gas-fired power station,34.351415,47.3570958
Iran,Q794,http://www.wikidata.org/entity/Q20111255,Ray gas power plant,Gas-fired power station,35.523998,51.410282
Iran,Q794,http://www.wikidata.org/entity/Q19381720,Mobin Petrochemical Power Plant,Gas-fired power station,27.5545,52.5503
Iran,Q794,http://www.wikidata.org/entity/Q17994551,Heris Combined Cycle Power Plant,Gas-fired power station,38.2260781,46.9625616
Iran,Q794,http://www.wikidata.org/entity/Q16053680,Behbahan Combined Cycle Power Plant,Gas-fired power station,30.7194145,50.0750254
Iran,Q794,http://www.wikidata.org/entity/Q17994566,Zahedan Power Plant,Gas-fired power station,29.4774981,60.8059345
Iran,Q794,http://www.wikidata.org/entity/Q17994541,Dalahu Combined Cycle Power Plant,Gas-fired power station,34.1266377,46.5769994
Iran,Q794,http://www.wikidata.org/entity/Q16053855,West Karun power plant,Gas-fired power station,31.165,48.0195
Iran,Q794,http://www.wikidata.org/entity/Q5878584,Bushehr gas power plant,Gas-fired power station,28.9289769,50.8638427
Iran,Q794,http://www.wikidata.org/entity/Q16053889,Pasargad Qeshm power plant,Gas-fired power station,26.9000467,55.9111404
Iran,Q794,http://www.wikidata.org/entity/Q17776111,Gilan combined cycle power plant,Gas-fired power station,37.1604341,49.636952
Iran,Q794,http://www.wikidata.org/entity/Q16053741,Ofogh Power Plant,Gas-fired power station,30.6258126,49.1335927
Iran,Q794,http://www.wikidata.org/entity/Q106414175,Goharan Combined Cycle Power Plant,Gas-fired power station,29.151944,55.365833
Iran,Q794,http://www.wikidata.org/entity/Q114149367,Hengam Power Plant,Gas-fired power station,27.1446,56.1115
Iran,Q794,http://www.wikidata.org/entity/Q16053820,Samangan Combined Cycle Power Plant,Gas-fired power station,29.5504276,55.7632783
Iran,Q794,http://www.wikidata.org/entity/Q5700578,Kazerun Power Plant,Gas-fired power station,29.5632303,51.6959307
Iran,Q794,http://www.wikidata.org/entity/Q16053868,Sanandaj power plant,Gas-fired power station,35.3934428,47.0252958
Iran,Q794,http://www.wikidata.org/entity/Q114067854,Taban Combined Cycle Power Plant,Gas-fired power station,31.951,54.092
Iran,Q794,http://www.wikidata.org/entity/Q11959414,Asaluyeh power plant,Gas-fired power station,27.4096594,52.7816007
Iran,Q794,http://www.wikidata.org/entity/Q16074621,Damavand power plant,Gas-fired power station,35.4086596,51.8485996
Iran,Q794,http://www.wikidata.org/entity/Q16053610,Yazd Shahid Zanbagh Power Plant,Gas-fired power station,31.9304699,54.3182127
Iran,Q794,http://www.wikidata.org/entity/Q12000169,Shazand Power Plant,Gas-fired power station,34.001111111,49.500555555
Iran,Q794,http://www.wikidata.org/entity/Q17994558,Semnan power plant,Gas-fired power station,35.6350431,53.4798695
Iran,Q794,http://www.wikidata.org/entity/Q17994555,Shams Sarkhs power plant,Gas-fired power station,36.444,61.0345
Iran,Q794,http://www.wikidata.org/entity/Q114111212,Caspian Power Plant,Gas-fired power station,36.6191487,51.5074146
Iran,Q794,http://www.wikidata.org/entity/Q16053898,Pareh Sar Power Plant,Gas-fired power station,37.6367252,49.0805317
Iran,Q794,http://www.wikidata.org/entity/Q16053688,Jahrom Power Plant,Gas-fired power station,28.700833333,53.544722222
Iran,Q794,http://www.wikidata.org/entity/Q5959125,Rudshur Power Plant,Gas-fired power station,35.418333333,50.911388888
Iran,Q794,http://www.wikidata.org/entity/Q114098681,Zagros Kowsar Power Plant,Gas-fired power station,34.352,47.3624
Iran,Q794,http://www.wikidata.org/entity/Q5912588,Tous power plant,Gas-fired power station,36.446388888,59.411666944
Iran,Q794,http://www.wikidata.org/entity/Q16074724,Kanarak gas power plant,Gas-fired power station,25.3709046,60.3959669
Iran,Q794,http://www.wikidata.org/entity/Q5670319,Tarasht Power Plant,Gas-fired power station,35.7233618,51.3525143
Iran,Q794,http://www.wikidata.org/entity/Q16074056,Zargan Power Plant,Gas-fired power station,31.3751689,48.7706642
Iran,Q794,http://www.wikidata.org/entity/Q16053793,Shahid Bastami Power Plant,Gas-fired power station,36.2988903,54.7830918
Iran,Q794,http://www.wikidata.org/entity/Q16053698,Khorramabad power plant,Gas-fired power station,33.3737,48.4004
Iran,Q794,http://www.wikidata.org/entity/Q11977566,Chehel Sotun power plant,Gas-fired power station,32.2626064,51.5282366
Iran,Q794,http://www.wikidata.org/entity/Q5724639,Fars Combined Cycle Power Plant,Gas-fired power station,29.359,52.6155
Canada,Q16,http://www.wikidata.org/entity/Q11962274,Q11962274,Gas-fired power station,,
Canada,Q16,http://www.wikidata.org/entity/Q11962601,Q11962601,Gas-fired power station,,
Canada,Q16,http://www.wikidata.org/entity/Q11963004,Q11963004,Gas-fired power station,,
Canada,Q16,http://www.wikidata.org/entity/Q11977591,Q11977591,Gas-fired power station,,
Canada,Q16,http://www.wikidata.org/entity/Q17776622,Q17776622,Gas-fired power station,,
Canada,Q16,http://www.wikidata.org/entity/Q7448546,Selkirk Generating Station,Gas-fired power station,50.1422,-96.8842
Canada,Q16,http://www.wikidata.org/entity/Q5603958,Greenfield Energy Centre,Gas-fired power station,42.7692,-82.4528
Canada,Q16,http://www.wikidata.org/entity/Q11960391,Q11960391,Gas-fired power station,46.3674643,-72.4036574
Canada,Q16,http://www.wikidata.org/entity/Q6214627,Joffre Cogeneration Plant,Gas-fired power station,52.3067,-113.554
Canada,Q16,http://www.wikidata.org/entity/Q19384019,Q19384019,Gas-fired power station,52.76666667,-108.28333333
Canada,Q16,http://www.wikidata.org/entity/Q7232096,Portlands Energy Centre,Gas-fired power station,43.6494,-79.3308
Canada,Q16,http://www.wikidata.org/entity/Q14875448,Thorold Co-generation Plant,Gas-fired power station,43.1069,-79.1986
Canada,Q16,http://www.wikidata.org/entity/Q12810975,Muskeg River Mine Cogeneration Station,Gas-fired power station,57.2563,-111.5063
Canada,Q16,http://www.wikidata.org/entity/Q4967600,Brighton Beach Generating Station,Gas-fired power station,42.2797,-83.095
Canada,Q16,http://www.wikidata.org/entity/Q28233488,Fort Saskatchewan Cogeneration Plant,Gas-fired power station,,
Canada,Q16,http://www.wikidata.org/entity/Q5173563,Cory Cogeneration Station,Gas-fired power station,52.0936,-106.868
Canada,Q16,http://www.wikidata.org/entity/Q5691682,Hearn Generating Station,Gas-fired power station,43.6455,-79.3351
Canada,Q16,http://www.wikidata.org/entity/Q6819358,Meridian Power Station,Gas-fired power station,53.25944444,-109.95111111
Canada,Q16,http://www.wikidata.org/entity/Q7229408,Poplar Hill Generating Plant,Gas-fired power station,55.33888889,-119.21861111
Canada,Q16,http://www.wikidata.org/entity/Q28233484,Calgary Energy Centre,Gas-fired power station,51.1803,-113.9368
Canada,Q16,http://www.wikidata.org/entity/Q7424349,Sarnia Regional Cogeneration Plant,Gas-fired power station,42.93472222,-82.43805556
Canada,Q16,http://www.wikidata.org/entity/Q5000380,Burrard Generating Station,Gas-fired power station,49.2989,-122.89
Canada,Q16,http://www.wikidata.org/entity/Q16979619,Island Generating Station,Gas-fired power station,50.0689,-125.2819
Canada,Q16,http://www.wikidata.org/entity/Q5514663,GTAA Cogeneration Plant,Gas-fired power station,43.6917,-79.6102
Canada,Q16,http://www.wikidata.org/entity/Q7270374,Queen Elizabeth Power Station,Gas-fired power station,52.0953,-106.706
Canada,Q16,http://www.wikidata.org/entity/Q7592811,St Clair Energy Centre,Gas-fired power station,42.89645,-82.39826
Spain,Q29,http://www.wikidata.org/entity/Q5760766,San Roque Power Plant,Gas-fired power station,36.19555556,-5.41305556
Spain,Q29,http://www.wikidata.org/entity/Q8248378,Central Térmica de Boroa,Gas-fired power station,43.2346604,-2.7498904
Spain,Q29,http://www.wikidata.org/entity/Q5760857,Arcos de la Frontera Power Plant,Gas-fired power station,36.6725,-5.81611111
Spain,Q29,http://www.wikidata.org/entity/Q3441485,Castejón 1 and 3 Power Plant,Gas-fired power station,42.177222222,-1.695
Spain,Q29,http://www.wikidata.org/entity/Q12005252,Q12005252,Gas-fired power station,,
Spain,Q29,http://www.wikidata.org/entity/Q17748179,Q17748179,Gas-fired power station,,
Spain,Q29,http://www.wikidata.org/entity/Q17748180,Q17748180,Gas-fired power station,,
Spain,Q29,http://www.wikidata.org/entity/Q17748399,Q17748399,Gas-fired power station,,
Spain,Q29,http://www.wikidata.org/entity/Q5760829,Besós V power station,Gas-fired power station,41.41833333,2.22861111
Spain,Q29,http://www.wikidata.org/entity/Q11994661,Palos de la Frontera power plant,Gas-fired power station,37.183608333,-6.886972222
Spain,Q29,http://www.wikidata.org/entity/Q5760838,Los Guinchos power station,Gas-fired power station,28.665313888,-17.768047222
Spain,Q29,http://www.wikidata.org/entity/Q8343549,Arrúbal Power Plant,Gas-fired power station,42.419444444,-2.251111111
Spain,Q29,http://www.wikidata.org/entity/Q3434722,Castelló thermal power station,Gas-fired power station,39.955833333,0.001388888
Spain,Q29,http://www.wikidata.org/entity/Q5872805,Q5872805,Gas-fired power station,37.57055556,-0.94583333
Spain,Q29,http://www.wikidata.org/entity/Q5760831,Campo de Gibraltar Power Plant,Gas-fired power station,36.183452,-5.392906
Spain,Q29,http://www.wikidata.org/entity/Q5760827,Bahía de Algeciras Power Plant,Gas-fired power station,36.18297,-5.389223
Spain,Q29,http://www.wikidata.org/entity/Q5760886,Escombreras Power Plant,Gas-fired power station,37.565153,-0.951215
Spain,Q29,http://www.wikidata.org/entity/Q5760883,Escatrón Thermal Power Plant,Gas-fired power station,41.29779,-0.33616
Spain,Q29,http://www.wikidata.org/entity/Q8343542,Castejón 2 power plant,Gas-fired power station,42.17138889,-1.6775
Spain,Q29,http://www.wikidata.org/entity/Q5760918,Soto de Ribera Power Plant,Gas-fired power station,43.3125,-5.87444444
Spain,Q29,http://www.wikidata.org/entity/Q5760767,Besós power station,Gas-fired power station,41.41944444,2.22972222
Spain,Q29,http://www.wikidata.org/entity/Q5760911,Puertollano Power Plant,Gas-fired power station,38.6479407,-4.1232618
Spain,Q29,http://www.wikidata.org/entity/Q5760833,Castelnou Energía,Gas-fired power station,41.21666667,-0.29277778
Spain,Q29,http://www.wikidata.org/entity/Q5760764,Cartagena Power Plant,Gas-fired power station,37.57305556,-0.93916667
Spain,Q29,http://www.wikidata.org/entity/Q8343552,Santurtzi Power Plant,Gas-fired power station,43.33916667,-3.0525
Spain,Q29,http://www.wikidata.org/entity/Q8239905,Bahía de Bizkaia Power Station,Gas-fired power station,43.360833333,-3.094166666
Spain,Q29,http://www.wikidata.org/entity/Q5760920,Tarragona Power Plant,Gas-fired power station,41.108055555,1.190833333
Spain,Q29,http://www.wikidata.org/entity/Q5760840,Plana del Vent Power Plant,Gas-fired power station,40.959444444,0.868888888
Spain,Q29,http://www.wikidata.org/entity/Q5760871,Campanillas power plant,Gas-fired power station,36.7491191,-4.5631242
Spain,Q29,http://www.wikidata.org/entity/Q5409868,Barcelona power station,Gas-fired power station,41.33666667,2.15916667
Spain,Q29,http://www.wikidata.org/entity/Q12005253,Tarragona Power,Gas-fired power station,41.1097971,1.1809224
Spain,Q29,http://www.wikidata.org/entity/Q5760915,Sabón Power Plant,Gas-fired power station,43.33194444,-8.5
Spain,Q29,http://www.wikidata.org/entity/Q5760847,Aceca Power Plant,Gas-fired power station,39.94388889,-3.855
People's Republic of China,Q148,http://www.wikidata.org/entity/Q19360146,Yizhuang Thermal Power Station,Gas-fired power station,39.781111111,116.501944444
People's Republic of China,Q148,http://www.wikidata.org/entity/Q11971552,Huaneng Beijing Co-generation Power Plant,Gas-fired power station,39.886,116.5325
People's Republic of China,Q148,http://www.wikidata.org/entity/Q11960439,Q11960439,Gas-fired power station,,
People's Republic of China,Q148,http://www.wikidata.org/entity/Q11963087,Q11963087,Gas-fired power station,,
People's Republic of China,Q148,http://www.wikidata.org/entity/Q11963421,Q11963421,Gas-fired power station,,
People's Republic of China,Q148,http://www.wikidata.org/entity/Q11971555,Q11971555,Gas-fired power station,,
People's Republic of China,Q148,http://www.wikidata.org/entity/Q11973906,Q11973906,Gas-fired power station,,
People's Republic of China,Q148,http://www.wikidata.org/entity/Q11975304,Q11975304,Gas-fired power station,,
People's Republic of China,Q148,http://www.wikidata.org/entity/Q11978563,Q11978563,Gas-fired power station,,
People's Republic of China,Q148,http://www.wikidata.org/entity/Q11990797,Q11990797,Gas-fired power station,,
People's Republic of China,Q148,http://www.wikidata.org/entity/Q12000204,Q12000204,Gas-fired power station,,
People's Republic of China,Q148,http://www.wikidata.org/entity/Q12010399,Q12010399,Gas-fired power station,,
People's Republic of China,Q148,http://www.wikidata.org/entity/Q12010894,Q12010894,Gas-fired power station,,
People's Republic of China,Q148,http://www.wikidata.org/entity/Q12010938,Q12010938,Gas-fired power station,,
People's Republic of China,Q148,http://www.wikidata.org/entity/Q19373548,Q19373548,Gas-fired power station,,
People's Republic of China,Q148,http://www.wikidata.org/entity/Q19378972,Q19378972,Gas-fired power station,,
People's Republic of China,Q148,http://www.wikidata.org/entity/Q19388353,Q19388353,Gas-fired power station,,
People's Republic of China,Q148,http://www.wikidata.org/entity/Q19391190,Q19391190,Gas-fired power station,,
People's Republic of China,Q148,http://www.wikidata.org/entity/Q19398754,Q19398754,Gas-fired power station,,
People's Republic of China,Q148,http://www.wikidata.org/entity/Q19398803,Q19398803,Gas-fired power station,,
People's Republic of China,Q148,http://www.wikidata.org/entity/Q19388344,Q19388344,Gas-fired power station,22.575,114.4423
People's Republic of China,Q148,http://www.wikidata.org/entity/Q19388343,Qianwan LNG Power Plant,Gas-fired power station,22.508,113.8495
People's Republic of China,Q148,http://www.wikidata.org/entity/Q11978600,Q11978600,Gas-fired power station,24.5633,118.6435
People's Republic of China,Q148,http://www.wikidata.org/entity/Q11586776,Huaneng Shanghai Shidongkou Power Plant,Gas-fired power station,31.4649453,121.4040145
People's Republic of China,Q148,http://www.wikidata.org/entity/Q19385843,Q19385843,Gas-fired power station,25.2175,119.0023
People's Republic of China,Q148,http://www.wikidata.org/entity/Q19360131,Beijing NE Thermal Gas Power Center,Gas-fired power station,39.945277777,116.613333333
People's Republic of China,Q148,http://www.wikidata.org/entity/Q19360136,Huadian Beijing Thermal Power Station,Gas-fired power station,39.889444444,116.2725
People's Republic of China,Q148,http://www.wikidata.org/entity/Q12011210,Q12011210,Gas-fired power station,34.797,113.5275
People's Republic of China,Q148,http://www.wikidata.org/entity/Q19360144,Beijing 3rd Thermal Power Station,Gas-fired power station,39.8125,116.144722222
People's Republic of China,Q148,http://www.wikidata.org/entity/Q19360127,Jing Feng Thermal Gas Power Station,Gas-fired power station,39.8132625,116.1433572
People's Republic of China,Q148,http://www.wikidata.org/entity/Q19374889,Huizhou LNG Plant,Gas-fired power station,22.7595,114.6148
People's Republic of China,Q148,http://www.wikidata.org/entity/Q12000145,Q12000145,Gas-fired power station,30.6986,121.278
People's Republic of China,Q148,http://www.wikidata.org/entity/Q19374145,Q19374145,Gas-fired power station,22.5694,113.575
People's Republic of China,Q148,http://www.wikidata.org/entity/Q3436088,Black Point Power Station,Gas-fired power station,22.4125,113.91
People's Republic of China,Q148,http://www.wikidata.org/entity/Q7164322,Penny's Bay Power Station,Gas-fired power station,22.3208,114.042056
People's Republic of China,Q148,http://www.wikidata.org/entity/Q11996705,Q11996705,Gas-fired power station,31.7360985,120.0373153
People's Republic of China,Q148,http://www.wikidata.org/entity/Q19398939,Q19398939,Gas-fired power station,33.046,114.061
People's Republic of China,Q148,http://www.wikidata.org/entity/Q19360141,Beijing Taiyanggong Thermal Power Station,Gas-fired power station,39.978333333,116.438611111
People's Republic of China,Q148,http://www.wikidata.org/entity/Q19360120,Beijing NW Thermal Gas Power Center,Gas-fired power station,39.941666666,116.126111111
People's Republic of China,Q148,http://www.wikidata.org/entity/Q19360147,Beijing SW Thermal Gas Power Center,Gas-fired power station,39.941666666,116.126111111
People's Republic of China,Q148,http://www.wikidata.org/entity/Q19372555,Q19372555,Gas-fired power station,29.6545,90.9583
People's Republic of China,Q148,http://www.wikidata.org/entity/Q104876655,Golmud Gas-fire Power Station,Gas-fired power station,,
People's Republic of China,Q148,http://www.wikidata.org/entity/Q104876685,Wenchang Natural Gas Power Station,Gas-fired power station,,
People's Republic of China,Q148,http://www.wikidata.org/entity/Q12011194,Q12011194,Gas-fired power station,31.8864364,120.5963223
People's Republic of China,Q148,http://www.wikidata.org/entity/Q11966209,Q11966209,Gas-fired power station,44.38,84.8685
People's Republic of China,Q148,http://www.wikidata.org/entity/Q12010859,Q12010859,Gas-fired power station,24.5456,119.0023
People's Republic of China,Q148,http://www.wikidata.org/entity/Q15211264,Coloane B Power Station,Gas-fired power station,22.14111111,113.58083333
People's Republic of China,Q148,http://www.wikidata.org/entity/Q11975992,Shanghai CCGT Power Plant,Gas-fired power station,31.4639728,121.4043863
Oman,Q842,http://www.wikidata.org/entity/Q114358961,Sohar III Power Plant,Gas-fired power station,24.4653944,56.638974
Oman,Q842,http://www.wikidata.org/entity/Q11956637,Barka I integrated water and power plant,Gas-fired power station,23.7076948,57.9842707
Oman,Q842,http://www.wikidata.org/entity/Q97177476,Q97177476,Gas-fired power station,21.297222222,57.098055555
Oman,Q842,http://www.wikidata.org/entity/Q97177494,Q97177494,Gas-fired power station,19.342222222,56.461111111
Oman,Q842,http://www.wikidata.org/entity/Q12001754,Sohar I integrated water and power plant,Gas-fired power station,24.472222222,56.633333333
Oman,Q842,http://www.wikidata.org/entity/Q97305547,Manah Power Plant,Gas-fired power station,22.706944444,57.578055555
Oman,Q842,http://www.wikidata.org/entity/Q97305549,Sur Power Plant,Gas-fired power station,22.655555555,59.416388888
Oman,Q842,http://www.wikidata.org/entity/Q114358928,Barka III Power Plant,Gas-fired power station,23.7075279,57.9767769
Oman,Q842,http://www.wikidata.org/entity/Q11998681,Al Rusail Power Plant,Gas-fired power station,23.5543032,58.199075
Oman,Q842,http://www.wikidata.org/entity/Q97177395,Ibri Power Plant,Gas-fired power station,23.365,56.282222222
Oman,Q842,http://www.wikidata.org/entity/Q97305545,Al Kamil Power Plant,Gas-fired power station,22.39,59.069722222
Oman,Q842,http://www.wikidata.org/entity/Q97177484,Musandam Power Plant,Gas-fired power station,26.0561211,56.0891175
Oman,Q842,http://www.wikidata.org/entity/Q97177428,Q97177428,Gas-fired power station,18.333055555,55.685555555
Oman,Q842,http://www.wikidata.org/entity/Q97680206,Salalah II Power Plant,Gas-fired power station,16.9396386,53.9732872
Oman,Q842,http://www.wikidata.org/entity/Q97177516,Q97177516,Gas-fired power station,21.370277777,56.722222222
Oman,Q842,http://www.wikidata.org/entity/Q114359144,Salalah integrated water and power plant,Gas-fired power station,17.0379695,54.4905551
Oman,Q842,http://www.wikidata.org/entity/Q114358771,Barka II Power Plant,Gas-fired power station,23.7076042,57.9814846
Oman,Q842,http://www.wikidata.org/entity/Q114358956,Sohar II Power Plant,Gas-fired power station,24.4709396,56.6349453
Oman,Q842,http://www.wikidata.org/entity/Q12001757,Sohar Aluminium Power Plant,Gas-fired power station,24.46676,56.63718
Thailand,Q869,http://www.wikidata.org/entity/Q109774700,Gulf NLL2 Power Plant,Gas-fired power station,12.8294287,101.2531811
Thailand,Q869,http://www.wikidata.org/entity/Q109774445,Gulf SRC Power Plant,Gas-fired power station,13.0500375,101.1931586
Thailand,Q869,http://www.wikidata.org/entity/Q109774637,Gulf VTP Power Plant,Gas-fired power station,13.00378,101.1728
Thailand,Q869,http://www.wikidata.org/entity/Q11960134,Q11960134,Gas-fired power station,,
Thailand,Q869,http://www.wikidata.org/entity/Q11991653,Q11991653,Gas-fired power station,,
Thailand,Q869,http://www.wikidata.org/entity/Q17750809,Glow IPP power plant,Gas-fired power station,13.0862,101.0854
Thailand,Q869,http://www.wikidata.org/entity/Q19391790,Q19391790,Gas-fired power station,,
Thailand,Q869,http://www.wikidata.org/entity/Q109774593,Gulf TS3 & TS4 Power Plant,Gas-fired power station,13.0652443,101.1863458
Thailand,Q869,http://www.wikidata.org/entity/Q109774537,Gulf PD Power Plant,Gas-fired power station,12.9555461,101.155318
Thailand,Q869,http://www.wikidata.org/entity/Q19376735,Kaeng Khoi 2 Power Plant,Gas-fired power station,14.605,101.0259
Thailand,Q869,http://www.wikidata.org/entity/Q109742871,Nong Khae Cogeneration Power Plant,Gas-fired power station,14.3789197,100.8371276
Thailand,Q869,http://www.wikidata.org/entity/Q12004794,South Bangkok Power Plant,Gas-fired power station,13.6188,100.558
Thailand,Q869,http://www.wikidata.org/entity/Q11997188,Ratchaburi Power Plant,Gas-fired power station,13.603121,99.8868385
Thailand,Q869,http://www.wikidata.org/entity/Q18991758,North Bangkok Power Plant,Gas-fired power station,13.8129,100.5092
Thailand,Q869,http://www.wikidata.org/entity/Q109742829,Gulf JP KP1 and KP2 Power Plant,Gas-fired power station,14.38619,100.9089
Thailand,Q869,http://www.wikidata.org/entity/Q109774586,Gulf TS1 & TS2 Power Plant,Gas-fired power station,13.0170757,101.1951649
Thailand,Q869,http://www.wikidata.org/entity/Q109742670,Gulf JP Uthai Power Plant,Gas-fired power station,14.331,100.6952
Thailand,Q869,http://www.wikidata.org/entity/Q109742861,Gulf JP NK2 Power Plant,Gas-fired power station,14.3680382,100.8359474
Thailand,Q869,http://www.wikidata.org/entity/Q19398531,Rojana Power Plant,Gas-fired power station,14.33346,100.6384
Thailand,Q869,http://www.wikidata.org/entity/Q24896423,Lan Krabue Power Plant,Gas-fired power station,16.6304711,99.8706257
Thailand,Q869,http://www.wikidata.org/entity/Q19398532,Wang Noi Power Plant,Gas-fired power station,14.2323808,100.7809246
Thailand,Q869,http://www.wikidata.org/entity/Q22130623,Chana Power Plant,Gas-fired power station,6.9556295,100.7060137
Thailand,Q869,http://www.wikidata.org/entity/Q19377090,Khanom Power Plant,Gas-fired power station,9.2374,99.86137
Thailand,Q869,http://www.wikidata.org/entity/Q13027477,Bang Pakong Power Plant,Gas-fired power station,13.50143,101.025391111
Thailand,Q869,http://www.wikidata.org/entity/Q109774709,Gulf JP NLL Power Plant,Gas-fired power station,12.8255372,101.2487876
Thailand,Q869,http://www.wikidata.org/entity/Q11990801,Nam Phong Power Plant,Gas-fired power station,16.6814562,102.7419177
Thailand,Q869,http://www.wikidata.org/entity/Q109742862,Gulf NPM Power Plant,Gas-fired power station,14.3666616,100.8364503
Thailand,Q869,http://www.wikidata.org/entity/Q109742781,Gulf JP Nong Saeng Power Plant,Gas-fired power station,14.4417,100.77636
Egypt,Q79,http://www.wikidata.org/entity/Q56359664,Sidi Krir 3 & 4 Power Plant,Gas-fired power station,31.04475,29.660138888
Egypt,Q79,http://www.wikidata.org/entity/Q56360316,Burullus Power Plant,Gas-fired power station,31.527111111,30.81
Egypt,Q79,http://www.wikidata.org/entity/Q56359716,West Damietta Power Station,Gas-fired power station,31.442305555,31.606388888
Egypt,Q79,http://www.wikidata.org/entity/Q1786091,El Kuriemat Power Plant,Gas-fired power station,29.274879,31.22263
Egypt,Q79,http://www.wikidata.org/entity/Q56359854,Cairo West Power Plant,Gas-fired power station,30.140861111,31.164777777
Egypt,Q79,http://www.wikidata.org/entity/Q56359846,Giza North Power Station,Gas-fired power station,30.248166666,30.946611111
Egypt,Q79,http://www.wikidata.org/entity/Q19376753,Cairo North Power Plant,Gas-fired power station,30.108,31.266
Egypt,Q79,http://www.wikidata.org/entity/Q17749722,Oyoun Mousa Power Station,Gas-fired power station,29.911527777,32.594805555
Egypt,Q79,http://www.wikidata.org/entity/Q117090064,Matrouh Power Plant,Gas-fired power station,31.37027778,27.20444444
Egypt,Q79,http://www.wikidata.org/entity/Q56360325,New Capital Power Plant,Gas-fired power station,29.908,31.754694444
Egypt,Q79,http://www.wikidata.org/entity/Q56359722,Kafr El-Dawar Power Station,Gas-fired power station,31.129305555,30.193194444
Egypt,Q79,http://www.wikidata.org/entity/Q46608973,Damietta Power Station,Gas-fired power station,31.381472222,31.723583333
Egypt,Q79,http://www.wikidata.org/entity/Q56360332,Beni Suef Power Plant,Gas-fired power station,28.921361111,31.005638888
Egypt,Q79,http://www.wikidata.org/entity/Q56359816,Abu Sultan Power Station,Gas-fired power station,30.402444444,32.308638888
Egypt,Q79,http://www.wikidata.org/entity/Q56359849,Shoubra El-Khiema Power plant,Gas-fired power station,30.123861111,31.237583333
Egypt,Q79,http://www.wikidata.org/entity/Q56359987,Cairo South Power Station,Gas-fired power station,29.868111111,31.290805555
Egypt,Q79,http://www.wikidata.org/entity/Q11966987,Nubaria power station,Gas-fired power station,30.69925,30.667111111
Egypt,Q79,http://www.wikidata.org/entity/Q56359852,6 October Power Station,Gas-fired power station,30.054,31.045
Egypt,Q79,http://www.wikidata.org/entity/Q11956848,Abu Qir Power Plant,Gas-fired power station,31.269388888,30.140888888
Egypt,Q79,http://www.wikidata.org/entity/Q56359997,El Tebbin Power Plant,Gas-fired power station,29.776,31.298305555
Egypt,Q79,http://www.wikidata.org/entity/Q11959473,Ataqa Power Station,Gas-fired power station,29.935444444,32.47225
Egypt,Q79,http://www.wikidata.org/entity/Q56359671,Q56359671,Gas-fired power station,31.215888888,29.997388888
Egypt,Q79,http://www.wikidata.org/entity/Q19388393,West Delta Sidi Krir Power Plant,Gas-fired power station,31.04475,29.660138888
Egypt,Q79,http://www.wikidata.org/entity/Q56359993,Wadi Hoof Power Station,Gas-fired power station,29.875666666,31.319388888
Indonesia,Q252,http://www.wikidata.org/entity/Q132179767,Labuhan Angin power station,Gas-fired power station,1.7518502,98.7312856
Indonesia,Q252,http://www.wikidata.org/entity/Q17749821,Pesanggaran Power Plant,Gas-fired power station,-8.7176185,115.2114075
Indonesia,Q252,http://www.wikidata.org/entity/Q19376786,Q19376786,Gas-fired power station,,
Indonesia,Q252,http://www.wikidata.org/entity/Q25476679,Q25476679,Gas-fired power station,,
Indonesia,Q252,http://www.wikidata.org/entity/Q11995081,Q11995081,Gas-fired power station,-8.1352592,115.0603324
Indonesia,Q252,http://www.wikidata.org/entity/Q30693491,Bekasi Power,Gas-fired power station,-6.2697851,107.1596839
Indonesia,Q252,http://www.wikidata.org/entity/Q11990159,Muara Karang Power Plant,Gas-fired power station,-6.1104892,106.7846978
Indonesia,Q252,http://www.wikidata.org/entity/Q19391898,Tambak Lorok Power Plant,Gas-fired power station,-6.950648,110.4335092
Indonesia,Q252,http://www.wikidata.org/entity/Q106414009,Q106414009,Gas-fired power station,-8.17555556,114.44277778
Indonesia,Q252,http://www.wikidata.org/entity/Q19381975,Muara Tawar Power Plant,Gas-fired power station,-6.0866354,106.9992034
Indonesia,Q252,http://www.wikidata.org/entity/Q17778487,Gresik Power Plant,Gas-fired power station,-7.1638573,112.6617533
Indonesia,Q252,http://www.wikidata.org/entity/Q12005197,Q12005197,Gas-fired power station,-6.1089868,106.8690575
Indonesia,Q252,http://www.wikidata.org/entity/Q11972484,Grati power plant,Gas-fired power station,-7.650782,113.0250692
Indonesia,Q252,http://www.wikidata.org/entity/Q11963831,Cilegon Power Plant,Gas-fired power station,-5.9303001,106.1055889
Ukraine,Q212,http://www.wikidata.org/entity/Q12086812,Q12086812,Gas-fired power station,,
Ukraine,Q212,http://www.wikidata.org/entity/Q12107862,Q12107862,Gas-fired power station,,
Ukraine,Q212,http://www.wikidata.org/entity/Q12119090,Q12119090,Gas-fired power station,,
Ukraine,Q212,http://www.wikidata.org/entity/Q12158666,Q12158666,Gas-fired power station,,
Ukraine,Q212,http://www.wikidata.org/entity/Q23769548,Q23769548,Gas-fired power station,,
Ukraine,Q212,http://www.wikidata.org/entity/Q11982929,Ladyzhyn power plant,Gas-fired power station,,
Ukraine,Q212,http://www.wikidata.org/entity/Q12099561,Darnytska TEC,Gas-fired power station,,
Ukraine,Q212,http://www.wikidata.org/entity/Q12114491,Kremenchuk thermal power station,Gas-fired power station,,
Ukraine,Q212,http://www.wikidata.org/entity/Q12135205,Odesa heat and power plant,Gas-fired power station,,
Ukraine,Q212,http://www.wikidata.org/entity/Q3443767,Slovianska thermal power plant,Gas-fired power station,48.8719556,37.7647305
Ukraine,Q212,http://www.wikidata.org/entity/Q3443758,Luhansk power station,Gas-fired power station,48.74781389,39.26238889
Ukraine,Q212,http://www.wikidata.org/entity/Q3443751,Zmiivska power plant,Gas-fired power station,49.585,36.525
Ukraine,Q212,http://www.wikidata.org/entity/Q21644346,Balaklavskaya TPS,Gas-fired power station,44.554166666,33.602777777
Ukraine,Q212,http://www.wikidata.org/entity/Q3443445,Starobesheve thermal power station,Gas-fired power station,47.799118,38.004705
Ukraine,Q212,http://www.wikidata.org/entity/Q3365756,Zaporizhzhia thermal power station,Gas-fired power station,47.5086,34.6256
Ukraine,Q212,http://www.wikidata.org/entity/Q48922473,Tavricheskaya TPS,Gas-fired power station,44.94194,34.22222
Bangladesh,Q902,http://www.wikidata.org/entity/Q111265828,Haripur BPDB Power Plant,Gas-fired power station,23.6842387,90.530042
Bangladesh,Q902,http://www.wikidata.org/entity/Q25426591,Mymensingh RPCL Combined Cycle Power Plant,Gas-fired power station,24.7618014,90.4187036
Bangladesh,Q902,http://www.wikidata.org/entity/Q111265781,Bheramara Combined Cycle Power Plant,Gas-fired power station,24.0498589,89.0176839
Bangladesh,Q902,http://www.wikidata.org/entity/Q11963570,Q11963570,Gas-fired power station,,
Bangladesh,Q902,http://www.wikidata.org/entity/Q111265831,Chandpur PDB combined cycle power plant,Gas-fired power station,23.2223135,90.6686747
Bangladesh,Q902,http://www.wikidata.org/entity/Q25426575,Baghabari Power Plant,Gas-fired power station,24.1347504,89.5930231
Bangladesh,Q902,http://www.wikidata.org/entity/Q21447946,Q21447946,Gas-fired power station,,
Bangladesh,Q902,http://www.wikidata.org/entity/Q25426589,Q25426589,Gas-fired power station,,
Bangladesh,Q902,http://www.wikidata.org/entity/Q11971935,Ghorashal BPDB power plant,Gas-fired power station,23.980724,90.6369173
Bangladesh,Q902,http://www.wikidata.org/entity/Q111265759,Ashuganj BPDB power plant,Gas-fired power station,24.0452295,91.0186815
Bangladesh,Q902,http://www.wikidata.org/entity/Q111265826,Sirajganj combined cycle power plant,Gas-fired power station,24.3857349,89.7457749
Bangladesh,Q902,http://www.wikidata.org/entity/Q111265775,Bibiana III combined cycle power plant,Gas-fired power station,24.6388111,91.6633505
Bangladesh,Q902,http://www.wikidata.org/entity/Q25426579,Tongi power plant,Gas-fired power station,23.8967557,90.4123038
Bangladesh,Q902,http://www.wikidata.org/entity/Q111265774,Summit Bibiana II combined cycle power plant,Gas-fired power station,24.6369777,91.6607809
Bangladesh,Q902,http://www.wikidata.org/entity/Q111265754,Summit Meghnaghat combined cycle power plant,Gas-fired power station,23.6090545,90.5985081
Bangladesh,Q902,http://www.wikidata.org/entity/Q25426569,Siddhirganj EGCB power plant,Gas-fired power station,23.6846956,90.5159149
Bangladesh,Q902,http://www.wikidata.org/entity/Q111265765,Ashuganj North and South combined cycle power plant,Gas-fired power station,24.0380426,91.0086501
Bangladesh,Q902,http://www.wikidata.org/entity/Q111265822,Rangpur Confidence power plant,Gas-fired power station,25.658998,89.2717534
Bangladesh,Q902,http://www.wikidata.org/entity/Q111265783,Nutan Bidyut Bangladesh Limited,Gas-fired power station,22.4787505,90.7088596
Bangladesh,Q902,http://www.wikidata.org/entity/Q111265778,Confidence Power Bogura power plant,Gas-fired power station,24.7685868,89.3464315
Bangladesh,Q902,http://www.wikidata.org/entity/Q25426572,Khulna power plant,Gas-fired power station,22.8655163,89.5363614
Bangladesh,Q902,http://www.wikidata.org/entity/Q111265805,Kushiara Combined Cycle Power Plant,Gas-fired power station,24.6892286,91.9179565
Bangladesh,Q902,http://www.wikidata.org/entity/Q111265762,Ashuganj Modular power plant,Gas-fired power station,24.0420721,91.0112491
Bangladesh,Q902,http://www.wikidata.org/entity/Q111265782,Bhola BPDB power plant,Gas-fired power station,22.4788645,90.7109088
Bangladesh,Q902,http://www.wikidata.org/entity/Q111265825,Sirajganj Sembcorp combined cycle power plant,Gas-fired power station,24.3860183,89.7431785
Bangladesh,Q902,http://www.wikidata.org/entity/Q111265829,Haripur 412 MW Combined Cycle Power Plant,Gas-fired power station,23.6849745,90.5296505
Bangladesh,Q902,http://www.wikidata.org/entity/Q105217066,Kumargaon Power Plant,Gas-fired power station,24.9102,91.82918
Bangladesh,Q902,http://www.wikidata.org/entity/Q111265752,Orion Power Meghnaghat power plant,Gas-fired power station,23.6110796,90.5927038
Bangladesh,Q902,http://www.wikidata.org/entity/Q111265777,Bibiyana South Combined Cycle Power Plant,Gas-fired power station,24.6351297,91.6605985
Bangladesh,Q902,http://www.wikidata.org/entity/Q111265843,Shahjibazar power plant,Gas-fired power station,24.2532056,91.3766062
Bangladesh,Q902,http://www.wikidata.org/entity/Q48735015,Ashuganj Power Stations,Gas-fired power station,24.0431,91.0184
Bangladesh,Q902,http://www.wikidata.org/entity/Q111265760,Ashuganj Midland Power Station,Gas-fired power station,24.0269797,90.9885979
Bangladesh,Q902,http://www.wikidata.org/entity/Q111265789,Ghorashal Regent Energy power plant,Gas-fired power station,23.9706611,90.641284
Bangladesh,Q902,http://www.wikidata.org/entity/Q25426580,Fenchuganj Combined Cycle Power Plant,Gas-fired power station,24.686,91.918
Bangladesh,Q902,http://www.wikidata.org/entity/Q19381289,Meghnaghat 450 MW combined cycle power plant,Gas-fired power station,23.608531,90.6012896
Bangladesh,Q902,http://www.wikidata.org/entity/Q25426577,Shikalbaha power plant,Gas-fired power station,22.3241709,91.8646777
Bangladesh,Q902,http://www.wikidata.org/entity/Q111265764,Ashuganj APSCL Power Plant,Gas-fired power station,24.043701,91.016407
Bangladesh,Q902,http://www.wikidata.org/entity/Q111265756,Siddhirganj BPDB power plant,Gas-fired power station,23.6823572,90.525316
Bangladesh,Q902,http://www.wikidata.org/entity/Q21403082,Q21403082,Gas-fired power station,23.68638889,90.52805556
Bangladesh,Q902,http://www.wikidata.org/entity/Q19373655,Haripur 360 MW Combined Cycle Power Plant,Gas-fired power station,23.6778571,90.5328476
Bangladesh,Q902,http://www.wikidata.org/entity/Q7293784,Raozan Power Station,Gas-fired power station,22.4570775,91.9780809
Pakistan,Q843,http://www.wikidata.org/entity/Q17068790,Nandipur Power Project,Gas-fired power station,32.242245391,74.268915263
Pakistan,Q843,http://www.wikidata.org/entity/Q113484907,Punjab Thermal Power Plant,Gas-fired power station,31.1127643,72.1874446
Pakistan,Q843,http://www.wikidata.org/entity/Q6433725,Kot Addu Power Company,Gas-fired power station,30.4461764,70.9802306
Pakistan,Q843,http://www.wikidata.org/entity/Q15964465,Korangi Combined Cycle Power Plant,Gas-fired power station,24.7862573,67.1373814
Pakistan,Q843,http://www.wikidata.org/entity/Q120722833,Faisalabad Power Station,Gas-fired power station,31.444431,73.133803
Pakistan,Q843,http://www.wikidata.org/entity/Q113484892,Bhikki Power Plant,Gas-fired power station,31.603,73.904
Pakistan,Q843,http://www.wikidata.org/entity/Q120723317,SITE Gas Turbine Power Station,Gas-fired power station,24.9132177,66.9902623
Pakistan,Q843,http://www.wikidata.org/entity/Q120723308,Korangi Town Gas Engine Power Station,Gas-fired power station,24.8485921,67.1456638
Pakistan,Q843,http://www.wikidata.org/entity/Q11983914,TNB Liberty Power Plant,Gas-fired power station,28.0318673,69.6362668
Pakistan,Q843,http://www.wikidata.org/entity/Q48732158,Haveli Bahadur Shah Power Plant,Gas-fired power station,31.1268033,72.1899819
Pakistan,Q843,http://www.wikidata.org/entity/Q11961046,K-Electric Bin Qasim Power Station,Gas-fired power station,24.7848755,67.3600317
Pakistan,Q843,http://www.wikidata.org/entity/Q7876646,Uch Power Plant,Gas-fired power station,28.5828,68.1783
Pakistan,Q843,http://www.wikidata.org/entity/Q5614555,Guddu Thermal Power Station,Gas-fired power station,28.42722,69.69694
Pakistan,Q843,http://www.wikidata.org/entity/Q11998517,Rousch Power Plant,Gas-fired power station,30.5682518,72.1395993
Pakistan,Q843,http://www.wikidata.org/entity/Q16892835,Jamshoro Power Station,Gas-fired power station,25.4722,68.2661
Pakistan,Q843,http://www.wikidata.org/entity/Q11960095,Balloki Power Plant,Gas-fired power station,31.0368663,73.9261865
Pakistan,Q843,http://www.wikidata.org/entity/Q120722172,Kotri Power Station,Gas-fired power station,25.3410625,68.2560015
United Arab Emirates,Q878,http://www.wikidata.org/entity/Q104815304,Mirfa International Power & Water Plant,Gas-fired power station,24.1206385,53.4435706
United Arab Emirates,Q878,http://www.wikidata.org/entity/Q11966161,Q11966161,Gas-fired power station,,
United Arab Emirates,Q878,http://www.wikidata.org/entity/Q1786245,Jebel Ali Power and Desalination Plant,Gas-fired power station,25.05971,55.117164
United Arab Emirates,Q878,http://www.wikidata.org/entity/Q5507333,Fujairah F2 IWPP,Gas-fired power station,25.301944444,56.372777777
United Arab Emirates,Q878,http://www.wikidata.org/entity/Q17749714,Al Aweer Power Plant,Gas-fired power station,25.1495015,55.4262821
United Arab Emirates,Q878,http://www.wikidata.org/entity/Q104815329,Shuweihat S3 Power Plant,Gas-fired power station,24.1536652,52.5663078
United Arab Emirates,Q878,http://www.wikidata.org/entity/Q104817963,Taweelah A1 IWPP,Gas-fired power station,24.7606956,54.680382
United Arab Emirates,Q878,http://www.wikidata.org/entity/Q11957208,Shuweihat S1 Power and Desalination Plant,Gas-fired power station,24.1654621,52.5680398
United Arab Emirates,Q878,http://www.wikidata.org/entity/Q104815369,Shuweihat S2 Power and Desalination Plant,Gas-fired power station,24.1599834,52.5679662
United Arab Emirates,Q878,http://www.wikidata.org/entity/Q104817966,Taweelah B IWPP,Gas-fired power station,24.7676516,54.6871412
United Arab Emirates,Q878,http://www.wikidata.org/entity/Q5507337,Fujairah F1 IWPP,Gas-fired power station,25.314444444,56.372777777
United Arab Emirates,Q878,http://www.wikidata.org/entity/Q104819144,Umm Al Nar Power and Water Complex,Gas-fired power station,24.4360306,54.4836441
United Arab Emirates,Q878,http://www.wikidata.org/entity/Q104817964,Taweelah A2 IWPP,Gas-fired power station,24.7624643,54.6830188
Colombia,Q739,http://www.wikidata.org/entity/Q113330699,Termoyopal,Gas-fired power station,5.4442638,-72.4536109
Colombia,Q739,http://www.wikidata.org/entity/Q113330501,Termoflores,Gas-fired power station,11.0260137,-74.8123992
Colombia,Q739,http://www.wikidata.org/entity/Q12005587,Termocartagena,Gas-fired power station,10.3555604,-75.5104709
Colombia,Q739,http://www.wikidata.org/entity/Q113330519,Termovalle,Gas-fired power station,3.5650568,-76.4534336
Colombia,Q739,http://www.wikidata.org/entity/Q19392167,TermoemCali,Gas-fired power station,3.5596921,-76.4686042
Colombia,Q739,http://www.wikidata.org/entity/Q113330559,Termocentro,Gas-fired power station,6.4444044,-74.3809259
Colombia,Q739,http://www.wikidata.org/entity/Q113330749,Termonorte,Gas-fired power station,11.2598746,-74.103097
Colombia,Q739,http://www.wikidata.org/entity/Q113330718,Proeléctrica Mamonal,Gas-fired power station,10.3508121,-75.4929594
Colombia,Q739,http://www.wikidata.org/entity/Q12005588,TEBSA,Gas-fired power station,10.9369302,-74.7637386
Colombia,Q739,http://www.wikidata.org/entity/Q113330705,Termo Mechero Morro,Gas-fired power station,5.4591709,-72.4503037
Colombia,Q739,http://www.wikidata.org/entity/Q113330674,Meriléctrica,Gas-fired power station,7.0544341,-73.8199148
Colombia,Q739,http://www.wikidata.org/entity/Q12005594,Termosierra,Gas-fired power station,6.2357474,-74.5606158
Colombia,Q739,http://www.wikidata.org/entity/Q113330724,Termodorada,Gas-fired power station,5.445145,-74.6747428
Colombia,Q739,http://www.wikidata.org/entity/Q12005586,Termocandelaria,Gas-fired power station,10.3587999,-75.4855667
Malaysia,Q833,http://www.wikidata.org/entity/Q7441454,Sultan Salahuddin Abdul Aziz Power Station,Gas-fired power station,3.117,101.322
Malaysia,Q833,http://www.wikidata.org/entity/Q11986984,Lumut Power Plant,Gas-fired power station,4.3908,100.5894
Malaysia,Q833,http://www.wikidata.org/entity/Q116727734,SPR,Gas-fired power station,5.6576366,115.9093666
Malaysia,Q833,http://www.wikidata.org/entity/Q7683419,Tanjung Kling Power Station,Gas-fired power station,2.223333333,102.151944444
Malaysia,Q833,http://www.wikidata.org/entity/Q116699478,Edra Melaka Power Plant,Gas-fired power station,2.3519748,102.0511554
Malaysia,Q833,http://www.wikidata.org/entity/Q116628325,Bintulu Power Station,Gas-fired power station,3.2891177,113.0936922
Malaysia,Q833,http://www.wikidata.org/entity/Q11971770,Gelugor Power Station,Gas-fired power station,5.3807,100.3151
Malaysia,Q833,http://www.wikidata.org/entity/Q7636675,TNB Pasir Gudang Energy,Gas-fired power station,1.4489152,103.8816274
Malaysia,Q833,http://www.wikidata.org/entity/Q11995345,Perlis Power Station,Gas-fired power station,6.3405923,100.1565707
Malaysia,Q833,http://www.wikidata.org/entity/Q116700169,Southern Power Generation,Gas-fired power station,1.4446027,103.8844335
Malaysia,Q833,http://www.wikidata.org/entity/Q5161321,Connaught Bridge Power Station,Gas-fired power station,3.0433,101.4696
Malaysia,Q833,http://www.wikidata.org/entity/Q116727726,Kimanis Power Plant,Gas-fired power station,5.6480703,115.8897436
Malaysia,Q833,http://www.wikidata.org/entity/Q3446052,Sultan Ismail Power Station,Gas-fired power station,4.5951042,103.448323
Malaysia,Q833,http://www.wikidata.org/entity/Q12005461,Telok Gong Power Station,Gas-fired power station,2.3479,102.052
Malaysia,Q833,http://www.wikidata.org/entity/Q11994632,Paka Power Station,Gas-fired power station,4.6019043,103.4499281
Malaysia,Q833,http://www.wikidata.org/entity/Q11996150,Prai Malakoff Power Station,Gas-fired power station,5.3752829,100.373776
Malaysia,Q833,http://www.wikidata.org/entity/Q19385577,Port Dickson Power Plant,Gas-fired power station,2.5537328,101.798898
Malaysia,Q833,http://www.wikidata.org/entity/Q7262416,Putrajaya Power Station,Gas-fired power station,2.9658807,101.6852017
Malaysia,Q833,http://www.wikidata.org/entity/Q116727595,Teluk Salut Power Plant,Gas-fired power station,6.0918564,116.163184
Malaysia,Q833,http://www.wikidata.org/entity/Q116700335,Pengerang Cogeneration Power Plant,Gas-fired power station,1.3764416,104.1743481
Malaysia,Q833,http://www.wikidata.org/entity/Q19378322,Kuala Langat Power Plant,Gas-fired power station,2.7976119,101.6493273
Malaysia,Q833,http://www.wikidata.org/entity/Q116699292,Prai TNB Power Station,Gas-fired power station,5.3745112,100.3749695
Malaysia,Q833,http://www.wikidata.org/entity/Q116727603,Rugading Power Plant,Gas-fired power station,6.0933713,116.166113
Malaysia,Q833,http://www.wikidata.org/entity/Q19378333,NUR Power,Gas-fired power station,5.4314846,100.6006157
Malaysia,Q833,http://www.wikidata.org/entity/Q116727816,Patau-Patau Power Plant,Gas-fired power station,5.2490822,115.2412739
Malaysia,Q833,http://www.wikidata.org/entity/Q11994834,YTL Power Pasir Gudang Power Station,Gas-fired power station,1.4505622,103.8801989
Malaysia,Q833,http://www.wikidata.org/entity/Q116658188,Miri Power Station,Gas-fired power station,4.4209859,114.0184575
Malaysia,Q833,http://www.wikidata.org/entity/Q116727607,Sepanggar Bay Power Plant,Gas-fired power station,6.0916431,116.1664939
Malaysia,Q833,http://www.wikidata.org/entity/Q7850639,Tuanku Jaafar Power Station,Gas-fired power station,2.533,101.791
Brazil,Q155,http://www.wikidata.org/entity/Q10388462,Ibirité Power Plant,Gas-fired power station,-19.98972222,-44.09638889
Brazil,Q155,http://www.wikidata.org/entity/Q19394001,Uruguaiana Power Plant,Gas-fired power station,-29.7650014,-57.000289
Brazil,Q155,http://www.wikidata.org/entity/Q110055950,Q110055950,Gas-fired power station,-22.9113266,-43.7448496
Brazil,Q155,http://www.wikidata.org/entity/Q51882607,Parnaíba Thermoelectric Complex,Gas-fired power station,-4.8211231,-44.3551247
Brazil,Q155,http://www.wikidata.org/entity/Q106413982,Cubatão Power Plant,Gas-fired power station,-23.87583333,-46.43194444
Brazil,Q155,http://www.wikidata.org/entity/Q19392168,Q19392168,Gas-fired power station,-3.6811,-38.8657545
Brazil,Q155,http://www.wikidata.org/entity/Q110055945,GNA I Power Plant,Gas-fired power station,-21.844889,-41.0162544
Brazil,Q155,http://www.wikidata.org/entity/Q10388460,Vale do Açu Thermoelectric Power Plant,Gas-fired power station,-5.3816732,-36.8201423
Brazil,Q155,http://www.wikidata.org/entity/Q106414220,Termobahia,Gas-fired power station,-12.7030537,-38.5705772
Brazil,Q155,http://www.wikidata.org/entity/Q20061650,Piratininga  Power Plant,Gas-fired power station,-23.7001103,-46.6787779
Brazil,Q155,http://www.wikidata.org/entity/Q97273682,Q97273682,Gas-fired power station,-3.11722222,-59.92972222
Brazil,Q155,http://www.wikidata.org/entity/Q106413965,Canoas Power Plant,Gas-fired power station,-29.87527778,-51.14527778
Brazil,Q155,http://www.wikidata.org/entity/Q19392169,Q19392169,Gas-fired power station,-8.404865,-34.9669987
Brazil,Q155,http://www.wikidata.org/entity/Q11960178,Seropédica Power Plant,Gas-fired power station,-22.7203723,-43.6458089
Brazil,Q155,http://www.wikidata.org/entity/Q10388473,Santa Cruz power plant,Gas-fired power station,-22.9148039,-43.7689958
Brazil,Q155,http://www.wikidata.org/entity/Q11992617,EDF Norte Fluminense,Gas-fired power station,-22.3057,-41.8816
Brazil,Q155,http://www.wikidata.org/entity/Q12005581,Araucária Gas Power Plant,Gas-fired power station,-25.5884236,-49.3546522
Brazil,Q155,http://www.wikidata.org/entity/Q12005580,Termorio,Gas-fired power station,-22.7144,-43.2544
Brazil,Q155,http://www.wikidata.org/entity/Q110051983,Porto de Sergipe I Thermoelectric Plant,Gas-fired power station,-10.8171,-36.93847
Brazil,Q155,http://www.wikidata.org/entity/Q20059658,Q20059658,Gas-fired power station,-15.678,-56.02017
Brazil,Q155,http://www.wikidata.org/entity/Q106413955,Baixada Fluminense Power Plant,Gas-fired power station,-22.7228,-43.6424
Brazil,Q155,http://www.wikidata.org/entity/Q11987687,Termomacaé,Gas-fired power station,-22.3078278,-41.8762672
Mexico,Q96,http://www.wikidata.org/entity/Q11989088,Mérida III combined cycle power station,Gas-fired power station,20.9340807,-89.6990722
Mexico,Q96,http://www.wikidata.org/entity/Q11999227,Q11999227,Gas-fired power station,,
Mexico,Q96,http://www.wikidata.org/entity/Q12007948,Q12007948,Gas-fired power station,,
Mexico,Q96,http://www.wikidata.org/entity/Q11990784,Q11990784,Gas-fired power station,31.2225273,-109.6080423
Mexico,Q96,http://www.wikidata.org/entity/Q122759649,Baja California III combined cycle power station,Gas-fired power station,31.9918828,-116.8523079
Mexico,Q96,http://www.wikidata.org/entity/Q19387394,Salamanca Power Station,Gas-fired power station,20.5695752,-101.1701828
Mexico,Q96,http://www.wikidata.org/entity/Q11989898,Dulces Nombres combined cycle power station,Gas-fired power station,25.7176614,-100.0955987
Mexico,Q96,http://www.wikidata.org/entity/Q122759525,Altamira II combined cycle power station,Gas-fired power station,22.4980808,-97.9019836
Mexico,Q96,http://www.wikidata.org/entity/Q122759669,Topolobampo II & III combined cycle power station,Gas-fired power station,25.9738927,-108.9928562
Mexico,Q96,http://www.wikidata.org/entity/Q122766141,EVM II,Gas-fired power station,19.7461555,-98.6747146
Mexico,Q96,http://www.wikidata.org/entity/Q122759512,Altamira V combined cycle power station,Gas-fired power station,22.4999096,-97.9054999
Mexico,Q96,http://www.wikidata.org/entity/Q131832366,Dos Bocas power station,Gas-fired power station,,
Mexico,Q96,http://www.wikidata.org/entity/Q61994733,Q61994733,Gas-fired power station,18.8015056,-98.8793993
Mexico,Q96,http://www.wikidata.org/entity/Q122759519,Altamira III & IV combined cycle power station,Gas-fired power station,22.4942348,-97.9012889
Mexico,Q96,http://www.wikidata.org/entity/Q11982881,La Laguna II combined cycle power station,Gas-fired power station,25.6016072,-103.467586
Mexico,Q96,http://www.wikidata.org/entity/Q19398123,Villa de Reyes thermal power station,Gas-fired power station,21.832779,-100.9343577
Mexico,Q96,http://www.wikidata.org/entity/Q11996459,Puerto Libertad power station,Gas-fired power station,29.9073852,-112.6927811
Mexico,Q96,http://www.wikidata.org/entity/Q122808952,General Manuel Álvarez Moreno thermal power station,Gas-fired power station,19.0266375,-104.3193108
Mexico,Q96,http://www.wikidata.org/entity/Q19391897,Tamazunchale combined cycle power station,Gas-fired power station,21.3109456,-98.7563825
Mexico,Q96,http://www.wikidata.org/entity/Q122759630,Escobedo & El Carmen combined cycle power stations,Gas-fired power station,25.8688487,-100.3616309
Mexico,Q96,http://www.wikidata.org/entity/Q12007849,Francisco Pérez Ríos thermal power station,Gas-fired power station,20.0569038,-99.27679
Mexico,Q96,http://www.wikidata.org/entity/Q12008892,Thermoelectric central Valle de México,Gas-fired power station,19.6180317,-98.9779329
Mexico,Q96,http://www.wikidata.org/entity/Q122766172,EVM I,Gas-fired power station,19.7480186,-98.6677006
Mexico,Q96,http://www.wikidata.org/entity/Q134315886,Q134315886,Gas-fired power station,,
Mexico,Q96,http://www.wikidata.org/entity/Q134383724,Q134383724,Gas-fired power station,,
France,Q142,http://www.wikidata.org/entity/Q11995888,Q11995888,Gas-fired power station,50.2299549,3.8693077
France,Q142,http://www.wikidata.org/entity/Q107068207,CPCU Saint-Ouen power plant,Gas-fired power station,48.9117615,2.3265627
France,Q142,http://www.wikidata.org/entity/Q11957680,Q11957680,Gas-fired power station,45.004652508,-0.557556173
France,Q142,http://www.wikidata.org/entity/Q17750007,Q17750007,Gas-fired power station,46.272744,3.301218
France,Q142,http://www.wikidata.org/entity/Q107066995,Gennevilliers Power Plant,Gas-fired power station,48.9370356,2.2612988
France,Q142,http://www.wikidata.org/entity/Q107068327,CPCU Vitry power plant,Gas-fired power station,48.789003,2.41723
France,Q142,http://www.wikidata.org/entity/Q60847995,Q60847995,Gas-fired power station,,
France,Q142,http://www.wikidata.org/entity/Q108703424,Q108703424,Gas-fired power station,48.5224778,-4.0715611
France,Q142,http://www.wikidata.org/entity/Q16039769,Bouchain power station,Gas-fired power station,50.298888888,3.313888888
France,Q142,http://www.wikidata.org/entity/Q107067599,Amfard Power Plant,Gas-fired power station,49.494044,0.2176453
France,Q142,http://www.wikidata.org/entity/Q17750568,Blénod power station,Gas-fired power station,48.868952,6.081725
France,Q142,http://www.wikidata.org/entity/Q107067183,SPEM,Gas-fired power station,47.3074369,-2.1372306
France,Q142,http://www.wikidata.org/entity/Q93650544,Q93650544,Gas-fired power station,48.693283345,5.914152849
France,Q142,http://www.wikidata.org/entity/Q93733336,Q93733336,Gas-fired power station,43.4073995,4.8662243
France,Q142,http://www.wikidata.org/entity/Q64997939,Q64997939,Gas-fired power station,43.3597838,5.0207047
France,Q142,http://www.wikidata.org/entity/Q2944733,Montereau power station,Gas-fired power station,48.3803,2.8511
France,Q142,http://www.wikidata.org/entity/Q28496355,Émile-Huchet,Gas-fired power station,49.1524433,6.7024201
France,Q142,http://www.wikidata.org/entity/Q3011361,Q3011361,Gas-fired power station,51.047957151,2.32597946
France,Q142,http://www.wikidata.org/entity/Q65761761,Q65761761,Gas-fired power station,-21.317259959,55.451350805
France,Q142,http://www.wikidata.org/entity/Q93778795,Q93778795,Gas-fired power station,43.4284646,4.8857906
Saudi Arabia,Q851,http://www.wikidata.org/entity/Q105034220,Riyadh Power Plant 11,Gas-fired power station,24.7864716,45.627476
Saudi Arabia,Q851,http://www.wikidata.org/entity/Q11957203,Q11957203,Gas-fired power station,,
Saudi Arabia,Q851,http://www.wikidata.org/entity/Q17069689,Rabigh 2 IPP,Gas-fired power station,22.6290641,39.0464401
Saudi Arabia,Q851,http://www.wikidata.org/entity/Q105045687,Riyadh Power Plant 13,Gas-fired power station,24.7855365,45.6214356
Saudi Arabia,Q851,http://www.wikidata.org/entity/Q16899040,Qurayyah IPP,Gas-fired power station,25.8445018,50.1253902
Saudi Arabia,Q851,http://www.wikidata.org/entity/Q28653972,Ras Al-Khair Power and Desalination Plant,Gas-fired power station,27.536666666,49.138888888
Saudi Arabia,Q851,http://www.wikidata.org/entity/Q105029835,Green Duba power plant,Gas-fired power station,27.760333,35.4420984
Saudi Arabia,Q851,http://www.wikidata.org/entity/Q105023710,Waad Al Shamal Power Plant,Gas-fired power station,31.6511623,38.860343
Saudi Arabia,Q851,http://www.wikidata.org/entity/Q105045675,Riyadh Power Plant 12,Gas-fired power station,24.7833059,45.6054926
Saudi Arabia,Q851,http://www.wikidata.org/entity/Q105031315,Riyadh Power Plant 10,Gas-fired power station,24.4161489,47.019527
Saudi Arabia,Q851,http://www.wikidata.org/entity/Q105034357,Marafiq IWPP,Gas-fired power station,27.0699313,49.6068013
Saudi Arabia,Q851,http://www.wikidata.org/entity/Q105045632,Qurayyah II Combined Cycle Power Plant,Gas-fired power station,25.8266346,50.1339031
Taiwan,Q865,http://www.wikidata.org/entity/Q12002660,Hsingyuan Power Plant,Gas-fired power station,24.0797,120.412
Taiwan,Q865,http://www.wikidata.org/entity/Q6691590,Tunghsiao Power Plant,Gas-fired power station,24.4899,120.671
Taiwan,Q865,http://www.wikidata.org/entity/Q10909141,Nanpu Power Plant,Gas-fired power station,22.60083333,120.30055556
Taiwan,Q865,http://www.wikidata.org/entity/Q6832032,Tatan Power Plant,Gas-fired power station,25.0261,121.047
Taiwan,Q865,http://www.wikidata.org/entity/Q7212656,Hsinta Power Plant,Gas-fired power station,22.85638889,120.19694444
Taiwan,Q865,http://www.wikidata.org/entity/Q28415560,Q28415560,Gas-fired power station,,
Taiwan,Q865,http://www.wikidata.org/entity/Q15209599,Chiahui Power Plant,Gas-fired power station,23.53388889,120.47527778
Taiwan,Q865,http://www.wikidata.org/entity/Q10935779,Talin Power Plant,Gas-fired power station,22.5361,120.336
Taiwan,Q865,http://www.wikidata.org/entity/Q11975963,Hsintao Power Plant,Gas-fired power station,24.8142141,121.1978459
Taiwan,Q865,http://www.wikidata.org/entity/Q11963417,Chang Bin Power Plant,Gas-fired power station,24.12722222,120.43361111
Taiwan,Q865,http://www.wikidata.org/entity/Q15240808,Kuokuang Power Plant,Gas-fired power station,25.0425,121.34194444
Taiwan,Q865,http://www.wikidata.org/entity/Q5638914,Hai-Fu Power Station,Gas-fired power station,25.116863,121.256915
Taiwan,Q865,http://www.wikidata.org/entity/Q12003949,Sun Ba Power Plant,Gas-fired power station,23.0822,120.357
Taiwan,Q865,http://www.wikidata.org/entity/Q117771871,Chung Chia Power Plant,Gas-fired power station,,
Hungary,Q28,http://www.wikidata.org/entity/Q168477,Mátra Power Plant,Gas-fired power station,47.79027778,20.0625
Hungary,Q28,http://www.wikidata.org/entity/Q20440045,Kelenföld power station,Gas-fired power station,47.463177777,19.055561111
Hungary,Q28,http://www.wikidata.org/entity/Q1111392,Kispesti Erőmű,Gas-fired power station,47.456667,19.165
Hungary,Q28,http://www.wikidata.org/entity/Q911400,Dunamenti Erőmű Power Plant,Gas-fired power station,47.32802,18.91732
Hungary,Q28,http://www.wikidata.org/entity/Q106413862,Sajószöged Gas Turbine Power Plant,Gas-fired power station,47.9394231,20.9698966
Hungary,Q28,http://www.wikidata.org/entity/Q11964226,Csepel II power plant,Gas-fired power station,47.428,19.0525
Hungary,Q28,http://www.wikidata.org/entity/Q106413860,Litér Gas Turbine Power Plant,Gas-fired power station,47.1076159,18.0142776
Hungary,Q28,http://www.wikidata.org/entity/Q30973081,Gönyű power plant,Gas-fired power station,47.738389,17.803306
Hungary,Q28,http://www.wikidata.org/entity/Q18107922,Újpest Gas Turbine Plant,Gas-fired power station,47.553889,19.101944
Singapore,Q334,http://www.wikidata.org/entity/Q116734820,Jurong Power Station,Gas-fired power station,1.3113141,103.7107497
Singapore,Q334,http://www.wikidata.org/entity/Q116740906,Tuaspring Power Plant,Gas-fired power station,1.3023793,103.6223763
Singapore,Q334,http://www.wikidata.org/entity/Q11996467,Sembcorp Cogen Sakra Power Station,Gas-fired power station,1.254326,103.7027246
Singapore,Q334,http://www.wikidata.org/entity/Q11996469,Pulau Seraya Power Station,Gas-fired power station,1.28,103.727
Singapore,Q334,http://www.wikidata.org/entity/Q116734933,Sembcorp Cogen Banyan Power Station,Gas-fired power station,1.2592387,103.6697549
Singapore,Q334,http://www.wikidata.org/entity/Q116740818,Keppel Merlimau Cogen Plant,Gas-fired power station,1.2821169,103.6747537
Singapore,Q334,http://www.wikidata.org/entity/Q18022429,Tuas Power Plant,Gas-fired power station,1.28876,103.6414
Singapore,Q334,http://www.wikidata.org/entity/Q28401590,PacificLight,Gas-fired power station,1.283543295,103.722626795
Argentina,Q414,http://www.wikidata.org/entity/Q11991030,Necochea Power Plant,Gas-fired power station,-38.5786397,-58.7103339
Argentina,Q414,http://www.wikidata.org/entity/Q11988077,Q11988077,Gas-fired power station,-34.1852873,-59.0073001
Argentina,Q414,http://www.wikidata.org/entity/Q11971775,Genelba Thermal Power Plant,Gas-fired power station,-34.9026126,-58.7343649
Argentina,Q414,http://www.wikidata.org/entity/Q4736821,Alto Valle thermal power plant,Gas-fired power station,,
Argentina,Q414,http://www.wikidata.org/entity/Q19387549,Tucumán Power Plant,Gas-fired power station,-26.9963257,-65.1689527
Argentina,Q414,http://www.wikidata.org/entity/Q11965826,Dock Sud Power Plant,Gas-fired power station,-34.6530909,-58.3417726
Argentina,Q414,http://www.wikidata.org/entity/Q11957055,Agual del Cajon CCGT Power Plant,Gas-fired power station,-38.9365838,-68.3567512
Argentina,Q414,http://www.wikidata.org/entity/Q12005582,TermoAndes Power Plant,Gas-fired power station,-24.7441109,-65.0515945
Belgium,Q31,http://www.wikidata.org/entity/Q2944469,Drogenbos power plant,Gas-fired power station,50.802222222,4.299444444
Belgium,Q31,http://www.wikidata.org/entity/Q11989793,Q11989793,Gas-fired power station,51.223788888,5.111230555
Belgium,Q31,http://www.wikidata.org/entity/Q19397749,Q19397749,Gas-fired power station,,
Belgium,Q31,http://www.wikidata.org/entity/Q106164522,Marcinelle Energie,Gas-fired power station,50.4138,4.4067
Belgium,Q31,http://www.wikidata.org/entity/Q11957696,Q11957696,Gas-fired power station,50.430886111,4.395263888
Belgium,Q31,http://www.wikidata.org/entity/Q12000008,Q12000008,Gas-fired power station,50.603252777,5.491202777
Belgium,Q31,http://www.wikidata.org/entity/Q1786053,BASF Antwerp power station,Gas-fired power station,51.36994444,4.26602778
Belgium,Q31,http://www.wikidata.org/entity/Q17750993,Herdersbrug Power Plant,Gas-fired power station,51.262944,3.211194
Belgium,Q31,http://www.wikidata.org/entity/Q19398143,Vilvoorde Power Plant,Gas-fired power station,50.9415731,4.424094
Belgium,Q31,http://www.wikidata.org/entity/Q19387375,Q19387375,Gas-fired power station,50.472325,3.824491666
Belgium,Q31,http://www.wikidata.org/entity/Q11979962,Q11979962,Gas-fired power station,51.257869444,4.294216666
Belgium,Q31,http://www.wikidata.org/entity/Q46994770,Knippegroen power plant,Gas-fired power station,51.1585,3.807556
Belgium,Q31,http://www.wikidata.org/entity/Q11997921,Gand Ringvaart power plant,Gas-fired power station,51.103778,3.726472
South Africa,Q258,http://www.wikidata.org/entity/Q4766031,Ankerlig Power Station,Gas-fired power station,-33.59222222,18.46027778
South Africa,Q258,http://www.wikidata.org/entity/Q111946009,Bio2Watt Malmesbury Thermal Power Station,Gas-fired power station,-33.750833333,18.604166666
South Africa,Q258,http://www.wikidata.org/entity/Q56374120,Dedisa Peaking Power Plant,Gas-fired power station,-33.743805555,25.672861111
South Africa,Q258,http://www.wikidata.org/entity/Q73041825,Newcastle Cogeneration Plant,Gas-fired power station,-27.844207,29.984635
South Africa,Q258,http://www.wikidata.org/entity/Q56374119,Avon Peaking Power Plant,Gas-fired power station,-29.417916666,31.158833333
South Africa,Q258,http://www.wikidata.org/entity/Q21037265,Acacia Power Station,Gas-fired power station,-33.88328,18.53546
South Africa,Q258,http://www.wikidata.org/entity/Q21037298,Port Rex Power Station,Gas-fired power station,-33.0286,27.88106
South Africa,Q258,http://www.wikidata.org/entity/Q125535155,John Ware Gas Turbine Power Station,Gas-fired power station,-26.20711,28.02688
South Africa,Q258,http://www.wikidata.org/entity/Q11972408,Gourikwa Power Station,Gas-fired power station,-34.1666,21.9606
Greece,Q41,http://www.wikidata.org/entity/Q5072189,Chania Power Station,Gas-fired power station,35.48841667,24.03872222
Greece,Q41,http://www.wikidata.org/entity/Q19379098,Q19379098,Gas-fired power station,,
Greece,Q41,http://www.wikidata.org/entity/Q19379096,Q19379096,Gas-fired power station,,
Greece,Q41,http://www.wikidata.org/entity/Q19392366,Thessaloniki Power Plant,Gas-fired power station,40.687194444,22.885
Greece,Q41,http://www.wikidata.org/entity/Q30973232,Thisvi thermoelectric station,Gas-fired power station,38.236888888,22.949
Greece,Q41,http://www.wikidata.org/entity/Q30973314,Korinthos Power Station,Gas-fired power station,37.9236451,23.0682527
Greece,Q41,http://www.wikidata.org/entity/Q11981556,Komotini thermal power station,Gas-fired power station,41.0645,25.4895
Greece,Q41,http://www.wikidata.org/entity/Q30973255,Aliveri Power Plant,Gas-fired power station,38.389944444,24.053388888
Greece,Q41,http://www.wikidata.org/entity/Q30973294,Heron thermal power station,Gas-fired power station,38.279194444,23.329888888
Greece,Q41,http://www.wikidata.org/entity/Q17748280,Agios Georgios power station,Gas-fired power station,37.9546235,23.6102311
Greece,Q41,http://www.wikidata.org/entity/Q17766633,Agios Nikolaos power station,Gas-fired power station,38.3585,22.689388888
Greece,Q41,http://www.wikidata.org/entity/Q3443962,Megalopoli Power Plant,Gas-fired power station,37.4177,22.1075
Greece,Q41,http://www.wikidata.org/entity/Q30973210,Lávrio power station,Gas-fired power station,37.746555555,24.066916666
Tunisia,Q948,http://www.wikidata.org/entity/Q12002134,Sousse Power plant,Gas-fired power station,35.784805555,10.679111111
Tunisia,Q948,http://www.wikidata.org/entity/Q11996807,Radès Power Plant,Gas-fired power station,36.796403,10.282723
Tunisia,Q948,http://www.wikidata.org/entity/Q56371854,Ghannouch power plant,Gas-fired power station,33.926305555,10.093194444
Tunisia,Q948,http://www.wikidata.org/entity/Q56371831,Thyna power plant,Gas-fired power station,34.686777777,10.642361111
Tunisia,Q948,http://www.wikidata.org/entity/Q56371829,Radès II Power Plant,Gas-fired power station,36.799,10.2865
Tunisia,Q948,http://www.wikidata.org/entity/Q56371843,Bir Mcherga power plant,Gas-fired power station,36.462972222,10.055305555
Tunisia,Q948,http://www.wikidata.org/entity/Q56371828,Bouchemma Power Plant,Gas-fired power station,33.920027777,10.038888888
Tunisia,Q948,http://www.wikidata.org/entity/Q11982878,Power plant of La Goulette,Gas-fired power station,36.814777777,10.289694444
Tunisia,Q948,http://www.wikidata.org/entity/Q56371833,Fériana power plant,Gas-fired power station,34.904972222,8.539722222
New Zealand,Q664,http://www.wikidata.org/entity/Q7108372,Otahuhu Power Station,Gas-fired power station,-36.9512,174.865
New Zealand,Q664,http://www.wikidata.org/entity/Q5945709,Huntly Power Station,Gas-fired power station,-37.54388889,175.15277778
New Zealand,Q664,http://www.wikidata.org/entity/Q5568199,Glenbrook Power Station,Gas-fired power station,-37.207636,174.728143
New Zealand,Q664,http://www.wikidata.org/entity/Q7690951,Te Rapa cogeneration,Gas-fired power station,-37.7164,175.217
New Zealand,Q664,http://www.wikidata.org/entity/Q7621980,Stratford Power Station,Gas-fired power station,-39.3322,174.319
New Zealand,Q664,http://www.wikidata.org/entity/Q7357038,Rodney Power Station,Gas-fired power station,-36.64333333,174.485
New Zealand,Q664,http://www.wikidata.org/entity/Q12002141,Southdown Power Station,Gas-fired power station,-36.9276,174.827
New Zealand,Q664,http://www.wikidata.org/entity/Q6801737,McKee power station,Gas-fired power station,-39.0977,174.336
Netherlands,Q55,http://www.wikidata.org/entity/Q11967257,Elsta Cogeneration Power plant,Gas-fired power station,51.333166666,3.778388888
Netherlands,Q55,http://www.wikidata.org/entity/Q2496891,"IJsselcentrale, Zwolle",Gas-fired power station,52.46806,6.10806
Netherlands,Q55,http://www.wikidata.org/entity/Q17765192,Q17765192,Gas-fired power station,53.319288888,6.944227777
Netherlands,Q55,http://www.wikidata.org/entity/Q2692360,Moerdijk power station,Gas-fired power station,51.685,4.58028
Netherlands,Q55,http://www.wikidata.org/entity/Q12009249,Q12009249,Gas-fired power station,52.472366666,4.633116666
Netherlands,Q55,http://www.wikidata.org/entity/Q2061195,MaasStroom Energie,Gas-fired power station,51.890055555,4.352055555
Netherlands,Q55,http://www.wikidata.org/entity/Q2656343,Claus power station,Gas-fired power station,51.154194444,5.907
Netherlands,Q55,http://www.wikidata.org/entity/Q2133125,Q2133125,Gas-fired power station,51.890056,4.354556
Netherlands,Q55,http://www.wikidata.org/entity/Q2702611,Centrale Lage Weide,Gas-fired power station,52.10194,5.07139
Netherlands,Q55,http://www.wikidata.org/entity/Q1942326,Willem-Alexander Centrale,Gas-fired power station,51.22389,5.97111
Netherlands,Q55,http://www.wikidata.org/entity/Q1295360,Eemscentrale,Gas-fired power station,53.435,6.878333
Netherlands,Q55,http://www.wikidata.org/entity/Q2131713,Hemwegcentrale,Gas-fired power station,52.40516,4.84513
Norway,Q20,http://www.wikidata.org/entity/Q11998788,Q11998788,Gas-fired power station,,
Norway,Q20,http://www.wikidata.org/entity/Q19377645,Q19377645,Gas-fired power station,,
Norway,Q20,http://www.wikidata.org/entity/Q6453647,Kårstø Power Station,Gas-fired power station,59.27555556,5.51111111
Norway,Q20,http://www.wikidata.org/entity/Q6899813,Mongstad Power Station,Gas-fired power station,60.80888889,5.03694444
Norway,Q20,http://www.wikidata.org/entity/Q106465475,Q106465475,Gas-fired power station,,
Norway,Q20,http://www.wikidata.org/entity/Q7810606,Tjeldbergodden Reserve Power Station,Gas-fired power station,63.4097,8.6578
Nigeria,Q1033,http://www.wikidata.org/entity/Q11965055,Q11965055,Gas-fired power station,,
Nigeria,Q1033,http://www.wikidata.org/entity/Q17748240,Q17748240,Gas-fired power station,,
Nigeria,Q1033,http://www.wikidata.org/entity/Q19377650,Q19377650,Gas-fired power station,,
Nigeria,Q1033,http://www.wikidata.org/entity/Q11993280,Okpai Power Plant,Gas-fired power station,5.709111111,6.575388888
Nigeria,Q1033,http://www.wikidata.org/entity/Q25047484,Ughelli Power Plant,Gas-fired power station,5.539888888,5.915111111
Nigeria,Q1033,http://www.wikidata.org/entity/Q16890934,Egbin Thermal Power Station,Gas-fired power station,6.563194444,3.615194444
Nigeria,Q1033,http://www.wikidata.org/entity/Q25230511,Azura-Edo IPP,Gas-fired power station,6.405027777,5.679555555
Qatar,Q846,http://www.wikidata.org/entity/Q104896345,Umm Al Houl power and desalination plant,Gas-fired power station,25.1148504,51.6132311
Qatar,Q846,http://www.wikidata.org/entity/Q17561167,Ras Laffan B power and desalination plant,Gas-fired power station,25.9251405,51.5471489
Qatar,Q846,http://www.wikidata.org/entity/Q19386236,Ras Abu Fontas Power and Desalination Plant,Gas-fired power station,25.1988254,51.6164303
Qatar,Q846,http://www.wikidata.org/entity/Q104896165,Mesaieed Power Plant,Gas-fired power station,24.9748874,51.5781344
Qatar,Q846,http://www.wikidata.org/entity/Q104895760,Ras Laffan A power and desalination plant,Gas-fired power station,25.9230652,51.5452099
Qatar,Q846,http://www.wikidata.org/entity/Q21036854,Qatalum Power Plant,Gas-fired power station,24.97130013,51.58110046
Qatar,Q846,http://www.wikidata.org/entity/Q7294671,Ras Girtas Power Plant,Gas-fired power station,25.93694444,51.52222222
Denmark,Q35,http://www.wikidata.org/entity/Q11997920,Q11997920,Gas-fired power station,,
Denmark,Q35,http://www.wikidata.org/entity/Q19374485,Q19374485,Gas-fired power station,,
Denmark,Q35,http://www.wikidata.org/entity/Q12001324,Skærbæk Power Station,Gas-fired power station,55.5117,9.6148
Denmark,Q35,http://www.wikidata.org/entity/Q3432599,Svanemølle Power Station,Gas-fired power station,55.7133,12.5881
Denmark,Q35,http://www.wikidata.org/entity/Q3432898,H. C. Ørsted Power Station,Gas-fired power station,55.65685278,12.55696389
Denmark,Q35,http://www.wikidata.org/entity/Q106094691,Silkeborg power station,Gas-fired power station,56.2006744,9.5587362
Denmark,Q35,http://www.wikidata.org/entity/Q7924621,Viborg Power Station,Gas-fired power station,56.4738,9.4148
Denmark,Q35,http://www.wikidata.org/entity/Q3432240,Avedøre Power Station,Gas-fired power station,55.602761,12.47925
Denmark,Q35,http://www.wikidata.org/entity/Q11982744,Kyndby power station,Gas-fired power station,55.8123,11.88
Denmark,Q35,http://www.wikidata.org/entity/Q11975375,Q11975375,Gas-fired power station,55.9075,12.3112
Finland,Q33,http://www.wikidata.org/entity/Q11991638,Q11991638,Gas-fired power station,,
Finland,Q33,http://www.wikidata.org/entity/Q11991954,Q11991954,Gas-fired power station,,
Finland,Q33,http://www.wikidata.org/entity/Q11895176,Suomenoja power plant,Gas-fired power station,60.149878,24.7181129
Finland,Q33,http://www.wikidata.org/entity/Q18660558,Lielahti power plant,Gas-fired power station,61.5104,23.6752
Finland,Q33,http://www.wikidata.org/entity/Q69564063,Naistenlahti power plant,Gas-fired power station,61.509444444,23.777222222
Peru,Q419,http://www.wikidata.org/entity/Q12005595,Aguaytía Thermal Power Station,Gas-fired power station,-9.0287806,-75.4927629
Peru,Q419,http://www.wikidata.org/entity/Q124425922,Santa Rosa thermal power station,Gas-fired power station,-12.0398452,-77.0112044
Peru,Q419,http://www.wikidata.org/entity/Q11963543,Chilca Thermal Power Station,Gas-fired power station,-12.5029849,-76.7287409
Peru,Q419,http://www.wikidata.org/entity/Q12009289,Ventanilla Thermal Power Station,Gas-fired power station,-11.9360616,-77.11819
Peru,Q419,http://www.wikidata.org/entity/Q124425916,Puerto Bravo thermal power station,Gas-fired power station,-17.0392298,-71.9771165
Jordan,Q810,http://www.wikidata.org/entity/Q19387520,Samra Power Plant,Gas-fired power station,32.1424241,36.143024
Jordan,Q810,http://www.wikidata.org/entity/Q11997414,Rehab Power Station,Gas-fired power station,32.3297857,36.0508132
Jordan,Q810,http://www.wikidata.org/entity/Q4704648,Al Qatrana Power Plant,Gas-fired power station,31.22222222,36.01861111
Jordan,Q810,http://www.wikidata.org/entity/Q4747132,Amman East Power Plant,Gas-fired power station,31.89905556,36.07977778
Jordan,Q810,http://www.wikidata.org/entity/Q105083372,Risha Gas Power Station,Gas-fired power station,32.5724377,39.0112683
Mozambique,Q1029,http://www.wikidata.org/entity/Q116228830,Kuvaninga Thermal Power Station,Gas-fired power station,-24.4363139,32.808039
Mozambique,Q1029,http://www.wikidata.org/entity/Q56364347,Gigawatt Power Plant,Gas-fired power station,-25.461972222,32.00525
Mozambique,Q1029,http://www.wikidata.org/entity/Q56364338,Maputo Power Station,Gas-fired power station,-25.94,32.529861111
Mozambique,Q1029,http://www.wikidata.org/entity/Q106103796,Temane Thermal Power Station,Gas-fired power station,-21.751944444,35.063888888
Mozambique,Q1029,http://www.wikidata.org/entity/Q56364339,Ressano Garcia Power Station,Gas-fired power station,-25.466972222,32.006055555
Jamaica,Q766,http://www.wikidata.org/entity/Q117269817,South Jamaica Power Station,Gas-fired power station,17.9000507,-77.1083164
Jamaica,Q766,http://www.wikidata.org/entity/Q117247104,Jamalco Co-Generation Power Plant,Gas-fired power station,17.8975,-77.241
Jamaica,Q766,http://www.wikidata.org/entity/Q117247108,Old Harbour Power Station,Gas-fired power station,17.8997597,-77.1063852
Jamaica,Q766,http://www.wikidata.org/entity/Q11961772,Bogue Power Station,Gas-fired power station,18.451517,-77.9185957
Jamaica,Q766,http://www.wikidata.org/entity/Q117270719,The Nest Power Station,Gas-fired power station,17.967439,-76.9671303
Israel,Q801,http://www.wikidata.org/entity/Q5297464,Dorad power station,Gas-fired power station,31.635,34.53
Israel,Q801,http://www.wikidata.org/entity/Q61127044,Alon Tavor power plant,Gas-fired power station,32.633511261,35.367543686
Israel,Q801,http://www.wikidata.org/entity/Q51765875,David Levi Power Plant,Gas-fired power station,32.617338888,35.040419444
Israel,Q801,http://www.wikidata.org/entity/Q11971930,Gezer Power Station,Gas-fired power station,31.914167,34.915833
Israel,Q801,http://www.wikidata.org/entity/Q19386164,Ramat Hohav Power Plant,Gas-fired power station,31.154397222,34.814188888
Israel,Q801,http://www.wikidata.org/entity/Q16131092,Haifa Power Plant,Gas-fired power station,32.81175,35.021777777
Israel,Q801,http://www.wikidata.org/entity/Q2904388,Reading Power Station,Gas-fired power station,32.10277778,34.77888889
Bahrain,Q398,http://www.wikidata.org/entity/Q11957204,Alba power plant,Gas-fired power station,26.093788,50.600914
Bahrain,Q398,http://www.wikidata.org/entity/Q104937568,Sitra power and water station,Gas-fired power station,26.1832971,50.6236058
Bahrain,Q398,http://www.wikidata.org/entity/Q104937317,Riffa Power Station,Gas-fired power station,26.1202198,50.5893293
Bahrain,Q398,http://www.wikidata.org/entity/Q11957205,Al Hidd power and water station,Gas-fired power station,26.222587,50.6620789
Bahrain,Q398,http://www.wikidata.org/entity/Q11957206,Al Ezzel power station,Gas-fired power station,26.2175412,50.6596434
Bahrain,Q398,http://www.wikidata.org/entity/Q97202829,Al Dur Power and Water Station,Gas-fired power station,25.971199,50.608267
Romania,Q218,http://www.wikidata.org/entity/Q6699066,Q6699066,Gas-fired power station,,
Romania,Q218,http://www.wikidata.org/entity/Q15266078,Petrom Brazi Power Station,Gas-fired power station,44.880334,25.99896
Romania,Q218,http://www.wikidata.org/entity/Q5511443,Fântânele Power Station,Gas-fired power station,,
Romania,Q218,http://www.wikidata.org/entity/Q11995771,Q11995771,Gas-fired power station,44.85833333,24.86666667
Romania,Q218,http://www.wikidata.org/entity/Q5611794,Grozăvești Power Station,Gas-fired power station,44.44027778,26.06277778
Portugal,Q45,http://www.wikidata.org/entity/Q11983224,Q11983224,Gas-fired power station,,
Portugal,Q45,http://www.wikidata.org/entity/Q11997744,Q11997744,Gas-fired power station,,
Portugal,Q45,http://www.wikidata.org/entity/Q17761900,Q17761900,Gas-fired power station,,
Portugal,Q45,http://www.wikidata.org/entity/Q19391970,Tapada do Outeiro,Gas-fired power station,41.067704,-8.460406
Austria,Q40,http://www.wikidata.org/entity/Q1266917,Q1266917,Gas-fired power station,48.2997,14.3233
Austria,Q40,http://www.wikidata.org/entity/Q19392536,Q19392536,Gas-fired power station,48.013102003,13.589164674
Austria,Q40,http://www.wikidata.org/entity/Q1495004,Leopoldau power station,Gas-fired power station,48.2767,16.4339
Austria,Q40,http://www.wikidata.org/entity/Q1495007,Mellach CC power plant,Gas-fired power station,46.9086,15.4921
Austria,Q40,http://www.wikidata.org/entity/Q1158820,Donaustadt power station,Gas-fired power station,48.1992,16.4633
Ireland,Q27,http://www.wikidata.org/entity/Q123584617,North Wall power station,Gas-fired power station,53.350277777,-6.211111111
Ireland,Q27,http://www.wikidata.org/entity/Q19393617,Q19393617,Gas-fired power station,,
Ireland,Q27,http://www.wikidata.org/entity/Q110722824,Whitegate power station,Gas-fired power station,51.818611111,-8.254722222
Ireland,Q27,http://www.wikidata.org/entity/Q11957021,Aghada Power Station,Gas-fired power station,51.834686,-8.236192
Ireland,Q27,http://www.wikidata.org/entity/Q116013425,Great Island Power Station,Gas-fired power station,52.279,-6.992
Ireland,Q27,http://www.wikidata.org/entity/Q7228597,Poolbeg Generating Station,Gas-fired power station,53.339754,-6.189457
Ireland,Q27,http://www.wikidata.org/entity/Q11966165,Dublin Bay Power Station,Gas-fired power station,53.34,-6.2049
Ireland,Q27,http://www.wikidata.org/entity/Q19374953,Huntstown Power Station,Gas-fired power station,53.4119,-6.3261
Venezuela,Q717,http://www.wikidata.org/entity/Q11963105,Q11963105,Gas-fired power station,,
Venezuela,Q717,http://www.wikidata.org/entity/Q11963269,Q11963269,Gas-fired power station,,
Venezuela,Q717,http://www.wikidata.org/entity/Q11995800,Q11995800,Gas-fired power station,,
Venezuela,Q717,http://www.wikidata.org/entity/Q11997754,Q11997754,Gas-fired power station,,
Venezuela,Q717,http://www.wikidata.org/entity/Q12005585,Q12005585,Gas-fired power station,,
Azerbaijan,Q227,http://www.wikidata.org/entity/Q25536577,Sangachal Power Plant,Gas-fired power station,40.17938,49.46999
Azerbaijan,Q227,http://www.wikidata.org/entity/Q18762447,Shimal Thermal Power Plant,Gas-fired power station,40.498888888,50.208888888
Azerbaijan,Q227,http://www.wikidata.org/entity/Q18791666,Sumgayit Thermal Power Plant,Gas-fired power station,40.603,49.6333
Azerbaijan,Q227,http://www.wikidata.org/entity/Q113463676,Cənub Power Plant,Gas-fired power station,39.8939747,48.9182889
Turkmenistan,Q874,http://www.wikidata.org/entity/Q110259604,Q110259604,Gas-fired power station,39.51055556,54.32694444
Turkmenistan,Q874,http://www.wikidata.org/entity/Q110259603,Ashgabat Power Plant,Gas-fired power station,37.8285,58.384111111
Turkmenistan,Q874,http://www.wikidata.org/entity/Q110259602,Q110259602,Gas-fired power station,38.05888889,58.16666667
Turkmenistan,Q874,http://www.wikidata.org/entity/Q124077554,Avaza Power Plant,Gas-fired power station,40.011444444,52.846083333
Turkmenistan,Q874,http://www.wikidata.org/entity/Q110259599,Q110259599,Gas-fired power station,37.5,61.84361111
Tanzania,Q924,http://www.wikidata.org/entity/Q55394399,Kinyerezi I Thermal Power Station,Gas-fired power station,-6.85833333,39.155
Tanzania,Q924,http://www.wikidata.org/entity/Q28403531,Somanga Thermal Power Station,Gas-fired power station,-8.41666667,39.28333333
Tanzania,Q924,http://www.wikidata.org/entity/Q25247678,Mtwara Thermal Power Station,Gas-fired power station,-10.25972222,40.03861111
Tanzania,Q924,http://www.wikidata.org/entity/Q55074861,Kinyerezi II Thermal Power Station,Gas-fired power station,-6.85888889,39.15083333
Tanzania,Q924,http://www.wikidata.org/entity/Q25247677,Tegeta Thermal Power Station,Gas-fired power station,-6.67416667,39.18419444
Tanzania,Q924,http://www.wikidata.org/entity/Q20746331,Ubungo II Thermal Power Station,Gas-fired power station,-6.79444444,39.20847222
Ivory Coast,Q1008,http://www.wikidata.org/entity/Q56373411,Q56373411,Gas-fired power station,5.261444444,-4.009555555
Ivory Coast,Q1008,http://www.wikidata.org/entity/Q18642451,Q18642451,Gas-fired power station,5.301111111,-4.076111111
Ivory Coast,Q1008,http://www.wikidata.org/entity/Q19406854,Q19406854,Gas-fired power station,5.257972222,-4.007972222
Ivory Coast,Q1008,http://www.wikidata.org/entity/Q106936014,Atinkou Thermal Power Station,Gas-fired power station,5.255833333,-4.328888888
Vietnam,Q881,http://www.wikidata.org/entity/Q11962958,Q11962958,Gas-fired power station,9.2418219,105.0607431
Vietnam,Q881,http://www.wikidata.org/entity/Q7189879,Phú Mỹ Power Plants,Gas-fired power station,10.604,107.037
Vietnam,Q881,http://www.wikidata.org/entity/Q11991295,Q11991295,Gas-fired power station,10.643192,106.8394124
Vietnam,Q881,http://www.wikidata.org/entity/Q5015167,Ca Mau Gas-Power-Fertilizer Complex,Gas-fired power station,9.236,105.063
Lithuania,Q37,http://www.wikidata.org/entity/Q2632924,Elektrėnai Power Plant,Gas-fired power station,54.77083333,24.64277778
Lithuania,Q37,http://www.wikidata.org/entity/Q15630955,Panevėžys Combined Heat and Power Plant,Gas-fired power station,55.74722222,24.38638889
Lithuania,Q37,http://www.wikidata.org/entity/Q15889898,Achema Power Plant,Gas-fired power station,55.08083333,24.33583333
Lithuania,Q37,http://www.wikidata.org/entity/Q14437362,Mažeikiai Power Plant,Gas-fired power station,56.3842,22.1842
Lithuania,Q37,http://www.wikidata.org/entity/Q15630628,Kaunas Combined Heat and Power Plant,Gas-fired power station,54.9206,24.0169
Iraq,Q796,http://www.wikidata.org/entity/Q11990174,Q11990174,Gas-fired power station,,
Iraq,Q796,http://www.wikidata.org/entity/Q12011121,Q12011121,Gas-fired power station,,
Iraq,Q796,http://www.wikidata.org/entity/Q17749787,Q17749787,Gas-fired power station,,
Czech Republic,Q213,http://www.wikidata.org/entity/Q19398385,Q19398385,Gas-fired power station,,
Czech Republic,Q213,http://www.wikidata.org/entity/Q12007471,Trmice Power Plant,Gas-fired power station,50.645,13.986666666
Czech Republic,Q213,http://www.wikidata.org/entity/Q104535226,Kolín Power Plant,Gas-fired power station,50.029991666,15.2093
Sri Lanka,Q854,http://www.wikidata.org/entity/Q131481477,Sobadhanavi Power Station,Gas-fired power station,7.012777777,79.876388888
Sri Lanka,Q854,http://www.wikidata.org/entity/Q15235354,Kelanitissa Power Station,Gas-fired power station,6.95222222,79.87888889
Sri Lanka,Q854,http://www.wikidata.org/entity/Q16060180,Yugadanavi Power Station,Gas-fired power station,7.01111,79.875
Ecuador,Q736,http://www.wikidata.org/entity/Q19380795,Q19380795,Gas-fired power station,,
Ecuador,Q736,http://www.wikidata.org/entity/Q11967597,Enrique García Power Plant,Gas-fired power station,,
Ecuador,Q736,http://www.wikidata.org/entity/Q12007454,Trinitaria Power Plant,Gas-fired power station,,
Trinidad and Tobago,Q754,http://www.wikidata.org/entity/Q19375657,Q19375657,Gas-fired power station,,
Trinidad and Tobago,Q754,http://www.wikidata.org/entity/Q19385446,Q19385446,Gas-fired power station,,
Trinidad and Tobago,Q754,http://www.wikidata.org/entity/Q11996068,Port of Spain Power Plant,Gas-fired power station,,
Syria,Q858,http://www.wikidata.org/entity/Q11957210,Q11957210,Gas-fired power station,34.9575,36.663056
Syria,Q858,http://www.wikidata.org/entity/Q19398921,Q19398921,Gas-fired power station,35.7375,36.361389
Syria,Q858,http://www.wikidata.org/entity/Q11960139,Q11960139,Gas-fired power station,35.171667,35.927778
Croatia,Q224,http://www.wikidata.org/entity/Q12011138,Q12011138,Gas-fired power station,,
Croatia,Q224,http://www.wikidata.org/entity/Q19388555,Q19388555,Gas-fired power station,,
Slovakia,Q214,http://www.wikidata.org/entity/Q173970,Malženice power plant,Gas-fired power station,48.45833333,17.68972222
Slovakia,Q214,http://www.wikidata.org/entity/Q11962117,PPC Bratislava power plant,Gas-fired power station,48.1770363,17.1543145
Libya,Q1016,http://www.wikidata.org/entity/Q12011162,Zawiya combined cycle power plant,Gas-fired power station,32.788305555,12.6735
Libya,Q1016,http://www.wikidata.org/entity/Q56373387,Misrata Power Plant,Gas-fired power station,32.332416666,15.244055555
Libya,Q1016,http://www.wikidata.org/entity/Q11960548,Benghazi North Power Plant,Gas-fired power station,32.201972222,20.131916666
Kazakhstan,Q232,http://www.wikidata.org/entity/Q19380573,Q19380573,Gas-fired power station,,
Kazakhstan,Q232,http://www.wikidata.org/entity/Q25386935,Q25386935,Gas-fired power station,46.42556,65.69972
Kazakhstan,Q232,http://www.wikidata.org/entity/Q25390300,Q25390300,Gas-fired power station,47.081861,51.94222
Uzbekistan,Q265,http://www.wikidata.org/entity/Q12005260,Q12005260,Gas-fired power station,,
Uzbekistan,Q265,http://www.wikidata.org/entity/Q25512480,Q25512480,Gas-fired power station,40.15806,65.31139
Kenya,Q114,http://www.wikidata.org/entity/Q19903437,Baringo Thermal Power Station,Gas-fired power station,0.511667,35.7539
Kenya,Q114,http://www.wikidata.org/entity/Q24236360,Dongo Kundu Thermal Power Station,Gas-fired power station,-4.06472222,39.60916667
Kenya,Q114,http://www.wikidata.org/entity/Q19903519,Biojoule Biogas Power Station,Gas-fired power station,-0.693611,36.4319
Kenya,Q114,http://www.wikidata.org/entity/Q56373797,Kipevu gas turbine power station,Gas-fired power station,-4.038055555,39.636972222
Slovenia,Q215,http://www.wikidata.org/entity/Q12804020,Trbovlje Power Station,Gas-fired power station,46.1258,15.0614
Slovenia,Q215,http://www.wikidata.org/entity/Q12804023,Brestanica Thermoelectric Power Plant,Gas-fired power station,45.997222222,15.479722222
Latvia,Q211,http://www.wikidata.org/entity/Q10963691,TEC-1,Gas-fired power station,56.99041389,24.18151667
Latvia,Q211,http://www.wikidata.org/entity/Q16353451,TEC-2,Gas-fired power station,56.91825,24.271694444
Uruguay,Q77,http://www.wikidata.org/entity/Q11982886,La Tablada Power Plant,Gas-fired power station,-34.826503,-56.236635
Uruguay,Q77,http://www.wikidata.org/entity/Q30973056,Punta del Tigre Power Plant,Gas-fired power station,-34.751167,-56.541722
Morocco,Q1028,http://www.wikidata.org/entity/Q8343554,Tahaddart Thermal Power Station,Gas-fired power station,35.589,-5.986805555
Morocco,Q1028,http://www.wikidata.org/entity/Q15178583,Ain Beni Mathar Integrated Thermo Solar Combined Cycle Power Plant,Gas-fired power station,34.06833333,-2.10472222
Bulgaria,Q219,http://www.wikidata.org/entity/Q3428971,Ruse Iztok Power Plant,Gas-fired power station,43.865,26.01111111
Bulgaria,Q219,http://www.wikidata.org/entity/Q3441524,Varna Power Plant,Gas-fired power station,43.1959784,27.764672
Chile,Q298,http://www.wikidata.org/entity/Q6987923,Nehuenco II Power Plant,Gas-fired power station,,
Chile,Q298,http://www.wikidata.org/entity/Q11959472,Q11959472,Gas-fired power station,-23.0914969,-70.4174273
North Macedonia,Q221,http://www.wikidata.org/entity/Q30973802,TE TO,Gas-fired power station,41.994194444,21.452861111
Republic of the Congo,Q971,http://www.wikidata.org/entity/Q99439481,Q99439481,Gas-fired power station,-4.8901778,11.9154561
Republic of the Congo,Q971,http://www.wikidata.org/entity/Q56371886,Q56371886,Gas-fired power station,-4.915388888,11.936194444
Philippines,Q928,http://www.wikidata.org/entity/Q11984065,Q11984065,Gas-fired power station,,
Philippines,Q928,http://www.wikidata.org/entity/Q20861495,Ilijan Combined-Cycle Power Plant,Gas-fired power station,13.6218802,121.0796118
Philippines,Q928,http://www.wikidata.org/entity/Q19387544,Q19387544,Gas-fired power station,13.77027778,121.03472222
Dominican Republic,Q786,http://www.wikidata.org/entity/Q11956638,Q11956638,Gas-fired power station,18.4073113,-69.6344483
Dominican Republic,Q786,http://www.wikidata.org/entity/Q11956641,Q11956641,Gas-fired power station,18.498962,-69.868471
Albania,Q222,http://www.wikidata.org/entity/Q30973779,Vlora Power Plant,Gas-fired power station,40.49025,19.435666666
Rwanda,Q1037,http://www.wikidata.org/entity/Q22079959,KivuWatt Power Station,Gas-fired power station,-2.068583333,29.320055555
Rwanda,Q1037,http://www.wikidata.org/entity/Q23058516,Kibuye Power Plant 1,Gas-fired power station,-2.05583333,29.33833333
Poland,Q36,http://www.wikidata.org/entity/Q11696552,Gorzów Heat and Power Plant,Gas-fired power station,52.7508,15.2684
Ghana,Q117,http://www.wikidata.org/entity/Q7105531,Osagyefo Barge,Gas-fired power station,5.0794053,-3.0382589
Ghana,Q117,http://www.wikidata.org/entity/Q25102069,Sonon Asogli Thermal Power Station,Gas-fired power station,5.680388888,0.047388888
Estonia,Q191,http://www.wikidata.org/entity/Q3440702,Iru Power Plant,Gas-fired power station,59.45168,24.92428
Sweden,Q34,http://www.wikidata.org/entity/Q10658170,Rya Kraftvärmeverk,Gas-fired power station,57.692618,11.890517
Angola,Q916,http://www.wikidata.org/entity/Q56373857,Soyo I Thermal Power Station,Gas-fired power station,-6.1822569,12.3245305
Belarus,Q184,http://www.wikidata.org/entity/Q11989589,Minsk 4 power station,Gas-fired power station,53.871944444,27.401388888
State of Palestine,Q219060,http://www.wikidata.org/entity/Q11992752,Q11992752,Gas-fired power station,,
Serbia,Q403,http://www.wikidata.org/entity/Q19384062,Novi Sad power plant,Gas-fired power station,45.2683025,19.8852217
Soviet Union,Q15180,http://www.wikidata.org/entity/Q3443758,Luhansk power station,Gas-fired power station,48.74781389,39.26238889
Iceland,Q189,http://www.wikidata.org/entity/Q693330,Nesjavellir Power Station,Gas-fired power station,64.108055555,-21.256388888
Kuwait,Q817,http://www.wikidata.org/entity/Q12239389,Shuwaikh Power Station and Water Distillation Plant,Gas-fired power station,29.3511294,47.9398974
Namibia,Q1030,http://www.wikidata.org/entity/Q6441779,Kudu Power Project,Gas-fired power station,-28.551,16.427
Luxembourg,Q32,http://www.wikidata.org/entity/Q17769787,Esch-sur-Alzette power plant,Gas-fired power station,49.511735,5.963153
Georgia,Q230,http://www.wikidata.org/entity/Q12864975,Tbilsresi,Gas-fired power station,41.4704591,45.0605214
Moldova,Q217,http://www.wikidata.org/entity/Q20430787,CET-Nord,Gas-fired power station,47.7490053,27.8936005
Switzerland,Q39,http://www.wikidata.org/entity/Q120790836,Neuchâtel gas turbine,Gas-fired power station,,
Lebanon,Q822,http://www.wikidata.org/entity/Q17765170,Deir Ammar Power Station,Gas-fired power station,34.465,35.894167
Papua New Guinea,Q691,http://www.wikidata.org/entity/Q106362947,Port Moresby Power Station,Gas-fired power station,-9.322472222,147.043527777
Togo,Q945,http://www.wikidata.org/entity/Q106880702,Kékéli Thermal Power Station,Gas-fired power station,6.149722222,1.288611111
Uganda,Q1036,http://www.wikidata.org/entity/Q7071349,Nzizi Power Station,Gas-fired power station,1.5,30.93
Armenia,Q399,http://www.wikidata.org/entity/Q21777838,Yerevan Thermal Power Plant,Gas-fired power station,40.11416667,44.49666667
Niger,Q1032,http://www.wikidata.org/entity/Q125813946,Soraz Thermal Power Station,Gas-fired power station,,
Cameroon,Q1009,http://www.wikidata.org/entity/Q6436963,Kribi Power Station,Gas-fired power station,3.025460557,9.97675001
